date,quality_return,market_return,weight_quality,weight_market,turnover,leverage,net_return
2013-07-19 13:30:00+00:00,-0.00777688043993241,0.0017761807212897107,0.49874617796729087,-0.503548074484437,1.0,1.0,-0.0052824829615634415
2013-07-22 13:30:00+00:00,0.0048235244096992425,0.0019510882665538798,0.5004426173899666,-0.5038164845173857,0.0,1.0,0.0014172952429446649
2013-07-23 13:30:00+00:00,-0.0016000925744850125,-0.0021237640985076744,0.4995103515562649,-0.5026141686632598,0.0,1.0,0.00026328046506046064
2013-07-24 13:30:00+00:00,-0.0014024515354043032,-0.003665715625112864,0.4982438328279032,-0.5002035222753133,0.0,1.0,0.001135949171029216
2013-07-25 13:30:00+00:00,0.005215973348658753,0.002433418053001235,0.5001546117408844,-0.5007318847792724,0.0,1.0,0.0013756698909319965
2013-07-26 13:30:00+00:00,-0.004790015532580849,0.0010647886676657947,0.49922402317562264,-0.5027405387408197,0.0,1.0,-0.0029348743763350648
2013-07-29 13:30:00+00:00,0.0036098948858593882,-0.003074509599178432,0.4993573797402972,-0.4995255065862638,0.0,1.0,0.0033418744794622346
2013-07-30 13:30:00+00:00,0.003995913662755202,0.0,0.500357339514617,-0.4985337053887483,0.0,1.0,0.0019894365953495104
2013-07-31 13:30:00+00:00,-0.0025871345658696754,0.0007118552740779105,0.4998903302051823,-0.4997157827618754,0.0,1.0,-0.0016553279967838192
2013-08-01 13:30:00+00:00,0.0,0.011558207107533747,0.5029094583916522,-0.5087221900680806,0.0003938870329422972,1.0,-0.005785252878235726
2013-08-02 13:30:00+00:00,0.011971183780254524,0.0016989023643476653,0.5063222193305205,-0.5069754345980513,0.0,1.0,0.0051501998387795695
2013-08-05 13:30:00+00:00,0.0001974103784538883,-0.0014619373686618475,0.505999578333934,-0.5058118308082724,0.0,1.0,0.0008351672128177415
2013-08-06 13:30:00+00:00,-0.005322591202910343,-0.005682302706492726,0.5032182889213199,-0.5028496588730832,0.0,1.0,0.00017499464990896582
2013-08-07 13:30:00+00:00,-0.004161510010975977,-0.0032405217122242203,0.5013600835817456,-0.5014561514530276,0.0,1.0,-0.0004706050904418868
2013-08-08 13:30:00+00:00,0.004776030169873602,0.003664398256430168,0.5034771667378934,-0.5030165126023137,0.0,1.0,0.0005510234571437302
2013-08-09 13:30:00+00:00,-0.0021788554372823565,-0.0028859639145248916,0.5022050282332774,-0.5013899747907445,0.0,1.0,0.00034873116053367725
2013-08-12 13:30:00+00:00,-0.00317540944231276,-0.0011813056332465877,0.5011156286885966,-0.501303176149158,0.0,1.0,-0.001008364167907605
2013-08-13 13:30:00+00:00,0.005973580191737771,0.002956588135998084,0.5033513605998957,-0.5020295904236228,0.0,1.0,0.0015053549892112812
2013-08-14 13:30:00+00:00,-0.006729874422653603,-0.005128934642965377,0.5003734582882408,-0.4998638854817422,0.0,1.0,-0.0008185668701440712
2013-08-15 13:30:00+00:00,-0.014348533869067648,-0.013986172490902504,0.49328972601364635,-0.4929685337579713,0.0,1.0,-0.00019439537006332909
2013-08-16 13:30:00+00:00,-0.0028305251103443174,-0.0033057698120599888,0.4917816164953218,-0.49122717878836836,0.0,1.0,0.00022741916008370153
2013-08-19 13:30:00+00:00,-0.0012164989523840708,-0.006391813191617413,0.4899410563352421,-0.48685286858391974,0.0,1.0,0.0025356281592398134
2013-08-20 13:30:00+00:00,0.007917014110928822,0.004915815490448727,0.49309033090634635,-0.4885233093147215,0.0,1.0,0.0014796390026228722
2013-08-21 13:30:00+00:00,-0.0006042531156367215,-0.006160362253111784,0.49146268948452426,-0.48420377824903893,0.0,1.0,0.00270557680477478
2013-08-22 13:30:00+00:00,0.0076584386773399515,0.009115470293952876,0.4955515391177071,-0.4889381987396135,0.0,1.0,-0.000655860668183446
2013-08-23 13:30:00+00:00,-0.0008000922801305599,0.003372068733458633,0.49617278816215604,-0.4915952786956958,0.0,1.0,-0.0020511725543707095
2013-08-26 13:30:00+00:00,-0.0014011445565074165,-0.0037208149682261826,0.49491932278254147,-0.4892143231309608,0.0,1.0,0.0011279728891073733
2013-08-27 13:30:00+00:00,-0.016035285371660213,-0.016084327143317978,0.48701891772313044,-0.48138099337289986,0.0,1.0,-7.344174128400357e-05
2013-08-28 13:30:00+00:00,0.003666970600150643,0.0035507589721088806,0.48877026341647833,-0.48305612667702474,0.0,1.0,7.066379083401345e-05
2013-08-29 13:30:00+00:00,0.0024355597890208802,0.0015866041250314211,0.48975594623675844,-0.48362036416988335,0.0,1.0,0.0004180579754864688
2013-08-30 13:30:00+00:00,-0.006276878458661983,-0.00316737025627567,0.48743649887929585,-0.4828361279137981,0.0,1.0,-0.00154828617308661
2013-09-03 13:30:00+00:00,0.004278801294660628,0.004521800604278869,0.5022108731505223,-0.5023323900991037,0.02972737320690605,1.0,-0.0001423157223649547
2013-09-04 13:30:00+00:00,0.008521328936155204,0.008273312510475472,0.5064308215304204,-0.5064287875201937,0.0,1.0,0.0001175988170529746
2013-09-05 13:30:00+00:00,0.0012064919258025775,0.001266718090017882,0.5070603086722968,-0.5070887735089225,0.0,1.0,-3.6450190256014277e-05
2013-09-06 13:30:00+00:00,0.005022994140687187,0.0004818996408169074,0.5084395656247789,-0.5061706462967526,0.0,1.0,0.002296642680667367
2013-09-09 13:30:00+00:00,0.005598041117769181,0.009575706262342498,0.5123138546543435,-0.5120450718123726,0.0,1.0,-0.0020066282142419296
2013-09-10 13:30:00+00:00,0.00576547903199498,0.0073973610059057116,0.5157007780130148,-0.5162665178531007,0.0,1.0,-0.0008399998416332742
2013-09-11 13:30:00+00:00,0.0035579714980444876,0.003138261071410131,0.5174276306502548,-0.5177786276769947,0.0,1.0,0.00020871717328644382
2013-09-12 13:30:00+00:00,0.001181574361095672,-0.0026564415365507577,0.5170148677904832,-0.5153822709129718,0.0,1.0,0.0019808754944458597
2013-09-13 13:30:00+00:00,0.0025579763484457896,0.0022500631274593452,0.5182560565233502,-0.5164608721811069,0.0,1.0,0.00015691677832296104
2013-09-16 13:30:00+00:00,0.0015694078732126915,0.005787383524144651,0.5202042655569963,-0.5205855149380917,0.0,1.0,-0.0021815543880307885
2013-09-17 13:30:00+00:00,0.0054863479291118455,0.004462734995236417,0.5227839123704748,-0.5226344537929897,0.0,1.0,0.0005248340185740017
2013-09-18 13:30:00+00:00,0.013250019178637995,0.011573605461184577,0.5292492089169926,-0.5282225139052948,0.0,1.0,0.0008721795156180515
2013-09-19 13:30:00+00:00,0.0013459996577067646,-0.0016756587123367694,0.5291194646848357,-0.5264994496139324,0.0,1.0,0.0015915375305693045
2013-09-20 13:30:00+00:00,-0.004033101107618897,-0.006991555876439182,0.5261745817697129,-0.5220139206952539,0.0,1.0,0.0015411056408547736
2013-09-23 13:30:00+00:00,-0.005398889093163883,-0.004627525256726717,0.5235595185435706,-0.5198223720757634,0.0,1.0,-0.00043107798918872695
2013-09-24 13:30:00+00:00,-0.0030930619485345368,-0.002354272357452669,0.5221497862690979,-0.5188068960437343,0.0,1.0,-0.0004015509641891153
2013-09-25 13:30:00+00:00,-0.004097731243463243,-0.0028899432365688815,0.5203464355480388,-0.5176421046360755,0.0,1.0,-0.0006462593936080334
2013-09-26 13:30:00+00:00,0.0056820937436794505,0.003845456730882324,0.522801133353786,-0.5191342362458399,0.0,1.0,0.000960134529560144
2013-09-27 13:30:00+00:00,-0.004480804805197414,-0.00459713882899504,0.5204387816746259,-0.5167280632864638,0.0,1.0,3.8009943459755776e-05
2013-09-30 13:30:00+00:00,-0.0062623751185033605,-0.005328121093763127,0.5174445022152325,-0.5142381355251935,0.0,1.0,-0.0005119455642797847
2013-10-01 13:30:00+00:00,0.004923467345107291,0.00791614271643537,0.5032256963962362,-0.5047243091729913,0.03168263774042601,1.0,-0.0015181313854866338
2013-10-02 13:30:00+00:00,0.0015672695688386806,-0.0009446770167395036,0.5033803593237555,-0.5036131870699073,0.0,1.0,0.0012595393939325412
2013-10-03 13:30:00+00:00,-0.007238949460363631,-0.00922132489304417,0.49924012799098644,-0.49847368181069807,0.0,1.0,0.0009940834569563157
2013-10-04 13:30:00+00:00,0.00453299737506252,0.007577126053657457,0.5022665751959018,-0.5030152105954485,0.0,1.0,-0.0015198961127537603
2013-10-07 13:30:00+00:00,-0.0076518502996220095,-0.008644601281066255,0.4981746452140206,-0.4984180618233996,0.0,1.0,0.0004991449090539644
2013-10-08 13:30:00+00:00,-0.015420980142250351,-0.01164673650704895,0.49141781557488307,-0.4935426314307045,0.0,1.0,-0.0018833498557592383
2013-10-09 13:30:00+00:00,0.0008032198752274677,0.0007252631539198529,0.49179737695747744,-0.49388536019919144,0.0,1.0,3.081589009289512e-05
2013-10-10 13:30:00+00:00,0.014446262180155323,0.02155745385915875,0.5006785330946519,-0.5063288419455066,0.0,1.0,-0.0035482293981200525
2013-10-11 13:30:00+00:00,0.008702516725949794,0.006443759402535942,0.504486537738178,-0.5090373906869401,0.0,1.0,0.0010885496915663416
2013-10-14 13:30:00+00:00,0.0076469906709355495,0.00399362630232436,0.5074213693359608,-0.5101423741874854,0.0,1.0,0.0018189463544301158
2013-10-15 13:30:00+00:00,-0.006226590298671897,-0.007253937667513921,0.5039921863930811,-0.506170989394525,0.0,1.0,0.0005350836273150982
2013-10-16 13:30:00+00:00,0.013118686172820526,0.013965684388498989,0.5108405543989707,-0.5134778881328242,0.0,1.0,-0.0004632613386060873
2013-10-17 13:30:00+00:00,0.003865604782289367,0.006682910547469945,0.513566492510131,-0.5176666429315301,0.0,1.0,-0.0014627714853758117
2013-10-18 13:30:00+00:00,0.00962693094193523,0.006754969262003918,0.5177643108060965,-0.5204133962186995,0.0,1.0,0.0014412945155673031
2013-10-21 13:30:00+00:00,0.001906695190752039,5.733255094675371e-05,0.518258443045803,-0.5199485383577038,0.0,1.0,0.0009514297128525658
2013-10-22 13:30:00+00:00,0.003806220494156909,0.005791450035157686,0.5207750518504062,-0.5235066506707006,0.0,1.0,-0.0010446024545135056
2013-10-23 13:30:00+00:00,-0.0011372322215332797,-0.00478900866268428,0.5191917332340583,-0.5200069402034544,0.0,1.0,0.001908883334947491
2013-10-24 13:30:00+00:00,0.002847274661892163,0.0033226187889638936,0.5208030568332052,-0.5218680392216801,0.0,1.0,-0.0002554557441627929
2013-10-25 13:30:00+00:00,0.0024607881307407986,0.004567458531018254,0.5226637422337048,-0.5248331529264918,0.0,1.0,-0.0011079770280525356
2013-10-28 13:30:00+00:00,0.004720628353043654,0.0015909708021395463,0.5242783809173139,-0.5248146124490457,0.0,1.0,0.0016263546774430585
2013-10-29 13:30:00+00:00,0.0063895732309893205,0.0053339599857906705,0.5273410941559543,-0.5273267585296576,0.0,1.0,0.0005446225845818622
2013-10-30 13:30:00+00:00,-0.002054130393451259,-0.004966848310244409,0.5254539368345416,-0.5239060447898212,0.0,1.0,0.001529972269375723
2013-10-31 13:30:00+00:00,-0.0035553777447318025,-0.0028360547055757968,0.5237891439503775,-0.5226231601678156,0.0,1.0,-0.00038831341024984375
2013-11-01 13:30:00+00:00,0.0007512664223852106,0.002389328606309693,0.5008004069205252,-0.5016201332958944,0.04641230411819308,1.0,-0.0008481896249737187
2013-11-04 14:30:00+00:00,0.004503784565688562,0.00351822602057994,0.5028121750347501,-0.5031410578524026,0.0,1.0,0.00048473175681843845
2013-11-05 14:30:00+00:00,-0.00018711246418212646,-0.003166749854710993,0.5019685095269384,-0.5007998979703516,0.0,1.0,0.0014932870658093235
2013-11-06 14:30:00+00:00,0.0050451021148607555,0.005105541488083842,0.5045162911950183,-0.5033720172060333,0.0,1.0,-3.0324648260308416e-05
2013-11-07 14:30:00+00:00,-0.0128279871455943,-0.012643119801928893,0.49810099088230725,-0.4970643348175191,0.0,1.0,-0.00011368816067049511
2013-11-08 14:30:00+00:00,0.008663409607722494,0.013491098613619856,0.5036232491432163,-0.5049805370619107,0.0,1.0,-0.0023966434292630135
2013-11-11 14:30:00+00:00,0.0033604886676368295,0.00016939787812608742,0.5045079898056591,-0.5042587990700531,0.0,1.0,0.0016009252090785772
2013-11-12 14:30:00+00:00,0.0005584615021103634,-0.002030187654865734,0.5041345970893376,-0.5025819358142525,0.0,1.0,0.0012995358975906096
2013-11-13 14:30:00+00:00,0.009298518153636692,0.008024056975876714,0.5084922871279931,-0.5062860990678206,0.0,1.0,0.000649006233939168
2013-11-14 14:30:00+00:00,0.006080803480324581,0.004989631782307935,0.5112980488897039,-0.5085275515949088,0.0,1.0,0.0005599080774842242
2013-11-15 14:30:00+00:00,0.004578500709351063,0.004351051431916497,0.5135761674094292,-0.5106776759320453,0.0,1.0,0.00012239656704292405
2013-11-18 14:30:00+00:00,-0.006016169929680681,-0.003499458211847717,0.5111553133105798,-0.5095573970784723,0.0,1.0,-0.001308618689273938
2013-11-19 14:30:00+00:00,0.0012841539289660808,-0.0021732855376564997,0.5109135990753039,-0.5075577661137095,0.0,1.0,0.001757863444623822
2013-11-20 14:30:00+00:00,-0.003480730527671949,-0.0031279407407909243,0.5092354102304648,-0.5060696965373174,0.0,1.0,-0.00019669432732463487
2013-11-21 14:30:00+00:00,0.008639907995580343,0.008068210875670667,0.5134756113711774,-0.5099943093171018,0.0,1.0,0.00031071768208070974
2013-11-22 14:30:00+00:00,0.0034627179696080645,0.005003088118092025,0.5156555745795698,-0.5129456854703592,0.0,1.0,-0.0007794776237408588
2013-11-25 14:30:00+00:00,-0.0010897296498045828,-0.00099597149950581,0.5151230105293103,-0.5124640157471908,0.0,1.0,-5.6998266135807184e-05
2013-11-26 14:30:00+00:00,0.0034542000527248984,0.00027686467995025055,0.5160603947057838,-0.5117709434291358,0.0,1.0,0.001631502363471905
2013-11-27 14:30:00+00:00,0.0030802541382011217,0.002435126949922539,0.5174753865852463,-0.5128441280267791,0.0,1.0,0.0003374175688702422
2013-11-29 14:30:00+00:00,0.0014455964538586663,-0.0006627403387743369,0.5176633402522743,-0.5119503200535432,0.0,1.0,0.0010819906940012904
2013-12-02 14:30:00+00:00,-0.004690124981251209,-0.002596539015093713,0.4981867778972321,-0.49923468958072786,0.02961366030581758,1.0,-0.0010675521941840378
2013-12-03 14:30:00+00:00,-0.002355739120314171,-0.00432026519891493,0.4965279350839999,-0.4965925554420131,0.0,1.0,0.0009772757926185588
2013-12-04 14:30:00+00:00,-0.0009082314060707697,-0.00011156192382055785,0.49627623458844583,-0.49673660123382624,0.0,1.0,-0.00040151382474706
2013-12-05 14:30:00+00:00,-0.0025457264359237675,-0.004395334863767086,0.49456082849955235,-0.4941016746343599,0.0,1.0,0.0009139877906473125
2013-12-06 14:30:00+00:00,0.007473760618563308,0.011177169582682334,0.49917173071083343,-0.5005415157791997,0.0,1.0,-0.0018323813459039555
2013-12-09 14:30:00+00:00,0.003076043667744166,0.002541932094443533,0.5005784664242907,-0.5016848354598361,0.0,1.0,0.00025717911685701236
2013-12-10 14:30:00+00:00,-0.004690124981251209,-0.0035829191119187698,0.4985079768262908,-0.5001655472404795,0.0,1.0,-0.0005562317662764963
2013-12-11 14:30:00+00:00,-0.009423787224678182,-0.011231605599239636,0.4933592741890267,-0.49409634195665636,0.0,1.0,0.000913876676564779
2013-12-12 14:30:00+00:00,-0.0021954091979242696,-0.0033005629212784493,0.49200961813763533,-0.49219891278354516,0.0,1.0,0.0005417181964132454
2013-12-13 14:30:00+00:00,-0.002383214704909653,-0.00011247020283755571,0.4913889616266846,-0.49269693217713134,0.0,1.0,-0.001123159226297787
2013-12-16 14:30:00+00:00,0.006616318882777916,0.006232060420090502,0.49455374092707693,-0.49568084553812114,0.0,1.0,0.0001747166345257704
2013-12-17 14:30:00+00:00,-0.003834290873798496,-0.0031807293277951176,0.4928179339691648,-0.49426514606888744,0.0,1.0,-0.0003255886737625942
2013-12-18 14:30:00+00:00,0.014295808491904038,0.017072854297341067,0.5005635725462316,-0.5034080507667937,0.0,1.0,-0.001399238398641506
2013-12-19 14:30:00+00:00,0.0016267804896676896,-0.0011559628591175652,0.5006817938772546,-0.5021280333629052,0.0,1.0,0.001390275682371369
2013-12-20 14:30:00+00:00,0.0066749366313951786,0.005817178214702068,0.5038146803508703,-0.504839443468822,0.0,1.0,0.000415098609001671
2013-12-23 14:30:00+00:00,0.005484255992300069,0.00534225382531317,0.5065472775100707,-0.5075059147670454,0.0,1.0,6.0115850730336616e-05
2013-12-24 14:30:00+00:00,0.001967004811747275,0.0021914795308857205,0.5076054646221211,-0.508680040611537,0.0,1.0,-0.00012176027272800272
2013-12-26 14:30:00+00:00,0.006425003114935546,0.005083875869787091,0.5105251122860389,-0.5109241206924774,0.0,1.0,0.0006693481264957415
2013-12-27 14:30:00+00:00,-0.0015960572629598602,-5.3983489861519907e-05,0.5101149072127465,-0.5113021031471938,0.0,1.0,-0.0007931982272505031
2013-12-30 14:30:00+00:00,0.0,-0.000163598268624221,0.5100752765275679,-0.5111787385888752,0.0,1.0,7.769575786642281e-05
2013-12-31 14:30:00+00:00,0.0039077012219022045,0.004733036069228591,0.512289888486217,-0.5138202175176839,0.0,1.0,-0.0004321580071674185
2014-01-02 14:30:00+00:00,-0.007430839036911552,-0.009583518375658961,0.4957603970327172,-0.4946851942099476,0.026110106003900957,1.0,0.0010573322354193735
2014-01-03 14:30:00+00:00,-0.0019607750518005895,-0.0001639152516963449,0.49523251654080663,-0.49504813651016394,0.0,1.0,-0.000896940551005509
2014-01-06 14:30:00+00:00,-0.003929499290968308,-0.002898233132291428,0.4935417621424385,-0.4938688021692731,0.0,1.0,-0.0005172032922510446
2014-01-07 14:30:00+00:00,0.00806900405494182,0.0061419453452584705,0.4970553683178422,-0.4964339191582571,0.0,1.0,0.0009431229084061434
2014-01-08 14:30:00+00:00,-0.00035570669094286966,0.00021751024166327682,0.4970230657718435,-0.4966863040849246,0.0,1.0,-0.00029073776295807005
2014-01-09 14:30:00+00:00,-0.0005338718390531794,0.0006542360785488643,0.4970540872053092,-0.4973077734966418,0.0,1.0,-0.0005962490989812942
2014-01-10 14:30:00+00:00,0.002136465362597928,0.0027230219708316294,0.4982646053293903,-0.4988106956141596,0.0,1.0,-0.00029819353379722293
2014-01-13 14:30:00+00:00,-0.01385693196424398,-0.013305254157284674,0.4914946438174036,-0.4923085724217442,0.0,1.0,-0.00027356803567426413
2014-01-14 14:30:00+00:00,0.011529767736288665,0.010897864088297515,0.49701446849243647,-0.49752653847453626,0.0,1.0,0.00029575479413626577
2014-01-15 14:30:00+00:00,0.004986100628132428,0.005390087939492361,0.49959729829097077,-0.5003130658674616,0.0,1.0,-0.0002095000220203185
2014-01-16 14:30:00+00:00,0.0005318579598385664,-0.0012999854661910337,0.4994084704120968,-0.499208305656985,0.0,1.0,0.000910162133030692
2014-01-17 14:30:00+00:00,-0.002656500516159621,-0.004229482109796234,0.49769420653678936,-0.4967100944317427,0.0,1.0,0.0007787613574613052
2014-01-21 14:30:00+00:00,0.003906762496345806,0.0029402401748248597,0.4993998795868608,-0.4979325427443838,0.0,1.0,0.00047797370490487175
2014-01-22 14:30:00+00:00,-0.0024766965116517214,0.0006515848431059013,0.49894499398804193,-0.4990391118901859,0.0,1.0,-0.0015672596183858706
2014-01-23 14:30:00+00:00,-0.007448213212314148,-0.008193157193653322,0.4950473080709744,-0.49476907075537574,0.0,1.0,0.00036650481210532393
2014-01-24 14:30:00+00:00,-0.020725021899354656,-0.02133599438664746,0.4846466173072268,-0.4840720231369444,0.0,1.0,0.0002905714343835809
2014-01-27 14:30:00+00:00,-0.008027693475215036,-0.004919062300787869,0.4814856500095692,-0.4824218886315269,0.0,1.0,-0.0015153664286155883
2014-01-28 14:30:00+00:00,0.0018392177320520897,0.005954844623658584,0.4833345617689395,-0.4862638292840556,0.0,1.0,-0.001993142825578823
2014-01-29 14:30:00+00:00,-0.00862871375782115,-0.00960483975719173,0.47892742647989506,-0.48135556397080737,0.0,1.0,0.0004939781962733039
2014-01-30 14:30:00+00:00,0.007407110965284236,0.01060033071409161,0.4832292216655552,-0.4872186462728886,0.0,1.0,-0.0015610119578564287
2014-01-31 14:30:00+00:00,-0.00459555264926248,-0.0058585105394763914,0.4807067681103093,-0.4840604173277283,0.0,1.0,0.0006277178634405684
2014-02-03 14:30:00+00:00,-0.0234532350670279,-0.022505300898668756,0.4885164369181162,-0.4889906399353076,0.03523281456196237,1.0,-0.0004975358724129339
2014-02-04 14:30:00+00:00,0.007753384016285336,0.007004518398809667,0.49212861945587055,-0.4922402710632311,0.0,1.0,0.0003565592184686295
2014-02-05 14:30:00+00:00,-0.002814781930490673,-0.0012542253595991815,0.49112341939881654,-0.49200360661565307,0.0,1.0,-0.0007738068954906064
2014-02-06 14:30:00+00:00,0.01223193290315927,0.013187517128827375,0.49737296391660746,-0.4987347314131508,0.0,1.0,-0.0004868696573846781
2014-02-07 14:30:00+00:00,0.015615950064294282,0.012395718107165221,0.5043436455103242,-0.5041209883163531,0.0,1.0,0.001578823846049227
2014-02-10 14:30:00+00:00,0.002196608550138812,0.0018359996172030435,0.5053623819195435,-0.5049575164920131,0.0,1.0,0.00017632724141093112
2014-02-11 14:30:00+00:00,0.010776633614651754,0.01094401936507916,0.5108524776742432,-0.5105277438896976,0.0,1.0,-8.611198740862187e-05
2014-02-12 14:30:00+00:00,0.002168343147733509,0.0004948033743914504,0.5115258239837298,-0.5103469985682075,0.0,1.0,0.0008491402381181734
2014-02-13 14:30:00+00:00,0.006491366730215331,0.005162712490321741,0.514496584035568,-0.5126332983426181,0.0,1.0,0.0006797745105952896
2014-02-14 14:30:00+00:00,0.004299312422677781,0.005518716771255372,0.5170307009520706,-0.5157837347642231,0.0,1.0,-0.0006230488068503455
2014-02-18 14:30:00+00:00,0.003567789633010854,0.001195712914272562,0.5182420787998112,-0.5157702056772465,0.0,1.0,0.0012219751212234362
2014-02-19 14:30:00+00:00,-0.007287816577754458,-0.006621979033210934,0.5146543024268362,-0.5125430873984205,0.0,1.0,-0.00036738610616995963
2014-02-20 14:30:00+00:00,0.007520391279585592,0.005901121712217572,0.5180895761560014,-0.5151350199848063,0.0,1.0,0.000839870205525756
2014-02-21 14:30:00+00:00,-0.002132505707197141,-0.00114076854715639,0.5172553397556103,-0.5148166869979199,0.0,1.0,-0.0005231315306069562
2014-02-24 14:30:00+00:00,0.005520610485278743,0.005546999038697598,0.5201140645949901,-0.5176755194392956,0.0,1.0,-6.074796614083896e-06
2014-02-25 14:30:00+00:00,-0.0012398836635980626,-0.0003785904213873259,0.5197055698289099,-0.5177150132147176,0.0,1.0,-0.0004548463198048709
2014-02-26 14:30:00+00:00,0.003369310182252283,5.400293714852289e-05,0.5205627406402633,-0.5168554588065086,0.0,1.0,0.0017171387559259089
2014-02-27 14:30:00+00:00,0.0026512705151877647,0.005247375624451767,0.5226421542401373,-0.5202636722436714,0.0,1.0,-0.0013379344712936229
2014-02-28 14:30:00+00:00,0.0012338214955061044,0.0025295163451635183,0.5236415699209915,-0.5219330994221286,0.0,1.0,-0.0006771207193284449
2014-03-03 14:30:00+00:00,-0.009506736109887837,-0.007032059583855221,0.4958744476634131,-0.4971133544790663,0.045574669343120155,1.0,-0.0012660779786402487
2014-03-04 14:30:00+00:00,0.016885473328017264,0.014055591518954857,0.5035526700286755,-0.5034059268244048,0.0,1.0,0.0013799001299383106
2014-03-05 14:30:00+00:00,-0.002621435765759572,0.0009061459689205797,0.5031292871912816,-0.5047616433088846,0.0,1.0,-0.001782142611431942
2014-03-06 14:30:00+00:00,0.0007007000354473103,0.0022899471540624994,0.503889621301307,-0.5063272849680219,0.0,1.0,-0.0008092871601579607
2014-03-07 14:30:00+00:00,-0.00280219784616198,0.00042555674421862477,0.5032997236219194,-0.5073715076317471,0.0,1.0,-0.0016334217833663266
2014-03-10 13:30:00+00:00,0.0017562048707222555,-0.0005308192814451607,0.5036058503604949,-0.506521069828245,0.0,1.0,0.0011472676242124307
2014-03-11 13:30:00+00:00,-0.002453991956141599,-0.004942964675764494,0.5017368545510171,-0.5033821267691987,0.0,1.0,0.0012619186688885705
2014-03-12 13:30:00+00:00,0.00035097385810844983,0.00026697031941891325,0.5018950052869718,-0.5034985117376707,0.0,1.0,3.575605147124281e-05
2014-03-13 13:30:00+00:00,-0.013176126097562357,-0.011213179946487406,0.49576443392730346,-0.49833765701073623,0.0,1.0,-0.000973164843447145
2014-03-14 13:30:00+00:00,-0.003026645707084108,-0.002807777442828452,0.4943169384338615,-0.49699173041052996,0.0,1.0,-0.00010723444435670968
2014-03-17 13:30:00+00:00,0.010357081317602601,0.00904339489378847,0.49912754148448435,-0.5011758768074688,0.0,1.0,0.0006192358700257979
2014-03-18 13:30:00+00:00,0.008837460717058265,0.007137793879208099,0.5031220883535774,-0.5043356891502752,0.0,1.0,0.0008277775538355169
2014-03-19 13:30:00+00:00,-0.00718320100123937,-0.005328778273004597,0.4999742804852298,-0.5021164128173717,0.0,1.0,-0.0009324864071146539
2014-03-20 13:30:00+00:00,0.001235289119087879,0.005839521965380845,0.5017561981674432,-0.506223203036405,0.0,1.0,-0.0023204594142704634
2014-03-21 13:30:00+00:00,-0.005287507037662564,-0.0038783045764134716,0.4994506285609751,-0.5046109751679231,0.0,1.0,-0.0006957040449307737
2014-03-24 13:30:00+00:00,-0.0019488018964430864,-0.004135294543564205,0.4979258790278313,-0.501968364176042,0.0,1.0,0.001107432299162824
2014-03-25 13:30:00+00:00,0.0034386779242083776,0.004745545659887052,0.4999759992572395,-0.5046915785381564,0.0,1.0,-0.0006758594448635452
2014-03-26 13:30:00+00:00,-0.008345354863694143,-0.007192537997212534,0.49607557798493357,-0.5013365062255507,0.0,1.0,-0.000548416162575261
2014-03-27 13:30:00+00:00,-0.0034018545996725713,-0.0021084639942695604,0.494702869181218,-0.5005980766142611,0.0,1.0,-0.0006364793953161854
2014-03-28 13:30:00+00:00,0.002515177392716561,0.004930144351814603,0.49655775554353415,-0.5036854833054781,0.0,1.0,-0.0012297076882248166
2014-03-31 13:30:00+00:00,0.009498401975961412,0.008194589324844737,0.5009821595044411,-0.5075170675599803,0.0,1.0,0.0005830571009069551
2014-04-01 13:30:00+00:00,0.009763652894231756,0.006630589085562466,0.5040972847653614,-0.502533187112985,0.00849922706442141,1.0,0.0015563299098500531
2014-04-02 13:30:00+00:00,0.0026373071231062806,0.003346796552919029,0.5056079385182759,-0.5043958234595093,0.0,1.0,-0.0003583693594593098
2014-04-03 13:30:00+00:00,-0.003857429027225301,-0.0013238292946198271,0.5043074247533773,-0.5043780134239682,0.0,1.0,-0.0012885651522087347
2014-04-04 13:30:00+00:00,-0.015314534411725922,-0.011822003722570251,0.4974629233015954,-0.4992972267936664,0.0,1.0,-0.001766427039146119
2014-04-07 13:30:00+00:00,-0.00858051194010978,-0.011051033167384094,0.49258200398677127,-0.49316631733493715,0.0,1.0,0.001243311279576069
2014-04-08 13:30:00+00:00,0.0005410157404306393,0.0041219888161185825,0.4937235167987748,-0.49607833498000514,0.0,1.0,-0.0017722838078836685
2014-04-09 13:30:00+00:00,0.013876511159727878,0.010750996534756752,0.4998190147910569,-0.5006547460240905,0.0,1.0,0.0015118710493879776
2014-04-10 13:30:00+00:00,-0.018485682785964963,-0.02100568424122673,0.48995671184751777,-0.489515903661685,0.0,1.0,0.00127114737008022
2014-04-11 13:30:00+00:00,-0.01231458866759405,-0.009008702805968771,0.4847130160504844,-0.48589785082421605,0.0,1.0,-0.0016296644573981069
2014-04-14 13:30:00+00:00,0.007517269453556574,0.00787851076890278,0.48844972813668663,-0.48981925674979104,0.0,1.0,-0.00019038548196009998
2014-04-15 13:30:00+00:00,0.008553255975175311,0.006887676084272432,0.49223467831712325,-0.4927996368236812,0.0,1.0,0.0007981667944738571
2014-04-16 13:30:00+00:00,0.011548523141937661,0.010477770366950079,0.49766287107517454,-0.49770666487735943,0.0,1.0,0.0005151897613022296
2014-04-17 13:30:00+00:00,0.001962086626587478,0.001396982911817224,0.49850213219010847,-0.4982648213464542,0.0,1.0,0.0002752175770021344
2014-04-21 13:30:00+00:00,0.002136384483721443,0.003486931276136751,0.49990624848670134,-0.5003416559817976,0.0,1.0,-0.0006783753499910195
2014-04-22 13:30:00+00:00,0.005507173778037222,0.004544497599980657,0.502421514552747,-0.5023776736701038,0.0,1.0,0.0004733167474109139
2014-04-23 13:30:00+00:00,-0.004770266110697308,-0.0023413585148714944,0.5006388088883078,-0.5018168508252863,0.0,1.0,-0.0012263904611797335
2014-04-24 13:30:00+00:00,0.0008877664410547048,0.0020268506190486146,0.5013733587818743,-0.5031250717383335,0.0,1.0,-0.0005786098420759991
2014-04-25 13:30:00+00:00,-0.0074492510336313655,-0.008198919202975108,0.4974473469774004,-0.49880831115046975,0.0,1.0,0.0003842734200801637
2014-04-28 13:30:00+00:00,0.0073262689589519425,0.003167311915754256,0.5000623520921403,-0.4993602101447493,0.0,1.0,0.0020585991683370044
2014-04-29 13:30:00+00:00,0.005321930822571375,0.004655346619989675,0.5025574787079191,-0.5015190777294569,0.0,1.0,0.00033064999739962727
2014-04-30 13:30:00+00:00,0.001411743725215242,0.0029825861670682574,0.5036660125731535,-0.5034137532277871,0.0,1.0,-0.0007922938775831919
2014-05-01 13:30:00+00:00,0.0014096732964015146,0.00010644599717735126,0.5003835296827098,-0.4997323341796565,0.007079765800940607,1.0,0.0006421213857592304
2014-05-02 13:30:00+00:00,-0.0022878048944605656,-0.0014335325954925038,0.4994556882123438,-0.49923279319315794,0.0,1.0,-0.0004343496791998479
2014-05-05 13:30:00+00:00,0.004585620161891235,0.0019140875125955858,0.5010801737471781,-0.4995246069255788,0.0,1.0,0.0013287864375561673
2014-05-06 13:30:00+00:00,-0.008075599561897295,-0.008703869694628663,0.4968869093416613,-0.4950306164676022,0.0,1.0,0.0002953218754003279
2014-05-07 13:30:00+00:00,-0.0007077539423804291,0.005889233854476039,0.4981657206761368,-0.4995810849915992,0.0,1.0,-0.003272977115459315
2014-05-08 13:30:00+00:00,0.00035388571595817986,-0.0010647003045294312,0.4979923015634753,-0.49869897175692984,0.0,1.0,0.0007022454851026157
2014-05-09 13:30:00+00:00,0.004249639992849108,0.0014917495191602015,0.4994261728084731,-0.49876139730275687,0.0,1.0,0.00136640166857865
2014-05-12 13:30:00+00:00,0.01057825956934444,0.00973664762433768,0.5044969183337592,-0.5034058062977397,0.0,1.0,0.00042084333658069
2014-05-13 13:30:00+00:00,0.001744389999984941,0.0008953144092860299,0.5051630815018024,-0.5036432800128692,0.0,1.0,0.00042338052631562964
2014-05-14 13:30:00+00:00,-0.005921184855371631,-0.004737407663835014,0.5024790089845186,-0.50156384864586,0.0,1.0,-0.0006111528340617484
2014-05-15 13:30:00+00:00,-0.01033648363041828,-0.00878072467633273,0.4976811599606876,-0.497555671756443,0.0,1.0,-0.0007957243693885401
2014-05-16 13:30:00+00:00,0.0049564441510348,0.0034686395600613817,0.49978058248919494,-0.4989148429594308,0.0,1.0,0.0007349352070276704
2014-05-19 13:30:00+00:00,0.0035233031819348337,0.003669138019297691,0.501579411147569,-0.5007833202866898,0.0,1.0,-7.566128309334004e-05
2014-05-20 13:30:00+00:00,-0.006143433727252234,-0.006304850896366343,0.4984631028898477,-0.4975911287656504,0.0,1.0,6.999191350317804e-05
2014-05-21 13:30:00+00:00,0.0070642259960558285,0.008424313203169609,0.5023242113111414,-0.5021227083644646,0.0,1.0,-0.0006765598872838053
2014-05-22 13:30:00+00:00,0.0024555067149198972,0.002432190254146649,0.5035545245011639,-0.5033408203738954,0.0,1.0,6.250135319197273e-06
2014-05-23 13:30:00+00:00,0.005073560817940415,0.004008836392041415,0.5058407117268615,-0.505090402545238,0.0,1.0,0.0005310511259384881
2014-05-27 13:30:00+00:00,0.0038293862086469233,0.006146217381620467,0.5083742407447556,-0.5087917573967087,0.0,1.0,-0.0011732883471066136
2014-05-28 13:30:00+00:00,-0.00017334876421515322,-0.0007307731470240775,0.5081449861043433,-0.508278780289905,0.0,1.0,0.0002777329263884026
2014-05-29 13:30:00+00:00,0.003815202495960124,0.005172746918201021,0.5104391696603794,-0.5112640598354188,0.0,1.0,-0.000696473855989048
2014-05-30 13:30:00+00:00,0.0032827784301525664,0.0016116311932026228,0.5116820797827429,-0.5116553030146195,0.0,1.0,0.0008457372083195257
2014-06-02 13:30:00+00:00,0.0006887756381954713,0.0011415275156303473,0.5004665001492741,-0.5006929313365244,0.023337382797362416,1.0,-0.00024399701106850015
2014-06-03 13:30:00+00:00,-0.0022371758985719747,-0.0005181077693322544,0.4997797633321429,-0.5008673552544596,0.0,1.0,-0.0008661710753538101
2014-06-04 13:30:00+00:00,0.002242192076645777,0.002022737562006993,0.5008495159933557,-0.5018295294058569,0.0,1.0,0.00010152663140255551
2014-06-05 13:30:00+00:00,0.006195027338560477,0.006522336471574963,0.5040411432874828,-0.5051916841119183,0.0,1.0,-0.00017627697902588044
2014-06-06 13:30:00+00:00,0.003933872694691143,0.004782209471035026,0.5062462449724913,-0.5078305801669795,0.0,1.0,-0.0004390511468209967
2014-06-09 13:30:00+00:00,0.0008517678817354657,0.0010241183666237497,0.5067255003780645,-0.5083988685851257,0.0,1.0,-9.482671351782659e-05
2014-06-10 13:30:00+00:00,-0.0020425651673985357,0.0001022016008069837,0.506243770242047,-0.5090071376548895,0.0,1.0,-0.0010929314156750683
2014-06-11 13:30:00+00:00,-0.0032407843446620177,-0.0034766083387791635,0.5045410650313197,-0.5071751167784744,0.0,1.0,0.00012303919313361996
2014-06-12 13:30:00+00:00,-0.009582509266203076,-0.007079926100259093,0.5003316899320036,-0.5042146022463185,0.0,1.0,-0.0012499594651130968
2014-06-13 13:30:00+00:00,0.0012095109180816355,0.0030486646990068866,0.5014071549515704,-0.5062266124230932,0.0,1.0,-0.0009379769979095368
2014-06-16 13:30:00+00:00,0.0017256619371153192,0.0008242993479690153,0.5020504955270132,-0.5064200445746365,0.0,1.0,0.0004420245947999079
2014-06-17 13:30:00+00:00,0.001894903178627061,0.002779308809312653,0.503234383753696,-0.508062324466742,0.0,1.0,-0.0004621129922457462
2014-06-18 13:30:00+00:00,0.0029228839852539767,0.0073394905107779795,0.5058505125250459,-0.5129525549747632,0.0,1.0,-0.0022639752691570045
2014-06-19 13:30:00+00:00,0.0027431343595762936,0.0011209915094900769,0.5068292955676592,-0.5131136682773657,0.0,1.0,0.0008066480818663993
2014-06-20 13:30:00+00:00,0.0013678150792466592,0.002030565851908195,0.5077025831305182,-0.5143379711863777,0.0,1.0,-0.0003546147208223426
2014-06-23 13:30:00+00:00,0.0,-0.000306105820610747,0.5076256831869516,-0.5141026482040993,0.0,1.0,0.00015148946578889193
2014-06-24 13:30:00+00:00,-0.006146837950716133,-0.0060246238170851285,0.5045200063861446,-0.5110201774695096,0.0,1.0,-2.89701363271855e-05
2014-06-25 13:30:00+00:00,0.004501076820494498,0.0045200957789883756,0.5068136604357715,-0.5133531021721027,0.0,1.0,-4.492922188978967e-05
2014-06-26 13:30:00+00:00,-0.001716718549716223,-0.0007161023802174649,0.5062009542677257,-0.5132464209207601,0.0,1.0,-0.0005083954147145866
2014-06-27 13:30:00+00:00,0.002235805931296353,0.0019441717814843162,0.5072678035096072,-0.5141784578806704,0.0,1.0,0.0001279755065253107
2014-06-30 13:30:00+00:00,-0.0015447179144790768,-0.0005101398515096056,0.5067513949798051,-0.5141872525375044,0.0,1.0,-0.0005272351223194403
2014-07-01 13:30:00+00:00,0.010654943843596776,0.006693365502627335,0.5043367691806265,-0.5023598633795803,0.02093864751730956,1.0,0.0019643674657736847
2014-07-02 13:30:00+00:00,0.0008501087273948826,0.0010147710083123762,0.5048094244072899,-0.5029133928036489,0.0,1.0,-8.699151702315603e-05
2014-07-03 13:30:00+00:00,0.005606537503495046,0.00491798423675216,0.5074615584400106,-0.5052094044215618,0.0,1.0,0.00035096045084494497
2014-07-07 13:30:00+00:00,-0.0030410963669199598,-0.0034811140242796412,0.5058123514225119,-0.503345262217207,0.0,1.0,0.0002094996602540257
2014-07-08 13:30:00+00:00,-0.005253210688224819,-0.006430130824887859,0.5028668261637397,-0.49982204605768654,0.0,1.0,0.0005734846544628766
2014-07-09 13:30:00+00:00,0.003236605745989163,0.004483957385287507,0.5048071618453251,-0.5023744736594351,0.0,1.0,-0.0006195514766733635
2014-07-10 13:30:00+00:00,-0.005773488068245292,-0.003956692423256802,0.5023612206684978,-0.5008538834273585,0.0,1.0,-0.0009327092330652247
2014-07-11 13:30:00+00:00,0.0010249860190449933,0.00137505038699004,0.5029665363366683,-0.5016327454605217,0.0,1.0,-0.00017973847948904762
2014-07-14 13:30:00+00:00,0.006312920967469493,0.005035244528612592,0.5058162861397988,-0.5038344259205891,0.0,1.0,0.000643392075269874
2014-07-15 13:30:00+00:00,-0.004578078111444173,-0.001872204831901536,0.5041955713867425,-0.5035852551670398,0.0,1.0,-0.001378337602254113
2014-07-16 13:30:00+00:00,0.0015328641942884413,0.0037013799441580897,0.5055230184523061,-0.5060043272775158,0.0,1.0,-0.0010970494063038566
2014-07-17 13:30:00+00:00,-0.011904475431188999,-0.011366078801796409,0.49964126112583335,-0.5003894752495541,0.0,1.0,-0.00027265367613213686
2014-07-18 13:30:00+00:00,0.0130808239917648,0.010218540312053381,0.5054609864464119,-0.5047876849419078,0.0,1.0,0.0014165169902932348
2014-07-21 13:30:00+00:00,-0.003737640303088652,-0.001870880812876563,0.5040509997968954,-0.504322790467441,0.0,1.0,-0.0009507861411992418
2014-07-22 13:30:00+00:00,0.006991889649301086,0.004357967646033689,0.5069059024694379,-0.5058526374061877,0.0,1.0,0.0013204941832328607
2014-07-23 13:30:00+00:00,0.004911343299125681,0.002219902232782678,0.5087033022896135,-0.5062866799995609,0.0,1.0,0.0013606931271911463
2014-07-24 13:30:00+00:00,-0.002865348126575795,5.073130586619179e-05,0.5080022320614519,-0.50706751438263,0.0,1.0,-0.001489249019569882
2014-07-25 13:30:00+00:00,-0.004562688916053603,-0.004681792283690145,0.5056590038395321,-0.5046682072525698,0.0,1.0,5.017624163688078e-05
2014-07-28 13:30:00+00:00,0.003565015586789233,0.0004044353676415646,0.5066547754248841,-0.5040695196204696,0.0,1.0,0.0015926241773986654
2014-07-29 13:30:00+00:00,-0.0035523513986832622,-0.004297075005781026,0.5046731479171017,-0.5017227462798134,0.0,1.0,0.0003602563528546466
2014-07-30 13:30:00+00:00,0.00016977731299250287,0.00015255230909705375,0.5047572194359188,-0.5017976841541177,0.0,1.0,3.190706568951748e-06
2014-07-31 13:30:00+00:00,-0.01969144111929,-0.01974872119557758,0.4948353825367009,-0.491905277779719,0.0,1.0,-3.5486886065148e-05
2014-08-01 13:30:00+00:00,-0.004155876016509463,-0.003055307709198596,0.49820248333258604,-0.49875307739703273,0.013259339683580118,1.0,-0.0005628662044496047
2014-08-04 13:30:00+00:00,0.006433907098100322,0.0072206341280074415,0.5016094573205054,-0.5025563569207789,0.0,1.0,-0.00040187737924939955
2014-08-05 13:30:00+00:00,-0.00742915715390946,-0.009696257342069359,0.49731576905587144,-0.4971165156130541,0.0,1.0,0.0011404278963230762
2014-08-06 13:30:00+00:00,0.002610857231720942,0.0003125656037881175,0.4980478659896803,-0.4967070981677104,0.0,1.0,0.0011370865672803636
2014-08-07 13:30:00+00:00,-0.0064235382818789155,-0.005414653502594624,0.4951039541812248,-0.49427249029026266,0.0,1.0,-0.0005156850854877872
2014-08-08 13:30:00+00:00,0.011532281473250805,0.011569158172493488,0.5008209397392129,-0.49999810230470165,0.0,1.0,-1.4590843295327046e-05
2014-08-11 13:30:00+00:00,0.0024185090837844925,0.0028977431577443813,0.5021544937539523,-0.5015691398275578,0.0,1.0,-0.0002435784686822331
2014-08-12 13:30:00+00:00,-0.0008614571653846603,-0.0013930721550133862,0.5015914025906489,-0.5007401327361979,0.0,1.0,0.00026018503478095656
2014-08-13 13:30:00+00:00,0.006381045900197613,0.006768433596316736,0.5048902819959007,-0.5042274317908119,0.0,1.0,-0.00019450095531273382
2014-08-14 13:30:00+00:00,0.004798886519049139,0.004722199288437645,0.5072949831167247,-0.5065903094586046,0.0,1.0,3.589636730335217e-05
2014-08-15 13:30:00+00:00,0.0010234325918301312,-0.00020409935606224838,0.507501227597499,-0.5061747948750769,0.0,1.0,0.0006166245943890678
2014-08-18 13:30:00+00:00,0.01005255039044406,0.008379316710158236,0.5121653508496316,-0.509980501963279,0.0,1.0,0.0008543303657260487
2014-08-19 13:30:00+00:00,0.007422701770110729,0.005218458226378564,0.5153823588036155,-0.5120609389799279,0.0,1.0,0.001134386329625619
2014-08-20 13:30:00+00:00,0.004186306153415087,0.0026717354042238295,0.5171347296941333,-0.5130270712395908,0.0,1.0,0.0007835046192760058
2014-08-21 13:30:00+00:00,0.001000261805879754,0.002915851769545119,0.5181621787475523,-0.515030077222176,0.0,1.0,-0.0009845931558438994
2014-08-22 13:30:00+00:00,-0.0001666570344037721,-0.0015539172427753156,0.5177092819089287,-0.5138659427466471,0.0,1.0,0.0007080063645407963
2014-08-25 13:30:00+00:00,0.0038324661970225993,0.005070832384748147,0.5200197377221386,-0.5167960001570117,0.0,1.0,-0.0006275771220504036
2014-08-26 13:30:00+00:00,0.0018254790264111698,0.0006488679300684641,0.5206524659429221,-0.5168171075035903,0.0,1.0,0.0006080003926896787
2014-08-27 13:30:00+00:00,-0.0024852864849042033,-0.0003988867686967046,0.5199271768883185,-0.5171766290092702,0.0,1.0,-0.001093771411873087
2014-08-28 13:30:00+00:00,-0.0008304175196177654,-0.0005496433841407633,0.5195751471382025,-0.5169716936928891,0.0,1.0,-0.00015344630499867823
2014-08-29 13:30:00+00:00,0.0016623661398360579,0.0028479128918899033,0.5207588872925013,-0.5187627734175903,0.0,1.0,-0.0006145186004596323
2014-09-02 13:30:00+00:00,0.0023233899638313016,-0.0004980828413018168,0.5004685344551998,-0.49905974925281,0.039521660710091555,1.0,0.0013850231912591324
2014-09-03 13:30:00+00:00,-0.004139175467116729,-0.0005484711367064188,0.4992976202475407,-0.49968734522724534,0.0,1.0,-0.0018037595928760985
2014-09-04 13:30:00+00:00,-0.0023275634449718696,-0.0014462044161264176,0.4983574663054563,-0.4991870576696904,0.0,1.0,-0.00044544922465187506
2014-09-05 13:30:00+00:00,0.004332713262303001,0.004495244792163788,0.5005620974796233,-0.5014764997798984,0.0,1.0,-9.068039862825003e-05
2014-09-08 13:30:00+00:00,-0.0004976791402235836,-0.0025857697295316173,0.49979237890093237,-0.499659336343567,0.0,1.0,0.0010416310579477765
2014-09-09 13:30:00+00:00,-0.005810402457322894,-0.006331213067419794,0.4967624535244265,-0.4963700555879086,0.0,1.0,0.00025350247204708015
2014-09-10 13:30:00+00:00,0.0061781509209561936,0.0037631231347294847,0.49923483178344524,-0.4976431644683949,0.0,1.0,0.0011952193892161935
2014-09-11 13:30:00+00:00,-0.0029870974039398757,0.0011492452767007943,0.49877560002494,-0.49924808747383637,0.0,1.0,-0.00206912950717681
2014-09-12 13:30:00+00:00,-0.003994477569466248,-0.005841090366682233,0.49632769627950174,-0.4958767923440367,0.0,1.0,0.0009178528668788818
2014-09-15 13:30:00+00:00,-0.00267376599030289,-0.0007535675674865683,0.4954759619888658,-0.495978928014919,0.0,1.0,-0.0009593398271301569
2014-09-16 13:30:00+00:00,0.008210132958529348,0.007538638794620578,0.49938260233414156,-0.4995565946291098,0.0,1.0,0.00032296515668384513
2014-09-17 13:30:00+00:00,-0.0001661939121926359,0.0013467479406894522,0.4996802261787251,-0.5006106983997288,0.0,1.0,-0.0007617235443898204
2014-09-18 13:30:00+00:00,0.006981530714159412,0.005330013319223337,0.5027593526448059,-0.5028694640439213,0.0,1.0,0.000814318775156259
2014-09-19 13:30:00+00:00,0.0,-0.0009013639834074549,0.5025345608739207,-0.5021915572808013,0.0,1.0,0.00044731604229221987
2014-09-22 13:30:00+00:00,-0.007263190219045534,-0.007722370060526784,0.49877375290139386,-0.49820277121399437,0.0,1.0,0.00022215255837039727
2014-09-23 13:30:00+00:00,-0.005320480626678781,-0.005724927582650752,0.49602454895326487,-0.49525525666222214,0.0,1.0,0.00019250631631592192
2014-09-24 13:30:00+00:00,0.0101446764765305,0.007828217850156527,0.5004814592107708,-0.49855933308297173,0.0,1.0,0.0011490901520083972
2014-09-25 13:30:00+00:00,-0.016932399639215,-0.01613574142678209,0.4922215582079603,-0.4907285091834369,0.0,1.0,-0.00043567997579087666
2014-09-26 13:30:00+00:00,0.01030081994609211,0.007945225877881601,0.4967129822850804,-0.49405169788540976,0.0,1.0,0.001165384413554213
2014-09-29 13:30:00+00:00,-0.0015043533528649178,-0.0018187142571541859,0.49589366999618467,-0.49308148733392454,0.0,1.0,0.00014535464545095315
2014-09-30 13:30:00+00:00,-0.002176077301676238,-0.002632664504154447,0.49470916292282346,-0.49167861078841746,0.0,1.0,0.00021306278908369837
2014-10-01 13:30:00+00:00,-0.014091541320921608,-0.013551519276920443,0.49309366119550607,-0.4933637485899885,0.013612226288759077,1.0,-0.00028276951609734297
2014-10-02 13:30:00+00:00,0.0001700882404866988,0.00015406500319792293,0.4931765901583506,-0.4934388177070506,0.0,1.0,1.9069647712512451e-06
2014-10-03 13:30:00+00:00,0.010378002400674546,0.011009746263830333,0.49845448317226565,-0.4990313438906167,0.0,1.0,-0.0003204007240115889
2014-10-06 13:30:00+00:00,-0.0020208165572672687,-0.0011708003692270097,0.4976606802843933,-0.4986609890975439,0.0,1.0,-0.00042897137190800965
2014-10-07 13:30:00+00:00,-0.014510140866385579,-0.01543602091496088,0.49020902678654005,-0.4907328743712181,0.0,1.0,0.00047026250164456334
2014-10-08 13:30:00+00:00,0.018318969520811246,0.01748956262301249,0.4989938106474626,-0.49912018787639334,0.0,1.0,0.00039146850209044963
2014-10-09 13:30:00+00:00,-0.01782121187798036,-0.019833176575650868,0.48961127426084666,-0.48873206675417386,0.0,1.0,0.0010005120123229205
2014-10-10 13:30:00+00:00,-0.014036292545332785,-0.011414703750544097,0.4833671057946335,-0.48378203282906423,0.0,1.0,-0.0012995477045807523
2014-10-13 13:30:00+00:00,-0.017013669332633374,-0.016426988621657812,0.4752776274856782,-0.4759695162855143,0.0,1.0,-0.00028271853656876305
2014-10-14 13:30:00+00:00,0.0014127744901140105,0.0015473528936895686,0.47598287527668276,-0.47673985051096623,0.0,1.0,-7.098508145112018e-05
2014-10-15 13:30:00+00:00,-0.005114471197789516,-0.00676588982138826,0.4731769283737983,-0.47314276184041915,0.0,1.0,0.0007852162148262925
2014-10-16 13:30:00+00:00,-0.0003545685768407969,-0.0008585464729502501,0.47289921083986686,-0.47262666629080424,0.0,1.0,0.00023248899834025372
2014-10-17 13:30:00+00:00,0.010994722799237522,0.011810894850218023,0.47828451600782035,-0.478394762435407,0.0,1.0,-0.00038870050475963753
2014-10-20 13:30:00+00:00,0.005086739765635562,0.00970999516584703,0.48178614909312817,-0.4841138609413851,0.0,1.0,-0.0022182543447019833
2014-10-21 13:30:00+00:00,0.019546254896248838,0.019810976548934045,0.49129150279743977,-0.49379331745671595,0.0,1.0,-0.00017960585141964957
2014-10-22 13:30:00+00:00,-0.005306260770143734,-0.007111092479232695,0.4882458751139083,-0.489841766687914,0.0,1.0,0.0008985367371104192
2014-10-23 13:30:00+00:00,0.014111247895554957,0.01162492314733754,0.4945474025403087,-0.4949474326196038,0.0,1.0,0.0011894333046591
2014-10-24 13:30:00+00:00,0.007126995421774085,0.007695290985426428,0.4982165621865847,-0.49890091822650173,0.0,1.0,-0.00029007982369492704
2014-10-27 13:30:00+00:00,0.0020221030450608968,-0.001375117410270521,0.4983829661311175,-0.49737552969435506,0.0,1.0,0.0016875401851980958
2014-10-28 13:30:00+00:00,0.009920733418291139,0.011470703954479688,0.5037135761726598,-0.503466873453801,0.0,1.0,-0.0007668752890748113
2014-10-29 13:30:00+00:00,-0.001831613228806206,-0.0015123072262334114,0.5028750304451443,-0.5027895252916353,0.0,1.0,-0.0001671642397061812
2014-10-30 13:30:00+00:00,0.011342948923886986,0.0064106470765938894,0.5073235274312964,-0.5047634786272317,0.0,1.0,0.0024749272040321523
2014-10-31 13:30:00+00:00,0.009401112154983071,0.011435626772012597,0.5126100711521298,-0.5110513312080819,0.0,1.0,-0.001008833750432912
2014-11-03 14:30:00+00:00,-0.0014705301140647276,0.0005452874088347492,0.499777352497031,-0.5007862961237293,0.023661402360211636,1.0,-0.0010256918435822251
2014-11-04 14:30:00+00:00,-0.0026181668925475687,-0.003469433596806626,0.49825809284085654,-0.49883784695362093,0.0,1.0,0.0004229919016868346
2014-11-05 14:30:00+00:00,0.002296807730993722,0.0063165520435166655,0.5004095623999528,-0.5030010640516772,0.0,1.0,-0.002012484562843662
2014-11-06 14:30:00+00:00,0.00474716191577973,0.004003114216678316,0.5026061587560858,-0.504834912460347,0.0,1.0,0.00035600212545508606
2014-11-07 14:30:00+00:00,-0.0011401378079611835,0.000935276215987102,0.5025613872570814,-0.5058387863791842,0.0,1.0,-0.0010511527516884284
2014-11-10 14:30:00+00:00,0.005382513761941432,0.003147133420205561,0.5047076442501782,-0.5068695483888811,0.0,1.0,0.001107149052329085
2014-11-11 14:30:00+00:00,0.0011351815931150977,0.0009804620601614467,0.5052452037866718,-0.5073309934205394,0.0,1.0,7.001608505843984e-05
2014-11-12 14:30:00+00:00,0.0012965387024899133,-0.001077206239554096,0.5052961327517953,-0.5061792963870074,0.0,1.0,0.0011956176916362255
2014-11-13 14:30:00+00:00,0.0009711631920004127,0.0011277281700632358,0.505830389534168,-0.5067937437221177,0.0,1.0,-8.60600274020993e-05
2014-11-14 14:30:00+00:00,-0.001293676663726484,0.00024488609248951576,0.5055725999799083,-0.5073158093214953,0.0,1.0,-0.0007844400912946538
2014-11-17 14:30:00+00:00,-0.0021041974820333875,0.0006364388237505292,0.5052123606197165,-0.5083466349849941,0.0,1.0,-0.0013926524497697974
2014-11-18 14:30:00+00:00,0.004704655484085274,0.005773567523764456,0.507875691160567,-0.5115701730135698,0.0,1.0,-0.0005640759004994705
2014-11-19 14:30:00+00:00,-0.0022608269696092753,-0.0016051754550843178,0.5068962744175841,-0.5109191551108542,0.0,1.0,-0.00033301155546252187
2014-11-20 14:30:00+00:00,0.002913123734370915,0.001754384853367208,0.5080811094174038,-0.5115217112589195,0.0,1.0,0.000574350359896022
2014-11-21 14:30:00+00:00,0.005002578987417294,0.005350434146209171,0.5107255320656385,-0.5143620125509683,0.0,1.0,-0.0002010997295242807
2014-11-24 14:30:00+00:00,0.0033717832383579616,0.0028062580137877546,0.5123078964051403,-0.5156648382814372,0.0,1.0,0.0002726708877588383
2014-11-25 14:30:00+00:00,-0.0007999596004846232,-0.0007239556549827331,0.5119198066570078,-0.515313399768041,0.0,1.0,-4.245952533615181e-05
2014-11-26 14:30:00+00:00,0.002241926317425813,0.0025592678212429387,0.5131583688192252,-0.5167237318385154,0.0,1.0,-0.0001770908958781472
2014-11-28 14:30:00+00:00,0.0003193936303620415,-0.0021190488969996535,0.5126799265332889,-0.5149835409626797,0.0,1.0,0.0012529099874214055
2014-12-01 14:30:00+00:00,-0.004951801116184651,-0.00694967382978906,0.49703742413365865,-0.49603946493084744,0.027663467495968597,1.0,0.0009791522421018395
2014-12-02 14:30:00+00:00,0.005136992639778848,0.00646370728697887,0.4999201134313683,-0.49957490307418007,0.0,1.0,-0.0006589286955857571
2014-12-03 14:30:00+00:00,0.004791714791659185,0.0038629508143785962,0.5020847852095612,-0.5012743060971556,0.0,1.0,0.000459688942551132
2014-12-04 14:30:00+00:00,-0.00015896691626815507,-0.001105962817562256,0.5017698292095149,-0.5004853761480567,0.0,1.0,0.0004686234929804711
2014-12-05 14:30:00+00:00,0.0011130172124860227,0.0016369878207604938,0.5024623457221395,-0.5014384295269572,0.0,1.0,-0.00026676238955912235
2014-12-08 14:30:00+00:00,-0.0074641096521439465,-0.006682543933589469,0.49891422243762096,-0.4982896026670555,0.0,1.0,-0.00040550209019189347
2014-12-09 14:30:00+00:00,0.001599952894053569,-0.0006776857275142545,0.4991484386185323,-0.49738988295823566,0.0,1.0,0.001129970625017389
2014-12-10 14:30:00+00:00,-0.016772742127395324,-0.01603123606689405,0.4909748349058594,-0.4896140425370074,0.0,1.0,-0.00040426579420475855
2014-12-11 14:30:00+00:00,0.0053614523541329895,0.0050698451142248135,0.49353604544431484,-0.49202539996432193,0.0,1.0,0.00014411844206158763
2014-12-12 14:30:00+00:00,-0.014221497058601318,-0.01616148145533658,0.4860665986923503,-0.4836251786591809,0.0,1.0,0.0009270855775255215
2014-12-15 14:30:00+00:00,-0.004917666095282214,-0.006869495307763485,0.48322881785439203,-0.47985857099084084,0.0,1.0,0.0009259952821246224
2014-12-16 14:30:00+00:00,-0.011861589711027687,-0.008019804653423224,0.4784008667403965,-0.47691129539096433,0.0,1.0,-0.0018894423542687455
2014-12-17 14:30:00+00:00,0.016672255818691584,0.01960492812139547,0.4870488903859408,-0.4869329490996403,0.0,1.0,-0.001379742413194168
2014-12-18 14:30:00+00:00,0.028369750261677762,0.02472878375383014,0.49998125724883674,-0.49809246380209954,0.0,1.0,0.0017702434036242427
2014-12-19 14:30:00+00:00,0.004305507011660881,0.004255005321900596,0.5021202049314331,-0.5001981772975521,0.0,1.0,2.733434355499501e-05
2014-12-22 14:30:00+00:00,0.0,0.004599867849397032,0.5032811728816449,-0.5036608666386013,0.0,1.0,-0.0023067978950303872
2014-12-23 14:30:00+00:00,0.0003177240334901743,0.0013498239797475886,0.5037059770703861,-0.5046060931908669,0.0,1.0,-0.0005259013721739953
2014-12-24 14:30:00+00:00,-0.001905021071774926,9.629873200456274e-05,0.5032567672132959,-0.5051669839419924,0.0,1.0,-0.001014115808186501
2014-12-26 14:30:00+00:00,0.0023855697297596734,0.0032243187876384027,0.5046764607593474,-0.5070159586264101,0.0,1.0,-0.00043421766801042533
2014-12-29 14:30:00+00:00,0.00031747199901999146,0.0013433653544321356,0.5051027894593162,-0.5079646821123204,0.0,1.0,-0.000526839409059693
2014-12-30 14:30:00+00:00,-0.003806447139367175,-0.0053659870640672125,0.5027793606405752,-0.5048365286130103,0.0,1.0,0.0007971324642415493
2014-12-31 14:30:00+00:00,-0.008915814884174256,-0.009923002321293506,0.49803726825147193,-0.49956683320570194,0.0,1.0,0.0005208539572934206
2015-01-02 14:30:00+00:00,-0.00016065232396800244,-0.0005350234550219879,0.49982968688272655,-0.4996425350111308,0.002395898542826125,1.0,0.0001800352353031987
2015-01-05 14:30:00+00:00,-0.015102945872387807,-0.01805953638371527,0.49155895178709647,-0.48989982444324887,0.0,1.0,0.0014684594525305
2015-01-06 14:30:00+00:00,-0.008645939315135243,-0.009419195980009953,0.48713431493655424,-0.4851114392465042,0.0,1.0,0.0003585212090883234
2015-01-07 14:30:00+00:00,0.011354158428813044,0.012461343155921956,0.49292167989781066,-0.4914121590429907,0.0,1.0,-0.0005200923063653106
2015-01-08 14:30:00+00:00,0.018711246123692904,0.01774544854227167,0.5018954682620144,-0.4998840971611556,0.0,1.0,0.0004968973099757095
2015-01-09 14:30:00+00:00,-0.008624696690692657,-0.008014096397756743,0.49773029102349053,-0.49604094176387037,0.0,1.0,-0.0003285292227903186
2015-01-12 14:30:00+00:00,-0.008216301669278114,-0.007833561730065441,0.49374432069822266,-0.4922583947418937,0.0,1.0,-0.00020968726399189238
2015-01-13 14:30:00+00:00,-0.002761700985719595,-0.00281262733394283,0.4923733545896558,-0.4908664860164831,0.0,1.0,1.5012858295755284e-05
2015-01-14 14:30:00+00:00,-0.0039095956723802505,-0.006037032483295346,0.48994253571814084,-0.48739989609275114,0.0,1.0,0.001032443803791103
2015-01-15 14:30:00+00:00,-0.009321096250763827,-0.009160994195492544,0.48542800812892484,-0.48298683953691735,0.0,1.0,-0.00010768629473510287
2015-01-16 14:30:00+00:00,0.013535896387636415,0.01311466553996854,0.49188531212059394,-0.4892082683332509,0.0,1.0,0.00023053998000434843
2015-01-20 14:30:00+00:00,0.004560242741694642,0.002132486641953868,0.4935391753697647,-0.4896668685340122,0.0,1.0,0.0011939339460377203
2015-01-21 14:30:00+00:00,0.001945496770894728,0.005048073121133978,0.4952509707217136,-0.4928867711493619,0.0,1.0,-0.0015176476663168494
2015-01-22 14:30:00+00:00,0.016019219669142437,0.01487076395490039,0.5028837909269219,-0.4999174339123239,0.0,1.0,0.0005979788801396103
2015-01-23 14:30:00+00:00,-0.0022296462159304697,-0.005482780165979362,0.5009541322372215,-0.49637547949160243,0.0,1.0,0.001613732068836426
2015-01-26 14:30:00+00:00,0.001755965215824995,0.002342065798106585,0.5019787810078397,-0.49768177312401296,0.0,1.0,-0.00028883838355606384
2015-01-27 14:30:00+00:00,-0.016730697151761786,-0.013190553606371336,0.49449004394679924,-0.49202225289933815,0.0,1.0,-0.0018397092352988684
2015-01-28 14:30:00+00:00,-0.009398641802995433,-0.012824548783171297,0.4890324385503913,-0.4849090492127443,0.0,1.0,0.0016564762055575894
2015-01-29 14:30:00+00:00,0.009651484087908946,0.009243425622063928,0.4936379436936258,-0.4892778965780206,0.0,1.0,0.0002317156883242919
2015-01-30 14:30:00+00:00,-0.008911169008950726,-0.01257476262389634,0.48838549639077644,-0.4822824533626674,0.0,1.0,0.0017477098801507308
2015-02-02 14:30:00+00:00,0.008991291930956269,0.012384060932802976,0.5053633563173658,-0.5070626585251198,0.029332050246556163,1.0,-0.0017170029069990126
2015-02-03 14:30:00+00:00,0.015068088562598225,0.014461533084985767,0.5128366711459068,-0.514253625871606,0.0,1.0,0.00027600401590771145
2015-02-04 14:30:00+00:00,-0.007182621537068834,-0.0038084624141255796,0.51003600548265,-0.5131834043073183,0.0,1.0,-0.0017309484946638491
2015-02-05 14:30:00+00:00,0.012218737816006131,0.010095237439999183,0.5157288919757287,-0.5178228140383019,0.0,1.0,0.0010453355300137069
2015-02-06 14:30:00+00:00,-0.00667094789588929,-0.0027652772944429804,0.513322543369129,-0.5174332230016746,0.0,1.0,-0.002014429277522497
2015-02-09 14:30:00+00:00,-0.0031979306308504984,-0.004475626211113415,0.5113392375820139,-0.5147733543309287,0.0,1.0,0.0006683154294685859
2015-02-10 14:30:00+00:00,0.010587092932357711,0.010653353503006224,0.5167923262960246,-0.5202971773710731,0.0,1.0,-7.641887032632503e-05
2015-02-11 14:30:00+00:00,0.00047600409738124405,0.0005803292933290738,0.5170703286326984,-0.5206313485662158,0.0,1.0,-6.190080940515497e-05
2015-02-12 14:30:00+00:00,0.008250039970915335,0.00961652367708421,0.5217257861688215,-0.5260308337735672,0.0,1.0,-0.0007467651924775877
2015-02-13 14:30:00+00:00,0.006136846948906705,0.004116595582438487,0.5243872388982221,-0.5276526269417195,0.0,1.0,0.001030342711525002
2015-02-17 14:30:00+00:00,0.0006257660330803994,0.001572892913924484,0.5249819420633075,-0.5287510412215566,0.0,1.0,-0.0005077497365993266
2015-02-18 14:30:00+00:00,0.0020318671158623403,9.548086263699851e-05,0.5255177284018558,-0.5282678413042962,0.0,1.0,0.0010102555580115565
2015-02-19 14:30:00+00:00,0.001871967176929612,-0.0007138403176132346,0.5257890895225604,-0.5271764718407761,0.0,1.0,0.0013548984411320202
2015-02-20 14:30:00+00:00,0.007317262877006625,0.006000454122658594,0.5292775306283994,-0.5299803975900348,0.0,1.0,0.0006780863711205665
2015-02-23 14:30:00+00:00,0.0007724951208076813,-0.000142367675891375,0.5294331331836079,-0.529651579261066,0.0,1.0,0.0004783640064840758
2015-02-24 14:30:00+00:00,0.002162573554697067,0.0028410243815744085,0.5307722104152012,-0.5313506830366673,0.0,1.0,-0.0003657673385691793
2015-02-25 14:30:00+00:00,0.0015408843307684883,-0.0008498142557562538,0.5309192760720854,-0.5302292125906257,0.0,1.0,0.0012634555865341402
2015-02-26 14:30:00+00:00,-0.0006153776374159259,-0.0011814469447397613,0.5304367341133477,-0.529447239481725,0.0,1.0,0.0002937694525067695
2015-02-27 14:30:00+00:00,-0.0015398786599004621,-0.003405648079885637,0.5291012213193466,-0.5271273589971607,0.0,1.0,0.000980350386300867
2015-03-02 14:30:00+00:00,0.007710221978681542,0.006312815761362112,0.5035204529492595,-0.5028222139157036,0.05622858031650724,1.0,0.0006646364375490805
2015-03-03 14:30:00+00:00,-0.005661612199350463,-0.0041039490488485875,0.5010671283718582,-0.5011561407294566,0.0,1.0,-0.0007931331734530868
2015-03-04 14:30:00+00:00,-0.004155168018488364,-0.0042153599540804,0.4989728439963005,-0.4990313194969475,0.0,1.0,2.4583038493502827e-05
2015-03-05 14:30:00+00:00,0.0030905507258689457,0.001093888284736666,0.5000197932858564,-0.49908298010777197,0.0,1.0,0.0009902639901348865
2015-03-06 14:30:00+00:00,-0.015097911029838817,-0.01406439577166696,0.49273459844909234,-0.4923275209126907,0.0,1.0,-0.0005359061780019449
2015-03-09 13:30:00+00:00,0.005631573073962226,0.004144321970871223,0.4951487263875335,-0.49400797281711684,0.0,1.0,0.0007285547545000914
2015-03-10 13:30:00+00:00,-0.016643639381390574,-0.016221351204466217,0.48702139456007265,-0.48610802768790856,0.0,1.0,-0.00023355239822846744
2015-03-11 13:30:00+00:00,-0.0050617113289866955,-0.0023418606464044034,0.4852028708823951,-0.48561682013773094,0.0,1.0,-0.0013327168313124252
2015-03-12 13:30:00+00:00,0.010492765819381633,0.012713725774297968,0.4908284203601365,-0.4923268801690678,0.0,1.0,-0.001088831364509437
2015-03-13 13:30:00+00:00,-0.006765033397671094,-0.006131978195825116,0.4876578973596126,-0.48945844377202186,0.0,1.0,-0.000307485342799523
2015-03-16 13:30:00+00:00,0.014731183596557562,0.013360774661071328,0.4945260284814954,-0.4956816032665887,0.0,1.0,0.0006382816641666609
2015-03-17 13:30:00+00:00,-0.004370604508777354,-0.002972937834353706,0.4927064409929246,-0.49455104247474874,0.0,1.0,-0.0006936994785970177
2015-03-18 13:30:00+00:00,0.01222943134533594,0.012021457466143026,0.4986948861670731,-0.5004590612234431,0.0,1.0,7.43428906285185e-05
2015-03-19 13:30:00+00:00,-0.00015476403981207199,-0.004561591713755031,0.49752327557966136,-0.497082709902147,0.0,1.0,0.002199757490581261
2015-03-20 13:30:00+00:00,0.009604840255637015,0.008827277141672862,0.5021086995726707,-0.5012777089112516,0.0,1.0,0.00038479236181151473
2015-03-23 13:30:00+00:00,-0.00015345417225032243,-0.00194867745590388,0.5015833209278161,-0.49985409799434555,0.0,1.0,0.0008938255146775125
2015-03-24 13:30:00+00:00,-0.006905942508993013,-0.005619067786294174,0.4984489618400337,-0.4973742198653739,0.0,1.0,-0.0006611438988625122
2015-03-25 13:30:00+00:00,-0.01434445915292426,-0.014653663459899824,0.4912339312423001,-0.4900209762300872,0.0,1.0,0.00013242127765316307
2015-03-26 13:30:00+00:00,-0.0015733993229640753,-0.002381516748645507,0.4902707335399865,-0.488664316005223,0.0,1.0,0.00038813364629357744
2015-03-27 13:30:00+00:00,0.0004728275384981995,0.0022896352790902075,0.49094095826952155,-0.4902209473170053,0.0,1.0,-0.0008930019343730066
2015-03-30 13:30:00+00:00,0.011497690839442853,0.012199701461291568,0.49675544370745883,-0.4963711632511506,0.0,1.0,-0.0003418142296886131
2015-03-31 13:30:00+00:00,-0.00949855975388525,-0.008739416719307336,0.49222718848019154,-0.4922233733716761,0.0,1.0,-0.00038641920297632237
2015-04-01 13:30:00+00:00,-0.005973680279588112,-0.0035362264767173635,0.4976264615840184,-0.498846692363761,0.015549438148132366,1.0,-0.0012324540014618211
2015-04-02 13:30:00+00:00,0.0018976194680138114,0.0035975911990575593,0.4989980558822838,-0.5010704020067258,0.0,1.0,-0.000856293189778561
2015-04-06 13:30:00+00:00,0.00552490431374375,0.006732962008861643,0.5020676218761999,-0.5047584150907345,0.0,1.0,-0.0006227238499349215
2015-04-07 13:30:00+00:00,0.0018836892442497533,-0.0026462723619085082,0.5018713453597472,-0.5022797416398124,0.0,1.0,0.0022755152415572222
2015-04-08 13:30:00+00:00,0.0012537611953427064,0.003377016044064707,0.503040300368715,-0.5045172612560956,0.0,1.0,-0.0010729323092122144
2015-04-09 13:30:00+00:00,0.0050076368859723885,0.004423484071345518,0.5054171359735173,-0.5066064431350789,0.0,1.0,0.0002813667134194218
2015-04-10 13:30:00+00:00,0.0024916233231826457,0.005457178212417535,0.5074433365499703,-0.5101420547634387,0.0,1.0,-0.0015112849007716856
2015-04-13 13:30:00+00:00,-0.003261725230038426,-0.004522644832681499,0.5054616179680608,-0.507506964092783,0.0,1.0,0.0006460982133170895
2015-04-14 13:30:00+00:00,-0.0024937745154344215,0.0019128674285593394,0.5053316655644896,-0.5096179019281332,0.0,1.0,-0.002237253223751499
2015-04-15 13:30:00+00:00,0.006249142621292281,0.004487200364987842,0.5080500007006684,-0.5114621529260716,0.0,1.0,0.0008651796326790304
2015-04-16 13:30:00+00:00,-0.0024842032929560665,-0.00028543509318723626,0.5073571877504914,-0.5118905369149729,0.0,1.0,-0.0011220626183971155
2015-04-17 13:30:00+00:00,-0.012606849578555068,-0.011503363736857897,0.5012184704326131,-0.5062621230543529,0.0,1.0,-0.0005136650899331305
2015-04-20 13:30:00+00:00,0.011034132079069447,0.009136728930413174,0.5062938338955305,-0.5104288382195828,0.0,1.0,0.0008989786361871366
2015-04-21 13:30:00+00:00,0.0009354186066752312,-0.0011911688396821773,0.5062229112767623,-0.5092730311360377,0.0,1.0,0.0010756512186807794
2015-04-22 13:30:00+00:00,0.005919132188104026,0.004914254558350928,0.5089710606483298,-0.5115262312077592,0.0,1.0,0.0004877506328361643
2015-04-23 13:30:00+00:00,0.004800102134285611,0.002516096794069833,0.5108266662613288,-0.512224165976624,0.0,1.0,0.0011501111831308107
2015-04-24 13:30:00+00:00,0.0036984976957725735,0.002320527119527682,0.5123600164978579,-0.5130563712696856,0.0,1.0,0.0006947087987281242
2015-04-27 13:30:00+00:00,-0.003838783011569369,-0.00415787680047075,0.5103113063502088,-0.5108411898544758,0.0,1.0,0.00016043387534417434
2015-04-28 13:30:00+00:00,0.0010795346043408482,0.003178610808602933,0.5114139281240162,-0.5130184091862887,0.0,1.0,-0.0010788189943119666
2015-04-29 13:30:00+00:00,-0.005696787141351245,-0.004114778201382285,0.5089119221883546,-0.5113208099463005,0.0,1.0,-0.0008084117035696477
2015-04-30 13:30:00+00:00,-0.013316734186452295,-0.01002001085085591,0.5029695841452956,-0.5070388297769267,0.0,1.0,-0.0016595571091208296
2015-05-01 13:30:00+00:00,0.01428108106044279,0.010841670812358206,0.5062754431079327,-0.504558671514837,0.010008413922222292,1.0,0.0017087485361288002
2015-05-04 13:30:00+00:00,0.0021661650923965325,0.0028468438338717927,0.5075475662778279,-0.5061700420585948,0.0,1.0,-0.00034567593178294777
2015-05-05 13:30:00+00:00,-0.010344359140890824,-0.011451737254832728,0.5020260574323883,-0.500103300095448,0.0,1.0,0.0005403196403073375
2015-05-06 13:30:00+00:00,-0.005616295395798887,-0.004116653390831448,0.4995895796519574,-0.4984267053966715,0.0,1.0,-0.0007667270697770471
2015-05-07 13:30:00+00:00,0.005334465396375387,0.00398940155263916,0.5019180033002586,-0.5000797428523321,0.0,1.0,0.0006706666717044084
2015-05-08 13:30:00+00:00,0.014980990068826028,0.0131660091190271,0.5089642912147514,-0.5061934313420164,0.0,1.0,0.0009292217872192507
2015-05-11 13:30:00+00:00,-0.003075054266478472,-0.004772361029481198,0.5069709637735001,-0.5033525153874419,0.0,1.0,0.0008446926089785122
2015-05-12 13:30:00+00:00,-0.003084400424242295,-0.002991276259242115,0.5054396040876142,-0.5018789628917905,0.0,1.0,-6.39874073856338e-05
2015-05-13 13:30:00+00:00,-0.00030953373666808837,0.00019040592370878073,0.5054135318319912,-0.5021040482463104,0.0,1.0,-0.0002579637177850756
2015-05-14 13:30:00+00:00,0.012070673073068416,0.010427687281641784,0.5110752277632145,-0.5069044291532001,0.0,1.0,0.0008589451305375389
2015-05-15 13:30:00+00:00,0.0007644628981637869,0.0010835456789943798,0.5115500801161289,-0.5075371774038459,0.0,1.0,-0.0001645084350288593
2015-05-18 13:30:00+00:00,0.0027499504204913094,0.0031067901995520675,0.5130471273907414,-0.509203622290258,0.0,1.0,-0.0001760265517012566
2015-05-19 13:30:00+00:00,0.0009143880190456422,-0.0003282887560237535,0.5131927668457521,-0.5087157937794621,0.0,1.0,0.0006303375892639544
2015-05-20 13:30:00+00:00,-0.001065331361742139,-0.0007043605607811587,0.5127457003608173,-0.5084562946413472,0.0,1.0,-0.00019435338830764784
2015-05-21 13:30:00+00:00,0.0016761521374630828,0.002912383912188954,0.5139275436193164,-0.5102572155146268,0.0,1.0,-0.0006273325118822578
2015-05-22 13:30:00+00:00,-0.0030427737550482448,-0.0023884692615083747,0.5125436729794363,-0.5092172089062552,0.0,1.0,-0.0003509839479541086
2015-05-26 13:30:00+00:00,-0.012207966928402758,-0.010751740228561735,0.5066858746109931,-0.5041395488440156,0.0,1.0,-0.0007880974399741082
2015-05-27 13:30:00+00:00,0.0081877928338141,0.009492303345567388,0.5111630682129231,-0.5092523208489972,0.0,1.0,-0.0006427589339425443
2015-05-28 13:30:00+00:00,-0.0006130479383467113,-0.0011282583984091321,0.5107193404727868,-0.5085479466108066,0.0,1.0,0.00025524836182793016
2015-05-29 13:30:00+00:00,-0.008126210053093663,-0.006213079624575069,0.5070744356905387,-0.505892427692169,0.0,1.0,-0.000996516134604614
2015-06-01 13:30:00+00:00,0.0026278538439117316,0.002036358657294235,0.5011719390074962,-0.5008762751792332,0.012966863382707694,1.0,0.00028331178066501355
2015-06-02 13:30:00+00:00,-0.0009250346809860366,-0.0009924230926431354,0.5006945547753198,-0.5003654202499406,0.0,1.0,2.7527376373615067e-05
2015-06-03 13:30:00+00:00,0.0018518518518517713,0.002649322629424855,0.5018246895995946,-0.5018940003937756,0.0,1.0,-0.00040436967332945216
2015-06-04 13:30:00+00:00,-0.009088010126627966,-0.00844618034387501,0.49742698569796207,-0.49781792512647055,0.0,1.0,-0.0003274530009907286
2015-06-05 13:30:00+00:00,-0.002020999145503355,-0.0017135675445283383,0.4965002361240908,-0.4970435163769412,0.0,1.0,-0.00015820725441711346
2015-06-08 13:30:00+00:00,-0.006386228954329276,-0.006149238170409688,0.4933888155636468,-0.494046500141728,0.0,1.0,-0.00012027760145963206
2015-06-09 13:30:00+00:00,-0.000156723184479457,-0.00014414063468282112,0.4933174423033514,-0.49398124818096456,0.0,1.0,-1.206567122080799e-05
2015-06-10 13:30:00+00:00,0.01364044496017125,0.01199283568942544,0.4996473528982921,-0.49950643787371474,0.0,1.0,0.0007988810955873422
2015-06-11 13:30:00+00:00,0.004021644081606768,0.0032240234690008585,0.5014596675433801,-0.5009199812911567,0.0,1.0,0.000393030960099648
2015-06-12 13:30:00+00:00,-0.008011070488994076,-0.007655140404491667,0.49753625838405907,-0.497179120742863,0.0,1.0,-0.00018856833683079092
2015-06-15 13:30:00+00:00,-0.005280265493134428,-0.0042856242129579725,0.49515787891290813,-0.49529721192476994,0.0,1.0,-0.0005023530396481738
2015-06-16 13:30:00+00:00,0.006557272114025903,0.00545213840743175,0.4981355198135036,-0.49772861675873187,0.0,1.0,0.000540503618254545
2015-06-17 13:30:00+00:00,0.0038780121192334427,0.001616896688480196,0.4995073239846985,-0.4979751387516163,0.0,1.0,0.0011210474497060146
2015-06-18 13:30:00+00:00,0.010352210879334134,0.010399288997813949,0.5046851598546139,-0.5031605362142901,0.0,1.0,-1.3534608895463665e-05
2015-06-19 13:30:00+00:00,-0.0032116208960334403,-0.004438736175405911,0.5027593351283112,-0.5006234676088221,0.0,1.0,0.0006065870878715693
2015-06-22 13:30:00+00:00,0.0035286615099132668,0.00512258256295639,0.5049355180970989,-0.5035889957789125,0.0,1.0,-0.0007963699121152399
2015-06-23 13:30:00+00:00,-0.0016816716456728997,0.0007078318157056618,0.5046978462218223,-0.5045567450101764,0.0,1.0,-0.0012115444378810061
2015-06-24 13:30:00+00:00,-0.005477071455760263,-0.007262594809993361,0.5014851657352266,-0.5004448696975121,0.0,1.0,0.0008941726493804446
2015-06-25 13:30:00+00:00,-0.003713276630679996,-0.0030402565333824683,0.49979625433678826,-0.4990963880699707,0.0,1.0,-0.0003466247428140832
2015-06-26 13:30:00+00:00,-0.0009311350042698896,-0.00019090072438499028,0.49951872171673783,-0.4991888313192709,0.0,1.0,-0.00037605230634785153
2015-06-29 13:30:00+00:00,-0.022225883695080384,-0.020970205078213566,0.4887293148938012,-0.4890337722279381,0.0,1.0,-0.0006401052278249502
2015-06-30 13:30:00+00:00,0.004609832922604085,0.0020933543749779293,0.4903823969105697,-0.4894587446372006,0.0,1.0,0.0012232871184814883
2015-07-01 13:30:00+00:00,0.005062874209433632,0.00801549701282589,0.5032825073381982,-0.5047610251959831,0.0201588584522297,1.0,-0.0014923432118746245
2015-07-02 13:30:00+00:00,0.0015744739522409734,-0.0009157908161960826,0.503446255004934,-0.5036698329693818,0.0,1.0,0.0012487083287183395
2015-07-06 13:30:00+00:00,-0.004243875375492534,-0.0028460296879440072,0.501665400827246,-0.5025927401944127,0.0,1.0,-0.0007090562478990952
2015-07-07 13:30:00+00:00,0.006945580482521807,0.006288732984799372,0.5049893062279904,-0.5055927679815856,0.0,1.0,0.00031773349260851344
2015-07-08 13:30:00+00:00,-0.015206035257502637,-0.01677691651696045,0.49691415679680256,-0.49671437540124697,0.0,1.0,0.0007974500838890153
2015-07-09 13:30:00+00:00,0.003024348046944514,0.0018086944756834367,0.4981188817604538,-0.4973151445762636,0.0,1.0,0.0005984844318743249
2015-07-10 13:30:00+00:00,0.010474481328952567,0.01259146722435811,0.50386565034378,-0.5041065566102618,0.0,1.0,-0.0010503427974627143
2015-07-13 13:30:00+00:00,0.01335008852893349,0.011037302299348406,0.510002370318027,-0.5090816670000905,0.0,1.0,0.0011567222014346784
2015-07-14 13:30:00+00:00,0.004339878493688776,0.004338072303473384,0.5122162498777365,-0.5112906303609467,0.0,1.0,-1.0371420980294232e-06
2015-07-15 13:30:00+00:00,-0.0006171553263971674,-0.0003320159544872858,0.5119781136705308,-0.5111987357847939,0.0,1.0,-0.00015231272117191276
2015-07-16 13:30:00+00:00,0.007102984761779396,0.008024124425502821,0.515857811178529,-0.5155436347431707,0.0,1.0,-0.0004713019032829685
2015-07-17 13:30:00+00:00,0.00689962732647631,0.0008480163641209071,0.5178035181408212,-0.514377978764847,0.0,1.0,0.0031160848309506736
2015-07-20 13:30:00+00:00,0.0021321786900130313,0.0005175777910635393,0.5184762646658185,-0.5142164498786347,0.0,1.0,0.0008318666280204164
2015-07-21 13:30:00+00:00,-0.002887212614306911,-0.003951236318488038,0.5167060342879936,-0.5119139144904847,0.0,1.0,0.0005288871198101847
2015-07-22 13:30:00+00:00,-0.004114869177119784,-0.0017947337938304386,0.5152049964629675,-0.5116159503176247,0.0,1.0,-0.0012133809132077455
2015-07-23 13:30:00+00:00,-0.00535551948230184,-0.005629655951808199,0.5123868411002802,-0.5086771904740235,0.0,1.0,0.00011507900285656999
2015-07-24 13:30:00+00:00,-0.01492338168019347,-0.010372270440252684,0.5059425981476625,-0.5046001644276904,0.0,1.0,-0.002376359392216007
2015-07-27 13:30:00+00:00,-0.006403141515261446,-0.005817214707426577,0.5028589664331521,-0.5018204651195277,0.0,1.0,-0.0003102069376122878
2015-07-28 13:30:00+00:00,0.013360580750041207,0.012283178929578309,0.5092980610431544,-0.5077058959039307,0.0,1.0,0.0005485848823726388
2015-07-29 13:30:00+00:00,0.008376122833107624,0.006878722054672437,0.5131700830057896,-0.5108061570959299,0.0,1.0,0.0007676229935670292
2015-07-30 13:30:00+00:00,0.003230254535421029,0.00023757399440027527,0.5140410833605131,-0.5101468013880845,0.0,1.0,0.0015303633480139222
2015-07-31 13:30:00+00:00,-0.0030663864378494,-0.0015180810247424903,0.5128791163521423,-0.5097841388180324,0.0,1.0,-0.000807756808446144
2015-08-03 13:30:00+00:00,-0.003998763520716153,-0.003373078027599674,0.4981650758596375,-0.4984780219180625,0.022663255170174756,1.0,-0.00033012675509570783
2015-08-04 13:30:00+00:00,0.00030862972901313235,-0.0019543107242386837,0.49776034869179536,-0.4969462786218111,0.0,1.0,0.0011219771154457406
2015-08-05 13:30:00+00:00,0.008181460101303495,0.0032958456314224893,0.5006169588656829,-0.49737621105094354,0.0,1.0,0.0024285958304330986
2015-08-06 13:30:00+00:00,-0.01209614432181172,-0.008188065535539635,0.4955470363878999,-0.49428676794940984,0.0,1.0,-0.0019889383534346444
2015-08-07 13:30:00+00:00,-0.00216955697667387,-0.0019197685209788595,0.4945372738049583,-0.49340305682807994,0.0,1.0,-0.0001321537335721499
2015-08-10 13:30:00+00:00,0.011493945431743091,0.012599000381083858,0.5004907989905439,-0.49988845872422566,0.0,1.0,-0.0005381532428801176
2015-08-11 13:30:00+00:00,-0.007831613863224285,-0.009022740807774765,0.49628094260267297,-0.49508858626368635,0.0,1.0,0.0005847609351237788
2015-08-12 13:30:00+00:00,0.0013929953641087511,0.0011978943791846053,0.49692639293316554,-0.4956359024898693,0.0,1.0,9.23008367049413e-05
2015-08-13 13:30:00+00:00,0.00015470057917754687,-0.0012443791599210385,0.49666172270128833,-0.4946789619769159,0.0,1.0,0.0006876814078100383
2015-08-14 13:30:00+00:00,0.0023177935736147237,0.0036420086928254936,0.49813987008320504,-0.4968066999723665,0.0,1.0,-0.0006564181114927364
2015-08-17 13:30:00+00:00,0.005242212682378344,0.005586993011845509,0.5008364940418979,-0.49966742531027264,0.0,1.0,-0.00017025279738754252
2015-08-18 13:30:00+00:00,-0.001227150832532664,-0.0028966037603357364,0.49980865819891135,-0.49780850653871456,0.0,1.0,0.0008267842414923748
2015-08-19 13:30:00+00:00,-0.00383898994651255,-0.007905607208559706,0.49689076686291367,-0.49288195787465056,0.0,1.0,0.0020107657228168744
2015-08-20 13:30:00+00:00,-0.020811114229581817,-0.02088118071299694,0.48657660296767524,-0.4826164700595725,0.0,1.0,-5.484565720466193e-05
2015-08-21 13:30:00+00:00,-0.035264277168412184,-0.03010247320178394,0.47065885237359945,-0.46932602794107575,0.0,1.0,-0.002636775214961088
2015-08-24 13:30:00+00:00,-0.03818503643775417,-0.042106867028506856,0.45188067537274307,-0.4487636877080387,0.0,1.0,0.0017837708429423343
2015-08-25 13:30:00+00:00,-0.011707003088618939,-0.01176794638866363,0.4465972477712156,-0.4434893546406647,0.0,1.0,-1.5093825101109001e-05
2015-08-26 13:30:00+00:00,0.04600838597502843,0.03839380476487375,0.4655086584351664,-0.4589039993715185,0.0,1.0,0.0035140224725175757
2015-08-27 13:30:00+00:00,0.02018690716604543,0.02473506480794785,0.47583838298943565,-0.47117843148015426,0.0,1.0,-0.0019597924732122924
2015-08-28 13:30:00+00:00,0.0003220440911835265,5.023853661301203e-05,0.4759327904292648,-0.4711438612894854,0.0,1.0,0.00012361724376651334
2015-08-31 13:30:00+00:00,-0.010935949435738834,-0.00807908966834403,0.4713899939193861,-0.4679946600875238,0.0,1.0,-0.0014043158098493134
2015-09-01 13:30:00+00:00,-0.02731684915645971,-0.029847417276376298,0.4857445836676536,-0.4844808527633139,0.06061534599309015,1.0,0.0012290240060093677
2015-09-02 13:30:00+00:00,0.017385386065543518,0.018980819529040183,0.49456379535733036,-0.494050662558083,0.0,1.0,-0.0007569388962194689
2015-09-03 13:30:00+00:00,0.002135788741270739,0.0007162961494961984,0.49527514733356615,-0.49406046329600406,0.0,1.0,0.0006964448177655306
2015-09-04 13:30:00+00:00,-0.014264640562777098,-0.0151366483740073,0.4880113387126573,-0.4863838204102992,0.0,1.0,0.0004075451710685806
2015-09-08 13:30:00+00:00,0.024451264330126454,0.02513117852366964,0.5000922887300261,-0.49875527790975643,0.0,1.0,-0.0002968567637460265
2015-09-09 13:30:00+00:00,-0.016236512924926227,-0.013371932253944174,0.4926900805111665,-0.49280366824053384,0.0,1.0,-0.001456385503067026
2015-09-10 13:30:00+00:00,0.006437030186831727,0.005442029992471342,0.495621830862262,-0.49524599179048745,0.0,1.0,0.0004836561970856691
2015-09-11 13:30:00+00:00,0.006231280786873183,0.004544166668535521,0.49829564451093716,-0.49708293585953356,0.0,1.0,0.0008319260826343938
2015-09-14 13:30:00+00:00,-0.004074599378808719,-0.0037102946840039674,0.4963605823448842,-0.49533370749978695,0.0,1.0,-0.00019198333011102305
2015-09-15 13:30:00+00:00,0.01292778985727927,0.012499235522904772,0.5026670418395419,-0.5014148893379273,0.0,1.0,0.0002196002485655867
2015-09-16 13:30:00+00:00,0.00678510007729205,0.0086665183177006,0.5065542682197572,-0.5062366920725411,0.0,1.0,-0.0009408275197297055
2015-09-17 13:30:00+00:00,-0.0011230369070929225,-0.0022478055188351886,0.5057006340551056,-0.5048145143814932,0.0,1.0,0.000563090110668912
2015-09-18 13:30:00+00:00,-0.015100710786100535,-0.016341505185512584,0.4977620347627874,-0.4962638345677588,0.0,1.0,0.0006070376043209946
2015-09-21 13:30:00+00:00,0.004403846689756907,0.005167652474113549,0.5001433585614742,-0.49901718356107144,0.0,1.0,-0.00037840372439277274
2015-09-22 13:30:00+00:00,-0.008281678284197902,-0.012979956403553539,0.4948487095173326,-0.49139538325561344,0.0,1.0,0.0023292425147100346
2015-09-23 13:30:00+00:00,-0.0022926343375999636,-0.0015988325555283955,0.4938894346357541,-0.49078385471942576,0.0,1.0,-0.0003548005879234199
2015-09-24 13:30:00+00:00,-0.0027902787430468257,-0.003615642001221997,0.49231911592754785,-0.48881849332656674,0.0,1.0,0.0003904571468132503
2015-09-25 13:30:00+00:00,0.0008760625394994559,-0.00025890066605338546,0.4924786166607314,-0.4884223749529567,0.0,1.0,0.0005519053874926942
2015-09-28 13:30:00+00:00,-0.021961442596491354,-0.02509730407341204,0.48097211528561545,-0.4754812177644911,0.0,1.0,0.0014365916097059202
2015-09-29 13:30:00+00:00,0.003038985218545287,0.0005849186662847394,0.48186633811493623,-0.4751997418479502,0.0,1.0,0.0011775969281948141
2015-09-30 13:30:00+00:00,0.01750546618302873,0.018658257020582658,0.49051601617251395,-0.4842777974849422,0.0,1.0,-0.0004370564138550614
2015-10-01 13:30:00+00:00,-0.00016533074792879354,0.0026093002556568656,0.5006211433614175,-0.502010411995661,0.025206186342543846,1.0,-0.0014058709759164824
2015-10-02 13:30:00+00:00,0.013236257250486716,0.014937587816809872,0.5076934651238602,-0.5099571966560247,0.0,1.0,-0.0008784267565259582
2015-10-05 13:30:00+00:00,0.01583902526921288,0.017795012126830212,0.5162713838543928,-0.5195718703826887,0.0,1.0,-0.0010392772564996099
2015-10-06 13:30:00+00:00,-0.0035363839669952934,-0.0034260112838386814,0.5144722107360539,-0.5178185447797733,0.0,1.0,-5.1627134737268e-05
2015-10-07 13:30:00+00:00,0.00806593018690549,0.008190362904647364,0.5186724145625481,-0.5221105082639683,0.0,1.0,-9.73772465551758e-05
2015-10-08 13:30:00+00:00,0.009761303182176384,0.009026645600871852,0.523555198962964,-0.5266422183769549,0.0,1.0,0.0003440597872342124
2015-10-09 13:30:00+00:00,0.0007927156501856825,0.0005964050106708196,0.5239204642740629,-0.5269062617371287,0.0,1.0,9.49859611308275e-05
2015-10-12 13:30:00+00:00,-0.001108540984406492,0.0009437676877310786,0.5239076016046829,-0.5279758735543661,0.0,1.0,-0.0010840167924601335
2015-10-13 13:30:00+00:00,-0.007292590089621354,-0.006302084829731713,0.5203467397811185,-0.5249105848570089,0.0,1.0,-0.0004992470211006634
2015-10-14 13:30:00+00:00,-0.006068209467079977,-0.004794294925421161,0.5175239785132868,-0.5227321898967987,0.0,1.0,-0.0006469492401765536
2015-10-15 13:30:00+00:00,0.01526360999364873,0.015354531376033487,0.525493140670898,-0.5308290852477361,0.0,1.0,-0.00013297602159721716
2015-10-16 13:30:00+00:00,0.005696863887419301,0.00454685902046692,0.5281835704739173,-0.5329367283550807,0.0,1.0,0.0005741055006373363
2015-10-19 13:30:00+00:00,0.0012592514045537406,0.0004916538423747063,0.5286387411316599,-0.5329870765885187,0.0,1.0,0.00039714313179072853
2015-10-20 13:30:00+00:00,0.0003142063741432555,-0.0012787103280187395,0.5283601298073248,-0.5318578835144764,0.0,1.0,0.0008416853606645068
2015-10-21 13:30:00+00:00,-0.002356754760411639,-0.006203092357939699,0.5260375917037505,-0.5274784462250878,0.0,1.0,0.002047995940651126
2015-10-22 13:30:00+00:00,0.022362205433207327,0.016893633134608788,0.5362745108415786,-0.5348670382318159,0.0,1.0,0.0028463809533764237
2015-10-23 13:30:00+00:00,0.00939620684821052,0.01096192849612665,0.54176321826603,-0.54117948905247,0.0,1.0,-0.0008301803776941979
2015-10-26 13:30:00+00:00,-0.0009156294110579388,-0.002457788888463819,0.5408193124209878,-0.5394027056985456,0.0,1.0,0.0008280982174315282
2015-10-27 13:30:00+00:00,-0.002138449368761508,-0.001932409810907032,0.5397276297961667,-0.5384250342426627,0.0,1.0,-0.00012012001769140713
2015-10-28 13:30:00+00:00,0.009949845761292764,0.011374734363045036,0.5455125282436969,-0.5449637505856479,0.0,1.0,-0.0007601874502961172
2015-10-29 13:30:00+00:00,-0.0007579782130840984,-0.0005741384481410261,0.5451571304961594,-0.5447089070472709,0.0,1.0,-0.00010655435027117
2015-10-30 13:30:00+00:00,-0.003792156293248139,-0.004310124983685326,0.5429407776144987,-0.5422123116963726,0.0,1.0,0.00027449004492788163
2015-11-02 14:30:00+00:00,0.009744387375110852,0.011831036677579787,0.5054240427364393,-0.5064685077905791,0.08515308931087129,1.0,-0.001091853576842284
2015-11-03 14:30:00+00:00,0.004825074306629151,0.0028995064218810818,0.5073735176577056,-0.5074477112990718,0.0,1.0,0.0009642474907885335
2015-11-04 14:30:00+00:00,-0.0030013496289525987,-0.0030335009647145528,0.5058453577522389,-0.5059030129804947,0.0,1.0,1.0585421853216067e-05
2015-11-05 14:30:00+00:00,-0.004364883270627118,-0.0009978565428672148,0.5044996369402458,-0.5062634439809465,0.0,1.0,-0.001709089688970694
2015-11-06 14:30:00+00:00,0.0003025067623527722,-0.0005239885928515209,0.5044444514314083,-0.5057898134443768,0.0,1.0,0.00041193844045030273
2015-11-09 14:30:00+00:00,-0.011032184989876459,-0.009331158611492807,0.4993044706588684,-0.5014972192676707,0.0,1.0,-0.0008514719129335903
2015-11-10 14:30:00+00:00,0.0021390885228202983,0.0023068559401540067,0.5004199558027227,-0.5027017460511471,0.0,1.0,-9.47777576114736e-05
2015-11-11 14:30:00+00:00,-0.0024395224841577967,-0.003932027028419105,0.498825101754706,-0.5003498974417644,0.0,1.0,0.0007498987380522138
2015-11-12 14:30:00+00:00,-0.013909964799986074,-0.013959499082592086,0.4918667668451345,-0.49334550899292284,0.0,1.0,4.004194660354126e-05
2015-11-13 14:30:00+00:00,-0.012091180647908373,-0.011228389909186065,0.4861206379408592,-0.48800793511135754,0.0,1.0,-0.00041372657866113274
2015-11-16 14:30:00+00:00,0.015220249642141193,0.01520676021413725,0.4935333810132199,-0.49544287401627546,0.0,1.0,-2.8094567130234636e-05
2015-11-17 14:30:00+00:00,0.00030935528481257357,-0.000729008121272634,0.4934354390283487,-0.49483036450103757,0.0,1.0,0.0005079066574799955
2015-11-18 14:30:00+00:00,0.015605466429323922,0.015865744089113676,0.5012141763093231,-0.5027599054623707,0.0,1.0,-0.00015651413285307675
2015-11-19 14:30:00+00:00,0.00030423586962635696,-0.0008621590507248422,0.5010760425655997,-0.5020352690394587,0.0,1.0,0.0005799939526820932
2015-11-20 14:30:00+00:00,0.004867108446525048,0.0036437659797257105,0.503211125949578,-0.5035606490670722,0.0,1.0,0.00060354002422157
2015-11-23 14:30:00+00:00,0.0010593457335295042,-0.0011465632460413433,0.5031884357698767,-0.5024283596892848,0.0,1.0,0.0011044863107599104
2015-11-24 14:30:00+00:00,0.000604902389860662,0.001339555447336771,0.5036814963271687,-0.5032899243212448,0.0,1.0,-0.00037460313972319427
2015-11-25 14:30:00+00:00,0.0007556202715954807,-0.00014332558493879155,0.5038369870651321,-0.5029930658293328,0.0,1.0,0.00044677389089711495
2015-11-27 14:30:00+00:00,0.0012079582161756974,0.001146421113354057,0.5044324758729141,-0.5035566052694711,0.0,1.0,2.601977664871985e-05
2015-11-30 14:30:00+00:00,-0.0051277799859732465,-0.004151408691771885,0.5020979614427623,-0.5017180495710005,0.0,1.0,-0.0005021018670936158
2015-12-01 14:30:00+00:00,0.006669787312105546,0.009535383124444019,0.5040610734214687,-0.5054959384778802,0.0038160110137628322,1.0,-0.0014406582926284987
2015-12-02 14:30:00+00:00,-0.007830145890203921,-0.010205040193699277,0.4995118990991549,-0.499734760805422,0.0,1.0,0.0012057822465032333
2015-12-03 14:30:00+00:00,-0.015024800280209583,-0.014002569575199408,0.492259582347106,-0.49299031501093343,0.0,1.0,-0.0005134481451818282
2015-12-04 14:30:00+00:00,0.022341933034271122,0.019502819475634148,0.5025653908974255,-0.5019136916894522,0.0,1.0,0.001377377126430686
2015-12-07 14:30:00+00:00,-0.005124218241056577,-0.006058651505764345,0.4997603897961928,-0.4986435386186891,0.0,1.0,0.0004597130196053433
2015-12-08 14:30:00+00:00,-0.005756907582135984,-0.006719262482927868,0.4966511359480043,-0.49506158542544876,0.0,1.0,0.0004674900631736329
2015-12-09 14:30:00+00:00,-0.008989585308725179,-0.007779718572454852,0.49249139902735195,-0.4915144915480037,0.0,1.0,-0.0006192003255889239
2015-12-10 14:30:00+00:00,0.0030747024787123323,0.0025810312953036263,0.4938872798288268,-0.4926650150831687,0.0,1.0,0.000239697859600875
2015-12-11 14:30:00+00:00,-0.019926392539672322,-0.01938108414324058,0.4841906426610013,-0.48326110971670555,0.0,1.0,-0.00029896207741478986
2015-12-14 14:30:00+00:00,0.006725306100498596,0.005052572985567938,0.4870531097152366,-0.48531036781188314,0.0,1.0,0.0008086658740097773
2015-12-15 14:30:00+00:00,0.009165410217892633,0.010497542317922992,0.4918301898457514,-0.49071726416584055,0.0,1.0,-0.0006364769559439851
2015-12-16 14:30:00+00:00,0.01262310936247113,0.014631975676808073,0.4985260196153798,-0.4983846925608133,0.0,1.0,-0.0009776891802289044
2015-12-17 14:30:00+00:00,-0.013985708250427331,-0.01523797954330175,0.49125107914229865,-0.4904880859475083,0.0,1.0,0.0006161839033965096
2015-12-18 14:30:00+00:00,-0.018501273785844652,-0.01781519517917629,0.4823343002117685,-0.4819217896516803,0.0,1.0,-0.00035658210954023234
2015-12-21 14:30:00+00:00,0.00879664944595393,0.008249394004435251,0.4864500627386143,-0.48577036682571445,0.0,1.0,0.00026141065161077137
2015-12-22 14:30:00+00:00,0.008408414798348307,0.009074075769299972,0.4906991247174906,-0.4903369548168765,0.0,1.0,-0.0003235955898207283
2015-12-23 14:30:00+00:00,0.01158124823468154,0.012383411619984575,0.49657822536260154,-0.49660520209227205,0.0,1.0,-0.00039508835304532494
2015-12-24 14:30:00+00:00,-0.0010726279193151722,-0.0016503932005135225,0.49590623313379756,-0.49564633271468905,0.0,1.0,0.00028099779927244056
2015-12-28 14:30:00+00:00,-0.002455396686357525,-0.0022851197241523513,0.49473360128047655,-0.4945587202598384,0.0,1.0,-9.098769144303499e-05
2015-12-29 14:30:00+00:00,0.010613726507082477,0.010672087499122407,0.5000010480424564,-0.4998531689460566,0.0,1.0,-3.295917916440997e-05
2015-12-30 14:30:00+00:00,-0.0066971443130795505,-0.007087624142725346,0.4965589966850817,-0.4962169897554003,0.0,1.0,0.00018823983165610904
2015-12-31 14:30:00+00:00,-0.010572999621918266,-0.01000389267810009,0.4914523674348263,-0.4913963607265734,0.0,1.0,-0.0002919689546009463
2016-01-04 14:30:00+00:00,-0.014712657484950542,-0.013979377925095404,0.4928315227632496,-0.4931983023477433,0.017151271838600324,1.0,-0.00038116779679925
2016-01-05 14:30:00+00:00,0.0026718740552025277,0.0016916241554709721,0.49391294454961576,-0.4937973016433021,0.0,1.0,0.00047652521661598117
2016-01-06 14:30:00+00:00,-0.011913867548847934,-0.012614341004095753,0.487863359266694,-0.487403357951433,0.0,1.0,0.0003385617668529675
2016-01-07 14:30:00+00:00,-0.023798372216910724,-0.023991309553373807,0.4762162707753549,-0.47567322032712267,0.0,1.0,7.713864219308244e-05
2016-01-08 14:30:00+00:00,-0.011376064988243173,-0.01097711836512294,0.4708938762427815,-0.4705467017027202,0.0,1.0,-0.00020189838310159819
2016-01-11 14:30:00+00:00,0.0014791666483890964,0.0009904087279697382,0.47148453746416247,-0.47090699565159705,0.0,1.0,0.0002245445754328571
2016-01-12 14:30:00+00:00,0.010177246593787048,0.008068338608496761,0.4758104602191154,-0.47423550506737266,0.0,1.0,0.0009930249279510317
2016-01-13 14:30:00+00:00,-0.02258698645590196,-0.02494064399443585,0.46456408638195634,-0.4619113675257689,0.0,1.0,0.0010746620999088038
2016-01-14 14:30:00+00:00,0.014962590934874731,0.016416972978869016,0.4718162141400021,-0.46979430924612675,0.0,1.0,-0.0006380564326883416
2016-01-15 14:30:00+00:00,-0.019655749209939732,-0.021466559527344664,0.46217025945750034,-0.45933966690338524,0.0,1.0,0.0008050139457682642
2016-01-19 14:30:00+00:00,0.0011692268412275553,0.0013314542379101457,0.46274634695598277,-0.4599867493441775,0.0,1.0,-7.716025451631514e-05
2016-01-20 14:30:00+00:00,-0.012349345144109014,-0.012814760491374755,0.4569521985704612,-0.45401310684791846,0.0,1.0,0.00017405328836423637
2016-01-21 14:30:00+00:00,0.004392964613477712,0.005601382587543391,0.459208316751662,-0.45680364874463397,0.0,1.0,-0.0005416786537959115
2016-01-22 14:30:00+00:00,0.02170257925379948,0.02051529344790337,0.46889833201801073,-0.46590088429731075,0.0,1.0,0.0005885916052852778
2016-01-25 14:30:00+00:00,-0.015313778790639332,-0.015116345127667241,0.4617841493259186,-0.45892417699872884,0.0,1.0,-0.00014383915045244124
2016-01-26 14:30:00+00:00,0.014882909229804397,0.01364317618373434,0.4683732147894453,-0.46490383518876827,0.0,1.0,0.0006055557954587654
2016-01-27 14:30:00+00:00,-0.012522419694332987,-0.010883007526352517,0.4628837096920586,-0.46021778054461465,0.0,1.0,-0.0008115664127402697
2016-01-28 14:30:00+00:00,0.003503889289654394,0.005208811359291854,0.4648687801704778,-0.4629766671462597,0.0,1.0,-0.0007812467112557575
2016-01-29 14:30:00+00:00,0.024110662174307906,0.024377295316090786,0.47611696203353204,-0.47430252182599314,0.0,1.0,-8.37772063632237e-05
2016-02-01 14:30:00+00:00,0.000811691476654719,-0.0003613887005488037,0.5001278759404163,-0.4995416616682119,0.04958051614047482,1.0,0.0005557974495791429
2016-02-02 14:30:00+00:00,-0.016709837353975576,-0.018022319053163205,0.49145634180893316,-0.49022507167207646,0.0,1.0,0.000639891362825811
2016-02-03 14:30:00+00:00,0.007259420131299876,0.005995166974842148,0.4947159432802735,-0.4928571238301775,0.0,1.0,0.000622754520502324
2016-02-04 14:30:00+00:00,0.001965553066946013,0.0015684826014141784,0.49559248601663564,-0.4935347119246614,0.0,1.0,0.00019340023491858392
2016-02-05 14:30:00+00:00,-0.01814588129368777,-0.019050297330566512,0.4864034698228847,-0.48393766903298463,0.0,1.0,0.00040306820286642263
2016-02-08 14:30:00+00:00,-0.010323269526532397,-0.01346100993012378,0.4806674128506036,-0.47671447467907463,0.0,1.0,0.0014870632698393749
2016-02-09 14:30:00+00:00,0.002523677527134227,5.397977349574923e-05,0.4813118577873696,-0.4761776683551017,0.0,1.0,0.0011813642275191154
2016-02-10 14:30:00+00:00,0.0011745524677468921,-0.0008630441133451461,0.4814100543194306,-0.4753054999919862,0.0,1.0,0.0009703359829479031
2016-02-11 14:30:00+00:00,-0.012235812102437849,-0.013008132146327678,0.475383441850059,-0.4689883255638068,0.0,1.0,0.0002864414039427733
2016-02-12 14:30:00+00:00,0.017648143779420034,0.020616770994030142,0.4843956912874289,-0.4792733806553076,0.0,1.0,-0.0012853419558496364
2016-02-16 14:30:00+00:00,0.016007898792347763,0.016878263611984634,0.49231777692098366,-0.4875289781002137,0.0,1.0,-0.00034109764028122605
2016-02-17 14:30:00+00:00,0.014771263402750368,0.0163348947643438,0.4999386553779572,-0.49583857561400274,0.0,1.0,-0.0006975313720310991
2016-02-18 14:30:00+00:00,-0.0021027379613324237,-0.0040959031959661996,0.4984021140552751,-0.49332730888483795,0.0,1.0,0.0009737144365876224
2016-02-19 14:30:00+00:00,-0.0009725671621307885,-0.0004683835453497265,0.4980466851731033,-0.49322429117006883,0.0,1.0,-0.00025961551666578545
2016-02-22 14:30:00+00:00,0.011843061149851897,0.014479277489728215,0.5045753407217498,-0.5009916043508591,0.0,1.0,-0.0012490864094922155
2016-02-23 14:30:00+00:00,-0.010902547695080922,-0.012630039573584995,0.4986650618882791,-0.4942585536985646,0.0,1.0,0.000820434690052222
2016-02-24 14:30:00+00:00,0.00534915684095516,0.004576312961947382,0.5011322453561329,-0.49632210351424977,0.0,1.0,0.00039960342034852807
2016-02-25 14:30:00+00:00,0.010641964871218823,0.012111560055197312,0.5068120153822104,-0.5026772479285659,0.0,1.0,-0.0006841555934720959
2016-02-26 14:30:00+00:00,-0.0041481619812411274,-0.0023016159072704045,0.5051902750471637,-0.501997838946556,0.0,1.0,-0.0009513207647417634
2016-02-29 14:30:00+00:00,-0.007369461797875343,-0.007842118192964542,0.5013631145820668,-0.49795764016413957,0.0,1.0,0.00020779357206108015
2016-03-01 14:30:00+00:00,0.022595087372250466,0.02350677962757608,0.5115346406293392,-0.5119906981402265,0.003405474417927268,1.0,-0.00046350124582415135
2016-03-02 14:30:00+00:00,0.0017363837103370194,0.004492537166165933,0.5131504412541803,-0.5150210678918333,0.0,1.0,-0.0014178692038167055
2016-03-03 14:30:00+00:00,0.0012600559054776195,0.003919641884287506,0.5145060557443867,-0.5177532571003902,0.0,1.0,-0.001378052286050914
2016-03-04 14:30:00+00:00,0.002203355006014096,0.003253585031606443,0.5159269980270779,-0.5197272303613912,0.0,1.0,-0.0005568671347707309
2016-03-07 14:30:00+00:00,0.0006278167875457541,0.0007980031589618353,0.5163008777597492,-0.5201923230831998,0.0,1.0,-9.678872206977197e-05
2016-03-08 14:30:00+00:00,-0.006590277994881766,-0.01091725791700382,0.5117363858045223,-0.5133476651853104,0.0,1.0,0.002270555063154076
2016-03-09 14:30:00+00:00,0.0018953175800207056,0.004938907937475312,0.5135132369638779,-0.5166949901250875,0.0,1.0,-0.0015714262708689598
2016-03-10 14:30:00+00:00,0.0007883561120385352,0.000802750648745576,0.5139262388269122,-0.5171179886711371,0.0,1.0,-1.589832050571813e-05
2016-03-11 14:30:00+00:00,0.014335181423575483,0.01613701285937763,0.5218066438657624,-0.5259800118371675,0.0,1.0,-0.0009834661420344475
2016-03-14 13:30:00+00:00,-0.00015512708126530494,-0.0012820211837888396,0.5214194059650643,-0.5249973010378808,0.0,1.0,0.0005874187948246321
2016-03-15 13:30:00+00:00,0.0010870942289713525,-0.0016300120277852326,0.5212478218763855,-0.5234000840443416,0.0,1.0,0.0014166315613924414
2016-03-16 13:30:00+00:00,0.0044998106879112765,0.005787364467614298,0.523954627594813,-0.5267924370829957,0.0,1.0,-0.0006895429097671077
2016-03-17 13:30:00+00:00,0.007877638719766322,0.006344201150919604,0.5276708357116604,-0.5297215985629248,0.0,1.0,0.0007794956951515775
2016-03-18 13:30:00+00:00,0.0022988952298383936,0.003929614369220236,0.5293468062949952,-0.532268665933295,0.0,1.0,-0.0008744940192091886
2016-03-21 13:30:00+00:00,0.0021405510664369576,0.0014188962264849447,0.5302826840646541,-0.5328257380529718,0.0,1.0,0.0003719074882084406
2016-03-22 13:30:00+00:00,-0.0004576903756161599,-0.0005376336045020969,0.5300199401289505,-0.5325191398878539,0.0,1.0,3.780736031623141e-05
2016-03-23 13:30:00+00:00,-0.009617188851381853,-0.006599259214007724,0.5257580796350589,-0.5298468465548627,0.0,1.0,-0.0015890223996302122
2016-03-24 13:30:00+00:00,-0.0012329466485813123,-0.00044313907992243884,0.5253301652447542,-0.5298342569456335,0.0,1.0,-0.00041938819912084614
2016-03-28 13:30:00+00:00,0.0013890260558886425,0.0005908481041665414,0.5258439019436694,-0.5299296699256181,0.0,1.0,0.000410693340278053
2016-03-29 13:30:00+00:00,0.008784185737940486,0.009250327366028044,0.5306162888182516,-0.5349862315468007,0.0,1.0,-0.00028886480489897815
2016-03-30 13:30:00+00:00,0.005041154493065525,0.004387406049211062,0.5331196685343392,-0.5371605941766177,0.0,1.0,0.0003217644789844392
2016-03-31 13:30:00+00:00,-0.002583881162016466,-0.002426878136403743,0.5317846120438895,-0.5358997608351204,0.0,1.0,-7.98469478338456e-05
2016-04-01 13:30:00+00:00,0.007619708701292804,0.00681208805467759,0.5036265263599543,-0.5032228629764783,0.06768437287900986,1.0,0.0003640157559157215
2016-04-04 13:30:00+00:00,-0.0034786047780202,-0.0032379776515233383,0.5019390806043822,-0.5016578743580705,0.0,1.0,-0.00012844563783240623
2016-04-05 13:30:00+00:00,-0.006981427923565375,-0.009987844657817435,0.4976881589799694,-0.49590340095791646,0.0,1.0,0.001500277026246758
2016-04-06 13:30:00+00:00,0.00947567552650841,0.010921337375725537,0.5027590128211519,-0.5016734853115511,0.0,1.0,-0.0007059492207039595
2016-04-07 13:30:00+00:00,-0.010749266532320778,-0.011965980167251922,0.49706007891141923,-0.49537682484230644,0.0,1.0,0.0005927719643807468
2016-04-08 13:30:00+00:00,0.0024489408092776,0.0026966866705067094,0.49833942166016415,-0.49677457804617375,0.0,1.0,-0.00012455774947364712
2016-04-11 13:30:00+00:00,-0.0025957279057927662,-0.002347267367999839,0.49711220434420966,-0.49567465968676633,0.0,1.0,-0.00013344316801262417
2016-04-12 13:30:00+00:00,0.00903122271919532,0.009312487191512897,0.5016681488496927,-0.5003568634830143,0.0,1.0,-0.00013238526658021342
2016-04-13 13:30:00+00:00,0.008343271501812577,0.010101092245362153,0.5062964838295196,-0.505853408235215,0.0,1.0,-0.0008745496449296754
2016-04-14 13:30:00+00:00,-0.00045128675603500756,4.804609516395608e-05,0.5061989736437109,-0.5060086379804304,0.0,1.0,-0.0002587415597228162
2016-04-15 13:30:00+00:00,0.0001506083976832162,-0.0011053533590225095,0.505956659233321,-0.5051312870634657,0.0,1.0,0.0006296037830630606
2016-04-18 13:30:00+00:00,0.006169864973467387,0.007026574562016608,0.5092991811098431,-0.5089012947944614,0.0,1.0,-0.00043361076321499534
2016-04-19 13:30:00+00:00,0.002243537980040289,0.003154142492681311,0.5106810506529238,-0.5107457097707072,0.0,1.0,-0.00046846752342077994
2016-04-20 13:30:00+00:00,-0.0007459728252188214,0.0009527383119700694,0.5107462402397182,-0.5116792755680387,0.0,1.0,-0.0008735135724665571
2016-04-21 13:30:00+00:00,-0.005824658633679314,-0.005378113464207135,0.5078876268919748,-0.5090439803283408,0.0,1.0,-0.00022900567749568255
2016-04-22 13:30:00+00:00,-0.0009010173606344152,0.0,0.5076653487078971,-0.5092800662446427,0.0,1.0,-0.0004635679500334647
2016-04-25 13:30:00+00:00,-0.0007519818593570982,-0.00172266416665523,0.50703534348988,-0.508153949956528,0.0,1.0,0.0004896110071065328
2016-04-26 13:30:00+00:00,0.0015045601878278525,0.0014857636685423614,0.5077972356740633,-0.508907971497628,0.0,1.0,1.916133812410021e-06
2016-04-27 13:30:00+00:00,0.000601347579836542,0.0020583493162378286,0.5084829945006615,-0.5103372652408245,0.0,1.0,-0.0007481001173922198
2016-04-28 13:30:00+00:00,-0.009309275901135394,-0.009075737484306123,0.5038037332470601,-0.5057601364709701,0.0,1.0,-0.00010787382001012298
2016-04-29 13:30:00+00:00,-0.009396820269862882,-0.005398726571312129,0.5000745523512408,-0.50404262243179,0.0,1.0,-0.002009644826084672
2016-05-02 13:30:00+00:00,0.009026735158861987,0.007948219456940242,0.5042454887354666,-0.5037065172114477,0.004117174783030753,1.0,0.0005312468826169762
2016-05-03 13:30:00+00:00,-0.007884767021234529,-0.008703223959182438,0.5000685729409136,-0.49912196957948407,0.0,1.0,0.0004020600478509367
2016-05-04 13:30:00+00:00,-0.006266456466160086,-0.0055780204473264705,0.4971116370775813,-0.4965143667782964,0.0,1.0,-0.0003554977713571929
2016-05-05 13:30:00+00:00,0.00046189809268160076,-0.00019507509600702466,0.49718189519198347,-0.49625844837120386,0.0,1.0,0.00032052012383172523
2016-05-06 13:30:00+00:00,0.002305689511919118,0.0036588329158444566,0.4986650067321889,-0.4984107678801716,0.0,1.0,-0.000675332045358612
2016-05-09 13:30:00+00:00,0.00214725386829695,0.0008263611391616799,0.49940968219248677,-0.4984971460976463,0.0,1.0,0.0006529406938217301
2016-05-10 13:30:00+00:00,0.01132543237962591,0.012434070756679017,0.5053427773566056,-0.5049723563720154,0.0,1.0,-0.0005482705821315965
2016-05-11 13:30:00+00:00,-0.01059329163318401,-0.009354979206838143,0.5003073241016729,-0.5005663051405971,0.0,1.0,-0.0006351899023258153
2016-05-12 13:30:00+00:00,0.0019884280453246195,0.000290632148903347,0.5008797112383927,-0.5002898453119697,0.0,1.0,0.0008433920726410792
2016-05-13 13:30:00+00:00,-0.00885386386094722,-0.00871425186624375,0.4964852164099584,-0.49597037782641634,0.0,1.0,-8.102143679503576e-05
2016-05-16 13:30:00+00:00,0.009549056320493854,0.009865036833838436,0.501305264179719,-0.5009421690687448,0.0,1.0,-0.00015775313291147198
2016-05-17 13:30:00+00:00,-0.009305945396137494,-0.00933300579528129,0.49663804678119616,-0.4962647764952874,0.0,1.0,4.224370814247792e-06
2016-05-18 13:30:00+00:00,-0.0015399129606076256,0.00029244556926055765,0.49632783530995883,-0.496864966762469,0.0,1.0,-0.0009158621809877289
2016-05-19 13:30:00+00:00,-0.004164095157918157,-0.003464734846464368,0.49443472610754535,-0.4953174185360204,0.0,1.0,-0.00035120335237729506
2016-05-20 13:30:00+00:00,0.0046461422390235985,0.006317427774654716,0.49714848614042445,-0.4988645343465022,0.0,1.0,-0.0008378703326737802
2016-05-23 13:30:00+00:00,-0.0016956909951089116,-0.0013626863682379975,0.49638944848998107,-0.49826902896909897,0.0,1.0,-0.00016916669158135138
2016-05-24 13:30:00+00:00,0.01528686652954847,0.012962263915849093,0.5034120578689818,-0.5041612519682946,0.0,1.0,0.001123592210198817
2016-05-25 13:30:00+00:00,0.004258855977292697,0.006783412261925692,0.5062049348653326,-0.5082327025808057,0.0,1.0,-0.0012819265478453891
2016-05-26 13:30:00+00:00,-0.0003028177134353216,0.0002864272132869772,0.5062059446293474,-0.5085332812422726,0.0,1.0,-0.0003048118785595061
2016-05-27 13:30:00+00:00,0.003484199661517584,0.004299306681640136,0.5081874612802467,-0.5109385949003717,0.0,1.0,-0.0004285703338979046
2016-05-31 13:30:00+00:00,-0.0027174578961873808,-0.001902651558851054,0.5070167899093901,-0.5101780747214366,0.0,1.0,-0.00041479229628744676
2016-06-01 13:30:00+00:00,0.0015139397170855773,0.002049410327936485,0.5008983660132461,-0.5011661769177045,0.017194864630826756,1.0,-0.0002822851186932482
2016-06-02 13:30:00+00:00,0.0007557583638244658,0.0030433794828490512,0.5018553792702389,-0.503271503176791,0.0,1.0,-0.0011526331117411013
2016-06-03 13:30:00+00:00,-0.001963434087932092,-0.002986933000529879,0.5006137421602261,-0.5015115281646572,0.0,1.0,0.0005119259212413783
2016-06-06 13:30:00+00:00,0.006355773074733229,0.005088442984228836,0.5034813963105789,-0.5037491407370689,0.0,1.0,0.0006239221453116956
2016-06-07 13:30:00+00:00,-0.0007517606788838282,0.001561411737041718,0.5036927278735692,-0.5051272094290685,0.0,1.0,-0.0011710097181197392
2016-06-08 13:30:00+00:00,0.003009706554614855,0.003259842688474457,0.5052777263811953,-0.5068430897329456,0.0,1.0,-0.00013662031676631804
2016-06-09 13:30:00+00:00,-0.0012004703393545535,-0.0013658519545020065,0.5046309114854316,-0.5061104551435005,0.0,1.0,7.974932012806782e-05
2016-06-10 13:30:00+00:00,-0.0081115612746252,-0.009477334639724333,0.5001887946791049,-0.5009645638194568,0.0,1.0,0.0006972812075217203
2016-06-13 13:30:00+00:00,-0.007875146424757395,-0.007711824011082835,0.4962902626506083,-0.4971418107760923,0.0,1.0,-8.166182710871958e-05
2016-06-14 13:30:00+00:00,-0.001374039292635909,-0.0019669323853819254,0.49546467062425575,-0.49602013567543857,0.0,1.0,0.0002899696253559967
2016-06-15 13:30:00+00:00,-0.0027515878257942106,-0.0013941070652068177,0.4944364661985492,-0.4956645729937272,0.0,1.0,-0.0006777617611232482
2016-06-16 13:30:00+00:00,0.005058769251408579,0.002984262222617051,0.4964332830368233,-0.4966391337365215,0.0,1.0,0.001016094550753165
2016-06-17 13:30:00+00:00,-0.003965535039643142,-0.00372417593015395,0.49452647746933504,-0.4948514208592972,0.0,1.0,-0.00012500445184592343
2016-06-20 13:30:00+00:00,0.006430776205814892,0.006440359237600335,0.4977130294347442,-0.4980448088813554,0.0,1.0,-1.2784196067952457e-05
2016-06-21 13:30:00+00:00,0.0019281101847614668,0.0028383769523860902,0.4989021429045039,-0.4996882772759025,0.0,1.0,-0.0004599457265951411
2016-06-22 13:30:00+00:00,-0.0015271212933003486,-0.0016312244951978139,0.49811671419101966,-0.49884959424901015,0.0,1.0,4.726729120062696e-05
2016-06-23 13:30:00+00:00,0.012695020303483684,0.01302291293418989,0.5045305388736455,-0.5054364539652786,0.0,1.0,-0.00017882541395361945
2016-06-24 13:30:00+00:00,-0.03458699673232646,-0.03590927904852603,0.48674268441592755,-0.4869487939599154,0.0,1.0,0.0006937101864026052
2016-06-27 13:30:00+00:00,-0.015331576073568276,-0.01790995365845105,0.4786804871152301,-0.4776292157951048,0.0,1.0,0.0012527454585327033
2016-06-28 13:30:00+00:00,0.01652344455844501,0.018035987434122047,0.48693615721106187,-0.4865897036009213,0.0,1.0,-0.0007110164251445031
2016-06-29 13:30:00+00:00,0.016411330463939944,0.01702795507180621,0.4950761036082662,-0.49502399176891776,0.0,1.0,-0.00030030980144061923
2016-06-30 13:30:00+00:00,0.014916617731335347,0.013645346841552275,0.5021475569582741,-0.5014657837142901,0.0,1.0,0.000624134541914496
2016-07-01 13:30:00+00:00,0.00181805330414897,0.002100375043761371,0.5009836330951849,-0.5011248149897877,0.003613340672564136,1.0,-0.0001489199210948636
2016-07-05 13:30:00+00:00,-0.005898552336452312,-0.007193396789941242,0.49770815077688446,-0.49719994837540565,0.0,1.0,0.0006437590750370861
2016-07-06 13:30:00+00:00,0.004108029780441003,0.005998263592681852,0.5002248072424346,-0.5006547470135767,0.0,1.0,-0.0009436888242162108
2016-07-07 13:30:00+00:00,-0.0006063974224592705,-0.0006205489624067084,0.4999207756345269,-0.5003433690668192,0.0,1.0,1.3933690688894169e-06
2016-07-08 13:30:00+00:00,0.013796453985719825,0.014890881251341082,0.5071015680796409,-0.5080781274881403,0.0,1.0,-0.000559372097075195
2016-07-11 13:30:00+00:00,0.0026919307476365173,0.0035268101847962807,0.5086867923204594,-0.510090772133962,0.0,1.0,-0.0004327651923614992
2016-07-12 13:30:00+00:00,0.005369077679071799,0.007263198134061621,0.5119194802178202,-0.5142995030957134,0.0,1.0,-0.0009796638230314153
2016-07-13 13:30:00+00:00,-0.00014864157930039035,-0.0001395896148660425,0.5118486362097956,-0.5142329851873294,0.0,1.0,-1.0254031403665025e-05
2016-07-14 13:30:00+00:00,0.004599585932952177,0.005583697324130998,0.5144719875535015,-0.5173748842500329,0.0,1.0,-0.0005229819374114351
2016-07-15 13:30:00+00:00,0.0001478524046392149,-0.0013419228552670193,0.5141550381334483,-0.5162859628684886,0.0,1.0,0.0007643907214431682
2016-07-18 13:30:00+00:00,0.0017719423889206443,0.0026871200747440316,0.5153145870902123,-0.5179230389457958,0.0,1.0,-0.0004822216495390811
2016-07-19 13:30:00+00:00,0.0005896244478136303,-0.0010164752594640225,0.5151937314559395,-0.516970420671233,0.0,1.0,0.0008243456533058173
2016-07-20 13:30:00+00:00,0.004566864145465255,0.00416292316236988,0.5174457738797055,-0.5190214445768566,0.0,1.0,0.0001947592607298274
2016-07-21 13:30:00+00:00,-0.003959245245530485,-0.0037769854815493664,0.5154456911727886,-0.5171098770796516,0.0,1.0,-9.431064022588095e-05
2016-07-22 13:30:00+00:00,0.00485850808574062,0.004484993188605069,0.5178572346142067,-0.519336092860316,0.0,1.0,0.00017911040090813347
2016-07-25 13:30:00+00:00,-0.0014656593082648106,-0.002715856185289023,0.5167646672136913,-0.5175915518523427,0.0,1.0,0.0006454874828215566
2016-07-26 13:30:00+00:00,-0.0024939544136510783,0.0004615373294154512,0.5162676420610479,-0.5186258186098242,0.0,1.0,-0.0015336277261388264
2016-07-27 13:30:00+00:00,-0.0005884100394487612,-0.0010611618482563312,0.5158397454496784,-0.517950845164458,0.0,1.0,0.0002406164876458126
2016-07-28 13:30:00+00:00,0.0002941178959121604,0.0011547016427837509,0.5162249586020695,-0.5187835766052195,0.0,1.0,-0.00045231337218548895
2016-07-29 13:30:00+00:00,0.0007358267943495811,0.0016144863979707935,0.5168444556408858,-0.5198621897460205,0.0,1.0,-0.000463669252420741
2016-08-01 13:30:00+00:00,-0.001029100970292407,-0.0008287544204704789,0.499547632693912,-0.4996478184398423,0.03670664538690627,1.0,-0.00012447897855679814
2016-08-02 13:30:00+00:00,-0.003680020816700158,-0.0064076342007145515,0.49703468053245353,-0.4957733634541048,0.0,1.0,0.0013572623815482866
2016-08-03 13:30:00+00:00,0.0014768704952199396,0.0029230561340132244,0.49812792143638424,-0.497581327742122,0.0,1.0,-0.0007210698972978204
2016-08-04 13:30:00+00:00,-0.00029437754543137906,0.001063628183561649,0.49832105479348693,-0.4984504285089333,0.0,1.0,-0.0006818315795762052
2016-08-05 13:30:00+00:00,0.008410402097331682,0.008179066519779843,0.5024577347158309,-0.5024728855581205,0.0,1.0,0.0001082688518399655
2016-08-08 13:30:00+00:00,-0.0005852460158787265,-0.0005958238633984037,0.5021639889045698,-0.5021738158044987,0.0,1.0,-6.28432416087765e-07
2016-08-09 13:30:00+00:00,-0.0007317107594370098,0.0005961790811217504,0.5021343744176137,-0.5028114811769459,0.0,1.0,-0.000672776698705391
2016-08-10 13:30:00+00:00,-0.001758311730483464,-0.0024749227695028964,0.501073304813328,-0.50138878857703,0.0,1.0,0.00035555844176245345
2016-08-11 13:30:00+00:00,0.00528403179920911,0.0046404705328475515,0.5035623422577067,-0.503556820383626,0.0,1.0,0.00031505499652420495
2016-08-12 13:30:00+00:00,-0.0013142903590666055,-0.0008687523605175329,0.5030163665036249,-0.5032352559979693,0.0,1.0,-0.00023031333620770474
2016-08-15 13:30:00+00:00,0.002777689785960158,0.002883790830743971,0.5044438334406476,-0.504716741090491,0.0,1.0,-5.9954174498509205e-05
2016-08-16 13:30:00+00:00,-0.006123426393074061,-0.005157484419170855,0.5016016006057615,-0.5023607375607329,0.0,1.0,-0.0004918083361973997
2016-08-17 13:30:00+00:00,0.00293430591311572,0.0018809128846231093,0.5028114866655348,-0.5030435469576311,0.0,1.0,0.0005210033777266642
2016-08-18 13:30:00+00:00,0.0007310260169721694,0.002243900150134648,0.5035653719640414,-0.5045594060550601,0.0,1.0,-0.0007671635931099141
2016-08-19 13:30:00+00:00,-0.00014625350922792268,-0.0014623003803651002,0.503160535030093,-0.5034901829326993,0.0,1.0,0.0006582168276633173
2016-08-22 13:30:00+00:00,-0.0005843239585103799,-4.565622420571458e-05,0.5030058456525525,-0.5036066812657248,0.0,1.0,-0.000276973675870014
2016-08-23 13:30:00+00:00,0.002193530778698216,0.002013228121944266,0.5040670990817084,-0.5045784083133802,0.0,1.0,8.353129022843744e-05
2016-08-24 13:30:00+00:00,-0.004086153709540685,-0.005114581933238327,0.5017489728180577,-0.5017392750803507,0.0,1.0,0.0005150595833392501
2016-08-25 13:30:00+00:00,0.0,-0.0006887391559146083,0.5015786291398306,-0.501223484529789,0.0,1.0,0.0003396151038556672
2016-08-26 13:30:00+00:00,-0.002931100666725972,-0.0018834891236937379,0.5003746914784991,-0.5005457663667656,0.0,1.0,-0.0005320808535879035
2016-08-29 13:30:00+00:00,0.003527478759285163,0.004924531868567783,0.5024944356906061,-0.50336601826323,0.0,1.0,-0.0007058448632279297
2016-08-30 13:30:00+00:00,-0.0035150793913948375,-0.0016485884699546371,0.5012004675973856,-0.5030102201325173,0.0,1.0,-0.0009424168022632727
2016-08-31 13:30:00+00:00,-0.0026453816075887593,-0.002843942419081591,0.4998252617363571,-0.5015301803699068,0.0,1.0,9.871322261704427e-05
2016-09-01 13:30:00+00:00,-0.0007370415474183822,4.573503870908269e-05,0.4998305083025272,-0.500222052505804,0.0017049186335497124,1.0,-0.00039819313333288827
2016-09-02 13:30:00+00:00,0.004719540914360332,0.0045082797646707196,0.5021403307490977,-0.5024280172174043,0.0,1.0,9.787719607294733e-05
2016-09-06 13:30:00+00:00,0.0011739696757817608,0.0030223006957452725,0.5032002920651787,-0.5044181081473122,0.0,1.0,-0.0009349434056639953
2016-09-07 13:30:00+00:00,0.00014670379013748125,-9.127173172984726e-05,0.5032167929747029,-0.5043146235007308,0.0,1.0,0.00011390812333836686
2016-09-08 13:30:00+00:00,-0.004250869074632568,-0.002283146665877145,0.5015760687279729,-0.5036636580114979,0.0,1.0,-0.0009936368328455438
2016-09-09 13:30:00+00:00,-0.02267046609230039,-0.023934688697795026,0.4898729142088919,-0.4912754827824195,0.0,1.0,0.0006781172231386782
2016-09-12 13:30:00+00:00,0.013254783802186365,0.014347272668479905,0.49664481872094574,-0.4986037905178146,0.0,1.0,-0.0005612561193850068
2016-09-13 13:30:00+00:00,-0.011594972450971186,-0.014375604917654994,0.4901983914397524,-0.49074744469549436,0.0,1.0,0.0014031957309899909
2016-09-14 13:30:00+00:00,0.0,-0.00037476555100612874,0.49011116985642106,-0.4904762429062044,0.0,1.0,0.00017796285556377568
2016-09-15 13:30:00+00:00,0.00977623760163815,0.009992704417294274,0.4949598766220317,-0.4954347454822714,0.0,1.0,-0.00011569325228590331
2016-09-16 13:30:00+00:00,-0.004468683649916927,-0.003865821969990746,0.4928971633248314,-0.4936688222030434,0.0,1.0,-0.00030250896519601545
2016-09-19 13:30:00+00:00,0.0011970905968352596,0.00018752988888115496,0.4932447699048661,-0.4935188291794626,0.0,1.0,0.0004915125190987207
2016-09-20 13:30:00+00:00,0.0011955932075715658,4.6852802858321496e-05,0.49355777931248934,-0.4932654051490335,0.0,1.0,0.0005606449752056619
2016-09-21 13:30:00+00:00,0.010596882102195782,0.011245732606962378,0.49894906837130193,-0.4989736594011015,0.0,1.0,-0.0003229096335273615
2016-09-22 13:30:00+00:00,0.005316809042088755,0.006301073013298408,0.5018514082800167,-0.5023675084587063,0.0,1.0,-0.0004972049222931146
2016-09-23 13:30:00+00:00,-0.006317468735509757,-0.0054789466129742115,0.4988924772789907,-0.49982695944311273,0.0,1.0,-0.00042393820369480685
2016-09-26 13:30:00+00:00,-0.006682081289132946,-0.008102206664280742,0.4952071861842377,-0.49542545212171313,0.0,1.0,0.00071010885311966
2016-09-27 13:30:00+00:00,0.005680733385602155,0.006207695835715787,0.4981539624070079,-0.49863466782060906,0.0,1.0,-0.00026826290164904944
2016-09-28 13:30:00+00:00,0.0029733981125243947,0.004964009915287226,0.5001352926293903,-0.5016114915809095,0.0,1.0,-0.0009999697645522913
2016-09-29 13:30:00+00:00,-0.008744659251380793,-0.009047381557623968,0.4956830627372616,-0.49699429561344843,0.0,1.0,0.00015880546343535127
2016-09-30 13:30:00+00:00,0.009120507922265153,0.007545997784295544,0.4998217747777823,-0.5003620311208694,0.0,1.0,0.0007646110661688616
2016-10-03 13:30:00+00:00,-0.0031116431118074495,-0.0024041228696637384,0.49862367430585075,-0.49897756182028086,0.000540256343087131,1.0,-0.00035998263019578
2016-10-04 13:30:00+00:00,-0.006391175928082138,-0.005097614590601207,0.49575870380243264,-0.4967564353178625,0.0,1.0,-0.0006491487058301228
2016-10-05 13:30:00+00:00,0.003739704108399744,0.004425099095652474,0.4977869987499133,-0.4991294059112124,0.0,1.0,-0.0003501579722521119
2016-10-06 13:30:00+00:00,0.0008943582018754448,0.0006955564071036147,0.4981863282046313,-0.49943059357152253,0.0,1.0,9.20748479112012e-05
2016-10-07 13:30:00+00:00,-0.0029777435497353455,-0.0034291917255675486,0.4965920079340793,-0.4976068746290848,0.0,1.0,0.00022321975264069676
2016-10-10 13:30:00+00:00,0.004928069371396004,0.005208316497621546,0.4991143178915314,-0.5002738132123792,0.0,1.0,-0.00015040661103296143
2016-10-11 13:30:00+00:00,-0.010997111814775695,-0.012629570366539666,0.49321934813483354,-0.4935491445123207,0.0,1.0,0.0008234749833418109
2016-10-12 13:30:00+00:00,0.0013525579532087662,0.001311671723816632,0.49387964977391247,-0.4941897085836804,0.0,1.0,1.3780913873131653e-05
2016-10-13 13:30:00+00:00,-0.002251130271918589,-0.0032753424335361103,0.4925211581450792,-0.4923244623874417,0.0,1.0,0.000500900711497987
2016-10-14 13:30:00+00:00,0.0010526593170976373,0.0005162648962713234,0.49291227875212396,-0.49245141490315897,0.0,1.0,0.0002583347675304679
2016-10-17 13:30:00+00:00,-0.0016524300225582156,-0.003472076159706683,0.49166050593399896,-0.4903055214026167,0.0,1.0,0.0008893733886491081
2016-10-18 13:30:00+00:00,0.00045155319791545523,0.006262230525612811,0.49329053952971863,-0.4947882252433845,0.0,1.0,-0.0028543477102131246
2016-10-19 13:30:00+00:00,0.001805132682218602,0.0026675280150905145,0.49439623423412077,-0.4963241658677342,0.0,1.0,-0.0004353589585916825
2016-10-20 13:30:00+00:00,-0.003153290086890137,-0.0018668350400379286,0.4931520738575544,-0.49571406039142185,0.0,1.0,-0.000638371781299165
2016-10-21 13:30:00+00:00,-0.0016566608787861314,0.00046749832479764386,0.4928548940942354,-0.4964694240545162,0.0,1.0,-0.0010546836218160679
2016-10-24 13:30:00+00:00,0.004526116378942069,0.0042528298960498034,0.4950294930811329,-0.4985243082479257,0.0,1.0,0.00011336621855562238
2016-10-25 13:30:00+00:00,-0.004505722952487967,-0.0033507479776201388,0.4930781040225299,-0.49713525192112157,0.0,1.0,-0.0005659888124303092
2016-10-26 13:30:00+00:00,0.0010556620988613208,-0.00200760432984759,0.492853127223599,-0.4953878662687383,0.0,1.0,0.0015126223695193194
2016-10-27 13:30:00+00:00,-0.003918364887968595,-0.00266673604516543,0.4912245736726114,-0.4943713610434782,0.0,1.0,-0.0006160620902744138
2016-10-28 13:30:00+00:00,0.00030260862220754525,-0.0029554669952228663,0.4905864225834421,-0.49212100177203305,0.0,1.0,0.001603794651428584
2016-10-31 13:30:00+00:00,0.0,4.6876860608779936e-05,0.49060066053508494,-0.49215835401783103,0.0,1.0,-2.902146855510169e-05
2016-11-01 13:30:00+00:00,-0.006958225741000357,-0.0072455315825800115,0.4964568044617899,-0.49631317008133263,0.017240985447084023,1.0,0.00012908004711390442
2016-11-02 13:30:00+00:00,-0.005026607943222072,-0.006018069242765378,0.4937216577951755,-0.4930869781819186,0.0,1.0,0.0004854009259191888
2016-11-03 13:30:00+00:00,-0.0022961502786214005,-0.004577334778524178,0.49203818896609647,-0.4902821065695991,0.0,1.0,0.0011174126710092956
2016-11-04 13:30:00+00:00,-0.0016882817118215598,-0.001101682616378885,0.4913531840607762,-0.48988723078742974,0.0,1.0,-0.00029651618297229517
2016-11-07 14:30:00+00:00,0.021057979204829325,0.022057184025803034,0.5019332773801286,-0.5009254835750765,0.0,1.0,-0.0004645800501432604
2016-11-08 14:30:00+00:00,0.004816823401520454,0.00450352142295829,0.5042724140466224,-0.5031030071754619,0.0,1.0,0.00015584292894798153
2016-11-09 14:30:00+00:00,0.011835084405074081,0.010602313637689376,0.5099202405793399,-0.5081179150365865,0.0,1.0,0.0006280983283009251
2016-11-10 14:30:00+00:00,0.0013324715688776134,0.002495406006552292,0.5109034057538309,-0.5096888644907634,0.0,1.0,-0.000594458655204303
2016-11-11 14:30:00+00:00,-0.0010345898929016162,-0.002305226593519949,0.5100481849688838,-0.508188461885496,0.0,1.0,0.0006404204440507857
2016-11-14 14:30:00+00:00,-0.002664609331703871,0.0007858317710582874,0.5095882141764004,-0.5094867418493694,0.0,1.0,-0.0017643821732739574
2016-11-15 14:30:00+00:00,0.004303656477907536,0.007802608440194314,0.5126981060191398,-0.5143818775206955,0.0,1.0,-0.0017881853140677736
2016-11-16 14:30:00+00:00,0.0016257155278862623,-0.0018782700090504978,0.5126121364681283,-0.5124964661214122,0.0,1.0,0.0017936969448670206
2016-11-17 14:30:00+00:00,0.004721276654198858,0.005140746758094172,0.51514584967931,-0.5152446319367278,0.0,1.0,-0.00022038321513477712
2016-11-18 14:30:00+00:00,-0.0017617389196395994,-0.002237451823082548,0.5141152538968421,-0.5139687886594202,0.0,1.0,0.00023933016743709598
2016-11-21 14:30:00+00:00,0.006472102733031226,0.00755135671387519,0.517732439264496,-0.5181399570408768,0.0,1.0,-0.0005597073040791977
2016-11-22 14:30:00+00:00,0.003069283264482525,0.0019532331570679684,0.5190251086712041,-0.5188557038218815,0.0,1.0,0.0005710669862678386
2016-11-23 14:30:00+00:00,-0.0029142832657933493,0.0005440388676298813,0.5184461487262799,-0.5200745401690089,0.0,1.0,-0.0018008162392500074
2016-11-25 14:30:00+00:00,0.004091651395830009,0.003715429454043351,0.5204721781065984,-0.5219113054763066,0.0,1.0,0.0001830482623042076
2016-11-28 14:30:00+00:00,-0.0033472713274022015,-0.004694861744926726,0.5183660263935591,-0.5190965010093261,0.0,1.0,0.0007021874428863086
2016-11-29 14:30:00+00:00,0.0002917902789674187,0.0019499863504188752,0.5189671884249983,-0.5205600208379318,0.0,1.0,-0.0008669293050221559
2016-11-30 14:30:00+00:00,-0.005839051757068892,-0.002398893377003386,0.5168607804675156,-0.5202411634692209,0.0,1.0,-0.0017874606680656105
2016-12-01 14:30:00+00:00,-0.003377318088157999,-0.0036753728265198626,0.4982492969523657,-0.4981002881383607,0.03710194393673649,1.0,0.00012452401626018264
2016-12-02 14:30:00+00:00,0.0,0.0005008406736526361,0.4983765929320842,-0.4984770786681308,0.0,1.0,-0.00025542126481016965
2016-12-05 14:30:00+00:00,0.0044199536489606395,0.0060087832848712,0.5009793721344624,-0.5018730106417628,0.0,1.0,-0.0007983916786581344
2016-12-06 14:30:00+00:00,0.0017603176902338813,0.0031674618319841308,0.5022197058310018,-0.5038222688951629,0.0,1.0,-0.0007137331354525731
2016-12-07 14:30:00+00:00,0.013179473215591209,0.013080851172617702,0.5088271900366506,-0.5104011504617526,0.0,1.0,2.261466352120116e-05
2016-12-08 14:30:00+00:00,0.0020233532156530565,0.0024486761618831565,0.5099720942686778,-0.5117667306796609,0.0,1.0,-0.0002262223799134471
2016-12-09 14:30:00+00:00,0.00533666734820093,0.006040438999521891,0.5128863353838351,-0.5150515295457447,0.0,1.0,-0.00037569667563032183
2016-12-12 14:30:00+00:00,0.001721613058843774,-0.001148035611923004,0.513016046789535,-0.5137059386471594,0.0,1.0,0.001468336929640885
2016-12-13 14:30:00+00:00,0.007161437480406763,0.006674373674332212,0.5165663572787125,-0.5170108758043024,0.0,1.0,0.00023931457132158538
2016-12-14 14:30:00+00:00,-0.00810602951795969,-0.008254452687263325,0.5123409434832145,-0.5127050952474996,0.0,1.0,7.438729208865299e-05
2016-12-15 14:30:00+00:00,0.0027242807486054232,0.004117390568121104,0.5141074778178993,-0.5151876551592791,0.0,1.0,-0.000721198935298408
2016-12-16 14:30:00+00:00,-0.0004289577378122633,-0.0019559154419013236,0.5134858222085172,-0.5137786376985534,0.0,1.0,0.0007811807285734528
2016-12-19 14:30:00+00:00,0.0020025778734980015,0.0021774546401671646,0.5145637146598817,-0.5149470014264353,0.0,1.0,-9.6386713718155e-05
2016-12-20 14:30:00+00:00,0.0032834280177520547,0.0038573995636796976,0.5164096039094678,-0.5170899200802833,0.0,1.0,-0.000302775801940052
2016-12-21 14:30:00+00:00,-0.002561357705620826,-0.002782499235757796,0.5150301686612017,-0.5155943301059468,0.0,1.0,0.00011014020825895321
2016-12-22 14:30:00+00:00,-0.0005449742204837182,-0.001727619681004433,0.5144387075959552,-0.514392824012494,0.0,1.0,0.000604120366461213
2016-12-23 14:30:00+00:00,0.0007174358849013629,0.001464488895891014,0.5150087398534148,-0.5153472341392852,0.0,1.0,-0.0003901981704330814
2016-12-27 14:30:00+00:00,0.0008600798082232242,0.002480997649316752,0.5158858471872481,-0.5170609570792474,0.0,1.0,-0.0008415790392274279
2016-12-28 14:30:00+00:00,-0.007162176311393265,-0.00826474303736846,0.5118978904738177,-0.5124941484226488,0.0,1.0,0.0005725581698558475
2016-12-29 14:30:00+00:00,0.0011541163282280387,-0.0002222750909689486,0.5121308277391118,-0.5120224570149619,0.0,1.0,0.0006987520162906385
2016-12-30 14:30:00+00:00,-0.004178935594581934,-0.0036554413982607947,0.5101306693360017,-0.5102908362279309,0.0,1.0,-0.00027444603986236403
2017-01-03 14:30:00+00:00,0.007235891665452909,0.007650339410884444,0.503730472675075,-0.5039377428492545,0.02042150556393263,1.0,-0.00022338700645011442
2017-01-04 14:30:00+00:00,0.005603258256166477,0.005949150009046722,0.5066449209769331,-0.5070277298984812,0.0,1.0,-0.00018142167848375217
2017-01-05 14:30:00+00:00,-0.0009999230347100818,-0.0007947589545279632,0.5061937905887529,-0.5066802939262673,0.0,1.0,-0.00010959347932528205
2017-01-06 14:30:00+00:00,0.0034322669547923734,0.003577655544235281,0.5079724747349905,-0.5085343590893663,0.0,1.0,-8.128772351358556e-05
2017-01-09 14:30:00+00:00,-0.004988749408787574,-0.0033004564037877326,0.5058742413518844,-0.5072931002440549,0.0,1.0,-0.0008617042819643361
2017-01-10 14:30:00+00:00,-0.001575646166432687,0.0,0.5054830812230586,-0.5077007998215176,0.0,1.0,-0.0008030311900355214
2017-01-11 14:30:00+00:00,0.0005740492419390453,0.0028258115934169936,0.5063557889047164,-0.5097218746329619,0.0,1.0,-0.0011504470074859962
2017-01-12 14:30:00+00:00,-0.001147063010659255,-0.0025096612909127902,0.5054249829125024,-0.5080908154098104,0.0,1.0,0.0006924548812596796
2017-01-13 14:30:00+00:00,0.0,0.002295242994694524,0.5060181091374634,-0.5098546304759964,0.0,1.0,-0.0011721442656903768
2017-01-17 14:30:00+00:00,0.0005740015281139321,-0.003523555048611904,0.5052571223923962,-0.5070030544148578,0.0,1.0,0.0020810036442176997
2017-01-18 14:30:00+00:00,0.0017215822219665,0.002210057940796206,0.5062568781060098,-0.5082539870672229,0.0,1.0,-0.0002566168279371673
2017-01-19 14:30:00+00:00,-0.0050125420184276015,-0.0037043502614182433,0.5040523398946616,-0.5067060856289353,0.0,1.0,-0.000660835464717404
2017-01-20 14:30:00+00:00,0.002734941243176303,0.003673730330044256,0.5056781196440384,-0.5088163476412149,0.0,1.0,-0.000488900363047972
2017-01-23 14:30:00+00:00,-0.001435883997874754,-0.0026022638914394713,0.5046532562171686,-0.5071920019198084,0.0,1.0,0.0005920269078161959
2017-01-24 14:30:00+00:00,0.006756703155478716,0.006411924862397944,0.5079859550641714,-0.5103666242280626,0.0,1.0,0.00015176286063376564
2017-01-25 14:30:00+00:00,0.008424951559874216,0.008655682908181195,0.5123393696139598,-0.5148582155064495,0.0,1.0,-0.00014376698267727222
2017-01-26 14:30:00+00:00,-0.0024069962580643978,-0.001045439775490986,0.5114646552577964,-0.5146807009587996,0.0,1.0,-0.0007008980692435021
2017-01-27 14:30:00+00:00,-0.0014196584116734634,-0.0015699166906505413,0.5106997633575381,-0.5138336703208237,0.0,1.0,7.594834172815987e-05
2017-01-30 14:30:00+00:00,-0.004406469428970494,-0.006201631491844495,0.5079768239506478,-0.5101724641949261,0.0,1.0,0.0009302717958618241
2017-01-31 14:30:00+00:00,-0.0019984187730308633,-8.76792304410623e-05,0.5074571401033505,-0.5106262935101702,0.0,1.0,-0.000976371273147118
2017-02-01 14:30:00+00:00,-0.0014308910570499656,0.00039536988149024843,0.4997483832232777,-0.5006623619786844,0.018083433613520716,1.0,-0.0009281245670292483
2017-02-02 14:30:00+00:00,0.0002863624105791107,0.0006589488563053525,0.4999878670963487,-0.5010888598117557,0.0,1.0,-0.00019275412007054043
2017-02-03 14:30:00+00:00,0.007304479059314195,0.00689289707827867,0.5035432145444457,-0.5044458367682546,0.0,1.0,0.00019224458640962583
2017-02-06 14:30:00+00:00,-0.001137627382166162,-0.0017874129046653309,0.5028080353700054,-0.5033816639449732,0.0,1.0,0.0003228560684221665
2017-02-07 14:30:00+00:00,0.0015664633823988527,4.349793690527903e-05,0.5032133333476861,-0.5030213734583838,0.0,1.0,0.000759781930973087
2017-02-08 14:30:00+00:00,-0.0004268716513714521,0.0013102990043507567,0.503441488043476,-0.5041240446254759,0.0,1.0,-0.0008798682923603112
2017-02-09 14:30:00+00:00,0.004976629413505629,0.005932687131235959,0.506195634253259,-0.5073641334580546,0.0,1.0,-0.0004913208956723588
2017-02-10 14:30:00+00:00,0.004810462748733091,0.003945936808458228,0.5084135484127944,-0.5091487252232412,0.0,1.0,0.00042705605169059076
2017-02-13 14:30:00+00:00,0.005491657681429674,0.005442854656531937,0.5111979860597018,-0.5119123415975202,0.0,1.0,1.4858277583040567e-05
2017-02-14 14:30:00+00:00,0.004340813236294316,0.003995320346118936,0.513330859603533,-0.513871363249637,0.0,1.0,0.00016780880948861072
2017-02-15 14:30:00+00:00,0.006274330586937271,0.005220346256507691,0.5162768691068385,-0.5162791504724804,0.0,1.0,0.0005322686852101218
2017-02-16 14:30:00+00:00,0.0011089265798243098,-0.0008513971118871977,0.5163298927589304,-0.5153211173526767,0.0,1.0,0.001006119339388514
2017-02-17 14:30:00+00:00,0.004152019548927965,0.0015763664308383607,0.5177873647208405,-0.5154502103720422,0.0,1.0,0.0013255245169817027
2017-02-21 14:30:00+00:00,0.004410600895702332,0.005955018020317171,0.520483192099526,-0.5189305703947079,0.0,1.0,-0.0007917142576730794
2017-02-22 14:30:00+00:00,-0.0001366682222643245,-0.0008879273941971855,0.5202124599455573,-0.5182709440181681,0.0,1.0,0.000383686775604748
2017-02-23 14:30:00+00:00,0.002881725375815325,0.0006770923439520793,0.5211163295918849,-0.5180301466670398,0.0,1.0,0.0011422397774005265
2017-02-24 14:30:00+00:00,0.0031480110615220713,0.001269035723198142,0.5222465074444888,-0.5181812156253898,0.0,1.0,0.0009771288271286079
2017-02-27 14:30:00+00:00,-0.00013682239604573265,0.0015626164777227114,0.5226386987548489,-0.5194517532382807,0.0,1.0,-0.0008871259054100708
2017-02-28 14:30:00+00:00,-0.0015005315889058402,-0.0026989638615187994,0.5215353910449799,-0.5177330261568648,0.0,1.0,0.0006117932517740257
2017-03-01 14:30:00+00:00,0.0131182477165106,0.013997558012196487,0.5067949060008267,-0.5072347657898021,0.03926841720184471,1.0,-0.00046524173739624663
2017-03-02 14:30:00+00:00,-0.0036415992461615865,-0.00629736193452024,0.5042722532196586,-0.5033646347501134,0.0,1.0,0.0013427445773464657
2017-03-03 14:30:00+00:00,-0.000406469890813943,0.000629495660569912,0.504333463750539,-0.5039474789031247,0.0,1.0,-0.0005277897219186317
2017-03-06 14:30:00+00:00,-0.002572904598144632,-0.0029779860458043483,0.5029366856194393,-0.5023476702503833,0.0,1.0,0.00019719429115743495
2017-03-07 14:30:00+00:00,-0.0025797793677352354,-0.002986806395835595,0.5015404178923146,-0.500748608957778,0.0,1.0,0.00019699716864640242
2017-03-08 14:30:00+00:00,-0.0016340003712986828,-0.0018564405013099528,0.5006687608239281,-0.4997669530344186,0.0,1.0,0.00010414038863411926
2017-03-09 14:30:00+00:00,0.0,0.0012678673268635698,0.5009891887856245,-0.5007208475583945,0.0,1.0,-0.0006395905717508805
2017-03-10 14:30:00+00:00,0.0039544611746580305,0.003504269584886588,0.5028594359536218,-0.5023647223657648,0.0,1.0,0.00022052907840627796
2017-03-13 13:30:00+00:00,0.0001356144153841221,0.0005047509280418083,0.5030238727150654,-0.5027144740024526,0.0,1.0,-0.0001913264523547263
2017-03-14 13:30:00+00:00,-0.0031232879514841994,-0.003826378174168976,0.5012790736158215,-0.5006174169001565,0.0,1.0,0.0003465349092495556
2017-03-15 13:30:00+00:00,0.00926296083404643,0.00865350835563894,0.5057680016692351,-0.5047954104395851,0.0,1.0,0.00030527904475416407
2017-03-16 13:30:00+00:00,-0.0021591967844708515,-0.0019669055625795018,0.5047290062015999,-0.5038554908900471,0.0,1.0,-0.00010512012308661896
2017-03-17 13:30:00+00:00,-0.00013553800591126208,-0.0017561319922357876,0.5042519129704287,-0.5025633394205262,0.0,1.0,0.0008104744030371604
2017-03-20 13:30:00+00:00,-0.0013522459760550998,-0.001097243278603388,0.5036387320170698,-0.502080384296926,0.0,1.0,-0.000136390754933084
2017-03-21 13:30:00+00:00,-0.009889318560620364,-0.012839300226731076,0.49793122580461735,-0.4949115691406696,0.0,1.0,0.0014597645506046533
2017-03-22 13:30:00+00:00,0.0019156849363086703,0.0023533347412985073,0.49899326973964303,-0.4961838173239329,0.0,1.0,-0.0002167656218900604
2017-03-23 13:30:00+00:00,-0.0012294091019811049,-0.0010673504617454421,0.4984245699822832,-0.49569873758099287,0.0,1.0,-8.981722206629483e-05
2017-03-24 13:30:00+00:00,-0.0012769689788630911,-0.0007263235484572528,0.49792870607528505,-0.4954786168477217,0.0,1.0,-0.00028238742907732515
2017-03-27 13:30:00+00:00,-0.00178839963024513,-0.0010263429533465818,0.49723109491027623,-0.4951621676377406,0.0,1.0,-0.0003879169078502866
2017-03-28 13:30:00+00:00,0.005098523790358245,0.007276888625287192,0.5003035894263264,-0.4993016814354075,0.0,1.0,-0.001074047759602084
2017-03-29 13:30:00+00:00,-0.0009601883948432421,0.0009348085550464624,0.5003000344679677,-0.5002452114095844,0.0,1.0,-0.00095308956477286
2017-03-30 13:30:00+00:00,0.0010984470289412407,0.0031840991432194876,0.5013756457444828,-0.5023651381534755,0.0,1.0,-0.001049229643560751
2017-03-31 13:30:00+00:00,-0.002056163195772176,-0.002327539993160932,0.5002784925089631,-0.5011295074328251,0.0,1.0,0.00013241241923333576
2017-04-03 13:30:00+00:00,-0.002472623351112979,-0.0017391381137142892,0.4989499957537197,-0.4993168753648988,0.001407999941788196,1.0,-0.00037339899962262
2017-04-04 13:30:00+00:00,-0.0002753168950280216,0.0006374480129021087,0.4990429897716248,-0.49986590716355866,0.0,1.0,-0.00046161029456738426
2017-04-05 13:30:00+00:00,-0.002755127906017507,-0.002972587642899871,0.49761580509660686,-0.49832767977929576,0.0,1.0,0.00010501557036673477
2017-04-06 13:30:00+00:00,0.00234823836067255,0.002810950714959626,0.498903167549649,-0.49984752120878434,0.0,1.0,-0.00023820640630735655
2017-04-07 13:30:00+00:00,-0.00027598709833887014,-0.0010192305775766908,0.4985830867129572,-0.4991554619475186,0.0,1.0,0.0003658166592254267
2017-04-10 13:30:00+00:00,0.0,0.000595045259969007,0.4987341894434891,-0.4996038482523496,0.0,1.0,-0.000302972472571892
2017-04-11 13:30:00+00:00,0.00013812176271477128,-0.0011896826403487992,0.4984754257522709,-0.4986816929102781,0.0,1.0,0.0006573036897369525
2017-04-12 13:30:00+00:00,-0.003170054387469534,-0.004381925846802859,0.49659774982038996,-0.49619926369832834,0.0,1.0,0.0005990396080868425
2017-04-13 13:30:00+00:00,-0.005114961130236573,-0.0064947723550478065,0.4937235833539815,-0.4926432052193709,0.0,1.0,0.0006766706918163579
2017-04-17 13:30:00+00:00,0.007503975618227354,0.008859587343225561,0.4977598209248439,-0.49733888835867474,0.0,1.0,-0.0006656781550078741
2017-04-18 13:30:00+00:00,-0.0031721367081922747,-0.0029841204658979104,0.4962308765273873,-0.4959047541341536,0.0,1.0,-0.00010079542553325407
2017-04-19 13:30:00+00:00,-0.0034594844970041727,-0.0018385126303072097,0.4949155144758153,-0.49539475658392257,0.0,1.0,-0.0008109282513286362
2017-04-20 13:30:00+00:00,0.007220356657282823,0.008139059292339601,0.4987206532806767,-0.49965891200827717,0.0,1.0,-0.00046453314816506506
2017-04-21 13:30:00+00:00,-0.0017921642296854223,-0.0031868052125940682,0.49748232067985054,-0.4977218871800466,0.0,1.0,0.000692573928939703
2017-04-24 13:30:00+00:00,0.008423895999078335,0.010997970171271687,0.5023206233867168,-0.503845346611985,0.0,1.0,-0.0012891435189603883
2017-04-25 13:30:00+00:00,0.0067101963191904535,0.005818458587518949,0.5054723660579553,-0.5065575525590684,0.0,1.0,0.0004331143333746546
2017-04-26 13:30:00+00:00,-0.0017680426265601623,-0.0006289176544596042,0.5048720333830136,-0.5065332988911025,0.0,1.0,-0.0005810660828868211
2017-04-27 13:30:00+00:00,0.0008180498433041361,0.0008392572591757741,0.5052941662704216,-0.5069675632497302,0.0,1.0,-1.8053641263376026e-05
2017-04-28 13:30:00+00:00,-0.0025875824058165797,-0.002179677148400505,0.504091737295267,-0.5059679899994607,0.0,1.0,-0.00020841706275975656
2017-05-01 13:30:00+00:00,-0.0010921532413459278,0.0025204147817403655,0.5003632165686123,-0.5021727890551733,0.010059727294727705,1.0,-0.0018172662561428915
2017-05-02 13:30:00+00:00,0.0017764958318886581,0.00037718935023645095,0.5009047190107627,-0.5020140432108732,0.0,1.0,0.0006935265597020136
2017-05-03 13:30:00+00:00,-0.0013637551301370898,-0.001214634098404832,0.500261278543217,-0.501444044542627,0.0,1.0,-7.930038645118266e-05
2017-05-04 13:30:00+00:00,0.0010924225437523027,0.001173944223260781,0.500831876785031,-0.502056872375863,0.0,1.0,-4.8123021884759426e-05
2017-05-05 13:30:00+00:00,0.0034115673283721115,0.003936957547049591,0.5026781856804292,-0.5041715452382556,0.0,1.0,-0.00027390730585354956
2017-05-08 13:30:00+00:00,-0.0004077163792556293,-0.00016670557690134924,0.5025369845292569,-0.5041514508105673,0.0,1.0,-0.0001268543024426064
2017-05-09 13:30:00+00:00,-0.00013639577832535998,-0.0009178800966950229,0.5022734307977188,-0.5034932168326057,0.0,1.0,0.0003882542783244113
2017-05-10 13:30:00+00:00,-0.00013582127865119364,0.001795448808415312,0.5026969334807869,-0.5048910814770541,0.0,1.0,-0.0009781680967631433
2017-05-11 13:30:00+00:00,-0.002313190417284172,-0.002042590197361638,0.501603070442766,-0.5039290864230439,0.0,1.0,-0.00013750053651792967
2017-05-12 13:30:00+00:00,-0.001364400700013424,-0.001670979291294894,0.50084269745924,-0.5030107170309451,0.0,1.0,0.00015171510630068757
2017-05-15 13:30:00+00:00,0.005736907214137998,0.0055236162777589914,0.5036712104225596,-0.5057441958112843,0.0,1.0,8.889751877051781e-05
2017-05-16 13:30:00+00:00,-0.0008147986954696318,-0.0009155088819778889,0.5032373335515458,-0.5052576019957062,0.0,1.0,4.667027712370247e-05
2017-05-17 13:30:00+00:00,-0.012776833263501985,-0.017744153046985067,0.4955539826885947,-0.49503996270118483,0.0,1.0,0.0025296363342546648
2017-05-18 13:30:00+00:00,0.0020652225771982113,0.004028308431400784,0.4970628916793298,-0.49752006259163084,0.0,1.0,-0.0009766967633129163
2017-05-19 13:30:00+00:00,0.00522089883113086,0.006504257922453904,0.4999814127863541,-0.5010801781583089,0.0,1.0,-0.0006468361194766197
2017-05-22 13:30:00+00:00,0.006424428365764845,0.005077568994285464,0.5028606775444551,-0.5032913322831819,0.0,1.0,0.0006618732134397891
2017-05-23 13:30:00+00:00,-0.00040728095210917914,0.002212847123221451,0.503322504876094,-0.5050739917497294,0.0,1.0,-0.001324464733266084
2017-05-24 13:30:00+00:00,0.0028531942770766427,0.002332826474074956,0.504631477950116,-0.5061247617924693,0.0,1.0,0.0002518745301634861
2017-05-25 13:30:00+00:00,0.005825740143360569,0.004779368741756773,0.5073100942238987,-0.5082819826067525,0.0,1.0,0.0005149426118049629
2017-05-26 13:30:00+00:00,-0.00026936792358778217,-0.00020695299299200443,0.5071924177463293,-0.5081958062600461,0.0,1.0,-3.741497006421731e-05
2017-05-30 13:30:00+00:00,-0.0005387635499854992,-0.0008687109962302042,0.5068369185002669,-0.5076719530185497,0.0,1.0,0.0001622661166730549
2017-05-31 13:30:00+00:00,0.0021565684437545585,-0.00024837720198256363,0.5073144881539028,-0.5069308654280855,0.0,1.0,0.0012131702628308664
2017-06-01 13:30:00+00:00,0.006860346801477402,0.007952383321945256,0.5037117952996771,-0.5042581190058446,0.014245353581988307,1.0,-0.000559093317977302
2017-06-02 13:30:00+00:00,0.002805662943563103,0.0033281164400715824,0.5052619347679665,-0.5060734625643099,0.0,1.0,-0.0002709365985473575
2017-06-05 13:30:00+00:00,-0.0006659469082130887,-0.0007371281827037723,0.5049100013408192,-0.5056849420269692,0.0,1.0,3.06110075257637e-05
2017-06-06 13:30:00+00:00,-0.003599602164526261,-0.0031967471284879423,0.503196627841641,-0.5041726987053177,0.0,1.0,-0.00020688062832544565
2017-06-07 13:30:00+00:00,0.0008028143173179902,0.0018502392137988988,0.503870080602302,-0.5053758234062854,0.0,1.0,-0.0005348190213663751
2017-06-08 13:30:00+00:00,0.0010694050397228594,0.0004925679654010917,0.5042657320811289,-0.5054812204763546,0.0,1.0,0.0002839568815111487
2017-06-09 13:30:00+00:00,0.0008011969757084625,-0.0015176476931154648,0.5040823883330451,-0.5041266665473547,0.0,1.0,0.0011652062067135625
2017-06-12 13:30:00+00:00,-0.0005338200413422811,-0.00020547760533284887,0.5038996951346436,-0.5041095118642176,0.0,1.0,-0.00017145492210566085
2017-06-13 13:30:00+00:00,0.005206972440802371,0.004889922198962227,0.5064461105271706,-0.5064971839208686,0.0,1.0,0.00015278315176957556
2017-06-14 13:30:00+00:00,-0.00026572713886896526,-0.0012677338822205675,0.5060577082653058,-0.5056014833245661,0.0,1.0,0.0005015747844117059
2017-06-15 13:30:00+00:00,-0.0005310164569933828,-0.0019244203100958757,0.5054360310405385,-0.5042763511266284,0.0,1.0,0.0006983124110947818
2017-06-16 13:30:00+00:00,0.0007972375718137137,0.00021856298887645842,0.5056939586647016,-0.5042419587136702,0.0,1.0,0.0002867840666195884
2017-06-19 13:30:00+00:00,0.007305238506606582,0.008325140821126675,0.5096479017918942,-0.5086990886389434,0.0,1.0,-0.000509622715768733
2017-06-20 13:30:00+00:00,-0.006724544045522141,-0.006744091842442401,0.5062219612765791,-0.5052695822379734,0.0,1.0,-2.3887703121339877e-06
2017-06-21 13:30:00+00:00,-0.0009294930027646808,-0.00024708086956859443,0.5059293363478348,-0.5053224312203961,0.0,1.0,-0.0003516397040588556
2017-06-22 13:30:00+00:00,-0.0009297786068216407,-0.00045244317144665924,0.5055841799006732,-0.5052189568884897,0.0,1.0,-0.00024772497106757564
2017-06-23 13:30:00+00:00,0.0017285374236062356,0.0011941201889162922,0.5063240889185452,-0.5056884051375102,0.0,1.0,0.00026467663854542475
2017-06-26 13:30:00+00:00,0.000398837053189105,0.0006579071836012584,0.506595285155671,-0.5060902875644443,0.0,1.0,-0.00013670760777328154
2017-06-27 13:30:00+00:00,-0.007164519828968707,-0.008055886281352787,0.5027437909634466,-0.5017917199121037,0.0,1.0,0.00044154145800405134
2017-06-28 13:30:00+00:00,0.0076590264400542285,0.008950137546128278,0.5069220589180138,-0.5066103632714604,0.0,1.0,-0.0006465293061118515
2017-06-29 13:30:00+00:00,-0.011601104891362346,-0.00878868944914546,0.501760912337513,-0.502879235599912,0.0,1.0,-0.0014343672036939896
2017-06-30 13:30:00+00:00,0.0033726268265519277,0.0018644697576326585,0.5030765128726189,-0.5034399148701558,0.0,1.0,0.0007486968059948209
2017-07-03 13:30:00+00:00,0.003630300961779742,0.0016955277406329738,0.5013347835154643,-0.5003683229442305,0.006516427742774722,1.0,0.0009581760157496158
2017-07-05 13:30:00+00:00,-0.00040153335550130453,0.002311892783843028,0.5018179871752928,-0.5022101621043543,0.0,1.0,-0.0013640529338852698
2017-07-06 13:30:00+00:00,-0.008175927378814563,-0.0091443055550533,0.49747458931455657,-0.4973772755483305,0.0,1.0,0.0004835833736545933
2017-07-07 13:30:00+00:00,0.0066215425664064576,0.006485200930146151,0.5007373397868844,-0.5005715787827538,0.0,1.0,6.250521787993531e-05
2017-07-10 13:30:00+00:00,0.0006713846368056053,0.0010738660919658027,0.5011774271730206,-0.5012130330384573,0.0,1.0,-0.00020731186900114639
2017-07-11 13:30:00+00:00,-0.002951900987938072,-0.0007426928275923173,0.5002548503117609,-0.5013989084817105,0.0,1.0,-0.0011131311986232282
2017-07-12 13:30:00+00:00,0.008073880074981554,0.00751479748046302,0.504160177958731,-0.5050329183213287,0.0,1.0,0.0002651340332273584
2017-07-13 13:30:00+00:00,0.0008002964129381063,0.0016799555523001608,0.5047912697880255,-0.5061095598509647,0.0,1.0,-0.0004509076542140409
2017-07-14 13:30:00+00:00,0.0061352872060866925,0.004664439150000144,0.5075176336581781,-0.5080991768054526,0.0,1.0,0.0007303697931641669
2017-07-17 13:30:00+00:00,-0.0010608948347330394,-0.00012225752596950468,0.5072238226902374,-0.5082821801247996,0.0,1.0,-0.0004822562687329005
2017-07-18 13:30:00+00:00,0.0014597186132017104,0.0005294898685099803,0.5077279700506783,-0.5083147806393903,0.0,1.0,0.0004653214093676363
2017-07-19 13:30:00+00:00,0.003047899069669846,0.005413875541323332,0.5098926486030333,-0.5116860793140173,0.0,1.0,-0.001210401731586289
2017-07-20 13:30:00+00:00,0.0026420395541835173,0.0004455401136085335,0.5106713118057938,-0.5113448128847744,0.0,1.0,0.0011132274911347575
2017-07-21 13:30:00+00:00,-0.0002633592251822803,-0.0008902570917539432,0.5103761625524367,-0.5107288142766019,0.0,1.0,0.00031478596404989004
2017-07-24 13:30:00+00:00,-0.002504228857626134,-0.00024313656552066298,0.5096892392598282,-0.5111975623137505,0.0,1.0,-0.001159874245645026
2017-07-25 13:30:00+00:00,0.0013210225791746577,0.0024308899931053674,0.5106563341238827,-0.5127352072121558,0.0,1.0,-0.0005753064262561468
2017-07-26 13:30:00+00:00,-0.00013169913509936126,4.051710900565553e-05,0.5106370707608624,-0.5128041750592575,0.0,1.0,-9.397992677115903e-05
2017-07-27 13:30:00+00:00,-0.0013196824248100647,-0.0009296561372099665,0.5100667863534868,-0.5124315181471724,0.0,1.0,-0.00020309960016125168
2017-07-28 13:30:00+00:00,-0.007267500819875594,-0.0011729879538625587,0.5079404782292576,-0.5134281211899565,0.0,1.0,-0.0031117871710015193
2017-07-31 13:30:00+00:00,0.0,-0.0005672023103343582,0.5077956217915822,-0.5129905651989966,0.0,1.0,0.0002852652355771912
2017-08-01 13:30:00+00:00,0.003460837067096767,0.0022289038508549464,0.5014297506580013,-0.500814153175141,0.02078618699057877,1.0,0.00059962113367324
2017-08-02 13:30:00+00:00,-0.0001326279169227007,0.0004850531162621241,0.5015214156097989,-0.5012151465855794,0.0,1.0,-0.00031537742993099975
2017-08-03 13:30:00+00:00,-0.0017246217100779226,-0.001939626577361242,0.5006057779748321,-0.5001923153295343,0.0,1.0,0.0001012831169113476
2017-08-04 13:30:00+00:00,0.0011958720116165278,0.0018220448660952737,0.5013642055290364,-0.5012634231694229,0.0,1.0,-0.000318664782425248
2017-08-07 13:30:00+00:00,0.002920556780847239,0.0018591078794198967,0.5025639147605371,-0.501931105665905,0.0,1.0,0.0005264074695002709
2017-08-08 13:30:00+00:00,-0.002250175023814749,-0.0024608947644506607,0.5013837266060316,-0.5006466471718156,0.0,1.0,9.839048023105123e-05
2017-08-09 13:30:00+00:00,-0.0007957675015362042,-4.0543328889919295e-05,0.5011775143363327,-0.5008189839909872,0.0,1.0,-0.0003846393747106517
2017-08-10 13:30:00+00:00,-0.01354043296230878,-0.014115331062483527,0.4942543895610175,-0.4936129717344692,0.0,1.0,0.00027711284536938147
2017-08-11 13:30:00+00:00,-0.00026911096287574043,0.0014769158258092219,0.4945506435514006,-0.49477145146759477,0.0,1.0,-0.0008679864654120654
2017-08-14 13:30:00+00:00,0.009556944663316358,0.009913307196160792,0.4993691106800602,-0.49976842047790987,0.0,1.0,-0.00018438063761278006
2017-08-15 13:30:00+00:00,0.0,-0.0001217715582657597,0.49934169422527874,-0.49968012786202887,0.0,1.0,5.490519838123154e-05
2017-08-16 13:30:00+00:00,0.0019995326368520416,0.001744251718078349,0.5002796455663259,-0.5004911715302707,0.0,1.0,0.00012092971207910351
2017-08-17 13:30:00+00:00,-0.015568300912066624,-0.015590592819905269,0.4924869565359831,-0.49268403082233797,0.0,1.0,8.497621974834863e-06
2017-08-18 13:30:00+00:00,-0.0025683098926702064,-0.0015635359355432588,0.49146806849084373,-0.4921600190216264,0.0,1.0,-0.0005004823163757603
2017-08-21 13:30:00+00:00,0.002303680623980009,0.0007827390310746196,0.49223550733372107,-0.49218054598061445,0.0,1.0,0.0007410002293122014
2017-08-22 13:30:00+00:00,0.009194012518358718,0.010457413732588794,0.4970729249704726,-0.49763963528097305,0.0,1.0,-0.0006272685649962229
2017-08-23 13:30:00+00:00,-0.0028131733613291354,-0.003585685127804439,0.4954862510459366,-0.49566686598126525,0.0,1.0,0.00038007434711573963
2017-08-24 13:30:00+00:00,-0.0006716927694748742,-0.002330668993746232,0.49474948914905437,-0.4941082068076351,0.0,1.0,0.0008164684826157551
2017-08-25 13:30:00+00:00,0.0021510947614955533,0.002336113701516318,0.49586134105330343,-0.49531004570937076,0.0,1.0,-9.599229854622375e-05
2017-08-28 13:30:00+00:00,0.0008049581419440344,4.113452021847763e-05,0.49607554134641646,-0.4951458193396142,0.0,1.0,0.00037282090171411613
2017-08-29 13:30:00+00:00,-0.0002681810662772399,0.0011446842567295334,0.496292774844357,-0.49606271415804293,0.0,1.0,-0.000705776072768224
2017-08-30 13:30:00+00:00,0.006167842429555925,0.00473762989439952,0.4990020631112988,-0.49806177118590667,0.0,1.0,0.0007049417091225819
2017-08-31 13:30:00+00:00,0.005863424742989176,0.006016200680278416,0.5019663400926991,-0.5010965601252397,0.0,1.0,-7.653090393226991e-05
2017-09-01 13:30:00+00:00,0.0018550366842522426,0.0014141507292435573,0.5008208639584166,-0.5006004679162653,0.0030629002179388687,1.0,0.00021295914644299223
2017-09-05 13:30:00+00:00,-0.00687659209838698,-0.007181972318670016,0.4973046123236113,-0.49693291242119586,0.0,1.0,0.0001454055265317056
2017-09-06 13:30:00+00:00,0.0022633810670673604,0.003413828653143103,0.4987178658005431,-0.4989171348087722,0.0,1.0,-0.000576806351967176
2017-09-07 13:30:00+00:00,0.003055651757547073,-0.00012180731334521244,0.4994532733071734,-0.4980700461751852,0.0,1.0,0.0015787274979741216
2017-09-08 13:30:00+00:00,0.0010599372215769343,-0.0011744850222757952,0.4994290889553823,-0.4969342621965729,0.0,1.0,0.0011084125431412982
2017-09-11 13:30:00+00:00,0.00965818681497721,0.01066567119737627,0.5044960930020619,-0.5024768499428385,0.0,1.0,-0.0004825103862868423
2017-09-12 13:30:00+00:00,0.0031453777504582003,0.0033708903690274905,0.5061400750851925,-0.5042275796627053,0.0,1.0,-0.00011291596896219027
2017-09-13 13:30:00+00:00,-0.0014371395326996383,0.00047975740410022283,0.5059060676889741,-0.5049619523406492,0.0,1.0,-0.0009752532066355922
2017-09-14 13:30:00+00:00,0.0007849502828896071,-0.0003198720399555377,0.5060235087455288,-0.5045215891602907,0.0,1.0,0.0005526819397907825
2017-09-15 13:30:00+00:00,0.004052376639320565,0.0013462371418804242,0.5073813079785887,-0.5045119142340846,0.0,1.0,0.0013654397626269063
2017-09-18 13:30:00+00:00,0.003124789014363083,0.002127093205605446,0.5087091758631989,-0.5053291779532111,0.0,1.0,0.0005063632913979665
2017-09-19 13:30:00+00:00,0.0015575838373242945,0.0010009508613437745,0.5093586095064715,-0.5056930926083978,0.0,1.0,0.0002805951333362915
2017-09-20 13:30:00+00:00,-0.0018142989456726433,0.0003601301472473395,0.5090005893907925,-0.5064384670252989,0.0,1.0,-0.0011121964970522806
2017-09-21 13:30:00+00:00,-0.0028562554087431247,-0.0026792895757254964,0.5075989819655374,-0.505133546305613,0.0,1.0,-0.00010289276200598651
2017-09-22 13:30:00+00:00,0.003254739231349557,0.0002005531428002083,0.5084655843706436,-0.5044555473914104,0.0,1.0,0.0015448438191985447
2017-09-25 13:30:00+00:00,0.0010381421880054642,-0.0020448396775516464,0.508203980614311,-0.5026431916822757,0.0,1.0,0.001553437912198627
2017-09-26 13:30:00+00:00,0.0011718559853748367,0.0006027713586966854,0.508653736950288,-0.502802062213235,0.0,1.0,0.0002866105759318532
2017-09-27 13:30:00+00:00,0.0033816487502686954,0.0038942968161999048,0.5104983483179049,-0.5048832761229194,0.0,1.0,-0.00024392457713068517
2017-09-28 13:30:00+00:00,-0.00103694888589545,0.0011997934508032326,0.5105515620430894,-0.5060664884125176,0.0,1.0,-0.0011410687226044588
2017-09-29 13:30:00+00:00,0.0009081880880270621,0.0035148184253552817,0.5116911867096107,-0.5085169748928484,0.0,1.0,-0.0013210073519083997
2017-10-02 13:30:00+00:00,0.005703958690369326,0.00433889844674562,0.5025170649576606,-0.501834989421228,0.020208161602459085,1.0,0.0006664736600582424
2017-10-03 13:30:00+00:00,0.00244902001917513,0.0021402405942823055,0.5036718488786993,-0.5028332729580848,0.0,1.0,0.00015067435511551555
2017-10-04 13:30:00+00:00,0.0018005824166393847,0.0011863910746248152,0.5044252078561233,-0.503276635785466,0.0,1.0,0.0003043933868329992
2017-10-05 13:30:00+00:00,0.006288883027883774,0.005924857086863078,0.5075038563959989,-0.5061651023078142,0.0,1.0,0.00018447660538461146
2017-10-06 13:30:00+00:00,-0.0019129772118833266,-0.0011389034874306203,0.506735870850855,-0.5057911086651113,0.0,1.0,-0.00040032249294678885
2017-10-09 13:30:00+00:00,0.0010225924749418525,-0.0016508274363028486,0.5065715989699809,-0.504276770263121,0.0,1.0,0.001347205746585211
2017-10-10 13:30:00+00:00,0.0042125070832130795,0.0026382481663449475,0.5083001270283206,-0.5052042383461209,0.0,1.0,0.0007975768033862081
2017-10-11 13:30:00+00:00,0.0024153950426557547,0.0015709208391334606,0.5093098078925482,-0.5057813202173473,0.0,1.0,0.00042815736001664586
2017-10-12 13:30:00+00:00,0.0001269061795425852,-0.0014900203708959614,0.5089610100407561,-0.5046177913587131,0.0,1.0,0.0008123066513133313
2017-10-13 13:30:00+00:00,0.0006340124525257007,0.0012174777833973138,0.5094353187088397,-0.5053825671555973,0.0,1.0,-0.0002976257128227376
2017-10-16 13:30:00+00:00,-0.0002536193549862453,0.0013335131359368813,0.5097185238708005,-0.5064662779089658,0.0,1.0,-0.0008090893298660211
2017-10-17 13:30:00+00:00,0.0012677618258134515,0.0007050454166812603,0.5102202477256943,-0.5066798843214585,0.0,1.0,0.0002831675775776687
2017-10-18 13:30:00+00:00,0.001265828734170249,0.0009786272084759684,0.5107925203569916,-0.5071026877375089,0.0,1.0,0.00014404834858982993
2017-10-19 13:30:00+00:00,0.0016442283676225689,0.000273810572134936,0.5112770131939496,-0.5068892208657714,0.0,1.0,0.0006950570939274421
2017-10-20 13:30:00+00:00,0.004543795003917994,0.00516033988839526,0.5137535245961794,-0.5096570920663351,0.0,1.0,-0.00029853510821483347
2017-10-23 13:30:00+00:00,-0.0016338872999653864,-0.003889336053556125,0.5123316598851174,-0.507098364535257,0.0,1.0,0.001136859963021637
2017-10-24 13:30:00+00:00,0.00037827820280789126,0.0017569360160014647,0.5128860677533414,-0.5083467163213538,0.0,1.0,-0.0007030878617168878
2017-10-25 13:30:00+00:00,-0.0027683925931566433,-0.004949973232898031,0.5109090615125473,-0.5052794164496888,0.0,1.0,0.0010904802667683418
2017-10-26 13:30:00+00:00,0.0016403749889164487,0.0012925946690955925,0.5116555532220444,-0.505841987871284,0.0,1.0,0.00017900858505697756
2017-10-27 13:30:00+00:00,0.0023930763586568204,0.008176320443254559,0.514380662742154,-0.5114701013589052,0.0,1.0,-0.002917447759249734
2017-10-30 13:30:00+00:00,-0.0032671236488153177,-0.003725112561076549,0.5125879703963372,-0.5094533563515916,0.0,1.0,0.00021878609049658522
2017-10-31 13:30:00+00:00,0.0008826441401745821,0.0015578203089825493,0.5132185702747499,-0.5104241901596798,0.0,1.0,-0.000347156397561905
2017-11-01 13:30:00+00:00,0.0005039543670082303,0.0013221726077248253,0.5004656173883605,-0.5008749012249823,0.0236427604344297,1.0,-0.0004268828815278933
2017-11-02 13:30:00+00:00,0.001888170439909631,0.00038848852724049365,0.5010375954327244,-0.5006967527698821,0.0,1.0,0.0007444278512828236
2017-11-03 13:30:00+00:00,0.0017595208652616545,0.00333871372474559,0.5023190523153263,-0.5027686645830229,0.0,1.0,-0.0007960493979163297
2017-11-06 14:30:00+00:00,0.0012544538907239833,0.0015474381763198597,0.5030265638084879,-0.5036241353303381,0.0,1.0,-0.00015381971682376004
2017-11-07 14:30:00+00:00,-0.00150382641237512,-0.0006952139235536503,0.5024772657801674,-0.5034815894968097,0.0,1.0,-0.00041229050261456466
2017-11-08 14:30:00+00:00,0.0035139602954334936,0.0017009167661090618,0.5037878529233788,-0.5038827859976837,0.0,1.0,0.0009033525033547465
2017-11-09 14:30:00+00:00,-0.0037515579765918794,-0.003627787285059636,0.5019319759639309,-0.5020889294790769,0.0,1.0,-6.79621548943568e-05
2017-11-10 14:30:00+00:00,0.0012553006247246756,-0.00031005341079393123,0.5021704602038523,-0.5015421537627037,0.0,1.0,0.0007797975271512938
2017-11-13 14:30:00+00:00,0.000877230005032148,0.0009301102777354853,0.5026270245101947,-0.502024669356725,0.0,1.0,-3.192289755304142e-05
2017-11-14 14:30:00+00:00,0.00037595058082584565,-0.0023224724962531695,0.502138628017876,-0.5001840081381679,0.0,1.0,0.0013489490278725783
2017-11-15 14:30:00+00:00,-0.005884112172967804,-0.005005248115372507,0.499412243036746,-0.4979080306103281,0.0,1.0,-0.0004570473305166857
2017-11-16 14:30:00+00:00,0.007555781170138776,0.008501081778120367,0.5034199136291609,-0.5023745220883733,0.0,1.0,-0.0004652596450798248
2017-11-17 14:30:00+00:00,0.0001251741647430027,-0.0029389630178234816,0.5027120084054117,-0.5001310994389806,0.0,1.0,0.0015335229277656185
2017-11-20 14:30:00+00:00,0.0018741406142779304,0.0017063955042266876,0.5036124727843775,-0.5009430532575991,0.0,1.0,8.277915167880255e-05
2017-11-21 14:30:00+00:00,0.006236849286714197,0.006542879056159023,0.5068257048204053,-0.5042925787716873,0.0,1.0,-0.00014260710077426312
2017-11-22 14:30:00+00:00,-0.0021069122583314837,-0.0008845418847112096,0.5060755421617217,-0.504162984941464,0.0,1.0,-0.0006277217632034026
2017-11-24 14:30:00+00:00,0.0017387676436062538,0.002309552228928702,0.5071027502195973,-0.5054741630328794,0.0,1.0,-0.0002903953486359928
2017-11-27 14:30:00+00:00,-0.0002477500940304411,-0.0004989446408306675,0.5069159730402956,-0.5051610286581351,0.0,1.0,0.00012061648972124079
2017-11-28 14:30:00+00:00,0.010791044474023348,0.01014452114427078,0.5122121869443164,-0.5101124195357386,0.0,1.0,0.0003395836922342403
2017-11-29 14:30:00+00:00,0.0018410750768103057,-0.0006088202577314572,0.5125157751679121,-0.5091665984449049,0.0,1.0,0.0012476354852030665
2017-11-30 14:30:00+00:00,0.007471644110693454,0.008755235828658448,0.5166729347372898,-0.5139505688711482,0.0,1.0,-0.0006344905532425397
2017-12-01 14:30:00+00:00,0.00036487558173048384,-0.002075462071134959,0.49958348480604814,-0.4983647770940116,0.03062350360843802,1.0,0.0011989046936761215
2017-12-04 14:30:00+00:00,0.0007288554021604998,-0.0012099232733193688,0.49946754325958165,-0.49728382717278574,0.0,1.0,0.0009611548831873394
2017-12-05 14:30:00+00:00,-0.002550394219036578,-0.0035967326096304486,0.4979403493653286,-0.4952432477559994,0.0,1.0,0.0005088054415561708
2017-12-06 14:30:00+00:00,-0.0006087693482162981,0.00018997106757900895,0.49783792941769783,-0.4955371129098923,0.0,1.0,-0.0004031650913736107
2017-12-07 14:30:00+00:00,0.003898980976124289,0.003153040214054492,0.4995928118810901,-0.49691438134521554,0.0,1.0,0.0003726597904789775
2017-12-08 14:30:00+00:00,0.004611108025955879,0.005453225344961288,0.5021033860587493,-0.49983012847373537,0.0,1.0,-0.00041206205500510864
2017-12-11 14:30:00+00:00,0.001812489426797459,0.003013306461827403,0.5033164580957438,-0.5016382744602168,0.0,1.0,-0.000602036658507623
2017-12-12 14:30:00+00:00,0.0004823380768275154,0.0017643602895083266,0.5038858729920448,-0.5028493193648522,0.0,1.0,-0.0006482543396739287
2017-12-13 14:30:00+00:00,0.00048200147992760733,-0.00011204281489274326,0.5039809482632807,-0.5026455718615487,0.0,1.0,0.0002932620087529371
2017-12-14 14:30:00+00:00,-0.0040957668270033,-0.0040866482064558785,0.5019247932234333,-0.5005994484338929,0.0,1.0,-1.600520555980494e-05
2017-12-15 14:30:00+00:00,0.007499596352319893,0.008327767306245182,0.5058967451208092,-0.5049756645121988,0.0,1.0,-0.00041059475274714843
2017-12-18 14:30:00+00:00,0.00600321841253737,0.006341158390961166,0.5090208342087699,-0.5082647462699712,0.0,1.0,-0.00017107439805313425
2017-12-19 14:30:00+00:00,-0.0019097559429999134,-0.0038403941024611754,0.5075544320479416,-0.5058202016688496,0.0,1.0,0.0009738789898707704
2017-12-20 14:30:00+00:00,-0.00035833853566002993,-0.0005243487796334767,0.5073332894013559,-0.5055158497940575,0.0,1.0,7.739751255882179e-05
2017-12-21 14:30:00+00:00,-0.0006250193640334745,0.0020597670253461597,0.5077088585876641,-0.5072491297848689,0.0,1.0,-0.001364290389042669
2017-12-22 14:30:00+00:00,-0.0007213092527649234,-0.0002615778738506158,0.5074641721923387,-0.5072379191544673,0.0,1.0,-0.00023948232948068005
2017-12-26 14:30:00+00:00,0.000240437615073974,-0.001196218102962221,0.5072195530326926,-0.5062652091648546,0.0,1.0,0.0007228282757464948
2017-12-27 14:30:00+00:00,0.0010824846030264013,0.00048684038056023837,0.5076180333024934,-0.5063614751638945,0.0,1.0,0.00029663462846521546
2017-12-28 14:30:00+00:00,0.0012018387916630235,0.0020574666749111348,0.5084506567908574,-0.5076254842917555,0.0,1.0,-0.000437699197790307
2017-12-29 14:30:00+00:00,-0.005041003476269568,-0.0037709605863017748,0.5062190367087228,-0.5060426145196856,0.0,1.0,-0.0006548182154800774
2018-01-02 14:30:00+00:00,0.004583932019212034,0.00715773219659277,0.5029452835313415,-0.5042338574560348,0.012261651228408388,1.0,-0.0012989832952569533
2018-01-03 14:30:00+00:00,0.007084263664974388,0.00632495754681206,0.5063220619202563,-0.5072365602489508,0.0,1.0,0.0003677868745642396
2018-01-04 14:30:00+00:00,0.004531019731020436,0.004214683996057067,0.5085397525972409,-0.509297823501476,0.0,1.0,0.00015036105916296202
2018-01-05 14:30:00+00:00,0.00652843395932301,0.0066644077406292634,0.5119007509370991,-0.5127330887220354,0.0,1.0,-8.015254765970464e-05
2018-01-08 14:30:00+00:00,0.0030658291254070935,0.001828677686197322,0.5131490100525959,-0.5133494457267986,0.0,1.0,0.0006258242922673222
2018-01-09 14:30:00+00:00,0.0030566606323612078,0.0022633527341644477,0.5145113784612123,-0.514305265214695,0.0,1.0,0.0004006791250429612
2018-01-10 14:30:00+00:00,-0.00187498759695659,-0.0015297418070845392,0.513641134904694,-0.5136129646649586,0.0,1.0,-0.00018390056825757123
2018-01-11 14:30:00+00:00,0.005283807070092017,0.00729558788161766,0.5168922080452643,-0.5178982109840575,0.0,1.0,-0.0010390802417042631
2018-01-12 14:30:00+00:00,0.0072421326126372865,0.006519486447945866,0.5204477183599803,-0.5210865191302742,0.0,1.0,0.00036101916822435244
2018-01-16 14:30:00+00:00,-0.003478862543615402,-0.0034183982496500676,0.5186554282565756,-0.5193235373975726,0.0,1.0,-3.523720935383871e-05
2018-01-17 14:30:00+00:00,0.013964929294675077,0.00953117562691852,0.5246982879031233,-0.5230768830931871,0.0,1.0,0.002287270160821267
2018-01-18 14:30:00+00:00,-0.0028694182397304147,-0.0016804699049870475,0.5235238464100698,-0.5225283758264365,0.0,1.0,-0.0006325162585843944
2018-01-19 14:30:00+00:00,0.006330609092975781,0.004549401925874497,0.5263479986946218,-0.5244172925313447,0.0,1.0,0.0009310808422119996
2018-01-22 14:30:00+00:00,0.005261047457463475,0.008131246398342507,0.529912526904764,-0.5294761902311127,0.0,1.0,-0.001500976801803078
2018-01-23 14:30:00+00:00,0.00022794798796055282,0.0021224295054591558,0.5305686290701528,-0.5311358480783328,0.0,1.0,-0.0010089357752339663
2018-01-24 14:30:00+00:00,-0.0026166493357480114,-0.0003881243519501254,0.5298097933992241,-0.5315612586482157,0.0,1.0,-0.0011881176749446462
2018-01-25 14:30:00+00:00,0.00022839590400858256,0.0004233216924471872,0.52998908131036,-0.5318447656490789,0.0,1.0,-0.00010996740588668449
2018-01-26 14:30:00+00:00,0.010376214460451116,0.011578044465369475,0.5358443736577888,-0.5383601714543522,0.0,1.0,-0.000664394356937664
2018-01-29 14:30:00+00:00,-0.008802893404639023,-0.006630080068839583,0.5317407888510862,-0.5354084273571127,0.0,1.0,-0.0011535622411208972
2018-01-30 14:30:00+00:00,-0.010702183650199482,-0.010256874268913196,0.5261579283859861,-0.5300255308810448,0.0,1.0,-0.00020512303562020203
2018-01-31 14:30:00+00:00,-0.002301657719787076,0.0004970120979912451,0.5257251853984017,-0.5310751726640247,0.0,1.0,-0.0014804169397412729
2018-02-01 14:30:00+00:00,0.0008074237778172844,-0.0011354016571993863,0.4999352424918271,-0.49896473919429163,0.05680035806242645,1.0,0.0009370601575247412
2018-02-02 14:30:00+00:00,-0.020631935367071974,-0.021769863488907637,0.48935547306185256,-0.48783802928370923,0.0,1.0,0.0005418102662729187
2018-02-05 14:30:00+00:00,-0.03824858199878112,-0.041822755314417814,0.469849149645894,-0.46665149912834025,0.0,1.0,0.0016796252128893905
2018-02-06 14:30:00+00:00,0.015540580548938143,0.0197023621682193,0.47805840547539463,-0.4767506807108312,0.0,1.0,-0.0018983606671993064
2018-02-07 14:30:00+00:00,-0.003614473677805985,-0.005424944748564253,0.4759247671275752,-0.47376047076951827,0.0,1.0,0.0008524641976995615
2018-02-08 14:30:00+00:00,-0.03470803450784743,-0.03750889922814049,0.45883470634718704,-0.45542284020866525,0.0,1.0,0.0012458681348147466
2018-02-09 14:30:00+00:00,0.016411950631598282,0.015021622098250642,0.4660466616640609,-0.46194841282549043,0.0,1.0,0.0006832303671549911
2018-02-12 14:30:00+00:00,0.011955832797375887,0.014684458711354598,0.472193504326215,-0.4693032231794763,0.0,1.0,-0.0012174388132333615
2018-02-13 14:30:00+00:00,0.0036543887106315065,0.002487331946081861,0.47365747559952015,-0.4702108323677561,0.0,1.0,0.0005523133310773718
2018-02-14 14:30:00+00:00,0.013106667203490296,0.013496488431324671,0.47993469383035786,-0.4766256980081344,0.0,1.0,-0.0001440765391591098
2018-02-15 14:30:00+00:00,0.012338211546173428,0.012759852388170456,0.4859369389508089,-0.48278755781756266,0.0,1.0,-0.00016609015111795493
2018-02-16 14:30:00+00:00,0.0005917975175828705,0.0002932152748225114,0.486156422597439,-0.48286148737565954,0.0,1.0,0.00014006320677416087
2018-02-20 14:30:00+00:00,-0.005558020908314587,-0.006261295836539005,0.48330196090051136,-0.4796868945176626,0.0,1.0,0.0003153186780698789
2018-02-21 14:30:00+00:00,-0.006540751527178701,-0.004974122013349347,0.4805161288579474,-0.47767397939994277,0.0,1.0,-0.0007810892782653696
2018-02-22 14:30:00+00:00,0.0003588515392705105,0.001296055272956842,0.48090622592557497,-0.47850964967972753,0.0,1.0,-0.0004526103082229733
2018-02-23 14:30:00+00:00,0.016273962205548775,0.01593902997072183,0.4886380132857048,-0.48604266866835155,0.0,1.0,0.0001933177166487464
2018-02-26 14:30:00+00:00,0.011303406333149857,0.011612533075241904,0.4942239869926194,-0.49174924096867667,0.0,1.0,-0.00012686493285105608
2018-02-27 14:30:00+00:00,-0.011177067398729146,-0.012486623440548072,0.48840191099148783,-0.485312737690148,0.0,1.0,0.0006103604055136762
2018-02-28 14:30:00+00:00,-0.008948530013743738,-0.01013012485034026,0.4837702698626839,-0.48013725836702176,0.0,1.0,0.0005398470840321244
2018-03-01 14:30:00+00:00,-0.01271260038984201,-0.014540797294909202,0.4932046983840828,-0.49229141284685585,0.03609247177029434,1.0,0.0008900998356960679
2018-03-02 14:30:00+00:00,0.006137640013652357,0.005155325593138027,0.4959921290358987,-0.4945903305291736,0.0,1.0,0.00048323799083963335
2018-03-05 14:30:00+00:00,0.009687457179208714,0.011557850390072844,0.5012569101576946,-0.5007661599451113,0.0,1.0,-0.000917450914325416
2018-03-06 14:30:00+00:00,0.004738511403102441,0.002534758340692722,0.503078766288789,-0.5014838799682717,0.0,1.0,0.001099938003056214
2018-03-07 14:30:00+00:00,-0.0012969121149769558,-0.0003663065490909778,0.5026649346475881,-0.5015382656095021,0.0,1.0,-0.00047470449824404016
2018-03-08 14:30:00+00:00,0.006256577827962628,0.004839171939416742,0.5054500266213422,-0.5036067375846601,0.0,1.0,0.0007119800025767591
2018-03-09 14:30:00+00:00,0.016775979733994584,0.017402168563783293,0.5140787253949183,-0.5125194134957956,0.0,1.0,-0.00029038231511095534
2018-03-12 13:30:00+00:00,-0.00011503290684877765,-0.0012550643219686464,0.5137225773882043,-0.5115803951455611,0.0,1.0,0.0005781564791111961
2018-03-13 13:30:00+00:00,-0.004731272546192211,-0.0064624958633549,0.5108477967782276,-0.5078327117093354,0.0,1.0,0.0008695722796933585
2018-03-14 13:30:00+00:00,-0.00684061692405713,-0.005131619121304776,0.5078074974126212,-0.5056790185298017,0.0,1.0,-0.0008944624113791409
2018-03-15 13:30:00+00:00,0.00023338044755472076,-0.0010897014312779563,0.5075891740293428,-0.5047929991943791,0.0,1.0,0.0006635991103245764
2018-03-16 13:30:00+00:00,0.0024510263685457723,0.0010841906185845573,0.5084819934050366,-0.5049914074960993,0.0,1.0,0.0006908702349281993
2018-03-19 13:30:00+00:00,-0.01269047850869165,-0.013530381628495847,0.5018414779415097,-0.4979724919710958,0.0,1.0,0.00037389427221779377
2018-03-20 13:30:00+00:00,0.004127299865940293,0.0017007592935993632,0.5032995249053972,-0.49821241797489824,0.0,1.0,0.0012183665400022146
2018-03-21 13:30:00+00:00,-0.0016443561721294353,-0.0019193220269676514,0.5024102885420525,-0.4971951949802563,0.0,1.0,0.00012267400676765314
2018-03-22 13:30:00+00:00,-0.02591161801771924,-0.02499686326123529,0.4896838254759359,-0.4850559173460294,0.0,1.0,-0.0005958955627614633
2018-03-23 13:30:00+00:00,-0.0223196715186037,-0.021314785347304688,0.4790400730238888,-0.4750004739522448,0.0,1.0,-0.0005966717538779532
2018-03-26 13:30:00+00:00,0.028287937553173714,0.02735896232130086,0.49232055757737875,-0.48772794692578036,0.0,1.0,0.0005495832207556439
2018-03-27 13:30:00+00:00,-0.014840401034104778,-0.01701187121963854,0.48453706465345475,-0.4789590177445353,0.0,1.0,0.0009849781305853237
2018-03-28 13:30:00+00:00,-0.0017147832276321884,-0.0029545968470305883,0.483426621850484,-0.4772678817836204,0.0,1.0,0.0005783023910986132
2018-03-29 13:30:00+00:00,0.0147218897094894,0.012777587336677332,0.4900473195377901,-0.48287721904229275,0.0,1.0,0.0010126689860802819
2018-04-02 13:30:00+00:00,-0.023938695190277137,-0.02158453038703112,0.488615316061631,-0.4897938086150505,0.027075461419917124,1.0,-0.0011965725132853482
2018-04-03 13:30:00+00:00,0.014120921546255216,0.012817114749636538,0.4952099639238768,-0.4957661587640404,0.0,1.0,0.0006160027147719872
2018-04-04 13:30:00+00:00,0.012458895636015876,0.01069883877501887,0.5009490699345691,-0.5006398835249267,0.0,1.0,0.0008596946747635108
2018-04-05 13:30:00+00:00,0.004584385835785909,0.007892225131937103,0.5040826789499873,-0.505430349293093,0.0,1.0,-0.0016605712310997082
2018-04-06 13:30:00+00:00,-0.02257738675084564,-0.02228590428235755,0.49276234500609817,-0.4942270925041487,0.0,1.0,-0.0001228495922641853
2018-04-09 13:30:00+00:00,0.0024576518422927407,0.004928325058024763,0.4945820287256938,-0.4972747634520596,0.0,1.0,-0.0012306258602785712
2018-04-10 13:30:00+00:00,0.017036167286573534,0.01590033456480011,0.5027499028745149,-0.504922575962344,0.0,1.0,0.0005129946878318722
2018-04-11 13:30:00+00:00,-0.006025523247822462,-0.0052421847435455415,0.4999147316219349,-0.5024708312667808,0.0,1.0,-0.00038838618418174045
2018-04-12 13:30:00+00:00,0.006789488006043509,0.008226944638410894,0.5036844372738303,-0.5069826306456929,0.0,1.0,-0.000745587017808901
2018-04-13 13:30:00+00:00,-0.0037329108327162075,-0.0029330049079577813,0.5020046178474606,-0.5056975118930509,0.0,1.0,-0.00039917892918926457
2018-04-16 13:30:00+00:00,0.007856415017295282,0.008221620279121877,0.5060597298182461,-0.5099671784302447,0.0,1.0,-0.00021964868142539568
2018-04-17 13:30:00+00:00,0.008395614671344642,0.010698700687963303,0.510928299181748,-0.5160492645466412,0.0,1.0,-0.0012132560914239721
2018-04-18 13:30:00+00:00,-0.0035682799522872566,0.0007400947534004221,0.510233296396067,-0.5175755561525128,0.0,1.0,-0.0022110129411659534
2018-04-19 13:30:00+00:00,-0.011458405676911143,-0.005547213869865786,0.5058950664061314,-0.5162435359563461,0.0,1.0,-0.0029813101771334434
2018-04-20 13:30:00+00:00,-0.008693520271828348,-0.00847958167362739,0.5015103133965454,-0.5118795368164273,0.0,1.0,-2.6432169547997173e-05
2018-04-23 13:30:00+00:00,-0.00109610279541128,-0.00015018834904634293,0.5012005717983683,-0.5120478171859999,0.0,1.0,-0.0004787808948488556
2018-04-24 13:30:00+00:00,-0.011706018518035433,-0.01346728795405272,0.4948273596908554,-0.5046357400583344,0.0,1.0,0.0010228798446139783
2018-04-25 13:30:00+00:00,0.001727477834853719,0.0024715990909076613,0.49587972460372426,-0.5060846246082967,0.0,1.0,-0.000398406321374934
2018-04-26 13:30:00+00:00,0.010345833516887781,0.010165924845886298,0.5010202753583252,-0.5112399138613665,0.0,1.0,-2.0481565228612483e-05
2018-04-27 13:30:00+00:00,0.001341125917819097,0.0009387432489436076,0.5015988812147351,-0.5116246461063794,0.0,1.0,0.00018605587795566034
2018-04-30 13:30:00+00:00,-0.006209022938299946,-0.007690462270715237,0.4980788871511664,-0.5072769715282076,0.0,1.0,0.000814238697408885
2018-05-01 13:30:00+00:00,0.0004898336200915843,0.0017767762231895023,0.5005723024712123,-0.5012161948930374,0.009198084377041227,1.0,-0.0006540227246898606
2018-05-02 13:30:00+00:00,-0.00330572728357581,-0.006717731662601478,0.4980676801232446,-0.49700111207543723,0.0,1.0,0.00170632800360776
2018-05-03 13:30:00+00:00,0.00024576649344920654,-0.0022035453124805704,0.4975872016477314,-0.49530582494450665,0.0,1.0,0.0012116204371033503
2018-05-04 13:30:00+00:00,0.012281837305774701,0.012946254622308695,0.5038531810429231,-0.5018722664236125,0.0,1.0,-0.0003070226505234752
2018-05-07 13:30:00+00:00,0.002305160761188807,0.0033835123712659954,0.5052888036391091,-0.503843733392297,0.0,1.0,-0.000542580820851671
2018-05-08 13:30:00+00:00,0.0010895432846680375,0.0,0.5055640167796035,-0.5035694986879057,0.0,1.0,0.0005445816418705571
2018-05-09 13:30:00+00:00,0.0084645427124177,0.009665812696366238,0.5101464081955837,-0.5087390944099096,0.0,1.0,-0.0005939926209803087
2018-05-10 13:30:00+00:00,0.008033481234366091,0.009350380360443333,0.5145866565653232,-0.5138374973247479,0.0,1.0,-0.0006646048208940413
2018-05-11 13:30:00+00:00,0.002735840549350277,0.003051453987786612,0.5160801925637822,-0.5154910599210308,0.0,1.0,-0.00016607682005227953
2018-05-14 13:30:00+00:00,-0.0010675989701192101,0.00047686987587747254,0.5159433949123943,-0.5161512179375923,0.0,1.0,-0.0008027412207928872
2018-05-15 13:30:00+00:00,-0.0065312224889386705,-0.006887345754662655,0.5124818076313441,-0.5125044558018177,0.0,1.0,0.00017921841480285952
2018-05-16 13:30:00+00:00,0.005259061907072038,0.004204846416273389,0.514901910981535,-0.5143846644464739,0.0,1.0,0.0005342186473266244
2018-05-17 13:30:00+00:00,0.001070443331008919,-0.000844468221255501,0.5149486393555016,-0.5134473087082433,0.0,1.0,0.0009796024384077727
2018-05-18 13:30:00+00:00,-0.001900467306199638,-0.0024999692921467975,0.5138163615769914,-0.5120106114103615,0.0,1.0,0.0002990070704865251
2018-05-21 13:30:00+00:00,0.0052361091028323425,0.007518449195677235,0.5171092335356026,-0.5164618563645217,0.0,1.0,-0.001165079622451344
2018-05-22 13:30:00+00:00,-0.00331466718450113,-0.002779974683289388,0.5155417294619319,-0.515172541472081,0.0,1.0,-0.0002842465025773633
2018-05-23 13:30:00+00:00,0.004156960976034574,0.0027508926636850006,0.5173123772124939,-0.5162180745799153,0.0,1.0,0.0007199501050707393
2018-05-24 13:30:00+00:00,-0.00035465371667786627,-0.0020483743114799724,0.5166804376713026,-0.5147139008846132,0.0,1.0,0.000867988704876897
2018-05-25 13:30:00+00:00,-0.003076477265961941,-0.002382692061910996,0.5152810739832099,-0.5136770960574845,0.0,1.0,-0.0003691032754223979
2018-05-29 13:30:00+00:00,-0.009851850023730013,-0.011501029949151698,0.5097838309201006,-0.5073505176252994,0.0,1.0,0.0008253914240489078
2018-05-30 13:30:00+00:00,0.013066550909780261,0.013344830637312066,0.5165045223428673,-0.514180331321284,0.0,1.0,-0.0001153427327143035
2018-05-31 13:30:00+00:00,-0.008046225830137588,-0.00612595772265534,0.5128676413104656,-0.5115481800286187,0.0,1.0,-0.0010120174385153345
2018-06-01 13:30:00+00:00,0.010974384528789072,0.00981746283013929,0.5052041261107808,-0.5046259891918939,0.024415821339084265,1.0,0.000560300557702968
2018-06-04 13:30:00+00:00,0.006017605549903937,0.004751640615330954,0.5079210218862443,-0.5067013433213047,0.0,1.0,0.0006363654263704599
2018-06-05 13:30:00+00:00,0.001524858077000868,0.0007270994682273546,0.5084920649978426,-0.5068669514987184,0.0,1.0,0.0004001328144703865
2018-06-06 13:30:00+00:00,0.008900334689460276,0.008360728683055374,0.5128731740068336,-0.5109606273788203,0.0,1.0,0.00028202012457503503
2018-06-07 13:30:00+00:00,-0.0010447725615848613,-0.00010808827292163592,0.5125867420585719,-0.5111541053357983,0.0,1.0,-0.00048655934898332657
2018-06-08 13:30:00+00:00,0.0030211675610558597,0.0029566461751089346,0.5141192316571135,-0.5126493324179303,0.0,1.0,3.135622594996622e-05
2018-06-11 13:30:00+00:00,-0.0013901545456537212,0.0013296551621138075,0.5141254869021652,-0.5140518364006595,0.0,1.0,-0.0014023043990522143
2018-06-12 13:30:00+00:00,0.0015083288639350378,0.0012925901750842073,0.5148468676194008,-0.5146622245580534,0.0,1.0,0.00010505957741132336
2018-06-13 13:30:00+00:00,-0.0056759377151421875,-0.003191274241786113,0.5125836899237467,-0.5136802672537661,0.0,1.0,-0.001285762833943699
2018-06-14 13:30:00+00:00,0.0012812011811811352,0.0025180679673497686,0.5135704903504894,-0.5153049414293995,0.0,1.0,-0.0006427113783992688
2018-06-15 13:30:00+00:00,0.0017453728753404896,-0.0012758396027022778,0.513671767252106,-0.513852120712836,0.0,1.0,0.0015478660742244835
2018-06-18 13:30:00+00:00,-0.0030196642403678142,-0.0020566872559270033,0.5123769601504434,-0.5130519344160462,0.0,1.0,-0.0005002355397089501
2018-06-19 13:30:00+00:00,-0.003844301311245024,-0.0038327663792886435,0.5104119631056708,-0.5110902668776445,0.0,1.0,-9.275595651645783e-06
2018-06-20 13:30:00+00:00,-0.0010526920397468942,0.0017060925451206632,0.5105972671690266,-0.5126878034276213,0.0,1.0,-0.0014152262857089857
2018-06-21 13:30:00+00:00,-0.007609607863682144,-0.006268998716286944,0.5070552802307873,-0.5098190943793806,0.0,1.0,-0.0006773581788326878
2018-06-22 13:30:00+00:00,0.0007080894807074412,0.001823153426363966,0.5077069581065619,-0.5110431331127414,0.0,1.0,-0.0005763902996273385
2018-06-25 13:30:00+00:00,-0.012731548610014909,-0.01361279172978791,0.5009991380647656,-0.5038411014692574,0.0,1.0,0.0004868755382731519
2018-06-26 13:30:00+00:00,0.0011637013057668177,0.0022140550875220377,0.5018523843630546,-0.505228684410011,0.0,1.0,-0.0005384709838090797
2018-06-27 13:30:00+00:00,-0.009704131746456901,-0.008284221766422406,0.4973257797639848,-0.5013895012759599,0.0,1.0,-0.0006905675716746205
2018-06-28 13:30:00+00:00,0.007137650912770077,0.005717584751537608,0.5005366300164125,-0.503915063326525,0.0,1.0,0.0006770484578476412
2018-06-29 13:30:00+00:00,0.0024023622734477,0.001439799477814141,0.5015029018489715,-0.5044030355789676,0.0,1.0,0.00047098129043748746
2018-07-02 13:30:00+00:00,0.000239772757895107,0.00213775774433711,0.5005994094734328,-0.5015493118761163,0.005905937427939101,1.0,-0.0009578978428873519
2018-07-03 13:30:00+00:00,-0.0015574860000254764,-0.0035314085911881676,0.499327622263129,-0.49928606664382363,0.0,1.0,0.0009855465960355572
2018-07-05 13:30:00+00:00,0.008159353825784255,0.008158544045780758,0.5034044352429108,-0.5033621360243946,0.0,1.0,-5.209002078225715e-06
2018-07-06 13:30:00+00:00,0.00856940701621589,0.008457763997653078,0.5076926199588329,-0.5075937663954796,0.0,1.0,5.0606966563539895e-05
2018-07-09 13:30:00+00:00,0.008024451411855704,0.00900468856532699,0.512023980134039,-0.5124220957349949,0.0,1.0,-0.0005027214040276381
2018-07-10 13:30:00+00:00,0.0037460929584700597,0.003598097155506963,0.513906922150316,-0.5142306706678168,0.0,1.0,6.839256051255463e-05
2018-07-11 13:30:00+00:00,-0.007231054161226491,-0.007314435191004609,0.5101708011258466,-0.510449320581145,0.0,1.0,3.926574497605911e-05
2018-07-12 13:30:00+00:00,0.00810591275003314,0.00906610463453661,0.5145626279228499,-0.51533391869215,0.0,1.0,-0.0004983393304285418
2018-07-13 13:30:00+00:00,0.0011654951493125232,0.0007870967702134912,0.5150654385029375,-0.5156425181107147,0.0,1.0,0.0001881502029251522
2018-07-16 13:30:00+00:00,-0.004539653729074944,-0.0008939180287893533,0.5136946243658544,-0.5161536114045431,0.0,1.0,-0.001883228976220354
2018-07-17 13:30:00+00:00,0.006548047936479895,0.004045294365375263,0.5164026184698854,-0.5175844012091708,0.0,1.0,0.0012697513482243762
2018-07-18 13:30:00+00:00,0.0020916276805751366,0.0021033511674735106,0.5174902400139267,-0.5186805797471998,0.0,1.0,-1.4492124388674497e-05
2018-07-19 13:30:00+00:00,-0.0018550037801194907,-0.00377109513829188,0.5160193854077161,-0.5162134855022301,0.0,1.0,0.0009900950802579215
2018-07-20 13:30:00+00:00,-0.001974697164459527,-0.0011429355760779192,0.5152244928854584,-0.5158478473587886,0.0,1.0,-0.0004349356406914637
2018-07-23 13:30:00+00:00,-0.00011627769810607091,0.0018594802094700214,0.5156932055884824,-0.5173373634205792,0.0,1.0,-0.0010250703622543497
2018-07-24 13:30:00+00:00,0.004306641606718342,0.00503217820092261,0.5181153372294102,-0.5201427104406998,0.0,1.0,-0.000388380368190884
2018-07-25 13:30:00+00:00,0.010081947162668081,0.008522304096735267,0.5229285309864746,-0.5241641373366039,0.0,1.0,0.0007848447210867248
2018-07-26 13:30:00+00:00,-0.0008034347642440487,-0.0023591823944482115,0.5220852380438944,-0.5225040451041798,0.0,1.0,0.0008105074626436646
2018-07-27 13:30:00+00:00,-0.0062003519724039835,-0.006776107383203445,0.5186938253391202,-0.5188091668054372,0.0,1.0,0.0002974789013632533
2018-07-30 13:30:00+00:00,-0.006701307310989502,-0.005223111027715666,0.5156159960447777,-0.5164981474471182,0.0,1.0,-0.0007720812244410834
2018-07-31 13:30:00+00:00,0.0067465178000467585,0.004928936876364753,0.5186139191201198,-0.5185632917178714,0.0,1.0,0.0009268733488263704
2018-08-01 13:30:00+00:00,-0.002657296187350777,-0.0016707983302798324,0.4989296926694364,-0.4994231971296043,0.03717721083799119,1.0,-0.000517789914906849
2018-08-02 13:30:00+00:00,0.0034756294440807523,0.005447987836034285,0.5011612948045768,-0.5026430269664524,0.0,1.0,-0.0009927091535797646
2018-08-03 13:30:00+00:00,0.0046176955774577255,0.0042844737246348075,0.5033976309597531,-0.5047185093329087,0.0,1.0,0.00015469707175103082
2018-08-06 13:30:00+00:00,0.0031028157921166866,0.0036673127265862693,0.5051085693543689,-0.5067189332186431,0.0,1.0,-0.00029496287451655803
2018-08-07 13:30:00+00:00,0.004238952025746645,0.00330237465574279,0.5070155591176189,-0.508157640334892,0.0,1.0,0.00046180284968804034
2018-08-08 13:30:00+00:00,-0.0012547834184349904,-0.00042026401559969173,0.5065964849305036,-0.5081618713976236,0.0,1.0,-0.00042858672693690917
2018-08-09 13:30:00+00:00,-0.0022848567625202154,-0.0013662511926775256,0.5056762356909981,-0.507705798021692,0.0,1.0,-0.00046917602254456585
2018-08-10 13:30:00+00:00,-0.006410475198403209,-0.0067002229981822925,0.5023571649740384,-0.5042263220497664,0.0,1.0,0.00015416471594401488
2018-08-13 13:30:00+00:00,-0.0038025750609610443,-0.0037433702529392487,0.500461276080968,-0.502353232463428,0.0,1.0,-2.8697393467691368e-05
2018-08-14 13:30:00+00:00,0.006824043133982105,0.006380260755189271,0.5037736391506705,-0.5054552276468964,0.0,1.0,0.0002040723395829892
2018-08-15 13:30:00+00:00,-0.004480201686869134,-0.0074669250604897375,0.5007598650982403,-0.500924016724202,0.0,1.0,0.0015112364173967385
2018-08-16 13:30:00+00:00,0.007961865298500959,0.008091966485959778,0.5047834092258092,-0.5050140553200374,0.0,1.0,-7.243014348927711e-05
2018-08-17 13:30:00+00:00,0.004350526035967084,0.0035198263936562224,0.5067704098042746,-0.5065826218088862,0.0,1.0,0.00041255918232589777
2018-08-20 13:30:00+00:00,0.004331486756055103,0.0021399773475332395,0.5084036719145507,-0.507106323559964,0.0,1.0,0.0011050416021504367
2018-08-21 13:30:00+00:00,0.0018156689494410738,0.0023449907992141306,0.5094653490744202,-0.5084337870171566,0.0,1.0,-0.0002720192830467238
2018-08-22 13:30:00+00:00,0.0,-0.0005933927620889179,0.5093147199853745,-0.5079818511929038,0.0,1.0,0.00029574854826505817
2018-08-23 13:30:00+00:00,0.00034045421107986584,-0.0013275704106452402,0.5090595779060055,-0.5068807632839228,0.0,1.0,0.0008418276350200952
2018-08-24 13:30:00+00:00,0.005435573749379641,0.006018250920762469,0.5119748035381028,-0.5100789448880442,0.0,1.0,-0.00028945712276646894
2018-08-27 13:30:00+00:00,0.006533076849788655,0.007895328069061902,0.5156745761294697,-0.5144603514544641,0.0,1.0,-0.0006884222552945609
2018-08-28 13:30:00+00:00,-0.0002236289429614624,0.00048304300200818773,0.5157499696780068,-0.5148992566604735,0.0,1.0,-0.00036977861390506613
2018-08-29 13:30:00+00:00,0.005820324961866907,0.00538045791434727,0.5186348570658326,-0.5175529493616138,0.0,1.0,0.00022548626105625154
2018-08-30 13:30:00+00:00,-0.0045627710904931895,-0.0040480410423492375,0.5164116401660207,-0.515600844188788,0.0,1.0,-0.00027728893268972
2018-08-31 13:30:00+00:00,0.0036892125315335367,3.46702597087134e-05,0.5173435017668965,-0.5146504959267527,0.0,1.0,0.001881323898203833
2018-09-04 13:30:00+00:00,-0.001113578138991489,-0.0017222922990999256,0.4993022041432999,-0.4989979329917618,0.03199399769364919,1.0,0.0002824077002550128
2018-09-05 13:30:00+00:00,0.0,-0.0026917848379933718,0.4986354075898917,-0.4969901414882028,0.0,1.0,0.0013372426892648758
2018-09-06 13:30:00+00:00,-0.0012267099638768597,-0.0030095317939634603,0.4975868084142436,-0.495059734661627,0.0,1.0,0.0008780742283104447
2018-09-07 13:30:00+00:00,-0.0034609746647866757,-0.0019439310780351438,0.49624466037402754,-0.49447600565077005,0.0,1.0,-0.0007657257147135706
2018-09-10 13:30:00+00:00,0.0024644872869197254,0.0017387615099468956,0.49728998699636906,-0.49515888082254284,0.0,1.0,0.0003572604295233642
2018-09-11 13:30:00+00:00,0.0023469543759455647,0.0032976493764700354,0.4986923350095499,-0.49702618638384366,0.0,1.0,-0.0004716958444553986
2018-09-12 13:30:00+00:00,0.0004460871781799547,0.00024207181996627192,0.498866808348825,-0.49709868557910936,0.0,1.0,9.619184204316927e-05
2018-09-13 13:30:00+00:00,0.005795028663771573,0.005914421974038797,0.501785382257392,-0.5000662687750896,0.0,1.0,-5.505631642158739e-05
2018-09-14 13:30:00+00:00,0.0015511925636384483,0.00017161316732838827,0.5022189267977791,-0.49980892021770634,0.0,1.0,0.0006865954162891795
2018-09-17 13:30:00+00:00,-0.004756722158931415,-0.005294447974998118,0.499704413170612,-0.49703778040501106,0.0,1.0,0.0002513440468465002
2018-09-18 13:30:00+00:00,0.004668482713764854,0.0054267460168739845,0.5022232924485877,-0.49992024303953914,0.0,1.0,-0.00037038876112214825
2018-09-19 13:30:00+00:00,-0.00011083531088595944,0.001065296603527388,0.5024661836266358,-0.5007503421109285,0.0,1.0,-0.0005941797926496976
2018-09-20 13:30:00+00:00,0.0076353822889481116,0.00810378257793265,0.5064178659070778,-0.5049231349842882,0.0,1.0,-0.0002274028799865736
2018-09-21 13:30:00+00:00,0.002196411168919221,-0.0009133109523817851,0.5067358586441013,-0.5036724758916638,0.0,1.0,0.001567501305158258
2018-09-24 13:30:00+00:00,-0.004602354791263363,-0.0033222544512463426,0.5047392323219289,-0.5023331000487644,0.0,1.0,-0.0006648024628866691
2018-09-25 13:30:00+00:00,-0.002531802724182186,-0.0009278045660859879,0.5038733925634105,-0.5022777886478127,0.0,1.0,-0.0008177856004252927
2018-09-26 13:30:00+00:00,-0.0017949039505936737,-0.002991818083865061,0.5026712223527331,-0.5004785978473503,0.0,1.0,0.0005923670473367957
2018-09-27 13:30:00+00:00,0.0017759997061661537,0.002793885293862708,0.5038216651487678,-0.5021337131270116,0.0,1.0,-0.000511488232174486
2018-09-28 13:30:00+00:00,0.0014403357756336277,0.00010328511590662615,0.5042105969162194,-0.5018504117306845,0.0,1.0,0.0006678570491397475
2018-10-01 13:30:00+00:00,0.0037623361593568383,0.003473916414972189,0.5018133093778566,-0.501669119004094,0.006061008646903843,1.0,0.00013522698691649174
2018-10-02 13:30:00+00:00,0.0007717557593160951,-0.0005823333630909922,0.5018626004978964,-0.501039548442888,0.0,1.0,0.0006734635958899987
2018-10-03 13:30:00+00:00,-0.00044043625337053527,0.0005485431888612169,0.5018934285468143,-0.5015660925390132,0.0,1.0,-0.0005018326960709141
2018-10-04 13:30:00+00:00,-0.008926573860365772,-0.007815601397036076,0.49769498516051186,-0.49792792912880623,0.0,1.0,-0.0005661004873538925
2018-10-05 13:30:00+00:00,-0.007116981156282121,-0.005596918271822293,0.49452932332384897,-0.49551824394143934,0.0,1.0,-0.000761176287324202
2018-10-08 13:30:00+00:00,-0.00022394048218743468,0.0,0.4944762823426345,-0.4955760764385851,0.0,1.0,-0.00011669751607334948
2018-10-09 13:30:00+00:00,-0.0019042530757850118,-0.0014594562470408023,0.4936453934751832,-0.4949638196602218,0.0,1.0,-0.00022428876186381743
2018-10-10 13:30:00+00:00,-0.03423102751543572,-0.0316630139866414,0.4773354315994364,-0.47988293874813964,0.0,1.0,-0.0012318950830864201
2018-10-11 13:30:00+00:00,-0.02324255728268898,-0.022026764941231347,0.4664882581396938,-0.4695616221448106,0.0,1.0,-0.0005301798018467579
2018-10-12 13:30:00+00:00,0.01451523853261949,0.013888560575731734,0.4731441408142868,-0.4759671635397862,0.0,1.0,0.000243700925414392
2018-10-15 13:30:00+00:00,-0.0051598511191484064,-0.005617049129937435,0.47059632672453083,-0.47318658585070633,0.0,1.0,0.00022622523638845513
2018-10-16 13:30:00+00:00,0.018507417848038,0.021865898873945744,0.48009468334166666,-0.48432902700964625,0.0,1.0,-0.001643079559228867
2018-10-17 13:30:00+00:00,-0.000578528520758903,0.00017854060614852507,0.47999461603976495,-0.4845948834687066,0.0,1.0,-0.00037017324598787694
2018-10-18 13:30:00+00:00,-0.012970489853827205,-0.014441466783886137,0.4734059646029229,-0.47723080451068894,0.0,1.0,0.0007665432350666628
2018-10-19 13:30:00+00:00,-0.00469315523962166,-0.0005421939557198607,0.4721137740250109,-0.47791304854664607,0.0,1.0,-0.0019689684065077127
2018-10-22 13:30:00+00:00,-0.0017683068057310347,-0.004489143282438657,0.47066489047977705,-0.4751477384106897,0.0,1.0,0.0013046257708327843
2018-10-23 13:30:00+00:00,-0.006495076897614971,-0.005090753876629495,0.4679092647048731,-0.4730335576420941,0.0,1.0,-0.000644096846340106
2018-10-24 13:30:00+00:00,-0.030904471788612553,-0.030298376878489797,0.45350967877683346,-0.4587630168606635,0.0,1.0,-0.00013429204604158157
2018-10-25 13:30:00+00:00,0.015086459406605801,0.017940391435775194,0.46099438394516573,-0.4676455296921409,0.0,1.0,-0.0013944851203202852
2018-10-26 13:30:00+00:00,-0.013653986056738066,-0.01758736239684433,0.4538266797605207,-0.4585385180596371,0.0,1.0,0.00192428813238568
2018-10-29 13:30:00+00:00,-0.001959844289134538,-0.005540425924284276,0.4521933393264717,-0.4552490815069863,0.0,1.0,0.0016451166852025805
2018-10-30 13:30:00+00:00,0.01607920581756228,0.014818766189108379,0.4592260358358944,-0.4617557856893964,0.0,1.0,0.0005187276947503648
2018-10-31 13:30:00+00:00,0.009060388825332666,0.01068040608019527,0.4637470991049084,-0.46705038822475103,0.0,1.0,-0.0007769252386053981
2018-11-01 13:30:00+00:00,0.011492502964100204,0.010642029400881325,0.5055517742359195,-0.5051267009728294,0.06920251267034055,1.0,0.00038468314432188813
2018-11-02 13:30:00+00:00,-0.006391202607809898,-0.005922774413433918,0.5024439322266038,-0.5022581457107396,0.0,1.0,-0.00024528469876775055
2018-11-05 14:30:00+00:00,0.005955740408702281,0.005516860249068722,0.505327416719168,-0.5049201803660283,0.0,1.0,0.00021558525047432852
2018-11-06 14:30:00+00:00,0.006513170445137995,0.006328070922991591,0.5085728471311849,-0.5080695432722869,0.0,1.0,9.016050293490248e-05
2018-11-07 14:30:00+00:00,0.02047031594096871,0.021409006359992544,0.5192288657706557,-0.5191921617900338,0.0,1.0,-0.00047256960441394174
2018-11-08 14:30:00+00:00,-0.001152717345804244,-0.0018151702344073595,0.5184551319904079,-0.5180746585511297,0.0,1.0,0.0003379456570504001
2018-11-09 14:30:00+00:00,-0.00911850383099555,-0.009768402592650105,0.5135595220246174,-0.5128460553541564,0.0,1.0,0.0003272743495709534
2018-11-12 14:30:00+00:00,-0.018520449127314542,-0.018685104350959048,0.5040152685808127,-0.5032306240705732,0.0,1.0,6.527667781285209e-05
2018-11-13 14:30:00+00:00,-0.0024923972068638944,-0.0018711249547906927,0.5029202740556169,-0.5024500776922597,0.0,1.0,-0.0003205512498666107
2018-11-14 14:30:00+00:00,-0.007852272784621639,-0.006836698858149637,0.4992307667799777,-0.4992745604942003,0.0,1.0,-0.00051991968931789
2018-11-15 14:30:00+00:00,0.010792851915235158,0.01043660035301075,0.5045323923225243,-0.5043988142545959,0.0,1.0,0.00017144230213015922
2018-11-16 14:30:00+00:00,-0.0011865241294461981,0.002600817006432443,0.5049013662717982,-0.5066816889594269,0.0,1.0,-0.0019164412526679838
2018-11-19 14:30:00+00:00,-0.01734167476575621,-0.016914669640558766,0.49624052843836514,-0.49820670942144096,0.0,1.0,-0.00019143428195479722
2018-11-20 14:30:00+00:00,-0.017043625639711513,-0.0185061783319046,0.48741420215831904,-0.4886173089208322,0.0,1.0,0.00075621203579607
2018-11-21 14:30:00+00:00,-0.0003688847391674077,0.003407599325196742,0.48813783044744985,-0.4911914003203076,0.0,1.0,-0.0018507640539401184
2018-11-23 14:30:00+00:00,-0.007134646905682773,-0.006678829413909404,0.48475599765584365,-0.4880123525347047,0.0,1.0,-0.00020805987018236168
2018-11-26 14:30:00+00:00,0.01288535150548964,0.016144487496382087,0.49180803241629767,-0.49670486822066845,0.0,1.0,-0.0016384102803390706
2018-11-27 14:30:00+00:00,0.002079420842172608,0.003364221522705657,0.49315337939168785,-0.4987021951308654,0.0,1.0,-0.00065430171609868
2018-11-28 14:30:00+00:00,0.023925748533999647,0.023025568495978144,0.5047958505108373,-0.5100268813419974,0.0,1.0,0.000310209809984866
2018-11-29 14:30:00+00:00,-0.004649447666330464,-0.0021849005179204184,0.503071941715147,-0.5095436524044137,0.0,1.0,-0.0012386162728858295
2018-11-30 14:30:00+00:00,0.00970203547448345,0.00609496073182858,0.5070556700554071,-0.5117439129352473,0.0,1.0,0.0017692208912278328
2018-12-03 14:30:00+00:00,0.011506279308622913,0.013241379482042293,0.50620006483514,-0.5070683815606484,0.01879958299065443,1.0,-0.0008829022591573979
2018-12-04 14:30:00+00:00,-0.03060860336003679,-0.03240216023820386,0.49025001532840645,-0.4901823610322373,0.0,1.0,0.0009300815647387341
2018-12-06 14:30:00+00:00,-0.0002420049090664511,-0.0015172032013692771,0.48982811446576474,-0.48913582543628503,0.0,1.0,0.000619110956081103
2018-12-07 14:30:00+00:00,-0.022991104012772046,-0.023236102542765646,0.47851954540557856,-0.4777234133030011,0.0,1.0,9.796868816304758e-05
2018-12-10 14:30:00+00:00,0.003096261496452035,0.00189713350905385,0.4797280271006131,-0.4783573588591153,0.0,1.0,0.0005693641673499383
2018-12-11 14:30:00+00:00,0.0006173827496513962,0.00022726392683480867,0.47993708950122177,-0.4783792415881339,0.0,1.0,0.00018151005569918475
2018-12-12 14:30:00+00:00,0.005182647823440689,0.005035304944484897,0.4823894094832519,-0.48075312082466987,0.0,1.0,7.260717083191933e-05
2018-12-13 14:30:00+00:00,0.0006138206073345032,-0.0003387877602613054,0.4824669421686806,-0.48037262844579953,0.0,1.0,0.00045302145239118366
2018-12-14 14:30:00+00:00,-0.022206175489547952,-0.0184647596920835,0.4726274310537112,-0.4723764334911982,0.0,1.0,-0.0018497328197494818
2018-12-17 14:30:00+00:00,-0.021793694097410388,-0.019618538230256943,0.4628079514832573,-0.463590729695615,0.0,1.0,-0.0010389149158623828
2018-12-18 14:30:00+00:00,0.0014181804134845155,-0.0010966050459553234,0.462927870317438,-0.4625463694955756,0.0,1.0,0.001158768724488388
2018-12-19 14:30:00+00:00,-0.016737516921153106,-0.01497565510209753,0.4555564802681699,-0.4559966717725938,0.0,1.0,-0.000827280545370764
2018-12-20 14:30:00+00:00,-0.014796313779410486,-0.016277957564358236,0.44851264590968454,-0.4482708630578474,0.0,1.0,0.0006761854653588288
2018-12-21 14:30:00+00:00,-0.020866731904648494,-0.02048963301852491,0.4392327322512231,-0.4391650248704355,0.0,1.0,-0.00018004004204157982
2018-12-24 14:30:00+00:00,-0.02388995608214617,-0.026422805132813143,0.4282663462665906,-0.4270892181502544,0.0,1.0,0.0011047688090233853
2018-12-26 14:30:00+00:00,0.046864099802734316,0.05052460230387279,0.44901654077409003,-0.4493481108057379,0.0,1.0,-0.0015141484826760798
2018-12-27 14:30:00+00:00,0.011689621048380783,0.0076776322877660785,0.4534523560066056,-0.45198764854520856,0.0,1.0,0.0017929512611827268
2018-12-28 14:30:00+00:00,-0.002494774526150212,-0.0012900479900327388,0.45257187737381543,-0.45165483738393647,0.0,1.0,-0.0005541280100150873
2018-12-31 14:30:00+00:00,0.010398765812417388,0.008758624768268275,0.4569379394031665,-0.4552718258831023,0.0,1.0,0.000744361339724879
2019-01-02 14:30:00+00:00,-0.000521156651113297,0.0010406016174744348,0.500154913681666,-0.5009364420523915,0.08779023471373121,1.0,-0.0008307266326031124
2019-01-03 14:30:00+00:00,-0.025156280011009446,-0.023862800555356056,0.487882312580815,-0.4892930263367611,0.0,1.0,-0.0006342430308047352
2019-01-04 14:30:00+00:00,0.03529862612651491,0.03349573775694714,0.5046868187424621,-0.5052647104842062,0.0,1.0,0.0008263920680981091
2019-01-07 14:30:00+00:00,0.0060700590983309155,0.007884617022170914,0.5082210588128819,-0.5097206795628533,0.0,1.0,-0.0009262923020230443
2019-01-08 14:30:00+00:00,0.010783263255628617,0.009395194259836481,0.5133494883428295,-0.5141571988180949,0.0,1.0,0.000685404285532369
2019-01-09 14:30:00+00:00,0.005588138261190423,0.004673668888534932,0.5159809520599652,-0.516322837951908,0.0,1.0,0.0004597150322863118
2019-01-10 14:30:00+00:00,0.004546521396843195,0.0035274933559481525,0.5180581844510742,-0.5178755719947606,0.0,1.0,0.0005186406775521236
2019-01-11 14:30:00+00:00,-0.0028921265549676223,0.0003862979466053851,0.5174417688056828,-0.5189600881179616,0.0,1.0,-0.0017042964832803126
2019-01-14 14:30:00+00:00,-0.0052953530462379605,-0.006100860901675498,0.514485589317167,-0.5155773834869057,0.0,1.0,0.00042011408348063074
2019-01-15 14:30:00+00:00,0.0091266851770746,0.01146074956681753,0.5198149516680162,-0.5221229152280067,0.0,1.0,-0.001219307653571372
2019-01-16 14:30:00+00:00,0.0008792680385114604,0.0024198769542098653,0.5206950047785125,-0.5238119169579603,0.0,1.0,-0.0008123689178354392
2019-01-17 14:30:00+00:00,0.00903619689995061,0.007586669265270851,0.5250193830318286,-0.5274034515575051,0.0,1.0,0.0007251624358794172
2019-01-18 14:30:00+00:00,0.013432807933110968,0.013309936910870457,0.5320575948618697,-0.534408822448103,0.0,1.0,2.6825485668875903e-05
2019-01-22 14:30:00+00:00,-0.014236693062524064,-0.013510290366101296,0.5246720901331288,-0.5273790163432737,0.0,1.0,-0.0003606746851054561
2019-01-23 14:30:00+00:00,0.000622361818443995,0.002092631366655162,0.5254100359258733,-0.5288967663335089,0.0,1.0,-0.0007830263765659951
2019-01-24 14:30:00+00:00,0.000871163653489937,0.0005310500103929972,0.5257779011789014,-0.5290872185471546,0.0,1.0,0.00017089511226684942
2019-01-25 14:30:00+00:00,0.010939766079601121,0.008461483648736223,0.5308560938127022,-0.5328878083886072,0.0,1.0,0.0012690720192763585
2019-01-28 14:30:00+00:00,-0.00688633443551212,-0.007600084995884049,0.5269957625641348,-0.5286325014129734,0.0,1.0,0.0003883876569475431
2019-01-29 14:30:00+00:00,0.0004957620392374018,-0.0013268012230343018,0.5267530811409367,-0.5274265209649759,0.0,1.0,0.0009567023623762996
2019-01-30 14:30:00+00:00,0.012623238026161054,0.015830483604535095,0.5343139715393141,-0.5366915549836944,0.0,1.0,-0.0017060397494296465
2019-01-31 14:30:00+00:00,0.015521876686487746,0.008782365022763416,0.5406750560336627,-0.5394767878690166,0.0,1.0,0.0035741820566470702
2019-02-01 14:30:00+00:00,0.004453040186958468,0.00048176225904539294,0.5012542819443216,-0.49927248689117826,0.08015184390267938,1.0,0.001939610661052817
2019-02-04 14:30:00+00:00,0.006590134012200322,0.007034990589506407,0.5046661164041334,-0.5028929844880927,0.0,1.0,-0.00021499673562895707
2019-02-05 14:30:00+00:00,0.006546586640105101,0.0041924855501118685,0.507366436110325,-0.5044013623138538,0.0,1.0,0.0011895165036936836
2019-02-06 14:30:00+00:00,-0.0017737658120113853,-0.0013186487588257023,0.5065884598921686,-0.5038575495733341,0.0,1.0,-0.0002407733891217774
2019-02-07 14:30:00+00:00,-0.009951318735452963,-0.009532535825261479,0.5016697120314652,-0.49917637609083954,0.0,1.0,-0.0002441354709053118
2019-02-08 14:30:00+00:00,0.0026324825339374414,0.001221590537778372,0.5026360430339862,-0.4994341164991081,0.0,1.0,0.0007048952360608096
2019-02-11 14:30:00+00:00,0.0010739185749739644,0.0005542068258503896,0.5030465261107473,-0.4995824896129034,0.0,1.0,0.0002570480056868653
2019-02-12 14:30:00+00:00,0.011445156950207869,0.012859704000155237,0.5091466225688077,-0.5063477389489095,0.0,1.0,-0.0006729888764406036
2019-02-13 14:30:00+00:00,0.005657873532460389,0.00324660454400183,0.5113978690241676,-0.5073671701551112,0.0,1.0,0.0012308239489046936
2019-02-14 14:30:00+00:00,-0.0018753803384884415,-0.0022179789905447667,0.510356987250716,-0.5061606968814822,0.0,1.0,0.0001603118342309963
2019-02-15 14:30:00+00:00,0.010215989226256106,0.010897340975695391,0.5157296110715937,-0.5118341252809154,0.0,1.0,-0.0003079566000676527
2019-02-19 14:30:00+00:00,0.0,0.001730844940866838,0.5161899791758451,-0.5131777123775698,0.0,1.0,-0.0008918578872578567
2019-02-20 14:30:00+00:00,0.004067968137863032,0.002015093340719698,0.5177411261697769,-0.5136674332371223,0.0,1.0,0.0010597910166013289
2019-02-21 14:30:00+00:00,-0.005440933705181283,-0.0035557898893869844,0.5154377410552198,-0.5123514744780301,0.0,1.0,-0.0009964540592761121
2019-02-22 14:30:00+00:00,0.009777765115940973,0.006199815867264036,0.5195126316226815,-0.5145721970062912,0.0,1.0,0.0018573919818917482
2019-02-25 14:30:00+00:00,0.0008071913874421188,0.0013614262956922474,0.5200813234544254,-0.5154207565153106,0.0,1.0,-0.0002871583790756587
2019-02-26 14:30:00+00:00,-0.0002305789709645678,-0.0007153636284307208,0.5198351663125208,-0.5149269978320988,0.0,1.0,0.00024284106521690673
2019-02-27 14:30:00+00:00,0.0013825288951359038,-0.0004295987230383824,0.5200681375101376,-0.5142255265982562,0.0,1.0,0.0009339467379091148
2019-02-28 14:30:00+00:00,-0.0024160609845912395,-0.001862700009628071,0.5189697101544952,-0.513424078370712,0.0,1.0,-0.00030462082397408457
2019-03-01 14:30:00+00:00,0.0072652507584110015,0.0062438862686526875,0.5033867043776264,-0.5028762714960388,0.032393788525207245,1.0,0.0004885329696641725
2019-03-04 14:30:00+00:00,-0.002632876840462761,-0.0036377215022946885,0.5018114389312968,-0.500797542356616,0.0,1.0,0.0004980162491098138
2019-03-05 14:30:00+00:00,-0.001148184824525167,-0.0013601595708928604,0.5011856292725211,-0.5000668512101574,0.0,1.0,9.903991040954044e-05
2019-03-06 14:30:00+00:00,-0.0036777165644098497,-0.006056735874366281,0.49875407938918687,-0.4964524621718705,0.0,1.0,0.00117960176573384
2019-03-07 14:30:00+00:00,-0.008074677109296546,-0.008365482560691917,0.4946675233098027,-0.4922404106763246,0.0,1.0,0.00011983388554682556
2019-03-08 14:30:00+00:00,-0.001860964798507725,-0.001999868635350177,0.49371837573418553,-0.491227550021276,0.0,1.0,5.790492956654901e-05
2019-03-11 13:30:00+00:00,0.015379691322577438,0.01450112999248332,0.5010791466658385,-0.4981198122145,0.0,1.0,0.0004639292793760734
2019-03-12 13:30:00+00:00,0.00413054149672365,0.003770916096703436,0.5030556044365957,-0.49990549384988126,0.0,1.0,0.00018540780952718976
2019-03-13 13:30:00+00:00,0.005370867619348685,0.006619305471530668,0.5060677370796268,-0.5035232484932761,0.0,1.0,-0.0006131344950407481
2019-03-14 13:30:00+00:00,-0.00034102054065998644,-0.0006397412321893503,0.5058225251595728,-0.5031288782711588,0.0,1.0,0.00014359270916522175
2019-03-15 13:30:00+00:00,0.0044342995807422625,0.004940541872575643,0.5081918877303373,-0.5057403918020248,0.0,1.0,-0.0002487130601079685
2019-03-18 13:30:00+00:00,0.0012455041903567388,0.003625885938803197,0.5094396112621359,-0.508187406079568,0.0,1.0,-0.001206754230598726
2019-03-19 13:30:00+00:00,-0.0005655381094634704,0.00024757719012891144,0.5093653737913768,-0.5085267396115538,0.0,1.0,-0.0004198755056474541
2019-03-20 13:30:00+00:00,-0.001998881649727946,-0.0030093388546941213,0.5080900095038269,-0.5067398905980357,0.0,1.0,0.0005062157965331891
2019-03-21 13:30:00+00:00,0.009901065871265047,0.011294338788907066,0.5134793648641666,-0.5128214456779531,0.0,1.0,-0.0006986117305912248
2019-03-22 13:30:00+00:00,-0.01825560864343012,-0.01924576484384699,0.5038586913871775,-0.5027055743905123,0.0,1.0,0.0004898102380098706
2019-03-25 13:30:00+00:00,-0.0003448409944349917,-0.0007523827124928939,0.5035849668196801,-0.5022276434321119,0.0,1.0,0.0001985234705001831
2019-03-26 13:30:00+00:00,0.009071462208402048,0.007454392012068212,0.5077376366352998,-0.5055576473025967,0.0,1.0,0.00081849788083157
2019-03-27 13:30:00+00:00,-0.004324025891355721,-0.0052296522994951244,0.5053185788269429,-0.5026913319400659,0.0,1.0,0.00044246764496418974
2019-03-28 13:30:00+00:00,0.004685955573052514,0.0037909063670540366,0.5074549314806626,-0.5043668490221992,0.0,1.0,0.000456292258754238
2019-03-29 13:30:00+00:00,0.007279851056316566,0.006305245918142077,0.5108895514999434,-0.5072892590000854,0.0,1.0,0.0005080869219767683
2019-04-01 13:30:00+00:00,0.010389854489826877,0.011858997789581105,0.5055739122424616,-0.5063090349501976,0.018178810500028786,1.0,-0.0007496134360795091
2019-04-02 13:30:00+00:00,0.0008941384932870111,0.0004901607216212245,0.5059258284951057,-0.5064569657817437,0.0,1.0,0.00019792791325077863
2019-04-03 13:30:00+00:00,0.0010048546541807646,0.001573446755787522,0.5065833756803668,-0.50740325552984,0.0,1.0,-0.0002944535272740914
2019-04-04 13:30:00+00:00,0.00234246347074496,0.0026536289662728585,0.5078542102937191,-0.5088340594863506,0.0,1.0,-0.00016575930498958336
2019-04-05 13:30:00+00:00,0.005119952189954313,0.004840126225288177,0.5103873266010622,-0.5112296968923804,0.0,1.0,0.00013141581957873432
2019-04-08 13:30:00+00:00,0.0012179237420575362,0.0007622156653679379,0.5108934810022878,-0.5115037678138099,0.0,1.0,0.00022599317818765166
2019-04-09 13:30:00+00:00,-0.0055300011276609995,-0.005124336700593313,0.5081749950381258,-0.5089895769702263,0.0,1.0,-0.00021007637710961931
2019-04-10 13:30:00+00:00,0.00433754555123933,0.0034107292567560066,0.5101434113097293,-0.5104896266549215,0.0,1.0,0.00046225416647009606
2019-04-11 13:30:00+00:00,0.0006642035783968048,-0.0002776848365464435,0.5102400690594713,-0.5101057538484702,0.0,1.0,0.00047464192687142107
2019-04-12 13:30:00+00:00,0.008741743660722001,0.006765748850151576,0.5141846330483548,-0.5130423233172807,0.0,1.0,0.0010031880906386178
2019-04-15 13:30:00+00:00,0.0,-0.0006547978221007611,0.5140150149735039,-0.5125372538878545,0.0,1.0,0.000329986615001289
2019-04-16 13:30:00+00:00,0.0016458562532808418,0.0006552268632238345,0.5146015403608993,-0.5126146144621146,0.0,1.0,0.000504214268571709
2019-04-17 13:30:00+00:00,-0.003066652182798668,-0.0024471225006862385,0.5131925978217051,-0.5115287966713217,0.0,1.0,-0.00032962556074084785
2019-04-18 13:30:00+00:00,-0.0009887021822551079,0.0019696817331791294,0.5134661317401029,-0.5133170474161571,0.0,1.0,-0.0015208959491344722
2019-04-22 13:30:00+00:00,0.0,0.0008621643698454307,0.5136965328797588,-0.5139901439137905,0.0,1.0,-0.0004485160496688491
2019-04-23 13:30:00+00:00,0.01110610842896076,0.008991220449181991,0.5188424843386072,-0.5180531754031618,0.0,1.0,0.001077818320155758
2019-04-24 13:30:00+00:00,-0.0006525399417888211,-0.0022192511601579756,0.5180867697857932,-0.5164876237723883,0.0,1.0,0.0008051722850567271
2019-04-25 13:30:00+00:00,-0.0033735968274156702,-0.000615989554676788,0.5170812847317173,-0.5169115599600087,0.0,1.0,-0.0014356172824641397
2019-04-26 13:30:00+00:00,0.0033850165083690875,0.004656611397341637,0.5191756607214819,-0.5196629864673196,0.0,1.0,-0.0006626799574942426
2019-04-29 13:30:00+00:00,-0.00010849225405551444,0.0015678134292758106,0.5195750084948086,-0.520934587756614,0.0,1.0,-0.0008770135275158529
2019-04-30 13:30:00+00:00,0.0003262439767000025,0.0005103829293553463,0.5197977025607845,-0.5212537987146998,0.0,1.0,-0.00010232028488883741
2019-05-01 13:30:00+00:00,-0.008704013778626618,-0.007516221747601803,0.4959556711872001,-0.49654993586915774,0.04105150127548429,1.0,-0.0006203741471025304
2019-05-02 13:30:00+00:00,-0.001536968904311542,-0.002159066268436316,0.49504297730457447,-0.4953273398065802,0.0,1.0,0.00030386339164524713
2019-05-03 13:30:00+00:00,0.007695195628765861,0.009787910525529409,0.49937413576141115,-0.5006986491362492,0.0,1.0,-0.0010447195088222909
2019-05-06 13:30:00+00:00,-0.003818261744593543,-0.004115378928594482,0.49739384441253603,-0.49856436119032116,0.0,1.0,0.0001478711304614021
2019-05-07 13:30:00+00:00,-0.017082716378711504,-0.01669981475194382,0.48898348702267663,-0.49032514658234355,0.0,1.0,-0.00017685787976911958
2019-05-08 13:30:00+00:00,-0.0005572067814031412,-0.0013893350077387456,0.4885142443711025,-0.48944676732614945,0.0,1.0,0.00040280859540591055
2019-05-09 13:30:00+00:00,-0.003232383011291251,-0.00302539944025626,0.4869859453442108,-0.48801686893682905,0.0,1.0,-0.00010424554932754693
2019-05-10 13:30:00+00:00,0.004585058115787799,0.005023194776047957,0.4893286571707845,-0.49057840625439764,0.0,1.0,-0.00022449730664407373
2019-05-13 13:30:00+00:00,-0.02437933896593769,-0.025129847615834255,0.47721174738971434,-0.478062510985425,0.0,1.0,0.0003926990129257903
2019-05-14 13:30:00+00:00,0.007987294910502207,0.009043531659132853,0.48127253067248604,-0.4826357424879479,0.0,1.0,-0.000517694872935889
2019-05-15 13:30:00+00:00,0.008150088292940394,0.005857097932134847,0.4846668433359758,-0.4849341950319906,0.0,1.0,0.0010896164276947178
2019-05-16 13:30:00+00:00,0.007747815806457892,0.009261717234588795,0.48878471232813114,-0.48978902335209057,0.0,1.0,-0.0007421663430570888
2019-05-17 13:30:00+00:00,-0.005459735504315111,-0.00646525085562899,0.4858770152524637,-0.4863831036157417,0.0,1.0,0.0004920212734880646
2019-05-20 13:30:00+00:00,-0.007058155456653226,-0.006611886257257726,0.48255351038539074,-0.4832732424332299,0.0,1.0,-0.0002194381288596568
2019-05-21 13:30:00+00:00,0.008800785976178949,0.009015510165414797,0.48685686372071646,-0.48768679675100374,0.0,1.0,-0.00011605704382646533
2019-05-22 13:30:00+00:00,-0.003019754856451229,-0.0030711395507935224,0.48537618468803906,-0.4861785345454929,0.0,1.0,2.1613450332180862e-05
2019-05-23 13:30:00+00:00,-0.013125270816506718,-0.012218890893446632,0.47921446847513444,-0.4804474874357291,0.0,1.0,-0.0004360837845185218
2019-05-24 13:30:00+00:00,0.0005679712742603371,0.0022683370638367784,0.47988187404255944,-0.481934220083804,0.0,1.0,-0.000823589171626288
2019-05-28 13:30:00+00:00,-0.008634107331093377,-0.009300416974469594,0.4755802088165466,-0.4772931470516658,0.0,1.0,0.0003328852133631037
2019-05-29 13:30:00+00:00,-0.007678271494478528,-0.00671065431546769,0.47214322864852964,-0.47430583472813115,0.0,1.0,-0.0004546370246412006
2019-05-30 13:30:00+00:00,0.0025404942848585854,0.0027307377593426274,0.47339084023125494,-0.4756494036400702,0.0,1.0,-0.00010168005930474253
2019-05-31 13:30:00+00:00,-0.010942921756526225,-0.013475063956130184,0.46763855759368295,-0.4686667361505296,0.0,1.0,0.001223174828885916
2019-06-03 13:30:00+00:00,-0.003145295068562648,-0.002543032469825457,0.49859634223926763,-0.4988975756359827,0.06369470625578744,1.0,-0.0003389310334488702
2019-06-04 13:30:00+00:00,0.023601239695597576,0.021706913343980228,0.5098886112290993,-0.5092524721729751,0.0,1.0,0.0009320129617326789
2019-06-05 13:30:00+00:00,0.009131312107885092,0.008661897891946824,0.5144216644688271,-0.5135408767046428,0.0,1.0,0.00023890675325280686
2019-06-06 13:30:00+00:00,0.00633401345926754,0.006502616848960363,0.5177250386486034,-0.5169251871417835,0.0,1.0,-8.69581919575063e-05
2019-06-07 13:30:00+00:00,0.011914273990698776,0.010007356342181195,0.5233755753806313,-0.5215822346332677,0.0,1.0,0.0009893110313756654
2019-06-10 13:30:00+00:00,0.003887722782649261,0.004588983417080028,0.5256020254804505,-0.5241669543745053,0.0,1.0,-0.00036474545803854484
2019-06-11 13:30:00+00:00,0.000774458980831616,-0.0002424759295919232,0.5257313899510696,-0.5237632033680868,0.0,1.0,0.0005282026975475673
2019-06-12 13:30:00+00:00,-0.0016585893264242646,-0.001765460090632498,0.5248348771556858,-0.5228140745012073,0.0,1.0,4.675817959677212e-05
2019-06-13 13:30:00+00:00,0.004097741848221315,0.004126496102158317,0.5269922103163648,-0.5249781344745476,0.0,1.0,-1.2704782008174188e-05
2019-06-14 13:30:00+00:00,-0.003308944254691193,-0.0011047359852235372,0.5258635660956253,-0.5250123200949555,0.0,1.0,-0.0011697779909361752
2019-06-17 13:30:00+00:00,-0.0001667778208752635,0.000379846417584373,0.5259300026550839,-0.5253657177030588,0.0,1.0,-0.0002930788095592334
2019-06-18 13:30:00+00:00,0.010011408463846516,0.01047109480406605,0.5313237802988502,-0.5309952700678064,0.0,1.0,-0.00024180653785538345
2019-06-19 13:30:00+00:00,0.00363408602101023,0.00225692808971778,0.5328675252731152,-0.5318073271001035,0.0,1.0,0.00072650580113867
2019-06-20 13:30:00+00:00,0.011960972472362608,0.00955440919643169,0.5385482662460911,-0.5361985820903135,0.0,1.0,0.0012865566034803509
2019-06-21 13:30:00+00:00,-0.0028194070393758874,-0.0014533487117371902,0.5374302949430396,-0.5358185131745541,0.0,1.0,-0.0007450556353340248
2019-06-24 13:30:00+00:00,-0.003044925197429049,-0.0012246131610045285,0.5363227905629165,-0.5356906500104465,0.0,1.0,-0.0009862170247427308
2019-06-25 13:30:00+00:00,-0.008507677161475491,-0.009807996565221355,0.5313957965384166,-0.5300733712638089,0.0,1.0,0.0006852385179203449
2019-06-26 13:30:00+00:00,-0.002090240844178304,-0.000997163930006928,0.5305971101095699,-0.5298564243695528,0.0,1.0,-0.000588127533220202
2019-06-27 13:30:00+00:00,0.0033070603913778474,0.0035455715322838532,0.5324209773924932,-0.5318041387055653,0.0,1.0,-0.00012987954877187084
2019-06-28 13:30:00+00:00,0.005054516027471312,0.005146163353292099,0.5351397065092636,-0.5345684589675371,0.0,1.0,-5.157298709573187e-05
2019-07-01 13:30:00+00:00,0.008308770900621765,0.00907878497176795,0.504369152644119,-0.5047543236907233,0.0697081654768007,1.0,-0.0004258134992638741
2019-07-02 13:30:00+00:00,0.002493918229189207,0.0026042107275190407,0.5056586539976969,-0.5061004838960959,0.0,1.0,-6.258358144949869e-05
2019-07-03 13:30:00+00:00,0.009625577412981867,0.007995072377308787,0.5101101737146242,-0.5097313658195785,0.0,1.0,0.0008149941387063773
2019-07-05 13:30:00+00:00,-0.0021425356946679353,-0.001138087411357347,0.5092814407181379,-0.5094155127794717,0.0,1.0,-0.0005187627857359755
2019-07-08 13:30:00+00:00,-0.005904489349481734,-0.005495000174967513,0.5063826386799181,-0.5067245923483276,0.0,1.0,-0.00021376089170697655
2019-07-09 13:30:00+00:00,0.001620052267617078,0.0012469130361854042,0.5071104206244159,-0.5072638214439399,0.0,1.0,0.00018257246116807545
2019-07-10 13:30:00+00:00,0.00420503449926346,0.004778088757672938,0.5093942737996243,-0.5098391416213799,0.0,1.0,-0.0002972871297062093
2019-07-11 13:30:00+00:00,0.0022544018799552923,0.0023439527705062524,0.5105695152102581,-0.511061068353553,0.0,1.0,-5.2611840976010064e-05
2019-07-12 13:30:00+00:00,0.003535174936865726,0.004477063996403574,0.5126251686079079,-0.513600299197071,0.0,1.0,-0.000489052936342631
2019-07-15 13:30:00+00:00,0.0010672262358026874,0.00033299595289615347,0.5129823968367555,-0.5135812455792795,0.0,1.0,0.00037010782707987627
2019-07-16 13:30:00+00:00,-0.00330528452228418,-0.0032253442219654094,0.5113098677579173,-0.5119478217003064,0.0,1.0,-4.502885448222268e-05
2019-07-17 13:30:00+00:00,-0.006847060337292099,-0.006805410955089131,0.5078205306751108,-0.5084754538209089,0.0,1.0,-2.2906582310402802e-05
2019-07-18 13:30:00+00:00,0.004201139722447289,0.003661180666341357,0.5098184193700335,-0.5102014361875429,0.0,1.0,0.00026585212150283
2019-07-19 13:30:00+00:00,-0.007402028297328944,-0.005554928438107343,0.50652365232399,-0.5078474787326137,0.0,1.0,-0.0009455102805874931
2019-07-22 13:30:00+00:00,0.0031340907069519197,0.002456197340186872,0.5079414071226872,-0.5089247874748362,0.0,1.0,0.0003341650641639264
2019-07-23 13:30:00+00:00,0.007003046448198269,0.007149939508541259,0.5115433538271779,-0.5126084716577824,0.0,1.0,-8.759655875131025e-05
2019-07-24 13:30:00+00:00,0.005135429470455755,0.004699854382133495,0.5140614409925172,-0.514908569709931,0.0,1.0,0.00021185726186790152
2019-07-25 13:30:00+00:00,-0.004683403357379712,-0.004777326636898116,0.5116301560594976,-0.512424918571239,0.0,1.0,4.63769660461755e-05
2019-07-26 13:30:00+00:00,0.006309279744673768,0.006700150330602339,0.5149669650338577,-0.5159672450705309,0.0,1.0,-0.0002112585881358776
2019-07-29 13:30:00+00:00,-0.0003188099846274106,-0.0018212157703654253,0.5144069221052346,-0.5146315182285004,0.0,1.0,0.0007695586925560038
2019-07-30 13:30:00+00:00,-0.0039329177731590725,-0.0024546564641398927,0.5127765010550481,-0.5137617282375015,0.0,1.0,-0.0007658289246663975
2019-07-31 13:30:00+00:00,-0.010352399491832531,-0.010940450759429399,0.5073126108757499,-0.5079853142642986,0.0,1.0,0.0003063653199634092
2019-08-01 13:30:00+00:00,-0.00916661247607764,-0.008707988512382636,0.49553706631858463,-0.49576643401690246,0.015297925140048463,1.0,-0.0002429133253699072
2019-08-02 13:30:00+00:00,-0.009251052519999248,-0.0075293118003353365,0.4913741368486957,-0.4924558914203546,0.0,1.0,-0.000857411745218324
2019-08-05 13:30:00+00:00,-0.03174782553010358,-0.030073246918917884,0.4761532206873648,-0.4780267798561731,0.0,1.0,-0.0007962651282698731
2019-08-06 13:30:00+00:00,0.014862601755698313,0.014022506892878761,0.4830524347689794,-0.48455170064528913,0.0,1.0,0.00036778949730322826
2019-08-07 13:30:00+00:00,0.0007826853653452037,0.0005913219539579462,0.4833891349082986,-0.48479672828216464,0.0,1.0,8.55996320164497e-05
2019-08-08 13:30:00+00:00,0.021336183962761712,0.019619700100529824,0.4933100603291914,-0.4939150589375472,0.0,1.0,0.0007961607084372035
2019-08-09 13:30:00+00:00,-0.008531578237235271,-0.0068114329760335934,0.4895176310030709,-0.4909683073165005,0.0,1.0,-0.0008503964360593439
2019-08-12 13:30:00+00:00,-0.011141364819496902,-0.012173265594486504,0.48381368188368284,-0.484741085786163,0.0,1.0,0.0005168407099057714
2019-08-13 13:30:00+00:00,0.01651043343176628,0.015551792061117897,0.4915836731933606,-0.4920614842022647,0.0,1.0,0.00044342863753899284
2019-08-14 13:30:00+00:00,-0.030838534845819665,-0.029567584560636795,0.4767178986793162,-0.47780703194336455,0.0,1.0,-0.0006166030731789511
2019-08-15 13:30:00+00:00,0.0033973155411179956,0.002641485937334709,0.4781693889125305,-0.47890082451532895,0.0,1.0,0.0003514881893219404
2019-08-16 13:30:00+00:00,0.01478367164562,0.014755226603508698,0.48524001341898926,-0.4859686422617702,0.0,1.0,-3.1433306135928087e-06
2019-08-19 13:30:00+00:00,0.012010870743018653,0.01204801513335818,0.49108425389389065,-0.491839709957318,0.0,1.0,-3.275485674359926e-05
2019-08-20 13:30:00+00:00,-0.007692250427160929,-0.007662868473843343,0.4873138219274346,-0.4880779291952188,0.0,1.0,-1.459243512348158e-05
2019-08-21 13:30:00+00:00,0.008305466447899423,0.008135786753975305,0.4913265430294865,-0.4920141311633864,0.0,1.0,7.051826540940381e-05
2019-08-22 13:30:00+00:00,0.00010986045334160366,-0.00030800699135413723,0.49128247574779443,-0.49176444654637647,0.0,1.0,0.00019956876804695585
2019-08-23 13:30:00+00:00,-0.028003623159786994,-0.02568748919042152,0.47806569280445615,-0.47967497983825386,0.0,1.0,-0.0011314477919071432
2019-08-26 13:30:00+00:00,0.011411211245981434,0.011058260613469262,0.4834509081432823,-0.48490904609528673,0.0,1.0,0.00014498529228371035
2019-08-27 13:30:00+00:00,-0.00044676553245959205,-0.0039234855188633455,0.48242416073790784,-0.48219613748604756,0.0,1.0,0.001680592036973608
2019-08-28 13:30:00+00:00,0.00648211732528603,0.0070415723051910906,0.4856844855114619,-0.4857247622620877,0.0,1.0,-0.000274241337888484
2019-08-29 13:30:00+00:00,0.01199200978439241,0.012773144677715953,0.4916985414501997,-0.49211887994879255,0.0,1.0,-0.0003858519404941684
2019-08-30 13:30:00+00:00,-0.0006586033864162122,-0.00044418793088829567,0.4914293508449617,-0.491954988848511,0.0,1.0,-0.00011119343841187504
2019-09-03 13:30:00+00:00,-0.007355930257917143,-0.005847278691775815,0.49670379445071045,-0.49745870044395446,0.01661566030652728,1.0,-0.0007685859941763086
2019-09-04 13:30:00+00:00,0.011281849854459125,0.011350171963847577,0.5023318733487541,-0.5031293221474293,0.0,1.0,-4.84565447703606e-05
2019-09-05 13:30:00+00:00,0.016077698677503305,0.012855310226865146,0.5095915909787413,-0.5087818803670227,0.0,1.0,0.0016025045944170616
2019-09-06 13:30:00+00:00,0.00129180239789628,0.0007724195161789016,0.5101175855583296,-0.5090428550885786,0.0,1.0,0.00025934620434804996
2019-09-09 13:30:00+00:00,-0.002042422801120436,0.0005031707582603406,0.5097403927125159,-0.509963965040332,0.0,1.0,-0.0013039636483311472
2019-09-10 13:30:00+00:00,-0.0009696046685175874,-0.0002346269210928842,0.5094400123088836,-0.5100384077442689,0.0,1.0,-0.0003805477704726925
2019-09-11 13:30:00+00:00,0.0053914797413237014,0.007111090855145941,0.5126409739976345,-0.5141209750298067,0.0,1.0,-0.0008862463322528051
2019-09-12 13:30:00+00:00,0.003217594359580689,0.003463628411929598,0.5143610179628545,-0.5159724934084858,0.0,1.0,-0.00013720569080982753
2019-09-13 13:30:00+00:00,-0.001603771442407198,-0.0006642406532332279,0.5137869003818138,-0.5158815859328463,0.0,1.0,-0.00048813998657667274
2019-09-16 13:30:00+00:00,-0.004497092821496795,-0.003088229400550091,0.5118465916438261,-0.5146606994496201,0.0,1.0,-0.0007233390815583012
2019-09-17 13:30:00+00:00,0.003871858399373318,0.0025318374277505384,0.5134829137963327,-0.5156168255857807,0.0,1.0,0.0006728079226355526
2019-09-18 13:30:00+00:00,0.0005359727699665306,0.0005978889566438106,0.5137781748594803,-0.5159452399564906,0.0,1.0,-3.902112719195134e-05
2019-09-19 13:30:00+00:00,-0.0014992212361163437,-6.645477471944883e-05,0.5133888075539607,-0.5162940082395114,0.0,1.0,-0.0007419325066659294
2019-09-20 13:30:00+00:00,-0.0055772173760321175,-0.004724327948267826,0.5107451935616549,-0.5140759655482492,0.0,1.0,-0.000430091146453596
2019-09-23 13:30:00+00:00,0.0021570032835376285,-0.0002348392484737838,0.5112249920124375,-0.5133307981142438,0.0,1.0,0.0012164518920189558
2019-09-24 13:30:00+00:00,-0.006947175311317277,-0.007846736925141928,0.5074346998648537,-0.5090633376891385,0.0,1.0,0.00047044970438605405
2019-09-25 13:30:00+00:00,0.005984350685034778,0.005914709870028512,0.5104612839858238,-0.5120641849023764,0.0,1.0,1.9752864894668796e-05
2019-09-26 13:30:00+00:00,-0.002487888964091023,-0.002083422591920181,0.5092977955909739,-0.5111041990891501,0.0,1.0,-0.00020907728463764197
2019-09-27 13:30:00+00:00,-0.004445435992252111,-0.005387086918730133,0.5067887836094754,-0.5081052387926576,0.0,1.0,0.0004833596127740471
2019-09-30 13:30:00+00:00,0.006316832541926054,0.004637680301083025,0.5095626023307431,-0.510033792001142,0.0,1.0,0.0008389178424092805
2019-10-01 13:30:00+00:00,-0.012662459520637048,-0.011894446677183534,0.49386619670880266,-0.49425035670117545,0.019596394331885092,1.0,-0.0003997569998450804
2019-10-02 13:30:00+00:00,-0.017209167776579104,-0.01766485536615703,0.48525755930577996,-0.48540985007088716,0.0,1.0,0.00022588244650260052
2019-10-03 13:30:00+00:00,0.008922542921016019,0.008192833507341124,0.48941751327102345,-0.4892170242689519,0.0,1.0,0.00034689693524672123
2019-10-04 13:30:00+00:00,0.014813402078279969,0.013531944264719487,0.4963577599159677,-0.4955279077798364,0.0,1.0,0.0006239285215238346
2019-10-07 13:30:00+00:00,-0.005011098265476299,-0.004314292647460083,0.4940460451264182,-0.49356546729476064,0.0,1.0,-0.0003553974815771619
2019-10-08 13:30:00+00:00,-0.016422152216618024,-0.015525166678490687,0.48615470728187093,-0.4861247289717344,0.0,1.0,-0.00045656558953825424
2019-10-09 13:30:00+00:00,0.009238572768330178,0.009496328115225161,0.49071035453106193,-0.4908054129627131,0.0,1.0,-0.00013097667230305246
2019-10-10 13:30:00+00:00,0.006727801154915003,0.0067639027500554505,0.4940237663208865,-0.4941371859023932,0.0,1.0,-2.4310773490148002e-05
2019-10-11 13:30:00+00:00,0.014789660644115799,0.010366646370279842,0.5002407129109737,-0.4981747336943102,0.0,1.0,0.002177946008406155
2019-10-14 13:30:00+00:00,0.000107829830677586,-0.0011136483412635956,0.4999932678622142,-0.49732016759960074,0.0,1.0,0.0006027799562569464
2019-10-15 13:30:00+00:00,0.008635707644868207,0.009900431813799848,0.5046198106900682,-0.5025513335714173,0.0,1.0,-0.0006118411042393804
2019-10-16 13:30:00+00:00,-0.0023546340447934133,-0.0016062413434747569,0.5036264832131893,-0.5019383291561161,0.0,1.0,-0.0003869286376796388
2019-10-17 13:30:00+00:00,0.0032184428616697236,0.002949306718991629,0.5051793939828225,-0.503350963005643,0.0,1.0,0.00013457059219336957
2019-10-18 13:30:00+00:00,-0.0053464174771732376,-0.004377337805626991,0.5027316270183302,-0.5014000883325208,0.0,1.0,-0.0005035151221865743
2019-10-21 13:30:00+00:00,0.0066650313728344734,0.006779599393569979,0.5061099432359284,-0.5048269042648066,0.0,1.0,-5.452204955418339e-05
2019-10-22 13:30:00+00:00,-0.003096984399070135,-0.003266989410378507,0.504504238193107,-0.5031394532534096,0.0,1.0,7.589717093896454e-05
2019-10-23 13:30:00+00:00,0.000535793963840181,0.002909308256152432,0.5053807172217268,-0.5052092040037516,0.0,1.0,-0.0011994298207428907
2019-10-24 13:30:00+00:00,0.004924987985876372,0.0016342069148740368,0.5070293479613429,-0.5051974933194534,0.0,1.0,0.0016574252050172691
2019-10-25 13:30:00+00:00,0.005113773630689655,0.004094869058950845,0.5093582504962644,-0.5070035002740886,0.0,1.0,0.0005181633445847485
2019-10-28 13:30:00+00:00,0.004982145567730578,0.0056364590449511365,0.5120628594026538,-0.5100274532345405,0.0,1.0,-0.00032595989579718856
2019-10-29 13:30:00+00:00,-0.0015820143290695698,-0.00029673284382214504,0.5115928250197965,-0.5102152520615283,0.0,1.0,-0.0006647012652860646
2019-10-30 13:30:00+00:00,0.001584521064097677,0.0030675193804643452,0.5127933919257971,-0.51216981035133,0.0,1.0,-0.0007604179473745152
2019-10-31 13:30:00+00:00,-0.0039026241843905796,-0.0026634400512488554,0.5111208327249465,-0.5111343661602676,0.0,1.0,-0.0006430586879474107
2019-11-01 13:30:00+00:00,0.010165354050105213,0.009264024589894726,0.5048637757911884,-0.504413306377751,0.0222551988852141,1.0,0.00043358474971025556
2019-11-04 14:30:00+00:00,0.003773527240275243,0.004017580334572335,0.5068334413578391,-0.5065043338001537,0.0,1.0,-0.00012735615057598123
2019-11-05 14:30:00+00:00,-0.0009397048255086471,-0.0011063052393245343,0.5063176128881834,-0.505904463039017,0.0,1.0,7.812218669819653e-05
2019-11-06 14:30:00+00:00,0.00020932931288708545,0.00022825626241829156,0.5064314198769579,-0.5060277525385793,0.0,1.0,-1.5441124817886943e-05
2019-11-07 14:30:00+00:00,0.0033437799068678498,0.0035167325807525796,0.5081716285948376,-0.5078541010834876,0.0,1.0,-9.212145907867944e-05
2019-11-08 14:30:00+00:00,0.002083103762133387,0.002466077380178344,0.509331960048342,-0.5092082410994976,0.0,1.0,-0.00019978566072981983
2019-11-11 14:30:00+00:00,-0.0015591666826851869,-0.0019093970256400805,0.5084502740829783,-0.5081484598265561,0.0,1.0,0.00017219489750029915
2019-11-12 14:30:00+00:00,0.001977866660029637,0.002107704496272511,0.5094922641982392,-0.5092558130233629,0.0,1.0,-7.133232911111105e-05
2019-11-13 14:30:00+00:00,0.0028051956055079597,0.0003235969697734653,0.5102793136330851,-0.5087803170919036,0.0,1.0,0.0012584794416829373
2019-11-14 14:30:00+00:00,0.0020722698276562923,0.0014556064522561751,0.511177824805183,-0.5093625401232698,0.0,1.0,0.0003109001320267057
2019-11-15 14:30:00+00:00,0.007650681000787252,0.007236477498391736,0.5149759470444503,-0.5129362409737399,0.0,1.0,0.00021891553118268803
2019-11-18 14:30:00+00:00,0.00020557020902178813,0.000737656262325137,0.5152252800274193,-0.5134575886438595,0.0,1.0,-0.0002784592982050548
2019-11-19 14:30:00+00:00,0.0011282245777084476,-0.00028833219664603504,0.5154337134544307,-0.5129384908960388,0.0,1.0,0.0007233837974495312
2019-11-20 14:30:00+00:00,-0.0046111862346799315,-0.0037189833498915137,0.5133008236372455,-0.5112737891648546,0.0,1.0,-0.00047510351816256374
2019-11-21 14:30:00+00:00,-0.0013380781380003537,-0.001608769896212725,0.5125474927597018,-0.5103850535563925,0.0,1.0,0.00012973288945207544
2019-11-22 14:30:00+00:00,0.002474248723782102,0.0022238099694307234,0.5137503043359113,-0.511454986529376,0.0,1.0,0.00012721822853888808
2019-11-25 14:30:00+00:00,0.008740133171560194,0.007750268081677669,0.5179710084322077,-0.5151508253742569,0.0,1.0,0.0005203804385595575
2019-11-26 14:30:00+00:00,0.0033637919034619213,0.0022655849148247587,0.5194176629177386,-0.516024182942167,0.0,1.0,0.0005692763646124457
2019-11-27 14:30:00+00:00,0.005181451517348945,0.004457297515128911,0.5219079031087842,-0.5181246167486062,0.0,1.0,0.00038531174833603116
2019-11-29 14:30:00+00:00,-0.002931085146457457,-0.003708383070116339,0.5201775163886987,-0.5160041916074923,0.0,1.0,0.0003856956733877518
2019-12-02 14:30:00+00:00,-0.008109428646367545,-0.008494780075978703,0.49586166729419534,-0.49566902406529517,0.036181707996191026,1.0,0.00016863247985510264
2019-12-03 14:30:00+00:00,-0.006745368162366261,-0.006706661350739829,0.49252991909869476,-0.4923577565352764,0.0,1.0,-2.6437597998852233e-05
2019-12-04 14:30:00+00:00,0.007305630400227026,0.006170569795977743,0.4958533779121644,-0.4951215072744096,0.0,1.0,0.0005541612677444611
2019-12-05 14:30:00+00:00,0.002859856562140717,0.0017978084948855333,0.49701201537555467,-0.4957528661080433,0.0,1.0,0.0005219835039509002
2019-12-06 14:30:00+00:00,0.008352058873216217,0.009134113828677348,0.5013551791534345,-0.5004728813374927,0.0,1.0,-0.00038314187776381236
2019-12-09 14:30:00+00:00,-0.001717262433933442,-0.003144228359922563,0.5001407761377437,-0.4985469620429968,0.0,1.0,0.0007066902307029594
2019-12-10 14:30:00+00:00,-0.0013152811750676285,-0.0011148735667346754,0.4995368810405477,-0.4980449147891665,0.0,1.0,-0.00010796129893245551
2019-12-11 14:30:00+00:00,0.003647276392787724,0.0028386373167328394,0.5011572507296327,-0.49925786826968616,0.0,1.0,0.000402227812064063
2019-12-12 14:30:00+00:00,0.007470294078864237,0.008618928685580007,0.5051865885292474,-0.5038457240944006,0.0,1.0,-0.0005652283005780488
2019-12-13 14:30:00+00:00,-0.000901497763409087,0.0005987752055292006,0.505116601904929,-0.504532406596416,0.0,1.0,-0.0007630672876153978
2019-12-16 14:30:00+00:00,0.006648279012667624,0.006870449317355254,0.5085328124223818,-0.5080567709937802,0.0,1.0,-0.00011416060604180358
2019-12-17 14:30:00+00:00,-0.0008005751259997362,0.00021903149957291923,0.5083922699705418,-0.5084346499207312,0.0,1.0,-0.0005243515377513723
2019-12-18 14:30:00+00:00,0.0010014791690340363,6.253664420996508e-05,0.5086616331334629,-0.5082268695582346,0.0,1.0,0.00047139609031493377
2019-12-19 14:30:00+00:00,0.004102147420570246,0.004099262819078797,0.5107496186370879,-0.510311604381693,0.0,1.0,-2.7028846877783166e-06
2019-12-20 14:30:00+00:00,0.005679265264735056,0.004383744790817046,0.513312718862849,-0.5122118218864388,0.0,1.0,0.0006576543497481732
2019-12-23 14:30:00+00:00,9.918313199785977e-05,0.001527906289249259,0.513742594120108,-0.5133731243044561,0.0,1.0,-0.0007376520818893376
2019-12-24 14:30:00+00:00,-0.0002971090614566352,3.1059742789940614e-05,0.5136796117129382,-0.513478689646479,0.0,1.0,-0.00017453519811786794
2019-12-26 14:30:00+00:00,0.0036665573819805175,0.005323036827268757,0.5160046352651846,-0.5166540992013576,0.0,1.0,-0.0008557825836593337
2019-12-27 14:30:00+00:00,0.00019776262098125663,-0.00024756930074321115,0.5159910987891935,-0.5164105146523087,0.0,1.0,0.00022400174222153308
2019-12-30 14:30:00+00:00,-0.004837471677026972,-0.0055130993272494155,0.5133179231989844,-0.5133863853092713,0.0,1.0,0.0003449777539710367
2019-12-31 14:30:00+00:00,0.0018848303652672094,0.002429242840970236,0.5144323496180151,-0.5147805341537135,0.0,1.0,-0.0002855753734351684
2020-01-02 14:30:00+00:00,0.008712950151299248,0.009352133784808148,0.5045280906283693,-0.5048477911914748,0.029212883771728593,1.0,-0.00034015063959269505
2020-01-03 14:30:00+00:00,-0.006477962512887792,-0.007572369990627048,0.500984922302244,-0.5007501714501357,0.0,1.0,0.0005486278251108622
2020-01-06 14:30:00+00:00,0.0023708701302318502,0.0038150741483060635,0.5025388328495936,-0.5030270665612782,0.0,1.0,-0.0007285812268287079
2020-01-07 14:30:00+00:00,-0.0013800838121147407,-0.002811715605828491,0.5014867887972392,-0.5012543653166918,0.0,1.0,0.0007148709640773324
2020-01-08 14:30:00+00:00,0.0040469263038505066,0.00532941695412914,0.5038426913308082,-0.5042524467530252,0.0,1.0,-0.0006478658171853287
2020-01-09 14:30:00+00:00,0.008158491149955927,0.006780905239962998,0.507605397217282,-0.5073240373913185,0.0,1.0,0.0006853556987882428
2020-01-10 14:30:00+00:00,-0.00136487782329886,-0.0028778462009622086,0.5065269949194415,-0.5054792514619822,0.0,1.0,0.0007612288230623573
2020-01-13 14:30:00+00:00,0.008299252477758534,0.0068771994600620445,0.5103625324329245,-0.5085885552265347,0.0,1.0,0.0007215614014574673
2020-01-14 14:30:00+00:00,-0.0014525900064505937,-0.001524792839598943,0.5096068179343883,-0.507798747028629,0.0,1.0,2.819229208012763e-05
2020-01-15 14:30:00+00:00,0.003006161194807788,0.002260213263278299,0.5109455005741361,-0.5087540318673061,0.0,1.0,0.00037827439662124594
2020-01-16 14:30:00+00:00,0.008121504546364955,0.008318202142105324,0.5151405950861834,-0.5130312129508289,0.0,1.0,-8.822505277816215e-05
2020-01-17 14:30:00+00:00,0.00278115296985626,0.0031124612877257984,0.5166611419195255,-0.5147155339129682,0.0,1.0,-0.00017005737473938632
2020-01-21 14:30:00+00:00,-0.0026777791447335497,-0.0019580625246661265,0.5154743484868287,-0.5139038003737793,0.0,1.0,-0.0003816116138602074
2020-01-22 14:30:00+00:00,0.0005754243307063422,0.00012066104060148852,0.5156530578373981,-0.5138483140750666,0.0,1.0,0.00022865593369978044
2020-01-23 14:30:00+00:00,-0.0009586214927549408,0.001146848898767372,0.5157206579961215,-0.5149987501383164,0.0,1.0,-0.0010895748581305784
2020-01-24 14:30:00+00:00,-0.010360341186163358,-0.008892683340881113,0.5107705382870452,-0.5108119834795933,0.0,1.0,-0.0007692735486152644
2020-01-27 14:30:00+00:00,-0.016576393010904744,-0.016029655626662698,0.502446774012661,-0.5027669032924027,0.0,1.0,-0.00028454537683941463
2020-01-28 14:30:00+00:00,0.008969916798485134,0.010479156873666629,0.5073431264374444,-0.5084257542557422,0.0,1.0,-0.0007676198728802159
2020-01-29 14:30:00+00:00,0.0013678684603499747,-0.0008259105679374601,0.5074748531643787,-0.5074436227194702,0.0,1.0,0.0011079404837281402
2020-01-30 14:30:00+00:00,0.001365595379194895,0.0032455880943509374,0.5086561175099541,-0.509579721298279,0.0,1.0,-0.0009599000468661189
2020-01-31 14:30:00+00:00,-0.0227006569141881,-0.01815840581451522,0.4982550893677477,-0.501479781375202,0.0,1.0,-0.002299625017667079
2020-02-03 14:30:00+00:00,0.009969031774779813,0.007428890453289316,0.5043477738302359,-0.5030793046193961,0.0032246920074542884,1.0,0.0012625059337891403
2020-02-04 14:30:00+00:00,0.014707463070477544,0.015240624090360644,0.5118962491485494,-0.5108770858334909,0.0,1.0,-0.0002555186920108747
2020-02-05 14:30:00+00:00,0.012159454200532105,0.011548363196755007,0.5179555906711675,-0.5166122705206989,0.0,1.0,0.00031863247988864093
2020-02-06 14:30:00+00:00,0.003556148025478656,0.0033648884242869492,0.5197467736501298,-0.5183000106474922,0.0,1.0,9.763172117882455e-05
2020-02-07 14:30:00+00:00,-0.006608149776044292,-0.00532973813840798,0.5166625650222174,-0.5158874375871559,0.0,1.0,-0.000678113572963028
2020-02-10 14:30:00+00:00,0.00482025564377353,0.007465454321900822,0.5198635814397272,-0.5204501441981717,0.0,1.0,-0.001366840836526903
2020-02-11 14:30:00+00:00,0.0018230646200854128,0.0017331161227815972,0.5207906030501294,-0.5213313999226127,0.0,1.0,3.9791985627418887e-05
2020-02-12 14:30:00+00:00,0.006033179269195665,0.006442828225533548,0.5240493727751319,-0.5248071640551821,0.0,1.0,-0.0002227779693167585
2020-02-13 14:30:00+00:00,-0.002379882790141008,-0.0010671456369519827,0.5231647932056834,-0.5246107170387457,0.0,1.0,-0.0006930827890414758
2020-02-14 14:30:00+00:00,0.0019087488423972232,0.001602180156963895,0.5240836614006804,-0.5253713200466165,0.0,1.0,0.00015211693149187088
2020-02-18 14:30:00+00:00,-0.002762053673160958,-0.0025768416275754324,0.5226882266829522,-0.5240697715847371,0.0,1.0,-9.970089553739753e-05
2020-02-19 14:30:00+00:00,0.003342448189043168,0.004781322289299839,0.5248365963403404,-0.5269784671667154,0.0,1.0,-0.0007646405442681409
2020-02-20 14:30:00+00:00,-0.0030457768049200196,-0.004108644103906212,0.5229448567691655,-0.5245192130458105,0.0,1.0,0.0005606794595510975
2020-02-21 14:30:00+00:00,-0.009643121900634322,-0.010298039217244925,0.5177194122934126,-0.5189346414777608,0.0,1.0,0.0003527460440570037
2020-02-24 14:30:00+00:00,-0.03451247711983674,-0.0331657598274161,0.5001831893863248,-0.5020565780698489,0.0,1.0,-0.0006628700668464099
2020-02-25 14:30:00+00:00,-0.030554190287415794,-0.030302007641959117,0.484937023690108,-0.48687992879973757,0.0,1.0,-7.532246266027403e-05
2020-02-26 14:30:00+00:00,-0.002163002634795408,-0.0036780244916788662,0.4835322800286586,-0.48473246569834205,0.0,1.0,0.0007358838617283697
2020-02-27 14:30:00+00:00,-0.042526592764323135,-0.044911431424244586,0.46241389611705913,-0.4624070414886777,0.0,1.0,0.0012010961501802764
2020-02-28 14:30:00+00:00,-0.008732482416923482,-0.004202119458983189,0.45934089682730267,-0.4614333698320898,0.0,1.0,-0.002100883971125262
2020-03-02 14:30:00+00:00,0.044263077442481036,0.04330679252502767,0.5219057741769879,-0.5214278384623598,0.07922573334060751,1.0,0.0004325772111039978
2020-03-03 14:30:00+00:00,-0.02999352963364732,-0.028632686843066968,0.5066217452150192,-0.5068679054588411,0.0,1.0,-0.000729868674751456
2020-03-04 14:30:00+00:00,0.03897347764722636,0.04203343396783543,0.5271924243678688,-0.5290020067662364,0.0,1.0,-0.001566539752735269
2020-03-05 14:30:00+00:00,-0.031518034033412246,-0.03324179493172186,0.5100851664957172,-0.5109250326866667,0.0,1.0,0.0009629550730565864
2020-03-06 14:30:00+00:00,-0.014618036808762724,-0.016531517276197616,0.5021346373952128,-0.5019847288264161,0.0,1.0,0.0009839698843108235
2020-03-09 13:30:00+00:00,-0.07038422271748201,-0.0780942696063921,0.4650002529366123,-0.46100596305224095,0.0,1.0,0.0038538222177226487
2020-03-10 13:30:00+00:00,0.05171789676051275,0.05174502848197027,0.4889571073536849,-0.48476953683186136,0.0,1.0,0.0001881160055393105
2020-03-11 13:30:00+00:00,-0.049174685454924205,-0.04874812544712703,0.46510751644709514,-0.46133107064613255,0.0,1.0,-0.00041865814159419717
2020-03-12 13:30:00+00:00,-0.09365188010056824,-0.0956775538347967,0.42130712094886813,-0.416952343650378,0.0,1.0,0.0005748826022809425
2020-03-13 13:30:00+00:00,0.09060531021444995,0.08548636474164306,0.4583234470861604,-0.4514570711872911,0.0,1.0,0.0025229698789974893
2020-03-16 13:30:00+00:00,-0.1018148702193924,-0.10942360044697885,0.41053854954204816,-0.400962400288248,0.0,1.0,0.002729963512027072
2020-03-17 13:30:00+00:00,0.04355838528078615,0.053991900195986764,0.4300431882993048,-0.42421136537351833,0.0,1.0,-0.0037722779660911143
2020-03-18 13:30:00+00:00,-0.04299734316542858,-0.050632856909107016,0.41032872314360946,-0.4015348080760647,0.0,1.0,0.0029823664379616567
2020-03-19 13:30:00+00:00,0.0002628023534538837,0.0021249972100083614,0.4107451831347064,-0.40269064105924157,0.0,1.0,-0.0007513773737033935
2020-03-20 13:30:00+00:00,-0.05358572142513862,-0.04309421882527875,0.39055603099550185,-0.3871420097745979,0.0,1.0,-0.004662390736427571
2020-03-23 13:30:00+00:00,-0.03857881586327083,-0.02556808407863298,0.3774419764929877,-0.3792057921700474,0.0,1.0,-0.005174662128729872
2020-03-24 13:30:00+00:00,0.10363746848244793,0.09060320274550038,0.41458818864767516,-0.4116063082708891,0.0,1.0,0.004753919291541602
2020-03-25 13:30:00+00:00,0.021301779640839458,0.01497014656195228,0.42229478526837877,-0.4166582594697237,0.0,1.0,0.0026637070946758535
2020-03-26 13:30:00+00:00,0.056134986005869525,0.05838980443200592,0.446281023426307,-0.44126442443630964,0.0,1.0,-0.0006290348049774048
2020-03-27 13:30:00+00:00,-0.031086168536555214,-0.02978583504644272,0.43272620871890394,-0.42843619135624106,0.0,1.0,-0.0007356901317254976
2020-03-30 13:30:00+00:00,0.03736791357154634,0.03247585379545059,0.4478884045589972,-0.441356840666416,0.0,1.0,0.0022502920754335666
2020-03-31 13:30:00+00:00,-0.017101455133468058,-0.014905182060277467,0.44070790697264617,-0.4352514513493792,0.0,1.0,-0.0010869917726368573
2020-04-01 13:30:00+00:00,-0.04170768908791378,-0.045005175350134374,0.47838993079975095,-0.4767437898395929,0.12404064167797463,1.0,0.0015807704293189292
2020-04-02 13:30:00+00:00,0.02356406792998289,0.023075480392957592,0.4895326412847898,-0.48761528904492674,0.0,1.0,0.00026576847052494306
2020-04-03 13:30:00+00:00,-0.015473432959734357,-0.014454227245064843,0.4822147186708598,-0.48082327365691874,0.0,1.0,-0.0005326006914509143
2020-04-06 13:30:00+00:00,0.0669560271439622,0.06716635184890896,0.5145090602500586,-0.5131255593666865,0.0,1.0,-1.3915763993035422e-05
2020-04-07 13:30:00+00:00,0.002994338231887106,0.0010194112899799546,0.5155281785802465,-0.5131295759038852,0.0,1.0,0.0010115757804109963
2020-04-08 13:30:00+00:00,0.03343264635044352,0.03356840110645143,0.5327612100924666,-0.5303520865939862,0.0,1.0,4.579473684356551e-06
2020-04-09 13:30:00+00:00,0.010282949577738343,0.015217465237627792,0.5396416692216564,-0.5398252805651261,0.0,1.0,-0.002598210162044033
2020-04-13 13:30:00+00:00,-0.016010704432692147,-0.00913005786086829,0.5329829151123692,-0.5368924668848057,0.0,1.0,-0.0037173596001058833
2020-04-14 13:30:00+00:00,0.03149679981192732,0.02949270551824723,0.5492500905680704,-0.5522040005459886,0.0,1.0,0.0009468923787204867
2020-04-15 13:30:00+00:00,-0.023098614642677706,-0.021247970830865937,0.5370785840322033,-0.5409899492558734,0.0,1.0,-0.0009596540691514233
2020-04-16 13:30:00+00:00,0.0020760194774185337,0.004824324002076885,0.5390025464693249,-0.5444169632654774,0.0,1.0,-0.0015008775766746263
2020-04-17 13:30:00+00:00,0.0288905941945925,0.027015217522096346,0.5540988961355532,-0.5586448485824891,0.0,1.0,0.0008586087736088646
2020-04-20 13:30:00+00:00,-0.01823468520567395,-0.017617717067977656,0.544140756971688,-0.5489497689687062,0.0,1.0,-0.0002677244409861076
2020-04-21 13:30:00+00:00,-0.029626130115540605,-0.030363490031000584,0.527734312903975,-0.5319937733119906,0.0,1.0,0.0005412935894370182
2020-04-22 13:30:00+00:00,0.02301562208185426,0.022194735982053126,0.5397008772513285,-0.5436203614067625,0.0,1.0,0.0003327197817166795
2020-04-23 13:30:00+00:00,-0.0010334313234038328,-7.155322310603562e-05,0.5394262234697473,-0.5438668840795076,0.0,1.0,-0.0005247983837677091
2020-04-24 13:30:00+00:00,0.015856841977550662,0.013938193746957594,0.5474503685583488,-0.5509146044481135,0.0,1.0,0.0009671220003000298
2020-04-27 13:30:00+00:00,0.017192467139608647,0.014418755921655091,0.5560491319885681,-0.5580419340153049,0.0,1.0,0.0014625668758411652
2020-04-28 13:30:00+00:00,0.00011126840756015,-0.004598561863811912,0.5546566327207856,-0.5540230350518554,0.0,1.0,0.0026221086766598156
2020-04-29 13:30:00+00:00,0.02623972968362187,0.026178397748795268,0.5691852573682709,-0.5685010855129863,0.0,1.0,4.4652355286757376e-05
2020-04-30 13:30:00+00:00,-0.014192948597293031,-0.00931039951124324,0.5626774966863525,-0.5647846516089928,0.0,1.0,-0.0027913972524158948
2020-05-01 13:30:00+00:00,-0.023958702683747113,-0.026473453156204307,0.4874417181357174,-0.48618583450215846,0.1274621482953453,1.0,0.0011876917811285436
2020-05-04 13:30:00+00:00,0.003152762401148701,0.0027581645035503755,0.4888856886503782,-0.487434273164513,0.0,1.0,0.00018985502988436072
2020-05-05 13:30:00+00:00,0.009541063909044523,0.009239096753111298,0.49347364798399457,-0.4918614453371864,0.0,1.0,0.00015508480812870246
2020-05-06 13:30:00+00:00,-0.005114475390680218,-0.006778720358653678,0.49055519637460265,-0.48813460843570045,0.0,1.0,0.0008043799836282951
2020-05-07 13:30:00+00:00,0.011287434021036935,0.012066731833802358,0.49627048296344833,-0.49420223246166817,0.0,1.0,-0.0003590323869889519
2020-05-08 13:30:00+00:00,0.01668697609625558,0.016546411415384377,0.5045022813785844,-0.5023302635692529,0.0,1.0,9.802784482370442e-05
2020-05-11 13:30:00+00:00,0.0016303967720241452,0.00020475393334695724,0.5049644108023323,-0.5020747706291203,0.0,1.0,0.0007137324127810618
2020-05-12 13:30:00+00:00,-0.022029449765963327,-0.01993125818236441,0.4943955578749433,-0.4926210310451839,0.0,1.0,-0.001123058622061241
2020-05-13 13:30:00+00:00,-0.015534849379826188,-0.017685653910458843,0.4862163334799834,-0.48341271865468344,0.0,1.0,0.0010260121574837573
2020-05-14 13:30:00+00:00,0.012060656704249828,0.01196717395484903,0.4920444770248869,-0.4891620685787528,0.0,1.0,7.305180502166047e-05
2020-05-15 13:30:00+00:00,0.007572994427538893,0.004596970820716528,0.49504220619226114,-0.490688618307092,0.0,1.0,0.0014716339458005123
2020-05-18 13:30:00+00:00,0.030949499805188685,0.03045942005210267,0.510175124761718,-0.5054480644927216,0.0,1.0,0.0003692655433535917
2020-05-19 13:30:00+00:00,-0.011686514185574204,-0.010270936685912502,0.5046048805946628,-0.5006454888455908,0.0,1.0,-0.0007766961451855246
2020-05-20 13:30:00+00:00,0.015947192481903683,0.01698807631296506,0.5128898541748483,-0.5093868098880794,0.0,1.0,-0.0004639249930518641
2020-05-21 13:30:00+00:00,-0.00597981927708191,-0.006904116161149054,0.509596643006848,-0.5056454756713976,0.0,1.0,0.00044392468845758077
2020-05-22 13:30:00+00:00,0.0019336033229619964,0.001899099302068219,0.5105722312700167,-0.506596053224046,0.0,1.0,1.913441139443482e-05
2020-05-26 13:30:00+00:00,0.016082323268371335,0.012320803471000508,0.5177667503364911,-0.5118327069056368,0.0,1.0,0.001963564883227695
2020-05-27 13:30:00+00:00,0.01139595683776995,0.014879166796039511,0.524570061142895,-0.5203439406075047,0.0,1.0,-0.0017211490598026925
2020-05-28 13:30:00+00:00,-0.0029212842014578744,-0.0018451973002461264,0.523340255715002,-0.5196843021830145,0.0,1.0,-0.0005782333787185129
2020-05-29 13:30:00+00:00,0.005546098137444,0.004455687725260393,0.5259371862718508,-0.5216967509521759,0.0,1.0,0.0005809930702706873
2020-06-01 13:30:00+00:00,0.003329752354497062,0.004041854162726954,0.5018585033523231,-0.5022146916811094,0.04763393722402676,1.0,-0.00038582025367934054
2020-06-02 13:30:00+00:00,0.007778287784242499,0.008280250752829232,0.5058940485279719,-0.5065052599833733,0.0,1.0,-0.00026081609378319023
2020-06-03 13:30:00+00:00,0.014922295364209193,0.013308162046246741,0.513031444309271,-0.512834367579562,0.0,1.0,0.0008024939570425289
2020-06-04 13:30:00+00:00,-0.005678464219928903,-0.0026268680904508734,0.51092139985283,-0.5122925611007085,0.0,1.0,-0.0015720348452797181
2020-06-05 13:30:00+00:00,0.025086591716554807,0.025629551775213644,0.523905542705319,-0.5255897925558543,0.0,1.0,-0.0003185045423811964
2020-06-08 13:30:00+00:00,0.009053110982613966,0.012087744177664561,0.5295042878976797,-0.5328040907304816,0.0,1.0,-0.0016161723132414798
2020-06-09 13:30:00+00:00,-0.009957359643821384,-0.00745660287199601,0.5249171070126929,-0.5295224783112399,0.0,1.0,-0.0013055084953429842
2020-06-10 13:30:00+00:00,-0.0059751764470746815,-0.005580460668148768,0.5218784583697038,-0.5266662200833043,0.0,1.0,-0.00018744535232467053
2020-06-11 13:30:00+00:00,-0.059306753627548,-0.057648633730969845,0.4912199553748576,-0.49660024901180494,0.0,1.0,-0.0005952815149522056
2020-06-12 13:30:00+00:00,0.010756472406971973,0.011975816514826043,0.49683630762123826,-0.5028840488932292,0.0,1.0,-0.0006693519485910204
2020-06-15 13:30:00+00:00,0.008830656586639396,0.009335346073466422,0.5013807099141564,-0.507737647732218,0.0,1.0,-0.0003131581998196003
2020-06-16 13:30:00+00:00,0.01866000095288478,0.01924791725880115,0.5109526483308044,-0.517729581042132,0.0,1.0,-0.000423080088924232
2020-06-17 13:30:00+00:00,-0.004425106967572812,-0.0041538219054042536,0.5087508549615591,-0.515639053219004,0.0,1.0,-0.0001164160303722299
2020-06-18 13:30:00+00:00,-0.000723550335851586,0.000384787532243136,0.5086739490472421,-0.5161329356868659,0.0,1.0,-0.0005724707117409261
2020-06-19 13:30:00+00:00,-0.005792933980786286,-0.005715147687486932,0.5057286965203599,-0.5131846433661124,0.0,1.0,-2.8910317022682324e-06
2020-06-22 13:30:00+00:00,0.006763027914228781,0.0064155112959145555,0.5090868640333263,-0.516414001823933,0.0,1.0,0.000121963034236172
2020-06-23 13:30:00+00:00,0.0054774445375722625,0.004603544764674616,0.5116680272677522,-0.518581203697941,0.0,1.0,0.0004052077070955203
2020-06-24 13:30:00+00:00,-0.02692978443653493,-0.025508730345836783,0.4981662537035773,-0.5056343493167667,0.0,1.0,-0.0005567139707897893
2020-06-25 13:30:00+00:00,0.009084272768129287,0.010720682186593278,0.5031451760348294,-0.5115160827007156,0.0,1.0,-0.0009012194100819312
2020-06-26 13:30:00+00:00,-0.025751011300602977,-0.023751470659269414,0.4905876199975549,-0.499773234199393,0.0,1.0,-0.0008131902648586751
2020-06-29 13:30:00+00:00,0.014934965278139645,0.014697613762406414,0.497926736875068,-0.5071311416383357,0.0,1.0,-2.45172754550946e-05
2020-06-30 13:30:00+00:00,0.015456122128839622,0.012809519673488312,0.5050197810552077,-0.5130147300667252,0.0,1.0,0.0011939577395484126
2020-07-01 13:30:00+00:00,0.005316953160329652,0.0070047704355507,0.5030905701407753,-0.5039352042162428,0.018034511121932884,1.0,-0.0008588782741238717
2020-07-02 13:30:00+00:00,0.006118515329143204,0.00550690892854111,0.5060184046455964,-0.5065598357775974,0.0,1.0,0.0002970897088967319
2020-07-06 13:30:00+00:00,0.014430005506898436,0.015437253164477749,0.5135893720154152,-0.5146494026619318,0.0,1.0,-0.0005239964431795085
2020-07-07 13:30:00+00:00,-0.01219260055202509,-0.010313601421818919,0.5078149115041635,-0.509830978933252,0.0,1.0,-0.0009600536306693951
2020-07-08 13:30:00+00:00,0.005554405420536979,0.007648708578120056,0.5111901069812523,-0.5142884744864358,0.0,1.0,-0.0010848910658222595
2020-07-09 13:30:00+00:00,-0.006853500582376104,-0.005693197048760701,0.5079820306505624,-0.5116580316315676,0.0,1.0,-0.0005814484516954776
2020-07-10 13:30:00+00:00,0.010196880556837762,0.010210509406030965,0.5131877322452618,-0.5169083778349872,0.0,1.0,-5.040943403410782e-05
2020-07-13 13:30:00+00:00,-0.00846275578016542,-0.008658711958294485,0.508780223275871,-0.5123676355835811,0.0,1.0,0.0001268259241814531
2020-07-14 13:30:00+00:00,0.014190186271177518,0.012958942823085406,0.5157039000878113,-0.5187096438805946,0.0,1.0,0.0005739908644964291
2020-07-15 13:30:00+00:00,0.013079225367222724,0.009187444376731024,0.5214199171416213,-0.5224442479487098,0.0,1.0,0.001973439150224893
2020-07-16 13:30:00+00:00,-0.004803892200547111,-0.003293550846893978,0.5193253914543239,-0.5211353006499213,0.0,1.0,-0.0007901007588325756
2020-07-17 13:30:00+00:00,0.00442483800360538,0.002898766012632281,0.5212160809173803,-0.5222379102971617,0.0,1.0,0.0007813290498850551
2020-07-20 13:30:00+00:00,0.004605374835300546,0.008081569059824156,0.5245743799483245,-0.5274215146781516,0.0,1.0,-0.0018260586958662704
2020-07-21 13:30:00+00:00,0.004086112059624725,0.002127856103999237,0.5261836468418983,-0.5280077370712533,0.0,1.0,0.0010152402297362018
2020-07-22 13:30:00+00:00,0.008039856925280198,0.0056919731504043725,0.5297682566068233,-0.530366582053386,0.0,1.0,0.0012190829934633004
2020-07-23 13:30:00+00:00,-0.011027860565271164,-0.011931570712858774,0.5236747118508663,-0.5237870874517462,0.0,1.0,0.0004799435307879699
2020-07-24 13:30:00+00:00,-0.010255019665614151,-0.006440614627272079,0.5193445274014553,-0.5214579192598424,0.0,1.0,-0.0020027360723498836
2020-07-27 13:30:00+00:00,0.007142359930165432,0.00729233794345574,0.5231057933956773,-0.5253127061275131,0.0,1.0,-9.925420902355211e-05
2020-07-28 13:30:00+00:00,-0.0075908712867320816,-0.006342342334953122,0.5194700582187789,-0.5223179237497074,0.0,1.0,-0.0006450681128015182
2020-07-29 13:30:00+00:00,0.010567645561951888,0.012298965175786325,0.5254537424616715,-0.5292395624762252,0.0,1.0,-0.0009403468805364814
2020-07-30 13:30:00+00:00,-0.004581310547998374,-0.0035682433678966285,0.523321095548256,-0.5276279868765766,0.0,1.0,-0.0005247635949429541
2020-07-31 13:30:00+00:00,0.007203510032717464,0.007902530917098582,0.5273048246598177,-0.5320134744755983,0.0,1.0,-0.0004058000978564566
2020-08-03 13:30:00+00:00,0.0034766020015646326,0.006951928589558953,0.5026296014190359,-0.5043703515414008,0.059318299135415975,1.0,-0.0017732748245172492
2020-08-04 13:30:00+00:00,0.0036625736470585757,0.0038625297024632577,0.5045276217434743,-0.5063758085749444,0.0,1.0,-0.00011317991243395964
2020-08-05 13:30:00+00:00,0.009764347236340898,0.0062112081866181335,0.5085512118378033,-0.5086181026018182,0.0,1.0,0.0017752249403500868
2020-08-06 13:30:00+00:00,0.005958152533617644,0.006684745033463058,0.5117736178507774,-0.5122106295354397,0.0,1.0,-0.0003759090249635581
2020-08-07 13:30:00+00:00,0.0027189647170577924,0.0007175200271742899,0.5126432308686591,-0.5120568664591614,0.0,1.0,0.0010180206442816718
2020-08-10 13:30:00+00:00,0.002420879536890963,0.0029888603147574244,0.514036109900651,-0.5137390766957864,0.0,1.0,-0.00029537132067560386
2020-08-11 13:30:00+00:00,-0.005023300464167435,-0.008254815267759397,0.510610061224909,-0.5086575915436027,0.0,1.0,0.0016527109635378504
2020-08-12 13:30:00+00:00,0.012524149579340671,0.013942707473985516,0.5173687590816168,-0.5161125134045436,0.0,1.0,-0.0007030596007697828
2020-08-13 13:30:00+00:00,-0.0023972027905899695,-0.0018076624382141748,0.516290240394415,-0.5153409780056876,0.0,1.0,-0.0003132330096131993
2020-08-14 13:30:00+00:00,-0.00048043465038150046,2.9416518920077905e-05,0.5161811297354617,-0.5154948858991046,0.0,1.0,-0.0002691556397214483
2020-08-17 13:30:00+00:00,0.0030773029113064787,0.0031763986897344054,0.5177980149502533,-0.5171607076972915,0.0,1.0,-5.492396779068013e-05
2020-08-18 13:30:00+00:00,0.00047911217464924327,0.00216064755878298,0.5184999262677406,-0.5187321409531873,0.0,1.0,-0.0008752710685651349
2020-08-19 13:30:00+00:00,-0.0030663142732334503,-0.004163529121071319,0.5166187107806173,-0.5162812431206087,0.0,1.0,0.0005639202693566223
2020-08-20 13:30:00+00:00,0.002306907847704931,0.003113567943486606,0.5180289228816694,-0.5181071731851443,0.0,1.0,-0.00042163735118511315
2020-08-21 13:30:00+00:00,0.0029726744707483377,0.0035469826793650405,0.519726715090754,-0.5201028654606465,0.0,1.0,-0.00030373819613527334
2020-08-24 13:30:00+00:00,0.010995582138490834,0.01013351690170583,0.525211226332067,-0.525143179917372,0.0,1.0,0.00043827422662493285
2020-08-25 13:30:00+00:00,0.003404417115010938,0.0034991822678720474,0.5270285071217798,-0.527009993295167,0.0,1.0,-5.5485996292417084e-05
2020-08-26 13:30:00+00:00,0.009142195508793582,0.010025767641320016,0.5320975538996119,-0.5325447329752445,0.0,1.0,-0.0004714344675684214
2020-08-27 13:30:00+00:00,0.0008407241787606878,0.002186499763120464,0.5329302172050463,-0.5340953003055906,0.0,1.0,-0.0007230140344309817
2020-08-28 13:30:00+00:00,0.00989178086950937,0.006459376527510274,0.5372263752462713,-0.5365709421708935,0.0,1.0,0.0018157539001324864
2020-08-31 13:30:00+00:00,-0.005913812484308556,-0.003622551736256585,0.5347119622987843,-0.5352905462816572,0.0,1.0,-0.0012392524275976107
2020-09-01 13:30:00+00:00,0.007064339322357283,0.00941849788050586,0.5041462363707071,-0.5053247511195356,0.07000250858044144,1.0,-0.0012180329143168906
2020-09-02 13:30:00+00:00,0.016798904251411617,0.014463960818925203,0.5120243854390226,-0.5120427720144262,0.0,1.0,0.0011541545715225644
2020-09-03 13:30:00+00:00,-0.0333151074836473,-0.034414324292099674,0.49469044501793524,-0.4941456767326501,0.0,1.0,0.0005575061914282474
2020-09-04 13:30:00+00:00,-0.00901486878391955,-0.00816489754156946,0.4904421938718994,-0.49032229455459836,0.0,1.0,-0.0004308730103162437
2020-09-08 13:30:00+00:00,-0.023879357715857807,-0.027322485776632544,0.47792810394680396,-0.4761258520473996,0.0,1.0,0.0016794269515642936
2020-09-09 13:30:00+00:00,0.016017734099406766,0.01974715761664858,0.48643603453683754,-0.4863804922432469,0.0,1.0,-0.0017527593390399391
2020-09-10 13:30:00+00:00,-0.016434321920103745,-0.01736362308237105,0.4782289147003388,-0.4777225166622742,0.0,1.0,0.00044512877586036314
2020-09-11 13:30:00+00:00,0.0007772129932448468,0.0005088512021622638,0.4785419102912306,-0.47790699407227333,0.0,1.0,0.00012264366839452356
2020-09-14 13:30:00+00:00,0.013104555717596167,0.013171819120058714,0.48482742648118465,-0.4842163174202974,0.0,1.0,-2.9777736466999452e-05
2020-09-15 13:30:00+00:00,0.005461069104300664,0.005052016214544874,0.4873798417281586,-0.48656748405393074,0.0,1.0,0.00019545501176706825
2020-09-16 13:30:00+00:00,-0.0015246441720304649,-0.00396857521252747,0.4860622613333896,-0.48406436624296945,0.0,1.0,0.0011819464402299362
2020-09-17 13:30:00+00:00,-0.0088757811830239,-0.008795033296307597,0.4817783214589382,-0.47983712456912003,0.0,1.0,-6.277243521037485e-05
2020-09-18 13:30:00+00:00,-0.009340269567273629,-0.011512674104835918,0.47679285595457804,-0.4738304067316977,0.0,1.0,0.0010183166635183616
2020-09-21 13:30:00+00:00,-0.016037975348903277,-0.01112978008762,0.4702648786874293,-0.4696741879873013,0.0,1.0,-0.0023791162255337598
2020-09-22 13:30:00+00:00,0.01066843413077323,0.01018431480857851,0.4751736583590293,-0.4743494752538686,0.0,1.0,0.00022772771341436263
2020-09-23 13:30:00+00:00,-0.016962989483299995,-0.023190900232742395,0.4657466646309067,-0.46199326942614466,0.0,1.0,0.0029342732056283957
2020-09-24 13:30:00+00:00,0.0013980571671288189,0.0026655413613636547,0.46667140244372907,-0.4634964675626927,0.0,1.0,-0.0005862740867258108
2020-09-25 13:30:00+00:00,0.014060687700808927,0.01616692927107466,0.4736772175396646,-0.4714317712089057,0.0,1.0,-0.000937546140771589
2020-09-28 13:30:00+00:00,0.016422393061882312,0.016609442353114012,0.4814836996674167,-0.47928943307429933,0.0,1.0,-5.7257757378028306e-05
2020-09-29 13:30:00+00:00,-0.0029023370701121154,-0.005446189948503988,0.47950754399027123,-0.476104511285888,0.0,1.0,0.001206920921681571
2020-09-30 13:30:00+00:00,0.006597859072264622,0.007581989007456658,0.48288955661815747,-0.47993128260251355,0.0,1.0,-0.00045204835258696893
2020-10-01 13:30:00+00:00,0.005494557069270822,0.006420095193631292,0.5029923922721374,-0.5034553869567313,0.03717916077932898,1.0,-0.0004873110235222804
2020-10-02 13:30:00+00:00,-0.007956982246037247,-0.009494480045697862,0.498605270575032,-0.49829076240473735,0.0,1.0,0.0007717932092061998
2020-10-05 13:30:00+00:00,0.016525006395371244,0.017733135398793065,0.5071504131316533,-0.5074328774907384,0.0,1.0,-0.0006027546536251997
2020-10-06 13:30:00+00:00,-0.011693185087202185,-0.01421610800115336,0.5005806853403456,-0.49958091003498495,0.0,1.0,0.0012775645609925024
2020-10-07 13:30:00+00:00,0.015679060466964323,0.017406689622781135,0.5088635677487375,-0.5087110773214187,0.0,1.0,-0.0008533673893521902
2020-10-08 13:30:00+00:00,0.009186343874971303,0.008862457129484858,0.5134559010423488,-0.5131372960550326,0.0,1.0,0.00016021322377714875
2020-10-09 13:30:00+00:00,0.00966621991871297,0.008930058722442347,0.5182248070559703,-0.5175256327029101,0.0,1.0,0.0003748790906371624
2020-10-12 13:30:00+00:00,0.012733518895800655,0.016087648417427935,0.5257346767010913,-0.5267642315139359,0.0,1.0,-0.0017328974339638978
2020-10-13 13:30:00+00:00,-0.006791831057736619,-0.0065259494571854315,0.5222365752196348,-0.5233993560331068,0.0,1.0,-0.00013901673558690237
2020-10-14 13:30:00+00:00,-0.0059138224702418585,-0.006283372225371786,0.5190472859575269,-0.5200095811694191,0.0,1.0,0.00019434620220749253
2020-10-15 13:30:00+00:00,-0.0013011425425006884,-0.0012360852657877786,0.5183919054577449,-0.5193868173282696,0.0,1.0,-3.8530704929246485e-05
2020-10-16 13:30:00+00:00,-0.00018644608551188213,-0.0006040853264824841,0.5181858386703789,-0.5189634845278392,0.0,1.0,0.0002111494326304229
2020-10-19 13:30:00+00:00,-0.015918669971013988,-0.01520363993227869,0.510123024546114,-0.5112597803117183,0.0,1.0,-0.000364647773637289
2020-10-20 13:30:00+00:00,0.0049192689208859,0.004005893853125775,0.512399096222487,-0.5130741646141719,0.0,1.0,0.0004554275482244865
2020-10-21 13:30:00+00:00,0.00160022406526239,-0.0018926339245163293,0.5123045539120624,-0.5111905958540273,0.0,1.0,0.001785062553583199
2020-10-22 13:30:00+00:00,0.005544999633153358,0.0054850820041716375,0.515129388753493,-0.5139786599743803,0.0,1.0,3.085384453209813e-05
2020-10-23 13:30:00+00:00,0.0051408793369476236,0.0033950603390155987,0.5173134332940335,-0.5152613163655005,0.0,1.0,0.000897277085965508
2020-10-26 13:30:00+00:00,-0.021387500340510734,-0.01847997614403074,0.5070342693375378,-0.5065233859697663,0.0,1.0,-0.0015479767773029717
2020-10-27 13:30:00+00:00,-0.004466078586592426,-0.003447375781465478,0.5050345691310724,-0.5050419680814775,0.0,1.0,-0.0005242308203712319
2020-10-28 13:30:00+00:00,-0.03731992534234174,-0.03417904440998065,0.48696193720352726,-0.4885578773748932,0.0,1.0,-0.0015919529402648807
2020-10-29 13:30:00+00:00,0.01110478015701033,0.01016377017572534,0.49215493195740045,-0.49330835388996286,0.0,1.0,0.000436062893346042
2020-10-30 13:30:00+00:00,-0.009119637326433061,-0.010424997909479039,0.48735060490550786,-0.4878492393976088,0.0,1.0,0.0006485116892121951
2020-11-02 14:30:00+00:00,0.01256840384931368,0.011208411686149944,0.505949443701782,-0.5052698972377844,0.02480015569688332,1.0,0.0006616436227810458
2020-11-03 14:30:00+00:00,0.01876439176913758,0.017655933944358493,0.5151512538654456,-0.5138995952809372,0.0,1.0,0.0005668692663419477
2020-11-04 14:30:00+00:00,0.024270687346575226,0.022349411465989233,0.5271210041241079,-0.5248539177959375,0.0,1.0,0.001011769130673046
2020-11-05 14:30:00+00:00,0.017233552722085488,0.019502533545214806,0.5368266913790277,-0.5357101258520223,0.0,1.0,-0.001157765903613611
2020-11-06 14:30:00+00:00,-0.0017494449731371153,-0.000228340860979781,0.536328821440619,-0.5360288333357189,0.0,1.0,-0.0008227766262586129
2020-11-09 14:30:00+00:00,0.02351957170505492,0.012565857403204372,0.5457381384147664,-0.5395956603974771,0.0,1.0,0.005872609908705207
2020-11-10 14:30:00+00:00,-0.0017120922692227536,-0.0014664572002648368,0.5448849790330013,-0.5388846670006697,0.0,1.0,-0.00014901248733077964
2020-11-11 14:30:00+00:00,0.0030692939346061987,0.00742817087049108,0.547837395522043,-0.5441590042724802,0.0,1.0,-0.0023364676057170248
2020-11-12 14:30:00+00:00,-0.011879139459947008,-0.009700780324817138,0.5419989394443535,-0.5395465893484401,0.0,1.0,-0.001235022241514318
2020-11-13 14:30:00+00:00,0.015846902335528323,0.013844562812058703,0.5499756749063055,-0.5464080788779446,0.0,1.0,0.0011132652321156967
2020-11-16 14:30:00+00:00,0.01246210524176683,0.012482731872198727,0.5568143637955205,-0.5532136766387654,0.0,1.0,2.7236818705143378e-05
2020-11-17 14:30:00+00:00,-0.004073413023907735,-0.005378747678972728,0.5541574821665575,-0.54985235320093,0.0,1.0,0.0007015095168607753
2020-11-18 14:30:00+00:00,-0.011825533653616715,-0.012034618198698999,0.5475724587183486,-0.5432035284181423,0.0,1.0,5.8102800712870825e-05
2020-11-19 14:30:00+00:00,0.0013496579286051968,0.0042103601466176865,0.5491648961248189,-0.5463396223281047,0.0,1.0,-0.0015539993581111745
2020-11-20 14:30:00+00:00,-0.007457928657555901,-0.006848113254021682,0.5452656624138679,-0.5427937352628952,0.0,1.0,-0.00036018938862308387
2020-11-23 14:30:00+00:00,0.006970958512722003,0.00599458903230321,0.5487696670315859,-0.5457521741493603,0.0,1.0,0.0005412465579367293
2020-11-24 14:30:00+00:00,0.01609274094143287,0.016113643513337994,0.557583478667756,-0.5545289289794606,0.0,1.0,3.1199726231358725e-05
2020-11-25 14:30:00+00:00,-0.0035391710033856327,-0.001541629587438531,0.5562355586096012,-0.5542973345464678,0.0,1.0,-0.0011244574566148583
2020-11-27 14:30:00+00:00,0.0023087553160408003,0.0027848604939522126,0.5576677650239762,-0.5559885242676734,0.0,1.0,-0.00026538132692301126
2020-11-30 14:30:00+00:00,-0.0037210207297028175,-0.004427211175522583,0.5553813863512846,-0.5533165458341163,0.0,1.0,0.0003804329132065163
2020-12-01 14:30:00+00:00,0.013782962310576297,0.010937565380484626,0.50620183323656,-0.504781070414688,0.10869793218540091,1.0,0.0013623971180007537
2020-12-02 14:30:00+00:00,-0.002017556545951815,0.0021038066727012694,0.506238177740069,-0.5069020544992442,0.0,1.0,-0.002089204987363321
2020-12-03 14:30:00+00:00,0.0010547599946348907,-0.00027256974689982005,0.5064347640673192,-0.5064265203758889,0.0,1.0,0.0006661735613825688
2020-12-04 14:30:00+00:00,0.008252886595693898,0.008617496583848139,0.5107116199123065,-0.5108879899584492,0.0,1.0,-0.00019053251429712261
2020-12-07 14:30:00+00:00,-0.0013933893277991993,-0.002054980156550479,0.5098305870743977,-0.509668766331492,0.0,1.0,0.00033229217986334355
2020-12-08 14:30:00+00:00,0.003923916324225507,0.002926196568654005,0.511573701282734,-0.510903076422985,0.0,1.0,0.00050318918706899
2020-12-09 14:30:00+00:00,-0.007382816892238742,-0.00896875620811699,0.5073912591616568,-0.5059165029847926,0.0,1.0,0.0007993577940070706
2020-12-10 14:30:00+00:00,-0.0031502205154361196,-0.00032731810587360854,0.5065216233522015,-0.5064796054445031,0.0,1.0,-0.0014387511034292151
2020-12-11 14:30:00+00:00,0.00017555334860830385,-0.0011722688969746375,0.5062679536610823,-0.5055437739498774,0.0,1.0,0.0006766994745841893
2020-12-14 14:30:00+00:00,-0.005566807798084161,-0.004477420832594836,0.5037321081975678,-0.5035625976060579,0.0,1.0,-0.0005607165480412095
2020-12-15 14:30:00+00:00,0.012577722008070502,0.013519376022393503,0.5103118407348618,-0.5106145245112234,0.0,1.0,-0.0004780020653536089
2020-12-16 14:30:00+00:00,0.0,0.001569445975032835,0.5107241658673314,-0.5118291236242679,0.0,1.0,-0.0008073342912398252
2020-12-17 14:30:00+00:00,0.007522546528068608,0.005591986415525607,0.5140654882516895,-0.5141905194523207,0.0,1.0,0.0009738524134163656
2020-12-18 14:30:00+00:00,-0.003646330634245909,-0.003992774877456973,0.5121026251592738,-0.5120490713550588,0.0,1.0,0.0001726418695226801
2020-12-21 14:30:00+00:00,-0.0049669809340089355,-0.003575676002179673,0.5099254713627768,-0.5105850739709764,0.0,1.0,-0.0007186347799917476
2020-12-22 14:30:00+00:00,-0.0021893148639062776,-0.0016853878375465703,0.5089423280638681,-0.5098580239469073,0.0,1.0,-0.0002618059211878235
2020-12-23 14:30:00+00:00,-0.0006142758890201883,0.0008984400310296792,0.5090250365703327,-0.5107127510940273,0.0,1.0,-0.0007766602408394081
2020-12-24 14:30:00+00:00,0.005181448435451319,0.003890520358327487,0.5113329202703462,-0.5123694180475136,0.0,1.0,0.0006445962430017682
2020-12-28 14:30:00+00:00,0.007426081647932348,0.00859106529209619,0.5154448258919428,-0.5170869253643059,0.0,1.0,-0.0006105514898686253
2020-12-29 14:30:00+00:00,-0.0009539532811085882,-0.0019080138790656953,0.5147014542032207,-0.5158480942826948,0.0,1.0,0.0004889463664360583
2020-12-30 14:30:00+00:00,0.0023437382221209724,0.0014270659077237902,0.5156683941013425,-0.5163445440535928,0.0,1.0,0.0004642238613298334
2020-12-31 14:30:00+00:00,0.006408425467762768,0.005080692044946433,0.5186227996851767,-0.5186177182165989,0.0,1.0,0.0006752824713024082
2021-01-04 14:30:00+00:00,-0.01591943353413905,-0.013613845828595594,0.4926202778416735,-0.49377443055517756,0.037240517901775516,1.0,-0.001177366492674996
2021-01-05 14:30:00+00:00,0.004022619355472656,0.006887101442869081,0.49530771674275365,-0.49788459224043896,0.0,1.0,-0.00142500310953657
2021-01-06 14:30:00+00:00,0.004615644519673001,0.005978444814845663,0.4979406288157192,-0.501210192328931,0.0,1.0,-0.0006963635914883421
2021-01-07 14:30:00+00:00,0.01127022100988162,0.014857552507073324,0.5044811828473797,-0.5095950157591731,0.0,1.0,-0.0018408081940072092
2021-01-08 14:30:00+00:00,0.004886364605405147,0.005697605566522546,0.5071716209074051,-0.512726314420788,0.0,1.0,-0.0004443447834556314
2021-01-11 14:30:00+00:00,-0.004606630022022773,-0.0067407216481515375,0.5042735883089379,-0.5087035541928158,0.0,1.0,0.0011138409710507713
2021-01-12 14:30:00+00:00,-0.00214273345508309,0.00021124447208187291,0.5037945634321928,-0.5094192295154223,0.0,1.0,-0.001193937082888373
2021-01-13 14:30:00+00:00,0.00034363796707226335,0.0026930151070372332,0.5045755501124255,-0.5114071970433433,0.0,1.0,-0.0012047031222527837
2021-01-14 14:30:00+00:00,-0.005666923589044637,-0.0035020918311494675,0.5022557567445073,-0.5101642963232988,0.0,1.0,-0.0010743485011831205
2021-01-15 14:30:00+00:00,-0.005094370614159738,-0.007292537617249462,0.4991202151128468,-0.5058592506099735,0.0,1.0,0.0011557629730110975
2021-01-19 14:30:00+00:00,0.007897934515368688,0.007851829651443154,0.503080271463035,-0.5098494515533113,0.0,1.0,-3.585427009058817e-05
2021-01-20 14:30:00+00:00,0.010247163999699493,0.01383867010584261,0.5092061909526343,-0.5178924231812839,0.0,1.0,-0.0019064446979483792
2021-01-21 14:30:00+00:00,0.0007671983007797589,0.000911697292869551,0.5096414219210598,-0.5184099199627015,0.0,1.0,-8.745137671901492e-05
2021-01-22 14:30:00+00:00,-0.0060473937164355895,-0.0035393708064648255,0.5071949905900607,-0.517223212490675,0.0,1.0,-0.0012531097770153445
2021-01-25 14:30:00+00:00,0.0027421846201227673,0.003943884476846682,0.5089191542654852,-0.5196034206426504,0.0,1.0,-0.0006549986771597511
2021-01-26 14:30:00+00:00,-0.00205087485134392,-0.0015609252928466821,0.5079966428047118,-0.5189161821729974,0.0,1.0,-0.00023861975427191454
2021-01-27 14:30:00+00:00,-0.02294922181827319,-0.024440775239563783,0.4958334424836617,-0.5057183266372646,0.0,1.0,0.0010186337570469576
2021-01-28 14:30:00+00:00,0.011130572110506165,0.008600534042979557,0.5007697019037972,-0.5094749951612378,0.0,1.0,0.0011635098210100766
2021-01-29 14:30:00+00:00,-0.0212360682053766,-0.02001976685003859,0.4903514503049681,-0.49949558286798856,0.0,1.0,-0.0004407613067150073
2021-02-01 14:30:00+00:00,0.013638236422670147,0.016645503102242776,0.5075879424830976,-0.5090938567743436,0.010152966827043364,1.0,-0.001514662204152217
2021-02-02 14:30:00+00:00,0.015114309740984266,0.014140484103519091,0.5150192413417944,-0.5160516656391216,0.0,1.0,0.00046705541360923185
2021-02-03 14:30:00+00:00,-0.0018933863686426688,0.0007860995953559158,0.5147579519310808,-0.517174525830878,0.0,1.0,-0.0013867507976392834
2021-02-04 14:30:00+00:00,0.012071800138759636,0.011365907459085056,0.5208001716684623,-0.5228801619712373,0.0,1.0,0.0003299449338069131
2021-02-05 14:30:00+00:00,0.005452993005066409,0.003935612377286013,0.5232340022972514,-0.5245309199886166,0.0,1.0,0.0007761136749018116
2021-02-08 14:30:00+00:00,0.007033413568199975,0.007222056449972092,0.5269742106950783,-0.5283793593887557,0.0,1.0,-0.00011402316376489936
2021-02-09 14:30:00+00:00,-0.0006730639069719713,-0.0006657220315109402,0.5266242029153003,-0.5280322976617802,0.0,1.0,-8.885921535549506e-06
2021-02-10 14:30:00+00:00,0.0008418622057901892,-0.0004356604546802423,0.5267159990127757,-0.5274502159129143,0.0,1.0,0.0006674354230215782
2021-02-11 14:30:00+00:00,0.005300327056781962,0.0016150812136708215,0.5284857065610069,-0.527282358537775,0.0,1.0,0.0019339397449874083
2021-02-12 14:30:00+00:00,0.002594293482358845,0.004939467133111997,0.5305142725695754,-0.5305444087529223,0.0,1.0,-0.0012393992367684674
2021-02-16 14:30:00+00:00,-0.002754396076030341,-0.0008658500020340965,0.5295867579375759,-0.5306198098116718,0.0,1.0,-0.001007826934198214
2021-02-17 14:30:00+00:00,0.001590250775196811,0.00022955190964579764,0.5300502559383445,-0.5303627136251572,0.0,1.0,0.0007144185807536559
2021-02-18 14:30:00+00:00,-0.0022565863436766476,-0.004256038049296751,0.5282966997804077,-0.5275488069141997,0.0,1.0,0.001055187339151784
2021-02-19 14:30:00+00:00,-0.00318270196734316,-0.0017659490798668243,0.5270135735439031,-0.5270154687255348,0.0,1.0,-0.0007557389965294114
2021-02-22 14:30:00+00:00,-0.006302006161008511,-0.007691600508998309,0.5233121981995824,-0.5225822739361227,0.0,1.0,0.0007263972791381354
2021-02-23 14:30:00+00:00,0.0030441940752494734,0.0012141692481280053,0.5244057089219097,-0.5227188310255074,0.0,1.0,0.0009526081856825205
2021-02-24 14:30:00+00:00,0.011380961270967882,0.011019358281685543,0.5302666968630813,-0.528371987211724,0.0,1.0,0.00020226260290841914
2021-02-25 14:30:00+00:00,-0.02442270239058386,-0.024095709357213946,0.5174325736065849,-0.515756534734807,0.0,1.0,-0.00022500026973009904
2021-02-26 14:30:00+00:00,-0.004357555279820846,-0.005152606643871072,0.5149734925630012,-0.5128955287168762,0.0,1.0,0.0003967971234714438
2021-03-01 14:30:00+00:00,0.022998386000840032,0.024240199630052972,0.5118271686287388,-0.5124484735716424,0.027869021279877337,1.0,-0.0006407937061987896
2021-03-02 14:30:00+00:00,-0.00746601454202922,-0.00780315482152627,0.5079187751883177,-0.5083625983429247,0.0,1.0,0.00017145331239415228
2021-03-03 14:30:00+00:00,-0.014283291553424893,-0.01324584790261818,0.5009280176497506,-0.5018934078697526,0.0,1.0,-0.000527010675395439
2021-03-04 14:30:00+00:00,-0.014061431795980628,-0.012374734592308534,0.49429892966388006,-0.4960987972673479,0.0,1.0,-0.0008389198198126862
2021-03-05 14:30:00+00:00,0.023654262528668646,0.018396570754621866,0.504699273256315,-0.5039353363665748,0.0,1.0,0.0025598076437453807
2021-03-08 14:30:00+00:00,-0.0014443894143684188,-0.004978624120175801,0.5030778459863076,-0.5005384915022068,0.0,1.0,0.0017739699519602984
2021-03-09 14:30:00+00:00,0.01225122779347898,0.014277376106483164,0.5097453091535528,-0.5081874689639084,0.0,1.0,-0.0009890073908701248
2021-03-10 14:30:00+00:00,0.006891850144610467,0.006224590864748469,0.5130819604407594,-0.5111749468231905,0.0,1.0,0.00034387682475964834
2021-03-11 14:30:00+00:00,0.008347378688828622,0.010139166033030333,0.5178339818780986,-0.5168260533626299,0.0,1.0,-0.0009059506165125572
2021-03-12 14:30:00+00:00,-0.0010761685564525392,0.0013468658539315115,0.517928945784818,-0.5181746987645275,0.0,1.0,-0.001259324393408516
2021-03-15 13:30:00+00:00,0.010027244693920023,0.005963376859312142,0.5220274577351803,-0.5201737693323427,0.0,1.0,0.0020973768848026033
2021-03-16 13:30:00+00:00,0.00016430315859450317,-0.0012611356721150546,0.5217293254099473,-0.5191357649653178,0.0,1.0,0.0007358280754301332
2021-03-17 13:30:00+00:00,8.20043083700206e-05,0.003409805962739876,0.5226780781190508,-0.5218103818530112,0.0,1.0,-0.0017333205553160481
2021-03-18 13:30:00+00:00,-0.014600987448885272,-0.014549670871247034,0.5150698457815652,-0.5142415586572766,0.0,1.0,-4.539912621506873e-05
2021-03-19 13:30:00+00:00,-0.0034963532736035363,-0.0018503360240442746,0.5137083537999246,-0.5137294311634693,0.0,1.0,-0.0008552988413409892
2021-03-22 13:30:00+00:00,0.008938254188610495,0.007985072304448337,0.518049513635051,-0.5175813281911794,0.0,1.0,0.0004835368113605807
2021-03-23 13:30:00+00:00,-0.006706240732844759,-0.007870915878152362,0.5142700154817856,-0.5132027893291953,0.0,1.0,0.0005937219633729665
2021-03-24 13:30:00+00:00,-0.003917769854111741,-0.00508346565830553,0.5119541412248834,-0.5102938343150007,0.0,1.0,0.0005881048108210733
2021-03-25 13:30:00+00:00,0.004287298318384147,0.005625692021237194,0.5144998315599572,-0.5135147088087296,0.0,1.0,-0.0006818082043815724
2021-03-26 13:30:00+00:00,0.02126046221604061,0.016114960061876182,0.5240457978910366,-0.5204071089600079,0.0,1.0,0.0026572828244486903
2021-03-29 13:30:00+00:00,0.0012295227287075772,-0.0005051402947335859,0.5242176716553649,-0.5196758712132691,0.0,1.0,0.0009012524388398576
2021-03-30 13:30:00+00:00,-0.005730305865033758,-0.002652788842560483,0.5220653839020333,-0.5191441553356191,0.0,1.0,-0.0016312896264910007
2021-03-31 13:30:00+00:00,0.0026346410152091604,0.004053006018884586,0.523825636841853,-0.5216314359464417,0.0,1.0,-0.0007345918941471869
2021-04-01 13:30:00+00:00,0.010757080691701892,0.010799185876625872,0.5054036758445208,-0.5054247294840541,0.045457072788294695,1.0,-4.973350980851806e-05
2021-04-05 13:30:00+00:00,0.012348641505022018,0.014353264129350896,0.5121668266003415,-0.5132023817143729,0.0,1.0,-0.0010193982124183916
2021-04-06 13:30:00+00:00,-0.00016036817719544683,-0.0005908295895584725,0.5119745515288743,-0.5127888515724172,0.0,1.0,0.00021512751119447934
2021-04-07 13:30:00+00:00,-0.0003211135375773555,0.001157190905766825,0.5122013428000449,-0.5137746410034258,0.0,1.0,-0.0007637489359616133
2021-04-08 13:30:00+00:00,0.00401445911711229,0.004746765709425782,0.5144574254280093,-0.5164140402915239,0.0,1.0,-0.00038850887883918613
2021-04-09 13:30:00+00:00,0.007916848490654882,0.007270263863812021,0.5183683361111604,-0.5200060241020312,0.0,1.0,0.0003124627751569197
2021-04-12 13:30:00+00:00,-0.0012695486765402775,0.0003646151940406295,0.5181525623370145,-0.5206400697168153,0.0,1.0,-0.0008536483134029487
2021-04-13 13:30:00+00:00,0.0002383832649661688,0.002963845902614226,0.519015954267204,-0.5229286173049901,0.0,1.0,-0.0014255304187588652
2021-04-14 13:30:00+00:00,-0.002382619871049707,-0.003415294964036808,0.5174981356272129,-0.5208596343285924,0.0,1.0,0.0005433853662512165
2021-04-15 13:30:00+00:00,0.010986421266921065,0.010742384057029541,0.5231395262473351,-0.5264105711508954,0.0,1.0,8.42259101327245e-05
2021-04-16 13:30:00+00:00,0.004724776843282097,0.003342525481902392,0.5252403062516308,-0.527797368524042,0.0,1.0,0.0007062243904519344
2021-04-19 13:30:00+00:00,-0.00438912227478605,-0.0049130410035074235,0.5227876440047671,-0.525056320792798,0.0,1.0,0.00028179380436507635
2021-04-20 13:30:00+00:00,-0.0064552026469487656,-0.007321566838499161,0.5191722647060797,-0.5209705730667473,0.0,1.0,0.00046358238233686484
2021-04-21 13:30:00+00:00,0.009428722689438729,0.009461969598187014,0.5240884794649421,-0.5259211379631951,0.0,1.0,-4.022879289850722e-05
2021-04-22 13:30:00+00:00,-0.007378166000739261,-0.009132826344262601,0.5197381125538211,-0.5206336032801766,0.0,1.0,0.0009303822422750805
2021-04-23 13:30:00+00:00,0.008698468475713872,0.010842112765823364,0.524852013337503,-0.5268736307259001,0.0,1.0,-0.0011297950297165596
2021-04-26 13:30:00+00:00,-0.00015716845314805994,0.0020879696959048566,0.5253939742477262,-0.5286019908417012,0.0,1.0,-0.0011885387345473267
2021-04-27 13:30:00+00:00,-0.0007839929251622912,-0.00021564148320862842,0.52514164336676,-0.5286486422704643,0.0,1.0,-0.00030386902235335903
2021-04-28 13:30:00+00:00,-0.00047067566415104345,-0.0002874009180823256,0.5249475912472532,-0.528550191983562,0.0,1.0,-0.00010118966758589475
2021-04-29 13:30:00+00:00,0.009342181954590911,0.006372669552699106,0.5290423505525228,-0.5311059139872004,0.0,1.0,0.0015299278175767612
2021-04-30 13:30:00+00:00,-0.007311149318051546,-0.006570173418482761,0.5253763986930288,-0.5278193508654971,0.0,1.0,-0.0003844020429371495
2021-05-03 13:30:00+00:00,0.004779243772912389,0.002156525048496505,0.5017479819979211,-0.5004382974722112,0.05319574955852591,1.0,0.0012788091064762984
2021-05-04 13:30:00+00:00,-0.004522451650838533,-0.00616918977097014,0.4990734958017973,-0.49694737031179437,0.0,1.0,0.0008122154553234961
2021-05-05 13:30:00+00:00,-0.0006269732793411364,0.00031251812841603943,0.4989971961575032,-0.4973384949808464,0.0,1.0,-0.00047416318933859314
2021-05-06 13:30:00+00:00,0.007524773060733514,0.00798590900849705,0.5028640808118471,-0.501421917612684,0.0,1.0,-0.00022281168926475032
2021-05-07 13:30:00+00:00,0.0077018344559927066,0.007277890777309892,0.5066267490900758,-0.5049612665611699,0.0,1.0,0.00021772957359101074
2021-05-10 13:30:00+00:00,-0.009032776996785286,-0.009902463066955747,0.5018406522219687,-0.49975192926928724,0.0,1.0,0.00041816146627585306
2021-05-11 13:30:00+00:00,-0.008569525396767363,-0.008924930179557533,0.4974636247667053,-0.4952155326247669,0.0,1.0,0.00015376248052872342
2021-05-12 13:30:00+00:00,-0.022080716347024132,-0.02124512563766301,0.4867077270057281,-0.48492223375534915,0.0,1.0,-0.00046938936405307145
2021-05-13 13:30:00+00:00,0.014061733855919467,0.012012679799508597,0.49305232473102695,-0.49025092969504935,0.0,1.0,0.0010127866200562074
2021-05-14 13:30:00+00:00,0.014025476999932396,0.01535500637403242,0.5002770223452975,-0.4980867848352576,0.0,1.0,-0.0006184644910169668
2021-05-17 13:30:00+00:00,-0.0044542313866203775,-0.002544397999333814,0.49853073748468124,-0.49730032880126057,0.0,1.0,-0.0009669709770583475
2021-05-18 13:30:00+00:00,-0.008241703282371837,-0.008615437400585013,0.4943380737386,-0.4929321862891536,0.0,1.0,0.00016976505563447397
2021-05-19 13:30:00+00:00,-0.0014245293351864419,-0.002621883799255098,0.49334661892259724,-0.49135368005480695,0.0,1.0,0.0005822594448703527
2021-05-20 13:30:00+00:00,0.011492328090491943,0.010757969369694864,0.49882787244393256,-0.49645209773137955,0.0,1.0,0.0003777809863245439
2021-05-21 13:30:00+00:00,-0.0014890277695538412,-0.000818734319884884,0.49825563614849666,-0.49621546935509026,0.0,1.0,-0.00034225856465733284
2021-05-24 13:30:00+00:00,0.00949578393690187,0.010194209057668324,0.5031545893356895,-0.501441048044194,0.0,1.0,-0.0003331487469974633
2021-05-25 13:30:00+00:00,-0.0013217505383256167,-0.0022188043886858244,0.5022677418622983,-0.5001075997459239,0.0,1.0,0.00044160236779984384
2021-05-26 13:30:00+00:00,0.0018682399896738922,0.0019848457446438594,0.5032364095496968,-0.5011304203454325,0.0,1.0,-6.023214130178328e-05
2021-05-27 13:30:00+00:00,0.0004662205756200688,0.000524835490573361,0.5034883206431711,-0.5014106519444194,0.0,1.0,-3.4344242422374284e-05
2021-05-28 13:30:00+00:00,0.0011647876725513484,0.0017884580196376731,0.5042342403460766,-0.5024663074557764,0.0,1.0,-0.0003162472933953855
2021-06-01 13:30:00+00:00,-0.0020167884590818197,-0.0008805831455402924,0.49927989263245215,-0.4998483235042276,0.0067005478018529185,1.0,-0.0005774053116240711
2021-06-02 13:30:00+00:00,0.004508130014623468,0.001572645905898451,0.5008001531186679,-0.4999051553468207,0.0,1.0,0.0014587818691928313
2021-06-03 13:30:00+00:00,-0.0028630376234433097,-0.0037113902137791976,0.4991589024625452,-0.4978429181676531,0.0,1.0,0.0004155810402146623
2021-06-04 13:30:00+00:00,0.010242922282857725,0.00914575285799879,0.5039926648023566,-0.502118021029349,0.0,1.0,0.0005537451721017577
2021-06-07 13:30:00+00:00,0.0005377303067730654,-0.0009699748859215429,0.5038847044303838,-0.5012539852251281,0.0,1.0,0.0007521016194702586
2021-06-08 13:30:00+00:00,-0.0009213457605133923,0.00021291419239921616,0.5037110576614254,-0.5016501255693653,0.0,1.0,-0.0005769285046179556
2021-06-09 13:30:00+00:00,-0.0019207311102431568,-0.001491711185661715,0.5028567716921049,-0.501014601269895,0.0,1.0,-0.00022512877637573936
2021-06-10 13:30:00+00:00,0.005775344407893623,0.0046482354279306914,0.5054731339949842,-0.5030570020568507,0.0,1.0,0.0005693848438777619
2021-06-11 13:30:00+00:00,0.00199576231354337,0.0016526739856772554,0.5063951103889894,-0.5038020080602766,0.0,1.0,0.00017146262977131983
2021-06-14 13:30:00+00:00,0.002068799809018529,0.0022387121718867586,0.5074864807366111,-0.5049733993855196,0.0,1.0,-8.618996095725488e-05
2021-06-15 13:30:00+00:00,-0.0025995339650058957,-0.0018339898685308942,0.5063693264790735,-0.5042485110306636,0.0,1.0,-0.0003990646260578639
2021-06-16 13:30:00+00:00,-0.008049220716044525,-0.005583387515941229,0.502930367076294,-0.5020689243142209,0.0,1.0,-0.001266416012196693
2021-06-17 13:30:00+00:00,0.0017002487422943524,-0.0003315386115594343,0.503274343557099,-0.5013932492942175,0.0,1.0,0.0010156095772050004
2021-06-18 13:30:00+00:00,-0.012960958719961835,-0.01349061280068753,0.496634601307033,-0.4945128219587101,0.0,1.0,0.00023523181449505265
2021-06-21 13:30:00+00:00,0.0140692575655319,0.014315988148888126,0.5036712976058942,-0.5016414786849531,0.0,1.0,-9.811195784260456e-05
2021-06-22 13:30:00+00:00,0.006243211527372283,0.005346316143011842,0.5065844972440202,-0.5040932234229705,0.0,1.0,0.000456640134769598
2021-06-23 13:30:00+00:00,-0.0030641743293755574,-0.0012054953176604544,0.5055127408634562,-0.5039645766519616,0.0,1.0,-0.0009505335725663742
2021-06-24 13:30:00+00:00,0.006377386996294199,0.005915995765281901,0.5086163311001977,-0.506826192080654,0.0,1.0,0.00023644569776617286
2021-06-25 13:30:00+00:00,0.009390779795386495,0.0035519335966693877,0.5118723033765911,-0.5071201878125655,0.0,1.0,0.0029701386054236754
2021-06-28 13:30:00+00:00,0.004462585103972794,0.0020158665489915517,0.5135115887121836,-0.5075050305005184,0.0,1.0,0.0012560347123025729
2021-06-29 13:30:00+00:00,0.0015813932739625614,0.0005380513603785442,0.5140496395480197,-0.5075075685712835,0.0,1.0,0.0005330476194791369
2021-06-30 13:30:00+00:00,-0.0010528207143616353,0.0008416082443405415,0.5140092248271658,-0.5084300428440034,0.0,1.0,-0.0009742770434534831
2021-07-01 13:30:00+00:00,0.006021284239335012,0.005536716742608805,0.5028974340064878,-0.5026552047867643,0.022439267671169216,1.0,0.00022511173357513795
2021-07-02 13:30:00+00:00,0.008902216208823033,0.007643483630372039,0.5070554422002754,-0.5061788993903833,0.0,1.0,0.0006289124779267485
2021-07-06 13:30:00+00:00,-0.0024469075550955788,-0.001821412307474346,0.5059790207019944,-0.5054210540301526,0.0,1.0,-0.00032470969619110174
2021-07-07 13:30:00+00:00,0.00498041594666776,0.0035340776632761806,0.508129171806267,-0.506838355911362,0.0,1.0,0.0007278363448337029
2021-07-08 13:30:00+00:00,-0.008210232129593709,-0.008147973175232415,0.5039815576413387,-0.5027328348001935,0.0,1.0,-4.810550515536009e-05
2021-07-09 13:30:00+00:00,0.008800217764724838,0.010674796178747448,0.5088937295960111,-0.5085761321340033,0.0,1.0,-0.0009373754681593541
2021-07-12 13:30:00+00:00,0.0030308460289174555,0.0035819603310094372,0.5105817635168928,-0.5105434761236264,0.0,1.0,-0.0002852733720675312
2021-07-13 13:30:00+00:00,-0.0018425507296446764,-0.003409157803927143,0.5092367595468548,-0.5083993863838495,0.0,1.0,0.0007937980940072545
2021-07-14 13:30:00+00:00,0.0009601460220332036,0.0014923125439783025,0.5098662720987844,-0.5092984915305165,0.0,1.0,-0.0002757015136518797
2021-07-15 13:30:00+00:00,-0.0037623328505467235,-0.0034154980469341956,0.5080418365517746,-0.5076527627312837,0.0,1.0,-0.00018473100272642064
2021-07-16 13:30:00+00:00,-0.005627567536113931,-0.007843618812217623,0.5046192165511777,-0.5031090343530815,0.0,1.0,0.0011168426325144987
2021-07-19 13:30:00+00:00,-0.012733520905795936,-0.014767819739428867,0.49769679058072797,-0.49518487182535453,0.0,1.0,0.000998291804231264
2021-07-20 13:30:00+00:00,0.013048654217133748,0.014330328316503271,0.5044977182260011,-0.5025865262354284,0.0,1.0,-0.0006078408463101541
2021-07-21 13:30:00+00:00,0.007445380158483728,0.008096269893842711,0.508416004601335,-0.5068172016906006,0.0,1.0,-0.00031885124108308745
2021-07-22 13:30:00+00:00,0.002217405903648162,0.0020942225051487906,0.5095127861136243,-0.5078481064637511,0.0,1.0,6.00242793828408e-05
2021-07-23 13:30:00+00:00,0.014157958276714844,0.01028779152379311,0.5157037686914836,-0.512057294942835,0.0,1.0,0.0019830729412448856
2021-07-26 13:30:00+00:00,0.0005091390818265928,0.0024550246140746523,0.5164830753134521,-0.5138284939739286,0.0,1.0,-0.0010005007005674295
2021-07-27 13:30:00+00:00,-0.003997166458338808,-0.004557674097316333,0.5142790097653108,-0.5113478300774201,0.0,1.0,0.00027144161155304836
2021-07-28 13:30:00+00:00,0.0002917193513389815,-0.0004099631457115116,0.5142471423356889,-0.5109574673232019,0.0,1.0,0.00035370652315490396
2021-07-29 13:30:00+00:00,0.004668864038447573,0.0041474451730294515,0.5165056248230716,-0.5129351527439578,0.0,1.0,0.0002758295273001799
2021-07-30 13:30:00+00:00,-0.0026869023645986756,-0.00485656566315229,0.5145531793547665,-0.5098845273585426,0.0,1.0,0.0010973506846220725
2021-08-02 13:30:00+00:00,-0.0016011893202511063,-0.002098095593098259,0.4990844752176055,-0.4988360792822704,0.024437706713309137,1.0,0.00023028190211454096
2021-08-03 13:30:00+00:00,0.007437618942181201,0.00813565761932833,0.5029736789181228,-0.5030716769112171,0.0,1.0,-0.00035231178353402744
2021-08-04 13:30:00+00:00,-0.00152010047307638,-0.004919007609699322,0.5013547545171887,-0.4997454520276829,0.0,1.0,0.0017040904987296887
2021-08-05 13:30:00+00:00,0.006523913644179702,0.006332845712643476,0.5045750760375471,-0.5028599608339902,0.0,1.0,0.00010003189933008419
2021-08-06 13:30:00+00:00,7.227584753333183e-05,0.0016523357064239796,0.5050157477483954,-0.5040943199323215,0.0,1.0,-0.0008003772583045378
2021-08-09 13:30:00+00:00,-0.0010082917718962081,-0.0008135517877920773,0.5045595478845988,-0.503737130062481,0.0,1.0,-0.00010504876888832757
2021-08-10 13:30:00+00:00,0.0002883241215856369,0.0012440306652636846,0.5049510064717395,-0.5046096100903424,0.0,1.0,-0.0004871401295505554
2021-08-11 13:30:00+00:00,0.0012250534750657405,0.002484896191837116,0.505894009513662,-0.5061881122426939,0.0,1.0,-0.000641262894214137
2021-08-12 13:30:00+00:00,0.0009356662191639664,0.0029968662804313873,0.5068993901937169,-0.5082385286089919,0.0,1.0,-0.0010495825309083807
2021-08-13 13:30:00+00:00,0.00395543357055228,0.0018199920070001152,0.5083583873999344,-0.5086172309953654,0.0,1.0,0.0010740644241944612
2021-08-16 13:30:00+00:00,0.005945136125507622,0.0023544421808487925,0.510452237923572,-0.508889174463951,0.0,1.0,0.0018187975701217656
2021-08-17 13:30:00+00:00,-0.008402255292468852,-0.006555022860871396,0.5066492264399611,-0.5060387473016146,0.0,1.0,-0.000959122226337113
2021-08-18 13:30:00+00:00,-0.011920156939357107,-0.010944939912101881,0.5008636892977264,-0.5007539291509077,0.0,1.0,-0.0005067269909091143
2021-08-19 13:30:00+00:00,0.004287366860125763,0.0015481417206535397,0.502324801569925,-0.5008449149048425,0.0,1.0,0.001366195952483311
2021-08-20 13:30:00+00:00,0.00984190982128319,0.007957231836766221,0.5067859011416656,-0.5043498386372162,0.0,1.0,0.0009525439149295124
2021-08-23 13:30:00+00:00,0.0062343023146569365,0.008796439327796834,0.5106004471151925,-0.5094399219207641,0.0,1.0,-0.0012829786199857896
2021-08-24 13:30:00+00:00,0.0006409042374950769,0.0015874109782492152,0.5111768391201006,-0.5104974273170475,0.0,1.0,-0.0004873969155448173
2021-08-25 13:30:00+00:00,0.0016372909280397696,0.002098251250772565,0.5121367786010851,-0.5116914665163758,0.0,1.0,-0.00024015904502116685
2021-08-26 13:30:00+00:00,-0.006750533869057884,-0.005902981363450799,0.5089048455366507,-0.5088962211132472,0.0,1.0,-0.00044264385980623066
2021-08-27 13:30:00+00:00,0.010086587805917313,0.008940927044707392,0.5137414494506393,-0.513150056930532,0.0,1.0,0.0005771570421090098
2021-08-30 13:30:00+00:00,0.004107672772330151,0.004397597333826164,0.5159303063370101,-0.515485191585128,0.0,1.0,-0.00015229793923701517
2021-08-31 13:30:00+00:00,-0.003737985291914936,-0.0014815897313412707,0.5146042417807284,-0.515324772924307,0.0,1.0,-0.0011707547111822786
2021-09-01 13:30:00+00:00,0.0005662049554220339,0.0005314014971509184,0.5002848610586277,-0.5002674592683221,0.029929014705035395,1.0,-3.515159169340942e-06
2021-09-02 13:30:00+00:00,0.0004952205604031867,0.0030767191616396516,0.5011828387581684,-0.502458523148375,0.0,1.0,-0.0012973835095733274
2021-09-03 13:30:00+00:00,-7.085795475558765e-05,-0.00024302222525784956,0.5011069149935836,-0.5022959077018736,0.0,1.0,8.064341652990657e-05
2021-09-07 13:30:00+00:00,-0.007850564522628556,-0.0035752336982026733,0.4982412214759791,-0.501575510143455,0.0,1.0,-0.0021440992941598137
2021-09-08 13:30:00+00:00,-0.0014967821261229197,-0.0012183209432733433,0.49756543603960046,-0.5010348912261462,0.0,1.0,-0.000140630987114495
2021-09-09 13:30:00+00:00,-0.003783849995724342,-0.00428015054207731,0.4955559403285129,-0.49876278329000584,0.0,1.0,0.0002558394072978321
2021-09-10 13:30:00+00:00,-0.005159684468260539,-0.007884612391707235,0.49232469752251784,-0.4941533968060106,0.0,1.0,0.0013696865522311145
2021-09-13 13:30:00+00:00,-0.0010086988763926552,0.002559148608085371,0.492698773496141,-0.49629504735995933,0.0,1.0,-0.0017671717277804586
2021-09-14 13:30:00+00:00,-0.00454261938732059,-0.005396671436005196,0.4902477424114729,-0.49340244805189865,0.0,1.0,0.000434245924373311
2021-09-15 13:30:00+00:00,0.006301806673463917,0.00835285149993692,0.493849717632356,-0.4980406435967509,0.0,1.0,-0.0010378232644559914
2021-09-16 13:30:00+00:00,-0.0015116682402044335,-0.001585213538703445,0.49308493090729494,-0.4972327395177763,0.0,1.0,3.701145652300575e-05
2021-09-17 13:30:00+00:00,-0.010669929986205862,-0.009741205197217662,0.48803042420873566,-0.49259770255005936,0.0,1.0,-0.0004234879245690345
2021-09-20 13:30:00+00:00,-0.016031190730064093,-0.0166739740564803,0.4800224347263165,-0.48419825746875494,0.0,1.0,0.00038390011908477785
2021-09-21 13:30:00+00:00,-0.000814648814557728,-0.0009446973369103828,0.4796024080572184,-0.4837116114299087,0.0,1.0,6.0418716004091645e-05
2021-09-22 13:30:00+00:00,0.006596525274163323,0.009754790439611805,0.48352077172340413,-0.4891936249890304,0.0,1.0,-0.0015607483773590425
2021-09-23 13:30:00+00:00,0.010308525160915405,0.012149914382467042,0.4889771316943763,-0.4956156672727119,0.0,1.0,-0.0009652269998818445
2021-09-24 13:30:00+00:00,-0.0001607893992716658,0.001647363458348483,0.4893394207421691,-0.49687983196524677,0.0,1.0,-0.0009010338598651677
2021-09-27 13:30:00+00:00,-0.006215043624235528,-0.002861042674488723,0.4870899799713529,-0.4962649777330077,0.0,1.0,-0.0016256238245777486
2021-09-28 13:30:00+00:00,-0.021335615527595775,-0.020151822321544555,0.47688726074549304,-0.48645778533324346,0.0,1.0,-0.0003976732652846567
2021-09-29 13:30:00+00:00,0.001352815214952452,0.0016830693638001382,0.47761815945044717,-0.4873640358046847,0.0,1.0,-0.00017955423407532706
2021-09-30 13:30:00+00:00,-0.011036144414835802,-0.012222280324618917,0.4720262675290527,-0.48108035307876346,0.0,1.0,0.0006796845019468779
2021-10-01 13:30:00+00:00,0.010172620269706778,0.011884318303203356,0.5055338329936253,-0.5063904403203713,0.046893379392183854,1.0,-0.000885248087396762
2021-10-04 13:30:00+00:00,-0.01638236161710538,-0.012896173421662382,0.49812734989236174,-0.5007398873332993,0.0,1.0,-0.0017572915052918253
2021-10-05 13:30:00+00:00,0.011765421669635456,0.01040496672026503,0.5036633949532725,-0.5056241721334517,0.0,1.0,0.0006445440724970546
2021-10-06 13:30:00+00:00,0.003020550920169285,0.004156206635727244,0.505480993234258,-0.5080233981008015,0.0,1.0,-0.000586089989275834
2021-10-07 13:30:00+00:00,0.00963644841147393,0.008645395755547014,0.5101107392061663,-0.5121731902955026,0.0,1.0,0.0004730258036709085
2021-10-08 13:30:00+00:00,-0.0009692294613748986,-0.0018235673881124015,0.5093954430441282,-0.5110176227611651,0.0,1.0,0.00043361558893364067
2021-10-11 13:30:00+00:00,-0.0059711510892790365,-0.00723980312873429,0.5060238194094105,-0.5069873810186963,0.0,1.0,0.0006520374485455381
2021-10-12 13:30:00+00:00,-0.0021774258235759403,-0.0024615408114855297,0.504851215785121,-0.5056685220199808,0.0,1.0,0.0001401884166067256
2021-10-13 13:30:00+00:00,0.007449736485433345,0.003597801356959307,0.5076295746489885,-0.5065073396356417,0.0,1.0,0.0019357612463023234
2021-10-14 13:30:00+00:00,0.01807551232915472,0.01682037181370677,0.5164694977123875,-0.5146923950848218,0.0,1.0,0.0006500704752160287
2021-10-15 13:30:00+00:00,0.005575961269344898,0.007615952736989895,0.5198931257751515,-0.5191553104233138,0.0,1.0,-0.0010460114199642276
2021-10-18 13:30:00+00:00,0.0055451600647222765,0.0029605914379435827,0.5220764696925463,-0.5199955587867082,0.0,1.0,0.001339931451017419
2021-10-19 13:30:00+00:00,0.008562013743480978,0.007714977296495729,0.5263084359813385,-0.5237704011000784,0.0,1.0,0.00045231959738516685
2021-10-20 13:30:00+00:00,0.0033093577296594567,0.003927555137192895,0.5282199205580693,-0.5259965654479106,0.0,1.0,-0.00032134661970275533
2021-10-21 13:30:00+00:00,0.005234624916486075,0.002608294397767885,0.530249430476596,-0.5266380056083187,0.0,1.0,0.0013871268816822496
2021-10-22 13:30:00+00:00,-0.00035717981500082985,-0.0010362264508910757,0.5298743842828033,-0.5259080272669062,0.0,1.0,0.00035036945702155564
2021-10-25 13:30:00+00:00,0.005423404132330223,0.005362778200538987,0.5327228335369294,-0.5287032723976017,0.0,1.0,4.74424402674794e-05
2021-10-26 13:30:00+00:00,-0.002696902948028268,0.0008999482079663501,0.5323073419528696,-0.5301962380885934,0.0,1.0,-0.001918459723740265
2021-10-27 13:30:00+00:00,-0.007329624920862532,-0.004430022877506157,0.5292306851581766,-0.5286715414043567,0.0,1.0,-0.0015587840757880576
2021-10-28 13:30:00+00:00,0.009391236103419631,0.009648741221792934,0.5342739238940462,-0.5338456061073653,0.0,1.0,-0.00013683695779443116
2021-10-29 13:30:00+00:00,0.00774162315527871,0.0020289789409015935,0.5367745013830855,-0.5333037731336794,0.0,1.0,0.003047033507042691
2021-11-01 13:30:00+00:00,-0.0019738765019305937,0.0017204772942496227,0.4999570648884636,-0.5018077361656081,0.07007827451676485,1.0,-0.0018881684163008716
2021-11-02 13:30:00+00:00,0.005720361725505052,0.0040431392708553116,0.5024024657055715,-0.5034212396940306,0.0,1.0,0.0008251043129212605
2021-11-03 13:30:00+00:00,0.004774582573855657,0.006105220597089955,0.5051450739760986,-0.5068397371653032,0.0,1.0,-0.0006806880447250003
2021-11-04 13:30:00+00:00,0.01125066419841958,0.004712460751963965,0.5091537851557354,-0.5075589382521164,0.0,1.0,0.0032888028489112993
2021-11-05 13:30:00+00:00,0.0006220169697559452,0.0034696168552568185,0.5102104380636315,-0.5100597053071502,0.0,1.0,-0.0014502851335658387
2021-11-08 14:30:00+00:00,0.0012429262806414876,0.0008537591208601647,0.5107461541545413,-0.5103968028931981,0.0,1.0,0.00019273345558528543
2021-11-09 14:30:00+00:00,0.0007588766755279863,-0.0033053730323289177,0.5100785516755431,-0.5076595593945187,0.0,1.0,0.002068692790621197
2021-11-10 14:30:00+00:00,-0.009649377443374907,-0.008044872957749027,0.5055832406405317,-0.5040007968459352,0.0,1.0,-0.0008438361907239582
2021-11-11 14:30:00+00:00,0.0015313792936542114,0.0003234274804262416,0.5060511778832716,-0.5038588290746439,0.0,1.0,0.0006052796171264248
2021-11-12 14:30:00+00:00,0.010631387413381876,0.007546891471651218,0.5106287479458246,-0.5068648558925317,0.0,1.0,0.0015715058420633068
2021-11-15 14:30:00+00:00,0.0004125226704396745,0.000342354877752582,0.5108234736082676,-0.5070225817342534,0.0,1.0,3.116589797733029e-05
2021-11-16 14:30:00+00:00,0.004055095981214896,0.003957841605981338,0.5128647703683995,-0.5089993825204063,0.0,1.0,5.877076482683677e-05
2021-11-17 14:30:00+00:00,-0.008008952494714783,-0.002429082181739317,0.5102252096506753,-0.5092280611976198,0.0,1.0,-0.0028770606324490643
2021-11-18 14:30:00+00:00,0.0012423428111199009,0.0033963282111466597,0.5114224587576974,-0.5115210499199199,0.0,1.0,-0.0011015833898437141
2021-11-19 14:30:00+00:00,0.0022743019450008894,-0.001788313910101369,0.5115257387863392,-0.5095505331484972,0.0,1.0,0.002071936920598837
2021-11-22 14:30:00+00:00,-0.007632525615220209,-0.002815172695184942,0.5088813496230444,-0.5093771319563336,0.0,1.0,-0.0024757129373469775
2021-11-23 14:30:00+00:00,0.0014548103111176047,0.0013261481455957291,0.5095916788965125,-0.5100226195673325,0.0,1.0,5.886391466190403e-05
2021-11-24 14:30:00+00:00,0.0038748632967655627,0.0026697085990436964,0.5112559272901407,-0.5110739920820792,0.0,1.0,0.0006070339387751581
2021-11-26 14:30:00+00:00,-0.02081480122120083,-0.022303012268012234,0.5002386342953724,-0.4993006043883461,0.0,1.0,0.0007508466346112344
2021-11-29 14:30:00+00:00,0.012458880911076609,0.01226640683504665,0.5064194757058086,-0.5053737630654643,0.0,1.0,0.00010183684444113502
2021-11-30 14:30:00+00:00,-0.01953568270106798,-0.019457471248907288,0.4965589522788697,-0.4955731293920223,0.0,1.0,-6.590710718390474e-05
2021-12-01 14:30:00+00:00,-0.013968790627073235,-0.011107213358605983,0.4937269046822026,-0.49515975759176495,0.007867918329107992,1.0,-0.0014406749743505612
2021-12-02 14:30:00+00:00,0.013806947814051673,0.015316078671179456,0.5009309842250057,-0.5031325831577413,0.0,1.0,-0.0007729965756895653
2021-12-03 14:30:00+00:00,-0.009149936576098305,-0.008701221693366734,0.4964525324333969,-0.49886025935869927,0.0,1.0,-0.00021157096840190257
2021-12-06 14:30:00+00:00,0.007659316981566189,0.01184343976158364,0.5013136369850458,-0.5058366492131634,0.0,1.0,-0.002111686499906471
2021-12-07 14:30:00+00:00,0.023586640970080897,0.020684724908482277,0.5124434474166587,-0.5156009675512474,0.0,1.0,0.0013552604504166296
2021-12-08 14:30:00+00:00,0.0012491374589924664,0.0026479274096595784,0.5134589567590807,-0.5173444792822632,0.0,1.0,-0.0007311140095949433
2021-12-09 14:30:00+00:00,-0.00811043843237047,-0.006751411520760087,0.5096398728293091,-0.5142000567659971,0.0,1.0,-0.0006775241596681769
2021-12-10 14:30:00+00:00,0.008107060519268128,0.009413266148261767,0.5141389439684023,-0.51941151623901,0.0,1.0,-0.0007145730766826998
2021-12-13 14:30:00+00:00,-0.007390232748367365,-0.008858223482198557,0.5099336829943701,-0.5144012444708043,0.0,1.0,0.0007955044481940753
2021-12-14 14:30:00+00:00,-0.008124053170538992,-0.006880112028364804,0.5060994437835444,-0.5111736883925599,0.0,1.0,-0.000609542545558014
2021-12-15 14:30:00+00:00,0.020053519228437677,0.015625110852070856,0.5151378932609167,-0.5180439431116721,0.0,1.0,0.0021559770006668658
2021-12-16 14:30:00+00:00,-0.012529519832994662,-0.008818460837475728,0.5096477329393156,-0.5144489470696763,0.0,1.0,-0.0018920326068703399
2021-12-17 14:30:00+00:00,-0.011426565456162496,-0.010642892056557551,0.5040027532127708,-0.5091540907770943,0.0,1.0,-0.0003542509486960407
2021-12-20 14:30:00+00:00,-0.013615087760136757,-0.01063346369057483,0.49786456802375695,-0.5044734846201744,0.0,1.0,-0.0014539225601089307
2021-12-21 14:30:00+00:00,0.01883544172592888,0.01775896138854116,0.507032854403665,-0.5132206438613476,0.0,1.0,0.000412621542551358
2021-12-22 14:30:00+00:00,0.008396575423502028,0.009998751845790244,0.511740617166705,-0.5188088541915297,0.0,1.0,-0.0008801786368647925
2021-12-23 14:30:00+00:00,0.006787663526819587,0.0062220545519418025,0.5150907689681092,-0.5219119061072837,0.0,1.0,0.00023951374857209066
2021-12-27 14:30:00+00:00,0.01668039681508282,0.014152121539763085,0.523055123074657,-0.52866377323168,0.0,1.0,0.001199805312942132
2021-12-28 14:30:00+00:00,-0.0025290026775086627,-0.000817131101903068,0.5222006104546135,-0.5287059145851637,0.0,1.0,-0.0008967725761357752
2021-12-29 14:30:00+00:00,0.002673048397858313,0.0012791377576342189,0.523223091611579,-0.5290046900278265,0.0,1.0,0.0007136274261535417
2021-12-30 14:30:00+00:00,-0.0026659222586360443,-0.0027644942696757324,0.5217960737736648,-0.527509761844579,0.0,1.0,6.160596710145773e-05
2021-12-31 14:30:00+00:00,-0.002398883932263951,-0.002520063031205999,0.5205070370427365,-0.5261426915332975,0.0,1.0,7.167725117836378e-05
2022-01-03 14:30:00+00:00,-0.0026793656015754452,0.005789885744897916,0.5007956612809086,-0.5050484203057629,0.046649728576034,1.0,-0.004263902918477078
2022-01-04 14:30:00+00:00,-0.0011708616723868914,-0.00033492269416623976,0.5004210583359933,-0.5050930046218913,0.0,1.0,-0.00042316264883063525
2022-01-05 14:30:00+00:00,-0.024069032087233877,-0.019202057289542496,0.48952766826549443,-0.496561983398449,0.0,1.0,-0.0023517780798722274
2022-01-06 14:30:00+00:00,0.0009190240015137796,-0.000939470654300778,0.48953186620365396,-0.49564422330989777,0.0,1.0,0.0009104407070329168
2022-01-07 14:30:00+00:00,-0.009390499686782627,-0.003953479538859828,0.48622018300917824,-0.4949931599850061,0.0,1.0,-0.0026433819217981562
2022-01-10 14:30:00+00:00,-0.004490146667191164,-0.0012443543215774344,0.4847996725558494,-0.49515619552640855,0.0,1.0,-0.0015732054374335074
2022-01-11 14:30:00+00:00,0.009307306069949561,0.009108230600079148,0.48931369632970656,-0.4996680762157708,0.0,1.0,-3.7702577761731253e-06
2022-01-12 14:30:00+00:00,0.0014186451681827972,0.0027034491329698263,0.49033276171203,-0.5013511072586323,0.0,1.0,-0.0006626170973468048
2022-01-13 14:30:00+00:00,-0.014308143573821708,-0.013778614639829656,0.48337200833597194,-0.49449944781253397,0.0,1.0,-0.00011378022830801411
2022-01-14 14:30:00+00:00,-0.001796354354630103,0.000409218982426518,0.4830237331403486,-0.495234985448194,0.0,1.0,-0.001076618353877323
2022-01-18 14:30:00+00:00,-0.017853270464206594,-0.017709749386283002,0.4743333074520676,-0.4863959250197538,0.0,1.0,0.00014098175026925117
2022-01-19 14:30:00+00:00,-0.009162323579979592,-0.010383518694355054,0.46965923008116295,-0.4810094130055918,0.0,1.0,0.0006985535517105627
2022-01-20 14:30:00+00:00,-0.013019575072895417,-0.01106819870490261,0.4639141170599595,-0.4760648376210996,0.0,1.0,-0.0007968082235978881
2022-01-21 14:30:00+00:00,-0.016489271182378862,-0.019630525479826022,0.4554947958377901,-0.46593208176149903,0.0,1.0,0.0016898448624823286
2022-01-24 14:30:00+00:00,0.0067063025754960925,0.004246873624462966,0.4580593679141429,-0.46741071683844376,0.0,1.0,0.0010699788726756256
2022-01-25 14:30:00+00:00,-0.01438302516770551,-0.01220898057062203,0.4518721808356323,-0.46211429195444387,0.0,1.0,-0.0008876234375837009
2022-01-26 14:30:00+00:00,-0.0023809656227619103,-0.0025090333786541574,0.4507613025649305,-0.46091905722795423,0.0,1.0,7.761567386235731e-05
2022-01-27 14:30:00+00:00,-0.004388261135110372,-0.0049377386761415565,0.4486522884132371,-0.458509326383163,0.0,1.0,0.0002918871692353801
2022-01-28 14:30:00+00:00,0.026987079559334326,0.024835347208324032,0.4604310681844241,-0.46956100499672376,0.0,1.0,0.0007146243019524409
2022-01-31 14:30:00+00:00,0.0198028061351061,0.018011011124141607,0.46924172676798775,-0.4777055644013346,0.0,1.0,0.0006546063164244823
2022-02-01 14:30:00+00:00,0.005685233256499833,0.006756950619112079,0.5031285634162367,-0.5036647268192662,0.05305270883067764,1.0,-0.0005683374166738426
2022-02-02 14:30:00+00:00,0.013655343427356748,0.009713955346123182,0.5089952871150589,-0.5075564710123379,0.0,1.0,0.0019718642748692864
2022-02-03 14:30:00+00:00,-0.030564136547598264,-0.023504877054734474,0.4952374344209538,-0.497433545581507,0.0,1.0,-0.0036329013889411198
2022-02-04 14:30:00+00:00,-0.0034368493656020682,0.004702101471736109,0.49554082764949847,-0.5018033225449361,0.0,1.0,-0.004046991850034147
2022-02-07 14:30:00+00:00,-0.004123170101244411,-0.0032091895424817274,0.4937142552969212,-0.5004125063302356,0.0,1.0,-0.000438769530368909
2022-02-08 14:30:00+00:00,0.0043662166072009345,0.008227811338079372,0.49684751022114687,-0.5055244702555308,0.0,1.0,-0.001967588693563749
2022-02-09 14:30:00+00:00,0.019187320392876295,0.014636206199376556,0.505305261812501,-0.5118341147733778,0.0,1.0,0.0021282595985730934
2022-02-10 14:30:00+00:00,-0.021914868438958846,-0.017965616945647356,0.4951645699261228,-0.5035875764997767,0.0,1.0,-0.001884235069353986
2022-02-11 14:30:00+00:00,-0.020751798536996935,-0.019718695383648788,0.48505947304122354,-0.49383102747265295,0.0,1.0,-0.00035141775872898575
2022-02-14 14:30:00+00:00,-0.005451496746158302,-0.003269446579893809,0.4829153275130936,-0.4927267896348752,0.0,1.0,-0.0010356983561139608
2022-02-15 14:30:00+00:00,0.017833704520742844,0.016126842141035436,0.4912032585494538,-0.5003426457513603,0.0,1.0,0.0006600897233530796
2022-02-16 14:30:00+00:00,0.0019721299638284506,0.0011208963448250397,0.4919742350056821,-0.5007022297251265,0.0,1.0,0.000401932040780381
2022-02-17 14:30:00+00:00,-0.02218025100708587,-0.021361496073811326,0.4811690944224961,-0.4901154413622385,0.0,1.0,-0.0002223156879755975
2022-02-18 14:30:00+00:00,-0.006270893687684853,-0.006474960500388538,0.47807994306921653,-0.4868688523314282,0.0,1.0,0.00015016550557553988
2022-02-22 14:30:00+00:00,-0.012932393470301173,-0.010731542920345616,0.47235248617469255,-0.4821086625476632,0.0,1.0,-0.0009638163296085404
2022-02-23 14:30:00+00:00,-0.01625884196297145,-0.01773873269850479,0.4642704585862642,-0.47314685448561283,0.0,1.0,0.0008661398920832805
2022-02-24 14:30:00+00:00,0.018934629583259976,0.015049141866927407,0.47227520109919063,-0.4794692882620053,0.0,1.0,0.0016643826417843276
2022-02-25 14:30:00+00:00,0.024645636537774074,0.02206406761132329,0.4834049600931456,-0.4895321058522324,0.0,1.0,0.0010545277773764872
2022-02-28 14:30:00+00:00,-0.0019211307565911717,-0.0025587686969417156,0.48232291515831155,-0.4881243009999897,0.0,1.0,0.0003179629109265997
2022-03-01 14:30:00+00:00,-0.013242984336731989,-0.01523021029786309,0.49289897420364354,-0.491906326953911,0.029552783841698738,1.0,0.00097288420769232
2022-03-02 14:30:00+00:00,0.018960625045279178,0.018396173720176323,0.502098774085548,-0.5008100228611857,0.0,1.0,0.00029052600942763835
2022-03-03 14:30:00+00:00,-0.004058657945567146,-0.004978209086114793,0.4998363317257452,-0.49809307398504143,0.0,1.0,0.00044933744637069823
2022-03-04 14:30:00+00:00,-0.009226355164411282,-0.008125084813868089,0.49550738656339405,-0.49432807499044895,0.0,1.0,-0.0005705714302018662
2022-03-07 14:30:00+00:00,-0.029566882035169884,-0.02947891123522839,0.480897321312116,-0.4797962719149278,0.0,1.0,-8.430738330280854e-05
2022-03-08 14:30:00+00:00,-0.007357092056075154,-0.007581573013237586,0.47731461387473917,-0.47611407230634945,0.0,1.0,9.365222363664903e-05
2022-03-09 14:30:00+00:00,0.02674611751527456,0.026810610108263022,0.4900831557166353,-0.4888812046865194,0.0,1.0,-4.548386163589165e-06
2022-03-10 14:30:00+00:00,-0.00651227040804736,-0.004515507758432236,0.4873740823068463,-0.48715592246705786,0.0,1.0,-0.000989959540694615
2022-03-11 14:30:00+00:00,-0.014610848332011983,-0.0127150269297015,0.48070148402638563,-0.4814107338286529,0.0,1.0,-0.0009327005053590202
2022-03-14 13:30:00+00:00,-0.009777842032952289,-0.007308278335039997,0.4765673713805937,-0.47846080992272716,0.0,1.0,-0.001187891920472467
2022-03-15 13:30:00+00:00,0.0216104693525645,0.021990346084922008,0.48697755197894527,-0.4890941486560127,0.0,1.0,-0.00022862660557269372
2022-03-16 13:30:00+00:00,0.02162899107862759,0.022174193011722076,0.497668836546791,-0.5000986417689572,0.0,1.0,-0.0003183873069101865
2022-03-17 13:30:00+00:00,0.013881449253750455,0.012511083458770278,0.5042516379969455,-0.5060287070236232,0.0,1.0,0.0006456364739558439
2022-03-18 13:30:00+00:00,0.01506791695192966,0.010952793304962904,0.5108026973489733,-0.5105247421144545,0.0,1.0,0.002049641588852717
2022-03-21 13:30:00+00:00,-0.002185034950798359,-0.0002924781401503207,0.5101828594483551,-0.510872379368623,0.0,1.0,-0.0009727568005476061
2022-03-22 13:30:00+00:00,0.01011894693249027,0.0117013114435629,0.5157689820045468,-0.5172751024638065,0.0,1.0,-0.00082131591923461
2022-03-23 13:30:00+00:00,-0.014278999774676393,-0.012878323357668697,0.5087650218274454,-0.5109757387876134,0.0,1.0,-0.0007089815243802694
2022-03-24 13:30:00+00:00,0.01591253281599858,0.01507420313924901,0.5166606924996056,-0.5184775179004797,0.0,1.0,0.00038723563879675544
2022-03-25 13:30:00+00:00,0.0031444550013772776,0.004883700700052396,0.5187591564322518,-0.5214859452690772,0.0,1.0,-0.0009134250995389495
2022-03-28 13:30:00+00:00,0.007090838805358102,0.0071129938720986274,0.5224568419038402,-0.5252146211164623,0.0,1.0,-3.6841156972242356e-05
2022-03-29 13:30:00+00:00,0.018231506203116643,0.012370940707510991,0.5303793042339352,-0.5301101206544333,0.0,1.0,0.0030218238365286075
2022-03-30 13:30:00+00:00,-0.0069144944424085475,-0.0061749653373625035,0.5269226871542922,-0.527047446590759,0.0,1.0,-0.0003998455124202581
2022-03-31 13:30:00+00:00,-0.013265913062988965,-0.015391225093556615,0.5193530601470396,-0.5183571355521828,0.0,1.0,0.0011158429458048749
2022-04-01 13:30:00+00:00,0.0013371684564107422,0.0028341435403356208,0.5010560483755381,-0.5018051151671207,0.037710195699222404,1.0,-0.0007732950207644314
2022-04-04 13:30:00+00:00,0.008678679161184366,0.008566423819137192,0.5053823783917021,-0.5060815851096923,0.0,1.0,4.387701353728257e-05
2022-04-05 13:30:00+00:00,-0.013237220890987222,-0.012631101204106043,0.49884389082100755,-0.49984089052954833,0.0,1.0,-0.00030344283908090053
2022-04-06 13:30:00+00:00,-0.009241202592164321,-0.009999300327125704,0.4940451545713798,-0.4946537799465463,0.0,1.0,0.00038218934229010474
2022-04-07 13:30:00+00:00,0.00496455509939242,0.005038779448818254,0.4965205546345332,-0.49716894654348326,0.0,1.0,-4.5689290169845145e-05
2022-04-08 13:30:00+00:00,-0.0041167717707079055,-0.002673948016917338,0.4948330746247554,-0.496197107353905,0.0,1.0,-0.0007206102651652304
2022-04-11 13:30:00+00:00,-0.0170612432530014,-0.017092239446961477,0.4863747027477734,-0.4877000398225077,0.0,1.0,3.269993502666592e-05
2022-04-12 13:30:00+00:00,-0.004281790535722196,-0.0037051935403568104,0.4844285069948919,-0.4860298263771777,0.0,1.0,-0.0002814839428103789
2022-04-13 13:30:00+00:00,0.01151871140653804,0.011453628473765631,0.4900049541106574,-0.49159307489263726,0.0,1.0,7.234729728864908e-06
2022-04-14 13:30:00+00:00,-0.011159939377535677,-0.012451959660738754,0.4842232752065995,-0.48515791979358014,0.0,1.0,0.000646919174542175
2022-04-18 13:30:00+00:00,-0.002687400978617527,0.0004113032241253034,0.4836507387621793,-0.4860899078130281,0.0,1.0,-0.0015068015012330055
2022-04-19 13:30:00+00:00,0.020554431106619697,0.01614245897037958,0.4925631730578064,-0.49290714431861876,0.0,1.0,0.002088527015813156
2022-04-20 13:30:00+00:00,-0.00045276992987997033,-0.0007413480634242964,0.49227298678999415,-0.492474532587211,0.0,1.0,0.00013644558260938853
2022-04-21 13:30:00+00:00,-0.016979722132939634,-0.01495356484421051,0.4843989020564973,-0.48559605411008444,0.0,1.0,-0.0010003610530336228
2022-04-22 13:30:00+00:00,-0.026562041460232333,-0.027439207790885933,0.4713193386489368,-0.47205840948262284,0.0,1.0,0.000451794930492813
2022-04-25 13:30:00+00:00,0.00828054810800416,0.005797751267257345,0.4746715245262055,-0.4742451846778895,0.0,1.0,0.0011599528351654814
2022-04-26 13:30:00+00:00,-0.025342110363962944,-0.028961021459332437,0.4618574222492431,-0.45972925240445306,0.0,1.0,0.00169949442831541
2022-04-27 13:30:00+00:00,-0.000962870017054307,0.0028118592920309826,0.4622185245681212,-0.4618270749218569,0.0,1.0,-0.001743355015182086
2022-04-28 13:30:00+00:00,0.028275253912062315,0.025259562948446224,0.4746244199607852,-0.4728316802097395,0.0,1.0,0.0013978436937846243
2022-04-29 13:30:00+00:00,-0.03538792832507642,-0.03695589344968031,0.4575209955372378,-0.45505197270593173,0.0,1.0,0.0006719898576088289
2022-05-02 13:30:00+00:00,0.008827320182065002,0.006019654284247888,0.5037315234588715,-0.5023295889634658,0.08742703175683048,1.0,0.0013541670520777604
2022-05-03 13:30:00+00:00,0.002649258169715951,0.0045840677920618855,0.5055585283638875,-0.5051243689678253,0.0,1.0,-0.0009741504168526124
2022-05-04 13:30:00+00:00,0.03162520361130672,0.030452812052934597,0.5212341888671694,-0.5201947192083124,0.0,1.0,0.0005999815444537696
2022-05-05 13:30:00+00:00,-0.04004644968769244,-0.035542721152925894,0.5015595356793171,-0.5029077316115423,0.0,1.0,-0.0023903952508810312
2022-05-06 13:30:00+00:00,-0.01107617155032481,-0.005968944797261955,0.4972769482902782,-0.5011886872249668,0.0,1.0,-0.0025594833527322267
2022-05-09 13:30:00+00:00,-0.029512739321373993,-0.032017355966309946,0.4819431972556868,-0.4844807413430359,0.0,1.0,0.0013647792787976046
2022-05-10 13:30:00+00:00,0.0014319512943281598,0.0023106038151679,0.482843486740704,-0.4858116466617783,0.0,1.0,-0.0004352762451720399
2022-05-11 13:30:00+00:00,-0.017160127084559273,-0.015886109874241106,0.47483036040120385,-0.47836854946601287,0.0,1.0,-0.0005739507783195653
2022-05-12 13:30:00+00:00,0.004365020430586064,-0.001043887569027846,0.47568237756507914,-0.4766460864935267,0.0,1.0,0.002566054825462871
2022-05-13 13:30:00+00:00,0.024456776243207523,0.023907919271626943,0.4872029606207551,-0.4879284598549376,0.0,1.0,0.00023208893296956784
2022-05-16 13:30:00+00:00,-0.0034104936273791076,-0.0040576044125049116,0.4853897874473907,-0.48579694146208374,0.0,1.0,0.0003122656983044197
2022-05-17 13:30:00+00:00,0.01861285946022906,0.020570291709663735,0.4949015848427895,-0.49626855012104365,0.0,1.0,-0.0009644452813011417
2022-05-18 13:30:00+00:00,-0.04605059116990129,-0.0403116044030114,0.4734324628612869,-0.4775961784918538,0.0,1.0,-0.0027910814637483496
2022-05-19 13:30:00+00:00,-0.008933257873106282,-0.006124490743128264,0.46981873132746527,-0.47529388147459467,0.0,1.0,-0.0013102132830652765
2022-05-20 13:30:00+00:00,0.00520038622739305,0.00043652424419793334,0.47121125899788047,-0.4744434404397868,0.0,1.0,0.002229809176431646
2022-05-23 13:30:00+00:00,0.016382036265630395,0.018709905921857617,0.4794884692449345,-0.4838831554233954,0.0,1.0,-0.0011633445831466147
2022-05-24 13:30:00+00:00,-0.009246466662978015,-0.007633837764655427,0.475409379834416,-0.4805475859107085,0.0,1.0,-0.0007456410215562795
2022-05-25 13:30:00+00:00,0.0111309528675132,0.008835134136332856,0.4802016792402072,-0.4842895764563456,0.0,1.0,0.001040104638346137
2022-05-26 13:30:00+00:00,0.02548918624834884,0.019981384546146508,0.4911855590565791,-0.49270639338257577,0.0,1.0,0.002557221399106465
2022-05-27 13:30:00+00:00,0.026837258552515397,0.0245488041983013,0.5038231166543229,-0.5042567612435633,0.0,1.0,0.0010807686863107868
2022-05-31 13:30:00+00:00,-0.008685367955581835,-0.005610724028589975,0.5002238730894842,-0.5022072406730975,0.0,1.0,-0.0015525960067349868
2022-06-01 13:30:00+00:00,-0.011762565132096836,-0.008088544184981283,0.49503164410496553,-0.4968720486127849,0.0024311137625817603,1.0,-0.0018441784113914482
2022-06-02 13:30:00+00:00,0.023641359250563543,0.0190435126241284,0.505604798160886,-0.5052050642972917,0.0,1.0,0.002235079427396116
2022-06-03 13:30:00+00:00,-0.015477212386633576,-0.016411619088875007,0.4975506079340645,-0.4966853917752983,0.0,1.0,0.00045992785122834346
2022-06-06 13:30:00+00:00,0.002199319208864514,0.0030448668346261254,0.4988564059600904,-0.49840906838820526,0.0,1.0,-0.0004240206482006656
2022-06-07 13:30:00+00:00,0.010321881767322738,0.009592197345303477,0.5038229843981779,-0.5030076435635187,0.0,1.0,0.0003623463175707043
2022-06-08 13:30:00+00:00,-0.011101211358049978,-0.010872043809222243,0.4982948551610225,-0.4976037485909449,0.0,1.0,-0.0001302766806038481
2022-06-09 13:30:00+00:00,-0.023574070343376663,-0.02378295882888537,0.4865082698973696,-0.4857295754474126,0.0,1.0,8.169911757645814e-05
2022-06-10 13:30:00+00:00,-0.03026235780224762,-0.02899562770097297,0.4720897887869806,-0.4719498575128903,0.0,1.0,-0.0006448057853141975
2022-06-13 13:30:00+00:00,-0.040517328956921284,-0.037968125358493254,0.4535128618889675,-0.4545829964434144,0.0,1.0,-0.0012147182974655143
2022-06-14 13:30:00+00:00,-0.0026953428601392826,-0.0030133815212260995,0.4522264960352406,-0.45314904069611905,0.0,1.0,0.00014150696612003256
2022-06-15 13:30:00+00:00,0.01360352932609632,0.014256093906547473,0.4585224453504342,-0.459753635742167,0.0,1.0,-0.00031421125792498015
2022-06-16 13:30:00+00:00,-0.03501905488806856,-0.03309581279670881,0.4428405328687227,-0.44491458251417443,0.0,1.0,-0.0008470548009616407
2022-06-17 13:30:00+00:00,0.000460384543332637,0.0021557916153940315,0.44338192035704205,-0.4462133915610142,0.0,1.0,-0.0007612185710090256
2022-06-21 13:30:00+00:00,0.021358946178049454,0.0251734140363733,0.45365437700026306,-0.4582565309774549,0.0,1.0,-0.001768496262065881
2022-06-22 13:30:00+00:00,-0.0017126931635178533,-0.0018127576456588024,0.4528557665830337,-0.45740396594486354,0.0,1.0,4.778489916177877e-05
2022-06-23 13:30:00+00:00,0.01444693695238275,0.00980231724124181,0.458457021258716,-0.460941360822788,0.0,1.0,0.002052807545801949
2022-06-24 13:30:00+00:00,0.03302178583797777,0.03179404651880491,0.4733698550113108,-0.4753693604560171,0.0,1.0,0.0004779261225291985
2022-06-27 13:30:00+00:00,-0.00430811198060177,-0.003819851690748388,0.4714386926311607,-0.4736621981303767,0.0,1.0,-0.0002294422693144349
2022-06-28 13:30:00+00:00,-0.025441288588969657,-0.020432875929689676,0.4605138502666394,-0.46506364583623505,0.0,1.0,-0.0023216792852062285
2022-06-29 13:30:00+00:00,-0.0018645478569058183,-0.0008142239778178295,0.45987867199641114,-0.46491089704888505,0.0,1.0,-0.0004859365218912487
2022-06-30 13:30:00+00:00,-0.0060492480224405565,-0.008124242788220437,0.4566450493093347,-0.4606781560521222,0.0,1.0,0.000989176474425238
2022-07-01 13:30:00+00:00,0.005280351502511049,0.010576448622887202,0.5039986230665363,-0.5066538283058576,0.0826767946385431,1.0,-0.002695339338459729
2022-07-05 13:30:00+00:00,0.006766460246280914,0.0018884708613244872,0.5061700416940074,-0.5063712687677439,0.0,1.0,0.0024475332746735448
2022-07-06 13:30:00+00:00,0.005483007639530912,0.003377297738688112,0.5084068635793211,-0.5075438371193102,0.0,1.0,0.0010592152836116104
2022-07-07 13:30:00+00:00,0.017326092523675563,0.014977124209360593,0.5165950314610478,-0.5145273314645616,0.0,1.0,0.001201204886863245
2022-07-08 13:30:00+00:00,-0.0012103246477627172,-0.0008225064514366665,0.5160771267877083,-0.5142110843079798,0.0,1.0,-0.0002079980308713494
2022-07-11 13:30:00+00:00,-0.011598623384036055,-0.011423514422112424,0.5101513561881327,-0.5083967937967837,0.0,1.0,-0.00011763887407616034
2022-07-12 13:30:00+00:00,-0.009720713619683186,-0.00884879674697292,0.5054279958207561,-0.504133165006774,0.0,1.0,-0.00046628772202976786
2022-07-13 13:30:00+00:00,-0.004333267204286839,-0.005251869073630289,0.5030107146015494,-0.5012591878423479,0.0,1.0,0.00045153443891954244
2022-07-14 13:30:00+00:00,-0.0003551147458753512,-0.00242857204773661,0.5023133163922998,-0.4995259507969666,0.0,1.0,0.001032765149224392
2022-07-15 13:30:00+00:00,0.017147956164367262,0.019105211774668174,0.5114055644377719,-0.5095463612449865,0.0,1.0,-0.0009358547275978014
2022-07-18 13:30:00+00:00,-0.007337642892300544,-0.008256842004951248,0.507425330686257,-0.505112433081671,0.0,1.0,0.0004487800130655222
2022-07-19 13:30:00+00:00,0.02903917917601162,0.027019083336009553,0.5215963934910529,-0.518199629612053,0.0,1.0,0.0010815877918045646
2022-07-20 13:30:00+00:00,0.010261591797508629,0.006373034248616349,0.5258739411943598,-0.5204383820563303,0.0,1.0,0.0020439529049675704
2022-07-21 13:30:00+00:00,0.008210547657679257,0.010183398214745232,0.5307160391739829,-0.5262581936043468,0.0,1.0,-0.000988070615561802
2022-07-22 13:30:00+00:00,-0.012005736226863517,-0.009278286847041461,0.5251293734941493,-0.5221559455025147,0.0,1.0,-0.0014948146827739762
2022-07-25 13:30:00+00:00,-0.0015294749864634971,0.001215118413338212,0.5250842159387121,-0.523546221234238,0.0,1.0,-0.0014436059263830592
2022-07-26 13:30:00+00:00,-0.013702329542991887,-0.011831072713062496,0.5184112318212746,-0.5178734592851642,0.0,1.0,-0.0010067159334967541
2022-07-27 13:30:00+00:00,0.025455286748643724,0.025966431604272255,0.5317441815242401,-0.5314573544821991,0.0,1.0,-0.00025697158142030783
2022-07-28 13:30:00+00:00,0.015903638482042126,0.012542232709605416,0.5392382798258697,-0.5371641498031703,0.0,1.0,0.0017850530317915188
2022-07-29 13:30:00+00:00,0.010685174674422315,0.014578720077760288,0.5461335056646369,-0.5461286761842098,0.0,1.0,-0.002075262945666459
2022-08-01 13:30:00+00:00,-0.0025406428489480604,-0.002961242535648778,0.49865078385787154,-0.49844051728213584,0.09226218184884671,1.0,0.00015821637147355459
2022-08-02 13:30:00+00:00,-0.008462638329693184,-0.006597253191409025,0.494894854130876,-0.49561682735934576,0.0,1.0,-0.0009375153241924199
2022-08-03 13:30:00+00:00,0.012926614105957412,0.015659503414734655,0.5019797561957432,-0.5040683889290039,0.0,1.0,-0.0013697509790120933
2022-08-04 13:30:00+00:00,0.0023724974729877335,-0.0006758118247804923,0.5024042095696798,-0.5029603926820964,0.0,1.0,0.0015256486998492913
2022-08-05 13:30:00+00:00,-0.0017140075701076452,-0.001689817085598344,0.5015516945547481,-0.5021191009607487,0.0,1.0,-1.7165934475301202e-05
2022-08-08 13:30:00+00:00,-0.0005720335839661805,-0.0011610245514139805,0.5011194074787525,-0.5013906669975092,0.0,1.0,0.0002901158096164999
2022-08-09 13:30:00+00:00,-0.009652444381023195,-0.0039710615544553685,0.4977017891358107,-0.500827938209067,0.0,1.0,-0.002851926388415795
2022-08-10 13:30:00+00:00,0.025109530831574522,0.021004115561298553,0.5091948893027278,-0.5103411677779235,0.0,1.0,0.0019716581478129245
2022-08-11 13:30:00+00:00,-0.00330359428533078,0.0,0.5083709099783225,-0.5112041446361992,0.0,1.0,-0.0016881257073725116
2022-08-12 13:30:00+00:00,0.016895553596226076,0.016928689592040636,0.5169967009868891,-0.5198949490532592,0.0,1.0,-7.076070736227439e-05
2022-08-15 13:30:00+00:00,0.003736471268373398,0.004120808090858574,0.5190408666758195,-0.522150432256194,0.0,1.0,-0.00021659637432621374
2022-08-16 13:30:00+00:00,0.0017423963525236008,0.0019588622414026258,0.5200099299057336,-0.5232383429481616,0.0,1.0,-0.00012439823412446256
2022-08-17 13:30:00+00:00,-0.008538928397260781,-0.0070980255474375475,0.5159474413979664,-0.5199051211633412,0.0,1.0,-0.0007323208126370969
2022-08-18 13:30:00+00:00,0.004784684114450988,0.0029064270393017733,0.5179232172881291,-0.5209204655668563,0.0,1.0,0.0009516268437755015
2022-08-19 13:30:00+00:00,-0.015555489002097467,-0.01343809596827783,0.5104088870098463,-0.5144668158182882,0.0,1.0,-0.0010623220832814263
2022-08-22 13:30:00+00:00,-0.02015463804565143,-0.020822257508941844,0.4999121665831587,-0.5035433186973042,0.0,1.0,0.00041930176485412124
2022-08-23 13:30:00+00:00,-0.0031266440831556608,-0.0024193799632999946,0.4985239700582241,-0.5025013019723951,0.0,1.0,-0.00035073718278729984
2022-08-24 13:30:00+00:00,0.0030537040959544015,0.0032010019849038063,0.5000923809355674,-0.5041562501702346,0.0,1.0,-9.21153566845161e-05
2022-08-25 13:30:00+00:00,0.017526623927339502,0.014117636804103162,0.508023399805634,-0.5104358727477014,0.0,1.0,0.0016414838762111711
2022-08-26 13:30:00+00:00,-0.03711804368022831,-0.03384892578808485,0.48994316473572275,-0.4939411035035174,0.0,1.0,-0.0015850811493027287
2022-08-29 13:30:00+00:00,-0.009658174923069418,-0.006612333050425745,0.4859263973767048,-0.4913982433444088,0.0,1.0,-0.0014718060846721354
2022-08-30 13:30:00+00:00,-0.010176177440674339,-0.010977863164356338,0.4807682183086384,-0.48578820759047536,0.0,1.0,0.0004436770508746385
2022-08-31 13:30:00+00:00,-0.008310572624612544,-0.007608962009519438,0.4769182514013778,-0.48223897904223706,0.0,1.0,-0.00030506755858342925
2022-09-01 13:30:00+00:00,0.002073487090021864,0.0031378789740192925,0.5013167639033042,-0.5018492572799726,0.04084276955638516,1.0,-0.0005585697077292879
2022-09-02 13:30:00+00:00,-0.010087161289673352,-0.010544555271591372,0.4961463023002732,-0.4964438133815842,0.0,1.0,0.00022896179573364436
2022-09-06 13:30:00+00:00,-0.0009580341492975153,-0.0037731265076705878,0.4949820276388067,-0.4938832478651494,0.0,1.0,0.0013918678302353947
2022-09-07 13:30:00+00:00,0.017783944206074986,0.017965142911754883,0.5038230019517155,-0.5027940944482319,0.0,1.0,-7.590274803304461e-05
2022-09-08 13:30:00+00:00,0.007623241769473044,0.006536138676405567,0.507385475594674,-0.5058030034200081,0.0,1.0,0.0005484802449558333
2022-09-09 13:30:00+00:00,0.017426025666780864,0.01553531974882394,0.5157228375133307,-0.5131589717348704,0.0,1.0,0.0009779485516669092
2022-09-12 13:30:00+00:00,0.006099055751172866,0.010747551738482963,0.5201038876343498,-0.519909339923182,0.0,1.0,-0.002375732641592747
2022-09-13 13:30:00+00:00,-0.0454242588209518,-0.04348260688674177,0.49698760478596704,-0.4978122218684954,0.0,1.0,-0.0010242725420131981
2022-09-14 13:30:00+00:00,0.0011307582304949104,0.0038158129871628255,0.4982189536561525,-0.5003840651648542,0.0,1.0,-0.0013435378977608838
2022-09-15 13:30:00+00:00,-0.014077246695045176,-0.011353176521767372,0.49186378921234997,-0.4953661913768268,0.0,1.0,-0.001338554879221181
2022-09-16 13:30:00+00:00,-0.007579629907571994,-0.007628935571825646,0.48811366938942063,-0.49156494490999436,0.0,1.0,4.501889035646848e-05
2022-09-19 13:30:00+00:00,0.006749562962230282,0.007755108320128379,0.4916656288905368,-0.495636568798262,0.0,1.0,-0.0005235378308381758
2022-09-20 13:30:00+00:00,-0.014114522489605097,-0.011478573406658144,0.4853357681169782,-0.49056370111899755,0.0,1.0,-0.0012563772193186758
2022-09-21 13:30:00+00:00,-0.015926800812621655,-0.017443711027332,0.47721391323135315,-0.4816108290371089,0.0,1.0,0.0008214529558260314
2022-09-22 13:30:00+00:00,-0.01000180789721783,-0.008399867328483634,0.47278769506755725,-0.4779159071693908,0.0,1.0,-0.0007334871990992247
2022-09-23 13:30:00+00:00,-0.014603202575865226,-0.016754752623343916,0.46537287535541366,-0.4693935277009137,0.0,1.0,0.001097195931983821
2022-09-26 13:30:00+00:00,-0.011052882268115072,-0.009892906936214696,0.46046215645197475,-0.46498514253318185,0.0,1.0,-0.0005059974970233039
2022-09-27 13:30:00+00:00,-0.0014205607194955894,-0.0025527022339950634,0.4595658959116287,-0.46355392653255834,0.0,1.0,0.0005269017788966775
2022-09-28 13:30:00+00:00,0.023807208013300274,0.01967650843554991,0.46965496694490955,-0.4718192136921765,0.0,1.0,0.001813905753084299
2022-09-29 13:30:00+00:00,-0.02056695019286303,-0.020889169674434216,0.45990794327530815,-0.46187527377369963,0.0,1.0,0.00019058891653494174
2022-09-30 13:30:00+00:00,-0.016837006513599095,-0.015463547614675055,0.4524391891107461,-0.4550093229304167,0.0,1.0,-0.0006071951294940263
2022-10-03 13:30:00+00:00,0.027804568274410357,0.026401220600442032,0.5135687491152482,-0.512867530681569,0.09255148795883722,1.0,0.0006494457120523628
2022-10-04 13:30:00+00:00,0.028924356346223368,0.030986943296353875,0.528975382532017,-0.5293120670140069,0.0,1.0,-0.0010435039650295646
2022-10-05 13:30:00+00:00,0.00018180419384350444,-0.0023283681047501226,0.5283726998499503,-0.5273820912839687,0.0,1.0,0.0013226508963266848
2022-10-06 13:30:00+00:00,-0.008549973497737784,-0.010315731584194854,0.5233752930666532,-0.5214636775680475,0.0,1.0,0.0009168071343991527
2022-10-07 13:30:00+00:00,-0.02807337167583679,-0.02789408906142421,0.5087602788229879,-0.5069955479951367,0.0,1.0,-0.00015310724478162697
2022-10-10 13:30:00+00:00,-0.005852393819433588,-0.007635221088492461,0.5053342759767383,-0.5026783449786045,0.0,1.0,0.0008876052075149154
2022-10-11 13:30:00+00:00,-0.005791822514936706,-0.006333163797062724,0.5022815046324064,-0.49936956604736765,0.0,1.0,0.0002507854778622118
2022-10-12 13:30:00+00:00,-0.00391554244018133,-0.0032982133363256283,0.5004777704436658,-0.4978846646525254,0.0,1.0,-0.00032562956676613356
2022-10-13 13:30:00+00:00,0.020996941106693257,0.026390831702449047,0.5123373269967615,-0.51237540975225,0.0,1.0,-0.002637040501812663
2022-10-14 13:30:00+00:00,-0.02507271266713562,-0.022788635460856743,0.5000793849784096,-0.5012882386591836,0.0,1.0,-0.0011753025374393585
2022-10-17 13:30:00+00:00,0.026295439042485436,0.025697035724983275,0.5130946417047099,-0.5140350635692363,0.0,1.0,0.0002622328258120135
2022-10-18 13:30:00+00:00,0.011450075331604248,0.011749486812714816,0.5190581800099173,-0.5201634663684745,0.0,1.0,-0.0001706282818707265
2022-10-19 13:30:00+00:00,-0.008165467798495696,-0.007086370507650042,0.5151073777042975,-0.5167658716980891,0.0,1.0,-0.0005582341881385707
2022-10-20 13:30:00+00:00,-0.007858552748848613,-0.008385341114430567,0.5109166764833513,-0.5122895274184759,0.0,1.0,0.0002793072305218492
2022-10-21 13:30:00+00:00,0.025365249876224683,0.02430142975497107,0.5236121957613327,-0.5244744507397296,0.0,1.0,0.0005042088192106531
2022-10-24 13:30:00+00:00,0.012231198587959957,0.012236528220271659,0.5300268268742334,-0.5309024404146144,0.0,1.0,-1.9294048805936443e-05
2022-10-25 13:30:00+00:00,0.02153178260150268,0.015968577038605547,0.5398581593993342,-0.5378051198150037,0.0,1.0,0.0029287135085234485
2022-10-26 13:30:00+00:00,-0.004269118542594708,-0.007534187468909548,0.5366190509939578,-0.5328254109837007,0.0,1.0,0.0017412537348104704
2022-10-27 13:30:00+00:00,-0.00866373462961434,-0.005339901732513752,0.5329344531491844,-0.530941095195549,0.0,1.0,-0.0018098421007203002
2022-10-28 13:30:00+00:00,0.02369583967043698,0.02379058259238187,0.5455677040727818,-0.5435773967848461,0.0,1.0,-9.02100121669152e-06
2022-10-31 13:30:00+00:00,-0.009329333097234493,-0.007223186659951142,0.5411106821152697,-0.5402828285940511,0.0,1.0,-0.0011693742182335494
2022-11-01 13:30:00+00:00,-0.0003554336396418556,-0.0043758217274172395,0.4988427829739872,-0.4968365283012455,0.08139351070932077,1.0,0.0019635449075806506
2022-11-02 13:30:00+00:00,-0.027906194090237535,-0.025096307784670757,0.48563002485698675,-0.4850750020538933,0.0,1.0,-0.0014579934702233686
2022-11-03 13:30:00+00:00,-0.009142434135904653,-0.010296852715465765,0.4809261784937441,-0.4798168593192585,0.0,1.0,0.0005489529544780704
2022-11-04 13:30:00+00:00,0.01623938725797114,0.014392941377370905,0.488297624821039,-0.48628614146810506,0.0,1.0,0.0008980181460473707
2022-11-07 14:30:00+00:00,0.011530678231894687,0.009565953537332694,0.4934480705239504,-0.49046088053249065,0.0,1.0,0.0009726597771247662
2022-11-08 14:30:00+00:00,0.005924013082213353,0.005395405403489706,0.4962367806213944,-0.4929735174509382,0.0,1.0,0.0002710051591991194
2022-11-09 14:30:00+00:00,-0.020701311534060407,-0.02060212997845845,0.48602351775282016,-0.48287631707256184,0.0,1.0,-0.00012240008879297308
2022-11-10 14:30:00+00:00,0.06451027400288822,0.05495414374825325,0.5148995869518727,-0.5069730689785859,0.0,1.0,0.004811503380096976
2022-11-11 14:30:00+00:00,0.014294286303004,0.009678397055140397,0.520984608054825,-0.5106299973606035,0.0,1.0,0.002447483074398355
2022-11-14 14:30:00+00:00,-0.008185784520360007,-0.008506626447184473,0.5166821612802515,-0.5062492425252895,0.0,1.0,7.311851936005442e-05
2022-11-15 14:30:00+00:00,0.01123121460801113,0.008529136917040159,0.5217134387788221,-0.5098130233508747,0.0,1.0,0.0014791467528710793
2022-11-16 14:30:00+00:00,-0.014135477633798521,-0.007628749121375122,0.5161408166308453,-0.5076963513113627,0.0,1.0,-0.003491385372108955
2022-11-17 14:30:00+00:00,-0.001792252312624698,-0.0030599906046021585,0.5148952196458878,-0.505827907590042,0.0,1.0,0.0006225391118045529
2022-11-18 14:30:00+00:00,0.0037620056811324964,0.004540354199351837,0.517021256285132,-0.5083103590705897,0.0,1.0,-0.00036555150383238676
2022-11-21 14:30:00+00:00,-0.005451333363194255,-0.003636073652512617,0.5147052324788233,-0.506956973092157,0.0,1.0,-0.0009761537009043293
2022-11-22 14:30:00+00:00,0.016358131098886286,0.013457033317886724,0.5222936040834949,-0.5129627162587101,0.0,1.0,0.001591526411582793
2022-11-23 14:30:00+00:00,0.006404394036152006,0.006301549963531716,0.5255825712719336,-0.5161401757855715,0.0,1.0,0.00010656147622708562
2022-11-25 14:30:00+00:00,-0.001842000788677134,-0.00022380538794941618,0.525065248273978,-0.5164680801533974,0.0,1.0,-0.0008585609394722689
2022-11-28 14:30:00+00:00,-0.01358947954487566,-0.015956776206831336,0.5173608656088509,-0.5076685554512503,0.0,1.0,0.001099849740882925
2022-11-29 14:30:00+00:00,-0.0005954188671264404,-0.001717599969679462,0.5167644787199988,-0.5065139629953183,0.0,1.0,0.0005579726940015264
2022-11-30 14:30:00+00:00,0.03165425499868335,0.03150038107916586,0.5329109957585735,-0.5222622900853912,0.0,1.0,0.0003964593464410962
2022-12-01 14:30:00+00:00,-0.0002474409611181727,-0.0007355800783869215,0.4997710624504057,-0.49952704426505035,0.05517328584396464,1.0,0.00021053053476001113
2022-12-02 14:30:00+00:00,-0.00033013420381999836,-0.0011537267048969957,0.49940362578906433,-0.49874854698649207,0.0,1.0,0.0004053737880401319
2022-12-05 14:30:00+00:00,-0.016423002314066126,-0.017989424576532742,0.49082666222865884,-0.48940218003314445,0.0,1.0,0.0007645400857295962
2022-12-06 14:30:00+00:00,-0.016277957975726176,-0.014414798837213083,0.4832917715290456,-0.4828018501355994,0.0,1.0,-0.000940974186405117
2022-12-07 14:30:00+00:00,-0.0012794836466505366,-0.001701026966333119,0.4825783673399723,-0.4818856873165334,0.0,1.0,0.0001969426672916136
2022-12-08 14:30:00+00:00,0.00845523397714909,0.007833946623603483,0.486513069966631,-0.4855154422719959,0.0,1.0,0.00029929387410148673
2022-12-09 14:30:00+00:00,-0.009315771311396714,-0.007470261368520803,0.4824204405624889,-0.48232804591901124,0.0,1.0,-0.0009112696285422818
2022-12-12 14:30:00+00:00,0.016669371051637683,0.014417150605379847,0.48993202996112356,-0.48875306159241194,0.0,1.0,0.0010818968664653174
2022-12-13 14:30:00+00:00,0.008704296273840617,0.007570126378531938,0.49392062032195505,-0.4921780343305704,0.0,1.0,0.0005586387177244338
2022-12-14 14:30:00+00:00,-0.004017439275372792,-0.006393608831933406,0.49136803480852215,-0.4884663070686723,0.0,1.0,0.0011565453472292622
2022-12-15 14:30:00+00:00,-0.025882250640564597,-0.024461876291152485,0.4790214990795829,-0.47688702567807567,0.0,1.0,-0.000774860638718256
2022-12-16 14:30:00+00:00,-0.011646058837726292,-0.011806117011975203,0.4734212368162508,-0.47123539144858856,0.0,1.0,4.551908287913129e-05
2022-12-19 14:30:00+00:00,-0.010735850538891367,-0.008479598757734519,0.468850944807733,-0.46775058974309996,0.0,1.0,-0.0010926449814207533
2022-12-20 14:30:00+00:00,0.001588206488514432,0.0013682850144740577,0.46954924949673243,-0.4683443973169312,0.0,1.0,9.866360928049593e-05
2022-12-21 14:30:00+00:00,0.017882281766003816,0.014952485782302238,0.4772835128786353,-0.47468856279173477,0.0,1.0,0.0013877466594614891
2022-12-22 14:30:00+00:00,-0.015404481551821059,-0.014266308109053716,0.4702068450169179,-0.4681909649892607,0.0,1.0,-0.0005862041574488873
2022-12-23 14:30:00+00:00,0.00588902303544625,0.005752461730033964,0.4729428660843398,-0.47085132383007783,0.0,1.0,6.985595232835942e-05
2022-12-27 14:30:00+00:00,-0.0031457424643869247,-0.003943595901320873,0.4712839682679425,-0.46882422834626014,0.0,1.0,0.0003631385127650547
2022-12-28 14:30:00+00:00,-0.013324014584309873,-0.012427915953598045,0.46521803385815264,-0.46321025905126223,0.0,1.0,-0.0004588387406080998
2022-12-29 14:30:00+00:00,0.01750172510629211,0.01800035893444263,0.47345568833443186,-0.47164338061269634,0.0,1.0,-0.00020178516291616977
2022-12-30 14:30:00+00:00,-0.0049768222180729405,-0.002634003524712103,0.4716275813662729,-0.4709284851559785,0.0,1.0,-0.0011199468429872249
2023-01-03 14:30:00+00:00,-0.0028080241856621724,-0.004209929474814134,0.49826400541424254,-0.49756351948823635,0.057443933477748566,1.0,0.0006662782968847253
2023-01-04 14:30:00+00:00,0.008095698160713205,0.007720286246805985,0.5022041344063183,-0.5013113527970805,0.0,1.0,0.00018650981481188367
2023-01-05 14:30:00+00:00,-0.011609475286076809,-0.011413533483160765,0.4964306715494227,-0.49564639268131316,0.0,1.0,-0.00011454495727003191
2023-01-06 14:30:00+00:00,0.0256997898107989,0.022932117600482194,0.508484081526155,-0.5063108721556354,0.0,1.0,0.0013859901682788786
2023-01-09 14:30:00+00:00,-0.0007748559714803038,-0.0005668859645515667,0.5081474666137907,-0.506081005269827,0.0,1.0,-0.00011293378080070741
2023-01-10 14:30:00+00:00,0.0072380750809901695,0.00701294933173946,0.5117625617355369,-0.5095674811796518,0.0,1.0,0.00012293668690011446
2023-01-11 14:30:00+00:00,0.014372598136022985,0.0126479194204423,0.5186488342747316,-0.5155461706823868,0.0,1.0,0.0009044368186961609
2023-01-12 14:30:00+00:00,0.004722850841255122,0.003640823509266866,0.5208032815063708,-0.5171302103764228,0.0,1.0,0.0005665360839850814
2023-01-13 14:30:00+00:00,0.00218248994601411,0.0038794321593838,0.5223972757219741,-0.5195912716457186,0.0,1.0,-0.000875476023936775
2023-01-17 14:30:00+00:00,-0.0020939192325339917,-0.0018318268869130794,0.5213805869458062,-0.5187162449644842,0.0,1.0,-0.00014800882200400022
2023-01-18 14:30:00+00:00,-0.013933111753119398,-0.015788222826177645,0.513643990740894,-0.5100577915232999,0.0,1.0,0.0009192012942821408
2023-01-19 14:30:00+00:00,-0.008597096227426437,-0.00727980952621643,0.5095892774262107,-0.506703756555693,0.0,1.0,-0.0007086756263389485
2023-01-20 14:30:00+00:00,0.020090803585884442,0.018629281744317217,0.519415657742711,-0.5157345234202373,0.0,1.0,0.0007925786595104691
2023-01-23 14:30:00+00:00,0.013298462600545458,0.011998413067858982,0.5259478334067947,-0.5215504027163667,0.0,1.0,0.000713481472325382
2023-01-24 14:30:00+00:00,-0.0006643805482274834,-0.001073400297770144,0.5254909670234278,-0.5208840753664692,0.0,1.0,0.0002044504667276421
2023-01-25 14:30:00+00:00,-0.00116362003120285,0.0003749055259607559,0.5253064151537591,-0.5215031867219618,0.0,1.0,-0.0008127065146368459
2023-01-26 14:30:00+00:00,0.010734667819092936,0.010990476615651001,0.5309977248081234,-0.5272867094346785,0.0,1.0,-9.85310896934488e-05
2023-01-27 14:30:00+00:00,0.002387660202592956,0.0022975584626789836,0.5322387326837924,-0.5284715371500578,0.0,1.0,5.0417712719581624e-05
2023-01-30 14:30:00+00:00,-0.013470296664365944,-0.012546751360647534,0.5253555143701225,-0.5221253718154023,0.0,1.0,-0.000544765028668245
2023-01-31 14:30:00+00:00,0.016651531808993925,0.014703403131767212,0.5335352723763065,-0.5292387513929454,0.0,1.0,0.0010650018504863715
2023-02-01 14:30:00+00:00,0.012038263679177152,0.010627494125280856,0.5056813137720918,-0.5049763999095958,0.0627740237692519,1.0,0.0006680453841111411
2023-02-02 14:30:00+00:00,0.02120082801929901,0.014557216885749957,0.5146708959050323,-0.5106098313019147,0.0,1.0,0.003363859209233728
2023-02-03 14:30:00+00:00,-0.011489653843147485,-0.010629277193988429,0.5090079014109057,-0.50543105425378,0.0,1.0,-0.0004919293831600744
2023-02-06 14:30:00+00:00,-0.008817528024490984,-0.006111064025922874,0.5052297711539908,-0.5030493294576616,0.0,1.0,-0.0014054222830958377
2023-02-07 14:30:00+00:00,0.01221173213632798,0.013078531700019935,0.51161200922289,-0.5098402475621975,0.0,1.0,-0.00041536835030735983
2023-02-08 14:30:00+00:00,-0.01390220132325648,-0.010934725802802747,0.5052793860320574,-0.5050448321735587,0.0,1.0,-0.0015435222222390471
2023-02-09 14:30:00+00:00,-0.010046846551655886,-0.008669356891414015,0.5005553139884871,-0.5010191372238127,0.0,1.0,-0.0007040029418544838
2023-02-10 14:30:00+00:00,0.0015550700699138442,0.002333822917658157,0.5015327427041871,-0.5023877966198238,0.0,1.0,-0.00039684373847080943
2023-02-13 14:30:00+00:00,0.014545948277921772,0.011738856264224884,0.5081207796501165,-0.5075787767556241,0.0,1.0,0.0013918588206862168
2023-02-14 14:30:00+00:00,-0.001369313815250628,-0.00045999635868432254,0.5076627132699773,-0.5075829654483203,0.0,1.0,-0.0004682447952901758
2023-02-15 14:30:00+00:00,0.0004839047972911015,0.0032472898966542374,0.5086248027500738,-0.5099495294999014,0.0,1.0,-0.0014085609940093493
2023-02-16 14:30:00+00:00,-0.013785829929050086,-0.013768954998485405,0.5016111293959805,-0.5029261941790957,0.0,1.0,3.704713821402208e-06
2023-02-17 14:30:00+00:00,-0.004005710822602149,-0.00249806075096759,0.49998126671132875,-0.5020508711047981,0.0,1.0,-0.0007589213243992431
2023-02-21 14:30:00+00:00,-0.02150340517782634,-0.02006094338822695,0.48956563177072354,-0.4923168081315259,0.0,1.0,-0.000685638037125562
2023-02-22 14:30:00+00:00,-0.002264712958249371,-0.0013782368452914806,0.48867003901442974,-0.4918527999984259,0.0,1.0,-0.00043614884661391306
2023-02-23 14:30:00+00:00,0.009751837474304637,0.0053194692655200715,0.4923802582664586,-0.4934117736814738,0.0,1.0,0.0021430825653268263
2023-02-24 14:30:00+00:00,-0.011655841384404786,-0.010682377041181801,0.48687205015628804,-0.48837257277925217,0.0,1.0,-0.00047424796909471925
2023-02-27 14:30:00+00:00,0.0016007264974264857,0.0034058616506291717,0.4880857626803066,-0.49047238966622825,0.0,1.0,-0.0008899328062588127
2023-02-28 14:30:00+00:00,-0.0012618485721739292,-0.003696023919555591,0.48689000827730566,-0.48807831268482355,0.0,1.0,0.001190954980399021
2023-03-01 14:30:00+00:00,-0.0029473660893034603,-0.0038359462458492644,0.4983141239093365,-0.4978700229389638,0.02503167903787079,1.0,0.0004258218578015857
2023-03-02 14:30:00+00:00,0.009712887490133548,0.007777275140007589,0.5026706014487291,-0.501259860805697,0.0,1.0,0.0009620444869652614
2023-03-03 14:30:00+00:00,0.015558446187380337,0.016037916364971094,0.5106059256138338,-0.5094133076378811,0.0,1.0,-0.0002243426030530406
2023-03-06 14:30:00+00:00,0.0009882307673834134,0.0006926625151135735,0.5110360168290028,-0.5096918498398536,0.0,1.0,0.0001457926018467169
2023-03-07 14:30:00+00:00,-0.013988407070397502,-0.015328714360699602,0.5035559015499509,-0.5015487151222626,0.0,1.0,0.0006583885661807283
2023-03-08 14:30:00+00:00,0.0034216644540576713,0.0016322228747125411,0.5048253619056021,-0.501916428842308,0.0,1.0,0.0008984076624068095
2023-03-09 14:30:00+00:00,-0.016466944633434788,-0.018449873334434264,0.49604544804394934,-0.49219277867292693,0.0,1.0,0.0009414108716065613
2023-03-10 14:30:00+00:00,-0.016489391708760515,-0.014429451153161188,0.488395072144083,-0.48561680893077386,0.0,1.0,-0.0010833684212969996
2023-03-13 13:30:00+00:00,-0.0003437409079133369,-0.001425390543362881,0.4879742445171622,-0.4846733800978448,0.0,1.0,0.0005183598606763965
2023-03-14 13:30:00+00:00,0.017803397227116324,0.016530138507036662,0.49632933849730954,-0.4923552552228889,0.0,1.0,0.0006699288270976474
2023-03-15 13:30:00+00:00,-0.004816658524078199,-0.006254228527553418,0.4936017071974787,-0.48894215166222615,0.0,1.0,0.0006827009629302953
2023-03-16 13:30:00+00:00,0.01757657395095724,0.017545197336429785,0.5022316863847323,-0.4974753246763212,0.0,1.0,9.128799091050866e-05
2023-03-17 13:30:00+00:00,-0.0071761747902786555,-0.01169268066133522,0.49752965281428296,-0.49057591862398936,0.0,1.0,0.002206765360668649
2023-03-20 13:30:00+00:00,0.008656858707748905,0.00961552415176592,0.502045574322797,-0.4954992171870117,0.0,1.0,-0.0004160530674274878
2023-03-21 13:30:00+00:00,0.011082388212042993,0.01313050228293533,0.5080912317378955,-0.5024818451937175,0.0,1.0,-0.0009482420286357876
2023-03-22 13:30:00+00:00,-0.016564882993940544,-0.017046584438314527,0.4996032292326333,-0.4938455396469353,0.0,1.0,0.00014317501787704403
2023-03-23 13:30:00+00:00,0.006766562491306027,0.0027035729538589237,0.5019600798048385,-0.4941728232756268,0.0,1.0,0.0020394966461352035
2023-03-24 13:30:00+00:00,0.00425813736877112,0.006561910400293192,0.504658298935233,-0.4979689116047377,0.0,1.0,-0.0011112551960986495
2023-03-27 13:30:00+00:00,-0.000332429299012893,0.0018698398938543637,0.505048532400879,-0.4994518469825874,0.0,1.0,-0.0011048377223262353
2023-03-28 13:30:00+00:00,-0.0027444062751359466,-0.0022445277907262584,0.5037989920754341,-0.49846588631800764,0.0,1.0,-0.0002709771918395775
2023-03-29 13:30:00+00:00,0.013509933164080667,0.014534887692740028,0.5108325048373218,-0.505936076077637,0.0,1.0,-0.00044480734617642035
2023-03-30 13:30:00+00:00,0.005924521240616265,0.005855177460335481,0.5138290687710312,-0.5088688358836722,0.0,1.0,5.8140135333185395e-05
2023-03-31 13:30:00+00:00,0.014887606200779668,0.01409471676126306,0.5212330597973077,-0.5157980660848152,0.0,1.0,0.0004713703390100504
2023-04-03 13:30:00+00:00,0.004513561056107784,0.003810404735610007,0.5020925409283604,-0.5017410777353126,0.03703112588212287,1.0,0.0003271102163554464
2023-04-04 13:30:00+00:00,-0.0090669257615269,-0.005547954940158029,0.4984246849840313,-0.49984454058464595,0.0,1.0,-0.001774751284064391
2023-04-05 13:30:00+00:00,-0.001052513961192214,-0.002618448093366643,0.4975128888458097,-0.4981480320915196,0.0,1.0,0.0007782656637726867
2023-04-06 13:30:00+00:00,0.0023507392615587097,0.003900931366962457,0.4990715233126839,-0.5004814840661527,0.0,1.0,-0.000779670583787471
2023-04-10 13:30:00+00:00,0.003557985758858795,0.0010262811264352134,0.5002188865961184,-0.5003666071261198,0.0,1.0,0.001256102290418735
2023-04-11 13:30:00+00:00,0.001853425776118467,0.00026864910716284385,0.5007520419329402,-0.5001075739578495,0.0,1.0,0.0007867431549076116
2023-04-12 13:30:00+00:00,-0.0050672089105824325,-0.0040759133032660655,0.498466338505257,-0.49832081714099874,0.0,1.0,-0.0005049724760684064
2023-04-13 13:30:00+00:00,0.011721830047863868,0.013282620818763524,0.5047039653784449,-0.5053350062571326,0.0,1.0,-0.0007820211365930581
2023-04-14 13:30:00+00:00,-0.0011985734514402546,-0.002442792163656282,0.5037849049032579,-0.5037864412044162,0.0,1.0,0.0006235512386145154
2023-04-17 13:30:00+00:00,0.001360076512597841,0.0035884055441717244,0.5050400571201983,-0.5061654675526649,0.0,1.0,-0.0011285564230885925
2023-04-18 13:30:00+00:00,0.0015978424835267901,0.0006522691739447861,0.505608957538847,-0.5062572443873635,0.0,1.0,0.0004708659467971155
2023-04-19 13:30:00+00:00,-0.0024726418513266735,-0.00016910178092655048,0.5049498282326176,-0.5067648204570612,0.0,1.0,-0.001170533248135714
2023-04-20 13:30:00+00:00,-7.983606825556766e-05,-0.005457084259788525,0.5035402919199828,-0.5026326071979501,0.0,1.0,0.0027191927352259895
2023-04-21 13:30:00+00:00,-0.001519596234746623,0.0007769577115002146,0.5033598442632632,-0.5036081501988197,0.0,1.0,-0.001161654592811108
2023-04-24 13:30:00+00:00,0.0015219089218139192,0.0010430841660857837,0.5040075662006691,-0.504015108214804,0.0,1.0,0.00023480976953060433
2023-04-25 13:30:00+00:00,-0.017113254799279276,-0.01587375705628946,0.4956949161844451,-0.496327453564986,0.0,1.0,-0.0006305489016078075
2023-04-26 13:30:00+00:00,-0.007566713555355431,-0.004235687700674062,0.4927593783933143,-0.495044189220418,0.0,1.0,-0.001654445731993908
2023-04-27 13:30:00+00:00,0.023610530822827158,0.01990807568635411,0.5035009912325621,-0.5040059734311583,0.0,1.0,0.0017729809237502293
2023-04-28 13:30:00+00:00,0.010652033937613714,0.008535243352076005,0.5083277387715993,-0.5077718117633119,0.0,1.0,0.0010555436311441263
2023-05-01 13:30:00+00:00,0.0019809708616318478,-0.0010098799449890228,0.5002494043338925,-0.4987561910115107,0.01609955053491119,1.0,0.0014814232470905988
2023-05-02 13:30:00+00:00,-0.013761415447737235,-0.011238973712599298,0.4939998490230277,-0.49378499185920177,0.0,1.0,-0.0012845845416996368
2023-05-03 13:30:00+00:00,-0.0064956527787085605,-0.006864130899539633,0.49070531991728333,-0.4903099784520901,0.0,1.0,0.0001746009474092529
2023-05-04 13:30:00+00:00,-0.011380984320646381,-0.0070830062785938175,0.48615017593953963,-0.4878703182764263,0.0,1.0,-0.002117793277155395
2023-05-05 13:30:00+00:00,0.016819042814706142,0.018512529319208992,0.494752780923938,-0.4973302756512788,0.0,1.0,-0.0008610853285125048
2023-05-08 13:30:00+00:00,8.029627167793763e-05,0.0002666828787665221,0.49484142529993,-0.49751208670152675,0.0,1.0,-9.885504685032827e-05
2023-05-09 13:30:00+00:00,-0.004014300974969576,-0.0043853439168682895,0.492761670180294,-0.49523654373604203,0.0,1.0,0.0001893668059957646
2023-05-10 13:30:00+00:00,0.004836614849719867,0.004672368604914157,0.495113569305312,-0.4975189195853023,0.0,1.0,6.34183514559128e-05
2023-05-11 13:30:00+00:00,-0.0010429303542034418,-0.0017441051832430832,0.49442642348296517,-0.49647970819405024,0.0,1.0,0.0003454039752513242
2023-05-12 13:30:00+00:00,0.0008834642914099522,-0.0013102678666140344,0.49432867585449747,-0.49529358763411485,0.0,1.0,0.0010813771169969303
2023-05-15 13:30:00+00:00,0.00433280379870582,0.00345006829145289,0.4962585628713531,-0.49679021512998517,0.0,1.0,0.0004270800819428007
2023-05-16 13:30:00+00:00,-0.008228888790163147,-0.006682569775486535,0.4925540614739945,-0.49385053297084586,0.0,1.0,-0.0007697736296018396
2023-05-17 13:30:00+00:00,0.012566580363795543,0.012138936769260367,0.4986495631211515,-0.49975092671436205,0.0,1.0,0.00018894742287583148
2023-05-18 13:30:00+00:00,0.010580536006423724,0.0096332720942236,0.5036959628831995,-0.5043352920753503,0.0,1.0,0.0004557906198585751
2023-05-19 13:30:00+00:00,-0.0024402681807721427,-0.0014551541100500387,0.5027187823798287,-0.5038539481977354,0.0,1.0,-0.0005012200388529062
2023-05-22 13:30:00+00:00,0.0012625762851956601,0.0004061867374409722,0.503140116618635,-0.5038449215006067,0.0,1.0,0.00042410964043763786
2023-05-23 13:30:00+00:00,-0.012058445419088182,-0.011222767954280233,0.49728114381650906,-0.49839896950999896,0.0,1.0,-0.00041850537640800606
2023-05-24 13:30:00+00:00,-0.007100314150272791,-0.0072449207352369704,0.4937137288596377,-0.494751469015406,0.0,1.0,7.405630556715114e-05
2023-05-25 13:30:00+00:00,0.016631949735477214,0.008660023577043763,0.49996483358873245,-0.497086994955563,0.0,1.0,0.003920910154705686
2023-05-26 13:30:00+00:00,0.013830597066824213,0.012950661488528636,0.5066408890126713,-0.5032874239556633,0.0,1.0,0.000471254377975759
2023-05-30 13:30:00+00:00,0.0001559720612351878,0.0003808365414137427,0.5067800153512066,-0.5035388143032753,0.0,1.0,-0.00011860079906335343
2023-05-31 13:30:00+00:00,-0.00935310871318118,-0.005545263288205038,0.5030227851139538,-0.5017267653528295,0.0,1.0,-0.001953665657057598
2023-06-01 13:30:00+00:00,0.008890662445926845,0.009501040165452501,0.5046035325121102,-0.5049088170834756,0.00474955046678327,1.0,-0.00031351601594860085
2023-06-02 13:30:00+00:00,0.01442709602871406,0.014461215207291822,0.5118976162262907,-0.5122245412594216,0.0,1.0,-2.7583824875112246e-05
2023-06-05 13:30:00+00:00,-0.004843039197617971,-0.0019162097000630096,0.5101855721382695,-0.5120128551925105,0.0,1.0,-0.0015035629669318791
2023-06-06 13:30:00+00:00,0.002317580748599113,0.002177387434340261,0.5113364733840802,-0.5130961021535038,0.0,1.0,6.159352213144445e-05
2023-06-07 13:30:00+00:00,-0.005913604681693996,-0.003457724968653264,0.5089516962791718,-0.5119648050145758,0.0,1.0,-0.001255648940142539
2023-06-08 13:30:00+00:00,0.00427673301078757,0.006048552856186884,0.5116020637298733,-0.515538813354157,0.0,1.0,-0.0009259480442169906
2023-06-09 13:30:00+00:00,0.001393814019584827,0.0017944097900284284,0.512426831510561,-0.5165764953694312,0.0,1.0,-0.00021796214589949147
2023-06-12 13:30:00+00:00,0.011521126408917004,0.009071722967656015,0.5177033459144836,-0.520631966180228,0.0,1.0,0.0012115430626074882
2023-06-13 13:30:00+00:00,0.0062681574591012534,0.006592959906466023,0.5210491691504201,-0.524165851809655,0.0,1.0,-0.00019341197070765125
2023-06-14 13:30:00+00:00,0.0047096445110403895,0.0011908620144434057,0.5225501013646516,-0.523834694033205,0.0,1.0,0.0018237947763305611
2023-06-15 13:30:00+00:00,0.011794840281380337,0.012397724409938915,0.5288916881935061,-0.530507788539801,0.0,1.0,-0.0003369155693255592
2023-06-16 13:30:00+00:00,-0.0023910266701757665,-0.003406253219155997,0.5273441753091032,-0.5284172502231548,0.0,1.0,0.0005364973494436863
2023-06-20 13:30:00+00:00,-0.004419736708284883,-0.005188220676807687,0.5248009764589627,-0.5254629604611359,0.0,1.0,0.0004048705131233903
2023-06-21 13:30:00+00:00,-0.002859154806060804,-0.00512369232196086,0.5226806574322928,-0.5221514457093378,0.0,1.0,0.001185870920969118
2023-06-22 13:30:00+00:00,0.002716533523998921,0.0036097097061593697,0.5243474458776873,-0.5242831394870265,0.0,1.0,-0.0004708879943539057
2023-06-23 13:30:00+00:00,-0.006320694748976785,-0.007560143192721691,0.5206981556912417,-0.5199848927986649,0.0,1.0,0.000643463079300732
2023-06-26 13:30:00+00:00,-0.005377070033000253,-0.004085668964951439,0.5182514082117676,-0.5182134637782285,0.0,1.0,-0.0006812966914071505
2023-06-27 13:30:00+00:00,0.013552465118655377,0.010963382020643841,0.5245740252776131,-0.5231957106693311,0.0,1.0,0.0013362595798898289
2023-06-28 13:30:00+00:00,-0.0023287018028773643,0.0005042377980517543,0.5241341130179669,-0.5242413498682134,0.0,1.0,-0.0014913439124570208
2023-06-29 13:30:00+00:00,0.004442581657150946,0.003941568962213093,0.5263277644502546,-0.5261728658260262,0.0,1.0,0.0002562227820790745
2023-06-30 13:30:00+00:00,0.011019370269071738,0.01180084074808363,0.5323487207585124,-0.5326034096169152,0.0,1.0,-0.00041543405715796267
2023-07-03 13:30:00+00:00,-0.0013342919213500393,0.0011502990763305743,0.49997318166493127,-0.5012170702416566,0.06495213037542757,1.0,-0.0012807239449804015
2023-07-05 13:30:00+00:00,-0.0008911062335453801,-0.001487096684625211,0.4993808960644836,-0.5003246782610179,0.0,1.0,0.0002938766436944111
2023-07-06 13:30:00+00:00,-0.007877054371666858,-0.007830787228407465,0.49545798055862866,-0.49641749791467465,0.0,1.0,-2.1666750840580888e-05
2023-07-07 13:30:00+00:00,-0.00464379830186723,-0.00252473617508453,0.49367723104422045,-0.49568634859104355,0.0,1.0,-0.0010534360947869795
2023-07-10 13:30:00+00:00,0.006471698276461879,0.0025311266019802936,0.4959129005394622,-0.49598160001651326,0.0,1.0,0.0019343328011677062
2023-07-11 13:30:00+00:00,0.006728854417775931,0.006368614939907591,0.49916384153421345,-0.4990543499881622,0.0,1.0,0.0001722575028902179
2023-07-12 13:30:00+00:00,0.00920896312250341,0.008045897930127222,0.5034708811571051,-0.5027803459590491,0.0,1.0,0.0005754886662325871
2023-07-13 13:30:00+00:00,0.009493063456782469,0.007936721564614668,0.5078526622384582,-0.5063742313916897,0.0,1.0,0.0007831010284765947
2023-07-14 13:30:00+00:00,0.0005101471400759117,-0.0006226043718439156,0.5078230961830957,-0.5057714810768016,0.0,1.0,0.000568398012522075
2023-07-17 13:30:00+00:00,0.005610019630019281,0.0034722158570845707,0.5101175992404277,-0.5069766479303444,0.0,1.0,0.001086797400555936
2023-07-18 13:30:00+00:00,0.005506712122081758,0.007430435704876004,0.513421577089372,-0.5112365061230623,0.0,1.0,-0.0009639389998478553
2023-07-19 13:30:00+00:00,0.0002160976398142278,0.0022237857265108296,0.5140629794563232,-0.5129026424113546,0.0,1.0,-0.0010318836351014013
2023-07-20 13:30:00+00:00,-0.007276287409494597,-0.006634494654053635,0.5104979025255808,-0.5096749028665171,0.0,1.0,-0.0003435725269295894
2023-07-21 13:30:00+00:00,0.0008709953075984878,0.0,0.5107184972691352,-0.5094514121885888,0.0,1.0,0.0004386888966862701
2023-07-24 13:30:00+00:00,0.004423021226481971,0.0044672714519085055,0.5129891590513342,-0.511738984348194,0.0,1.0,-2.2891376578576785e-05
2023-07-25 13:30:00+00:00,0.0062079865959610014,0.002730206093003673,0.5152558479323791,-0.5122235983261827,0.0,1.0,0.0017815245492166577
2023-07-26 13:30:00+00:00,-0.0003587748995430573,0.00015357195642540233,0.5152098239693816,-0.5124403521010069,0.0,1.0,-0.0002694764261555044
2023-07-27 13:30:00+00:00,-0.004449388083380912,-0.006629910097008751,0.5123543204123688,-0.5084840374076364,0.0,1.0,0.0010991126323466602
2023-07-28 13:30:00+00:00,0.00872224260998955,0.009790264913791757,0.5170896383894983,-0.5137269374412525,0.0,1.0,-0.0005152671266945367
2023-07-31 13:30:00+00:00,0.00028602492998253126,0.001904141921175606,0.5176704464451725,-0.515135934453776,0.0,1.0,-0.0008362608509563793
2023-08-01 13:30:00+00:00,0.0,-0.002861648273700834,0.4992967562140421,-0.49786794451355776,0.032806380898948495,1.0,0.0014084685654485618
2023-08-02 13:30:00+00:00,-0.015574729963217848,-0.013910664167092524,0.49194178604450584,-0.49136321706317976,0.0,1.0,-0.0008566907548079439
2023-08-03 13:30:00+00:00,-0.001886950117278463,-0.002865940285978974,0.4907808884288858,-0.48972287291434935,0.0,1.0,0.00047399564700636017
2023-08-04 13:30:00+00:00,-0.0055985978080214105,-0.004522815605686459,0.48829625415436617,-0.4877707140797429,0.0,1.0,-0.0005387109350505158
2023-08-07 13:30:00+00:00,0.011187562970856213,0.008728562671913798,0.4931676159715325,-0.49143884146763955,0.0,1.0,0.0011993554634636189
2023-08-08 13:30:00+00:00,-0.003977459430676955,-0.004348656030964793,0.4911227713348005,-0.4892187754364714,0.0,1.0,0.00016959191579577778
2023-08-09 13:30:00+00:00,-0.006243478984777728,-0.006685170505201343,0.4879597216214057,-0.48585194734998943,0.0,1.0,0.00019824384541161237
2023-08-10 13:30:00+00:00,-0.0011690171671419058,0.0003588756886594435,0.4877554688579508,-0.4863914643090465,0.0,1.0,-0.0007507461245933488
2023-08-11 13:30:00+00:00,-0.003949632991618546,-0.0005830881007901079,0.48663137079060653,-0.4869106727708389,0.0,1.0,-0.0016487983974316342
2023-08-14 13:30:00+00:00,0.010794419093558494,0.005520036262399719,0.49062866373904473,-0.4883486622769776,0.0,1.0,0.0025591860091898114
2023-08-15 13:30:00+00:00,-0.008863050958395013,-0.011648972665925128,0.4856321979433897,-0.48201672738194995,0.0,1.0,0.0013343409889848268
2023-08-16 13:30:00+00:00,-0.006010297132123421,-0.0073382299687793084,0.4824179697286561,-0.4781867346022615,0.0,1.0,0.0006124034068088218
2023-08-17 13:30:00+00:00,-0.006562808667929798,-0.007619874228663837,0.4790259706877612,-0.4743192500314136,0.0,1.0,0.00047175356123198617
2023-08-18 13:30:00+00:00,0.0010389248402300488,0.00048137370550960235,0.4793973719005407,-0.47442261440428923,0.0,1.0,0.00026339478412828825
2023-08-21 13:30:00+00:00,0.009639849945555667,0.006506303868592855,0.483279935071844,-0.47678053171185375,0.0,1.0,0.0015286286570160128
2023-08-22 13:30:00+00:00,-0.0044066194728552555,-0.0027085588903545954,0.4815568321718272,-0.47589088827510806,0.0,1.0,-0.0008441950057640598
2023-08-23 13:30:00+00:00,0.01062255748685681,0.011137738958380217,0.4867651381638472,-0.4812831309093935,0.0,1.0,-0.00019093573429832775
2023-08-24 13:30:00+00:00,-0.01350383728160054,-0.01385900056035183,0.4801482697397168,-0.4745698639004035,0.0,1.0,9.095357988839014e-05
2023-08-25 13:30:00+00:00,0.0059937974702721775,0.007049725178177146,0.4832550643610009,-0.4781419124235075,0.0,1.0,-0.00047362801477367965
2023-08-28 13:30:00+00:00,0.006619245883737523,0.006341375928172299,0.48637566157438106,-0.48109665177748717,0.0,1.0,0.00016075410092178806
2023-08-29 13:30:00+00:00,0.015051672040359287,0.014454687853921122,0.493518410193925,-0.48787477111154354,0.0,1.0,0.00036071263646781753
2023-08-30 13:30:00+00:00,0.002951568292772988,0.00411887070880157,0.4952518063287043,-0.4901581607698129,0.0,1.0,-0.0005587921938188654
2023-08-31 13:30:00+00:00,0.00021524460899291498,-0.0014634309082703911,0.4949535541520613,-0.4890408320824695,0.0,1.0,0.0008179605028653875
2023-09-01 13:30:00+00:00,0.0022962019084380447,0.0018652397678571297,0.5010471269898007,-0.5008316893357736,0.016005613765469162,1.0,0.00020152588245534196
2023-09-05 13:30:00+00:00,-0.005655522064237917,-0.0043221248886418095,0.49854995433513544,-0.4990038490226123,0.0,1.0,-0.0006749783533675464
2023-09-06 13:30:00+00:00,-0.006624088479041945,-0.006722232818674789,0.4952247207956771,-0.49562661594265195,0.0,1.0,4.602866085420457e-05
2023-09-07 13:30:00+00:00,-0.003841355927404644,-0.0030702312651044172,0.4935131778162957,-0.4942960216940532,0.0,1.0,-0.00038659846549313545
2023-09-08 13:30:00+00:00,-7.288764220969579e-05,0.0015059837736284276,0.49386554571895447,-0.4954299925606285,0.0,1.0,-0.0007863251809231543
2023-09-11 13:30:00+00:00,0.0033473453612058446,0.006576860641868798,0.49631834635498423,-0.4994931438672078,0.0,1.0,-0.0016111878563039945
2023-09-12 13:30:00+00:00,-0.006164493018254169,-0.005485711234211932,0.4934193679563157,-0.49691477880405127,0.0,1.0,-0.0003254282111649572
2023-09-13 13:30:00+00:00,0.0017513062386018685,0.0011660380842797302,0.49414575103195474,-0.49735556027036426,0.0,1.0,0.0002787544796695438
2023-09-14 13:30:00+00:00,0.006483202533388299,0.008622264479344999,0.4978924176990233,-0.5021915999788485,0.0,1.0,-0.0010906365769228407
2023-09-15 13:30:00+00:00,-0.01519874648103281,-0.01204824785433245,0.49107286521956156,-0.49689772915787134,0.0,1.0,-0.0015227641454793877
2023-09-18 13:30:00+00:00,0.00279275545852542,0.000586503123567006,0.4919159634138887,-0.4966557222028877,0.0,1.0,0.0010740619736788238
2023-09-19 13:30:00+00:00,-0.0012461176422784437,-0.0020738286116483984,0.49110111540981727,-0.49542210440754336,0.0,1.0,0.00041104130536242205
2023-09-20 13:30:00+00:00,-0.009612220647654657,-0.009193476844615134,0.4864641531900543,-0.49095183413549287,0.0,1.0,-0.0001718730173996083
2023-09-21 13:30:00+00:00,-0.01896709571598376,-0.016528289851392985,0.47777157102419887,-0.48337773855806476,0.0,1.0,-0.0011181703192386894
2023-09-22 13:30:00+00:00,0.0013591997637043551,-0.002248501529477198,0.4775945712677576,-0.4814577916410645,0.0,1.0,0.0017303102099514064
2023-09-25 13:30:00+00:00,0.003318546093102448,0.004205209469902105,0.47939313896105423,-0.4836979891157811,0.0,1.0,-0.0004456636471519841
2023-09-26 13:30:00+00:00,-0.013205592190559612,-0.014691324728528299,0.47269870737037684,-0.4762253496907223,0.0,1.0,0.0007695415556117487
2023-09-27 13:30:00+00:00,0.0023704602449663437,0.0003990548980652431,0.47338156963618055,-0.47597534052543716,0.0,1.0,0.0009245210543391606
2023-09-28 13:30:00+00:00,0.007171233190317983,0.005797620287729455,0.47647647503146423,-0.4784338089294165,0.0,1.0,0.0006292529522182103
2023-09-29 13:30:00+00:00,-0.0017419960824401892,-0.0024270904217696954,0.4754918108760354,-0.477117434111,0.0,1.0,0.00032522958127127706
2023-10-02 13:30:00+00:00,0.0024279537206519652,-0.0003977090012120543,0.5005216635026865,-0.49911078364763506,0.04739075501296458,1.0,0.0013831836024731465
2023-10-03 13:30:00+00:00,-0.012565134856603821,-0.01338594990876607,0.4940418424515928,-0.4922397084672457,0.0,1.0,0.00038599736731690667
2023-10-04 13:30:00+00:00,0.007819058143077484,0.007282061334215273,0.4977691572989675,-0.49568916790578804,0.0,1.0,0.0002724697620950215
2023-10-05 13:30:00+00:00,0.0004563270215951487,-0.00037693550173456547,0.4977931852851428,-0.4953002247473615,0.0,1.0,0.00040803598124874145
2023-10-06 13:30:00+00:00,0.014141295811854082,0.011872851889987324,0.5042512937680483,-0.5006037238985719,0.0,1.0,0.0011528620957870544
2023-10-09 13:30:00+00:00,0.007721710694635231,0.006402271281079619,0.507798287564768,-0.5034649943987026,0.0,1.0,0.0006827293822026717
2023-10-10 13:30:00+00:00,0.003942630615689335,0.005204766020287188,0.5101188203090183,-0.5064015628465063,0.0,1.0,-0.0006243088010553563
2023-10-11 13:30:00+00:00,0.007113885063271486,0.0040962567303299835,0.5129533753316762,-0.5076896934841565,0.0,1.0,0.001548623465277992
2023-10-12 13:30:00+00:00,-0.003016799338800169,-0.006096385366099577,0.5106187065649418,-0.5038179144913627,0.0,1.0,0.0015416422333880946
2023-10-13 13:30:00+00:00,-0.005461168280780582,-0.004980875067302493,0.5079749418095056,-0.5014514106485993,0.0,1.0,-0.00028507297606768077
2023-10-16 13:30:00+00:00,0.011056714315837546,0.010521495370858114,0.5134197045204634,-0.5065579539302549,0.0,1.0,0.0003345627343900157
2023-10-17 13:30:00+00:00,-0.0016145567143563966,-4.596869727169217e-05,0.51300712192439,-0.5069461115686207,0.0,1.0,-0.0008116118029339846
2023-10-18 13:30:00+00:00,-0.012791427580760906,-0.01332516428411179,0.5063502931764586,-0.5000974059294837,0.0,1.0,0.00018709439038073935
2023-10-19 13:30:00+00:00,-0.01012737739413172,-0.008786305077294054,0.5015934439823287,-0.49607046217101397,0.0,1.0,-0.0007399445167198087
2023-10-20 13:30:00+00:00,-0.010983064379719965,-0.012288051595855998,0.4957964751255252,-0.489690333133753,0.0,1.0,0.0005807539656817929
2023-10-23 13:30:00+00:00,-0.0005325903841686408,-0.0017332295409103748,0.49524580165296095,-0.4885588403365575,0.0,1.0,0.0005787369351767208
2023-10-24 13:30:00+00:00,0.0073059588648591856,0.007539317059869877,0.49889952231913753,-0.4922772446577568,0.0,1.0,-7.11069257812882e-05
2023-10-25 13:30:00+00:00,-0.015790141282519987,-0.014352193125238721,0.4914240040005168,-0.48560940359527005,0.0,1.0,-0.0008183882376647783
2023-10-26 13:30:00+00:00,-0.016504301597336957,-0.011974464434559962,0.48442837851785187,-0.4809013575872616,0.0,1.0,-0.0023016498227083964
2023-10-27 13:30:00+00:00,-0.0035904129593369305,-0.004532814510393002,0.4824794016311747,-0.478513565475177,0.0,1.0,0.0004345863426857809
2023-10-30 13:30:00+00:00,0.01253337158290413,0.01195579639643607,0.4883701530818632,-0.484079607600259,0.0,1.0,0.00032013047903447605
2023-10-31 13:30:00+00:00,0.004487005419147927,0.006280091487921302,0.4909811127290154,-0.4875363677336581,0.0,1.0,-0.0008546970806906285
2023-11-01 13:30:00+00:00,0.010320333294058237,0.010664921371915215,0.5052556537406594,-0.5054279803471934,0.021482519537326494,1.0,-0.00018898767964953302
2023-11-02 13:30:00+00:00,0.020277498301362273,0.01916433984529653,0.5152159699631519,-0.5148293833418385,0.0,1.0,0.0005531746968320555
2023-11-03 13:30:00+00:00,0.008592477546344846,0.009123380342047183,0.519786389271197,-0.5196697730911278,0.0,1.0,-0.00027595500301492054
2023-11-06 14:30:00+00:00,0.0034818455838969697,0.002300417421303269,0.5212790558246493,-0.5205485255589863,0.0,1.0,0.0006084061637577405
2023-11-07 14:30:00+00:00,0.004429205512564316,0.0028461909293122645,0.5231582279976272,-0.5216017045586122,0.0,1.0,0.0008213191949776171
2023-11-08 14:30:00+00:00,0.0030867027185610407,0.0007324116274716186,0.524130030692972,-0.521344118391425,0.0,1.0,0.001226854390317728
2023-11-09 14:30:00+00:00,-0.006447689193857742,-0.007798900396265407,0.5203964572700072,-0.51692642311761,0.0,1.0,0.0006805309354857403
2023-11-10 14:30:00+00:00,0.016224118475291593,0.015604861740171172,0.5286435918388016,-0.5247985736822997,0.0,1.0,0.0003704560333267092
2023-11-13 14:30:00+00:00,-0.001668814551844311,-0.0009532526504951733,0.5279661790915673,-0.5245017595919805,0.0,1.0,-0.00038789486841347883
2023-11-14 14:30:00+00:00,0.01773615799761541,0.019400844074291212,0.5377699716456446,-0.5351150666805295,0.0,1.0,-0.0008176376657224195
2023-11-15 14:30:00+00:00,-0.0009283737881213838,0.002116945220050459,0.5381522205457729,-0.5371276982278689,0.0,1.0,-0.0016380132092533068
2023-11-16 14:30:00+00:00,-0.0005718550830827729,0.001223232488369863,0.5383670842813931,-0.5383072810443889,0.0,1.0,-0.0009707295146194156
2023-11-17 14:30:00+00:00,0.0005721822884328098,0.0012437525796122895,0.5388731261888335,-0.5391749107954702,0.0,1.0,-0.0003674293400743903
2023-11-20 14:30:00+00:00,0.008149664054768913,0.0076975556449827565,0.5431369318557387,-0.5431973961635223,0.0,1.0,0.0002353536874029623
2023-11-21 14:30:00+00:00,-0.0018436719714794991,-0.0021794243551297443,0.5420398743859743,-0.5419178689355637,0.0,1.0,0.00017653891595166348
2023-11-22 14:30:00+00:00,0.002913076226553679,0.0038608339289862847,0.5439012734681562,-0.5442927226828593,0.0,1.0,-0.0005192038041448235
2023-11-24 14:30:00+00:00,0.0,0.0006154686302466406,0.5440867784827857,-0.5448134705578015,0.0,1.0,-0.000340947477435215
2023-11-27 14:30:00+00:00,-0.0029754157523866898,-0.0018010380546071847,0.5428172550743505,-0.5441824803961101,0.0,1.0,-0.0006436069591781777
2023-11-28 14:30:00+00:00,-0.000710233290064588,0.0009901426080394238,0.5429368209708706,-0.5452285234030979,0.0,1.0,-0.0009302975263164326
2023-11-29 14:30:00+00:00,-0.0004978847984046242,-0.0007035020790051583,0.542608280724707,-0.5447865000303825,0.0,1.0,0.00010729702913908157
2023-11-30 14:30:00+00:00,0.003485701925272755,0.003937496923179573,0.5446410821176462,-0.5470736575456411,0.0,1.0,-0.0002596768198207296
2023-12-01 14:30:00+00:00,0.00595427179766439,0.005915863686980938,0.5029935363528879,-0.5029743316713642,0.09171473966328725,1.0,-3.260569544229849e-05
2023-12-04 14:30:00+00:00,-0.005073405437571732,-0.005249483869508298,0.5004003566170506,-0.5002926953205068,0.0,1.0,8.251311753698583e-05
2023-12-05 14:30:00+00:00,-0.0004960917218472805,-0.00019691819227574126,0.5002299880082389,-0.5002720610029798,0.0,1.0,-0.0001556801223082544
2023-12-06 14:30:00+00:00,-0.0029050891540373103,-0.004029909807669374,0.498499167992423,-0.4979786922604601,0.0,1.0,0.0005568861914995504
2023-12-07 14:30:00+00:00,0.0076042536450640075,0.007630357758266149,0.5022974134765619,-0.5017859715387917,0.0,1.0,-1.4993843625455714e-05
2023-12-08 14:30:00+00:00,0.005148774277642598,0.004299179346524795,0.5046701561546229,-0.5037301637126285,0.0,1.0,0.0004229957360666977
2023-12-11 14:30:00+00:00,0.008631030730547495,0.003889600026997453,0.5078120234581203,-0.5044834733546226,0.0,1.0,0.002390562387232301
2023-12-12 14:30:00+00:00,0.007791851674931571,0.004567417752078695,0.5109274971796007,-0.5059545266581894,0.0,1.0,0.0016466568127499407
2023-12-13 14:30:00+00:00,0.01152830648103298,0.013789994469719069,0.5173830913877685,-0.513492850438284,0.0,1.0,-0.0010929337284245925
2023-12-14 14:30:00+00:00,-0.0006824316626018456,0.003209432476292795,0.5180698056244429,-0.516176864678575,0.0,1.0,-0.002007051614751006
2023-12-15 14:30:00+00:00,-0.0008878848719998667,-0.0016465287174175502,0.51741115341869,-0.5151291749763414,0.0,1.0,0.00038396130695359133
2023-12-18 14:30:00+00:00,0.006971896733217076,0.005625154735965587,0.5206521058756542,-0.517662575364186,0.0,1.0,0.000703703431045251
2023-12-19 14:30:00+00:00,0.004548082859845426,0.006080945699594942,0.5234314193809868,-0.5212200601403132,0.0,1.0,-0.0007858614737789811
2023-12-20 14:30:00+00:00,-0.013020116282164262,-0.013857459416338425,0.5164088423250587,-0.5137908868210418,0.0,1.0,0.0004016955033447456
2023-12-21 14:30:00+00:00,0.008858823550896622,0.009482013674600998,0.5211414968418829,-0.5188198353914791,0.0,1.0,-0.0003029497813943828
2023-12-22 14:30:00+00:00,-0.0014295028300961299,0.0020096633034163425,0.5213315728592474,-0.5207965782827947,0.0,1.0,-0.0017935788098391492
2023-12-26 14:30:00+00:00,0.004498850068757054,0.004222402008114967,0.5236034370239218,-0.5229221580534544,0.0,1.0,0.00014042768348999126
2023-12-27 14:30:00+00:00,0.0019002898257796108,0.0018081673087158023,0.5245756083207246,-0.5238448936144945,0.0,1.0,4.351515197203857e-05
2023-12-28 14:30:00+00:00,-0.0002916918263670132,0.0003777782220157899,0.5246098082532167,-0.5242298695703324,0.0,1.0,-0.0003568639907327744
2023-12-29 14:30:00+00:00,-0.00244062450650695,-0.002895052070641224,0.5232083911404114,-0.5225912980038216,0.0,1.0,0.00023134483406247612
2024-01-02 14:30:00+00:00,-0.007271790776754883,-0.005596383856730003,0.4967946048009569,-0.49763303480725823,0.04579968914423305,1.0,-0.0008665556855369375
2024-01-03 14:30:00+00:00,-0.006435377915109175,-0.008166548148465402,0.4931729560198396,-0.4931445273902828,0.0,1.0,0.0008609307299865847
2024-01-04 14:30:00+00:00,-0.0035139056282272874,-0.003221209214564258,0.491513913493782,-0.4916299438445895,0.0,1.0,-0.00015039391105846881
2024-01-05 14:30:00+00:00,0.0008987073380199995,0.001369601454521252,0.4920725385417165,-0.49242026142375384,0.0,1.0,-0.00023756230633234315
2024-01-08 14:30:00+00:00,0.014784144811439193,0.014276120924723301,0.49922806071094444,-0.4993307385763169,0.0,1.0,0.00023906808871147924
2024-01-09 14:30:00+00:00,-0.0007489141171003189,-0.0015170616776786217,0.49866584355608606,-0.49838499090940497,0.0,1.0,0.0003776842047096702
2024-01-10 14:30:00+00:00,0.005995483763638232,0.005655464538624644,0.5015727307497071,-0.5011208084311022,0.0,1.0,0.00016519194489819064
2024-01-11 14:30:00+00:00,0.0024380852439467304,-0.0004407389505373116,0.5020737321598571,-0.5001807909568786,0.0,1.0,0.0014377881518548795
2024-01-12 14:30:00+00:00,0.0024319442162035187,0.0006927820257085493,0.5028579918363576,-0.5000929531510578,0.0,1.0,0.0008685466665018873
2024-01-16 14:30:00+00:00,-0.004313084550806701,-0.00367124070788305,0.500858843732871,-0.498425888045176,0.0,1.0,-0.00033885980945784245
2024-01-17 14:30:00+00:00,-0.00399358985550724,-0.0055587608851758175,0.49847755619631356,-0.4952766419243721,0.0,1.0,0.000764453152299485
2024-01-18 14:30:00+00:00,0.01019356090251855,0.00889287749048795,0.5032212192671777,-0.4993460779014616,0.0,1.0,0.0006708744461396461
2024-01-19 14:30:00+00:00,0.014530773108936135,0.012466082821091184,0.5099819429316672,-0.5050248581193668,0.0,1.0,0.0010813514163145073
2024-01-22 14:30:00+00:00,0.003514451346399605,0.0021144521602836086,0.511406802109668,-0.5057293407491731,0.0,1.0,0.0007185034427758856
2024-01-23 14:30:00+00:00,-0.0022465819137812426,0.0029163482692218246,0.5116032748493524,-0.5085415621017733,0.0,1.0,-0.002629752540745209
2024-01-24 14:30:00+00:00,0.0017880399785488166,0.0010931980516954987,0.5123372493716656,-0.5089179127693396,0.0,1.0,0.00035287808273891543
2024-01-25 14:30:00+00:00,0.00290860771164958,0.0054389714692832936,0.514487913524757,-0.5123436261174928,0.0,1.0,-0.0012837543142242625
2024-01-26 14:30:00+00:00,-0.002372896306038874,-0.0012703985415636332,0.5135628470027039,-0.5119875982865583,0.0,1.0,-0.0005758982550578381
2024-01-29 14:30:00+00:00,0.009117944531298994,0.007919372301701921,0.517923302716554,-0.5157214065747966,0.0,1.0,0.0006220647666688059
2024-01-30 14:30:00+00:00,0.0,-0.0007734920616433438,0.5177198626085504,-0.5151200816472017,0.0,1.0,0.0003929540330527636
2024-01-31 14:30:00+00:00,-0.014600847260201943,-0.016317324590489846,0.5097323957496881,-0.5062892750379315,0.0,1.0,0.0008402805568444607
2024-02-01 14:30:00+00:00,0.011960076433470412,0.013088114379607774,0.506272654794194,-0.5068369999487107,0.016021670787619624,1.0,-0.0005779821894148714
2024-02-02 14:30:00+00:00,0.013131960726470382,0.010527360933223484,0.512251625570151,-0.5115042507654923,0.0,1.0,0.0013067442059186225
2024-02-05 14:30:00+00:00,-0.0005832664827744027,-0.003641132568705019,0.511156605861608,-0.5088491498521603,0.0,1.0,0.00155772320159914
2024-02-06 14:30:00+00:00,0.001750820643321882,0.0029033178002926263,0.5123529972230282,-0.5106269329239312,0.0,1.0,-0.0005883596378690778
2024-02-07 14:30:00+00:00,0.011716907911807128,0.008340368497273154,0.5174566312277052,-0.5139922134530632,0.0,1.0,0.0017384237206302456
2024-02-08 14:30:00+00:00,0.002367374798601052,0.0004417505034308711,0.5181676201001977,-0.5137096671684616,0.0,1.0,0.0009920050881326481
2024-02-09 14:30:00+00:00,0.006255413501722318,0.005779335583653067,0.5212700544687234,-0.5165409096852672,0.0,1.0,0.0002664997868444526
2024-02-12 14:30:00+00:00,-6.346733767514934e-05,-0.00043889276081610085,0.5211391686258579,-0.5162173250817275,0.0,1.0,0.00018767006240693622
2024-02-13 14:30:00+00:00,-0.012434040606004726,-0.013773114113149632,0.5143383033954025,-0.5087898681002653,0.0,1.0,0.0006241021605096511
2024-02-14 14:30:00+00:00,0.010149518307604799,0.00908766744333156,0.5192519085867289,-0.5131105276104709,0.0,1.0,0.0005906205258299099
2024-02-15 14:30:00+00:00,0.005787267276330832,0.006899793709901791,0.5225397878384129,-0.5169306780898496,0.0,1.0,-0.0005412595931071929
2024-02-16 14:30:00+00:00,-0.007587480045107342,-0.004979973581171526,0.5193001843611853,-0.5150756344955322,0.0,1.0,-0.0013964114737664301
2024-02-20 14:30:00+00:00,-0.007454163562134686,-0.00550550720653431,0.515966433411422,-0.5127737553890014,0.0,1.0,-0.0010411482754019684
2024-02-21 14:30:00+00:00,0.0016048228373122253,0.0009058828019030685,0.5166097442864098,-0.5130548156083824,0.0,1.0,0.00035756940839865947
2024-02-22 14:30:00+00:00,0.025762457022080465,0.02069542647312206,0.5284997026205743,-0.5222702537338448,0.0,1.0,0.002685295740309757
2024-02-23 14:30:00+00:00,0.0012495691603908732,0.0006897199819881905,0.5290044535752918,-0.5224767485984397,0.0,1.0,0.0002942243187197611
2024-02-26 14:30:00+00:00,-0.0009358609447591704,-0.00366251727057898,0.527763884442532,-0.5198288825698715,0.0,1.0,0.0014125531265605752
2024-02-27 14:30:00+00:00,-6.248822853582858e-05,0.0018578104305173593,0.5282616366358028,-0.521318381599212,0.0,1.0,-0.0010046749312988732
2024-02-28 14:30:00+00:00,-0.00218634587892208,-0.00132164076202812,0.5273555433004523,-0.5208751970918367,0.0,1.0,-0.00047191941008765313
2024-02-29 14:30:00+00:00,0.003317774578041499,0.0035949057285806774,0.5291733491223818,-0.5228150343597983,0.0,1.0,-0.00012880279570191047
2024-03-01 14:30:00+00:00,0.01310227194478153,0.009388268828250945,0.5056283364560952,-0.5037747178537015,0.051988383482180045,1.0,0.0018250549855718212
2024-03-04 14:30:00+00:00,-0.0007390871998703696,-0.0010724602446435805,0.5051734907730572,-0.5031536216813891,0.0,1.0,0.00016062254483580198
2024-03-05 14:30:00+00:00,-0.010846710715200936,-0.009994253615607351,0.49992237369648135,-0.4983526133852422,0.0,1.0,-0.00045677819366080513
2024-03-06 14:30:00+00:00,0.007289753252132991,0.0050673161671430655,0.5030068136607905,-0.5003210422476339,0.0,1.0,0.0011130481137705528
2024-03-07 14:30:00+00:00,0.011690318438325464,0.009926391137925261,0.5084254858141606,-0.5048290524044862,0.0,1.0,0.0009079750875052565
2024-03-08 14:30:00+00:00,-0.011922255022595696,-0.006002087778289478,0.5038944882282532,-0.5033278837724873,0.0,1.0,-0.0030375023972534893
2024-03-11 13:30:00+00:00,-0.002784420016483047,-0.0008597398933564149,0.5029824836634532,-0.5033865965712052,0.0,1.0,-0.000976275219052742
2024-03-12 13:30:00+00:00,0.01458168733530929,0.01075728729875669,0.5093422889667447,-0.5078300362075587,0.0,1.0,0.0019133066893056228
2024-03-13 13:30:00+00:00,-0.0014677679515467945,-0.0015674686798270443,0.5085730991696683,-0.5070125012836015,0.0,1.0,4.245900736552687e-05
2024-03-14 13:30:00+00:00,-0.0015922915852607522,-0.001976821879233537,0.5076686099416557,-0.5059158622464437,0.0,1.0,0.00018652435833211933
2024-03-15 13:30:00+00:00,-0.009386007318960554,-0.006866584964197897,0.5035567515372511,-0.5030944712912524,0.0,1.0,-0.0012970194166206479
2024-03-18 13:30:00+00:00,0.005635184056637321,0.005943093761497487,0.5064745386517756,-0.5061645119784006,0.0,1.0,-0.00015825501685250084
2024-03-19 13:30:00+00:00,0.00585033906205501,0.005557027964436134,0.5093640724345808,-0.5089038347552898,0.0,1.0,0.00014432504878925096
2024-03-20 13:30:00+00:00,0.009795525616674405,0.009249525581987772,0.5142114242691473,-0.51346902202135,0.0,1.0,0.00027641740045342215
2024-03-21 13:30:00+00:00,0.0053169896961347,0.0033046110765408976,0.516412910136242,-0.5146350998978277,0.0,1.0,0.0010312890458890485
2024-03-22 13:30:00+00:00,-0.005198173959559127,-0.001895753313322146,0.5146109275315003,-0.5145417816723057,0.0,1.0,-0.0017147353270195614
2024-03-25 13:30:00+00:00,-0.003888699401441875,-0.0027628935483237083,0.5129100668195478,-0.5134207630075729,0.0,1.0,-0.0005854954178941748
2024-03-26 13:30:00+00:00,-0.0038429908064296914,-0.0018469718880519403,0.5114651470144156,-0.5130002574599225,0.0,1.0,-0.001028787336247977
2024-03-27 13:30:00+00:00,0.005204847823360836,0.008403985740565334,0.5149795884892475,-0.51816912653371,0.0,1.0,-0.0016551009723890038
2024-03-28 13:30:00+00:00,0.0011575376097585632,-0.0001913384888093672,0.5152205544000109,-0.5177131203753087,0.0,1.0,0.0006893015586005411
2024-04-01 13:30:00+00:00,-0.002920629762749982,-0.0017396320708727986,0.49884543649793756,-0.4994362974932537,0.03293367477531961,1.0,-0.0006129180642786326
2024-04-02 13:30:00+00:00,-0.006224434474587537,-0.006358255492475595,0.4957084025988984,-0.4962287171532135,0.0,1.0,6.456046829734428e-05
2024-04-03 13:30:00+00:00,0.0003068689217637921,0.001098595818522119,0.49605844229691587,-0.496972158705321,0.0,1.0,-0.0003989896716327209
2024-04-04 13:30:00+00:00,-0.014118916782457247,-0.012206090452421381,0.4895165780700948,-0.4913697640248152,0.0,1.0,-0.0009436731254856445
2024-04-05 13:30:00+00:00,0.012079617088375239,0.010446918313947506,0.49504662408460276,-0.4961191069878659,0.0,1.0,0.0007739206538352011
2024-04-08 13:30:00+00:00,-0.0006152922580650033,0.0005593141401287749,0.49503312360542373,-0.49668866481535806,0.0,1.0,-0.0005880371678592269
2024-04-09 13:30:00+00:00,0.0001231918262847298,0.0011566714639772435,0.4953514298045925,-0.4975216199422776,0.0,1.0,-0.000519473951456877
2024-04-10 13:30:00+00:00,-0.009725195097703643,-0.010013045196391235,0.49045636948838034,-0.4924619248468267,0.0,1.0,0.00015836478893531386
2024-04-11 13:30:00+00:00,0.008888339076950746,0.0075469239004943844,0.49450080525468815,-0.49586272347607524,0.0,1.0,0.0006368174628005981
2024-04-12 13:30:00+00:00,-0.013307877003182145,-0.013803088195717739,0.48779433079585827,-0.4888922850321992,0.0,1.0,0.00025772862985276574
2024-04-15 13:30:00+00:00,-0.01236346679610656,-0.01252810535274873,0.4817210560601296,-0.48272485680801075,0.0,1.0,8.811265995345934e-05
2024-04-16 13:30:00+00:00,0.0009483392279530101,-0.001823849648584619,0.48153682099063244,-0.48120381253787287,0.0,1.0,0.001331300153892742
2024-04-17 13:30:00+00:00,-0.007011081125733343,-0.005918175526626657,0.47841629604920055,-0.4786116370374149,0.0,1.0,-0.0005341974712643585
2024-04-18 13:30:00+00:00,-0.002162642245219115,-0.0020576430579419824,0.4774082843862893,-0.4776534704321404,0.0,1.0,-5.5783761189352385e-05
2024-04-19 13:30:00+00:00,-0.014725570539671828,-0.008728521814998946,0.47173055718716805,-0.47484557416008827,0.0,1.0,-0.0028668530122295003
2024-04-22 13:30:00+00:00,0.00854024386453478,0.00920919755139571,0.47592592286124885,-0.47938640441451374,0.0,1.0,-0.0003502050830672704
2024-04-23 13:30:00+00:00,0.011483315347658785,0.011866574121826012,0.48150159603983766,-0.48518638980228057,0.0,1.0,-0.00022941922759161913
2024-04-24 13:30:00+00:00,-0.0006978057796995785,-0.0004746523967652516,0.48121933058950794,-0.4850102473295998,0.0,1.0,-0.00011165209480601922
2024-04-25 13:30:00+00:00,-0.003046296017650718,-0.0037989603785231196,0.4795756413611736,-0.48298869488491525,0.0,1.0,0.000370645801439105
2024-04-26 13:30:00+00:00,0.012541253338917757,0.009474017134525559,0.4848954190363538,-0.48686701144870803,0.0,1.0,0.0014326840614102387
2024-04-29 13:30:00+00:00,-0.0005029759820878166,0.0035414887818734364,0.48561016022722386,-0.48955767013775875,0.0,1.0,-0.00197407718986192
2024-04-30 13:30:00+00:00,-0.012643814957295163,-0.015841287638964863,0.47869982049670096,-0.4810283242698062,0.0,1.0,0.0016093064802658603
2024-05-01 13:30:00+00:00,-0.004905742236475108,-0.0032470879194256286,0.4979731027760738,-0.49880313996124503,0.04027185523349286,1.0,-0.000855415467093867
2024-05-02 13:30:00+00:00,0.007554767898073189,0.009353324390745765,0.5021918415079432,-0.503926852787668,0.0,1.0,-0.0009093487451758846
2024-05-03 13:30:00+00:00,0.011565381124354568,0.012395333312771761,0.5082256626540808,-0.5103999411259137,0.0,1.0,-0.0004442536419307669
2024-05-06 13:30:00+00:00,0.013505601059112138,0.010326857473233364,0.5142733456760151,-0.5148536375574764,0.0,1.0,0.0015871132205025295
2024-05-07 13:30:00+00:00,0.0032231819295318598,0.0011035447636682516,0.5153725463130948,-0.5148639567224351,0.0,1.0,0.0010834801378883376
2024-05-08 13:30:00+00:00,0.0,9.648175522136704e-05,0.515401216721708,-0.5149422765796651,0.0,1.0,-5.5627359197179455e-05
2024-05-09 13:30:00+00:00,0.00327440212529706,0.005761865398999255,0.5177543429128931,-0.5185758559488168,0.0,1.0,-0.0012853496274444064
2024-05-10 13:30:00+00:00,0.003386945157575205,0.0012883495316440285,0.5189477204261971,-0.5186840195360117,0.0,1.0,0.0010795462224564153
2024-05-13 13:30:00+00:00,-0.0006137817552128721,0.00013400657950035644,0.5188336098983858,-0.5189579857238064,0.0,1.0,-0.00039398009495880806
2024-05-14 13:30:00+00:00,0.004421425518696953,0.004588283100936064,0.5211761126251918,-0.5213876501367947,0.0,1.0,-9.309437418235773e-05
2024-05-15 13:30:00+00:00,0.016202228035221422,0.012383067094086764,0.5285727571756073,-0.5267999721711253,0.0,1.0,0.0019818835886390553
2024-05-16 13:30:00+00:00,-0.0038507509550866903,-0.0020575211449046504,0.5270419727006544,-0.5262199005689288,0.0,1.0,-0.0009574523486018841
2024-05-17 13:30:00+00:00,-0.00018115314006317274,0.001437424832782641,0.5273989156042718,-0.5274287459227475,0.0,1.0,-0.0008578292418343838
2024-05-20 13:30:00+00:00,0.003382985950314721,0.0011521724820675594,0.5285643919829158,-0.5274190687158145,0.0,1.0,0.0011705418534444974
2024-05-21 13:30:00+00:00,0.0009029693003583805,0.0024524666807941298,0.5294769803070323,-0.5291475865015571,0.0,1.0,-0.0008221526545702191
2024-05-22 13:30:00+00:00,-0.003067663665175968,-0.002879278736429791,0.5279090225468213,-0.5276802982485382,0.0,1.0,-0.00010664628074027858
2024-05-23 13:30:00+00:00,-0.0024134622370233227,-0.007304280340695302,0.5252827072101465,-0.5224809590689871,0.0,1.0,0.0025742839572160036
2024-05-24 13:30:00+00:00,0.007136777961813889,0.006616395188449031,0.5288803088386305,-0.5257875594721837,0.0,1.0,0.000285933163946649
2024-05-28 13:30:00+00:00,0.0024622910171712142,0.0006989884084422915,0.5296905971561587,-0.5256668471658924,0.0,1.0,0.0009287854432854982
2024-05-29 13:30:00+00:00,-0.007967372929974292,-0.007002393167570453,0.5257570336257242,-0.5222706992315355,0.0,1.0,-0.0005452689669835313
2024-05-30 13:30:00+00:00,-0.005495300903162081,-0.00663387507686275,0.5225702194909316,-0.5185107116475178,0.0,1.0,0.0005695330923281239
2024-05-31 13:30:00+00:00,0.006375659301132375,0.009108033740690136,0.5266375753676589,-0.5239652180561991,0.0,1.0,-0.0013968357571550827
2024-06-03 13:30:00+00:00,0.0009049307054205258,0.0008155970879071273,0.5004457528582671,-0.5004010866486196,0.050602793423857984,1.0,1.3413031092389312e-05
2024-06-04 13:30:00+00:00,0.002411374217222484,0.0011176521585258836,0.5013308934038019,-0.5006391833196169,0.0,1.0,0.000641535249987012
2024-06-05 13:30:00+00:00,0.012688656774179075,0.011885062660881296,0.5074865083967349,-0.5063841573413086,0.0,1.0,0.00040513519149493264
2024-06-06 13:30:00+00:00,-0.00041558721584444847,-1.8405780399799454e-05,0.5073809037466729,-0.5064799502196583,0.0,1.0,-0.00020753689045763872
2024-06-07 13:30:00+00:00,-0.0010694677790169527,-0.0012157417572239426,0.5068042347276197,-0.5058302253273269,0.0,1.0,6.716891548079294e-05
2024-06-10 13:30:00+00:00,0.004044063015328669,0.0030896534756781335,0.5086092661514743,-0.5071492505142305,0.0,1.0,0.0004807557669359066
2024-06-11 13:30:00+00:00,0.004599818557066815,0.0024084559716648357,0.5103811758096624,-0.5078059603988123,0.0,1.0,0.0011121113188609607
2024-06-12 13:30:00+00:00,0.006735159502415433,0.008212991690934146,0.5141986980680807,-0.5123552277295023,0.0,1.0,-0.0007390598882062515
2024-06-13 13:30:00+00:00,0.0026995527418505194,0.002013278048079048,0.5154060822797703,-0.5132067901298727,0.0,1.0,0.00035064059146692534
2024-06-14 13:30:00+00:00,0.0015803155019229465,0.0006086168451322482,0.5159645620256361,-0.5132644517613161,0.0,1.0,0.0004962055431504227
2024-06-17 13:30:00+00:00,0.007946958547221383,0.007959058198130142,0.5200600770728705,-0.5173447447038102,0.0,1.0,9.294962700910119e-06
2024-06-18 13:30:00+00:00,0.00405842456531702,0.0025403758560149647,0.5217582923733799,-0.5182493590492593,0.0,1.0,0.0007904221125990344
2024-06-20 13:30:00+00:00,-0.00444609653934247,-0.0027162158934513903,0.5199158200989128,-0.5173166111295516,0.0,1.0,-0.0009180629732263079
2024-06-21 13:30:00+00:00,-0.0021457697038153034,-0.001340951231980303,0.5190222774775544,-0.5168440597701619,0.0,1.0,-0.00042787564923686797
2024-06-24 13:30:00+00:00,-0.0036038766440114056,-0.0032507399076459054,0.517253331888145,-0.5152650905035243,0.0,1.0,-0.0001963190333507554
2024-06-25 13:30:00+00:00,0.0045502172780049754,0.0038509848895005305,0.5194181983673224,-0.5170614764088955,0.0,1.0,0.00036338458929450324
2024-06-26 13:30:00+00:00,-0.002148657215780614,0.001248271084342223,0.5192198350189627,-0.5186235437030008,0.0,1.0,-0.0017674369307106173
2024-06-27 13:30:00+00:00,-0.0005818902774504808,0.0015762324036823205,0.5195024333543267,-0.5200263319225089,0.0,1.0,-0.0011255525897065821
2024-06-28 13:30:00+00:00,-0.005706370568501762,-0.00393506564198598,0.5170157280014724,-0.5184590960130321,0.0,1.0,-0.000924088025234297
2024-07-01 13:30:00+00:00,-0.0019324557492700345,0.0020581387752909297,0.5000433531824993,-0.5020426870740259,0.035474824014504525,1.0,-0.0020189870552401153
2024-07-02 13:30:00+00:00,0.006043584350666542,0.006729776870987747,0.5032478515516724,-0.5056046209307288,0.0,1.0,-0.00036253346072312426
2024-07-03 13:30:00+00:00,0.004374211903804381,0.00446263401814706,0.505479982407781,-0.5078919144758346,0.0,1.0,-6.096801922889447e-05
2024-07-05 13:30:00+00:00,0.0069682222527927,0.005766370396420806,0.508703338948353,-0.5105205991390428,0.0,1.0,0.0005876515805878405
2024-07-08 13:30:00+00:00,-0.0010380811055056283,0.001153984236467176,0.5087466677495973,-0.5116844355731248,0.0,1.0,-0.001123160429220525
2024-07-09 13:30:00+00:00,0.0003462967587108956,0.0009725096949979584,0.5090895174838931,-0.5123497934517128,0.0,1.0,-0.0003273931332801486
2024-07-10 13:30:00+00:00,0.007905928993140021,0.009895168120173325,0.5136541494726771,-0.5179639164016946,0.0,1.0,-0.0010509141471135837
2024-07-11 13:30:00+00:00,-0.009217850658235882,-0.008622565598673693,0.5090591304106974,-0.513638764124974,0.0,1.0,-0.00027456177385514114
2024-07-12 13:30:00+00:00,0.007338980825032593,0.006307738600485946,0.5125438956679388,-0.516625452776397,0.0,1.0,0.0004901237567624988
2024-07-15 13:30:00+00:00,0.0037858020725030084,0.002750175728296167,0.5142201682636702,-0.5177803178230608,0.0,1.0,0.0005136265806704026
2024-07-16 13:30:00+00:00,0.00628664399494383,0.005929891005679311,0.5173719777129712,-0.5207692577023479,0.0,1.0,0.00015638590236468475
2024-07-17 13:30:00+00:00,-0.01624261134932814,-0.014021126594645938,0.5095328912127183,-0.5140368603035709,0.0,1.0,-0.0011076526491330164
2024-07-18 13:30:00+00:00,-0.0066389655211765985,-0.00768475421990622,0.5058660643576136,-0.5098003486216264,0.0,1.0,0.0005615232537861669
2024-07-19 13:30:00+00:00,-0.007497110494317338,-0.006640753333208238,0.5022809865868563,-0.5066241401094325,0.0,1.0,-0.0004130277963870687
2024-07-22 13:30:00+00:00,0.013526427477908998,0.010309968244979206,0.5082796795030786,-0.5110477129648675,0.0,1.0,0.0015648361609791673
2024-07-23 13:30:00+00:00,-0.0034666673860788144,-0.001568506940001102,0.5070076186696837,-0.5107397135578952,0.0,1.0,-0.0009664070844352102
2024-07-24 13:30:00+00:00,-0.023305395230308834,-0.022662644692026945,0.4953140734541827,-0.49928845129729366,0.0,1.0,-0.00024725266035687167
2024-07-25 13:30:00+00:00,-0.007538681546556014,-0.005210078174260779,0.4921404269911285,-0.4972533097470135,0.0,1.0,-0.0011386355834864224
2024-07-26 13:30:00+00:00,0.012918896898317822,0.011199434626350868,0.49810831805998534,-0.5024288623156955,0.0,1.0,0.0007830031195918407
2024-07-29 13:30:00+00:00,-0.00011819248942790406,0.0005878019729350648,0.49822888438379076,-0.5029053142117428,0.0,1.0,-0.00036015371959732264
2024-07-30 13:30:00+00:00,-0.004074721925276248,-0.00506655567459402,0.49594486543639843,-0.5001013139587263,0.0,1.0,0.000511901233546056
2024-07-31 13:30:00+00:00,0.018559216756161012,0.016254617127424487,0.5046095637927323,-0.5076873279560193,0.0,1.0,0.0010694404924658418
2024-08-01 13:30:00+00:00,-0.011176937934553988,-0.014160871465467961,0.4936809494111389,-0.4921911872938958,0.012296891748751593,1.0,0.00147986593863023
2024-08-02 13:30:00+00:00,-0.013776177233839615,-0.018618371424376612,0.4857351278941107,-0.48189166201375083,0.0,1.0,0.0023568096998322283
2024-08-05 13:30:00+00:00,-0.029130828748830218,-0.02912363419395736,0.4716425103184723,-0.4679140222064394,0.0,1.0,-0.00012138272332024735
2024-08-06 13:30:00+00:00,0.010759771335120183,0.009219244408881222,0.4763576261361935,-0.4718715731617991,0.0,1.0,0.000754999448932602
2024-08-07 13:30:00+00:00,-0.008211997532490245,-0.006683686998208982,0.47280698322595466,-0.4690760857541408,0.0,1.0,-0.000763958132999777
2024-08-08 13:30:00+00:00,0.02576068835954959,0.023117358341099292,0.4843426016808761,-0.47928240129998406,0.0,1.0,0.0013300810045315332
2024-08-09 13:30:00+00:00,0.006098829366894654,0.004409456606590423,0.4868901681954526,-0.480994340514178,0.0,1.0,0.0008345955509823695
2024-08-12 13:30:00+00:00,0.0016641250115057016,0.0005255223572662171,0.487431585816531,-0.48098184247349085,0.0,1.0,0.0005515204461391693
2024-08-13 13:30:00+00:00,0.01489248951363864,0.016445611346070477,0.495015842912462,-0.489213258383363,0.0,1.0,-0.0006569230463993639
2024-08-14 13:30:00+00:00,0.0024556998517080153,0.0031546646745219675,0.49639707405999156,-0.490920355699127,0.0,1.0,-0.00033364583344891273
2024-08-15 13:30:00+00:00,0.017845494336750756,0.017140279968171024,0.5050343270397555,-0.49911626187610764,0.0,1.0,0.0004379864542077021
2024-08-16 13:30:00+00:00,0.0005730108585779714,0.0022418806808854885,0.5057462789980999,-0.5006535276837546,0.0,1.0,-0.0008355213326198106
2024-08-19 13:30:00+00:00,0.0073298038251996545,0.009561657695156933,0.5100071724011128,-0.5059901151715617,0.0,1.0,-0.0010860090261564541
2024-08-20 13:30:00+00:00,-0.00022758320878346616,-0.0016260603752510372,0.5095340478441674,-0.504813597058159,0.0,1.0,0.0007007490267991766
2024-08-21 13:30:00+00:00,0.007221393372333962,0.00343634733544973,0.5122204603736958,-0.5055680768145855,0.0,1.0,0.0019388785559783877
2024-08-22 13:30:00+00:00,-0.007733923167078216,-0.007848402853028458,0.5082587448232764,-0.5015999361815597,0.0,1.0,4.758703837265186e-07
2024-08-23 13:30:00+00:00,0.009159638541680337,0.010625385922989672,0.5132633220900499,-0.5072746666039173,0.0,1.0,-0.0006801788935990898
2024-08-26 13:30:00+00:00,-0.0014658908136426785,-0.0023838078459922363,0.5122799445330435,-0.5058373367092454,0.0,1.0,0.0004509049605396055
2024-08-27 13:30:00+00:00,0.003613468064598502,0.001372736436052735,0.5135400834356297,-0.505949484794678,0.0,1.0,0.0011507734959354068
2024-08-28 13:30:00+00:00,-0.007650732289254836,-0.005804964583196126,0.5101201701861283,-0.5035149190810156,0.0,1.0,-0.0009978912390005434
2024-08-29 13:30:00+00:00,0.0001132990394905331,8.941711011511977e-05,0.5101744864646323,-0.5035565072237209,0.0,1.0,6.820895390381869e-06
2024-08-30 13:30:00+00:00,0.007708932096655019,0.00954607361380333,0.5145602202026068,-0.508811268670939,0.0,1.0,-0.0008800393940180145
2024-09-03 13:30:00+00:00,-0.02154349442222947,-0.020578918275010016,0.48947295314186223,-0.48995548244451215,0.023371488873545787,1.0,-0.0004999261989988807
2024-09-04 13:30:00+00:00,-0.0013221850772765498,-0.0020469440190744592,0.48865485505707257,-0.4887816024153409,0.0,1.0,0.0003497852290755003
2024-09-05 13:30:00+00:00,-0.005814080595921478,-0.0024320674546598475,0.4866207303861393,-0.48840276173682795,0.0,1.0,-0.0016582812641716892
2024-09-06 13:30:00+00:00,-0.011869562964281433,-0.016830203968230317,0.4796753112222255,-0.4790150096820417,0.0,1.0,0.0024379903186825284
2024-09-09 13:30:00+00:00,0.01113318016032916,0.011196137881657853,0.4850295717579154,-0.48439205832108323,0.0,1.0,-2.8758818437195167e-05
2024-09-10 13:30:00+00:00,0.0024919408363850426,0.004355801507269996,0.4866797541080297,-0.48694373081269376,0.0,1.0,-0.0009072030419790723
2024-09-11 13:30:00+00:00,0.010405295631614964,0.010258849578428375,0.4917130137655433,-0.49190841400398716,0.0,1.0,6.26118508972021e-05
2024-09-12 13:30:00+00:00,0.00726583400760461,0.008423348989226254,0.49557154647537544,-0.49633819999606893,0.0,1.0,-0.0005767634854453174
2024-09-13 13:30:00+00:00,0.004316772429521443,0.00522267149470057,0.49793931750945414,-0.4991594727324254,0.0,1.0,-0.00045889416112263585
2024-09-16 13:30:00+00:00,0.0019229171156172065,0.0014769270312444682,0.49878991212500257,-0.4997895791797967,0.0,1.0,0.00021432153704504386
2024-09-17 13:30:00+00:00,-0.00011298871132070509,0.00040862256895390914,0.49886652003923865,-0.5001271060158812,0.0,1.0,-0.00026653531212399444
2024-09-18 13:30:00+00:00,-0.0043468663881405245,-0.0029658253212330177,0.49704155357219504,-0.49898870183033844,0.0,1.0,-0.0006911688542226886
2024-09-19 13:30:00+00:00,0.014798454458171184,0.017064269438433977,0.5049855020077227,-0.5080957057055434,0.0,1.0,-0.001165383241362888
2024-09-20 13:30:00+00:00,-0.0032405703897859794,-0.0017284936532352413,0.5037339909056479,-0.5076053537804953,0.0,1.0,-0.0007641532434817026
2024-09-23 13:30:00+00:00,0.0035312652605530293,0.002499014282571377,0.5052579809038611,-0.5086173441603605,0.0,1.0,0.0005043529326853145
2024-09-24 13:30:00+00:00,0.00033525175702875387,0.0028612681843007692,0.5060811526834066,-0.5107324267076052,0.0,1.0,-0.0012918543799311552
2024-09-25 13:30:00+00:00,-0.0014955248112668018,-0.002205573781180359,0.505140602015446,-0.509420718451468,0.0,1.0,0.00036364874823999535
2024-09-26 13:30:00+00:00,0.004543431565590339,0.00396447196721339,0.5072989388418925,-0.5113024885818248,0.0,1.0,0.0002695352174873535
2024-09-27 13:30:00+00:00,-0.00223358303041854,-0.0014500727322002138,0.5063671867099138,-0.5107641532801352,0.0,1.0,-0.00039762088550034954
2024-09-30 13:30:00+00:00,0.0034139325722479796,0.004007088348869869,0.5082605289607223,-0.5129769969731353,0.0,1.0,-0.0003239260363550461
2024-10-01 13:30:00+00:00,-0.006469690979475473,-0.00895838840635721,0.4961559853205019,-0.49491316251702205,0.021237525933857526,1.0,0.0012277775695215584
2024-10-02 13:30:00+00:00,0.001684142560363533,0.0004220737216988901,0.4966832640179924,-0.4948148934442072,0.0,1.0,0.0006207551900836535
2024-10-03 13:30:00+00:00,-0.00044839597991608304,-0.0018280684887858056,0.4961252259919144,-0.4935767331893204,0.0,1.0,0.0006758923546576141
2024-10-04 13:30:00+00:00,0.004765691959766505,0.009087313971913868,0.49955208289795017,-0.49912358548489943,0.0,1.0,-0.002126859124128289
2024-10-07 13:30:00+00:00,-0.00903961974246792,-0.00904048317953321,0.4950409728739773,-0.49461591395942284,0.0,1.0,-9.39487282312234e-06
2024-10-08 13:30:00+00:00,0.010079263431787,0.00945755137938109,0.4998777383542534,-0.49914111177420145,0.0,1.0,0.0003058405748417807
2024-10-09 13:30:00+00:00,0.006522432339983508,0.006926482951566726,0.5032402273111586,-0.5027003649073953,0.0,1.0,-0.00020282605540285187
2024-10-10 13:30:00+00:00,-0.0016062250848386528,-0.0017502525492363308,0.5023989613342298,-0.5017876035068569,0.0,1.0,6.558313742173282e-05
2024-10-11 13:30:00+00:00,0.006490677334669348,0.00598834312163854,0.5055334466634305,-0.5046662724923812,0.0,1.0,0.0002500808263573532
2024-10-14 13:30:00+00:00,0.009700771701281363,0.008178455361924408,0.5100444089788911,-0.508401826810187,0.0,1.0,0.0007707215902437377
2024-10-15 13:30:00+00:00,-0.012282317354627814,-0.007769922124887363,0.5049514888481178,-0.505624753506602,0.0,1.0,-0.002320237074519077
2024-10-16 13:30:00+00:00,0.005360953547836722,0.004346629814820702,0.5074031315541819,-0.5075670558617436,0.0,1.0,0.0005033054659702071
2024-10-17 13:30:00+00:00,-0.0016492393093754387,8.589742862885608e-05,0.5070157110899394,-0.5080609898071538,0.0,1.0,-0.0008863802761669776
2024-10-18 13:30:00+00:00,0.004460208248437292,0.0038466549194462463,0.5091238055111158,-0.5098618016609374,0.0,1.0,0.00030110796991784824
2024-10-21 13:30:00+00:00,-0.0024669851459421244,-0.001642492774470261,0.5080834906200522,-0.5092405344857522,0.0,1.0,-0.00042450892138735165
2024-10-22 13:30:00+00:00,-0.003242301303938988,-0.0005311797270139973,0.5071374075107028,-0.5096748216640112,0.0,1.0,-0.001382813897007045
2024-10-23 13:30:00+00:00,-0.008435331336621998,-0.009137366756745813,0.5026719074625716,-0.5048293026370223,0.0,1.0,0.00037326132572243384
2024-10-24 13:30:00+00:00,-0.0007227153596427449,0.0021628025973028375,0.5030436093410243,-0.5066614252954388,0.0,1.0,-0.00146108721627443
2024-10-25 13:30:00+00:00,0.00022251486001212406,-0.0003454048306994473,0.5030142042707446,-0.5063441465771795,0.0,1.0,0.00028098560118624237
2024-10-28 13:30:00+00:00,0.0018356629320916973,0.0030914301936280086,0.5042642894162481,-0.508238769903937,0.0,1.0,-0.0006479154349524727
2024-10-29 13:30:00+00:00,0.0025543102207739032,0.0016183796278272933,0.5053201059860226,-0.5088274504400484,0.0,1.0,0.0004595717761902963
2024-10-30 13:30:00+00:00,-0.00515087024343408,-0.0030253162524023214,0.5032554625287136,-0.5078311747134732,0.0,1.0,-0.0010694267228000252
2024-10-31 13:30:00+00:00,-0.017815334065267918,-0.01960287357889534,0.4938042239836369,-0.4973871268468734,0.0,1.0,0.000983333751257793
2024-11-01 13:30:00+00:00,0.003797654855327348,0.004220259259989589,0.5020101024387091,-0.5022214514884398,0.008808649169489702,1.0,-0.00022165890786824644
2024-11-04 14:30:00+00:00,-0.0011292727709437678,-0.0021538928400679502,0.5011881552457369,-0.5008848337983343,0.0,1.0,0.0005088724681143772
2024-11-05 14:30:00+00:00,0.010175647050298497,0.012091814888343544,0.5067759144705376,-0.5074299155112592,0.0,1.0,-0.0009626452980497324
2024-11-06 14:30:00+00:00,0.01997885690966794,0.024865703835035058,0.5181955595701104,-0.5213502418917787,0.0,1.0,-0.0024987508966192243
2024-11-07 14:30:00+00:00,0.009437095692463648,0.007732166552688602,0.5226399346788059,-0.524933566027217,0.0,1.0,0.0008531417995287755
2024-11-08 14:30:00+00:00,0.0023915791178383827,0.004331502029744527,0.524429910800591,-0.527750777925942,0.0,1.0,-0.0010297684337540554
2024-11-11 14:30:00+00:00,-0.0009217342909474402,0.0009529899591387281,0.5244669430953899,-0.5287784146259723,0.0,1.0,-0.0009922786052268685
2024-11-12 14:30:00+00:00,-0.0009771615234859254,-0.0031063360412690866,0.5233661267231122,-0.5265439514604566,0.0,1.0,0.0011241221491123082
2024-11-13 14:30:00+00:00,-0.002444618807824872,0.0004858730024395186,0.5228925867540513,-0.5276129507618968,0.0,1.0,-0.0015412165483306168
2024-11-14 14:30:00+00:00,-0.005827222937104248,-0.006430414396718542,0.5196689885121786,-0.5240421082690121,0.0,1.0,0.00033980585834709147
2024-11-15 14:30:00+00:00,-0.01637914875656843,-0.012808537191168923,0.5120818038497923,-0.5182656111509534,0.0,1.0,-0.0018054752144665905
2024-11-18 14:30:00+00:00,0.002339049983592467,0.004097410127560819,0.5137582646603516,-0.5208744640546126,0.0,1.0,-0.0009317142099559368
2024-11-19 14:30:00+00:00,0.0023336778179552375,0.0036555804977529416,0.5153236599759556,-0.5231505773941149,0.0,1.0,-0.0007111046474988996
2024-11-20 14:30:00+00:00,0.0027161131444564113,0.0003387221816493202,0.5160954956730355,-0.5226919137400396,0.0,1.0,0.0012165222806516623
2024-11-21 14:30:00+00:00,0.006578737977992466,0.005368352731534021,0.5191879051650157,-0.525191558765497,0.0,1.0,0.0005833100938255775
2024-11-22 14:30:00+00:00,0.0036796888589760712,0.003099499050194021,0.5209542243605817,-0.5266736763656097,0.0,1.0,0.00027666683183487714
2024-11-25 14:30:00+00:00,0.005471912547221125,0.0033917909183220907,0.523251085481343,-0.5279013671447843,0.0,1.0,0.001058296583437952
2024-11-26 14:30:00+00:00,0.00435379138690295,0.005221694503507512,0.5257838833759185,-0.5309150640067472,0.0,1.0,-0.0004843659790101119
2024-11-27 14:30:00+00:00,-0.0016255627392632865,-0.0030301917856291327,0.5245367683600257,-0.5289105970337029,0.0,1.0,0.0007481273951465831
2024-11-29 14:30:00+00:00,0.005644493275381857,0.006212154403273384,0.5276721100430609,-0.532372424000567,0.0,1.0,-0.0003308824135545573
2024-12-02 14:30:00+00:00,0.0037238122732290435,0.0017923273750353186,0.5013957245363201,-0.5004308791693785,0.06004453404362786,1.0,0.0009297678011226676
2024-12-03 14:30:00+00:00,0.0002151085647419393,0.00046394547237316175,0.5015689186882787,-0.5007282819371149,0.0,1.0,-0.0001302705069059823
2024-12-04 14:30:00+00:00,0.0044620005432449705,0.006209406835690379,0.5042492354133922,-0.5042798503459714,0.0,1.0,-0.0008771772099743096
2024-12-05 14:30:00+00:00,-0.004228238681253993,-0.0016456371446975648,0.5027748677339902,-0.5041094530092468,0.0,1.0,-0.0013081768500681765
2024-12-06 14:30:00+00:00,0.002149827353250311,0.0018957972729021222,0.5037956755824865,-0.5050049268327782,0.0,1.0,0.00011923745596984766
2024-12-09 14:30:00+00:00,-0.004773054575161417,-0.005149775023360559,0.5012957524890241,-0.5023087936909226,0.0,1.0,0.0001900651236395625
2024-12-10 14:30:00+00:00,-0.0022632957650486896,-0.003108888030688317,0.49995064828592717,-0.5005364015908633,0.0,1.0,0.0004210888618175113
2024-12-11 14:30:00+00:00,0.0052390547105227725,0.007730532078060515,0.5032019872345248,-0.5050401934132277,0.0,1.0,-0.0012560962907562296
2024-12-12 14:30:00+00:00,-0.007414662470230149,-0.005152639643455803,0.5000383254082825,-0.5030086849259073,0.0,1.0,-0.0011347351485258594
2024-12-13 14:30:00+00:00,-0.004222016123158978,-0.0001985150947229064,0.49893363811725455,-0.5039253823733542,0.0,1.0,-0.002017267436289054
2024-12-16 14:30:00+00:00,-0.00027196476065538544,0.004269849806811443,0.49994448365495686,-0.5072403377794902,0.0,1.0,-0.0022933304450001094
2024-12-17 14:30:00+00:00,-0.00366476017346018,-0.004119991479773488,0.4979869652687021,-0.5050233991077497,0.0,1.0,0.00025169685625674485
2024-12-18 14:30:00+00:00,-0.026109982527682263,-0.02980356423151731,0.48399567597922183,-0.4889728744829245,0.0,1.0,0.0020431139705953134
2024-12-19 14:30:00+00:00,-0.0011801363170059753,-0.0003070465374180875,0.4836310035252547,-0.4890315514868985,0.0,1.0,-0.0004269958274479661
2024-12-20 14:30:00+00:00,0.009678434901498667,0.012011013709321894,0.48889794710392886,-0.49549938318327663,0.0,1.0,-0.0011989258661868239
2024-12-23 14:30:00+00:00,0.007579730612288449,0.005988208830145503,0.4922430403683629,-0.4981016234452824,0.0,1.0,0.0007326085732865007
2024-12-24 14:30:00+00:00,0.007467254861503347,0.011115098833935466,0.49684620588616973,-0.5045799700946129,0.0,1.0,-0.0018666969186585563
2024-12-26 14:30:00+00:00,0.0006039615802284626,6.648855168323031e-05,0.49701677183639775,-0.5044820635493753,0.0,1.0,0.0002605748472651877
2024-12-27 14:30:00+00:00,-0.009492348579916987,-0.010526378817907966,0.49201032157842334,-0.49887907149473903,0.0,1.0,0.0005865604784721089
2024-12-30 14:30:00+00:00,-0.01074688401216084,-0.011411689511399481,0.48652836453158704,-0.4929890580445163,0.0,1.0,0.0003995228278915731
2024-12-31 14:30:00+00:00,-0.00279981819722408,-0.0036379248440820966,0.4849599134230266,-0.49098677745391733,0.0,1.0,0.0004253137926871877
2025-01-02 14:30:00+00:00,-0.0026392149619169913,-0.002457123996579935,0.4987347668366967,-0.4988258222466374,0.024053309123056088,1.0,-0.00010902451818243708
2025-01-03 14:30:00+00:00,0.0095151481098672,0.012503404560544995,0.5042353633397094,-0.505820277948241,0.0,1.0,-0.001497438267757341
2025-01-06 14:30:00+00:00,0.003904143289755968,0.0057605105090932085,0.5066858937414543,-0.5092183929982855,0.0,1.0,-0.0009511282975452818
2025-01-07 14:30:00+00:00,-0.0075556401355411085,-0.011303942339435435,0.5018929760327269,-0.5024964763525547,0.0,1.0,0.0019218866968147622
2025-01-08 14:30:00+00:00,0.001959283758887098,0.0014609060507264626,0.5027540076277202,-0.5031081711663166,0.0,1.0,0.00024329823291587834
2025-01-10 14:30:00+00:00,-0.014749481314978219,-0.015267324294868434,0.4952099900511264,-0.4952983758638193,0.0,1.0,0.0002598023821064756
2025-01-13 14:30:00+00:00,0.001701168779280282,0.00155047779484363,0.49601843156937836,-0.4960323297889033,0.0,1.0,6.853425971132843e-05
2025-01-14 14:30:00+00:00,-5.658012884857122e-05,0.0013759502770052112,0.496346015076518,-0.4970710133895975,0.0,1.0,-0.0007165329892984243
2025-01-15 14:30:00+00:00,0.01590797413283429,0.018190135475925073,0.5048233715430507,-0.5066964569352056,0.0,1.0,-0.0011518818868919008
2025-01-16 14:30:00+00:00,0.00011148081702239132,-0.00192341567457055,0.5043627214279874,-0.505204078472394,0.0,1.0,0.0010249136484777725
2025-01-17 14:30:00+00:00,0.0067977614250573914,0.010040007252678729,0.5086303298253971,-0.5111195083467995,0.0,1.0,-0.0016496675409379505
2025-01-21 14:30:00+00:00,0.008024881164644393,0.009153480443916395,0.5130212651219361,-0.516109129407024,0.0,1.0,-0.0006027768515262777
2025-01-22 14:30:00+00:00,0.008674621177628294,0.005621538331987974,0.5166743092877577,-0.5182108648134065,0.0,1.0,0.0015429854955974983
2025-01-23 14:30:00+00:00,0.004844374347755975,0.005457956171128542,0.5193493650781018,-0.5212119462076169,0.0,1.0,-0.000331360798448421
2025-01-24 14:30:00+00:00,-0.0027625906853517845,-0.0029191634446454895,0.5178727708457489,-0.5196484553567307,0.0,1.0,8.080076092129826e-05
2025-01-27 14:30:00+00:00,-0.00841939622755039,-0.014145458332822769,0.5119845578650974,-0.5107733676983595,0.0,1.0,0.0029845371388021995
2025-01-28 14:30:00+00:00,0.006354560148679855,0.008592419782555538,0.5158267049217949,-0.5157507706124818,0.0,1.0,-0.0011412949018172554
2025-01-29 14:30:00+00:00,-0.0030484058654778323,-0.004482967158625062,0.513877228038073,-0.5130622470601358,0.0,1.0,0.00073369223288524
2025-01-30 14:30:00+00:00,0.009336644040646602,0.0053671859760371365,0.5176200849671707,-0.5147667315350485,0.0,1.0,0.0020382358805780265
2025-01-31 14:30:00+00:00,-0.008114278502125094,-0.005321911081975883,0.5141740195347643,-0.5127791913093078,0.0,1.0,-0.0014665231354807804
2025-02-03 14:30:00+00:00,-0.004908395186819403,-0.00672955270931086,0.49710280934995016,-0.49619304132827213,0.026953210844072095,1.0,0.0008911497748713114
2025-02-04 14:30:00+00:00,0.004713407683944126,0.0067083690889735426,0.49994157473980083,-0.5000174798411544,0.0,1.0,-0.0009915502402624663
2025-02-05 14:30:00+00:00,0.004363829160709098,0.004054319483800306,0.5020486918640421,-0.5019701796108907,0.0,1.0,0.00014847663078727016
2025-02-06 14:30:00+00:00,0.0013036707482636523,0.0034757322910417,0.5032548459650585,-0.5042676516777952,0.0,1.0,-0.0010961601495787722
2025-02-07 14:30:00+00:00,-0.007865131198535602,-0.00915361540214743,0.4989714737355164,-0.4993263414083072,0.0,1.0,0.0006517543724361903
2025-02-10 14:30:00+00:00,0.007326147376099934,0.006791328320455037,0.5024971182665966,-0.5025875131430778,0.0,1.0,0.000258497048548353
2025-02-11 14:30:00+00:00,0.0009226067541330263,0.0007605411152529218,0.5029227968817951,-0.5029318223101239,0.0,1.0,7.541638653473426e-05
2025-02-12 14:30:00+00:00,-0.0030907823024125536,-0.0032216898605842426,0.5013383352721759,-0.5012814986333438,0.0,1.0,5.991309146722554e-05
2025-02-13 14:30:00+00:00,0.010606427191582446,0.010557605365127953,0.5066460547593712,-0.5065641433750041,0.0,1.0,1.9123931050329786e-05
2025-02-14 14:30:00+00:00,-0.00371368432342567,-4.907515727980982e-05,0.5057064682969641,-0.507484532559934,0.0,1.0,-0.001862616177029281
2025-02-18 14:30:00+00:00,0.0025390681156969297,0.0029357955473410247,0.5070978948221591,-0.5090822270282537,0.0,1.0,-0.00021180004243175472
2025-02-19 14:30:00+00:00,0.003394774819689861,0.0023549188372289365,0.5085566151964056,-0.5100175567198503,0.0,1.0,0.0005166834573803297
2025-02-20 14:30:00+00:00,-0.0027390194318742678,-0.004160346116164559,0.5067972792826155,-0.5075287888506406,0.0,1.0,0.0007229507290916264
2025-02-21 14:30:00+00:00,-0.016693461388106567,-0.01710400613660845,0.49823014715686914,-0.49874097238469123,0.0,1.0,0.00021462232475262852
2025-02-24 14:30:00+00:00,-0.0031762405076494193,-0.004550406396044981,0.4963096501172042,-0.4961336198904741,0.0,1.0,0.0006810229542248326
2025-02-25 14:30:00+00:00,-0.0010439017598427025,-0.004973390324342075,0.49482989164412167,-0.492708616308661,0.0,1.0,0.0019434152466074465
2025-02-26 14:30:00+00:00,-0.0015950156208571764,0.0005051110236118372,0.4945569904359997,-0.49347271698580486,0.0,1.0,-0.0010440863413178588
2025-02-27 14:30:00+00:00,-0.014321739369809072,-0.015962116690550254,0.4870902468106962,-0.48521349946655284,0.0,1.0,0.0007880003906363709
2025-02-28 14:30:00+00:00,0.014697572865104203,0.015605596661077747,0.4944564457868917,-0.4929920867162364,0.0,1.0,-0.0004189541537556707
2025-03-03 14:30:00+00:00,-0.013603420274892364,-0.01751997766630431,0.49224036521383524,-0.49028589002570466,0.012551467496871915,1.0,0.0019460505810051558
2025-03-04 14:30:00+00:00,-0.010273597765128595,-0.01183676164866676,0.48682285893465993,-0.48412406413664,0.0,1.0,0.0007403653230193878
2025-03-05 14:30:00+00:00,0.01066225452270353,0.010747730837302738,0.4920226192599496,-0.48933638051371636,0.0,1.0,-1.8558284722534887e-05
2025-03-06 14:30:00+00:00,-0.016355097408934482,-0.017751050248379863,0.4836692798626754,-0.48034598862572014,0.0,1.0,0.0006332044325113687
2025-03-07 14:30:00+00:00,0.0034616534107649866,0.005604776840324233,0.4858410225736881,-0.48353330515022647,0.0,1.0,-0.0010238890410255892
2025-03-10 13:30:00+00:00,-0.022337861056248576,-0.026635619444153158,0.4740305436604142,-0.46970500660254755,0.0,1.0,0.002020607465925861
2025-03-11 13:30:00+00:00,-0.01232072970895226,-0.008312891177371884,0.46910101741013893,-0.46670662664572127,0.0,1.0,-0.0019417479778263181
2025-03-12 13:30:00+00:00,0.0021084439151108914,0.005306600218026203,0.4707932224778632,-0.46988502762115664,0.0,1.0,-0.0014935046819341035
2025-03-13 13:30:00+00:00,-0.01724040338644972,-0.013330547411436466,0.4635381788444796,-0.4644845835865995,0.0,1.0,-0.0018587928094493478
2025-03-14 13:30:00+00:00,0.019148284680176264,0.020655906135268243,0.4727565769818788,-0.47442257742818067,0.0,1.0,-0.0007243413321517835
2025-03-17 13:30:00+00:00,0.010036274854721361,0.00771133679017999,0.4769859895156571,-0.4775650816805993,0.0,1.0,0.0010803302896010482
2025-03-18 13:30:00+00:00,-0.010126752895448843,-0.010808487898628982,0.4720020407872977,-0.47224961521479675,0.0,1.0,0.00032548477478392524
2025-03-19 13:30:00+00:00,0.00947593029909366,0.010890956650734918,0.476797273575334,-0.47771606125124944,0.0,1.0,-0.0006765440290525819
2025-03-20 13:30:00+00:00,-0.0037665812673295385,-0.00289202701429081,0.47520109555804146,-0.47653477167642694,0.0,1.0,-0.0004202803056158146
2025-03-21 13:30:00+00:00,-0.0019192773978060629,0.0003300018080938383,0.47479958224493185,-0.47720514500893735,0.0,1.0,-0.0010752524393424143
2025-03-24 13:30:00+00:00,0.01730779247381453,0.017908599461789354,0.4831788394159244,-0.48591365958505767,0.0,1.0,-0.0003342955478734326
2025-03-25 13:30:00+00:00,0.0015465296375440918,0.0024038215328545665,0.484132694263351,-0.48728966099604343,0.0,1.0,-0.00042675170358022187
2025-03-26 13:30:00+00:00,-0.008464745911940574,-0.011938228305225729,0.47921356741579213,-0.4806487601637647,0.0,1.0,0.0017133625981919588
2025-03-27 13:30:00+00:00,-0.0016729945658843226,-0.002655735881150312,0.4781876703454645,-0.47914765858453784,0.0,1.0,0.0004688020834602788
2025-03-28 13:30:00+00:00,-0.019991751234059274,-0.020138212342233786,0.46858877361331236,-0.46945932089172815,0.0,1.0,8.341596216630988e-05
2025-03-31 13:30:00+00:00,0.007546663907101792,0.006712577101404937,0.4719461654819868,-0.4724315286869462,0.0,1.0,0.0003790477166893691
2025-04-01 13:30:00+00:00,0.0023406174221936027,0.002824553701041621,0.5013085353523851,-0.5015505702284905,0.055622305831066976,1.0,-0.0002757316732919236
2025-04-02 13:30:00+00:00,0.00566290740674158,0.006328298292829215,0.504319397391748,-0.5048967269656435,0.0,1.0,-0.0003410501803870625
2025-04-03 13:30:00+00:00,-0.04440965209573022,-0.0492808064931346,0.4807309603351438,-0.4788279388038714,0.0,1.0,0.0024791165363626626
2025-04-04 13:30:00+00:00,-0.055403560235348426,-0.05854282631206209,0.4534656284286529,-0.4501694603072036,0.0,1.0,0.0013917817558803285
2025-04-07 13:30:00+00:00,-0.0057883041171389316,-0.001781249590409928,0.4516668783238796,-0.45019094368467194,0.0,1.0,-0.0018288851781796806
2025-04-08 13:30:00+00:00,-0.014036997278877639,-0.015662692960500824,0.4450130068956747,-0.4428274577306329,0.0,1.0,0.0007052034015872978
2025-04-09 13:30:00+00:00,0.08679955194010747,0.10501930911064017,0.4874834787556859,-0.4932216762186181,0.0,1.0,-0.00788445644098015
2025-04-10 13:30:00+00:00,-0.029882269683714324,-0.043819062573260736,0.46961056758909353,-0.46831250398691093,0.0,1.0,0.007039446333227166
2025-04-11 13:30:00+00:00,0.017112496929650556,0.01784277577362925,0.4778024153813839,-0.4768238186176883,0.0,1.0,-0.00032573798557786903
2025-04-14 13:30:00+00:00,0.008565482596419871,0.009701622903123708,0.48215505420869,-0.4817095737993858,0.0,1.0,-0.0005393089869320289
2025-04-15 13:30:00+00:00,-0.002487150347489364,-0.00280102140040972,0.4808865498357584,-0.48029106854137826,0.0,1.0,0.00014413433342304766
2025-04-16 13:30:00+00:00,-0.020858820719752535,-0.022228078391931083,0.47055501236247677,-0.4693151025108767,0.0,1.0,0.0006392688119652919
2025-04-17 13:30:00+00:00,0.0026086915670202604,0.0014268350248789474,0.47152229074958796,-0.46972547497538175,0.0,1.0,0.0005519452856495541
2025-04-21 13:30:00+00:00,-0.022114701804722414,-0.02380270712392807,0.4607504382497198,-0.4582023633689832,0.0,1.0,0.0007472106743278746
2025-04-22 13:30:00+00:00,0.02476862837288296,0.02601775974219156,0.47240597582727073,-0.47036609263468726,0.0,1.0,-0.0005151950067406719
2025-04-23 13:30:00+00:00,0.01174517506639483,0.015495480308824972,0.4787904396202604,-0.47849008965147966,0.0,1.0,-0.0017460100188097405
2025-04-24 13:30:00+00:00,0.019246025140040812,0.021048912949868326,0.48842668448102067,-0.4889836985306021,0.0,1.0,-0.0008628357876583425
2025-04-25 13:30:00+00:00,0.005454863108365071,0.007225311311978455,0.4915209240047185,-0.4929479450315202,0.0,1.0,-0.0008747111270020169
2025-04-28 13:30:00+00:00,0.0008943944531714099,0.000381272763119167,0.4918396859017639,-0.49301475223583613,0.0,1.0,0.0002457135820190424
2025-04-29 13:30:00+00:00,0.006016181816008492,0.006299501905075555,0.49487425154904324,-0.4961962701552546,0.0,1.0,-0.00015270277717886288
2025-04-30 13:30:00+00:00,0.0028418924488307074,0.0003968300492129817,0.4956840645547584,-0.495796474065422,0.0,1.0,0.0012035214273405854
2025-05-01 13:30:00+00:00,0.00023633553594160084,0.007086756457844956,0.5018422078165843,-0.5052792258869975,0.008519461379819626,1.0,-0.0034354225725939684
2025-05-02 13:30:00+00:00,0.016941153872298997,0.014844248983960195,0.5098365316325674,-0.5122698323073299,0.0,1.0,0.0009953430457933672
2025-05-05 13:30:00+00:00,-0.0033666962390186406,-0.005734215590911473,0.5075034256003219,-0.5087142541340282,0.0,1.0,0.0012150485446562433
2025-05-06 13:30:00+00:00,-0.009726210339177088,-0.008358325676825262,0.502914370578473,-0.5048105932306759,0.0,1.0,-0.0006900380336985627
2025-05-07 13:30:00+00:00,0.005528558179735743,0.004205416334334133,0.5053655161696032,-0.5066034796456265,0.0,1.0,0.0006515002616987001
2025-05-08 13:30:00+00:00,0.0029244251575504254,0.006967652273661029,0.5078885964474377,-0.5111852773733456,0.0,1.0,-0.002057885638504975
2025-05-09 13:30:00+00:00,-0.0032075866459819746,-0.0012740024202869682,0.5067580472096557,-0.5110367829453041,0.0,1.0,-0.0009837977799750028
2025-05-12 13:30:00+00:00,0.031710699118568275,0.03304742941467098,0.5232592585170077,-0.5283610019796946,0.0,1.0,-0.0008247524326592434
2025-05-13 13:30:00+00:00,0.0017579132577789647,0.006603860821533747,0.5255325228468658,-0.5332234511246229,0.0,1.0,-0.002575330513749762
2025-05-14 13:30:00+00:00,0.0003963023202080418,0.0012780826440004223,0.5259928411479087,-0.5341609173356616,0.0,1.0,-0.00047918626105977025
2025-05-15 13:30:00+00:00,0.006846893718358116,0.004884285134641564,0.5290723439835268,-0.536240925725165,0.0,1.0,0.0009864704709554998
2025-05-16 13:30:00+00:00,0.006800506081752422,0.006334043929497213,0.5325662222723004,-0.5395320565423437,0.0,1.0,0.0001954337316571549
2025-05-19 13:30:00+00:00,0.002958658151066995,0.001093923806363195,0.5336192118810761,-0.5395937195555377,0.0,1.0,0.0009795220526087546
2025-05-20 13:30:00+00:00,-0.003951655647745245,-0.0033622573759429786,0.5316702349704218,-0.5379410526743031,0.0,1.0,-0.00030037878973948774
2025-05-21 13:30:00+00:00,-0.015869505248286786,-0.016850775346555102,0.5229079418213007,-0.5285478744698051,0.0,1.0,0.0006214278631306891
2025-05-22 13:30:00+00:00,-0.0017033115749807148,0.00039460189702000825,0.5225948350992125,-0.5293414652235299,0.0,1.0,-0.001105193524837623
2025-05-23 13:30:00+00:00,-0.01029472798631792,-0.006825639685453577,0.5181334258767617,-0.5266620533694875,0.0,1.0,-0.0017728299431675717
2025-05-27 13:30:00+00:00,0.020516015101487595,0.02079046874263546,0.528935611819337,-0.5377866378254584,0.0,1.0,-0.0003254701495897726
2025-05-28 13:30:00+00:00,-0.006701161008939138,-0.005785242945128943,0.5256219868847334,-0.5349103487661483,0.0,1.0,-0.00043920872665114216
2025-05-29 13:30:00+00:00,0.0028346531667513553,0.0039473365509063996,0.5274428962016882,-0.5373589952547141,0.0,1.0,-0.000627467522458139
2025-05-30 13:30:00+00:00,0.0009610927186993745,-0.0011185059286688004,0.5273686530599943,-0.5361670954068424,0.0,1.0,0.0011020083681326789
2025-06-02 13:30:00+00:00,0.004461699351647752,0.005632921295571913,0.5025441011070628,-0.503130077336307,0.06353574846683663,1.0,-0.0006233312271478798
2025-06-03 13:30:00+00:00,0.00624128766376586,0.005702766119861424,0.5055485049980536,-0.5058671088245853,0.0,1.0,0.0002613367588686835
2025-06-04 13:30:00+00:00,0.0037439210773879683,-0.00026872004220612755,0.506416900145735,-0.5047102856377333,0.0,1.0,0.002022717953385843
2025-06-05 13:30:00+00:00,-0.0026166327885710494,-0.004832652403296889,0.5045327556870205,-0.5017152807163605,0.0,1.0,0.0011080299282956291
2025-06-06 13:30:00+00:00,0.006921318597011394,0.010269029902033378,0.5088725946431122,-0.5077132854810668,0.0,1.0,-0.0016660496561977758
2025-06-09 13:30:00+00:00,-0.0036585859451940816,0.0009011253788435702,0.5081924997986137,-0.5093551615300611,0.0,1.0,-0.002325219830331156
2025-06-10 13:30:00+00:00,0.007844579452110922,0.005669821601985259,0.5116200340151933,-0.5116840222860709,0.0,1.0,0.001092651162758877
2025-06-11 13:30:00+00:00,-0.003201761053796215,-0.0028521799815779403,0.5100761204725204,-0.5103188237258869,0.0,1.0,-0.00018462255494650944
2025-06-12 13:30:00+00:00,0.0034335508779008705,0.003974481637680771,0.5119722953743386,-0.5124920261076537,0.0,1.0,-0.00028283286396907635
2025-06-13 13:30:00+00:00,-0.016060479580499387,-0.011180263670473423,0.5050116357354679,-0.5080316370914404,0.0,1.0,-0.00249867699569463
2025-06-16 13:30:00+00:00,0.009095344784665116,0.009514344503849026,0.5097304298699341,-0.5129915674634997,0.0,1.0,-0.00024628544781296196
2025-06-17 13:30:00+00:00,-0.009581586138084353,-0.00854517139843114,0.5051021762423603,-0.5088656447228831,0.0,1.0,-0.0005063775320284636
2025-06-18 13:30:00+00:00,-0.006805690362184924,-0.00015060950756184965,0.5033593584859346,-0.5105078240106007,0.0,1.0,-0.0033668813895567865
2025-06-20 13:30:00+00:00,-0.005323499393738551,-0.002348577608368929,0.5014251530931376,-0.5100671319377259,0.0,1.0,-0.001486618376316437
2025-06-23 13:30:00+00:00,0.01115922556053306,0.009877485739587577,0.506741260869263,-0.5148214488709342,0.0,1.0,0.0005513831821915403
2025-06-24 13:30:00+00:00,0.011317600003746708,0.011047288866202987,0.5124549550032437,-0.5204870939369963,0.0,1.0,4.176125476584061e-05
2025-06-25 13:30:00+00:00,-0.0013362310018456558,0.000560282661534961,0.512273418594996,-0.5212907936632766,0.0,1.0,-0.0009823304731627533
2025-06-26 13:30:00+00:00,0.005575007204915439,0.007823708081869052,0.5157629362837227,-0.5260154050071555,0.0,1.0,-0.0012284513767859254
2025-06-27 13:30:00+00:00,0.006763937191474945,0.004968423651560361,0.5188005993313842,-0.5281698039113736,0.0,1.0,0.00086916834643876
2025-06-30 13:30:00+00:00,0.006773545265092329,0.004781279687299023,0.5218018712326674,-0.5301740555117801,0.0,1.0,0.0009828394072896208
2025-07-01 13:30:00+00:00,0.0033365616841796175,-0.0003237141327537829,0.500767801401409,-0.4989409485353161,0.05197592674444751,1.0,0.0017981975641420955
2025-07-02 13:30:00+00:00,0.002780472886127594,0.004533365492089381,0.502600180439405,-0.5016419991058699,0.0,1.0,-0.0008754627655903812
2025-07-03 13:30:00+00:00,0.005599539823960331,0.007881299997254843,0.5059939814258129,-0.5061752690656498,0.0,1.0,-0.0011452137412282912
2025-07-07 13:30:00+00:00,-0.007406575272742799,-0.007451971921066947,0.5022370733218882,-0.5023940366972341,0.0,1.0,1.8369000278243265e-05
2025-07-08 13:30:00+00:00,0.0011436776030557816,-0.0005477352950125081,0.5023876444117161,-0.5016956153611936,0.0,1.0,0.0008436238571330313
2025-07-09 13:30:00+00:00,0.006147786718846637,0.00599675555837198,0.5054387767607003,-0.5046667787769543,0.0,1.0,7.40737370465261e-05
2025-07-10 13:30:00+00:00,-5.4137626341654865e-05,0.0028201591092256173,0.5061486474809213,-0.5068282432355454,0.0,1.0,-0.001456556249878612
2025-07-11 13:30:00+00:00,-0.0057859597209245495,-0.0035154084840562927,0.503800873320579,-0.5056294244093582,0.0,1.0,-0.0011527997618478475
2025-07-14 13:30:00+00:00,0.00021757120828347354,0.0019082830706971254,0.5043448397084914,-0.5070309756676261,0.0,1.0,-0.0008612238868564634
2025-07-15 13:30:00+00:00,-0.0069603454048059454,-0.004273310535627517,0.5015112980975553,-0.5055465938348671,0.0,1.0,-0.0013496658582450047
2025-07-16 13:30:00+00:00,0.004161669121157452,0.0033432733845384366,0.5034015965711109,-0.5070385266892488,0.0,1.0,0.0003909912304396308
2025-07-17 13:30:00+00:00,0.005998491410447171,0.006119538410830128,0.5064663951481491,-0.5101868485090697,0.0,1.0,-8.914396776075437e-05
2025-07-18 13:30:00+00:00,-0.0024392620493358663,-0.0007323346017438226,0.5056697752982227,-0.5102559850214639,0.0,1.0,-0.0008677291553833782
2025-07-21 13:30:00+00:00,0.0021192131248419788,0.001896143492131186,0.5066916649895477,-0.511173331373072,0.0,1.0,9.815107837607011e-05
2025-07-22 13:30:00+00:00,0.0022232285876226943,0.00014309729281114514,0.5072868284751574,-0.5107115639450436,0.0,1.0,0.0010473914938857814
2025-07-23 13:30:00+00:00,0.007682534041997036,0.008507575318954297,0.511416065947252,-0.5152902275864973,0.0,1.0,-0.0004536211486586749
2025-07-24 13:30:00+00:00,-0.0005369069347254118,0.0003309323466664793,0.511372143358778,-0.5156933631701235,0.0,1.0,-0.00045106141751895284
2025-07-25 13:30:00+00:00,0.003975427697948231,0.004224435835635587,0.5134828810375632,-0.5179503684059056,0.0,1.0,-0.00015154292186004827
2025-07-28 13:30:00+00:00,-0.0005885585729931142,-0.0002511658677887274,0.5132720675577443,-0.5179125045730264,0.0,1.0,-0.00017807567892008186
2025-07-29 13:30:00+00:00,-0.0040154575032878,-0.0026374681700745972,0.5115696540785254,-0.5169088783021647,0.0,1.0,-0.0007009968101601966
2025-07-30 13:30:00+00:00,-0.004031646408107825,-0.0012594666428340506,0.5102303819948456,-0.5169906265960807,0.0,1.0,-0.001417390849708688
2025-07-31 13:30:00+00:00,-0.006260709452850732,-0.003751164153554032,0.5076761777103649,-0.5157016301964789,0.0,1.0,-0.001261039850428495
2025-08-01 13:30:00+00:00,-0.009721997503263191,-0.01639031998897922,0.49350229105080334,-0.4901791510680213,0.02337780790684374,1.0,0.003316519957952211
2025-08-04 13:30:00+00:00,0.01711186278474619,0.015199663392138074,0.5014514836304919,-0.4971384205686578,0.0,1.0,0.0009882330093889215
2025-08-05 13:30:00+00:00,-0.008465850788725748,-0.005069926343612585,0.49806828226999905,-0.49547549009849323,0.0,1.0,-0.0017307106442902862
2025-08-06 13:30:00+00:00,0.008211853936391567,0.007659660445043404,0.502013295742328,-0.4991264477183794,0.0,1.0,0.0002889375904023739
2025-08-07 13:30:00+00:00,-0.0068503980382946805,-0.000837636431655131,0.5000879995985044,-0.5002224629756802,0.0,1.0,-0.003026856780691947
2025-08-08 13:30:00+00:00,0.008309739934119653,0.007797554830949682,0.5041180064939783,-0.5039974107778676,0.0,1.0,0.00024913675715976057
2025-08-11 13:30:00+00:00,-0.0018852473298137662,-0.0019775013459851776,0.5031473344544363,-0.5029804770328256,0.0,1.0,4.0316051580085294e-05
2025-08-12 13:30:00+00:00,0.01041554445424242,0.010646078845516938,0.5084489875719865,-0.5083963402110108,0.0,1.0,-0.00012016876815580338
2025-08-13 13:30:00+00:00,0.007851269075832779,0.003423132386020322,0.5112927424389346,-0.5089935964561781,0.0,1.0,0.002245709454699525
2025-08-14 13:30:00+00:00,-0.00047695864459174064,9.301357079483097e-05,0.5112007859775067,-0.5091922519417349,0.0,1.0,-0.0002971611862937415
2025-08-15 13:30:00+00:00,-0.0026509439393958,-0.0023411979263346927,0.509931798378846,-0.5080859971889612,0.0,1.0,-0.0001689971620021399
2025-08-18 13:30:00+00:00,-5.314342542539485e-05,-0.00021771255650937515,0.5098651512689206,-0.5079359825357435,0.0,1.0,7.75647979230593e-05
2025-08-19 13:30:00+00:00,-0.0029239445228490535,-0.00542510102815319,0.5077351794320338,-0.5045452396995173,0.0,1.0,0.0012588342236939166
2025-08-20 13:30:00+00:00,-0.002132823253842897,-0.002657080804944645,0.5065247495451061,-0.5030779694849478,0.0,1.0,0.0002517556931926637
2025-08-21 13:30:00+00:00,-0.003152533380697209,-0.004011713095880665,0.5047182453715965,-0.5008517032372406,0.0,1.0,0.00041541591638919736
2025-08-22 13:30:00+00:00,0.01506224441874271,0.015356637351427116,0.5123691923979921,-0.5085914991744752,0.0,1.0,-9.516078002533653e-05
2025-08-25 13:30:00+00:00,-0.005069531275164629,-0.004400924825375907,0.5099579324381762,-0.5065381891823454,0.0,1.0,-0.0003651510715527467
2025-08-26 13:30:00+00:00,0.0034499670569392293,0.004186872705103539,0.5119053574502339,-0.5088459629467114,0.0,1.0,-0.00036742523199596665
2025-08-27 13:30:00+00:00,0.0015339040289523709,0.002278644276482167,0.5128855792808059,-0.5101994287063177,0.0,1.0,-0.0003802176317967442
2025-08-28 13:30:00+00:00,0.0017956131331857694,0.003541324132844581,0.5142651397938461,-0.5124632197528208,0.0,1.0,-0.0008917898484153759
2025-08-29 13:30:00+00:00,-0.003901075209442939,-0.005963639392962183,0.5117247088959608,-0.5088758042729795,0.0,1.0,0.0010440064758792968
2025-09-02 13:30:00+00:00,-0.007091843010983534,-0.007410347641911175,0.4963830958716702,-0.49622386632598015,0.020600513168940293,1.0,0.00014299967792696925
2025-09-03 13:30:00+00:00,0.005649940167203438,0.005419642546478309,0.4991331121343172,-0.4988587337448319,0.0,1.0,0.00010922643221551585
2025-09-04 13:30:00+00:00,0.008798482111002093,0.008357320883294106,0.5034157168250839,-0.5029189547591087,0.0,1.0,0.00021653886383087262
2025-09-05 13:30:00+00:00,-0.005831976879273282,-0.0028961941058495144,0.5012242815867584,-0.5022083390601674,0.0,1.0,-0.0014853102896457263
2025-09-08 13:30:00+00:00,0.0025896475801585606,0.0024565777359784047,0.5024929664036273,-0.5034126898080007,0.0,1.0,5.832804241757999e-05
2025-09-09 13:30:00+00:00,0.001528567179780671,0.0023118846201510834,0.5034632969223019,-0.5047792867455044,0.0,1.0,-0.0004016901795931697
2025-09-10 13:30:00+00:00,-0.0022630034126649434,0.002890805295761023,0.5036356820217117,-0.5075604517419878,0.0,1.0,-0.0026045101753534696
2025-09-11 13:30:00+00:00,0.01055007544067732,0.008310385076542914,0.5083952209186389,-0.5112215399561876,0.0,1.0,0.001089419255393656
2025-09-12 13:30:00+00:00,-0.003967319406400049,-0.0003348180562272596,0.5073176814291078,-0.5119984681484819,0.0,1.0,-0.0018517524047143002
2025-09-15 13:30:00+00:00,0.0033017101082379874,0.0053239632981088025,0.509531168619904,-0.5152688640578194,0.0,1.0,-0.0010567975172004831
2025-09-16 13:30:00+00:00,-0.0009477471794483439,-0.0013767915798059693,0.5089360116144205,-0.5144459806751173,0.0,1.0,0.00022055872451807893
2025-09-17 13:30:00+00:00,0.002620676558177104,-0.001242457061691904,0.5092680475452062,-0.5127981392645782,0.0,1.0,0.0019669813358464978
2025-09-18 13:30:00+00:00,0.0038163153062036326,0.004672499536354291,0.5114460597128923,-0.5154304998176231,0.0,1.0,-0.0004584740041022562
2025-09-19 13:30:00+00:00,0.003593431253121393,0.004952868450893266,0.5136542329936885,-0.518357076892948,0.0,1.0,-0.0007209655868691366
2025-09-22 13:30:00+00:00,0.005552243466282691,0.004731049353107419,0.5163029453495854,-0.5206045356624517,0.0,1.0,0.0003936080648022391
2025-09-23 13:30:00+00:00,-0.004696052272771811,-0.005443470649980853,0.513671166607314,-0.5175618776824742,0.0,1.0,0.0004033575092253844
2025-09-24 13:30:00+00:00,-0.0034737868235903413,-0.0031816642308674092,0.5119603145167493,-0.5159892802825425,0.0,1.0,-0.00014362839768824602
2025-09-25 13:30:00+00:00,-0.004682611412086479,-0.004613467564511753,0.5095746031516684,-0.513620472419828,0.0,1.0,-2.2763784024620422e-05
2025-09-26 13:30:00+00:00,0.006795593161771807,0.0057290340826092745,0.5127737144931857,-0.5162974587912497,0.0,1.0,0.0005143601156186072
2025-09-29 13:30:00+00:00,0.003945929123102987,0.0028104467833012237,0.5145056724513816,-0.5174554038503146,0.0,1.0,0.0005663898203415128
2025-09-30 13:30:00+00:00,0.00589578888002662,0.003766834755358328,0.5169816303382296,-0.5188451045386483,0.0,1.0,0.001078295441825748
2025-10-01 13:30:00+00:00,0.006889428570141964,0.0034075722246513784,0.5025817500468991,-0.5008438060325165,0.03582673487687793,1.0,0.001717062424354473
2025-10-02 13:30:00+00:00,0.0026552541423909837,0.0011517326256851312,0.5035377271698209,-0.5010440135374581,0.0,1.0,0.000751691740969793
2025-10-03 13:30:00+00:00,0.0005602099296524443,-1.4713447336833774e-05,0.503677018276578,-0.5008946345487727,0.0,1.0,0.00028350653846939537
2025-10-06 13:30:00+00:00,0.001730524482576934,0.0035861796762737264,0.505018626712086,-0.5031591852883024,0.0,1.0,-0.000930625127886777
2025-10-07 13:30:00+00:00,-0.00508103104644253,-0.0037075138893177817,0.5028078441442557,-0.5016481290373905,0.0,1.0,-0.0007064980343140604
2025-10-08 13:30:00+00:00,0.004494189280301875,0.005963055269571305,0.5054403676900712,-0.5050119785019146,0.0,1.0,-0.0007375942770745685
2025-10-09 13:30:00+00:00,-0.0046774315140327705,-0.002896974724933221,0.5035329638399291,-0.504006159658344,0.0,1.0,-0.0009071081477416647
2025-10-10 13:30:00+00:00,-0.024314284388953555,-0.027027862178845674,0.49061619963538133,-0.4897114724983057,0.0,1.0,0.0013732129575659278
2025-10-13 13:30:00+00:00,0.009790153760462106,0.015344118135168339,0.49676909703136896,-0.49858027339717403,0.0,1.0,-0.0027169350353096686
2025-10-14 13:30:00+00:00,0.000777604109407859,-0.0012216462876413203,0.4966639744480269,-0.4974789660085858,0.0,1.0,0.000989426050412895
2025-10-15 13:30:00+00:00,0.0035228082230327473,0.004439529909605389,0.49864543327787303,-0.4999199381373052,0.0,1.0,-0.0004648731966774245
2025-10-16 13:30:00+00:00,-0.007330639734058342,-0.006810319600221937,0.4951171536158592,-0.4966428256309492,0.0,1.0,-0.00025672785410766713
2025-10-17 13:30:00+00:00,0.006084658135226739,0.005676392528467966,0.4980363771585559,-0.4993683204069323,0.0,1.0,0.00018752661095792507
2025-10-20 13:30:00+00:00,0.011113382682020001,0.010400500262923273,0.5034024873106956,-0.5043929100323592,0.0,1.0,0.0003352361202896436
2025-10-21 13:30:00+00:00,0.002658376123537476,-1.494287878323064e-05,0.5040653646883207,-0.503710492638982,0.0,1.0,0.001339817853957484
2025-10-22 13:30:00+00:00,-0.006526315459602916,-0.005198916065879078,0.5011148764538255,-0.501431159503876,0.0,1.0,-0.0006768933904354818
2025-10-23 13:30:00+00:00,0.006363839317926834,0.005929962705964353,0.5041982140379414,-0.504298929500517,0.0,1.0,0.0002095940971560734
2025-10-24 13:30:00+00:00,0.003926790802947,0.008172554694480416,0.5072674426778823,-0.5095145133583846,0.0,1.0,-0.002147482054916788
2025-10-27 13:30:00+00:00,0.011785029252218138,0.011797755361480311,0.5132655797585219,-0.5155457051087233,0.0,1.0,-3.8918312021564763e-05
2025-10-28 13:30:00+00:00,-0.0002509515019443187,0.002655925971395856,0.5139096994832903,-0.5176935718049366,0.0,1.0,-0.0015040083767289512
2025-10-29 13:30:00+00:00,-0.004067700299033694,0.0004803706386860007,0.5130223410232568,-0.5191597213479422,0.0,1.0,-0.002345067810948451
2025-10-30 13:30:00+00:00,-0.008168705608313731,-0.010998097614260183,0.508062868497095,-0.5126742306046245,0.0,1.0,0.0015130884375174857
2025-10-31 13:30:00+00:00,-0.00203354902816244,0.0032801312668069293,0.5084129683819765,-0.5157591271644535,0.0,1.0,-0.0027207619069224845
2025-11-03 14:30:00+00:00,-0.0014263536328457116,0.0018766496475834948,0.5001217965622882,-0.5017760600616997,0.02417209554642996,1.0,-0.0016695400689401992
2025-11-04 14:30:00+00:00,-0.007652262743992333,-0.011853548427536165,0.4952473785396653,-0.4947818630798901,0.0,1.0,0.0021148110554751617
2025-11-05 14:30:00+00:00,0.003958326273357127,0.003465476656154154,0.49708855558286796,-0.49637751487646864,0.0,1.0,0.00023974333294059848
2025-11-06 14:30:00+00:00,-0.010343443066726188,-0.010729363869237507,0.4918592718285493,-0.49096418287678106,0.0,1.0,0.0001782554188725541
2025-11-07 14:30:00+00:00,-0.0003104617006733923,0.000984565078659072,0.4920224674694494,-0.49176330177776945,0.0,1.0,-0.0006420420363091136
2025-11-10 14:30:00+00:00,0.013974399513413838,0.015604278627143309,0.49929954565767226,-0.49983870641745587,0.0,1.0,-0.0008038454305029043
2025-11-11 14:30:00+00:00,0.003113683201969808,0.002289357854538432,0.5006517434223502,-0.5007805011731586,0.0,1.0,0.0004043985585739385
2025-11-12 14:30:00+00:00,0.0024933635277735178,0.0005563903162315587,0.5014168222950552,-0.5005767123051043,0.0,1.0,0.0009637249948028
2025-11-13 14:30:00+00:00,-0.010659411111388462,-0.016593994920437227,0.4946100424256788,-0.4908193775352492,0.0,1.0,0.002955806993318681
2025-11-14 14:30:00+00:00,-0.002719166156014974,-0.0001638243733123046,0.49389259179822714,-0.4913632321403262,0.0,1.0,-0.0012704710918071695
2025-11-17 14:30:00+00:00,-0.010597710927956583,-0.009316347515515466,0.48898234942590935,-0.4871081686522535,0.0,1.0,-0.000662372671323075
2025-11-18 14:30:00+00:00,-0.006499568759405272,-0.008397553343794883,0.48536424570207315,-0.48258024588991233,0.0,1.0,0.0009063900472739195
2025-11-19 14:30:00+00:00,0.0035588645312996103,0.0038631766432766224,0.4871612064017599,-0.48451377540862844,0.0,1.0,-0.00014289951659088193
2025-11-20 14:30:00+00:00,-0.012464181165353083,-0.015242227316648038,0.48046115354664126,-0.47650588871760347,0.0,1.0,0.0013070511885497867
2025-11-21 14:30:00+00:00,0.01383608022248728,0.009961138168965045,0.4861874274332553,-0.48034208266644624,0.0,1.0,0.0018952056874661962
2025-11-24 14:30:00+00:00,0.008854988763884908,0.014718606876234608,0.4918554123781593,-0.4887662905488784,0.0,1.0,-0.002770734454768004
2025-11-25 14:30:00+00:00,0.011926958801629972,0.009406020092127543,0.497093901485634,-0.4927412835021355,0.0,1.0,0.0012630413095832472
2025-11-26 14:30:00+00:00,0.006888169383471254,0.006903398821459961,0.5005096975477183,-0.49613467446443676,0.0,1.0,1.652501615792844e-05
2025-11-28 14:30:00+00:00,0.003749849041304154,0.0054584342293309,0.5028075014263058,-0.499260791593143,0.0,1.0,-0.0008372350608942617
2025-12-01 14:30:00+00:00,-0.002069881521139072,-0.004565470301164498,0.49834707465326866,-0.49710082569752123,0.0035467098331627978,1.0,0.0012400686541437507
2025-12-02 14:30:00+00:00,0.0038447985847447352,0.0018521864059071191,0.49976866348030713,-0.49752930933506945,0.0,1.0,0.0009893683546640323
2025-12-03 14:30:00+00:00,0.003477273322123775,0.003462839691083186,0.5015019743698513,-0.49924767254763136,0.0,1.0,9.0156199584629e-06
2025-12-04 14:30:00+00:00,0.0008035491670150829,0.0007310498015529188,0.5018888682170178,-0.49959663328873705,0.0,1.0,3.205420086723008e-05
2025-12-05 14:30:00+00:00,0.0024087119825382253,0.0018994848443159018,0.5029700310695568,-0.5004185146704804,0.0,1.0,0.0002539771166212927
2025-12-08 14:30:00+00:00,-0.006057270035539686,-0.003004298856025711,0.5006990742108975,-0.4996892118893051,0.0,1.0,-0.0015491709077658626
2025-12-09 14:30:00+00:00,-0.0007051723369374541,-0.0008629381305947925,0.5003098880316288,-0.49922198248535776,0.0,1.0,7.21693571700428e-05
2025-12-10 14:30:00+00:00,0.004687299613585383,0.00663214455678518,0.5031439267211548,-0.5030217124205472,0.0,1.0,-0.0009717623898765532
2025-12-11 14:30:00+00:00,0.008377657821656337,0.0023269460314641055,0.5058220474080285,-0.5026647639035465,0.0,1.0,0.003038710894704714
2025-12-12 14:30:00+00:00,-0.0074622980805106875,-0.010751986278262682,0.5012334006669708,-0.496453829900195,0.0,1.0,0.0016240973696517848
2025-12-15 14:30:00+00:00,0.0009021775102411311,-0.0015108084138407696,0.5010861549340057,-0.4951114835164573,0.0,1.0,0.0011962957438077307
2025-12-16 14:30:00+00:00,-0.004465577678421262,-0.002732375302379353,0.49929326682507136,-0.49419886627243403,0.0,1.0,-0.0008907611399068446
2025-12-17 14:30:00+00:00,-0.009233548678714953,-0.011003593983400228,0.4942768399166432,-0.4883595869538885,0.0,1.0,0.0008217626063822787
2025-12-18 14:30:00+00:00,0.007180716345984717,0.0075513543702006025,0.49789803148475004,-0.4921184580822949,0.0,1.0,-0.00014446689829487723
2025-12-19 14:30:00+00:00,0.005410287702848127,0.009063414425573013,0.5014806546324642,-0.4974604575493974,0.0,1.0,-0.0017724543160119682
2025-12-22 14:30:00+00:00,0.005180022300027565,0.00622989400678442,0.5043342334499845,-0.5008136950041807,0.0,1.0,-0.0005073973300230213
2025-12-23 14:30:00+00:00,0.0014510069407214221,0.0045704023396588855,0.505856720441276,-0.503890235832929,0.0,1.0,-0.0015630799911533545
2025-12-24 14:30:00+00:00,0.004146735491419529,0.003517674396244841,0.507792297386076,-0.5055014117471536,0.0,1.0,0.000319179854167276
2025-12-26 14:30:00+00:00,0.00019892373873586777,-0.00010140966545213459,0.5078190040885886,-0.5053762012148295,0.0,1.0,0.00014632229039579348
2025-12-29 14:30:00+00:00,-0.0026363964442862597,-0.0035636535074947684,0.5062492303041095,-0.5033455786820695,0.0,1.0,0.00045622107439108334
2025-12-30 14:30:00+00:00,-0.0019950158221441194,-0.0012211244085722495,0.5054420788939451,-0.5029327479798418,0.0,1.0,-0.0004012800332817629
2025-12-31 14:30:00+00:00,-0.007396360238992372,-0.0074089416209803804,0.5017127706984018,-0.4992156267008486,0.0,1.0,-1.8184707335315995e-05
2026-01-02 14:30:00+00:00,0.002869837483594484,0.0018329931020035772,0.5011787055435681,-0.5006605482457879,0.002497143997553186,1.0,0.0005112212378442959
2026-01-05 14:30:00+00:00,0.009990386139429264,0.006660117292359935,0.505343489880007,-0.5031564665661178,0.0,1.0,0.0016665584373130049
2026-01-06 14:30:00+00:00,0.008599325348718656,0.0059472480516442605,0.5090033408888456,-0.5054678640301379,0.0,1.0,0.0013472643859251579
2026-01-07 14:30:00+00:00,-0.004829781075592843,-0.003223412281198157,0.506968282553781,-0.5042595873286084,0.0,1.0,-0.0008349957635251133
2026-01-08 14:30:00+00:00,0.002377111094269857,-0.00010152731427326422,0.5075387944132624,-0.5035787346524445,0.0,1.0,0.0012503636695471655
2026-01-09 14:30:00+00:00,0.00820120511890221,0.006613382996888628,0.5112788473412,-0.5064906724620097,0.0,1.0,0.0008261183364859569
2026-01-12 14:30:00+00:00,0.0007839859681224581,0.00157043300066384,0.5118847062270555,-0.5074893451132483,0.0,1.0,-0.0004005266054018159
2026-01-13 14:30:00+00:00,-0.0034274392104896023,-0.0019995067653818532,0.5105109291370146,-0.5068525653973512,0.0,1.0,-0.000745677715411796
2026-01-14 14:30:00+00:00,-0.004520255876377832,-0.0049151644595419874,0.5081130120065135,-0.5042717070682383,0.0,1.0,0.00017767130732966363
2026-01-15 14:30:00+00:00,0.004343372529308498,0.002723208385480236,0.5098978759005899,-0.5052267502585668,0.0,1.0,0.000827734775932249
2026-01-16 14:30:00+00:00,-0.00088453571849334,-0.000837905189162047,0.5094639929897129,-0.5048204018909345,0.0,1.0,-3.364314922520644e-05
2026-01-20 14:30:00+00:00,-0.01859237322328755,-0.02035680001149731,0.4995929578429627,-0.49414932984335513,0.0,1.0,0.0007984308805739775
2026-01-21 14:30:00+00:00,0.01222874320859968,0.0115411092816613,0.5054999445033376,-0.499652295388931,0.0,1.0,0.0004004101921521182
2026-01-22 14:30:00+00:00,0.0032679086681492997,0.005223257672714476,0.5076411556935594,-0.5027466741298773,0.0,1.0,-0.000963837416140568
2026-01-23 14:30:00+00:00,0.00024667996959393257,0.00036273518897367296,0.5077984183044033,-0.5029607705318138,0.0,1.0,-6.309138594765153e-05
2026-01-26 14:30:00+00:00,0.0051805889957228235,0.005078142735685631,0.5103930611118654,-0.5054791721217108,0.0,1.0,7.063593374988833e-05
2026-01-27 14:30:00+00:00,0.0020124859092149894,0.0039842543077575066,0.5119284374781727,-0.5079974447159634,0.0,1.0,-0.000992751106311271
2026-01-28 14:30:00+00:00,0.000636788914980313,-0.0001006645803248718,0.5120643621774578,-0.5077578401861114,0.0,1.0,0.00037117532287535136
2026-01-29 14:30:00+00:00,0.002300910187635674,-0.001984377154833794,0.5121262206138707,-0.5056480229220663,0.0,1.0,0.0021798447849599636
2026-01-30 14:30:00+00:00,-0.01133149350880125,-0.002982572514766746,0.5085101553534863,-0.5063175503707826,0.0,1.0,-0.0043009754302118725
2026-02-02 14:30:00+00:00,0.006471718724636144,0.004971400525214165,0.5028653517586358,-0.5021157449638634,0.014827705724268947,1.0,0.0007367928658964743
2026-02-03 14:30:00+00:00,-0.011583993710426954,-0.008455473390127866,0.49782947885886214,-0.4986607528131811,0.0,1.0,-0.00158551513260988
2026-02-04 14:30:00+00:00,0.0012414978885026962,-0.004843853725993386,0.4969430174418968,-0.4947474445920212,0.0,1.0,0.003027541611406088
2026-02-05 14:30:00+00:00,-0.011804374363827974,-0.012489284060324235,0.4909262077793618,-0.4884184648171679,0.0,1.0,0.00030698757730245296
2026-02-06 14:30:00+00:00,0.022083879700439013,0.01918478647681998,0.5010335490447505,-0.4970602771555702,0.0,1.0,0.0014653989745861942
2026-02-09 14:30:00+00:00,0.0019152078940867234,0.004821815563577747,0.5027186066561806,-0.5001788191668063,0.0,1.0,-0.001443101953044584
2026-02-10 14:30:00+00:00,-0.002009601881694967,-0.0026371459581814305,0.5015564571033849,-0.4987087516852633,0.0,1.0,0.0003028279124819905
2026-02-11 14:30:00+00:00,0.0008349953243571573,-0.00023112214366449724,0.5017102974033016,-0.49833031704599406,0.0,1.0,0.0005281075513838302
2026-02-12 14:30:00+00:00,-0.01496633677328385,-0.01544885969788623,0.4941106565346809,-0.49054146273687743,0.0,1.0,0.00018391749673213315
2026-02-13 14:30:00+00:00,0.0050313309706457865,0.0007044991031190939,0.4955389649208547,-0.48984148414350437,0.0,1.0,0.0021344958476558233
2026-02-17 14:30:00+00:00,0.0024287373223434994,0.0016134830190519533,0.4965402924581255,-0.49043211605552606,0.0,1.0,0.00040723068113361394
2026-02-18 14:30:00+00:00,0.006180785709659853,0.005037707550576753,0.49931350668842545,-0.4926109453347481,0.0,1.0,0.0005924031888448667
2026-02-19 14:30:00+00:00,-0.002260572177926412,-0.002637433731113581,0.49810281357356856,-0.49123088843877144,0.0,1.0,0.0001645421213065039
2026-02-20 14:30:00+00:00,0.006698543871572982,0.007231939581382241,0.5015506917535133,-0.49489327762240487,0.0,1.0,-0.00022194093737380884
2026-02-23 14:30:00+00:00,-0.010421315794266417,-0.010211366038766267,0.4964128477271519,-0.48992755294761864,0.0,1.0,-0.00017923411862136497
2026-02-24 14:30:00+00:00,0.00845449429734968,0.00726847527019836,0.5002946112764479,-0.49317790631303887,0.0,1.0,0.0006299409064993757
2026-02-25 14:30:00+00:00,0.007255951289731222,0.008438306300538434,0.5041956921199904,-0.49760691908754634,0.0,1.0,-0.0005374252851431282
2026-02-26 14:30:00+00:00,-0.0031637922350642445,-0.005554445579207146,0.502016772707726,-0.494268249581838,0.0,1.0,0.0011628077552742605
2026-02-27 14:30:00+00:00,0.00029298421363366245,-0.004801940858611298,0.5009042930265947,-0.4906609975689412,0.0,1.0,0.002514577511211616
2026-03-02 14:30:00+00:00,-0.0019036526531569509,0.0005686124327104469,0.4996713670860991,-0.500909043266899,0.010243295457653456,1.0,-0.0012472065716149065
2026-03-03 14:30:00+00:00,-0.010661847887813547,-0.008814339520359149,0.4947982658527325,-0.4969501556110312,0.0,1.0,-0.000918190114547495
2026-03-04 14:30:00+00:00,0.005684917793144395,0.00705526576749449,0.49795931668085747,-0.5008064250368046,0.0,1.0,-0.0006991803364227593
2026-03-05 14:30:00+00:00,-0.008651229543377048,-0.005575491873376914,0.49440367585713146,-0.4987731513142729,0.0,1.0,-0.0015216705798940134
2026-03-06 14:30:00+00:00,-0.014974121666789353,-0.01310712873041986,0.487425317981005,-0.4926651380359191,0.0,1.0,-0.0008717292741915948
2026-03-09 13:30:00+00:00,0.010319155572543703,0.00875996072290297,0.492106656221016,-0.49662918327495237,0.0,1.0,0.0007081380465519719
2026-03-10 13:30:00+00:00,-0.002142443857491849,-0.0016071058958396778,0.49118109744828,-0.495961052654649,0.0,1.0,-0.00026212757531673
2026-03-11 13:30:00+00:00,-0.0037946327500394395,-0.0012551345486657706,0.4899283363228384,-0.49595716535288475,0.0,1.0,-0.0012473064075504442
2026-03-12 13:30:00+00:00,-0.01653972269798698,-0.015184966271003186,0.482103780195621,-0.48870861373033314,0.0,1.0,-0.0005781383778723253
2026-03-13 13:30:00+00:00,-0.005453103311520935,-0.00566013575260893,0.47941189902141834,-0.48587868845840904,0.0,1.0,0.0001312429959491231
2026-03-16 13:30:00+00:00,0.009377386793852471,0.01017686501045656,0.4841278290026304,-0.4910468579112196,0.0,1.0,-0.0004550433941521048
2026-03-17 13:30:00+00:00,0.0016280638863623853,0.002630544991105488,0.4851632020522967,-0.49258954436779095,0.0,1.0,-0.0005094821986466211
2026-03-18 13:30:00+00:00,-0.014221918766077035,-0.013953644515257158,0.478278787116146,-0.48573190379725073,0.0,1.0,-3.2484634789315184e-05
2026-03-19 13:30:00+00:00,0.0006698647952143588,-0.002464288275344284,0.47787689979492265,-0.48380369308527976,0.0,1.0,0.001511413176322771
2026-03-20 13:30:00+00:00,-0.011945835596532617,-0.014335787930812693,0.47159239195450653,-0.4762863850714305,0.0,1.0,0.0012211158829313442
2026-03-23 13:30:00+00:00,0.010735323966783561,0.010499991225476402,0.4766285209007491,-0.4812605615752588,0.0,1.0,5.574186288572516e-05
2026-03-24 13:30:00+00:00,-0.003351411181889641,-0.0033568144771775055,0.4750253607921863,-0.47963922104148415,0.0,1.0,1.217188488373346e-05
2026-03-25 13:30:00+00:00,0.004242119668041777,0.0055726882440485515,0.47735730576053315,-0.4826324326280965,0.0,1.0,-0.0006637178035996894
2026-03-26 13:30:00+00:00,-0.020451273776185608,-0.017858729983344035,0.46813277284538873,-0.4745586477212188,0.0,1.0,-0.0011493150346137302
2026-03-27 13:30:00+00:00,-0.014988149839535225,-0.01705189415742525,0.4606235870717185,-0.46596806512520234,0.0,1.0,0.0010697273072769046
2026-03-30 13:30:00+00:00,-0.004324556279828751,-0.0033433906874337227,0.4588334957367765,-0.46461459699470287,0.0,1.0,-0.0004400317174795148
2026-03-31 13:30:00+00:00,0.028526908884054736,0.029067865784757174,0.472121929680668,-0.478321902024137,0.0,1.0,-0.00042220580219810687
2026-04-01 13:30:00+00:00,0.005004984822391201,0.00753449141030349,0.503154320661912,-0.504420714548581,0.04955616829519499,1.0,-0.001295483759056123
2026-04-02 13:30:00+00:00,0.0020231715549405838,0.0009004595313388819,0.5038912152890217,-0.5045934603909921,0.0,1.0,0.0005578046881362138
2026-04-06 13:30:00+00:00,0.004503970155440573,0.004726845083763864,0.50622227101785,-0.5070402396878891,0.0,1.0,-0.00012157650325050347
2026-04-07 13:30:00+00:00,-0.003298427574627616,0.0004400005646272298,0.5055123943228707,-0.5082283555164476,0.0,1.0,-0.0018987878703196689
2026-04-08 13:30:00+00:00,0.029060377491818556,0.02546963651219092,0.5192991754741644,-0.520267462287097,0.0,1.0,0.0017400371446708149
2026-04-09 13:30:00+00:00,0.006230917952987358,0.005769017699185586,0.5224156049765903,-0.5231494458773941,0.0,1.0,0.0002283259762364905
2026-04-10 13:30:00+00:00,-0.003895122452048594,-0.0006617754265585418,0.5212640755455796,-0.5236906939413783,0.0,1.0,-0.00169461768549787
2026-04-13 13:30:00+00:00,0.008923610123928727,0.009772447246481741,0.5261640532238282,-0.5290582203545333,0.0,1.0,-0.00047213467918903236
2026-04-14 13:30:00+00:00,0.010037332758909168,0.012184877209840739,0.5320684838917071,-0.5361326366331732,0.0,1.0,-0.001171178144845276
2026-04-15 13:30:00+00:00,0.005411422658956111,0.007890969227043909,0.5356748086884461,-0.5410976806414748,0.0,1.0,-0.001357311068390657
2026-04-16 13:30:00+00:00,-0.0002445818573965086,0.002457347646937613,0.5363303926482522,-0.5432240565339256,0.0,1.0,-0.0014666338329096488
2026-04-17 13:30:00+00:00,0.012725108699092047,0.012085686101644066,0.5430175053720995,-0.5496498596821124,0.0,1.0,0.00025367473399257203
2026-04-20 13:30:00+00:00,-0.0015948640487177812,-0.0019997351150194964,0.5420283376828698,-0.5484261236266615,0.0,1.0,0.00022716264727710213
2026-04-21 13:30:00+00:00,-0.005469705189527385,-0.006546892848539487,0.5387296980877232,-0.5444981568885541,0.0,1.0,0.0006197994742763471
2026-04-22 13:30:00+00:00,0.008322777994154373,0.01012671209511895,0.5437768877968948,-0.5505826471259154,0.0,1.0,-0.0010362007760437452
2026-04-23 13:30:00+00:00,-0.006178515468092116,-0.0038807408683984024,0.5410821534353537,-0.5491208578067501,0.0,1.0,-0.0012290177132639705
2026-04-24 13:30:00+00:00,0.007333994347843431,0.007749309237231605,0.545210175077199,-0.5535383331986917,0.0,1.0,-0.0002929662616969364
2026-04-27 13:30:00+00:00,-0.0010125311229131073,0.001722787837563633,0.5454826974123765,-0.5553314144674278,0.0,1.0,-0.001511623759806901
2026-04-28 13:30:00+00:00,-0.006177845456477038,-0.004865992267119479,0.5424782147688955,-0.5530016901018228,0.0,1.0,-0.0006736218162612442
2026-04-29 13:30:00+00:00,-0.0007285547741940901,-0.00015450932498595193,0.5422541975218667,-0.5530908755330941,0.0,1.0,-0.0003157335563648235
2026-04-30 13:30:00+00:00,0.007241456418653147,0.009949633527564838,0.5470464959183905,-0.5594791874797127,0.0,1.0,-0.0015822937607603128
2026-05-01 13:30:00+00:00,-0.00043420330111043626,0.0027690952923506984,0.5006143509628525,-0.5022186648075255,0.1065256833981032,1.0,-0.0016608645193819998
2026-05-04 13:30:00+00:00,-0.00511677815345879,-0.0036633921467564834,0.49841549592798096,-0.5007432122228245,0.0,1.0,-0.0007276610426566402
2026-05-05 13:30:00+00:00,0.006792735171736286,0.008022228723942426,0.5021211647256757,-0.5050822405938852,0.0,1.0,-0.0006374244920371418
2026-05-06 13:30:00+00:00,0.012240948482892922,0.013899399692774095,0.5087151986345696,-0.5125535523199861,0.0,1.0,-0.0008798530111114928
2026-05-07 13:30:00+00:00,-0.0027612888294870075,-0.0030660824190705815,0.5072288914017047,-0.5108998327045582,0.0,1.0,0.00016086945926820068
2026-05-08 13:30:00+00:00,0.00463089762392821,0.00825609701116825,0.5105351034302099,-0.5160855657294395,0.0,1.0,-0.001875065894770949
2026-05-11 13:30:00+00:00,0.0006653252651658281,0.002277563042387465,0.511305139790124,-0.5176967273832875,0.0,1.0,-0.0008416978891012112
2026-05-12 13:30:00+00:00,-0.0008548598156215004,-0.0015149526145865622,0.510693776728395,-0.5167361106458991,0.0,1.0,0.0003412394122325263
2026-05-13 13:30:00+00:00,0.0027568404794624524,0.00559483781461112,0.5128653888486524,-0.5204020991812244,0.0,1.0,-0.001489105836674734
2026-05-14 13:30:00+00:00,0.006635932867133709,0.0078943149045545,0.5166359695567764,-0.5248834201834722,0.0,1.0,-0.000710830138604087
2026-05-15 13:30:00+00:00,-0.009040811014839556,-0.012029343756796207,0.5111283203587379,-0.5177217809617943,0.0,1.0,0.001637242548446293
2026-05-18 13:30:00+00:00,0.002233301933312948,-0.0007035093177317764,0.5115026860091803,-0.5165828016261135,0.0,1.0,0.0014997735819751
2026-05-19 13:30:00+00:00,-0.006447917250979707,-0.0066607880874933745,0.5081350617916273,-0.5130717806392524,0.0,1.0,0.00013676919728173909
2026-05-20 13:30:00+00:00,0.012741000915875711,0.010248994582563453,0.5139874266083408,-0.5177039700655373,0.0,1.0,0.0012097270064854203
2026-05-21 13:30:00+00:00,0.002403061836707243,0.0019830877010671433,0.5151182387413232,-0.5186255806320582,0.0,1.0,0.00020253881264688857
2026-05-22 13:30:00+00:00,0.007708956567637593,0.003931549076803931,0.518091382691685,-0.5196636740325966,0.0,1.0,0.001926069825961581
2026-05-26 13:30:00+00:00,0.0065770118604402406,0.006638641352187502,0.5215240758870251,-0.5231388128388816,0.0,1.0,-4.831996785976798e-05
2026-05-27 13:30:00+00:00,-0.0025486571150524773,-0.0001732421647460125,0.5208430836034085,-0.5236999322746505,0.0,1.0,-0.0012445087272341486
2026-05-28 13:30:00+00:00,0.0029733964534996993,0.005516578600909927,0.5230960066159107,-0.5272988725148335,0.0,1.0,-0.0013463112430204737
2026-05-29 13:30:00+00:00,-0.0018065905789494963,0.0024914048034492264,0.5233361792764103,-0.5298124471604531,0.0,1.0,-0.002264687642227606
2026-06-01 13:30:00+00:00,0.0022274602916418917,0.0027231134609038143,0.5012542584206826,-0.5015021545037932,0.053148626436863355,1.0,-0.00028035327880177394
2026-06-02 13:30:00+00:00,-0.0008797036257321977,0.0013579397972762752,0.5013788170755338,-0.5027502249158445,0.0,1.0,-0.0011279173035192557
2026-06-03 13:30:00+00:00,-0.0006951590984906053,-0.00701718232049986,0.4994453394074979,-0.4976431144841656,0.0,1.0,0.0031733995624738972
2026-06-04 13:30:00+00:00,0.007883879492825319,0.0037786857621391334,0.502352492129198,-0.49850103730566986,0.0,1.0,0.0020511775368616814
2026-06-05 13:30:00+00:00,-0.01927942373930669,-0.025809371248925683,0.4911081672544132,-0.48409803767034093,0.0,1.0,0.003174979396588668
2026-06-08 13:30:00+00:00,0.0032372822692976477,0.002264172608771542,0.49245779133868656,-0.48495754629282894,0.0,1.0,0.0004878218643543547
2026-06-09 13:30:00+00:00,0.0013561733193934167,-0.0029354505508077944,0.49209938866426706,-0.48252767816392744,0.0,1.0,0.0020854746329722375
2026-06-10 13:30:00+00:00,-0.008359749952811302,-0.015765562508027298,0.4862896063451578,-0.47326981047357886,0.0,1.0,0.0034875400498297193
2026-06-11 13:30:00+00:00,0.016813438483406218,0.016996847886747934,0.49440343623877453,-0.48125319390661697,0.0,1.0,0.00012615302244231038
2026-06-12 13:30:00+00:00,0.004678122262867568,0.005408247901529384,0.49686329271124524,-0.4839991018867827,0.0,1.0,-0.00029580923509531855
2026-06-15 13:30:00+00:00,0.012358883298848156,0.01763396989375332,0.504214133775512,-0.49371890346348274,0.0,1.0,-0.002400102522127842
2026-06-16 13:30:00+00:00,-0.006569354294955865,-0.005961562844234103,0.5010896697896885,-0.49095966597011864,0.0,1.0,-0.00037497739586408936
2026-06-17 13:30:00+00:00,-0.015200209598140169,-0.012487870885051433,0.4942101555036402,-0.4855528657382467,0.0,1.0,-0.0014915794708156703
2026-06-18 13:30:00+00:00,0.006714863426898532,0.010396992441959574,0.4983937653584933,-0.4914541663902097,0.0,1.0,-0.0017356881578115136
2026-06-22 13:30:00+00:00,-0.00027790800298010954,-0.003146979693962715,0.49755761415769545,-0.4892216147305669,0.0,1.0,0.0014021362851624661
2026-06-23 13:30:00+00:00,-0.013065872678934443,-0.014521954010491611,0.4907633699084138,-0.4818292790418076,0.0,1.0,0.0005974769720845191
2026-06-24 13:30:00+00:00,0.0008450680212779282,-0.0004635170636431152,0.4908678148326761,-0.48130170629690006,0.0,1.0,0.0006321121415705481
2026-06-25 13:30:00+00:00,0.00028142763688099315,0.0014456352254532678,0.49128284330942457,-0.48226929771314575,0.0,1.0,-0.0005635953124966456
2026-06-26 13:30:00+00:00,0.0019226431986372194,-0.007231373616869652,0.49005836801638,-0.47667204026737847,0.0,1.0,0.004426078712052737
2026-06-29 13:30:00+00:00,0.016989560805980464,0.016474862380159383,0.4981516983798312,-0.48429906710762477,0.0,1.0,0.00046681779706660484
2026-06-30 13:30:00+00:00,0.009848586938057569,0.007786800986842035,0.5024904782084556,-0.48751979893919173,0.0,1.0,0.001128997475202089
2026-07-01 13:30:00+00:00,-0.0025520556773711567,-0.001352504438058455,0.4990299840046875,-0.49963012764042736,0.014970679269263876,1.0,-0.0006132133402433637
2026-07-02 13:30:00+00:00,-0.0020103369635964263,-0.001314069480687241,0.4982024427741815,-0.4991495901154306,0.0,1.0,-0.0003526221013757812
2026-07-06 13:30:00+00:00,0.0002747462317223004,0.008727409093039817,0.5004539178869116,-0.5056423918043396,0.0,1.0,-0.0042253558087258355
2026-07-07 13:30:00+00:00,-0.0034326512936239117,-0.004751899671231685,0.4983976590958764,-0.5028981993539111,0.0,1.0,0.0006789257457898013
2026-07-08 13:30:00+00:00,-0.003765992943563612,-0.0030894297130047432,0.4966842282289229,-0.501509650664612,0.0,1.0,-0.00032924580849551845
2026-07-09 13:30:00+00:00,0.007283799762086041,0.00846525000257925,0.5006191732503206,-0.5060757091016228,0.0,1.0,-0.0006336084891287887
2026-07-10 13:30:00+00:00,0.005446235429776847,0.0043101596888019955,0.5030743700236336,-0.5079830360194469,0.0,1.0,0.0005392703763774084
2026-07-13 13:30:00+00:00,-0.004733982126470471,-0.007656174850540931,0.4999420572169115,-0.5033379616818734,0.0,1.0,0.001501709487943863
2026-07-14 13:30:00+00:00,0.002698429513604328,0.00355064169730146,0.5015138212234674,-0.5053495433573232,0.0,1.0,-0.00044406673324858757
2026-07-15 13:30:00+00:00,0.0025542672165788094,0.003963635929681075,0.5031611095781585,-0.5077221733412544,0.0,1.0,-0.0007279736758391227
2026-07-16 13:30:00+00:00,0.003912650584217969,-0.005418617756386079,0.5027598467574187,-0.5026018094982166,0.0,1.0,0.004713893612172214
2026-07-17 13:30:00+00:00,-0.01264392503679157,-0.009897156017872222,0.4970931937319803,-0.4983193883119189,0.0,1.0,-0.0013884816713932567
2026-07-20 13:30:00+00:00,-0.004268567019891978,-0.0016143782471810253,0.4956272073819352,-0.49817417212473075,0.0,1.0,-0.0013233520128901693
2026-07-21 13:30:00+00:00,0.005485398856892143,0.008341309298597777,0.499065904872242,-0.5030553369638144,0.0,1.0,-0.0014426643184001344
2026-07-22 13:30:00+00:00,-0.003621732577993142,-0.0011627413779321527,0.4978700611555378,-0.5030884641102636,0.0,1.0,-0.001228512371516377
2026-07-23 13:30:00+00:00,-0.006165438301597215,-0.012349287272575782,0.49325301871999044,-0.495321734784193,0.0,1.0,0.0031372444415972956
2026-07-24 13:30:00+00:00,0.0037499886971932295,0.0010160123647910968,0.49443992125458236,-0.4951612301749701,0.0,1.0,0.0013404878570135073
2026-07-27 13:30:00+00:00,0.0020755359684028196,0.0002165755636849287,0.4950141835048587,-0.4948166847304277,0.0,1.0,0.0009130356372856958
2026-07-28 13:30:00+00:00,0.005523392420934137,0.002394780651586048,0.4969813856109846,-0.49523739803988015,0.0,1.0,0.0015432277857988736
2026-07-29 13:30:00+00:00,-0.0113522425620739,-0.015387473482586067,0.4903722012628631,-0.4866569434911493,0.0,1.0,0.0019726467106797154
2026-07-30 13:30:00+00:00,0.013612383089011137,0.01676579949601198,0.497789046607629,-0.49555451784191223,0.0,1.0,-0.001490010859075259
2026-07-31 13:30:00+00:00,0.0018271933063178647,0.007199809675054292,0.5000308324578282,-0.5004557772680811,0.0,1.0,-0.002664293779107634
2026-08-03 13:30:00+00:00,0.011034096699476414,0.01424300656734756,0.5063325732225993,-0.5079396165418529,0.00048660972590930385,1.0,-0.0016106506197509085
2026-08-04 13:30:00+00:00,0.013935222609101405,0.018029002715958642,0.5144728052475274,-0.5181894699336308,0.0,1.0,-0.0021077399850323803
2026-08-05 13:30:00+00:00,0.0,-0.0019966020100066206,0.513944128521875,-0.516623418976403,0.0,1.0,0.0010286657562813715
2026-08-06 13:30:00+00:00,0.0006226899813559506,-0.001597813044932006,0.5136787972439276,-0.5152108463644602,0.0,1.0,0.0011395431170127756
2026-08-07 13:30:00+00:00,0.0032004321322680607,0.006115348472417681,0.5161034763873441,-0.5191468287752262,0.0,1.0,-0.0015126521148760275
2026-08-10 13:30:00+00:00,0.000221556343732221,-0.00029741673673222557,0.5160821977531073,-0.5188560722213674,0.0,1.0,0.0002627965739626989
2026-08-11 13:30:00+00:00,-0.0026136776039794585,-0.0031952597501651026,0.5145773799919169,-0.5170415002544435,0.0,1.0,0.0003030550606655176
2026-08-12 13:30:00+00:00,0.001332458627095301,0.0025046624297864195,0.5155802766853891,-0.5186556506187773,0.0,1.0,-0.0006153137320017645
2026-08-13 13:30:00+00:00,0.007673522958335788,0.006977455651952402,0.5193644411304884,-0.5221014875316479,0.0,1.0,0.00033146790823103167
2026-08-14 13:30:00+00:00,-0.005898390620176608,-0.0019797115463531245,0.5173542339679584,-0.5221308083156309,0.0,1.0,-0.0020357563857351744
2026-08-17 13:30:00+00:00,-0.005357737666926821,-0.004727366641364417,0.514741696651513,-0.5198233882677091,0.0,1.0,-0.00030949688176663104
2026-08-18 13:30:00+00:00,-0.0023594300306113425,-0.006755757074274671,0.5123532185058743,-0.515131241181086,0.0,1.0,0.0022913511346232106
2026-08-19 13:30:00+00:00,0.0011155733743466456,0.00209783741736147,0.513189102296256,-0.5164779128451608,0.0,1.0,-0.0005150463647279565
2026-08-20 13:30:00+00:00,-0.009137521711552465,-0.008399893367440514,0.5086813586198322,-0.5123223857102656,0.0,1.0,-0.00035686955077895397
2026-08-21 13:30:00+00:00,0.004138543213294987,0.0040912604472485015,0.5107849223138963,-0.5144167822996037,0.0,1.0,3.20309059699916e-06
2026-08-24 13:30:00+00:00,0.0025983416713686314,-0.0029384110198065194,0.5106654980855395,-0.5114563560308593,0.0,1.0,0.002832809309685172
2026-08-25 13:30:00+00:00,0.0012064533904341257,0.003195937672779925,0.5118059071089506,-0.5136171090382756,0.0,1.0,-0.0010244408956311152
2026-08-26 13:30:00+00:00,-0.0011157227287375004,0.0002220155779071309,0.5115883898302315,-0.5140863823970948,0.0,1.0,-0.0006910168635020735
2026-08-27 13:30:00+00:00,0.003484937689985035,0.006552786111251541,0.5141897290704208,-0.5182800770853488,0.0,1.0,-0.0015917968260294822
2026-08-28 13:30:00+00:00,-0.004363361352165085,-0.002269485222937795,0.5124962053916267,-0.517659461843004,0.0,1.0,-0.0010733189961702305
2026-08-31 13:30:00+00:00,-0.004471872023232737,-0.002989520850009919,0.5105874388502187,-0.5164993942340462,0.0,1.0,-0.0007502160694715601
2026-09-01 13:30:00+00:00,-0.007321847362207534,-0.0068704238054380085,0.4964608122711923,-0.49668657940938976,0.02708683308426496,1.0,-0.0002452075758792763
2026-09-02 13:30:00+00:00,0.0018552350474192458,0.004436902672253051,0.4980236423816819,-0.499534054426569,0.0,1.0,-0.0012886508938103872
2026-09-03 13:30:00+00:00,0.009304484526526213,0.01046841189654324,0.5029599895470476,-0.5050671438558585,0.0,1.0,-0.0006014273446553702
2026-09-04 13:30:00+00:00,-0.003938086710698618,-0.0038542371465761782,0.5009993314155559,-0.5031406228878273,0.0,1.0,-4.000388443634078e-05
2026-09-08 13:30:00+00:00,-0.008042090619985509,-0.0054921259109329545,0.4976030625283113,-0.5010144627278268,0.0,1.0,-0.0012717227529432517
2026-09-09 13:30:00+00:00,-0.00557088529798111,-0.004647758964528403,0.49505347349190093,-0.4989101021683232,0.0,1.0,-0.0004494475057200866
2026-09-10 13:30:00+00:00,-0.005192199864841984,-0.005994238166152965,0.49227914651424964,-0.49571418294238767,0.0,1.0,0.00041421701679005457
2026-09-11 13:30:00+00:00,0.008149431344285807,0.008524287494320992,0.4964000342078764,-0.5000496878148792,0.0,1.0,-0.0002197674846242342
