date,net_return
2020-09-14 00:00:00+00:00,-0.003426667979014475
2020-09-15 00:00:00+00:00,-0.007124828070924849
2020-09-16 00:00:00+00:00,-0.0036757052656557487
2020-09-17 00:00:00+00:00,-0.0012984965858988673
2020-09-18 00:00:00+00:00,-0.004377142479716767
2020-09-19 00:00:00+00:00,0.004184567970795472
2020-09-20 00:00:00+00:00,-0.0009325272139966145
2020-09-21 00:00:00+00:00,-0.0016471058150882012
2020-09-22 00:00:00+00:00,-0.0007430590194501541
2020-09-23 00:00:00+00:00,0.0029931718138049845
2020-09-24 00:00:00+00:00,-0.0014664234455538105
2020-09-25 00:00:00+00:00,-0.0012419290842173858
2020-09-26 00:00:00+00:00,-0.0004889877277282073
2020-09-27 00:00:00+00:00,9.902574324205382e-05
2020-09-28 00:00:00+00:00,-0.0023015919901512305
2020-09-29 00:00:00+00:00,-0.0031465299512482003
2020-09-30 00:00:00+00:00,-0.0006217831910727556
2020-10-01 00:00:00+00:00,-0.006432381892808259
2020-10-02 00:00:00+00:00,8.859850160436444e-05
2020-10-03 00:00:00+00:00,-0.0037013741925681076
2020-10-04 00:00:00+00:00,-0.004103867179813925
2020-10-05 00:00:00+00:00,-0.0025327454901303836
2020-10-06 00:00:00+00:00,-0.006973774609928873
2020-10-07 00:00:00+00:00,0.0016752036672145199
2020-10-08 00:00:00+00:00,-0.0009609135408985559
2020-10-09 00:00:00+00:00,-0.0006438690118883983
2020-10-10 00:00:00+00:00,-0.0017613017599068526
2020-10-11 00:00:00+00:00,0.002247638280896913
2020-10-12 00:00:00+00:00,0.0034354959323672496
2020-10-13 00:00:00+00:00,-0.0035623442656202986
2020-10-14 00:00:00+00:00,-0.001427350511713943
2020-10-15 00:00:00+00:00,-0.0032382573766241984
2020-10-16 00:00:00+00:00,0.0010194646014440867
2020-10-17 00:00:00+00:00,-0.0006886213714193401
2020-10-18 00:00:00+00:00,0.0026437950683351197
2020-10-19 00:00:00+00:00,-0.0003324506953239492
2020-10-20 00:00:00+00:00,-0.0009062152235755905
2020-10-21 00:00:00+00:00,-0.00030319500879327776
2020-10-22 00:00:00+00:00,0.00204993041156043
2020-10-23 00:00:00+00:00,0.000855267036760976
2020-10-24 00:00:00+00:00,0.0012784174099811363
2020-10-25 00:00:00+00:00,0.0033166274792155725
2020-10-26 00:00:00+00:00,0.00022492678328522864
2020-10-27 00:00:00+00:00,-0.0012780794309545929
2020-10-28 00:00:00+00:00,0.0008504904962851612
2020-10-29 00:00:00+00:00,0.0008418614123912871
2020-10-30 00:00:00+00:00,0.0008484053465187547
2020-10-31 00:00:00+00:00,0.0003283199926507052
2020-11-01 00:00:00+00:00,-0.003615342016421552
2020-11-02 00:00:00+00:00,-0.0008558299720016205
2020-11-03 00:00:00+00:00,0.0012571016788662792
2020-11-04 00:00:00+00:00,0.0006448105782035363
2020-11-05 00:00:00+00:00,-0.0008886585135983172
2020-11-06 00:00:00+00:00,0.0024842598111005643
2020-11-07 00:00:00+00:00,0.00022715019622721044
2020-11-08 00:00:00+00:00,0.003411063179584284
2020-11-09 00:00:00+00:00,-0.0027437305506171628
2020-11-10 00:00:00+00:00,0.00563083520733354
2020-11-11 00:00:00+00:00,0.0039949086294581715
2020-11-12 00:00:00+00:00,-0.0022842602955920333
2020-11-13 00:00:00+00:00,0.00409912933616563
2020-11-14 00:00:00+00:00,-0.0012832161196670855
2020-11-15 00:00:00+00:00,0.0024225931070189777
2020-11-16 00:00:00+00:00,0.0011814205871130135
2020-11-17 00:00:00+00:00,0.0006965447048898898
2020-11-18 00:00:00+00:00,0.004309644603249341
2020-11-19 00:00:00+00:00,0.0007978942496122965
2020-11-20 00:00:00+00:00,0.004272684673928939
2020-11-21 00:00:00+00:00,-0.0018352058007014005
2020-11-22 00:00:00+00:00,0.009511280990432303
2020-11-23 00:00:00+00:00,0.006927721657123742
2020-11-24 00:00:00+00:00,0.005299515460198467
2020-11-25 00:00:00+00:00,0.005386245724257499
2020-11-26 00:00:00+00:00,-0.0004906891378084755
2020-11-27 00:00:00+00:00,-0.006626687398972098
2020-11-28 00:00:00+00:00,0.0015070824007683559
2020-11-29 00:00:00+00:00,-0.0039563103874330485
2020-11-30 00:00:00+00:00,-0.002358228989193689
2020-12-01 00:00:00+00:00,0.07006408560977384
2020-12-02 00:00:00+00:00,-0.07133861019483945
2020-12-03 00:00:00+00:00,0.001167702984170349
2020-12-04 00:00:00+00:00,-0.001972212230261561
2020-12-05 00:00:00+00:00,0.0037589249650897827
2020-12-06 00:00:00+00:00,-0.0006123266249812298
2020-12-07 00:00:00+00:00,0.00017170408515854163
2020-12-08 00:00:00+00:00,-0.00012482447295003585
2020-12-09 00:00:00+00:00,0.002808850752603398
2020-12-10 00:00:00+00:00,-0.0034583190213840487
2020-12-11 00:00:00+00:00,0.0014711222915997357
2020-12-12 00:00:00+00:00,-0.0008176707170389763
2020-12-13 00:00:00+00:00,-0.003755792502785571
2020-12-14 00:00:00+00:00,0.00276939762788575
2020-12-15 00:00:00+00:00,-0.0008493188132142615
2020-12-16 00:00:00+00:00,-0.0033806127244006
2020-12-17 00:00:00+00:00,0.0018593413957037619
2020-12-18 00:00:00+00:00,0.003221945726896047
2020-12-19 00:00:00+00:00,0.0052957684345620315
2020-12-20 00:00:00+00:00,0.0034005894634085987
2020-12-21 00:00:00+00:00,-0.024992889342872693
2020-12-22 00:00:00+00:00,0.03077036978237424
2020-12-23 00:00:00+00:00,0.0002457451191311133
2020-12-24 00:00:00+00:00,0.002639710651715088
2020-12-25 00:00:00+00:00,-0.002550707345928993
2020-12-26 00:00:00+00:00,-0.004777904136903821
2020-12-27 00:00:00+00:00,-0.000514448088371311
2020-12-28 00:00:00+00:00,0.005241602076646146
2020-12-29 00:00:00+00:00,-0.00044563109922191035
2020-12-30 00:00:00+00:00,0.0022745801617323202
2020-12-31 00:00:00+00:00,0.0021998950470913936
2021-01-01 00:00:00+00:00,0.0009800146956884248
2021-01-02 00:00:00+00:00,-0.0025337616276013275
2021-01-03 00:00:00+00:00,0.008534822218087879
2021-01-04 00:00:00+00:00,0.012833466416704686
2021-01-05 00:00:00+00:00,-0.005572994776020912
2021-01-06 00:00:00+00:00,-0.0010641280830226973
2021-01-07 00:00:00+00:00,-0.025652057706711306
2021-01-08 00:00:00+00:00,0.013249022187397763
2021-01-09 00:00:00+00:00,0.0038199719285152423
2021-01-10 00:00:00+00:00,0.016519788687661796
2021-01-11 00:00:00+00:00,0.0015571074021780706
2021-01-12 00:00:00+00:00,0.005209964878574169
2021-01-13 00:00:00+00:00,0.000596203697681652
2021-01-14 00:00:00+00:00,0.007625389567453178
2021-01-15 00:00:00+00:00,0.00025527018095239384
2021-01-16 00:00:00+00:00,0.0075311473467434276
2021-01-17 00:00:00+00:00,0.005918634674499712
2021-01-18 00:00:00+00:00,0.008448790744315593
2021-01-19 00:00:00+00:00,0.01084340744442236
2021-01-20 00:00:00+00:00,0.0038291347018692967
2021-01-21 00:00:00+00:00,-0.0005484846430182655
2021-01-22 00:00:00+00:00,0.002708419005168494
2021-01-23 00:00:00+00:00,0.000622036766399825
2021-01-24 00:00:00+00:00,0.002545178525603209
2021-01-25 00:00:00+00:00,0.003607757982509785
2021-01-26 00:00:00+00:00,0.0012892327565567907
2021-01-27 00:00:00+00:00,-4.082137735283986e-06
2021-01-28 00:00:00+00:00,0.0006843456306144802
2021-01-29 00:00:00+00:00,0.004630612914345633
2021-01-30 00:00:00+00:00,0.004869597294525629
2021-01-31 00:00:00+00:00,0.00522531858647457
2021-02-01 00:00:00+00:00,0.0005009146627401595
2021-02-02 00:00:00+00:00,0.0051886930594353675
2021-02-03 00:00:00+00:00,0.004056242509875352
2021-02-04 00:00:00+00:00,0.009202896373124325
2021-02-05 00:00:00+00:00,0.008130068999224749
2021-02-06 00:00:00+00:00,0.005648677837855054
2021-02-07 00:00:00+00:00,0.007339179020343423
2021-02-08 00:00:00+00:00,0.004417344382036781
2021-02-09 00:00:00+00:00,0.018464826432874615
2021-02-10 00:00:00+00:00,0.019356529163503167
2021-02-11 00:00:00+00:00,0.006918464409928715
2021-02-12 00:00:00+00:00,0.01704970778371573
2021-02-13 00:00:00+00:00,0.00931463512524111
2021-02-14 00:00:00+00:00,0.01926275951520573
2021-02-15 00:00:00+00:00,0.006410898784089403
2021-02-16 00:00:00+00:00,0.005832180464958592
2021-02-17 00:00:00+00:00,0.01501232178337708
2021-02-18 00:00:00+00:00,0.010533803414666032
2021-02-19 00:00:00+00:00,0.0074153117600805896
2021-02-20 00:00:00+00:00,0.020072185077943283
2021-02-21 00:00:00+00:00,0.006934940166261283
2021-02-22 00:00:00+00:00,-0.007119214493221171
2021-02-23 00:00:00+00:00,0.0016159207353523275
2021-02-24 00:00:00+00:00,-0.020680210272248756
2021-02-25 00:00:00+00:00,0.0017820010983338186
2021-02-26 00:00:00+00:00,-0.001712991653908813
2021-02-27 00:00:00+00:00,0.0014320086505328344
2021-02-28 00:00:00+00:00,-0.0007213578431490841
2021-03-01 00:00:00+00:00,0.0016968453423713559
2021-03-02 00:00:00+00:00,0.00047321788169862877
2021-03-03 00:00:00+00:00,0.0036668489770221857
2021-03-04 00:00:00+00:00,0.0021547634207776944
2021-03-05 00:00:00+00:00,-0.0005013233780185589
2021-03-06 00:00:00+00:00,0.002123190425304511
2021-03-07 00:00:00+00:00,0.0027201058575632153
2021-03-08 00:00:00+00:00,0.004718578937334961
2021-03-09 00:00:00+00:00,0.007518447295942865
2021-03-10 00:00:00+00:00,0.003305532305101666
2021-03-11 00:00:00+00:00,0.008804448817142818
2021-03-12 00:00:00+00:00,0.008121397145568698
2021-03-13 00:00:00+00:00,0.0032529038678663635
2021-03-14 00:00:00+00:00,0.012012816523875314
2021-03-15 00:00:00+00:00,0.007660800389751143
2021-03-16 00:00:00+00:00,0.001955609995094143
2021-03-17 00:00:00+00:00,0.004650238823784347
2021-03-18 00:00:00+00:00,0.00648328815983934
2021-03-19 00:00:00+00:00,0.004001519170235168
2021-03-20 00:00:00+00:00,0.0037170523760936547
2021-03-21 00:00:00+00:00,0.003345430506351388
2021-03-22 00:00:00+00:00,0.003091135248200594
2021-03-23 00:00:00+00:00,0.0030591180333234824
2021-03-24 00:00:00+00:00,0.001592870289071291
2021-03-25 00:00:00+00:00,-0.0004989297295395767
2021-03-26 00:00:00+00:00,0.0010517284260715964
2021-03-27 00:00:00+00:00,0.0006291148104442534
2021-03-28 00:00:00+00:00,-0.0010049690729377891
2021-03-29 00:00:00+00:00,0.0036791472839476924
2021-03-30 00:00:00+00:00,0.0055308020374253974
2021-03-31 00:00:00+00:00,0.005171448155613545
2021-04-01 00:00:00+00:00,0.008220935469884783
2021-04-02 00:00:00+00:00,0.007242217731406653
2021-04-03 00:00:00+00:00,0.011384152000998071
2021-04-04 00:00:00+00:00,0.00415308997336572
2021-04-05 00:00:00+00:00,0.0008526189371902415
2021-04-06 00:00:00+00:00,0.011554779474276966
2021-04-07 00:00:00+00:00,0.0035368766363801374
2021-04-08 00:00:00+00:00,0.0023876930921575834
2021-04-09 00:00:00+00:00,0.001462072732882902
2021-04-10 00:00:00+00:00,0.005263870414942362
2021-04-11 00:00:00+00:00,0.009078779154814587
2021-04-12 00:00:00+00:00,0.010389566237128278
2021-04-13 00:00:00+00:00,0.006537693953047263
2021-04-14 00:00:00+00:00,0.015584683026082402
2021-04-15 00:00:00+00:00,0.010409929661960637
2021-04-16 00:00:00+00:00,0.011664019123679203
2021-04-17 00:00:00+00:00,0.009028111133528416
2021-04-18 00:00:00+00:00,0.005208147664325757
2021-04-19 00:00:00+00:00,0.0009459897461367994
2021-04-20 00:00:00+00:00,0.0007131615409603498
2021-04-21 00:00:00+00:00,0.0022117924580042914
2021-04-22 00:00:00+00:00,0.0014516062747409464
2021-04-23 00:00:00+00:00,0.0008664272482958868
2021-04-24 00:00:00+00:00,0.0011764799371367651
2021-04-25 00:00:00+00:00,0.0008637342584647545
2021-04-26 00:00:00+00:00,0.0014941606747200797
2021-04-27 00:00:00+00:00,-0.0007800429620432592
2021-04-28 00:00:00+00:00,0.0025307486352914577
2021-04-29 00:00:00+00:00,0.0005432176760453711
2021-04-30 00:00:00+00:00,0.002376938978876808
2021-05-01 00:00:00+00:00,0.003803987828462363
2021-05-02 00:00:00+00:00,0.001619526742389077
2021-05-03 00:00:00+00:00,0.0044269064475088715
2021-05-04 00:00:00+00:00,0.004189750901510303
2021-05-05 00:00:00+00:00,0.005030891446278218
2021-05-06 00:00:00+00:00,0.004484554616840386
2021-05-07 00:00:00+00:00,0.00786510063299306
2021-05-08 00:00:00+00:00,0.005457639546602611
2021-05-09 00:00:00+00:00,0.003994614976952082
2021-05-10 00:00:00+00:00,0.005337902464367383
2021-05-11 00:00:00+00:00,0.003813689670828957
2021-05-12 00:00:00+00:00,-0.00013994404954775774
2021-05-13 00:00:00+00:00,-0.00041155112752000456
2021-05-14 00:00:00+00:00,0.0036514877573843307
2021-05-15 00:00:00+00:00,0.0030647213237500193
2021-05-16 00:00:00+00:00,-0.0009216882936646797
2021-05-17 00:00:00+00:00,0.0037343056759593374
2021-05-18 00:00:00+00:00,0.003675817397350123
2021-05-19 00:00:00+00:00,-0.012829864372121969
2021-05-20 00:00:00+00:00,0.0049338602028587975
2021-05-21 00:00:00+00:00,-0.0009060371560050129
2021-05-22 00:00:00+00:00,-0.0015881958671388752
2021-05-23 00:00:00+00:00,0.00028369792269589134
2021-05-24 00:00:00+00:00,-0.001054732505442857
2021-05-25 00:00:00+00:00,0.0002525480930355428
2021-05-26 00:00:00+00:00,-0.0030698873329763066
2021-05-27 00:00:00+00:00,-0.00037725550848177747
2021-05-28 00:00:00+00:00,0.0033200234123504924
2021-05-29 00:00:00+00:00,-0.0020168161557692077
2021-05-30 00:00:00+00:00,-0.0022440201234571466
2021-05-31 00:00:00+00:00,0.00039487162312834556
2021-06-01 00:00:00+00:00,0.001884955505499164
2021-06-02 00:00:00+00:00,-0.00040335940772295853
2021-06-03 00:00:00+00:00,-0.0017577317082050348
2021-06-04 00:00:00+00:00,0.0020742030884217666
2021-06-05 00:00:00+00:00,0.00027039790237859407
2021-06-06 00:00:00+00:00,0.0005430724764929895
2021-06-07 00:00:00+00:00,-0.0011795519747740402
2021-06-08 00:00:00+00:00,0.0022789255621624704
2021-06-09 00:00:00+00:00,-0.0009689041880598381
2021-06-10 00:00:00+00:00,-0.0011599557012657025
2021-06-11 00:00:00+00:00,-0.0007529254350657766
2021-06-12 00:00:00+00:00,0.001085864364740674
2021-06-13 00:00:00+00:00,0.0005942861029519797
2021-06-14 00:00:00+00:00,0.0007632789123197536
2021-06-15 00:00:00+00:00,-0.0018113618697536138
2021-06-16 00:00:00+00:00,0.0006021963206392922
2021-06-17 00:00:00+00:00,0.0013693767704883175
2021-06-18 00:00:00+00:00,-0.0008329009134587784
2021-06-19 00:00:00+00:00,0.000468782803444201
2021-06-20 00:00:00+00:00,-0.0002027307253366084
2021-06-21 00:00:00+00:00,-0.0014858612428378937
2021-06-22 00:00:00+00:00,0.000808701359372721
2021-06-23 00:00:00+00:00,-0.00597445761002946
2021-06-24 00:00:00+00:00,-0.0016891430618434233
2021-06-25 00:00:00+00:00,0.0011588631456505016
2021-06-26 00:00:00+00:00,-0.001342903829454123
2021-06-27 00:00:00+00:00,-0.0023301465211483796
2021-06-28 00:00:00+00:00,0.00014953977172083022
2021-06-29 00:00:00+00:00,-0.0013109798092308944
2021-06-30 00:00:00+00:00,-0.0003076867817586315
2021-07-01 00:00:00+00:00,0.0005516312481819163
2021-07-02 00:00:00+00:00,-0.0013471395473368952
2021-07-03 00:00:00+00:00,-0.0012436173064472866
2021-07-04 00:00:00+00:00,0.0011409827523272131
2021-07-05 00:00:00+00:00,-0.0016794609714059217
2021-07-06 00:00:00+00:00,0.0005373194298368134
2021-07-07 00:00:00+00:00,-0.002199776486943361
2021-07-08 00:00:00+00:00,0.0012153490557169633
2021-07-09 00:00:00+00:00,-0.00017482377135125127
2021-07-10 00:00:00+00:00,-0.001568882083625489
2021-07-11 00:00:00+00:00,6.899378490321517e-05
2021-07-12 00:00:00+00:00,-0.0017181754256342385
2021-07-13 00:00:00+00:00,0.00142209650320968
2021-07-14 00:00:00+00:00,-0.0016057406869854907
2021-07-15 00:00:00+00:00,-0.0011355851466819944
2021-07-16 00:00:00+00:00,-0.000194953285404309
2021-07-17 00:00:00+00:00,-0.0024990163907040452
2021-07-18 00:00:00+00:00,-0.0009169307897136658
2021-07-19 00:00:00+00:00,-0.001495621756508414
2021-07-20 00:00:00+00:00,-0.00230478506053855
2021-07-21 00:00:00+00:00,-0.002123097137492147
2021-07-22 00:00:00+00:00,-0.001451281613012112
2021-07-23 00:00:00+00:00,-0.0008086219861659361
2021-07-24 00:00:00+00:00,-0.0013075692875602618
2021-07-25 00:00:00+00:00,0.0008997286004668315
2021-07-26 00:00:00+00:00,-0.0030452331835871815
2021-07-27 00:00:00+00:00,0.0003670432954572256
2021-07-28 00:00:00+00:00,0.0020235537690631578
2021-07-29 00:00:00+00:00,-0.00013395387150993976
2021-07-30 00:00:00+00:00,0.001287716619688517
2021-07-31 00:00:00+00:00,-0.002821916985991213
2021-08-01 00:00:00+00:00,0.00046093278357184353
2021-08-02 00:00:00+00:00,0.000685700077695639
2021-08-03 00:00:00+00:00,0.0006812318884767965
2021-08-04 00:00:00+00:00,-6.638436486761101e-05
2021-08-05 00:00:00+00:00,-0.00040695635596144086
2021-08-06 00:00:00+00:00,0.0010439405618756226
2021-08-07 00:00:00+00:00,-0.0014802135068205935
2021-08-08 00:00:00+00:00,0.001498104466622685
2021-08-09 00:00:00+00:00,0.0008427120334568716
2021-08-10 00:00:00+00:00,0.00010138243036372785
2021-08-11 00:00:00+00:00,0.0019077436779406653
2021-08-12 00:00:00+00:00,0.0020666341275557
2021-08-13 00:00:00+00:00,-0.0006267495424209235
2021-08-14 00:00:00+00:00,0.0019356177237888073
2021-08-15 00:00:00+00:00,0.003288224815936047
2021-08-16 00:00:00+00:00,0.0008570924544371028
2021-08-17 00:00:00+00:00,0.003027598970880341
2021-08-18 00:00:00+00:00,-0.0012899200664288069
2021-08-19 00:00:00+00:00,0.0015047711446150025
2021-08-20 00:00:00+00:00,-0.0004700333927054601
2021-08-21 00:00:00+00:00,0.00290285162610604
2021-08-22 00:00:00+00:00,0.0030995290531647957
2021-08-23 00:00:00+00:00,0.001956684073372461
2021-08-24 00:00:00+00:00,0.0027896036931975843
2021-08-25 00:00:00+00:00,0.0032349526945971707
2021-08-26 00:00:00+00:00,-0.00039297102102242576
2021-08-27 00:00:00+00:00,0.0015557040166824798
2021-08-28 00:00:00+00:00,-0.0003356545922718057
2021-08-29 00:00:00+00:00,0.0020472355386831342
2021-08-30 00:00:00+00:00,0.0007198625969375705
2021-08-31 00:00:00+00:00,0.0018473501832461103
2021-09-01 00:00:00+00:00,0.0028817061241388497
2021-09-02 00:00:00+00:00,0.0038863729661327007
2021-09-03 00:00:00+00:00,0.00375810010277311
2021-09-04 00:00:00+00:00,0.003910983192879858
2021-09-05 00:00:00+00:00,0.0054506698982677015
2021-09-06 00:00:00+00:00,0.004905873513147085
2021-09-07 00:00:00+00:00,0.003734662385187937
2021-09-08 00:00:00+00:00,-0.0009341558096001013
2021-09-09 00:00:00+00:00,-0.0003645414792595725
2021-09-10 00:00:00+00:00,0.0007100277958331791
2021-09-11 00:00:00+00:00,0.00028011206116063114
2021-09-12 00:00:00+00:00,-0.0012739753816217725
2021-09-13 00:00:00+00:00,0.0017800585663407809
2021-09-14 00:00:00+00:00,0.0009198105946870427
2021-09-15 00:00:00+00:00,0.0005907459945255766
2021-09-16 00:00:00+00:00,-0.0002434576962208057
2021-09-17 00:00:00+00:00,0.001701077540159801
2021-09-18 00:00:00+00:00,0.000997957527929083
2021-09-19 00:00:00+00:00,-0.00013925130017589105
2021-09-20 00:00:00+00:00,0.00023470423489890813
2021-09-21 00:00:00+00:00,0.0004493027271914585
2021-09-22 00:00:00+00:00,0.002114993921601638
2021-09-23 00:00:00+00:00,-0.0015297518323669212
2021-09-24 00:00:00+00:00,-0.0007431440657919008
2021-09-25 00:00:00+00:00,-0.00030145466846431823
2021-09-26 00:00:00+00:00,0.0008639587429088991
2021-09-27 00:00:00+00:00,-0.00022895938878897404
2021-09-28 00:00:00+00:00,-0.001066373168260859
2021-09-29 00:00:00+00:00,-0.0003986358272197732
2021-09-30 00:00:00+00:00,-0.0002996267791089968
2021-10-01 00:00:00+00:00,-0.0016342178454682443
2021-10-02 00:00:00+00:00,-0.0023941960450442057
2021-10-03 00:00:00+00:00,-0.0005914233595596396
2021-10-04 00:00:00+00:00,-0.001227820476270458
2021-10-05 00:00:00+00:00,0.0007042887410644294
2021-10-06 00:00:00+00:00,-0.0027325311585382206
2021-10-07 00:00:00+00:00,0.002629651577478853
2021-10-08 00:00:00+00:00,0.0011302311147278754
2021-10-09 00:00:00+00:00,0.00014310907306369636
2021-10-10 00:00:00+00:00,0.00218189724621376
2021-10-11 00:00:00+00:00,0.0005659056870581658
2021-10-12 00:00:00+00:00,-0.00032378622162321236
2021-10-13 00:00:00+00:00,0.0023305593427265237
2021-10-14 00:00:00+00:00,-0.0008181793403544413
2021-10-15 00:00:00+00:00,0.0023276261297795475
2021-10-16 00:00:00+00:00,3.92685869687881e-06
2021-10-17 00:00:00+00:00,0.0008175659110845057
2021-10-18 00:00:00+00:00,5.467840673101243e-05
2021-10-19 00:00:00+00:00,0.0012790514838170175
2021-10-20 00:00:00+00:00,-0.0020723210100617173
2021-10-21 00:00:00+00:00,0.0032787803631320056
2021-10-22 00:00:00+00:00,0.0019458346021123951
2021-10-23 00:00:00+00:00,0.0036093023863437157
2021-10-24 00:00:00+00:00,0.002639296130975577
2021-10-25 00:00:00+00:00,0.0026693450156021203
2021-10-26 00:00:00+00:00,0.004124055724377351
2021-10-27 00:00:00+00:00,0.003115830892129301
2021-10-28 00:00:00+00:00,0.0005461239008628382
2021-10-29 00:00:00+00:00,0.0002666943355391638
2021-10-30 00:00:00+00:00,0.0018907639842891122
2021-10-31 00:00:00+00:00,0.0019751571735586726
2021-11-01 00:00:00+00:00,0.0026929639887889323
2021-11-02 00:00:00+00:00,0.0003613848485073401
2021-11-03 00:00:00+00:00,0.0025837348667898663
2021-11-04 00:00:00+00:00,0.00035530337900691045
2021-11-05 00:00:00+00:00,0.001795581736068419
2021-11-06 00:00:00+00:00,0.0028538008505469836
2021-11-07 00:00:00+00:00,-0.001025489439323457
2021-11-08 00:00:00+00:00,0.002380237644797001
2021-11-09 00:00:00+00:00,0.00187846202927755
2021-11-10 00:00:00+00:00,0.0006496414251946359
2021-11-11 00:00:00+00:00,0.0026140395425244822
2021-11-12 00:00:00+00:00,0.0002429993652848239
2021-11-13 00:00:00+00:00,0.00014775707851066855
2021-11-14 00:00:00+00:00,-0.00020264526979563158
2021-11-15 00:00:00+00:00,-0.00034732516299629257
2021-11-16 00:00:00+00:00,0.0002638876673450863
2021-11-17 00:00:00+00:00,0.00218566816649135
2021-11-18 00:00:00+00:00,-0.0001435179415816279
2021-11-19 00:00:00+00:00,0.0005028364955659281
2021-11-20 00:00:00+00:00,-0.0027265472203509278
2021-11-21 00:00:00+00:00,0.0020135296425591864
2021-11-22 00:00:00+00:00,0.002037763124969061
2021-11-23 00:00:00+00:00,-0.0017897920056386685
2021-11-24 00:00:00+00:00,0.0009738592996721973
2021-11-25 00:00:00+00:00,0.0011874369433617638
2021-11-26 00:00:00+00:00,0.003604123837440021
2021-11-27 00:00:00+00:00,0.00019226478833322957
2021-11-28 00:00:00+00:00,-0.0012843209732280592
2021-11-29 00:00:00+00:00,0.001562800159454092
2021-11-30 00:00:00+00:00,-0.004110877981892247
2021-12-01 00:00:00+00:00,0.004751701023227417
2021-12-02 00:00:00+00:00,0.00018685352023228852
2021-12-03 00:00:00+00:00,-0.0004713082993835771
2021-12-04 00:00:00+00:00,0.0013580170445068873
2021-12-05 00:00:00+00:00,0.00025920022978076496
2021-12-06 00:00:00+00:00,0.0008560030367663618
2021-12-07 00:00:00+00:00,-0.00018212384828464323
2021-12-08 00:00:00+00:00,-0.0021239846324847544
2021-12-09 00:00:00+00:00,0.0002649680017439149
2021-12-10 00:00:00+00:00,-0.0008717160744188268
2021-12-11 00:00:00+00:00,-0.001009958550151846
2021-12-12 00:00:00+00:00,-0.0010518127568879265
2021-12-13 00:00:00+00:00,0.00025042815607667634
2021-12-14 00:00:00+00:00,-0.0014314669820126857
2021-12-15 00:00:00+00:00,0.00029602510523951686
2021-12-16 00:00:00+00:00,-0.00022977904494192458
2021-12-17 00:00:00+00:00,0.0013402020533479497
2021-12-18 00:00:00+00:00,-0.0007601656259177414
2021-12-19 00:00:00+00:00,0.0006618494183581181
2021-12-20 00:00:00+00:00,-3.7205578796717376e-05
2021-12-21 00:00:00+00:00,-0.0005179248389429736
2021-12-22 00:00:00+00:00,0.0009162855043538531
2021-12-23 00:00:00+00:00,0.0010992545099905993
2021-12-24 00:00:00+00:00,-0.00034763892334410684
2021-12-25 00:00:00+00:00,-0.00010974998041124451
2021-12-26 00:00:00+00:00,0.0011345358233390002
2021-12-27 00:00:00+00:00,-0.0010758788430873523
2021-12-28 00:00:00+00:00,0.0007975949485932166
2021-12-29 00:00:00+00:00,0.0015924253144032896
2021-12-30 00:00:00+00:00,0.0008946683931807531
2021-12-31 00:00:00+00:00,-0.0003228893799247512
2022-01-01 00:00:00+00:00,-0.00023312271926589911
2022-01-02 00:00:00+00:00,0.0003378985739626028
2022-01-03 00:00:00+00:00,-0.0006671533567325083
2022-01-04 00:00:00+00:00,0.0012712077532881505
2022-01-05 00:00:00+00:00,-0.00029379742765101025
2022-01-06 00:00:00+00:00,0.0008978398380343755
2022-01-07 00:00:00+00:00,-0.0012939123170556677
2022-01-08 00:00:00+00:00,0.0015096860044736538
2022-01-09 00:00:00+00:00,0.00010257496014176581
2022-01-10 00:00:00+00:00,-4.793622369092532e-05
2022-01-11 00:00:00+00:00,0.0002757213263155922
2022-01-12 00:00:00+00:00,-0.0021789972311330175
2022-01-13 00:00:00+00:00,-0.003000953455841282
2022-01-14 00:00:00+00:00,-0.0006770933589318462
2022-01-15 00:00:00+00:00,-0.001960275351132079
2022-01-16 00:00:00+00:00,-0.0019843723987135187
2022-01-17 00:00:00+00:00,-0.003371689304623615
2022-01-18 00:00:00+00:00,2.0213639974731024e-05
2022-01-19 00:00:00+00:00,-0.0019509198835150343
2022-01-20 00:00:00+00:00,0.00018400179318800447
2022-01-21 00:00:00+00:00,0.00023743959277378046
2022-01-22 00:00:00+00:00,-0.0012674154260203796
2022-01-23 00:00:00+00:00,-8.824653499972523e-05
2022-01-24 00:00:00+00:00,8.248124727217032e-05
2022-01-25 00:00:00+00:00,-0.001829710520789396
2022-01-26 00:00:00+00:00,-0.0020632311677450943
2022-01-27 00:00:00+00:00,-0.0014083283619523712
2022-01-28 00:00:00+00:00,0.0009869319003126265
2022-01-29 00:00:00+00:00,-0.002075156660484856
2022-01-30 00:00:00+00:00,0.0016286231721203137
2022-01-31 00:00:00+00:00,-0.0015405379663204766
2022-02-01 00:00:00+00:00,-0.0023167697907648943
2022-02-02 00:00:00+00:00,-0.0008441806947999675
2022-02-03 00:00:00+00:00,-0.0003296193486037602
2022-02-04 00:00:00+00:00,-0.0006967001473754397
2022-02-05 00:00:00+00:00,-0.000332152719693779
2022-02-06 00:00:00+00:00,0.0008780771081349226
2022-02-07 00:00:00+00:00,0.0001100557265543145
2022-02-08 00:00:00+00:00,-0.0014923363258210198
2022-02-09 00:00:00+00:00,-0.0001370621227173574
2022-02-10 00:00:00+00:00,-9.135946437721643e-05
2022-02-11 00:00:00+00:00,-0.0012485325607033415
2022-02-12 00:00:00+00:00,-0.0010967270703501342
2022-02-13 00:00:00+00:00,0.0012219186116739778
2022-02-14 00:00:00+00:00,-0.00024309820875978438
2022-02-15 00:00:00+00:00,-0.0007832324945482583
2022-02-16 00:00:00+00:00,0.00024347651656309033
2022-02-17 00:00:00+00:00,-0.00011121475880238041
2022-02-18 00:00:00+00:00,-0.00037992341964943055
2022-02-19 00:00:00+00:00,-0.0007297248617298413
2022-02-20 00:00:00+00:00,-0.0004201931755832833
2022-02-21 00:00:00+00:00,-0.0013598747427909785
2022-02-22 00:00:00+00:00,-0.0016299595569501113
2022-02-23 00:00:00+00:00,-0.0001930849555887848
2022-02-24 00:00:00+00:00,0.0007711020293259541
2022-02-25 00:00:00+00:00,-0.0014048613045235525
2022-02-26 00:00:00+00:00,0.00011964112055617981
2022-02-27 00:00:00+00:00,-0.0005352991336343704
2022-02-28 00:00:00+00:00,-0.001207642452359159
2022-03-01 00:00:00+00:00,-0.000952885289231431
2022-03-02 00:00:00+00:00,0.0011753640725562509
2022-03-03 00:00:00+00:00,-0.00014061525607511616
2022-03-04 00:00:00+00:00,-0.0001487809061619938
2022-03-05 00:00:00+00:00,-0.0006563370109546884
2022-03-06 00:00:00+00:00,-0.00019057017133938814
2022-03-07 00:00:00+00:00,-0.002123693359206147
2022-03-08 00:00:00+00:00,0.0004832155114771197
2022-03-09 00:00:00+00:00,-0.002149723304208706
2022-03-10 00:00:00+00:00,-0.00017449477637987432
2022-03-11 00:00:00+00:00,0.001078528930774647
2022-03-12 00:00:00+00:00,-0.0007153634722623092
2022-03-13 00:00:00+00:00,0.0004790408823485137
2022-03-14 00:00:00+00:00,-0.0013637867954827687
2022-03-15 00:00:00+00:00,-0.0001893703568643934
2022-03-16 00:00:00+00:00,0.00019408582272562036
2022-03-17 00:00:00+00:00,0.0002551406421158475
2022-03-18 00:00:00+00:00,0.0007568565739326516
2022-03-19 00:00:00+00:00,-0.00037011735734049367
2022-03-20 00:00:00+00:00,-0.0008607625052756696
2022-03-21 00:00:00+00:00,0.0018912593548876533
2022-03-22 00:00:00+00:00,-0.00023283334997636906
2022-03-23 00:00:00+00:00,0.0002968207132134637
2022-03-24 00:00:00+00:00,-0.0001737836659232439
2022-03-25 00:00:00+00:00,-0.0007488693502712973
2022-03-26 00:00:00+00:00,0.0014593665548703338
2022-03-27 00:00:00+00:00,0.00028306498233687805
2022-03-28 00:00:00+00:00,-0.0004766048714254234
2022-03-29 00:00:00+00:00,0.00028780407051653967
2022-03-30 00:00:00+00:00,-0.0007595953626425844
2022-03-31 00:00:00+00:00,0.0009448402527094668
2022-04-01 00:00:00+00:00,0.0010869342417323402
2022-04-02 00:00:00+00:00,-0.0006422384629706235
2022-04-03 00:00:00+00:00,0.0010744758449685587
2022-04-04 00:00:00+00:00,0.0006598041467726912
2022-04-05 00:00:00+00:00,0.00015433179613877357
2022-04-06 00:00:00+00:00,0.0006216739873978749
2022-04-07 00:00:00+00:00,-0.0007374192906662858
2022-04-08 00:00:00+00:00,0.0005042553957497198
2022-04-09 00:00:00+00:00,0.0008122073422047738
2022-04-10 00:00:00+00:00,-0.0005686094158049437
2022-04-11 00:00:00+00:00,-0.0005373666865382543
2022-04-12 00:00:00+00:00,0.0003106826715446598
2022-04-13 00:00:00+00:00,-0.0003394157488426641
2022-04-14 00:00:00+00:00,-0.0009866725018575773
2022-04-15 00:00:00+00:00,-0.00023961856428389439
2022-04-16 00:00:00+00:00,-0.0008639032405362013
2022-04-17 00:00:00+00:00,5.596604496282964e-06
2022-04-18 00:00:00+00:00,-0.0009460921001209766
2022-04-19 00:00:00+00:00,-0.0009591772804882215
2022-04-20 00:00:00+00:00,0.0010482371128139878
2022-04-21 00:00:00+00:00,-0.0014866882479309673
2022-04-22 00:00:00+00:00,-0.00010759323368392248
2022-04-23 00:00:00+00:00,0.0007026054981560392
2022-04-24 00:00:00+00:00,-0.0008862321680881413
2022-04-25 00:00:00+00:00,-0.001248437596103491
2022-04-26 00:00:00+00:00,-0.00030698722035116255
2022-04-27 00:00:00+00:00,-0.0007618885078379822
2022-04-28 00:00:00+00:00,-0.001707072253106845
2022-04-29 00:00:00+00:00,0.0019135344464404902
2022-04-30 00:00:00+00:00,-0.0004034744018763803
2022-05-01 00:00:00+00:00,-0.0020776428836154492
2022-05-02 00:00:00+00:00,-0.00030838565274415863
2022-05-03 00:00:00+00:00,-0.00024175511060697819
2022-05-04 00:00:00+00:00,-0.00044156375418669125
2022-05-05 00:00:00+00:00,0.0010225567376342948
2022-05-06 00:00:00+00:00,-0.0022468203101901896
2022-05-07 00:00:00+00:00,-0.00010140398793800909
2022-05-08 00:00:00+00:00,-0.00012710372437407802
2022-05-09 00:00:00+00:00,-0.0007896359855595891
2022-05-10 00:00:00+00:00,-0.0003157891489334874
2022-05-11 00:00:00+00:00,-0.004284905587991661
2022-05-12 00:00:00+00:00,-0.008418896216046967
2022-05-13 00:00:00+00:00,-0.0012178344367353988
2022-05-14 00:00:00+00:00,-0.0013872553069860238
2022-05-15 00:00:00+00:00,-0.002369723907083565
2022-05-16 00:00:00+00:00,-0.0012911920419925726
2022-05-17 00:00:00+00:00,-0.0005978357345225449
2022-05-18 00:00:00+00:00,-0.00277711707583872
2022-05-19 00:00:00+00:00,-0.0022893558862739916
2022-05-20 00:00:00+00:00,8.334333245096914e-06
2022-05-21 00:00:00+00:00,-0.0014584203851970567
2022-05-22 00:00:00+00:00,8.864634618621636e-05
2022-05-23 00:00:00+00:00,-0.0005405825783021401
2022-05-24 00:00:00+00:00,-0.0008359703818866526
2022-05-25 00:00:00+00:00,-0.0006155532292385635
2022-05-26 00:00:00+00:00,-0.000998888808441678
2022-05-27 00:00:00+00:00,-0.0002613539194430414
2022-05-28 00:00:00+00:00,-0.0006843355285881536
2022-05-29 00:00:00+00:00,-0.0010524025949114613
2022-05-30 00:00:00+00:00,0.00030085946677371744
2022-05-31 00:00:00+00:00,-0.00032912632092629845
2022-06-01 00:00:00+00:00,0.0004137474461332058
2022-06-02 00:00:00+00:00,0.0008155699494767354
2022-06-03 00:00:00+00:00,-0.0007671636028349083
2022-06-04 00:00:00+00:00,3.908566219523735e-05
2022-06-05 00:00:00+00:00,-0.0012135913656766695
2022-06-06 00:00:00+00:00,-0.0003994338347442783
2022-06-07 00:00:00+00:00,-0.0005075071454740954
2022-06-08 00:00:00+00:00,-5.216789262241228e-05
2022-06-09 00:00:00+00:00,-0.0005629250120351426
2022-06-10 00:00:00+00:00,-0.0010701285357889168
2022-06-11 00:00:00+00:00,-0.0003570658257576742
2022-06-12 00:00:00+00:00,-0.002099029306546929
2022-06-13 00:00:00+00:00,-0.0015529392806901132
2022-06-14 00:00:00+00:00,-0.003154286931782768
2022-06-15 00:00:00+00:00,-0.0008174013802795255
2022-06-16 00:00:00+00:00,3.8952366607780675e-05
2022-06-17 00:00:00+00:00,-0.0029622081471257777
2022-06-18 00:00:00+00:00,-0.00018907805009726886
2022-06-19 00:00:00+00:00,-0.00131277833219956
2022-06-20 00:00:00+00:00,-0.0009800079054060884
2022-06-21 00:00:00+00:00,-0.00015937083503281269
2022-06-22 00:00:00+00:00,-0.0013741133652535042
2022-06-23 00:00:00+00:00,-8.465930534040655e-05
2022-06-24 00:00:00+00:00,-0.001472459025825823
2022-06-25 00:00:00+00:00,-0.0009741410154421315
2022-06-26 00:00:00+00:00,0.0007799408002449049
2022-06-27 00:00:00+00:00,-0.0011053209788893792
2022-06-28 00:00:00+00:00,-0.0005639557939172146
2022-06-29 00:00:00+00:00,-0.0013713449685606172
2022-06-30 00:00:00+00:00,-0.0003552649866368496
2022-07-01 00:00:00+00:00,-0.0016980035524182258
2022-07-02 00:00:00+00:00,-1.3039123800684393e-05
2022-07-03 00:00:00+00:00,-0.0007638986601403719
2022-07-04 00:00:00+00:00,7.261493411014897e-07
2022-07-05 00:00:00+00:00,-0.0010860541837744986
2022-07-06 00:00:00+00:00,-0.0005503954492865892
2022-07-07 00:00:00+00:00,-0.0007527371710561725
2022-07-08 00:00:00+00:00,0.0014775821052697147
2022-07-09 00:00:00+00:00,-0.0014289142178207648
2022-07-10 00:00:00+00:00,0.0001434810107387996
2022-07-11 00:00:00+00:00,0.0004342674259645296
2022-07-12 00:00:00+00:00,-0.001347963067118374
2022-07-13 00:00:00+00:00,-0.0007328365587256913
2022-07-14 00:00:00+00:00,-0.0014855530674617867
2022-07-15 00:00:00+00:00,-0.0008877597882730459
2022-07-16 00:00:00+00:00,0.0005339158010391198
2022-07-17 00:00:00+00:00,0.0002996920251705504
2022-07-18 00:00:00+00:00,-0.0007742303573728959
2022-07-19 00:00:00+00:00,7.777260694519228e-05
2022-07-20 00:00:00+00:00,0.0009206223959190574
2022-07-21 00:00:00+00:00,-0.0005434623438783648
2022-07-22 00:00:00+00:00,0.0006467460009980108
2022-07-23 00:00:00+00:00,-0.00010648639121502157
2022-07-24 00:00:00+00:00,8.648922410880999e-05
2022-07-25 00:00:00+00:00,0.00011073590253274368
2022-07-26 00:00:00+00:00,-0.0003939064965777783
2022-07-27 00:00:00+00:00,-0.00010687152118027399
2022-07-28 00:00:00+00:00,-0.001062171382670618
2022-07-29 00:00:00+00:00,0.0007410056922652064
2022-07-30 00:00:00+00:00,0.0003223271333203659
2022-07-31 00:00:00+00:00,0.0006444662264308842
2022-08-01 00:00:00+00:00,-0.0004955901930161488
2022-08-02 00:00:00+00:00,0.0014058488263966051
2022-08-03 00:00:00+00:00,-0.0017884033994964854
2022-08-04 00:00:00+00:00,0.00038874491200346917
2022-08-05 00:00:00+00:00,-0.0015913898031888474
2022-08-06 00:00:00+00:00,0.0018968063785911315
2022-08-07 00:00:00+00:00,-0.00041438682252381565
2022-08-08 00:00:00+00:00,-0.00013231633332799753
2022-08-09 00:00:00+00:00,0.0011397200615708147
2022-08-10 00:00:00+00:00,-0.0018784962232265556
2022-08-11 00:00:00+00:00,0.00037652243162056287
2022-08-12 00:00:00+00:00,0.0010535220806284773
2022-08-13 00:00:00+00:00,-0.0006480159675311681
2022-08-14 00:00:00+00:00,0.0008462734733938326
2022-08-15 00:00:00+00:00,-0.000599713634060195
2022-08-16 00:00:00+00:00,-0.0004391616667740461
2022-08-17 00:00:00+00:00,-0.0002705687294851655
2022-08-18 00:00:00+00:00,0.0005039768706922576
2022-08-19 00:00:00+00:00,-0.0007253910231123095
2022-08-20 00:00:00+00:00,-0.0016299467961206071
2022-08-21 00:00:00+00:00,-0.0003596958687619445
2022-08-22 00:00:00+00:00,-0.0016443524312995672
2022-08-23 00:00:00+00:00,-0.00025436311431981107
2022-08-24 00:00:00+00:00,-5.476837813955804e-05
2022-08-25 00:00:00+00:00,-0.0015235595491374099
2022-08-26 00:00:00+00:00,0.0005502130415593331
2022-08-27 00:00:00+00:00,-0.0034409596761804107
2022-08-28 00:00:00+00:00,-0.0009505412166646021
2022-08-29 00:00:00+00:00,-0.0018192919709684174
2022-08-30 00:00:00+00:00,-0.0013263868319469685
2022-08-31 00:00:00+00:00,-0.0006416588277760038
2022-09-01 00:00:00+00:00,-0.0005278041268143019
2022-09-02 00:00:00+00:00,-8.6437475178891e-05
2022-09-03 00:00:00+00:00,-0.0016120903792046226
2022-09-04 00:00:00+00:00,3.226893134922193e-06
2022-09-05 00:00:00+00:00,0.0002450356413619126
2022-09-06 00:00:00+00:00,-0.0009000764995312771
2022-09-07 00:00:00+00:00,-0.0008403575019274578
2022-09-08 00:00:00+00:00,-0.0012510252767882202
2022-09-09 00:00:00+00:00,-0.00021628402188955675
2022-09-10 00:00:00+00:00,-0.00024997318249253553
2022-09-11 00:00:00+00:00,0.00022479890807369785
2022-09-12 00:00:00+00:00,-0.0024458473253995416
2022-09-13 00:00:00+00:00,0.0008540505515348684
2022-09-14 00:00:00+00:00,-0.003945699257212554
2022-09-15 00:00:00+00:00,-0.006060508782824381
2022-09-16 00:00:00+00:00,-0.00038931134321240624
2022-09-17 00:00:00+00:00,0.0002663164173559718
2022-09-18 00:00:00+00:00,-0.0006211230371754306
2022-09-19 00:00:00+00:00,-0.0020956015123271277
2022-09-20 00:00:00+00:00,0.00033962165187184645
2022-09-21 00:00:00+00:00,-0.0002021100936436815
2022-09-22 00:00:00+00:00,-0.0012630146250712793
2022-09-23 00:00:00+00:00,-0.0007471591759151686
2022-09-24 00:00:00+00:00,-0.0006994473209226415
2022-09-25 00:00:00+00:00,0.0006273693718310547
2022-09-26 00:00:00+00:00,-0.00010556699554897797
2022-09-27 00:00:00+00:00,-0.0006809277245739542
2022-09-28 00:00:00+00:00,-0.0006441226903499686
2022-09-29 00:00:00+00:00,-0.0001458293866329896
2022-09-30 00:00:00+00:00,8.029664173858642e-05
2022-10-01 00:00:00+00:00,-5.8246709901510485e-05
2022-10-02 00:00:00+00:00,-4.683456141096887e-05
2022-10-03 00:00:00+00:00,0.00016543741084551478
2022-10-04 00:00:00+00:00,0.00016686358676798463
2022-10-05 00:00:00+00:00,0.00036559777849842767
2022-10-06 00:00:00+00:00,-0.0009502906346038342
2022-10-07 00:00:00+00:00,-2.5911011580892485e-05
2022-10-08 00:00:00+00:00,0.0004722005208197544
2022-10-09 00:00:00+00:00,-0.00020626461695560927
2022-10-10 00:00:00+00:00,-0.000332277996773378
2022-10-11 00:00:00+00:00,0.0008975046932009345
2022-10-12 00:00:00+00:00,-0.0006216222302768415
2022-10-13 00:00:00+00:00,0.0011073958268981166
2022-10-14 00:00:00+00:00,-0.0019278363868258097
2022-10-15 00:00:00+00:00,0.000614672569243746
2022-10-16 00:00:00+00:00,-0.0006706785093703038
2022-10-17 00:00:00+00:00,0.00036284381008333533
2022-10-18 00:00:00+00:00,-0.000909931054796087
2022-10-19 00:00:00+00:00,0.0009427634263259321
2022-10-20 00:00:00+00:00,-5.8000414658754273e-05
2022-10-21 00:00:00+00:00,-9.162341414015174e-06
2022-10-22 00:00:00+00:00,-0.0011229727540685852
2022-10-23 00:00:00+00:00,-0.0006205747548523322
2022-10-24 00:00:00+00:00,0.0006793291267530588
2022-10-25 00:00:00+00:00,-0.00047645985980815375
2022-10-26 00:00:00+00:00,0.0008748854492321989
2022-10-27 00:00:00+00:00,0.00016524740040568808
2022-10-28 00:00:00+00:00,-0.0006464242927526342
2022-10-29 00:00:00+00:00,-0.0009279315054255832
2022-10-30 00:00:00+00:00,0.00012101919207951894
2022-10-31 00:00:00+00:00,0.0017930292479895193
2022-11-01 00:00:00+00:00,-0.0016891242866562406
2022-11-02 00:00:00+00:00,-0.0007119385335830897
2022-11-03 00:00:00+00:00,-0.000658148363881339
2022-11-04 00:00:00+00:00,-0.0015172901483914147
2022-11-05 00:00:00+00:00,0.0001508071004927558
2022-11-06 00:00:00+00:00,0.0012032276447992984
2022-11-07 00:00:00+00:00,-0.0001618990472813664
2022-11-08 00:00:00+00:00,-0.003131929313953341
2022-11-09 00:00:00+00:00,0.10190763264299063
2022-11-10 00:00:00+00:00,-0.2126366535190023
2022-11-11 00:00:00+00:00,-0.014831072322499583
2022-11-12 00:00:00+00:00,7.555995961139317e-06
2022-11-13 00:00:00+00:00,-0.0041645898388805724
2022-11-14 00:00:00+00:00,-0.0020734210867529024
2022-11-15 00:00:00+00:00,-0.001853995802758357
2022-11-16 00:00:00+00:00,-0.0023313174823954563
2022-11-17 00:00:00+00:00,-0.0034965488173241965
2022-11-18 00:00:00+00:00,-0.00016911818616194285
2022-11-19 00:00:00+00:00,-0.0025324937622310806
2022-11-20 00:00:00+00:00,-0.0004112922703066735
2022-11-21 00:00:00+00:00,-0.0033722446803182704
2022-11-22 00:00:00+00:00,-0.0018192817981775855
2022-11-23 00:00:00+00:00,0.0007108582926618201
2022-11-24 00:00:00+00:00,-0.006219910362809333
2022-11-25 00:00:00+00:00,-0.00530779622567179
2022-11-26 00:00:00+00:00,-0.003140771369959383
2022-11-27 00:00:00+00:00,-0.0034739432611401444
2022-11-28 00:00:00+00:00,-0.008092232353971385
2022-11-29 00:00:00+00:00,-0.0017243548108102358
2022-11-30 00:00:00+00:00,-0.00395412163654163
2022-12-01 00:00:00+00:00,-0.003812933700629295
2022-12-02 00:00:00+00:00,-0.0021419502262145507
2022-12-03 00:00:00+00:00,-0.0010243911577216824
2022-12-04 00:00:00+00:00,-0.0002516886915494565
2022-12-05 00:00:00+00:00,0.0011728187915838184
2022-12-06 00:00:00+00:00,-0.0009396462259624316
2022-12-07 00:00:00+00:00,0.00011693393261724694
2022-12-08 00:00:00+00:00,0.0007151710537300904
2022-12-09 00:00:00+00:00,-0.00041190648324074264
2022-12-10 00:00:00+00:00,-0.0009202792318291353
2022-12-11 00:00:00+00:00,-0.0008937393606277544
2022-12-12 00:00:00+00:00,0.0006418497483571262
2022-12-13 00:00:00+00:00,-0.0025984864906211103
2022-12-14 00:00:00+00:00,0.00109922190736933
2022-12-15 00:00:00+00:00,0.0004438894311573627
2022-12-16 00:00:00+00:00,0.000582808226230469
2022-12-17 00:00:00+00:00,-0.0026501617222218776
2022-12-18 00:00:00+00:00,-0.0020886019669608125
2022-12-19 00:00:00+00:00,-0.0019047379829969513
2022-12-20 00:00:00+00:00,-0.0009484278509779287
2022-12-21 00:00:00+00:00,-0.0008175838142260305
2022-12-22 00:00:00+00:00,-0.0018578656130628923
2022-12-23 00:00:00+00:00,-0.00032658811572328084
2022-12-24 00:00:00+00:00,-0.0003934604091944127
2022-12-25 00:00:00+00:00,-0.0029671271363723717
2022-12-26 00:00:00+00:00,-0.00020895296462219992
2022-12-27 00:00:00+00:00,-0.0013917231108656614
2022-12-28 00:00:00+00:00,-0.000191101621017431
2022-12-29 00:00:00+00:00,-0.0018789413341004924
2022-12-30 00:00:00+00:00,-0.004002291694453541
2022-12-31 00:00:00+00:00,-0.0038442956382310767
2023-01-01 00:00:00+00:00,-0.0026825722657675133
2023-01-02 00:00:00+00:00,-0.0014091880653192002
2023-01-03 00:00:00+00:00,0.005870892856737697
2023-01-04 00:00:00+00:00,-0.02598877116463638
2023-01-05 00:00:00+00:00,-0.0018554255383688156
2023-01-06 00:00:00+00:00,-0.003430075199969407
2023-01-07 00:00:00+00:00,-0.0020770984491373934
2023-01-08 00:00:00+00:00,-0.0006931902360226561
2023-01-09 00:00:00+00:00,-0.0006779001654066974
2023-01-10 00:00:00+00:00,0.0002325543879511116
2023-01-11 00:00:00+00:00,-0.0016975138951216273
2023-01-12 00:00:00+00:00,0.0007402029250751507
2023-01-13 00:00:00+00:00,0.00043072291739676416
2023-01-14 00:00:00+00:00,-0.002633994994352018
2023-01-15 00:00:00+00:00,-0.00025740324769862877
2023-01-16 00:00:00+00:00,0.0021380245418083366
2023-01-17 00:00:00+00:00,0.0012567475538898254
2023-01-18 00:00:00+00:00,0.0006500736571488641
2023-01-19 00:00:00+00:00,0.0006579626597174038
2023-01-20 00:00:00+00:00,-6.589552059910186e-05
2023-01-21 00:00:00+00:00,-0.0008045416098925173
2023-01-22 00:00:00+00:00,0.0006182823601572629
2023-01-23 00:00:00+00:00,0.0005566996225898624
2023-01-24 00:00:00+00:00,0.0004653427283398681
2023-01-25 00:00:00+00:00,0.0013282524295366027
2023-01-26 00:00:00+00:00,0.0003207728539884602
2023-01-27 00:00:00+00:00,-0.002966249244931607
2023-01-28 00:00:00+00:00,0.0034448940810802853
2023-01-29 00:00:00+00:00,-0.0004641316303669596
2023-01-30 00:00:00+00:00,0.0010016063419380217
2023-01-31 00:00:00+00:00,0.0017553937498855365
2023-02-01 00:00:00+00:00,-0.000746585552930279
2023-02-02 00:00:00+00:00,-0.0007280459146263851
2023-02-03 00:00:00+00:00,0.0025281861843930997
2023-02-04 00:00:00+00:00,2.3891599498560012e-05
2023-02-05 00:00:00+00:00,-0.0003589060263663457
2023-02-06 00:00:00+00:00,0.0009290346114148029
2023-02-07 00:00:00+00:00,0.00037191257907354114
2023-02-08 00:00:00+00:00,-0.00018032059939432354
2023-02-09 00:00:00+00:00,0.0008922544711287284
2023-02-10 00:00:00+00:00,0.0006331948590665437
2023-02-11 00:00:00+00:00,-0.00023936965874349347
2023-02-12 00:00:00+00:00,-0.0020500733085956346
2023-02-13 00:00:00+00:00,-0.0010777356190974086
2023-02-14 00:00:00+00:00,-0.0009412007639545417
2023-02-15 00:00:00+00:00,-3.645928523365871e-05
2023-02-16 00:00:00+00:00,-0.0026942534382269345
2023-02-17 00:00:00+00:00,0.0017754140922057182
2023-02-18 00:00:00+00:00,-0.00020456864601758884
2023-02-19 00:00:00+00:00,-0.0003467833891281913
2023-02-20 00:00:00+00:00,0.0011057279408377418
2023-02-21 00:00:00+00:00,0.0014867979563590872
2023-02-22 00:00:00+00:00,0.0007047625041747274
2023-02-23 00:00:00+00:00,-3.482129991472238e-05
2023-02-24 00:00:00+00:00,-3.089108646703309e-05
2023-02-25 00:00:00+00:00,0.0005774546295584937
2023-02-26 00:00:00+00:00,-0.00048718336185848976
2023-02-27 00:00:00+00:00,0.00037257450364291955
2023-02-28 00:00:00+00:00,-0.0003331589665694912
2023-03-01 00:00:00+00:00,-0.0009208801955643553
2023-03-02 00:00:00+00:00,0.0011477283486296397
2023-03-03 00:00:00+00:00,-0.0009428411731278175
2023-03-04 00:00:00+00:00,5.751178534030288e-05
2023-03-05 00:00:00+00:00,-0.00031990329627817893
2023-03-06 00:00:00+00:00,7.0195165822184435e-06
2023-03-07 00:00:00+00:00,-0.00037372957542602947
2023-03-08 00:00:00+00:00,-0.0005153001475804997
2023-03-09 00:00:00+00:00,0.000188568758327623
2023-03-10 00:00:00+00:00,-0.0013108817836033904
2023-03-11 00:00:00+00:00,-0.0012200775630559768
2023-03-12 00:00:00+00:00,-0.0006302024832792741
2023-03-13 00:00:00+00:00,-0.004176391132884816
2023-03-14 00:00:00+00:00,0.0008924089166715277
2023-03-15 00:00:00+00:00,0.0021150633001938424
2023-03-16 00:00:00+00:00,0.002685310918546735
2023-03-17 00:00:00+00:00,-0.0029770005445208803
2023-03-18 00:00:00+00:00,-0.0031791060176019625
2023-03-19 00:00:00+00:00,-0.003752645135709054
2023-03-20 00:00:00+00:00,-0.002317742046177629
2023-03-21 00:00:00+00:00,-0.0015998441376759986
2023-03-22 00:00:00+00:00,-0.0031383281658765583
2023-03-23 00:00:00+00:00,-0.0007313677852098799
2023-03-24 00:00:00+00:00,0.0009955274373181222
2023-03-25 00:00:00+00:00,-0.0012549884948100942
2023-03-26 00:00:00+00:00,-0.0014028479581175146
2023-03-27 00:00:00+00:00,0.0005730607215108652
2023-03-28 00:00:00+00:00,-0.0013747712949634394
2023-03-29 00:00:00+00:00,-0.0007571384324378538
2023-03-30 00:00:00+00:00,0.0006232914154613578
2023-03-31 00:00:00+00:00,-0.0012019976264425747
2023-04-01 00:00:00+00:00,-0.0007679983272489421
2023-04-02 00:00:00+00:00,0.0005198523747480532
2023-04-03 00:00:00+00:00,-0.0005587417611282453
2023-04-04 00:00:00+00:00,-0.001621052134166412
2023-04-05 00:00:00+00:00,0.0005923643854763849
2023-04-06 00:00:00+00:00,-8.711207540501587e-05
2023-04-07 00:00:00+00:00,-0.0005605086510951374
2023-04-08 00:00:00+00:00,-0.00024735582551105306
2023-04-09 00:00:00+00:00,-0.00025715359807920724
2023-04-10 00:00:00+00:00,0.0004118399341495049
2023-04-11 00:00:00+00:00,-0.0008832986195667081
2023-04-12 00:00:00+00:00,0.000794778543319774
2023-04-13 00:00:00+00:00,-0.0005185130846208086
2023-04-14 00:00:00+00:00,-0.0010531782020352098
2023-04-15 00:00:00+00:00,0.0007721031773311182
2023-04-16 00:00:00+00:00,0.0009677810183352786
2023-04-17 00:00:00+00:00,0.0012730530359841286
2023-04-18 00:00:00+00:00,0.0003488794556347763
2023-04-19 00:00:00+00:00,0.002281817125148633
2023-04-20 00:00:00+00:00,0.00012879903039064722
2023-04-21 00:00:00+00:00,-0.000386419206992894
2023-04-22 00:00:00+00:00,-0.00036442573405659484
2023-04-23 00:00:00+00:00,-0.0008964385276523101
2023-04-24 00:00:00+00:00,-0.002239163759989893
2023-04-25 00:00:00+00:00,-0.0013256716596647955
2023-04-26 00:00:00+00:00,-0.002182846997907606
2023-04-27 00:00:00+00:00,-0.0016546446841160245
2023-04-28 00:00:00+00:00,-0.002736586605613489
2023-04-29 00:00:00+00:00,2.505524365448153e-05
2023-04-30 00:00:00+00:00,0.00048580244823326346
2023-05-01 00:00:00+00:00,-0.00206866905837777
2023-05-02 00:00:00+00:00,-0.0032352350868946056
2023-05-03 00:00:00+00:00,-0.0015875173845993906
2023-05-04 00:00:00+00:00,0.000834600802101404
2023-05-05 00:00:00+00:00,-0.00047181503832971483
2023-05-06 00:00:00+00:00,0.000521940165305379
2023-05-07 00:00:00+00:00,-0.00018963621033141198
2023-05-08 00:00:00+00:00,-0.0005077196685159269
2023-05-09 00:00:00+00:00,-0.0012350764475673737
2023-05-10 00:00:00+00:00,-0.0005661554789420098
2023-05-11 00:00:00+00:00,-0.0005267591506141756
2023-05-12 00:00:00+00:00,-0.0010698530723535216
2023-05-13 00:00:00+00:00,0.000349068228496785
2023-05-14 00:00:00+00:00,-0.0004994355356272573
2023-05-15 00:00:00+00:00,0.00037797195343469703
2023-05-16 00:00:00+00:00,-0.0001040273374335321
2023-05-17 00:00:00+00:00,0.00017501383237483736
2023-05-18 00:00:00+00:00,-0.00014132099833730205
2023-05-19 00:00:00+00:00,-0.0004318470808091224
2023-05-20 00:00:00+00:00,0.00016692966832665412
2023-05-21 00:00:00+00:00,0.00016020618787782048
2023-05-22 00:00:00+00:00,-7.452573029820275e-05
2023-05-23 00:00:00+00:00,0.00026010345406812796
2023-05-24 00:00:00+00:00,0.00039312523250023546
2023-05-25 00:00:00+00:00,5.7074767623621625e-05
2023-05-26 00:00:00+00:00,0.000799789916429372
2023-05-27 00:00:00+00:00,-0.0005928127928562787
2023-05-28 00:00:00+00:00,-0.00013136972748029052
2023-05-29 00:00:00+00:00,-0.00022043277312622234
2023-05-30 00:00:00+00:00,0.0008437391022526608
2023-05-31 00:00:00+00:00,0.0005194215285655446
2023-06-01 00:00:00+00:00,0.0005328848105428108
2023-06-02 00:00:00+00:00,0.0004752205673110854
2023-06-03 00:00:00+00:00,-0.00015141560241116458
2023-06-04 00:00:00+00:00,0.0006228049679080083
2023-06-05 00:00:00+00:00,-0.004353616623952061
2023-06-06 00:00:00+00:00,0.005746504731324986
2023-06-07 00:00:00+00:00,0.0003081304340346591
2023-06-08 00:00:00+00:00,-0.00010661575919990174
2023-06-09 00:00:00+00:00,0.00014754011105466702
2023-06-10 00:00:00+00:00,-0.0015404478214449124
2023-06-11 00:00:00+00:00,-0.0008757585170879878
2023-06-12 00:00:00+00:00,-0.0013412494195262914
2023-06-13 00:00:00+00:00,-0.00015590703162715602
2023-06-14 00:00:00+00:00,-0.0008317392873050666
2023-06-15 00:00:00+00:00,-0.000426737238403474
2023-06-16 00:00:00+00:00,-0.0005137860766385449
2023-06-17 00:00:00+00:00,-0.0008105775886505517
2023-06-18 00:00:00+00:00,-0.00013980493945631167
2023-06-19 00:00:00+00:00,-0.00010936662422356136
2023-06-20 00:00:00+00:00,2.132421342371238e-05
2023-06-21 00:00:00+00:00,-0.0015099527252817602
2023-06-22 00:00:00+00:00,0.00031531728229761136
2023-06-23 00:00:00+00:00,0.00048192070737185233
2023-06-24 00:00:00+00:00,-0.00015796925503253068
2023-06-25 00:00:00+00:00,0.00043885520552144897
2023-06-26 00:00:00+00:00,-4.1546520600732606e-05
2023-06-27 00:00:00+00:00,0.00027228613988006245
2023-06-28 00:00:00+00:00,0.00015823393515668194
2023-06-29 00:00:00+00:00,0.00019857732922146099
2023-06-30 00:00:00+00:00,0.0003909799738095465
2023-07-01 00:00:00+00:00,-0.00015404163705567964
2023-07-02 00:00:00+00:00,0.00017173300498352084
2023-07-03 00:00:00+00:00,0.0005452692862233377
2023-07-04 00:00:00+00:00,0.0005692665631356064
2023-07-05 00:00:00+00:00,0.0015721934153909434
2023-07-06 00:00:00+00:00,0.0005415455559394378
2023-07-07 00:00:00+00:00,-0.0015306467740671126
2023-07-08 00:00:00+00:00,-0.0002688875220338005
2023-07-09 00:00:00+00:00,-0.00033135860796040806
2023-07-10 00:00:00+00:00,0.00040862270871122597
2023-07-11 00:00:00+00:00,-0.0012195119509149643
2023-07-12 00:00:00+00:00,-0.0006235567458990898
2023-07-13 00:00:00+00:00,-0.0037992247332673257
2023-07-14 00:00:00+00:00,-0.0012383202886475653
2023-07-15 00:00:00+00:00,-0.000439363249827851
2023-07-16 00:00:00+00:00,-0.001985319332415414
2023-07-17 00:00:00+00:00,-0.0013559618697567277
2023-07-18 00:00:00+00:00,-0.0018969874360459382
2023-07-19 00:00:00+00:00,0.0011049864465229042
2023-07-20 00:00:00+00:00,0.00044467799738812097
2023-07-21 00:00:00+00:00,0.000264833053101432
2023-07-22 00:00:00+00:00,0.00017418465792173876
2023-07-23 00:00:00+00:00,4.0934026037664495e-06
2023-07-24 00:00:00+00:00,0.0002148933879910775
2023-07-25 00:00:00+00:00,0.0013730773365545623
2023-07-26 00:00:00+00:00,-0.00017911514562207742
2023-07-27 00:00:00+00:00,-0.00037983132401242514
2023-07-28 00:00:00+00:00,0.0003647527730314959
2023-07-29 00:00:00+00:00,0.00025115915723139537
2023-07-30 00:00:00+00:00,0.0004670501029162555
2023-07-31 00:00:00+00:00,-2.791002260582598e-05
2023-08-01 00:00:00+00:00,0.00010176589668642322
2023-08-02 00:00:00+00:00,0.00011317904635244069
2023-08-03 00:00:00+00:00,0.0009528299735992452
2023-08-04 00:00:00+00:00,-0.00011288936397446658
2023-08-05 00:00:00+00:00,-6.633832232771919e-05
2023-08-06 00:00:00+00:00,0.0003637586761844336
2023-08-07 00:00:00+00:00,0.0005187795376930815
2023-08-08 00:00:00+00:00,0.0011659973403228552
2023-08-09 00:00:00+00:00,-0.00024450345833915144
2023-08-10 00:00:00+00:00,0.0007496946702640894
2023-08-11 00:00:00+00:00,-0.0006884227594087244
2023-08-12 00:00:00+00:00,0.00020946854460479614
2023-08-13 00:00:00+00:00,-0.0010341391168811054
2023-08-14 00:00:00+00:00,0.0008974854582486369
2023-08-15 00:00:00+00:00,0.0005938705620252005
2023-08-16 00:00:00+00:00,-0.0007919604851768236
2023-08-17 00:00:00+00:00,0.0007356242436236116
2023-08-18 00:00:00+00:00,-0.0022846080581921946
2023-08-19 00:00:00+00:00,-0.00027280993192713154
2023-08-20 00:00:00+00:00,-0.0011410075064598457
2023-08-21 00:00:00+00:00,-0.0013758045374697714
2023-08-22 00:00:00+00:00,-0.0016257809891965236
2023-08-23 00:00:00+00:00,-0.00043323229652292294
2023-08-24 00:00:00+00:00,-0.001079953762948449
2023-08-25 00:00:00+00:00,0.0001877157111880301
2023-08-26 00:00:00+00:00,-0.0009383444331003687
2023-08-27 00:00:00+00:00,-0.0009717951539066627
2023-08-28 00:00:00+00:00,0.000131485644912388
2023-08-29 00:00:00+00:00,-0.0016157999376357202
2023-08-30 00:00:00+00:00,0.0003712994342688347
2023-08-31 00:00:00+00:00,5.604293296523899e-05
2023-09-01 00:00:00+00:00,-0.00014689284272306757
2023-09-02 00:00:00+00:00,-0.0004455309803607088
2023-09-03 00:00:00+00:00,0.0002708686618921874
2023-09-04 00:00:00+00:00,-0.000900769147795133
2023-09-05 00:00:00+00:00,-0.00020067265271528356
2023-09-06 00:00:00+00:00,0.00017824117387776894
2023-09-07 00:00:00+00:00,-0.00019116141183994628
2023-09-08 00:00:00+00:00,-0.0012341800748176812
2023-09-09 00:00:00+00:00,0.00021523721062299828
2023-09-10 00:00:00+00:00,-0.0005337952349607766
2023-09-11 00:00:00+00:00,-0.0015033382741904688
2023-09-12 00:00:00+00:00,-0.0007377558893213454
2023-09-13 00:00:00+00:00,4.889915260597455e-05
2023-09-14 00:00:00+00:00,-0.001246359070911529
2023-09-15 00:00:00+00:00,-0.0002722357898361505
2023-09-16 00:00:00+00:00,-0.00023572426980100758
2023-09-17 00:00:00+00:00,-0.0008742316859837729
2023-09-18 00:00:00+00:00,-0.0004387387403808063
2023-09-19 00:00:00+00:00,-0.0014800860391628312
2023-09-20 00:00:00+00:00,2.1281065866407545e-05
2023-09-21 00:00:00+00:00,2.838235002911027e-05
2023-09-22 00:00:00+00:00,-0.00031126469405695634
2023-09-23 00:00:00+00:00,-0.0004728035933312391
2023-09-24 00:00:00+00:00,0.0010841508152090729
2023-09-25 00:00:00+00:00,0.00018481501294043134
2023-09-26 00:00:00+00:00,-0.001096983878973945
2023-09-27 00:00:00+00:00,0.00014353865158800438
2023-09-28 00:00:00+00:00,-0.00011999114206784345
2023-09-29 00:00:00+00:00,-0.0006348411309435864
2023-09-30 00:00:00+00:00,0.0001542514663226413
2023-10-01 00:00:00+00:00,-0.0009173786995327893
2023-10-02 00:00:00+00:00,-0.0010715404164112208
2023-10-03 00:00:00+00:00,0.0005744471242050686
2023-10-04 00:00:00+00:00,-3.5927710843375316e-05
2023-10-05 00:00:00+00:00,-0.000626908768017298
2023-10-06 00:00:00+00:00,0.00016621486161216836
2023-10-07 00:00:00+00:00,-0.0010232716166411748
2023-10-08 00:00:00+00:00,0.0007031911524124634
2023-10-09 00:00:00+00:00,-0.00036205011801659914
2023-10-10 00:00:00+00:00,-0.0007324168528268782
2023-10-11 00:00:00+00:00,5.1477715539594016e-05
2023-10-12 00:00:00+00:00,8.200316325335244e-05
2023-10-13 00:00:00+00:00,-0.0011066437220186298
2023-10-14 00:00:00+00:00,0.00023508860540433218
2023-10-15 00:00:00+00:00,0.00015020778986163386
2023-10-16 00:00:00+00:00,-0.001294854500678344
2023-10-17 00:00:00+00:00,1.1074146264888896e-05
2023-10-18 00:00:00+00:00,2.3660172455475248e-05
2023-10-19 00:00:00+00:00,-0.00022419448997779146
2023-10-20 00:00:00+00:00,-0.00039174025659982625
2023-10-21 00:00:00+00:00,-3.234488660119883e-05
2023-10-22 00:00:00+00:00,-0.0007559073325702492
2023-10-23 00:00:00+00:00,0.0004185366455418116
2023-10-24 00:00:00+00:00,-0.0001640946348971939
2023-10-25 00:00:00+00:00,-0.00019684666536956552
2023-10-26 00:00:00+00:00,0.0009333406051799109
2023-10-27 00:00:00+00:00,0.0009706767028003771
2023-10-28 00:00:00+00:00,5.2571104075749275e-05
2023-10-29 00:00:00+00:00,0.000603415839293131
2023-10-30 00:00:00+00:00,-0.0004806795555178933
2023-10-31 00:00:00+00:00,0.001113513159332502
2023-11-01 00:00:00+00:00,0.0010968749380020348
2023-11-02 00:00:00+00:00,0.0002886678565843237
2023-11-03 00:00:00+00:00,0.0014802458905678328
2023-11-04 00:00:00+00:00,0.0006844438054685043
2023-11-05 00:00:00+00:00,-0.0004351733492858889
2023-11-06 00:00:00+00:00,0.0010622921741636482
2023-11-07 00:00:00+00:00,0.0007678685529270979
2023-11-08 00:00:00+00:00,0.0010552078563494938
2023-11-09 00:00:00+00:00,-0.002177292988737256
2023-11-10 00:00:00+00:00,0.0024623081146908365
2023-11-11 00:00:00+00:00,-0.00014628357993196062
2023-11-12 00:00:00+00:00,0.001239410572344779
2023-11-13 00:00:00+00:00,0.0018003840398193027
2023-11-14 00:00:00+00:00,0.002407660461210215
2023-11-15 00:00:00+00:00,9.616636115339361e-05
2023-11-16 00:00:00+00:00,0.002438523685668992
2023-11-17 00:00:00+00:00,0.00033191893472372946
2023-11-18 00:00:00+00:00,0.00012276567857849585
2023-11-19 00:00:00+00:00,0.0009452990414502427
2023-11-20 00:00:00+00:00,-0.00018024099847246955
2023-11-21 00:00:00+00:00,0.001019304053125003
2023-11-22 00:00:00+00:00,0.0007258243244205875
2023-11-23 00:00:00+00:00,0.0005957516944574692
2023-11-24 00:00:00+00:00,-8.325049864543743e-05
2023-11-25 00:00:00+00:00,0.0020072281606573483
2023-11-26 00:00:00+00:00,8.16574871760345e-05
2023-11-27 00:00:00+00:00,0.0007373244265453938
2023-11-28 00:00:00+00:00,0.0004925691292849699
2023-11-29 00:00:00+00:00,0.0012193600582257602
2023-11-30 00:00:00+00:00,0.0006325269693541191
2023-12-01 00:00:00+00:00,0.0004917956611578678
2023-12-02 00:00:00+00:00,0.0011796710386171583
2023-12-03 00:00:00+00:00,2.4883127857755483e-05
2023-12-04 00:00:00+00:00,0.0006980608751310236
2023-12-05 00:00:00+00:00,0.0005499254751728522
2023-12-06 00:00:00+00:00,0.0013185204291550345
2023-12-07 00:00:00+00:00,0.0007194530178671332
2023-12-08 00:00:00+00:00,0.002369209968367425
2023-12-09 00:00:00+00:00,0.0020763882934042854
2023-12-10 00:00:00+00:00,0.0013122520972124185
2023-12-11 00:00:00+00:00,0.0012583042736640238
2023-12-12 00:00:00+00:00,0.0012208845473105079
2023-12-13 00:00:00+00:00,0.000364540761176535
2023-12-14 00:00:00+00:00,-0.0003265734550149668
2023-12-15 00:00:00+00:00,-0.00082646364061989
2023-12-16 00:00:00+00:00,0.00035608611894777376
2023-12-17 00:00:00+00:00,-0.0011581818473794803
2023-12-18 00:00:00+00:00,0.0004005544420389029
2023-12-19 00:00:00+00:00,0.0014629067110920602
2023-12-20 00:00:00+00:00,-0.0009253825784396597
2023-12-21 00:00:00+00:00,-3.5861811107040786e-05
2023-12-22 00:00:00+00:00,0.0005165646111344735
2023-12-23 00:00:00+00:00,0.0002364279034698935
2023-12-24 00:00:00+00:00,0.0008437408694519366
2023-12-25 00:00:00+00:00,-0.00024319595105648517
2023-12-26 00:00:00+00:00,0.0008673374958887425
2023-12-27 00:00:00+00:00,0.001088706641300785
2023-12-28 00:00:00+00:00,0.0021258541523663244
2023-12-29 00:00:00+00:00,0.0028439783559526255
2023-12-30 00:00:00+00:00,0.0009218725949315942
2023-12-31 00:00:00+00:00,-0.0011401388479013175
2024-01-01 00:00:00+00:00,0.00038780441211239136
2024-01-02 00:00:00+00:00,0.0036765650948971107
2024-01-03 00:00:00+00:00,0.0032692117189148107
2024-01-04 00:00:00+00:00,-0.0024696919684695784
2024-01-05 00:00:00+00:00,-0.0010896987058998109
2024-01-06 00:00:00+00:00,-0.0007228543465621629
2024-01-07 00:00:00+00:00,-0.0012088951882731624
2024-01-08 00:00:00+00:00,-0.002292269314953299
2024-01-09 00:00:00+00:00,-0.0007535944407482953
2024-01-10 00:00:00+00:00,-0.0007531631696434671
2024-01-11 00:00:00+00:00,0.0007815488173694707
2024-01-12 00:00:00+00:00,-0.0004089888198688385
2024-01-13 00:00:00+00:00,0.0017519110199060162
2024-01-14 00:00:00+00:00,-5.0230522809613376e-05
2024-01-15 00:00:00+00:00,0.0018441333059699971
2024-01-16 00:00:00+00:00,-0.0013053564620374436
2024-01-17 00:00:00+00:00,-4.050693563162344e-05
2024-01-18 00:00:00+00:00,0.0004805822924329739
2024-01-19 00:00:00+00:00,-0.0012788433523015508
2024-01-20 00:00:00+00:00,-0.0003603203128659249
2024-01-21 00:00:00+00:00,0.00030481733943821254
2024-01-22 00:00:00+00:00,-0.0003934173198587576
2024-01-23 00:00:00+00:00,-0.0010889207405295753
2024-01-24 00:00:00+00:00,-0.00013059919187219382
2024-01-25 00:00:00+00:00,0.00020523751052548
2024-01-26 00:00:00+00:00,0.0011150358695144469
2024-01-27 00:00:00+00:00,0.0003537905640804695
2024-01-28 00:00:00+00:00,0.00017684624142177974
2024-01-29 00:00:00+00:00,-0.00018389787641592825
2024-01-30 00:00:00+00:00,0.0005489472254103234
2024-01-31 00:00:00+00:00,0.0002633412312413874
2024-02-01 00:00:00+00:00,0.00020211211839704646
2024-02-02 00:00:00+00:00,0.0006775909983016692
2024-02-03 00:00:00+00:00,-5.6455920323661424e-05
2024-02-04 00:00:00+00:00,-0.00024108247867860033
2024-02-05 00:00:00+00:00,0.0014976420915022715
2024-02-06 00:00:00+00:00,0.0003108950305963365
2024-02-07 00:00:00+00:00,-0.00022345624091912875
2024-02-08 00:00:00+00:00,0.00030582069123585853
2024-02-09 00:00:00+00:00,-0.0026080356329043486
2024-02-10 00:00:00+00:00,3.280066031696727e-05
2024-02-11 00:00:00+00:00,-0.0017533830736454759
2024-02-12 00:00:00+00:00,-0.001149002485994921
2024-02-13 00:00:00+00:00,-0.0023509482645575064
2024-02-14 00:00:00+00:00,-0.0003566737635523065
2024-02-15 00:00:00+00:00,-0.0003467810336743593
2024-02-16 00:00:00+00:00,0.0012388591018737127
2024-02-17 00:00:00+00:00,-0.00038494275290157365
2024-02-18 00:00:00+00:00,0.0013416140962885237
2024-02-19 00:00:00+00:00,0.0004219937276976893
2024-02-20 00:00:00+00:00,0.0027560684242813327
2024-02-21 00:00:00+00:00,0.0015140813921339369
2024-02-22 00:00:00+00:00,-0.0021195266210541908
2024-02-23 00:00:00+00:00,-0.0003088222101992333
2024-02-24 00:00:00+00:00,-0.0007715425014721555
2024-02-25 00:00:00+00:00,-0.0008098180634098506
2024-02-26 00:00:00+00:00,0.001842340387557151
2024-02-27 00:00:00+00:00,0.002765358426852327
2024-02-28 00:00:00+00:00,0.000575260715097281
2024-02-29 00:00:00+00:00,0.004820688023072783
2024-03-01 00:00:00+00:00,0.0033366627955189188
2024-03-02 00:00:00+00:00,0.005255811573434022
2024-03-03 00:00:00+00:00,0.005129231705311099
2024-03-04 00:00:00+00:00,0.004192878000745193
2024-03-05 00:00:00+00:00,0.006171429633537784
2024-03-06 00:00:00+00:00,0.0026744444285087265
2024-03-07 00:00:00+00:00,0.0023590563675615073
2024-03-08 00:00:00+00:00,0.0032064694702182983
2024-03-09 00:00:00+00:00,0.0016543556970782802
2024-03-10 00:00:00+00:00,0.0024205093881242146
2024-03-11 00:00:00+00:00,0.003477329370482618
2024-03-12 00:00:00+00:00,0.0037254996801587836
2024-03-13 00:00:00+00:00,0.005062779204149326
2024-03-14 00:00:00+00:00,0.0035087619339182474
2024-03-15 00:00:00+00:00,0.0017381901964046431
2024-03-16 00:00:00+00:00,0.0016082167527238234
2024-03-17 00:00:00+00:00,0.0014966791908626043
2024-03-18 00:00:00+00:00,0.000571855614766692
2024-03-19 00:00:00+00:00,0.0023032870398931315
2024-03-20 00:00:00+00:00,0.0001773446222297359
2024-03-21 00:00:00+00:00,0.0015646966002105245
2024-03-22 00:00:00+00:00,0.001053700220306153
2024-03-23 00:00:00+00:00,5.019548322704459e-05
2024-03-24 00:00:00+00:00,0.0010004381283454933
2024-03-25 00:00:00+00:00,0.001568484387917346
2024-03-26 00:00:00+00:00,0.002265689771060453
2024-03-27 00:00:00+00:00,0.002390531685386943
2024-03-28 00:00:00+00:00,0.0033162313163324075
2024-03-29 00:00:00+00:00,0.003075255894370743
2024-03-30 00:00:00+00:00,0.0019112265260758932
2024-03-31 00:00:00+00:00,0.002152458331420304
2024-04-01 00:00:00+00:00,0.00260272280685947
2024-04-02 00:00:00+00:00,0.00036609154701339186
2024-04-03 00:00:00+00:00,0.0012881391048020774
2024-04-04 00:00:00+00:00,0.0019538564370344957
2024-04-05 00:00:00+00:00,-0.00034787239298461614
2024-04-06 00:00:00+00:00,-0.0006216249251844719
2024-04-07 00:00:00+00:00,-0.0004220036394624316
2024-04-08 00:00:00+00:00,-0.0011964033953201225
2024-04-09 00:00:00+00:00,0.0009677913474628319
2024-04-10 00:00:00+00:00,0.0011471918831840178
2024-04-11 00:00:00+00:00,0.0011386874619789822
2024-04-12 00:00:00+00:00,0.0027427911842152763
2024-04-13 00:00:00+00:00,-0.00042558460711639157
2024-04-14 00:00:00+00:00,-0.0008724649841298504
2024-04-15 00:00:00+00:00,9.174284426460844e-05
2024-04-16 00:00:00+00:00,-0.002972274433391653
2024-04-17 00:00:00+00:00,-0.0004665028770859392
2024-04-18 00:00:00+00:00,0.00036124883829891097
2024-04-19 00:00:00+00:00,-0.001029786873885552
2024-04-20 00:00:00+00:00,0.0007034431250101392
2024-04-21 00:00:00+00:00,-0.00038506673046589945
2024-04-22 00:00:00+00:00,-2.865261729045887e-05
2024-04-23 00:00:00+00:00,0.0005416404347629022
2024-04-24 00:00:00+00:00,-0.0023992622839161815
2024-04-25 00:00:00+00:00,0.0003524654227193835
2024-04-26 00:00:00+00:00,-0.0016540140939600434
2024-04-27 00:00:00+00:00,-0.000702618053320947
2024-04-28 00:00:00+00:00,-0.0015216348060783647
2024-04-29 00:00:00+00:00,-0.0015235870145052788
2024-04-30 00:00:00+00:00,-0.0007274339511068595
2024-05-01 00:00:00+00:00,-0.0006310329268651715
2024-05-02 00:00:00+00:00,-0.00042645775155358834
2024-05-03 00:00:00+00:00,-0.00013206591583991845
2024-05-04 00:00:00+00:00,-0.0010543347692799632
2024-05-05 00:00:00+00:00,-0.0009905412551713955
2024-05-06 00:00:00+00:00,-0.0007117406248895453
2024-05-07 00:00:00+00:00,0.0003419818289474019
2024-05-08 00:00:00+00:00,-2.8291116817014128e-05
2024-05-09 00:00:00+00:00,0.0003131754729392977
2024-05-10 00:00:00+00:00,1.8528740959533607e-05
2024-05-11 00:00:00+00:00,0.00010256811739162153
2024-05-12 00:00:00+00:00,3.1640324410275866e-05
2024-05-13 00:00:00+00:00,-0.0002897303256762518
2024-05-14 00:00:00+00:00,0.0006000065200124638
2024-05-15 00:00:00+00:00,-0.006137260621841056
2024-05-16 00:00:00+00:00,0.0011783512728305023
2024-05-17 00:00:00+00:00,0.00014074795192353662
2024-05-18 00:00:00+00:00,-0.00010630692503954542
2024-05-19 00:00:00+00:00,-0.00016515498943669993
2024-05-20 00:00:00+00:00,-3.9782182664316323e-05
2024-05-21 00:00:00+00:00,-0.0024505191392739656
2024-05-22 00:00:00+00:00,0.0016344723361785274
2024-05-23 00:00:00+00:00,0.0002979743272906177
2024-05-24 00:00:00+00:00,0.0008527862811880116
2024-05-25 00:00:00+00:00,0.0006007714022615573
2024-05-26 00:00:00+00:00,-0.00046429335832165464
2024-05-27 00:00:00+00:00,-0.00012112763236782342
2024-05-28 00:00:00+00:00,0.0017026823871479912
2024-05-29 00:00:00+00:00,0.00021722424606340773
2024-05-30 00:00:00+00:00,0.0007535510373306575
2024-05-31 00:00:00+00:00,-6.123472078833903e-05
2024-06-01 00:00:00+00:00,0.001626545889610087
2024-06-02 00:00:00+00:00,0.0004851416389366481
2024-06-03 00:00:00+00:00,0.0015784110092280645
2024-06-04 00:00:00+00:00,0.0003394501479250245
2024-06-05 00:00:00+00:00,0.0006281258095606201
2024-06-06 00:00:00+00:00,0.0017092804090372837
2024-06-07 00:00:00+00:00,0.0010753122733677678
2024-06-08 00:00:00+00:00,0.0010837703846835467
2024-06-09 00:00:00+00:00,0.0005631985200906797
2024-06-10 00:00:00+00:00,0.0009237161220603252
2024-06-11 00:00:00+00:00,2.178477004677326e-05
2024-06-12 00:00:00+00:00,0.0010298794588126103
2024-06-13 00:00:00+00:00,-0.00030514344062548826
2024-06-14 00:00:00+00:00,0.0006989534901773453
2024-06-15 00:00:00+00:00,0.00042791018953902693
2024-06-16 00:00:00+00:00,0.0006764220483936878
2024-06-17 00:00:00+00:00,9.451491510903409e-05
2024-06-18 00:00:00+00:00,0.0003587315047137718
2024-06-19 00:00:00+00:00,-0.00021719687626586826
2024-06-20 00:00:00+00:00,0.0008146456011743908
2024-06-21 00:00:00+00:00,-0.00014600240615159077
2024-06-22 00:00:00+00:00,-0.00032098789062739996
2024-06-23 00:00:00+00:00,0.00010654021362577204
2024-06-24 00:00:00+00:00,0.0003314011907225023
2024-06-25 00:00:00+00:00,0.00011568672670470015
2024-06-26 00:00:00+00:00,0.00014094154339416853
2024-06-27 00:00:00+00:00,0.00018069424566258263
2024-06-28 00:00:00+00:00,5.474736281474435e-05
2024-06-29 00:00:00+00:00,1.3938759670040213e-05
2024-06-30 00:00:00+00:00,0.0006098165980998882
2024-07-01 00:00:00+00:00,1.4416324470190034e-05
2024-07-02 00:00:00+00:00,0.0005373643428998598
2024-07-03 00:00:00+00:00,0.0007253792668628911
2024-07-04 00:00:00+00:00,0.0014860091461574854
2024-07-05 00:00:00+00:00,-8.823963119075628e-07
2024-07-06 00:00:00+00:00,-0.00016156851029891506
2024-07-07 00:00:00+00:00,-0.0003442876902360892
2024-07-08 00:00:00+00:00,-0.00034757542121133245
2024-07-09 00:00:00+00:00,0.00022441989578037003
2024-07-10 00:00:00+00:00,0.0004534266113676022
2024-07-11 00:00:00+00:00,-0.0004053847821711143
2024-07-12 00:00:00+00:00,0.0002858906234401992
2024-07-13 00:00:00+00:00,0.00021501269349033514
2024-07-14 00:00:00+00:00,0.0005560245667992625
2024-07-15 00:00:00+00:00,-0.0003086680341237713
2024-07-16 00:00:00+00:00,0.00011602895173679073
2024-07-17 00:00:00+00:00,-0.0005598877858253859
2024-07-18 00:00:00+00:00,0.0001977831171389166
2024-07-19 00:00:00+00:00,-0.000251162729228982
2024-07-20 00:00:00+00:00,0.0004279922227525823
2024-07-21 00:00:00+00:00,-0.0005149712652404714
2024-07-22 00:00:00+00:00,0.00043753739646668066
2024-07-23 00:00:00+00:00,-0.00012835168433511512
2024-07-24 00:00:00+00:00,-6.172403236015533e-05
2024-07-25 00:00:00+00:00,0.0005361593222850125
2024-07-26 00:00:00+00:00,-9.603464315555144e-06
2024-07-27 00:00:00+00:00,0.00044289631956573317
2024-07-28 00:00:00+00:00,-0.00046880718015007705
2024-07-29 00:00:00+00:00,0.0007885694470339821
2024-07-30 00:00:00+00:00,0.00015672391332732794
2024-07-31 00:00:00+00:00,6.0802866407527745e-05
2024-08-01 00:00:00+00:00,0.000579266498381692
2024-08-02 00:00:00+00:00,-0.0001224194459540362
2024-08-03 00:00:00+00:00,0.00017246264496484365
2024-08-04 00:00:00+00:00,0.00019586327422738137
2024-08-05 00:00:00+00:00,4.183325644779856e-05
2024-08-06 00:00:00+00:00,-0.0008502250441402293
2024-08-07 00:00:00+00:00,-0.0008781685332159839
2024-08-08 00:00:00+00:00,0.00046918503652815247
2024-08-09 00:00:00+00:00,-0.0016964078746087852
2024-08-10 00:00:00+00:00,-0.0002585870698296189
2024-08-11 00:00:00+00:00,-0.00024463758497184074
2024-08-12 00:00:00+00:00,0.0006011801319845134
2024-08-13 00:00:00+00:00,-0.0005784897774538944
2024-08-14 00:00:00+00:00,0.00048793572825589493
2024-08-15 00:00:00+00:00,-0.0010234493720209237
2024-08-16 00:00:00+00:00,-0.0008972921115025789
2024-08-17 00:00:00+00:00,-0.00030824697365428033
2024-08-18 00:00:00+00:00,-0.0001239494138813857
2024-08-19 00:00:00+00:00,-0.0006453710782127198
2024-08-20 00:00:00+00:00,-0.00035172636013192093
2024-08-21 00:00:00+00:00,0.00019533060560883442
2024-08-22 00:00:00+00:00,-0.0005132948630649503
2024-08-23 00:00:00+00:00,-0.0003067439864247179
2024-08-24 00:00:00+00:00,-0.0004885506479868074
2024-08-25 00:00:00+00:00,-0.0010906775408602298
2024-08-26 00:00:00+00:00,-5.177127155919781e-05
2024-08-27 00:00:00+00:00,-0.00011735279009894573
2024-08-28 00:00:00+00:00,-0.0008627714202807946
2024-08-29 00:00:00+00:00,0.0003890329981461882
2024-08-30 00:00:00+00:00,-2.5968346429983136e-05
2024-08-31 00:00:00+00:00,-0.0008101845969169519
2024-09-01 00:00:00+00:00,0.0007859409120467564
2024-09-02 00:00:00+00:00,-0.0011076366540746507
2024-09-03 00:00:00+00:00,-0.0009598513237055739
2024-09-04 00:00:00+00:00,0.0007173889625835539
2024-09-05 00:00:00+00:00,-0.0004945316296937063
2024-09-06 00:00:00+00:00,-1.827389798592094e-06
2024-09-07 00:00:00+00:00,5.9721856471295354e-05
2024-09-08 00:00:00+00:00,-0.000641109386058436
2024-09-09 00:00:00+00:00,-0.00047987464492194043
2024-09-10 00:00:00+00:00,-0.00022255797491821383
2024-09-11 00:00:00+00:00,-0.0012849748300957087
2024-09-12 00:00:00+00:00,6.23386158298267e-05
2024-09-13 00:00:00+00:00,2.2510950926646345e-05
2024-09-14 00:00:00+00:00,-0.00011717075729245074
2024-09-15 00:00:00+00:00,-0.0005001842605057982
2024-09-16 00:00:00+00:00,0.00034696315802107414
2024-09-17 00:00:00+00:00,-0.000617821226167492
2024-09-18 00:00:00+00:00,-0.0006431315147845673
2024-09-19 00:00:00+00:00,-4.530075982989157e-05
2024-09-20 00:00:00+00:00,4.564540517804083e-05
2024-09-21 00:00:00+00:00,-0.00028322081104048547
2024-09-22 00:00:00+00:00,-0.0002026219089351633
2024-09-23 00:00:00+00:00,4.347644150204388e-05
2024-09-24 00:00:00+00:00,-5.486499248785748e-05
2024-09-25 00:00:00+00:00,0.00017629497407423145
2024-09-26 00:00:00+00:00,-0.0006952683161207673
2024-09-27 00:00:00+00:00,0.0005943603444293899
2024-09-28 00:00:00+00:00,0.00037516381155300316
2024-09-29 00:00:00+00:00,0.00019184569133701146
2024-09-30 00:00:00+00:00,0.0003598199235947952
2024-10-01 00:00:00+00:00,-2.7440337290851602e-05
2024-10-02 00:00:00+00:00,0.0008199377301423283
2024-10-03 00:00:00+00:00,0.00024307366846265666
2024-10-04 00:00:00+00:00,-3.325993101233049e-05
2024-10-05 00:00:00+00:00,-0.0010416365227666757
2024-10-06 00:00:00+00:00,0.000568060058076858
2024-10-07 00:00:00+00:00,-0.0003068310998632917
2024-10-08 00:00:00+00:00,0.0007206241116883838
2024-10-09 00:00:00+00:00,-0.0006758873377646912
2024-10-10 00:00:00+00:00,-0.0003387278106175007
2024-10-11 00:00:00+00:00,-0.0006879115401515756
2024-10-12 00:00:00+00:00,3.565503646973944e-05
2024-10-13 00:00:00+00:00,0.000163490672602018
2024-10-14 00:00:00+00:00,-0.0006784865909840176
2024-10-15 00:00:00+00:00,0.00045567389315026574
2024-10-16 00:00:00+00:00,0.0006499252815161949
2024-10-17 00:00:00+00:00,0.0004301543303060207
2024-10-18 00:00:00+00:00,0.00014762154488878743
2024-10-19 00:00:00+00:00,0.0003867444881393567
2024-10-20 00:00:00+00:00,0.00034480807794556867
2024-10-21 00:00:00+00:00,-0.0010954307247329487
2024-10-22 00:00:00+00:00,0.0016207416773490468
2024-10-23 00:00:00+00:00,0.0007734420547766963
2024-10-24 00:00:00+00:00,0.00027042742207372683
2024-10-25 00:00:00+00:00,0.0004288638381804155
2024-10-26 00:00:00+00:00,0.00010530862226687532
2024-10-27 00:00:00+00:00,0.0005055112573930653
2024-10-28 00:00:00+00:00,0.00011585301697980555
2024-10-29 00:00:00+00:00,-0.0007707558379078661
2024-10-30 00:00:00+00:00,0.0005827706833632096
2024-10-31 00:00:00+00:00,0.0008949630692627331
2024-11-01 00:00:00+00:00,0.0012720434408217685
2024-11-02 00:00:00+00:00,0.00019126275984682195
2024-11-03 00:00:00+00:00,-0.0002435447474229413
2024-11-04 00:00:00+00:00,0.0008974873704585828
2024-11-05 00:00:00+00:00,0.0003387855965504283
2024-11-06 00:00:00+00:00,-0.0018366246500083339
2024-11-07 00:00:00+00:00,0.00027125299512009704
2024-11-08 00:00:00+00:00,0.000962968129637698
2024-11-09 00:00:00+00:00,0.0007275250083185192
2024-11-10 00:00:00+00:00,-0.0004950664757118473
2024-11-11 00:00:00+00:00,0.0020029107075363317
2024-11-12 00:00:00+00:00,0.004345222363437262
2024-11-13 00:00:00+00:00,-0.0009606276757949672
2024-11-14 00:00:00+00:00,0.0018038680482082015
2024-11-15 00:00:00+00:00,0.0015976366661885066
2024-11-16 00:00:00+00:00,-0.0001278756273987991
2024-11-17 00:00:00+00:00,0.0005626263535052356
2024-11-18 00:00:00+00:00,0.0003676852344169923
2024-11-19 00:00:00+00:00,0.0026731963437480744
2024-11-20 00:00:00+00:00,0.0014001724414185457
2024-11-21 00:00:00+00:00,0.00040354649940965714
2024-11-22 00:00:00+00:00,0.0012287413695706295
2024-11-23 00:00:00+00:00,0.0013004665015972083
2024-11-24 00:00:00+00:00,0.0011074239525801222
2024-11-25 00:00:00+00:00,0.002320732447780971
2024-11-26 00:00:00+00:00,0.0013658660789384047
2024-11-27 00:00:00+00:00,0.001446989661106235
2024-11-28 00:00:00+00:00,0.0008014981555415357
2024-11-29 00:00:00+00:00,0.0010053615643719205
2024-11-30 00:00:00+00:00,0.0005189063113664183
2024-12-01 00:00:00+00:00,0.0011525856986820404
2024-12-02 00:00:00+00:00,0.0019455867585356224
2024-12-03 00:00:00+00:00,0.0024457968375815042
2024-12-04 00:00:00+00:00,0.0010141367111233812
2024-12-05 00:00:00+00:00,0.004128030564256369
2024-12-06 00:00:00+00:00,0.0013023923255301995
2024-12-07 00:00:00+00:00,0.002391583781033102
2024-12-08 00:00:00+00:00,0.0016213274856728965
2024-12-09 00:00:00+00:00,0.0019597834654692114
2024-12-10 00:00:00+00:00,0.0017193240809059152
2024-12-11 00:00:00+00:00,0.00017504994985806377
2024-12-12 00:00:00+00:00,0.0009952484657420602
2024-12-13 00:00:00+00:00,0.0005061241241588466
2024-12-14 00:00:00+00:00,0.0011594718177443397
2024-12-15 00:00:00+00:00,-0.00043971210925441984
2024-12-16 00:00:00+00:00,0.00018417290648153894
2024-12-17 00:00:00+00:00,0.0008313797846655202
2024-12-18 00:00:00+00:00,0.00043157287066808436
2024-12-19 00:00:00+00:00,-0.00024001334021939158
2024-12-20 00:00:00+00:00,0.0014655266023413382
2024-12-21 00:00:00+00:00,-0.001550914244646151
2024-12-22 00:00:00+00:00,1.3009955677212304e-06
2024-12-23 00:00:00+00:00,0.0006026006657291472
2024-12-24 00:00:00+00:00,4.161411753900168e-05
2024-12-25 00:00:00+00:00,-0.000613078087025154
2024-12-26 00:00:00+00:00,0.0004221557265640108
2024-12-27 00:00:00+00:00,-0.0005612128414292927
2024-12-28 00:00:00+00:00,0.0005822373370838463
2024-12-29 00:00:00+00:00,-8.334353914440928e-05
2024-12-30 00:00:00+00:00,0.00019916019617594038
2024-12-31 00:00:00+00:00,-0.0004326610324225655
2025-01-01 00:00:00+00:00,0.00019221184986029094
2025-01-02 00:00:00+00:00,-0.00018212246027404788
2025-01-03 00:00:00+00:00,8.900818902946028e-05
2025-01-04 00:00:00+00:00,7.923789946850945e-06
2025-01-05 00:00:00+00:00,0.0005672679681412163
2025-01-06 00:00:00+00:00,0.00037802107612194824
2025-01-07 00:00:00+00:00,0.001211373155497908
2025-01-08 00:00:00+00:00,-0.001850045303884773
2025-01-09 00:00:00+00:00,0.00048738627631439435
2025-01-10 00:00:00+00:00,-0.0013898512876597824
2025-01-11 00:00:00+00:00,0.00018490830811113135
2025-01-12 00:00:00+00:00,-9.695304526335935e-05
2025-01-13 00:00:00+00:00,-0.0005915383128044516
2025-01-14 00:00:00+00:00,-4.011057898289927e-05
2025-01-15 00:00:00+00:00,-0.00013483398991276374
2025-01-16 00:00:00+00:00,-0.0005073139321724041
2025-01-17 00:00:00+00:00,0.00025925584721209205
2025-01-18 00:00:00+00:00,0.000196564713012215
2025-01-19 00:00:00+00:00,-0.0005710421814305588
2025-01-20 00:00:00+00:00,-0.00017579020155999991
2025-01-21 00:00:00+00:00,0.0001870109639989792
2025-01-22 00:00:00+00:00,0.0006014784295229614
2025-01-23 00:00:00+00:00,0.0009279683787806192
2025-01-24 00:00:00+00:00,-0.00029637407003879623
2025-01-25 00:00:00+00:00,0.00016733609841246277
2025-01-26 00:00:00+00:00,0.0004344443684627386
2025-01-27 00:00:00+00:00,0.00032597715968041285
2025-01-28 00:00:00+00:00,-0.0005831698521138184
2025-01-29 00:00:00+00:00,-0.00016654087193068712
2025-01-30 00:00:00+00:00,-0.00019951674051443824
2025-01-31 00:00:00+00:00,5.4095099643935995e-05
2025-02-01 00:00:00+00:00,0.00021310370975724524
2025-02-02 00:00:00+00:00,0.00017089717084783906
2025-02-03 00:00:00+00:00,-0.0009785167803838535
2025-02-04 00:00:00+00:00,-0.0011499654221487354
2025-02-05 00:00:00+00:00,-0.0006780533306670611
2025-02-06 00:00:00+00:00,0.00023432294953940058
2025-02-07 00:00:00+00:00,-0.00041837312678405514
2025-02-08 00:00:00+00:00,5.773946554699094e-05
2025-02-09 00:00:00+00:00,-0.00030296458399692305
2025-02-10 00:00:00+00:00,-0.0008827313388702906
2025-02-11 00:00:00+00:00,-0.0005849710993285351
2025-02-12 00:00:00+00:00,-0.00016075222218880914
2025-02-13 00:00:00+00:00,-0.00058238573545355
2025-02-14 00:00:00+00:00,-0.00042906238084805537
2025-02-15 00:00:00+00:00,-4.885536374810151e-05
2025-02-16 00:00:00+00:00,-0.0002407185099829734
2025-02-17 00:00:00+00:00,-0.0006613774353131374
2025-02-18 00:00:00+00:00,-0.0002615236618216388
2025-02-19 00:00:00+00:00,3.679999788097632e-05
2025-02-20 00:00:00+00:00,-0.0001968149660920293
2025-02-21 00:00:00+00:00,-0.0005367812463710209
2025-02-22 00:00:00+00:00,-0.001110752709056917
2025-02-23 00:00:00+00:00,-0.0001348220943325762
2025-02-24 00:00:00+00:00,-0.0014851510943265644
2025-02-25 00:00:00+00:00,0.0006325007405036942
2025-02-26 00:00:00+00:00,-0.0014460840157612953
2025-02-27 00:00:00+00:00,2.6384171332605177e-05
2025-02-28 00:00:00+00:00,-0.0002355648261899157
2025-03-01 00:00:00+00:00,-6.443440597125871e-05
2025-03-02 00:00:00+00:00,0.00015520283597392215
2025-03-03 00:00:00+00:00,-0.001811379383918288
2025-03-04 00:00:00+00:00,-0.0011622988968800207
2025-03-05 00:00:00+00:00,-5.4881035849607684e-05
2025-03-06 00:00:00+00:00,-0.0006074667588255034
2025-03-07 00:00:00+00:00,-0.0002871435495588326
2025-03-08 00:00:00+00:00,-0.0003584472682979234
2025-03-09 00:00:00+00:00,-0.0004037958771441197
2025-03-10 00:00:00+00:00,-0.00023380993397648098
2025-03-11 00:00:00+00:00,-0.0006130411387749168
2025-03-12 00:00:00+00:00,-0.0001468147555188093
2025-03-13 00:00:00+00:00,-0.0001696449363088881
2025-03-14 00:00:00+00:00,-0.00031864041525464515
2025-03-15 00:00:00+00:00,-0.00012166642851518805
2025-03-16 00:00:00+00:00,-4.169058867575792e-05
2025-03-17 00:00:00+00:00,-0.001020449490247044
2025-03-18 00:00:00+00:00,0.0004984798016869352
2025-03-19 00:00:00+00:00,-0.0003647774160998596
2025-03-20 00:00:00+00:00,-0.0015967616406564744
2025-03-21 00:00:00+00:00,-0.00019930292166747687
2025-03-22 00:00:00+00:00,-0.001003684921685677
2025-03-23 00:00:00+00:00,-0.0012091458147575063
2025-03-24 00:00:00+00:00,-0.00050176923549905
2025-03-25 00:00:00+00:00,-0.0007961855811071672
2025-03-26 00:00:00+00:00,-0.000354405209686659
2025-03-27 00:00:00+00:00,-0.0004677134757270496
2025-03-28 00:00:00+00:00,-0.0007270183619303427
2025-03-29 00:00:00+00:00,0.0002070258384756496
2025-03-30 00:00:00+00:00,-0.002531120197594716
2025-03-31 00:00:00+00:00,-0.0007874126364169065
2025-04-01 00:00:00+00:00,2.8266068592852633e-05
2025-04-02 00:00:00+00:00,-0.001058122996329014
2025-04-03 00:00:00+00:00,-0.001452998020130214
2025-04-04 00:00:00+00:00,-0.0006724434061080586
2025-04-05 00:00:00+00:00,-0.00022573644649559466
2025-04-06 00:00:00+00:00,-7.677300512753948e-05
2025-04-07 00:00:00+00:00,-0.0014053010870014315
2025-04-08 00:00:00+00:00,0.0004078311965538539
2025-04-09 00:00:00+00:00,-0.0005616717543681649
2025-04-10 00:00:00+00:00,9.111628583413633e-06
2025-04-11 00:00:00+00:00,-0.000579086102878823
2025-04-12 00:00:00+00:00,-0.0004231379541678182
2025-04-13 00:00:00+00:00,4.483349631323463e-06
2025-04-14 00:00:00+00:00,0.0001375585117340261
2025-04-15 00:00:00+00:00,-0.0003930184303463369
2025-04-16 00:00:00+00:00,-0.0007579484966575567
2025-04-17 00:00:00+00:00,-0.00041589037154277086
2025-04-18 00:00:00+00:00,7.57033847880173e-05
2025-04-19 00:00:00+00:00,-0.0005363196655616687
2025-04-20 00:00:00+00:00,-0.00091321260466104
2025-04-21 00:00:00+00:00,-0.0009030844356997525
2025-04-22 00:00:00+00:00,-0.0007149250128245521
2025-04-23 00:00:00+00:00,-0.0006542345879905209
2025-04-24 00:00:00+00:00,0.0008922043326202722
2025-04-25 00:00:00+00:00,-0.0002510371376470699
2025-04-26 00:00:00+00:00,-0.0008477197859497743
2025-04-27 00:00:00+00:00,0.0002495937659030556
2025-04-28 00:00:00+00:00,-0.0004217330169525857
2025-04-29 00:00:00+00:00,-0.0005331080993610238
2025-04-30 00:00:00+00:00,-0.000911979776240579
2025-05-01 00:00:00+00:00,-0.0009263380377089181
2025-05-02 00:00:00+00:00,-0.0004518921670976228
2025-05-03 00:00:00+00:00,-0.00032698144136800167
2025-05-04 00:00:00+00:00,-0.0003439470918780163
2025-05-05 00:00:00+00:00,-0.0015257970769739782
2025-05-06 00:00:00+00:00,-0.0003289308154034165
2025-05-07 00:00:00+00:00,-0.0006707444795154283
2025-05-08 00:00:00+00:00,-0.0003974294784955257
2025-05-09 00:00:00+00:00,0.0002075668893339877
2025-05-10 00:00:00+00:00,-0.0001321369060395261
2025-05-11 00:00:00+00:00,0.0005556775891530918
2025-05-12 00:00:00+00:00,-0.00016712824092657286
2025-05-13 00:00:00+00:00,0.0004730608525091995
2025-05-14 00:00:00+00:00,0.00016614838782613717
2025-05-15 00:00:00+00:00,-0.0002536539861837106
2025-05-16 00:00:00+00:00,0.0002993844080099173
2025-05-17 00:00:00+00:00,0.0004613409710332306
2025-05-18 00:00:00+00:00,-0.0004304774448861126
2025-05-19 00:00:00+00:00,-0.00024900614677358934
2025-05-20 00:00:00+00:00,0.00028137628918267765
2025-05-21 00:00:00+00:00,-0.000310047500130084
2025-05-22 00:00:00+00:00,0.0005700195629811944
2025-05-23 00:00:00+00:00,-8.661256669784123e-05
2025-05-24 00:00:00+00:00,5.072187865451383e-05
2025-05-25 00:00:00+00:00,0.0002516838890198603
2025-05-26 00:00:00+00:00,0.0004680980268099155
2025-05-27 00:00:00+00:00,-0.0004036200054283734
2025-05-28 00:00:00+00:00,0.00010328793514946533
2025-05-29 00:00:00+00:00,0.00011146468900391504
2025-05-30 00:00:00+00:00,-0.0003455460342968175
2025-05-31 00:00:00+00:00,7.894304625932769e-05
2025-06-01 00:00:00+00:00,0.00012756613962294772
2025-06-02 00:00:00+00:00,-0.0005673848609154541
2025-06-03 00:00:00+00:00,0.0001478257909668379
2025-06-04 00:00:00+00:00,-0.0006969213848029288
2025-06-05 00:00:00+00:00,0.00038758660484217167
2025-06-06 00:00:00+00:00,-0.0012266484478499207
2025-06-07 00:00:00+00:00,9.837002126533712e-05
2025-06-08 00:00:00+00:00,-9.589370935103592e-05
2025-06-09 00:00:00+00:00,0.00018093592606760467
2025-06-10 00:00:00+00:00,-0.00025561533170448403
2025-06-11 00:00:00+00:00,-9.598056362092322e-05
2025-06-12 00:00:00+00:00,0.0006528966029533123
2025-06-13 00:00:00+00:00,-0.0010507173254634683
2025-06-14 00:00:00+00:00,0.00017567241087679264
2025-06-15 00:00:00+00:00,-0.0005817153301984623
2025-06-16 00:00:00+00:00,-3.855348447945328e-05
2025-06-17 00:00:00+00:00,-0.0002395620470011517
2025-06-18 00:00:00+00:00,0.0006322871116748452
2025-06-19 00:00:00+00:00,-0.0006018737106056049
2025-06-20 00:00:00+00:00,-5.831461986371966e-05
2025-06-21 00:00:00+00:00,0.0001938067676305888
2025-06-22 00:00:00+00:00,-0.0012792134091486052
2025-06-23 00:00:00+00:00,0.0007879982622929216
2025-06-24 00:00:00+00:00,-0.000697685528136982
2025-06-25 00:00:00+00:00,-0.0007398157955216256
2025-06-26 00:00:00+00:00,-0.0003033026029976016
2025-06-27 00:00:00+00:00,-0.00034200867121003675
2025-06-28 00:00:00+00:00,0.00023461548727432557
2025-06-29 00:00:00+00:00,0.00027428146298658085
2025-06-30 00:00:00+00:00,-0.0005933911035310713
2025-07-01 00:00:00+00:00,0.0004934939731588983
2025-07-02 00:00:00+00:00,-0.0010173251423684082
2025-07-03 00:00:00+00:00,0.0005926836952463432
2025-07-04 00:00:00+00:00,-0.00042083955156235753
2025-07-05 00:00:00+00:00,-5.4717763361966654e-05
2025-07-06 00:00:00+00:00,-0.0005124826793174719
2025-07-07 00:00:00+00:00,0.0005415633075986914
2025-07-08 00:00:00+00:00,-0.00022162061925878884
2025-07-09 00:00:00+00:00,-7.12865773635496e-05
2025-07-10 00:00:00+00:00,4.070561318525456e-05
2025-07-11 00:00:00+00:00,-0.0007208098234665616
2025-07-12 00:00:00+00:00,0.0009868939431276758
2025-07-13 00:00:00+00:00,0.0002913253361174206
2025-07-14 00:00:00+00:00,-0.00040054811470469076
2025-07-15 00:00:00+00:00,0.0005947684944676013
2025-07-16 00:00:00+00:00,-0.00016554658316692006
2025-07-17 00:00:00+00:00,6.137145559992341e-05
2025-07-18 00:00:00+00:00,0.00022334360369580253
2025-07-19 00:00:00+00:00,0.0009612786250905447
2025-07-20 00:00:00+00:00,0.00012841900256965744
2025-07-21 00:00:00+00:00,0.0003261168520896085
2025-07-22 00:00:00+00:00,7.325750252706875e-05
2025-07-23 00:00:00+00:00,0.0010734928753191042
2025-07-24 00:00:00+00:00,0.0003443845215516106
2025-07-25 00:00:00+00:00,0.0007567242244750361
2025-07-26 00:00:00+00:00,0.0002931651006978786
2025-07-27 00:00:00+00:00,0.00127136877429046
2025-07-28 00:00:00+00:00,0.0002483263703434435
2025-07-29 00:00:00+00:00,0.00021770973150325723
2025-07-30 00:00:00+00:00,0.00014575921357895538
2025-07-31 00:00:00+00:00,0.00040388518973033527
2025-08-01 00:00:00+00:00,-0.0006401303254048862
2025-08-02 00:00:00+00:00,7.723113023172523e-05
2025-08-03 00:00:00+00:00,9.614586787898283e-05
2025-08-04 00:00:00+00:00,-0.00038137030503648806
2025-08-05 00:00:00+00:00,-0.0007031644777026891
2025-08-06 00:00:00+00:00,-0.00023987093270383397
2025-08-07 00:00:00+00:00,0.0007699162607446297
2025-08-08 00:00:00+00:00,-0.0001223074791264489
2025-08-09 00:00:00+00:00,0.0003391708024429452
2025-08-10 00:00:00+00:00,0.0002403240148913799
2025-08-11 00:00:00+00:00,0.0003837988421084848
2025-08-12 00:00:00+00:00,-6.922770581407889e-05
2025-08-13 00:00:00+00:00,-0.0006435546686114346
2025-08-14 00:00:00+00:00,0.0013084262458629148
2025-08-15 00:00:00+00:00,0.000873055700989056
2025-08-16 00:00:00+00:00,-0.000302599911860435
2025-08-17 00:00:00+00:00,0.00042161670134310825
2025-08-18 00:00:00+00:00,-0.00017893011197733788
2025-08-19 00:00:00+00:00,6.05800313353555e-05
2025-08-20 00:00:00+00:00,-0.0002609038566028232
2025-08-21 00:00:00+00:00,0.00021520116826967417
2025-08-22 00:00:00+00:00,-0.000556255978011122
2025-08-23 00:00:00+00:00,0.00040006452837437756
2025-08-24 00:00:00+00:00,0.0007729942890311037
2025-08-25 00:00:00+00:00,0.001210164924882351
2025-08-26 00:00:00+00:00,-0.0005379388867763346
2025-08-27 00:00:00+00:00,-4.4236766765459734e-05
2025-08-28 00:00:00+00:00,4.32612668226362e-05
2025-08-29 00:00:00+00:00,0.0007411571457884847
2025-08-30 00:00:00+00:00,-0.00022654532829913254
2025-08-31 00:00:00+00:00,0.00020317149980142446
2025-09-01 00:00:00+00:00,-0.00028287537560034437
2025-09-02 00:00:00+00:00,7.415027905466332e-05
2025-09-03 00:00:00+00:00,0.00027861129600736945
2025-09-04 00:00:00+00:00,-0.00038271205412010456
2025-09-05 00:00:00+00:00,5.0280001004265884e-05
2025-09-06 00:00:00+00:00,-3.1970699429395566e-05
2025-09-07 00:00:00+00:00,-2.5361012707780795e-05
2025-09-08 00:00:00+00:00,0.00012117745091888565
2025-09-09 00:00:00+00:00,0.0005615911559668785
2025-09-10 00:00:00+00:00,0.00029295833537501537
2025-09-11 00:00:00+00:00,0.00017268978216677944
2025-09-12 00:00:00+00:00,-4.624051234602966e-05
2025-09-13 00:00:00+00:00,0.00016624823638866637
2025-09-14 00:00:00+00:00,-0.00017405795154268322
2025-09-15 00:00:00+00:00,0.00027234620788219033
2025-09-16 00:00:00+00:00,0.0002933794420085789
2025-09-17 00:00:00+00:00,0.0001516517025990094
2025-09-18 00:00:00+00:00,0.00029673724081114017
2025-09-19 00:00:00+00:00,0.000291472068687737
2025-09-20 00:00:00+00:00,-0.0006690278702238261
2025-09-21 00:00:00+00:00,3.082936597187391e-05
2025-09-22 00:00:00+00:00,-0.0006083956889347819
2025-09-23 00:00:00+00:00,0.00026386537665001875
2025-09-24 00:00:00+00:00,-8.206514535979981e-05
2025-09-25 00:00:00+00:00,-0.0004317222312427704
2025-09-26 00:00:00+00:00,-0.00011024994727082404
2025-09-27 00:00:00+00:00,-0.00012478860905962286
2025-09-28 00:00:00+00:00,-1.7773231876239137e-05
2025-09-29 00:00:00+00:00,0.00034161477323757516
2025-09-30 00:00:00+00:00,-0.0009746047144546521
2025-10-01 00:00:00+00:00,0.0004702776005125475
2025-10-02 00:00:00+00:00,-0.0006945659733453846
2025-10-03 00:00:00+00:00,0.0008608094829618551
2025-10-04 00:00:00+00:00,0.0006168267555388685
2025-10-05 00:00:00+00:00,-0.000803697645268886
2025-10-06 00:00:00+00:00,-1.829479359904962e-05
2025-10-07 00:00:00+00:00,5.636706500045108e-05
2025-10-08 00:00:00+00:00,0.0005149125211298955
2025-10-09 00:00:00+00:00,-0.000921212318717668
2025-10-10 00:00:00+00:00,8.912579848763258e-05
2025-10-11 00:00:00+00:00,-0.00551162562570251
2025-10-12 00:00:00+00:00,-0.002671886741750562
2025-10-13 00:00:00+00:00,-0.0010550239051919652
2025-10-14 00:00:00+00:00,0.00020904280822908738
2025-10-15 00:00:00+00:00,-0.002312398681821204
2025-10-16 00:00:00+00:00,-0.00038550899329425903
2025-10-17 00:00:00+00:00,-0.0002580457085534782
2025-10-18 00:00:00+00:00,-2.3719636427999014e-05
2025-10-19 00:00:00+00:00,-0.00020661452607040331
2025-10-20 00:00:00+00:00,-0.0007619759396435555
2025-10-21 00:00:00+00:00,-0.001041087226915205
2025-10-22 00:00:00+00:00,-0.00012521960723732573
2025-10-23 00:00:00+00:00,-0.0005168315410624125
2025-10-24 00:00:00+00:00,0.00032439343134149645
2025-10-25 00:00:00+00:00,-0.0006820621688125028
2025-10-26 00:00:00+00:00,0.00024517627570430633
2025-10-27 00:00:00+00:00,0.0005330718878655549
2025-10-28 00:00:00+00:00,-0.0003195708514095452
2025-10-29 00:00:00+00:00,-0.0013889354288209033
2025-10-30 00:00:00+00:00,-3.615875196416596e-05
2025-10-31 00:00:00+00:00,-0.0009381493828773957
2025-11-01 00:00:00+00:00,0.0005873767009330066
2025-11-02 00:00:00+00:00,-0.0007921975258378122
2025-11-03 00:00:00+00:00,-0.0005537599267225746
2025-11-04 00:00:00+00:00,3.0446628255909047e-05
2025-11-05 00:00:00+00:00,0.0005071548175170637
2025-11-06 00:00:00+00:00,-0.0016464790084544934
2025-11-07 00:00:00+00:00,0.0002853593131522114
2025-11-08 00:00:00+00:00,0.00011497306044416788
2025-11-09 00:00:00+00:00,0.00038651150631863196
2025-11-10 00:00:00+00:00,6.870929735636189e-05
2025-11-11 00:00:00+00:00,-0.0013540150479611768
2025-11-12 00:00:00+00:00,-0.0007506298899552233
2025-11-13 00:00:00+00:00,-3.77809857952105e-05
2025-11-14 00:00:00+00:00,-0.0004046099868950659
2025-11-15 00:00:00+00:00,0.0004396089788738511
2025-11-16 00:00:00+00:00,0.000907180378373118
2025-11-17 00:00:00+00:00,-2.142663234405706e-05
2025-11-18 00:00:00+00:00,-0.00020304295879580714
2025-11-19 00:00:00+00:00,7.657776610692224e-05
2025-11-20 00:00:00+00:00,-0.0006004341848335759
2025-11-21 00:00:00+00:00,0.00020670770102193536
2025-11-22 00:00:00+00:00,-0.00032341270432167946
2025-11-23 00:00:00+00:00,-0.0003159181754952556
2025-11-24 00:00:00+00:00,7.581375154352976e-05
2025-11-25 00:00:00+00:00,0.00015336087074757643
2025-11-26 00:00:00+00:00,-0.0008358263871557359
2025-11-27 00:00:00+00:00,1.9173366497815536e-05
2025-11-28 00:00:00+00:00,-0.00028534009986302955
2025-11-29 00:00:00+00:00,-0.00037015495358661
2025-11-30 00:00:00+00:00,-0.00029041451567535237
2025-12-01 00:00:00+00:00,-5.7240953446502374e-05
2025-12-02 00:00:00+00:00,-0.00015587812522155353
2025-12-03 00:00:00+00:00,-0.0004353800557155285
2025-12-04 00:00:00+00:00,0.00030614854024246796
2025-12-05 00:00:00+00:00,6.0385883914770844e-05
2025-12-06 00:00:00+00:00,0.00030587235224444065
2025-12-07 00:00:00+00:00,-0.000925351555176035
2025-12-08 00:00:00+00:00,0.00045419590018580536
2025-12-09 00:00:00+00:00,3.857654064809424e-05
2025-12-10 00:00:00+00:00,-8.533064187454809e-05
2025-12-11 00:00:00+00:00,-0.00018959377384120124
2025-12-12 00:00:00+00:00,-0.0011599145240909214
2025-12-13 00:00:00+00:00,0.00043363746580382667
2025-12-14 00:00:00+00:00,-4.188886594358454e-05
2025-12-15 00:00:00+00:00,0.00025678683818708414
2025-12-16 00:00:00+00:00,-0.0007636782096672734
2025-12-17 00:00:00+00:00,-0.0002037230932007139
2025-12-18 00:00:00+00:00,-0.00025973959912961586
2025-12-19 00:00:00+00:00,-0.0001020213877706011
2025-12-20 00:00:00+00:00,0.0006472533313397477
2025-12-21 00:00:00+00:00,-0.00023647076512323117
2025-12-22 00:00:00+00:00,-0.0002517021716131884
2025-12-23 00:00:00+00:00,0.0001771718760066321
2025-12-24 00:00:00+00:00,4.67390964784542e-05
2025-12-25 00:00:00+00:00,0.0008847865121486276
2025-12-26 00:00:00+00:00,-0.00034298866583537535
2025-12-27 00:00:00+00:00,-0.000551234573929138
2025-12-28 00:00:00+00:00,0.0003901673818247353
2025-12-29 00:00:00+00:00,0.0006240340824821278
2025-12-30 00:00:00+00:00,-0.0002525458711296613
2025-12-31 00:00:00+00:00,0.00023307023418284167
2026-01-01 00:00:00+00:00,0.00025855573327659975
2026-01-02 00:00:00+00:00,-0.0002083906658459922
2026-01-03 00:00:00+00:00,0.00048176277344302854
2026-01-04 00:00:00+00:00,0.00015100304142423582
2026-01-05 00:00:00+00:00,-0.0002892742513420643
2026-01-06 00:00:00+00:00,0.0003127131968820862
2026-01-07 00:00:00+00:00,0.0005334489831101408
2026-01-08 00:00:00+00:00,-4.9430486418922115e-05
2026-01-09 00:00:00+00:00,0.00011312995609058518
2026-01-10 00:00:00+00:00,0.00016885576011160808
2026-01-11 00:00:00+00:00,0.000246811224059007
2026-01-12 00:00:00+00:00,5.063678026551166e-05
2026-01-13 00:00:00+00:00,0.0003210914067015569
2026-01-14 00:00:00+00:00,0.0005239041633240404
2026-01-15 00:00:00+00:00,-0.0009670817295118761
2026-01-16 00:00:00+00:00,0.0011563369919447286
2026-01-17 00:00:00+00:00,-0.0002924497440803808
2026-01-18 00:00:00+00:00,0.00014198922474006892
2026-01-19 00:00:00+00:00,-0.00025604901744458175
2026-01-20 00:00:00+00:00,-0.0001373892115235087
2026-01-21 00:00:00+00:00,0.0002230414040078621
2026-01-22 00:00:00+00:00,-0.0007861962125467192
2026-01-23 00:00:00+00:00,8.309521525351471e-05
2026-01-24 00:00:00+00:00,0.00014015614911433438
2026-01-25 00:00:00+00:00,-0.00021139597186325965
2026-01-26 00:00:00+00:00,-0.0004862263727004601
2026-01-27 00:00:00+00:00,0.00018652651442474522
2026-01-28 00:00:00+00:00,0.0005542149616386549
2026-01-29 00:00:00+00:00,9.721992431499515e-05
2026-01-30 00:00:00+00:00,-0.0007491913855659504
2026-01-31 00:00:00+00:00,-0.00038264942029531124
2026-02-01 00:00:00+00:00,-0.0010446655663217674
2026-02-02 00:00:00+00:00,-0.0008797714063688566
2026-02-03 00:00:00+00:00,-0.0015182714206276593
2026-02-04 00:00:00+00:00,-0.00024383736039546022
2026-02-05 00:00:00+00:00,-0.0007709948740080019
2026-02-06 00:00:00+00:00,-0.0015348877571859099
2026-02-07 00:00:00+00:00,-0.001878445077082791
2026-02-08 00:00:00+00:00,-0.0007733464858482586
2026-02-09 00:00:00+00:00,-0.0016814342399483762
2026-02-10 00:00:00+00:00,6.534118126833022e-05
2026-02-11 00:00:00+00:00,-0.0010020431910858774
2026-02-12 00:00:00+00:00,-0.0007190200093576404
2026-02-13 00:00:00+00:00,-0.0007135789762720002
2026-02-14 00:00:00+00:00,-0.0009111689556197122
2026-02-15 00:00:00+00:00,-0.00019378610714848588
2026-02-16 00:00:00+00:00,-0.00024289313362513276
2026-02-17 00:00:00+00:00,-0.0008254270668595076
2026-02-18 00:00:00+00:00,-0.0006277854157075158
2026-02-19 00:00:00+00:00,-0.00015088280154329503
2026-02-20 00:00:00+00:00,-0.0010124849217698628
2026-02-21 00:00:00+00:00,-0.00014569705301714642
2026-02-22 00:00:00+00:00,-0.0006876703146987406
2026-02-23 00:00:00+00:00,-0.0015970332446855195
2026-02-24 00:00:00+00:00,0.0007180513510485209
2026-02-25 00:00:00+00:00,-0.0013407165410359578
2026-02-26 00:00:00+00:00,-3.122071083883071e-07
2026-02-27 00:00:00+00:00,-0.0003992828075357613
2026-02-28 00:00:00+00:00,-0.0007076701686593578
2026-03-01 00:00:00+00:00,-0.0003216750397423418
2026-03-02 00:00:00+00:00,-0.0016499890944173812
2026-03-03 00:00:00+00:00,-1.2138153657859085e-05
2026-03-04 00:00:00+00:00,-0.00026373252752731613
2026-03-05 00:00:00+00:00,-0.0003783994024738613
2026-03-06 00:00:00+00:00,0.0001714492770392706
2026-03-07 00:00:00+00:00,-0.0008160054042363196
2026-03-08 00:00:00+00:00,-0.0006055181761911443
2026-03-09 00:00:00+00:00,-0.0018398249991610216
2026-03-10 00:00:00+00:00,0.00024409923293466917
2026-03-11 00:00:00+00:00,-0.0004768924201336011
2026-03-12 00:00:00+00:00,-0.0008540947720220293
2026-03-13 00:00:00+00:00,-0.00010759041345376197
2026-03-14 00:00:00+00:00,-0.0004407679224314176
2026-03-15 00:00:00+00:00,-0.0003723870174617838
2026-03-16 00:00:00+00:00,0.00022247360539373595
2026-03-17 00:00:00+00:00,-0.0002823181580478007
2026-03-18 00:00:00+00:00,9.446506590182757e-05
2026-03-19 00:00:00+00:00,-0.0006506748924683947
2026-03-20 00:00:00+00:00,-0.0012168071703342331
2026-03-21 00:00:00+00:00,-0.00023610560874520736
2026-03-22 00:00:00+00:00,-0.0005440833476825224
2026-03-23 00:00:00+00:00,-0.0010765616487437013
2026-03-24 00:00:00+00:00,7.98098726770835e-05
2026-03-25 00:00:00+00:00,-0.0004733767358885421
2026-03-26 00:00:00+00:00,-0.0002670627770383627
2026-03-27 00:00:00+00:00,-0.000354910230870531
2026-03-28 00:00:00+00:00,-0.0012143066946471714
2026-03-29 00:00:00+00:00,-0.000945313889264221
2026-03-30 00:00:00+00:00,-0.0014181203011963683
2026-03-31 00:00:00+00:00,3.0082871295800118e-05
2026-04-01 00:00:00+00:00,-0.0008637771904681513
2026-04-02 00:00:00+00:00,-0.0009059151903239027
2026-04-03 00:00:00+00:00,-0.0002474808931344219
2026-04-04 00:00:00+00:00,-6.813076507061755e-05
2026-04-05 00:00:00+00:00,-0.0006164530798841161
2026-04-06 00:00:00+00:00,6.388522560452081e-05
2026-04-07 00:00:00+00:00,-0.0007266309666600357
2026-04-08 00:00:00+00:00,0.00011200454667115167
2026-04-09 00:00:00+00:00,-3.4211834346598025e-05
2026-04-10 00:00:00+00:00,6.446973459572902e-05
2026-04-11 00:00:00+00:00,-0.0005231181074445423
2026-04-12 00:00:00+00:00,-0.00026985412184443724
2026-04-13 00:00:00+00:00,-0.0005616094640853442
2026-04-14 00:00:00+00:00,-7.930876609885118e-06
2026-04-15 00:00:00+00:00,-0.0006272579588276761
2026-04-16 00:00:00+00:00,0.00036326168898126454
2026-04-17 00:00:00+00:00,-0.00016996934879398573
2026-04-18 00:00:00+00:00,-0.0005067744692733855
2026-04-19 00:00:00+00:00,-0.0010420549434096982
2026-04-20 00:00:00+00:00,-0.0008802027554469793
2026-04-21 00:00:00+00:00,-0.00022471884275021559
2026-04-22 00:00:00+00:00,0.00010325366630636879
2026-04-23 00:00:00+00:00,-0.00016278282642101516
2026-04-24 00:00:00+00:00,-0.0010137288059685057
2026-04-25 00:00:00+00:00,-0.00018461666698355028
2026-04-26 00:00:00+00:00,-0.00018733886301558478
2026-04-27 00:00:00+00:00,-0.0006307207212824517
2026-04-28 00:00:00+00:00,-0.0007630776263124472
2026-04-29 00:00:00+00:00,0.000525342657875072
2026-04-30 00:00:00+00:00,-0.0007576323511493399
2026-05-01 00:00:00+00:00,-0.0010729043028547824
2026-05-02 00:00:00+00:00,0.00019935035994755879
2026-05-03 00:00:00+00:00,-0.000141232905405686
2026-05-04 00:00:00+00:00,0.0001953677490322825
2026-05-05 00:00:00+00:00,-0.00011767253325944971
2026-05-06 00:00:00+00:00,-0.0003012181621502297
2026-05-07 00:00:00+00:00,-6.119366932333392e-05
2026-05-08 00:00:00+00:00,-0.0006494180726387411
2026-05-09 00:00:00+00:00,0.0002532647670185906
2026-05-10 00:00:00+00:00,-0.0002573527129229314
2026-05-11 00:00:00+00:00,0.00019735297777701
2026-05-12 00:00:00+00:00,8.287592087796725e-05
2026-05-13 00:00:00+00:00,-0.00010815467834568437
2026-05-14 00:00:00+00:00,-1.2552867070581009e-05
2026-05-15 00:00:00+00:00,-0.00034556519604489466
2026-05-16 00:00:00+00:00,0.00021870344017349552
2026-05-17 00:00:00+00:00,-0.00017940540926264514
2026-05-18 00:00:00+00:00,-0.0005227551404702879
2026-05-19 00:00:00+00:00,1.4596474855466113e-06
2026-05-20 00:00:00+00:00,-0.00026828768258224667
2026-05-21 00:00:00+00:00,0.00023611326627581697
2026-05-22 00:00:00+00:00,0.000186838899504993
2026-05-23 00:00:00+00:00,-0.0007907924915615538
2026-05-24 00:00:00+00:00,0.00015587775907310863
2026-05-25 00:00:00+00:00,0.00039355831052900747
2026-05-26 00:00:00+00:00,-2.1663248904180143e-05
2026-05-27 00:00:00+00:00,-0.0005736440684822597
2026-05-28 00:00:00+00:00,0.00023496894923602518
2026-05-29 00:00:00+00:00,-0.0001252294244811214
2026-05-30 00:00:00+00:00,0.00027224399215253214
2026-05-31 00:00:00+00:00,0.0005192397978381891
2026-06-01 00:00:00+00:00,-0.00020164063371708174
2026-06-02 00:00:00+00:00,-5.0123395426093786e-05
2026-06-03 00:00:00+00:00,0.0005247448095828666
2026-06-04 00:00:00+00:00,-0.0008636456808863713
2026-06-05 00:00:00+00:00,-0.0013329189160298238
2026-06-06 00:00:00+00:00,4.754001866968949e-05
2026-06-07 00:00:00+00:00,-0.0009183078433904202
2026-06-08 00:00:00+00:00,-0.0006397083620266475
2026-06-09 00:00:00+00:00,-0.0014933531070459027
2026-06-10 00:00:00+00:00,0.00030461591755703843
2026-06-11 00:00:00+00:00,-0.0005126179391133912
2026-06-12 00:00:00+00:00,0.00026004647676169945
2026-06-13 00:00:00+00:00,-0.0010755329484367637
2026-06-14 00:00:00+00:00,-0.00022203186413161102
2026-06-15 00:00:00+00:00,-0.0002825259856501505
2026-06-16 00:00:00+00:00,-0.000832337294869534
2026-06-17 00:00:00+00:00,-0.000462115172211508
2026-06-18 00:00:00+00:00,-0.0001385302582472825
2026-06-19 00:00:00+00:00,0.00046473676550751186
2026-06-20 00:00:00+00:00,-0.0004899867467287322
2026-06-21 00:00:00+00:00,-0.0005357140824697737
2026-06-22 00:00:00+00:00,0.0002248481250042289
2026-06-23 00:00:00+00:00,-0.00020196689072760066
2026-06-24 00:00:00+00:00,-0.001478426094888463
2026-06-25 00:00:00+00:00,0.0002814924087155557
2026-06-26 00:00:00+00:00,-0.0008081091784225558
2026-06-27 00:00:00+00:00,0.00020139610837577315
2026-06-28 00:00:00+00:00,0.0004102636657221659
2026-06-29 00:00:00+00:00,-0.000419024845814131
2026-06-30 00:00:00+00:00,0.0001302012248189932
2026-07-01 00:00:00+00:00,-0.0003398289367293472
2026-07-02 00:00:00+00:00,0.0007265103478815149
2026-07-03 00:00:00+00:00,-0.00024540444479148604
2026-07-04 00:00:00+00:00,0.0006750416700473938
2026-07-05 00:00:00+00:00,0.0004044302763868135
2026-07-06 00:00:00+00:00,0.0003815846820145463
2026-07-07 00:00:00+00:00,-0.00041357854739698663
2026-07-08 00:00:00+00:00,-2.4319301868080956e-05
2026-07-09 00:00:00+00:00,0.0005051663157753516
2026-07-10 00:00:00+00:00,3.2066336916880545e-05
2026-07-11 00:00:00+00:00,0.00034235700285156767
2026-07-12 00:00:00+00:00,-8.903020478900903e-05
2026-07-13 00:00:00+00:00,0.0001490537347550447
2026-07-14 00:00:00+00:00,-0.00011850239078114999
2026-07-15 00:00:00+00:00,0.00042980045066776107
2026-07-16 00:00:00+00:00,2.488793911981091e-05
2026-07-17 00:00:00+00:00,-0.00010192647854589953
2026-07-18 00:00:00+00:00,0.0004557117449606185
2026-07-19 00:00:00+00:00,-8.173851624693196e-05
2026-07-20 00:00:00+00:00,-0.0003883345173008035
2026-07-21 00:00:00+00:00,0.0004803090956673195
2026-07-22 00:00:00+00:00,-1.5080197276362561e-05
2026-07-23 00:00:00+00:00,1.944830416777954e-05
2026-07-24 00:00:00+00:00,-5.68106916596367e-05
2026-07-25 00:00:00+00:00,-7.148990891825413e-06
2026-07-26 00:00:00+00:00,-0.0003900968635225377
2026-07-27 00:00:00+00:00,0.0009305348280588266
2026-07-28 00:00:00+00:00,-0.0010063987769509675
2026-07-29 00:00:00+00:00,-5.3264761404103744e-05
2026-07-30 00:00:00+00:00,0.0005708537674584679
2026-07-31 00:00:00+00:00,0.0002783540100050885
2026-08-01 00:00:00+00:00,0.0001971645207559103
2026-08-02 00:00:00+00:00,7.83235844377117e-05
2026-08-03 00:00:00+00:00,0.00022502564846593742
2026-08-04 00:00:00+00:00,0.0005389655859517894
2026-08-05 00:00:00+00:00,1.81965558743169e-05
2026-08-06 00:00:00+00:00,1.931950613842659e-05
2026-08-07 00:00:00+00:00,-0.0005141066278846473
2026-08-08 00:00:00+00:00,0.0003648232032613663
2026-08-09 00:00:00+00:00,-8.797222769663104e-05
2026-08-10 00:00:00+00:00,0.0006342516955490929
2026-08-11 00:00:00+00:00,0.00022834278030581245
2026-08-12 00:00:00+00:00,0.0003963292353921233
2026-08-13 00:00:00+00:00,0.0003070813421819363
2026-08-14 00:00:00+00:00,-0.000421603049475916
2026-08-15 00:00:00+00:00,-0.00011063604381678083
2026-08-16 00:00:00+00:00,-0.00022299982104956317
2026-08-17 00:00:00+00:00,9.498944262564812e-05
2026-08-18 00:00:00+00:00,-4.664928389186418e-05
2026-08-19 00:00:00+00:00,-0.0007223421477916547
2026-08-20 00:00:00+00:00,0.0008367682433134682
2026-08-21 00:00:00+00:00,0.0003016669463569155
2026-08-22 00:00:00+00:00,0.00013874918971268357
2026-08-23 00:00:00+00:00,0.001591992117800256
2026-08-24 00:00:00+00:00,0.0006829112867960951
2026-08-25 00:00:00+00:00,0.0005954717404401677
2026-08-26 00:00:00+00:00,-0.0003048402067085121
2026-08-27 00:00:00+00:00,0.0003820546812032255
2026-08-28 00:00:00+00:00,-0.000111651868464957
2026-08-29 00:00:00+00:00,0.00046544279881111095
2026-08-30 00:00:00+00:00,-0.00019627125102761322
2026-08-31 00:00:00+00:00,-7.68483083095628e-05
2026-09-01 00:00:00+00:00,1.7273613023727208e-05
2026-09-02 00:00:00+00:00,-0.00029999576818962037
2026-09-03 00:00:00+00:00,-0.0003859419397818087
2026-09-04 00:00:00+00:00,0.0009120700615323774
2026-09-05 00:00:00+00:00,0.00023334913450856476
2026-09-06 00:00:00+00:00,-4.916771802121467e-05
2026-09-07 00:00:00+00:00,0.00036383681765062015
2026-09-08 00:00:00+00:00,-0.0007318490007075518
2026-09-09 00:00:00+00:00,0.00025245505657456313
2026-09-10 00:00:00+00:00,-0.00018439853930762862
