date,gross_fund_return,leverage,external_cost,financing_cost,net_return,equity,solvent
2014-04-11 13:30:00+00:00,0.004020168480684871,5.0,0.005,0.0006349206349206349,0.014465921768503722,10144.659217685037,True
2014-04-14 13:30:00+00:00,-0.0020021387277838754,5.0,0.0,0.0006349206349206349,-0.01064561427384001,10036.663088714005,True
2014-04-15 13:30:00+00:00,-0.0050150098676969845,5.0,0.0,0.0006349206349206349,-0.025709969973405557,9778.620782069982,True
2014-04-16 13:30:00+00:00,-0.0030240200289199937,5.0,0.0,0.0006349206349206349,-0.015755020779520602,9624.558408453417,True
2014-04-17 13:30:00+00:00,-0.002022452019829979,5.0,0.0,0.0006349206349206349,-0.010747180734070529,9521.121539752148,True
2014-04-21 13:30:00+00:00,-0.0010132058034582059,5.0,0.0,0.0006349206349206349,-0.005700949652211664,9466.842105221434,True
2014-04-22 13:30:00+00:00,0.0,5.0,0.0,0.0006349206349206349,-0.0006349206349206349,9460.831411821293,True
2014-04-23 13:30:00+00:00,0.0,5.0,0.0,0.0006349206349206349,-0.0006349206349206349,9454.824534734424,True
2014-04-24 13:30:00+00:00,0.0020283277060089144,5.0,0.0,0.0006349206349206349,0.009506717895123938,9544.70888433404,True
2014-04-25 13:30:00+00:00,-0.002024221920604141,5.0,0.0,0.0006349206349206349,-0.01075603023794134,9442.045706961795,True
2014-04-28 13:30:00+00:00,0.0,5.0,0.0,0.0006349206349206349,-0.0006349206349206349,9436.050757306582,True
2014-04-29 13:30:00+00:00,0.0010142334306562084,5.0,0.0,0.0006349206349206349,0.004436246518360407,9477.911404625756,True
2014-04-30 13:30:00+00:00,0.0010130667891474765,5.0,0.0,0.0006349206349206349,0.004430413310816748,9519.902469471554,True
2014-05-01 13:30:00+00:00,0.0010124581443582414,5.0,0.0,0.0006349206349206349,0.004427370086870572,9562.050600894818,True
2014-05-02 13:30:00+00:00,-0.004044626573338039,5.0,0.0,0.0006349206349206349,-0.02085805350161083,9362.604837876243,True
2014-05-05 13:30:00+00:00,0.0,5.0,0.0,0.0006349206349206349,-0.0006349206349206349,9356.660326868066,True
2014-05-06 13:30:00+00:00,-0.0020305260061111996,5.0,0.0,0.0006349206349206349,-0.010787550665476632,9255.724879532323,True
2014-05-07 13:30:00+00:00,0.002034657430938225,5.0,0.0,0.0006349206349206349,0.00953836651977049,9344.00937583946,True
2014-05-08 13:30:00+00:00,0.0,5.0,0.0,0.0006349206349206349,-0.0006349206349206349,9338.076671473847,True
2014-05-09 13:30:00+00:00,-0.0030458586574485524,5.0,0.0,0.0006349206349206349,-0.015864213922163396,9189.935425536023,True
2014-05-12 13:30:00+00:00,-0.0020366597355171434,5.0,0.0,0.0006349206349206349,-0.010818219312506351,9090.516688634803,True
2014-05-13 13:30:00+00:00,0.0,5.0,0.0,0.0006349206349206349,-0.0006349206349206349,9084.7449320071,True
2014-05-14 13:30:00+00:00,0.003061329280962477,5.0,0.0,0.0006349206349206349,0.014671725769891751,9218.033818338921,True
2014-05-15 13:30:00+00:00,-0.0020345178509539874,5.0,0.0,0.0006349206349206349,-0.010807509889690571,9118.40982668372,True
2014-05-16 13:30:00+00:00,-0.0020387354846830297,5.0,0.0,0.0006349206349206349,-0.010828598058335782,9019.670231739385,True
2014-05-19 13:30:00+00:00,0.0010212750212905686,5.0,0.0,0.0006349206349206349,0.004471454471532208,9060.001276528841,True
2014-05-20 13:30:00+00:00,0.0020408161836660277,5.0,0.0,0.0006349206349206349,0.009569160283409504,9146.697880911841,True
2014-05-21 13:30:00+00:00,-0.003054814950604001,5.0,0.0,0.0006349206349206349,-0.01590899538794064,9001.183106509528,True
2014-05-22 13:30:00+00:00,0.0010212750212905686,5.0,0.0,0.0006349206349206349,0.004471454471532208,9041.431486960211,True
2014-05-23 13:30:00+00:00,0.0010205831009386657,5.0,0.0,0.0006349206349206349,0.004467994869772693,9081.828556459352,True
2014-05-27 13:30:00+00:00,-0.0020387354846830297,5.0,0.0,0.0006349206349206349,-0.010828598058335782,8983.485085386737,True
2014-05-28 13:30:00+00:00,-0.003064455740089067,5.0,0.0,0.0006349206349206349,-0.01595719933536597,8840.133823152933,True
2014-05-29 13:30:00+00:00,-0.0020489691681804256,5.0,0.0,0.0006349206349206349,-0.010879766475822762,8743.955231542008,True
2014-05-30 13:30:00+00:00,0.002053176062629447,5.0,0.0,0.0006349206349206349,0.009630959678226601,8828.167911805209,True
2014-06-02 13:30:00+00:00,-0.0010245548746277144,5.0,0.0,0.0006349206349206349,-0.005757695008059207,8777.3380134891,True
2014-06-03 13:30:00+00:00,-0.0010254649386542969,5.0,0.0,0.0006349206349206349,-0.005762245328192119,8726.760838526909,True
2014-06-04 13:30:00+00:00,0.0,5.0,0.0,0.0006349206349206349,-0.0006349206349206349,8721.22003799451,True
2014-06-05 13:30:00+00:00,0.0030798345288005624,5.0,0.0,0.0006349206349206349,0.014764252009082178,8849.982328462118,True
2014-06-06 13:30:00+00:00,0.0,5.0,0.0,0.0006349206349206349,-0.0006349206349206349,8844.363292063093,True
2014-06-09 13:30:00+00:00,0.003070588927566842,5.0,0.0,0.0006349206349206349,0.014718024002913575,8974.534843286167,True
2014-06-10 13:30:00+00:00,0.0010205831009386657,5.0,0.0,0.0006349206349206349,0.004467994869772693,9014.633018924567,True
2014-06-11 13:30:00+00:00,0.0010191929116649678,5.0,0.0,0.0006349206349206349,0.004461043923404204,9054.84769277536,True
2014-06-12 13:30:00+00:00,0.0020368693187231557,5.0,0.0,0.0006349206349206349,0.009549425958695144,9141.31629038478,True
2014-06-13 13:30:00+00:00,-0.017276452805773834,5.0,0.0,0.0006349206349206349,-0.08701718466378981,8345.864682674259,True
2014-06-16 13:30:00+00:00,-0.0031022713027347715,5.0,0.0,0.0006349206349206349,-0.01614627714859449,8211.110038463134,True
2014-06-17 13:30:00+00:00,-0.0010373796119785839,5.0,0.0,0.0006349206349206349,-0.005821818694813554,8163.306444536037,True
2014-06-18 13:30:00+00:00,0.006230385118828119,5.0,0.0,0.0006349206349206349,0.03051700495921996,8412.426107787576,True
2014-06-19 13:30:00+00:00,-0.005159780811265113,5.0,0.0,0.0006349206349206349,-0.0264338246912462,8190.053510826257,True
2014-06-20 13:30:00+00:00,0.0010373084464705418,5.0,0.0,0.0006349206349206349,0.004551621597432074,8227.331535270258,True
2014-06-23 13:30:00+00:00,0.0041449342106152365,5.0,0.0,0.0006349206349206349,0.02008975041815555,8392.616572421259,True
2014-06-24 13:30:00+00:00,-0.0041278246490120685,5.0,0.0,0.0006349206349206349,-0.021274043879980976,8214.071679191713,True
2014-06-25 13:30:00+00:00,-0.003108913933253521,5.0,0.0,0.0006349206349206349,-0.01617949030118824,8081.172186124966,True
2014-06-26 13:30:00+00:00,-0.0010395364738454704,5.0,0.0,0.0006349206349206349,-0.005832603004147987,8034.037916955137,True
2014-06-27 13:30:00+00:00,0.0,5.0,0.0,0.0006349206349206349,-0.0006349206349206349,8028.936940499927,True
2014-06-30 13:30:00+00:00,0.0031219260910482216,5.0,0.0,0.0006349206349206349,0.014974709820320474,8149.167941349566,True
2014-07-01 13:30:00+00:00,0.0010373084464705418,5.0,0.0,0.0006349206349206349,0.004551621597432074,8186.259870152514,True
2014-07-02 13:30:00+00:00,-0.0020725381970716494,5.0,0.0,0.0006349206349206349,-0.010997611620278881,8096.230563477902,True
2014-07-03 13:30:00+00:00,0.003115228179119134,5.0,0.0,0.0006349206349206349,0.014941220260675035,8217.198127608035,True
2014-07-07 13:30:00+00:00,0.0,5.0,0.0,0.0006349206349206349,-0.0006349206349206349,8211.980858955585,True
2014-07-08 13:30:00+00:00,-0.002070321768426364,5.0,0.0,0.0006349206349206349,-0.010986529477052455,8121.759689183679,True
2014-07-09 13:30:00+00:00,0.0020746168929408615,5.0,0.0,0.0006349206349206349,0.009738163829783673,8200.850715623084,True
2014-07-10 13:30:00+00:00,-0.002070321768426364,5.0,0.0,0.0006349206349206349,-0.010986529477052455,8110.751827498984,True
2014-07-11 13:30:00+00:00,-0.0031122100014439047,5.0,0.0,0.0006349206349206349,-0.016195970642140158,7979.390329015126,True
2014-07-14 13:30:00+00:00,0.0010406182344555592,5.0,0.0,0.0006349206349206349,0.004568170537357161,8015.841544822207,True
2014-07-15 13:30:00+00:00,-0.00519753974228454,5.0,0.0,0.0006349206349206349,-0.026622619346343336,7802.4388466338005,True
2014-07-16 13:30:00+00:00,0.002089935470356963,5.0,0.0,0.0006349206349206349,0.00981475671686418,7879.017885711723,True
2014-07-17 13:30:00+00:00,-0.0010427168382101115,5.0,0.0,0.0006349206349206349,-0.0058485048259711925,7832.937411583224,True
2014-07-18 13:30:00+00:00,0.0020876820742277147,5.0,0.0,0.0006349206349206349,0.00980348973621794,7909.727533102119,True
2014-07-21 13:30:00+00:00,0.0010415591758541343,5.0,0.0,0.0006349206349206349,0.004572875244350036,7945.897730327797,True
2014-07-22 13:30:00+00:00,0.0020813078565926624,5.0,0.0,0.0006349206349206349,0.009771618648042678,8023.542012764909,True
2014-07-23 13:30:00+00:00,0.0,5.0,0.0,0.0006349206349206349,-0.0006349206349206349,8018.447700375851,True
2014-07-24 13:30:00+00:00,-0.0010385281253905143,5.0,0.0,0.0006349206349206349,-0.0058275612618732065,7971.719705176785,True
2014-07-25 13:30:00+00:00,0.0,5.0,0.0,0.0006349206349206349,-0.0006349206349206349,7966.658295840164,True
2014-07-28 13:30:00+00:00,-0.0010395364738454704,5.0,0.0,0.0006349206349206349,-0.005832603004147987,7920.191940730826,True
2014-07-29 13:30:00+00:00,0.0010406182344555592,5.0,0.0,0.0006349206349206349,0.004568170537357161,7956.372728204687,True
2014-07-30 13:30:00+00:00,-0.0010395364738454704,5.0,0.0,0.0006349206349206349,-0.005832603004147987,7909.9663647280395,True
2014-07-31 13:30:00+00:00,-0.0020810936935479196,5.0,0.0,0.0006349206349206349,-0.011040389102660232,7822.637258272487,True
2014-08-01 13:30:00+00:00,0.002085433676420223,5.0,0.0,0.0006349206349206349,0.009792247747180481,7899.238460341817,True
2014-08-04 13:30:00+00:00,0.0010406182344555592,5.0,0.0,0.0006349206349206349,0.004568170537357161,7935.323528743909,True
2014-08-05 13:30:00+00:00,-0.004157931954967498,5.0,0.0,0.0006349206349206349,-0.021424580409758122,7765.31255172489,True
2014-08-06 13:30:00+00:00,0.0010438052315009383,5.0,0.0,0.0006349206349206349,0.0045841055225840565,7800.9095638778435,True
2014-08-07 13:30:00+00:00,-0.0010427168382101115,5.0,0.0,0.0006349206349206349,-0.0058485048259711925,7755.28590664654,True
2014-08-08 13:30:00+00:00,-0.0020876104630016545,5.0,0.0,0.0006349206349206349,-0.011072972949928907,7669.411835583277,True
2014-08-11 13:30:00+00:00,0.0041840271560980025,5.0,0.0,0.0006349206349206349,0.02028521514556938,7824.98750470806,True
2014-08-12 13:30:00+00:00,-0.0010417020999262672,5.0,0.0,0.0006349206349206349,-0.005843431134551971,7779.26272909557,True
2014-08-13 13:30:00+00:00,0.01042745452832472,5.0,0.0,0.0006349206349206349,0.051502352006702966,8179.913056522075,True
2014-08-14 13:30:00+00:00,0.0,5.0,0.0,0.0006349206349206349,-0.0006349206349206349,8174.719460930632,True
2014-08-15 13:30:00+00:00,0.0010320269605628152,5.0,0.0,0.0006349206349206349,0.004525214167893441,8211.71181725379,True
2014-08-18 13:30:00+00:00,-0.0020617137819883835,5.0,0.0,0.0006349206349206349,-0.010943489544862552,8121.847034836248,True
2014-08-19 13:30:00+00:00,0.0020659732274646014,5.0,0.0,0.0006349206349206349,0.009694945502402373,8200.587899217835,True
2014-08-20 13:30:00+00:00,0.0030927474862807447,5.0,0.0,0.0006349206349206349,0.01482881679648309,8322.192914798792,True
2014-08-21 13:30:00+00:00,0.0010279253161740165,5.0,0.0,0.0006349206349206349,0.004504705945949448,8359.681946705427,True
2014-08-22 13:30:00+00:00,0.002053176062629447,5.0,0.0,0.0006349206349206349,0.009630959678226601,8440.193706456945,True
2014-08-25 13:30:00+00:00,-0.0020489691681804256,5.0,0.0,0.0006349206349206349,-0.010879766475822762,8348.366369919984,True
2014-08-26 13:30:00+00:00,-0.0030801162682261296,5.0,0.0,0.0006349206349206349,-0.016035501976051282,8214.496124498333,True
2014-08-27 13:30:00+00:00,-0.002059872884894509,5.0,0.0,0.0006349206349206349,-0.01093428505939318,8124.676482253788,True
2014-08-28 13:30:00+00:00,-0.0010318145656336153,5.0,0.0,0.0006349206349206349,-0.005793993463088711,8077.6021598258985,True
2014-08-29 13:30:00+00:00,0.0,5.0,0.0,0.0006349206349206349,-0.0006349206349206349,8072.473523533945,True
2014-09-02 13:30:00+00:00,0.004132017326365256,5.0,0.0,0.0006349206349206349,0.020025165996905646,8234.126145848339,True
2014-09-03 13:30:00+00:00,0.0010288417290356122,5.0,0.0,0.0006349206349206349,0.004509288010257426,8271.256192152761,True
2014-09-04 13:30:00+00:00,0.004110925684856381,5.0,0.0,0.0006349206349206349,0.019919707789361273,8436.017198551388,True
2014-09-05 13:30:00+00:00,0.0020472231284323072,5.0,0.0,0.0006349206349206349,0.009601195007240902,8517.01304475912,True
2014-09-08 13:30:00+00:00,0.004085730761379747,5.0,0.0,0.0006349206349206349,0.0197937331719781,8685.596528389338,True
2014-09-09 13:30:00+00:00,-0.0020345178509539874,5.0,0.0,0.0006349206349206349,-0.010807509889690571,8591.726858010908,True
2014-09-10 13:30:00+00:00,0.0020386655524124997,5.0,0.0,0.0006349206349206349,0.009558407127141864,8673.850081244977,True
2014-09-11 13:30:00+00:00,0.0010173985054613421,5.0,0.0,0.0006349206349206349,0.004452071892386076,8712.46668539046,True
2014-09-12 13:30:00+00:00,-0.0010163644577809716,5.0,0.0,0.0006349206349206349,-0.005716742923825493,8662.659753117689,True
2014-09-15 13:30:00+00:00,0.002034657430938225,5.0,0.0,0.0006349206349206349,0.00953836651977049,8745.28737687899,True
2014-09-16 13:30:00+00:00,-0.0030458586574485524,5.0,0.0,0.0006349206349206349,-0.015864213922163396,8606.550267121387,True
2014-09-17 13:30:00+00:00,0.0010184346593615778,5.0,0.0,0.0006349206349206349,0.004457252661887254,8644.91183620918,True
2014-09-18 13:30:00+00:00,0.007120952058323304,5.0,0.0,0.0006349206349206349,0.03496983965669589,8947.223016967688,True
2014-09-19 13:30:00+00:00,0.004040473056952987,5.0,0.0,0.0006349206349206349,0.0195674446498443,9122.297308122017,True
2014-09-22 13:30:00+00:00,-0.0030180047087996487,5.0,0.0,0.0006349206349206349,-0.015724944178918877,8978.849692168296,True
2014-09-23 13:30:00+00:00,-0.005045511295530769,5.0,0.0,0.0006349206349206349,-0.02586247711257448,8746.634397507347,True
2014-09-24 13:30:00+00:00,-0.001014094275352595,5.0,0.0,0.0006349206349206349,-0.00570539201168361,8696.73141948669,True
2014-09-25 13:30:00+00:00,-0.0010151933547738468,5.0,0.0,0.0006349206349206349,-0.005710887408789869,8647.065365525517,True
2014-09-26 13:30:00+00:00,0.00203238032026154,5.0,0.0,0.0006349206349206349,0.009526980966387065,8729.445792677985,True
2014-09-29 13:30:00+00:00,-0.003042561136665012,5.0,0.0,0.0006349206349206349,-0.015847726318245693,8591.103924845662,True
2014-09-30 13:30:00+00:00,0.0010173985054613421,5.0,0.0,0.0006349206349206349,0.004452071892386076,8629.352137154036,True
2014-10-01 13:30:00+00:00,0.0010162250196608102,5.0,0.0,0.0006349206349206349,0.004446204463383416,8667.720001142357,True
2014-10-02 13:30:00+00:00,-0.0030458586574485524,5.0,0.0,0.0006349206349206349,-0.015864213922163396,8530.213436826822,True
2014-10-03 13:30:00+00:00,0.004073389332102995,5.0,0.0,0.0006349206349206349,0.01973202602559434,8698.531830366162,True
2014-10-06 13:30:00+00:00,-0.0040568641449730825,5.0,0.0,0.0006349206349206349,-0.020919241359786046,8516.565143530952,True
2014-10-07 13:30:00+00:00,-0.00509161440825856,5.0,0.0,0.0006349206349206349,-0.026092992676213435,8294.342471614304,True
2014-10-08 13:30:00+00:00,0.001023787110702834,5.0,0.0,0.0006349206349206349,0.004484014918593535,8331.534426996946,True
2014-10-09 13:30:00+00:00,-0.00408997811560774,5.0,0.0,0.0006349206349206349,-0.021084811212959333,8155.865596489445,True
2014-10-10 13:30:00+00:00,0.0030798345288005624,5.0,0.0,0.0006349206349206349,0.014764252009082178,8276.28085150822,True
2014-10-13 13:30:00+00:00,-0.003070378271782803,5.0,0.0,0.0006349206349206349,-0.01598681199383465,8143.969505526985,True
2014-10-14 13:30:00+00:00,0.002053176062629447,5.0,0.0,0.0006349206349206349,0.009630959678226601,8222.403747455422,True
2014-10-15 13:30:00+00:00,0.003073875495495537,5.0,0.0,0.0006349206349206349,0.014734456842557052,8343.556400614385,True
2014-10-16 13:30:00+00:00,-0.01021457216642252,5.0,0.0,0.0006349206349206349,-0.05170778146703323,7912.12960959355,True
2014-10-17 13:30:00+00:00,0.003095939285068683,5.0,0.0,0.0006349206349206349,0.01484477579042278,8029.583399672732,True
2014-10-20 13:30:00+00:00,0.0030864546073081645,5.0,0.0,0.0006349206349206349,0.014797352401620188,8148.399974875891,True
2014-10-21 13:30:00+00:00,0.0010256056639101896,5.0,0.0,0.0006349206349206349,0.004493107684630313,8185.011613420447,True
2014-10-22 13:30:00+00:00,0.0,5.0,0.0,0.0006349206349206349,-0.0006349206349206349,8179.814780650022,True
2014-10-23 13:30:00+00:00,0.0,5.0,0.0,0.0006349206349206349,-0.0006349206349206349,8174.621247455959,True
2014-10-24 13:30:00+00:00,0.003073875495495537,5.0,0.0,0.0006349206349206349,0.014734456842557052,8295.06985143085,True
2014-10-27 13:30:00+00:00,-0.0010213450964258186,5.0,0.0,0.0006349206349206349,-0.005741646117049728,8247.442495827725,True
2014-10-28 13:30:00+00:00,-0.0010227400426295885,5.0,0.0,0.0006349206349206349,-0.0057486208480685775,8200.031075952962,True
2014-10-29 13:30:00+00:00,-0.003070378271782803,5.0,0.0,0.0006349206349206349,-0.01598681199383465,8068.938720798101,True
2014-10-30 13:30:00+00:00,0.004106774734397245,5.0,0.0,0.0006349206349206349,0.01989895303706559,8229.502153462223,True
2014-10-31 13:30:00+00:00,-0.0030676589536541288,5.0,0.0,0.0006349206349206349,-0.015973215403191278,8098.050542903945,True
2014-11-03 14:30:00+00:00,-0.0010254649386542969,5.0,0.0,0.0006349206349206349,-0.005762245328192119,8051.387588995633,True
2014-11-04 14:30:00+00:00,0.0030798345288005624,5.0,0.0,0.0006349206349206349,0.014764252009082178,8170.260304382362,True
2014-11-05 14:30:00+00:00,0.001023787110702834,5.0,0.0,0.0006349206349206349,0.004484014918593535,8206.895873476005,True
2014-11-06 14:30:00+00:00,0.0,5.0,0.0,0.0006349206349206349,-0.0006349206349206349,8201.68514593729,True
2014-11-07 14:30:00+00:00,0.0030673783665369214,5.0,0.0,0.0006349206349206349,0.014701971197763973,8322.26608472599,True
2014-11-10 14:30:00+00:00,0.0010191929116649678,5.0,0.0,0.0006349206349206349,0.004461043923404204,8359.392079272211,True
2014-11-11 14:30:00+00:00,0.0020368693187231557,5.0,0.0,0.0006349206349206349,0.009549425958695144,8439.219474992924,True
2014-11-12 14:30:00+00:00,0.0060973501179646394,5.0,0.0,0.0006349206349206349,0.029851829954902563,8691.145619712515,True
2014-11-13 14:30:00+00:00,0.0020203404732785923,5.0,0.0,0.0006349206349206349,0.009466781731472328,8773.422798290776,True
2014-11-14 14:30:00+00:00,-0.0010080297285781636,5.0,0.0,0.0006349206349206349,-0.005675069277811453,8723.633016106945,True
2014-11-17 14:30:00+00:00,-0.003027417539873678,5.0,0.0,0.0006349206349206349,-0.015772008334289024,8586.043803471628,True
2014-11-18 14:30:00+00:00,0.0040487215884532635,5.0,0.0,0.0006349206349206349,0.019608687307345683,8754.404851621077,True
2014-11-19 14:30:00+00:00,-0.00201626692759993,5.0,0.0,0.0006349206349206349,-0.010716255272920285,8660.590414468614,True
2014-11-20 14:30:00+00:00,-0.002020201880209016,5.0,0.0,0.0006349206349206349,-0.010735930035965714,8567.610921708723,True
2014-11-21 14:30:00+00:00,0.003036610628151193,5.0,0.0,0.0006349206349206349,0.01454813250583533,8692.253660656184,True
2014-11-24 14:30:00+00:00,-0.0020180245290600807,5.0,0.0,0.0006349206349206349,-0.010725043280221037,8599.028863942987,True
2014-11-25 14:30:00+00:00,-0.0010114341096563173,5.0,0.0,0.0006349206349206349,-0.0056920911832022214,8550.082407562437,True
2014-11-26 14:30:00+00:00,-0.003036263444095022,5.0,0.0,0.0006349206349206349,-0.015816237855395744,8414.852270521194,True
2014-11-28 14:30:00+00:00,0.005075966773869345,5.0,0.0,0.0006349206349206349,0.02474491323442609,8623.077059835754,True
2014-12-01 14:30:00+00:00,-0.0030301988755112585,5.0,0.0,0.0006349206349206349,-0.015785915012476927,8486.953898223148,True
2014-12-02 14:30:00+00:00,0.007092162595586204,5.0,0.0,0.0006349206349206349,0.03482589234301039,8782.51964100276,True
2014-12-03 14:30:00+00:00,0.0,5.0,0.0,0.0006349206349206349,-0.0006349206349206349,8776.94343805609,True
2014-12-04 14:30:00+00:00,-0.0030180047087996487,5.0,0.0,0.0006349206349206349,-0.015724944178918877,8638.92649243113,True
2014-12-05 14:30:00+00:00,-0.004036395191105213,5.0,0.0,0.0006349206349206349,-0.0208168965904467,8459.09085298572,True
2014-12-08 14:30:00+00:00,0.0010130667891474765,5.0,0.0,0.0006349206349206349,0.004430413310816748,8496.568121698198,True
2014-12-09 14:30:00+00:00,0.0,5.0,0.0,0.0006349206349206349,-0.0006349206349206349,8491.173475271722,True
2014-12-10 14:30:00+00:00,-0.007084846158925684,5.0,0.0,0.0006349206349206349,-0.036059151429549054,8184.9889651123285,True
2014-12-11 14:30:00+00:00,0.0,5.0,0.0,0.0006349206349206349,-0.0006349206349206349,8179.79214672178,True
2014-12-12 14:30:00+00:00,-0.0010195425730180618,5.0,0.0,0.0006349206349206349,-0.005732633500010944,8132.900396238356,True
2014-12-15 14:30:00+00:00,0.0,5.0,0.0,0.0006349206349206349,-0.0006349206349206349,8127.73664995503,True
2014-12-16 14:30:00+00:00,-0.004081562363689728,5.0,0.0,0.0006349206349206349,-0.021042732453369274,7956.706862178582,True
2014-12-17 14:30:00+00:00,0.004098289789048248,5.0,0.0,0.0006349206349206349,0.019856528310320608,8114.699437244354,True
2014-12-18 14:30:00+00:00,0.007142961648294532,5.0,0.0,0.0006349206349206349,0.03507988760655203,8399.362181463837,True
2014-12-19 14:30:00+00:00,0.001827065085388213,5.0,0.0,0.0006349206349206349,0.008500404792020431,8470.760160001068,True
2014-12-22 14:30:00+00:00,0.0,5.0,0.0,0.0006349206349206349,-0.0006349206349206349,8465.38189958202,True
2014-12-23 14:30:00+00:00,0.003039485630418781,5.0,0.0,0.0006349206349206349,0.014562507517173272,8588.659087130425,True
2014-12-24 14:30:00+00:00,0.004040436040332551,5.0,0.0,0.0006349206349206349,0.019567259566742122,8756.715608818566,True
2014-12-26 14:30:00+00:00,0.0,5.0,0.0,0.0006349206349206349,-0.0006349206349206349,8751.155789384395,True
2014-12-29 14:30:00+00:00,-0.0010061647136760943,5.0,0.0,0.0006349206349206349,-0.005665744203301106,8701.573979198505,True
2014-12-30 14:30:00+00:00,-0.00201394243437536,5.0,0.0,0.0006349206349206349,-0.010704632806797433,8608.426824910002,True
2014-12-31 14:30:00+00:00,0.0010091414924306985,5.0,0.0,0.0006349206349206349,0.004410786827232858,8646.396760552514,True
2015-01-02 14:30:00+00:00,0.005040206578472706,5.0,0.0,0.0006349206349206349,0.024566112257442894,8858.805113994638,True
2015-01-05 14:30:00+00:00,-0.007021067254148083,5.0,0.0,0.0006349206349206349,-0.03574025690566105,8542.189143343285,True
2015-01-06 14:30:00+00:00,0.001010160887696454,5.0,0.0,0.0006349206349206349,0.004415883803561635,8579.910458028337,True
2015-01-07 14:30:00+00:00,0.0030272171762459887,5.0,0.0,0.0006349206349206349,0.01450116524630931,8704.329157378743,True
2015-01-08 14:30:00+00:00,0.005030341325792387,5.0,0.0,0.0006349206349206349,0.0245167859940413,8917.731332551892,True
2015-01-09 14:30:00+00:00,-0.004004103496622724,5.0,0.0,0.0006349206349206349,-0.020655438118034254,8733.531684859112,True
2015-01-12 14:30:00+00:00,0.0030149097185707685,5.0,0.0,0.0006349206349206349,0.014439627957933208,8859.640633147299,True
2015-01-13 14:30:00+00:00,-0.0030058473601521918,5.0,0.0,0.0006349206349206349,-0.015664157435681593,8720.861827446119,True
2015-01-14 14:30:00+00:00,-0.00904534855871808,5.0,0.0,0.0006349206349206349,-0.045861663428511036,8320.908597509235,True
2015-01-15 14:30:00+00:00,0.009127913719928715,5.0,0.0,0.0006349206349206349,0.04500464796472294,8695.388159686776,True
2015-01-16 14:30:00+00:00,-0.0030150473636831876,5.0,0.0,0.0006349206349206349,-0.015710157453336572,8558.782242580217,True
2015-01-20 14:30:00+00:00,0.00705652391419731,5.0,0.0,0.0006349206349206349,0.03464769893606592,8855.324352980484,True
2015-01-21 14:30:00+00:00,-0.012012173395901216,5.0,0.0,0.0006349206349206349,-0.06069578761442671,8317.84346679512,True
2015-01-22 14:30:00+00:00,0.009118595652041872,5.0,0.0,0.0006349206349206349,0.044958057625288726,8691.797552693428,True
2015-01-23 14:30:00+00:00,0.00200787598361285,5.0,0.0,0.0006349206349206349,0.009404459283143617,8773.539208875061,True
2015-01-26 14:30:00+00:00,-0.006011831951676427,5.0,0.0,0.0006349206349206349,-0.03069408039330277,8504.243491064055,True
2015-01-27 14:30:00+00:00,-0.00100812415251883,5.0,0.0,0.0006349206349206349,-0.005675541397514785,8455.977305075976,True
2015-01-28 14:30:00+00:00,0.0,5.0,0.0,0.0006349206349206349,-0.0006349206349206349,8450.608430596561,True
2015-01-29 14:30:00+00:00,0.0,5.0,0.0,0.0006349206349206349,-0.0006349206349206349,8445.242964926341,True
2015-01-30 14:30:00+00:00,-0.0060544343524920885,5.0,0.0,0.0006349206349206349,-0.030907092397381077,8184.225060291031,True
2015-02-02 14:30:00+00:00,0.003045448342262169,5.0,0.0,0.0006349206349206349,0.014592321076390212,8303.651900132238,True
2015-02-03 14:30:00+00:00,-0.005060613485196597,5.0,0.0,0.0006349206349206349,-0.025937988060903618,8088.271876284707,True
2015-02-04 14:30:00+00:00,0.0030518539303809877,5.0,0.0,0.0006349206349206349,0.014624349016984305,8206.557587147754,True
2015-02-05 14:30:00+00:00,-0.0010140505837683556,5.0,0.0,0.0006349206349206349,-0.005705173553762413,8159.73775183413,True
2015-02-06 14:30:00+00:00,0.0020303684161020463,5.0,0.0,0.0006349206349206349,0.009516921445589598,8237.393335034949,True
2015-02-09 14:30:00+00:00,0.0010130231160205838,5.0,0.0,0.0006349206349206349,0.004430194945182284,8273.886593349298,True
2015-02-10 14:30:00+00:00,0.003036617607766079,5.0,0.0,0.0006349206349206349,0.01454816740390976,8394.25648059031,True
2015-02-11 14:30:00+00:00,0.0,5.0,0.0,0.0006349206349206349,-0.0006349206349206349,8388.926793935967,True
2015-02-12 14:30:00+00:00,0.002018006583466514,5.0,0.0,0.0006349206349206349,0.009455112282411936,8468.245038701567,True
2015-02-13 14:30:00+00:00,0.0,5.0,0.0,0.0006349206349206349,-0.0006349206349206349,8462.86837518493,True
2015-02-17 14:30:00+00:00,-0.0030210515739321764,5.0,0.0,0.0006349206349206349,-0.015740178504581516,8329.661316298741,True
2015-02-18 14:30:00+00:00,0.0,5.0,0.0,0.0006349206349206349,-0.0006349206349206349,8324.372642447122,True
2015-02-19 14:30:00+00:00,0.0,5.0,0.0,0.0006349206349206349,-0.0006349206349206349,8319.087326483663,True
2015-02-20 14:30:00+00:00,0.001010160887696454,5.0,0.0,0.0006349206349206349,0.004415883803561635,8355.823449469097,True
2015-02-23 14:30:00+00:00,0.0060544343524919775,5.0,0.0,0.0006349206349206349,0.029637251127539253,8603.467087418396,True
2015-02-24 14:30:00+00:00,-0.0030089993869908405,5.0,0.0,0.0006349206349206349,-0.015679917569874836,8468.565432672543,True
2015-02-25 14:30:00+00:00,0.0,5.0,0.0,0.0006349206349206349,-0.0006349206349206349,8463.188565731163,True
2015-02-26 14:30:00+00:00,0.0020121227519573903,5.0,0.0,0.0006349206349206349,0.009425693124866318,8542.959984009623,True
2015-02-27 14:30:00+00:00,-0.0020080822439864088,5.0,0.0,0.0006349206349206349,-0.010675331854852678,8451.761051157593,True
2015-03-02 14:30:00+00:00,0.00402403882851976,5.0,0.0,0.0006349206349206349,0.019485273507678168,8616.445926860943,True
2015-03-03 14:30:00+00:00,-0.002003852496310743,5.0,0.0,0.0006349206349206349,-0.010654183116474349,8524.644734142965,True
2015-03-04 14:30:00+00:00,0.00200787598361285,5.0,0.0,0.0006349206349206349,0.009404459283143617,8604.814408448477,True
2015-03-05 14:30:00+00:00,0.0010022693265856475,5.0,0.0,0.0006349206349206349,0.0043764259980076025,8642.472741933643,True
2015-03-06 14:30:00+00:00,-0.0010012657885980492,5.0,0.0,0.0006349206349206349,-0.005641249577910881,8593.718396226102,True
2015-03-09 13:30:00+00:00,0.0010022693265856475,5.0,0.0,0.0006349206349206349,0.0043764259980076025,8631.328168834903,True
2015-03-10 13:30:00+00:00,0.0010008545066968466,5.0,0.0,0.0006349206349206349,0.004369351898563598,8669.04147895653,True
2015-03-11 13:30:00+00:00,-0.0009998537985165257,5.0,0.0,0.0006349206349206349,-0.005634189627503263,8620.198455375397,True
2015-03-12 13:30:00+00:00,0.0040036922147215215,5.0,0.0,0.0006349206349206349,0.019383540438686973,8787.288420724673,True
2015-03-13 13:30:00+00:00,0.008973204099531396,5.0,0.0,0.0006349206349206349,0.044231099862736344,9175.959852384414,True
2015-03-16 13:30:00+00:00,0.004940801327778299,5.0,0.0,0.0006349206349206349,0.024069086003970862,9396.81681924044,True
2015-03-17 13:30:00+00:00,0.004916442495715323,5.0,0.0,0.0006349206349206349,0.02394729184365598,9621.845134012166,True
2015-03-18 13:30:00+00:00,-0.003913991881083323,5.0,0.0,0.0006349206349206349,-0.02020488004033725,9427.436907312747,True
2015-03-19 13:30:00+00:00,0.003929371408875504,5.0,0.0,0.0006349206349206349,0.019011936409456885,9606.670738298744,True
2015-03-20 13:30:00+00:00,-0.0019571299492341376,5.0,0.0,0.0006349206349206349,-0.010420570381091322,9506.563749742332,True
2015-03-23 13:30:00+00:00,-0.004901916027153952,5.0,0.0,0.0006349206349206349,-0.025144500770690394,9267.525950210318,True
2015-03-24 13:30:00+00:00,0.006896690844619968,5.0,0.0,0.0006349206349206349,0.03384853358817921,9581.218113615336,True
2015-03-25 13:30:00+00:00,-0.004892389344834824,5.0,0.0,0.0006349206349206349,-0.025096867359094756,9340.759553479375,True
2015-03-26 13:30:00+00:00,-0.0058998521956431516,5.0,0.0,0.0006349206349206349,-0.030134181613136392,9059.28340869019,True
2015-03-27 13:30:00+00:00,0.007912952845100296,5.0,0.0,0.0006349206349206349,0.03892984359058085,9411.959894833242,True
2015-03-30 13:30:00+00:00,0.0,5.0,0.0,0.0006349206349206349,-0.0006349206349206349,9405.984047280968,True
2015-03-31 13:30:00+00:00,0.0009813452998814753,5.0,0.0,0.0006349206349206349,0.004271805864486742,9446.164585095412,True
2015-04-01 13:30:00+00:00,-0.004901916027153952,5.0,0.0,0.0006349206349206349,-0.025144500770690394,9208.645492405412,True
2015-04-02 13:30:00+00:00,0.000985280101491126,5.0,0.0,0.0006349206349206349,0.004291479872534996,9248.164209189381,True
2015-04-06 13:30:00+00:00,0.0,5.0,0.0,0.0006349206349206349,-0.0006349206349206349,9242.292358897832,True
2015-04-07 13:30:00+00:00,0.004921281800605692,5.0,0.0,0.0006349206349206349,0.023971488368107828,9463.843862673803,True
2015-04-08 13:30:00+00:00,0.0,5.0,0.0,0.0006349206349206349,-0.0006349206349206349,9457.835072919725,True
2015-04-09 13:30:00+00:00,0.001958711588437634,5.0,0.0,0.0006349206349206349,0.009158637307267535,9544.455954064551,True
2015-04-10 13:30:00+00:00,0.0029327923780733123,5.0,0.0,0.0006349206349206349,0.014029041255445927,9678.35552040491,True
2015-04-13 13:30:00+00:00,0.0009745830190288629,5.0,0.0,0.0006349206349206349,0.00423799446022368,9719.372337484461,True
2015-04-14 13:30:00+00:00,-0.0058422715373710465,5.0,0.0,0.0006349206349206349,-0.029846278321775867,9429.28524558693,True
2015-04-15 13:30:00+00:00,-0.004897181390952188,5.0,0.0,0.0006349206349206349,-0.025120827589681573,9192.413796638613,True
2015-04-16 13:30:00+00:00,-0.0009843102801584402,5.0,0.0,0.0006349206349206349,-0.005556472035712836,9141.336406436889,True
2015-04-17 13:30:00+00:00,-0.005911275810219885,5.0,0.0,0.0006349206349206349,-0.030191299686020058,8865.347579459427,True
2015-04-20 13:30:00+00:00,0.0009911389974714968,5.0,0.0,0.0006349206349206349,0.004320774352436849,8903.652745906194,True
2015-04-21 13:30:00+00:00,0.004950381265599546,5.0,0.0,0.0006349206349206349,0.024116985693077096,9118.382011795342,True
2015-04-22 13:30:00+00:00,-0.0009851451685821688,5.0,0.0,0.0006349206349206349,-0.005560646477831479,9067.67791297793,True
2015-04-23 13:30:00+00:00,-0.0009861166366224028,5.0,0.0,0.0006349206349206349,-0.005565503818032649,9017.211716932561,True
2015-04-24 13:30:00+00:00,0.00493572051115887,5.0,0.0,0.0006349206349206349,0.024043681920873715,9234.018687267664,True
2015-04-27 13:30:00+00:00,0.001964551169175266,5.0,0.0,0.0006349206349206349,0.009187835210955696,9318.859329301165,True
2015-04-28 13:30:00+00:00,-0.00588223209684513,5.0,0.0,0.0006349206349206349,-0.030046081119146285,9038.864125955068,True
2015-04-29 13:30:00+00:00,-0.007889608422821826,5.0,0.0,0.0006349206349206349,-0.04008296274902976,8676.55967190087,True
2015-04-30 13:30:00+00:00,0.0,5.0,0.0,0.0006349206349206349,-0.0006349206349206349,8671.05074512506,True
2015-05-01 13:30:00+00:00,0.002982148021956288,5.0,0.0,0.0006349206349206349,0.014275819474860806,8794.837100219824,True
2015-05-04 13:30:00+00:00,0.003964420254608081,5.0,0.0,0.0006349206349206349,0.01918718063811977,8963.58522834458,True
2015-05-05 13:30:00+00:00,-0.00394876568793423,5.0,0.0,0.0006349206349206349,-0.020378749074591786,8780.918574167428,True
2015-05-06 13:30:00+00:00,0.002973213389497964,5.0,0.0,0.0006349206349206349,0.014231146312569186,8905.881111155162,True
2015-05-07 13:30:00+00:00,-0.000988200865426836,5.0,0.0,0.0006349206349206349,-0.005575924962054815,8856.222586358379,True
2015-05-08 13:30:00+00:00,-0.001978153544542338,5.0,0.0,0.0006349206349206349,-0.010525688357632325,8763.004747388546,True
2015-05-11 13:30:00+00:00,-0.0009910711298326547,5.0,0.0,0.0006349206349206349,-0.005590276284083908,8714.017129771904,True
2015-05-12 13:30:00+00:00,0.001984176587436437,5.0,0.0,0.0006349206349206349,0.009285962302261551,8794.935164340228,True
2015-05-13 13:30:00+00:00,0.0,5.0,0.0,0.0006349206349206349,-0.0006349206349206349,8789.351078521599,True
2015-05-14 13:30:00+00:00,0.0,5.0,0.0,0.0006349206349206349,-0.0006349206349206349,8783.770538154284,True
2015-05-15 13:30:00+00:00,-0.0019802474268546533,5.0,0.0,0.0006349206349206349,-0.0105361577691939,8691.223345955892,True
2015-05-18 13:30:00+00:00,-0.001984176587436326,5.0,0.0,0.0006349206349206349,-0.010555803572102264,8599.480499514711,True
2015-05-19 13:30:00+00:00,0.003976242742628644,5.0,0.0,0.0006349206349206349,0.019246293078222586,8764.988621528833,True
2015-05-20 13:30:00+00:00,0.0,5.0,0.0,0.0006349206349206349,-0.0006349206349206349,8759.42354938818,True
2015-05-21 13:30:00+00:00,-0.000990157613646958,5.0,0.0,0.0006349206349206349,-0.005585708703155425,8710.495961033737,True
2015-05-22 13:30:00+00:00,0.0009911389974714968,5.0,0.0,0.0006349206349206349,0.004320774352436849,8748.132048579178,True
2015-05-26 13:30:00+00:00,0.004950381265599546,5.0,0.0,0.0006349206349206349,0.024116985693077096,8959.110624035911,True
2015-05-27 13:30:00+00:00,-0.0019702903371642266,5.0,0.0,0.0006349206349206349,-0.010486372320741767,8865.162054369559,True
2015-05-28 13:30:00+00:00,0.0019741800450308045,5.0,0.0,0.0006349206349206349,0.009235979590233388,8947.040510167828,True
2015-05-29 13:30:00+00:00,-0.004925995708728648,5.0,0.0,0.0006349206349206349,-0.025264899178563872,8720.994433731912,True
2015-06-01 13:30:00+00:00,-0.0019802474268546533,5.0,0.0,0.0006349206349206349,-0.0105361577691939,8629.10866047385,True
2015-06-02 13:30:00+00:00,-0.004960475436074585,5.0,0.0,0.0006349206349206349,-0.02543729781529356,8409.607453596847,True
2015-06-03 13:30:00+00:00,0.003988136226660721,5.0,0.0,0.0006349206349206349,0.019305760498382972,8571.961320981407,True
2015-06-04 13:30:00+00:00,0.003972158171485329,5.0,0.0,0.0006349206349206349,0.019225870222506013,8736.764736890937,True
2015-06-05 13:30:00+00:00,-0.005934663833785492,5.0,0.0,0.0006349206349206349,-0.030308239803848093,8471.968776135442,True
2015-06-08 13:30:00+00:00,0.0009950157227882617,5.0,0.0,0.0006349206349206349,0.004340157979020673,8508.7384590172,True
2015-06-09 13:30:00+00:00,-0.010934293157062847,5.0,0.0,0.0006349206349206349,-0.05530638642023487,8038.1508818540815,True
2015-06-10 13:30:00+00:00,0.002009962753232619,5.0,0.0,0.0006349206349206349,0.009414893131242462,8113.829213379541,True
2015-06-11 13:30:00+00:00,0.010030066641139035,5.0,0.0,0.0006349206349206349,0.04951541257077454,8515.588814408831,True
2015-06-12 13:30:00+00:00,0.0,5.0,0.0,0.0006349206349206349,-0.0006349206349206349,8510.182091352064,True
2015-06-15 13:30:00+00:00,0.0,5.0,0.0,0.0006349206349206349,-0.0006349206349206349,8504.778801135333,True
2015-06-16 13:30:00+00:00,-0.0019860790857426647,5.0,0.0,0.0006349206349206349,-0.010565316063633957,8414.923125050045,True
2015-06-17 13:30:00+00:00,-0.004975078613941641,5.0,0.0,0.0006349206349206349,-0.02551031370462884,8200.255796329682,True
2015-06-18 13:30:00+00:00,-0.004999953777048538,5.0,0.0,0.0006349206349206349,-0.025634689520163324,7990.04478500485,True
2015-06-19 13:30:00+00:00,0.006030094727366375,5.0,0.0,0.0006349206349206349,0.029515553001911242,8225.875375344307,True
2015-06-22 13:30:00+00:00,-0.0019978467256698274,5.0,0.0,0.0006349206349206349,-0.01062415426326977,8138.482406406217,True
2015-06-23 13:30:00+00:00,0.00300276916104103,5.0,0.0,0.0006349206349206349,0.014378925170284516,8255.50503592761,True
2015-06-24 13:30:00+00:00,-0.0019959213632269046,5.0,0.0,0.0006349206349206349,-0.010614527451055157,8167.876751101431,True
2015-06-25 13:30:00+00:00,-0.003999963021638853,5.0,0.0,0.0006349206349206349,-0.020634735743114897,7999.334772760121,True
2015-06-26 13:30:00+00:00,-0.0030122264961663925,5.0,0.0,0.0006349206349206349,-0.015696053115752596,7873.776789276192,True
2015-06-29 13:30:00+00:00,-0.0010068332948185432,5.0,0.0,0.0006349206349206349,-0.005669087109013351,7829.139662780858,True
2015-06-30 13:30:00+00:00,-0.003024165365495768,5.0,0.0,0.0006349206349206349,-0.015755747462399473,7705.7857154062285,True
2015-07-01 13:30:00+00:00,0.0010109744142670074,5.0,0.0,0.0006349206349206349,0.004419951436414402,7739.84491404774,True
2015-07-02 13:30:00+00:00,0.006060688645574519,5.0,0.0,0.0006349206349206349,0.02966852259295196,7969.4746777461105,True
2015-07-06 13:30:00+00:00,0.00602397171812763,5.0,0.0,0.0006349206349206349,0.029484937955717515,8204.454144159117,True
2015-07-07 13:30:00+00:00,0.00798416384529066,5.0,0.0,0.0006349206349206349,0.03928589859153266,8526.773497665434,True
2015-07-08 13:30:00+00:00,-0.009901033732955922,5.0,0.0,0.0006349206349206349,-0.05014008929970024,8099.24031305417,True
2015-07-09 13:30:00+00:00,-0.0070001407232077595,5.0,0.0,0.0006349206349206349,-0.03563562425095943,7810.6188285399485,True
2015-07-10 13:30:00+00:00,-0.00402795382993526,5.0,0.0,0.0006349206349206349,-0.020774689784596935,7648.355645351299,True
2015-07-13 13:30:00+00:00,-0.001011389854749578,5.0,0.0,0.0006349206349206349,-0.005691869908668525,7604.822200002729,True
2015-07-14 13:30:00+00:00,0.004048823477021513,5.0,0.0,0.0006349206349206349,0.01960919675018693,7753.946654772772,True
2015-07-15 13:30:00+00:00,0.005040206578472706,5.0,0.0,0.0006349206349206349,0.024566112257442894,7944.4309787321445,True
2015-07-16 13:30:00+00:00,0.0,5.0,0.0,0.0006349206349206349,-0.0006349206349206349,7939.386895571044,True
2015-07-17 13:30:00+00:00,0.0,5.0,0.0,0.0006349206349206349,-0.0006349206349206349,7934.346015002428,True
2015-07-20 13:30:00+00:00,0.0,5.0,0.0,0.0006349206349206349,-0.0006349206349206349,7929.308334992903,True
2015-07-21 13:30:00+00:00,0.0010029311111607875,5.0,0.0,0.0006349206349206349,0.0043797349208833025,7964.036603606123,True
2015-07-22 13:30:00+00:00,-0.001001926248155316,5.0,0.0,0.0006349206349206349,-0.005644551875697215,7919.083185857116,True
2015-07-23 13:30:00+00:00,0.004012067867157354,5.0,0.0,0.0006349206349206349,0.019425418700866136,8072.9146924693805,True
2015-07-24 13:30:00+00:00,0.0019978467256698274,5.0,0.0,0.0006349206349206349,0.009354312993428503,8148.4312632719875,True
2015-07-27 13:30:00+00:00,0.0019941363869673268,5.0,0.0,0.0006349206349206349,0.009335761299916,8224.50307251467,True
2015-07-28 13:30:00+00:00,-0.00398006289115338,5.0,0.0,0.0006349206349206349,-0.020535235090687533,8055.6109684164985,True
2015-07-29 13:30:00+00:00,0.0,5.0,0.0,0.0006349206349206349,-0.0006349206349206349,8050.496294785758,True
2015-07-30 13:30:00+00:00,0.0019978467256698274,5.0,0.0,0.0006349206349206349,0.009354312993428503,8125.803156879622,True
2015-07-31 13:30:00+00:00,0.006979272533474967,5.0,0.0,0.0006349206349206349,0.0342614420324542,8404.204890706187,True
2015-08-03 13:30:00+00:00,0.004950381265599546,5.0,0.0,0.0006349206349206349,0.024116985693077096,8606.888979817038,True
2015-08-04 13:30:00+00:00,-0.007881768546747603,5.0,0.0,0.0006349206349206349,-0.04004376336865865,8262.236754168927,True
2015-08-05 13:30:00+00:00,-0.0009930395428713323,5.0,0.0,0.0006349206349206349,-0.005600118349277297,8215.967250515832,True
2015-08-06 13:30:00+00:00,0.003976242742628644,5.0,0.0,0.0006349206349206349,0.019246293078222586,8374.09416414034,True
2015-08-07 13:30:00+00:00,-0.0019802474268546533,5.0,0.0,0.0006349206349206349,-0.0105361577691939,8285.86338685287,True
2015-08-10 13:30:00+00:00,-0.006944448218609289,5.0,0.0,0.0006349206349206349,-0.03535716172796708,7992.898775028072,True
2015-08-11 13:30:00+00:00,0.00899106277592332,5.0,0.0,0.0006349206349206349,0.044320393244695964,8347.147191902366,True
2015-08-12 13:30:00+00:00,-0.0039604948537094176,5.0,0.0,0.0006349206349206349,-0.020437394903467722,8176.553248424086,True
2015-08-13 13:30:00+00:00,0.001988121371314433,5.0,0.0,0.0006349206349206349,0.009305686221651531,8252.641687328545,True
2015-08-14 13:30:00+00:00,-0.001984176587436326,5.0,0.0,0.0006349206349206349,-0.010555803572102264,8165.528422726163,True
2015-08-17 13:30:00+00:00,0.004970133253210385,5.0,0.0,0.0006349206349206349,0.02421574563113129,8363.262781954672,True
2015-08-18 13:30:00+00:00,-0.0029672641835065683,5.0,0.0,0.0006349206349206349,-0.015471241552453475,8233.872723288408,True
2015-08-19 13:30:00+00:00,0.007936502544843904,5.0,0.0,0.0006349206349206349,0.03904759208929889,8555.385626702579,True
2015-08-20 13:30:00+00:00,-0.006889767560829374,5.0,0.0,0.0006349206349206349,-0.035083758439067504,8255.230544022275,True
2015-08-21 13:30:00+00:00,-0.0009910711298326547,5.0,0.0,0.0006349206349206349,-0.005590276284083908,8209.081524492382,True
2015-08-24 13:30:00+00:00,0.003968217304938237,5.0,0.0,0.0006349206349206349,0.019206165889770553,8366.746506054435,True
2015-08-25 13:30:00+00:00,-0.00889340179012954,5.0,0.0,0.0006349206349206349,-0.045101929585568336,7989.390094278067,True
2015-08-26 13:30:00+00:00,0.009970340566652025,5.0,0.0,0.0006349206349206349,0.04921678219833949,8382.602166445722,True
2015-08-27 13:30:00+00:00,-0.0029615404661279543,5.0,0.0,0.0006349206349206349,-0.015442622965560406,8253.152801719012,True
2015-08-28 13:30:00+00:00,0.0,5.0,0.0,0.0006349206349206349,-0.0006349206349206349,8247.912704702047,True
2015-08-31 13:30:00+00:00,-0.007920921906979572,5.0,0.0,0.0006349206349206349,-0.040239530169818495,7916.02057258316,True
2015-09-01 13:30:00+00:00,0.0,5.0,0.0,0.0006349206349206349,-0.0006349206349206349,7910.99452777517,True
2015-09-02 13:30:00+00:00,0.002994052899262911,5.0,0.0,0.0006349206349206349,0.014335343861393922,8024.401354616434,True
2015-09-03 13:30:00+00:00,0.0009950157227882617,5.0,0.0,0.0006349206349206349,0.004340157979020673,8059.2285241825375,True
2015-09-04 13:30:00+00:00,0.003976242742628644,5.0,0.0,0.0006349206349206349,0.019246293078222586,8214.338798343328,True
2015-09-08 13:30:00+00:00,-0.004950584666917113,5.0,0.0,0.0006349206349206349,-0.025387843969506198,8005.794446618325,True
2015-09-09 13:30:00+00:00,0.004975214889463508,5.0,0.0,0.0006349206349206349,0.024241153812396908,8199.864141189233,True
2015-09-10 13:30:00+00:00,-0.006930899894211029,5.0,0.0,0.0006349206349206349,-0.03528942010597578,7910.49569069888,True
2015-09-11 13:30:00+00:00,0.005982204339991304,5.0,0.0,0.0006349206349206349,0.029276101065035885,8142.084162014311,True
2015-09-14 13:30:00+00:00,-0.002973281257136695,5.0,0.0,0.0006349206349206349,-0.01550132692060411,8015.871053603854,True
2015-09-15 13:30:00+00:00,-0.006958050414434203,5.0,0.0,0.0006349206349206349,-0.03542517270709165,7731.907437132161,True
2015-09-16 13:30:00+00:00,0.0,5.0,0.0,0.0006349206349206349,-0.0006349206349206349,7726.99828955303,True
2015-09-17 13:30:00+00:00,0.011010907607303055,5.0,0.0,0.0006349206349206349,0.05441961740159464,8147.498580133282,True
2015-09-18 13:30:00+00:00,0.0029703372400624595,5.0,0.0,0.0006349206349206349,0.014216765565391663,8263.3296573914,True
2015-09-21 13:30:00+00:00,-0.007897463776223024,5.0,0.0,0.0006349206349206349,-0.04012223951603575,7931.78636567758,True
2015-09-22 13:30:00+00:00,0.008955277780616777,5.0,0.0,0.0006349206349206349,0.04414146826816325,8281.907061847987,True
2015-09-23 13:30:00+00:00,-0.003944736678426652,5.0,0.0,0.0006349206349206349,-0.020358604027053896,8113.298995386963,True
2015-09-24 13:30:00+00:00,0.0009899542123295024,5.0,0.0,0.0006349206349206349,0.004314850426726877,8148.306667019371,True
2015-09-25 13:30:00+00:00,-0.004945553194821262,5.0,0.0,0.0006349206349206349,-0.025362686609026942,7941.643718629514,True
2015-09-28 13:30:00+00:00,0.009940402646481106,5.0,0.0,0.0006349206349206349,0.049067092597484895,8331.317086347744,True
2015-09-29 13:30:00+00:00,-0.006889767560829374,5.0,0.0,0.0006349206349206349,-0.035083758439067504,8039.023170211044,True
2015-09-30 13:30:00+00:00,0.0009911389974714968,5.0,0.0,0.0006349206349206349,0.004320774352436849,8073.757975343538,True
2015-10-01 13:30:00+00:00,0.0,5.0,0.0,0.0006349206349206349,-0.0006349206349206349,8068.631779803638,True
2015-10-02 13:30:00+00:00,0.0029703372400624595,5.0,0.0,0.0006349206349206349,0.014216765565391663,8183.341626250575,True
2015-10-05 13:30:00+00:00,-0.0049359233100950695,5.0,0.0,0.0006349206349206349,-0.02531453718539598,7976.184120352057,True
2015-10-06 13:30:00+00:00,-0.0009921222612018221,5.0,0.0,0.0006349206349206349,-0.0055955319409297455,7931.55312733989,True
2015-10-07 13:30:00+00:00,-0.0009930395428713323,5.0,0.0,0.0006349206349206349,-0.005600118349277297,7887.1354911332055,True
2015-10-08 13:30:00+00:00,-0.002982216091986567,5.0,0.0,0.0006349206349206349,-0.015546001094853469,7764.522074152791,True
2015-10-09 13:30:00+00:00,0.0019941363869673268,5.0,0.0,0.0006349206349206349,0.009335761299916,7837.009798845011,True
2015-10-12 13:30:00+00:00,0.004975214889463508,5.0,0.0,0.0006349206349206349,0.024241153812396908,8026.987958808075,True
2015-10-13 13:30:00+00:00,0.0,5.0,0.0,0.0006349206349206349,-0.0006349206349206349,8021.891458516768,True
2015-10-14 13:30:00+00:00,0.0019801118259763495,5.0,0.0,0.0006349206349206349,0.009265638494961113,8096.2194048172005,True
2015-10-15 13:30:00+00:00,-0.003952532795899355,5.0,0.0,0.0006349206349206349,-0.02039758461441741,7931.076084450553,True
2015-10-16 13:30:00+00:00,0.0009920543262345038,5.0,0.0,0.0006349206349206349,0.004325350996251884,7965.380772293782,True
2015-10-19 13:30:00+00:00,0.0,5.0,0.0,0.0006349206349206349,-0.0006349206349206349,7960.3233876764525,True
2015-10-20 13:30:00+00:00,-0.00396435238696935,5.0,0.0,0.0006349206349206349,-0.020456682569767383,7797.48157898206,True
2015-10-21 13:30:00+00:00,0.006965178197279265,5.0,0.0,0.0006349206349206349,0.03419097035147569,8064.085040465213,True
2015-10-22 13:30:00+00:00,-0.0029643995969245163,5.0,0.0,0.0006349206349206349,-0.015456918619543215,7939.439134253666,True
2015-10-23 13:30:00+00:00,-0.002973281257136695,5.0,0.0,0.0006349206349206349,-0.01550132692060411,7816.367292667363,True
2015-10-26 13:30:00+00:00,0.003976242742628644,5.0,0.0,0.0006349206349206349,0.019246293078222586,7966.803388389072,True
2015-10-27 13:30:00+00:00,0.003960359252831003,5.0,0.0,0.0006349206349206349,0.01916687562923438,8119.50211809689,True
2015-10-28 13:30:00+00:00,-0.0059171725506242945,5.0,0.0,0.0006349206349206349,-0.030220783388042106,7874.124403367135,True
2015-10-29 13:30:00+00:00,-0.009920747067247437,5.0,0.0,0.0006349206349206349,-0.05023865597115782,7478.538976392274,True
2015-10-30 13:30:00+00:00,0.0030061218228965014,5.0,0.0,0.0006349206349206349,0.014395688479561873,7586.197693778679,True
2015-11-02 14:30:00+00:00,-0.005993950637232626,5.0,0.0,0.0006349206349206349,-0.030604673821083762,7354.024587818324,True
2015-11-03 14:30:00+00:00,-0.0030150473636831876,5.0,0.0,0.0006349206349206349,-0.015710157453336572,7238.491703627989,True
2015-11-04 14:30:00+00:00,0.003024165365495657,5.0,0.0,0.0006349206349206349,0.01448590619255765,7343.347815422352,True
2015-11-05 14:30:00+00:00,0.005025078939471905,5.0,0.0,0.0006349206349206349,0.024490474062438893,7523.189884627422,True
2015-11-06 14:30:00+00:00,-0.0020001184677125305,5.0,0.0,0.0006349206349206349,-0.010635512973483287,7443.176901007488,True
2015-11-09 14:30:00+00:00,0.004008048071051817,5.0,0.0,0.0006349206349206349,0.019405319720338453,7587.614128506577,True
2015-11-10 14:30:00+00:00,0.0,5.0,0.0,0.0006349206349206349,-0.0006349206349206349,7582.796595726572,True
2015-11-11 14:30:00+00:00,0.0009979265107289415,5.0,0.0,0.0006349206349206349,0.004354711918724072,7615.817490439244,True
2015-11-12 14:30:00+00:00,0.002991136306814024,5.0,0.0,0.0006349206349206349,0.014320760899149486,7724.881791771385,True
2015-11-13 14:30:00+00:00,0.000994026650642077,5.0,0.0,0.0006349206349206349,0.00433521261828975,7758.37079678987,True
2015-11-16 14:30:00+00:00,-0.002979118628613997,5.0,0.0,0.0006349206349206349,-0.015530513777990619,7637.879312235565,True
2015-11-17 14:30:00+00:00,0.00597617700233144,5.0,0.0,0.0006349206349206349,0.029245964376736565,7861.25645851502,True
2015-11-18 14:30:00+00:00,-0.0029704050405016114,5.0,0.0,0.0006349206349206349,-0.01548694583742869,7739.509605527861,True
2015-11-19 14:30:00+00:00,0.0029792546334819203,5.0,0.0,0.0006349206349206349,0.014261352532488968,7849.885480440879,True
2015-11-20 14:30:00+00:00,0.0,5.0,0.0,0.0006349206349206349,-0.0006349206349206349,7844.901426167583,True
2015-11-23 14:30:00+00:00,0.0009899542123295024,5.0,0.0,0.0006349206349206349,0.004314850426726877,7878.7510024339135,True
2015-11-24 14:30:00+00:00,-0.0029672641835065683,5.0,0.0,0.0006349206349206349,-0.015471241552453475,7756.856942543623,True
2015-11-25 14:30:00+00:00,-0.001984176587436326,5.0,0.0,0.0006349206349206349,-0.010555803572102264,7674.977084321235,True
2015-11-27 14:30:00+00:00,0.001988121371314433,5.0,0.0,0.0006349206349206349,0.009305686221651531,7746.398012826296,True
2015-11-30 14:30:00+00:00,0.0,5.0,0.0,0.0006349206349206349,-0.0006349206349206349,7741.479664881645,True
2015-12-01 14:30:00+00:00,-0.0009921222612018221,5.0,0.0,0.0006349206349206349,-0.0055955319409297455,7698.161968146741,True
2015-12-02 14:30:00+00:00,-0.0019860790857426647,5.0,0.0,0.0006349206349206349,-0.010565316063633957,7616.828453844223,True
2015-12-03 14:30:00+00:00,-0.004975078613941641,5.0,0.0,0.0006349206349206349,-0.02551031370462884,7422.520770552314,True
2015-12-04 14:30:00+00:00,0.0009999907554096854,5.0,0.0,0.0006349206349206349,0.004365033142127792,7454.920319713908,True
2015-12-07 14:30:00+00:00,0.005993950637232626,5.0,0.0,0.0006349206349206349,0.029334832551242494,7673.6091589755715,True
2015-12-08 14:30:00+00:00,-0.004965265716790568,5.0,0.0,0.0006349206349206349,-0.025461249218873473,7478.229483770664,True
2015-12-09 14:30:00+00:00,0.0009979265107289415,5.0,0.0,0.0006349206349206349,0.004354711918724072,7510.795018834595,True
2015-12-10 14:30:00+00:00,-0.00598193124544355,5.0,0.0,0.0006349206349206349,-0.030544576862138385,7281.380963086036,True
2015-12-11 14:30:00+00:00,0.006017930089478707,5.0,0.0,0.0006349206349206349,0.0294547298124729,7495.85207201542,True
2015-12-14 14:30:00+00:00,-0.00598193124544355,5.0,0.0,0.0006349206349206349,-0.030544576862138385,7266.8944422545255,True
2015-12-15 14:30:00+00:00,-0.002005930906824327,5.0,0.0,0.0006349206349206349,-0.010664575169042269,7189.396100229607,True
2015-12-16 14:30:00+00:00,0.002009962753232619,5.0,0.0,0.0006349206349206349,0.009414893131242462,7257.083496191441,True
2015-12-17 14:30:00+00:00,0.006017930089478707,5.0,0.0,0.0006349206349206349,0.0294547298124729,7470.838929798317,True
2015-12-18 14:30:00+00:00,0.0,5.0,0.0,0.0006349206349206349,-0.0006349206349206349,7466.095540001619,True
2015-12-21 14:30:00+00:00,-0.00010480003266211124,5.0,0.0,0.0006349206349206349,-0.0011589207982311911,7457.44292659873,True
2015-12-22 14:30:00+00:00,-0.0010504317155541898,5.0,0.0,0.0006349206349206349,-0.005887079212691584,7413.540369365716,True
2015-12-23 14:30:00+00:00,-0.0010514679300230867,5.0,0.0,0.0006349206349206349,-0.005892260285036068,7369.857859875791,True
2015-12-24 14:30:00+00:00,0.0010525746785414736,5.0,0.0,0.0006349206349206349,0.004627952757786733,7403.965213882901,True
2015-12-28 14:30:00+00:00,0.0010515362826155616,5.0,0.0,0.0006349206349206349,0.004622760778157173,7438.191973876479,True
2015-12-29 14:30:00+00:00,-0.006302522012532674,5.0,0.0,0.0006349206349206349,-0.032147530697584005,7199.072469061762,True
2015-12-30 14:30:00+00:00,0.007399521091857819,5.0,0.0,0.0006349206349206349,0.03636268482436846,7460.850072282043,True
2015-12-31 14:30:00+00:00,0.002098659076352538,5.0,0.0,0.0006349206349206349,0.009858374746842057,7534.401928224604,True
2016-01-04 14:30:00+00:00,0.0020941958640465774,5.0,0.0,0.0006349206349206349,0.009836058685312253,7608.510747749351,True
2016-01-05 14:30:00+00:00,0.0,5.0,0.0,0.0006349206349206349,-0.0006349206349206349,7603.679947274589,True
2016-01-06 14:30:00+00:00,0.004179774594026409,5.0,0.0,0.0006349206349206349,0.02026395233521141,7757.760555298364,True
2016-01-07 14:30:00+00:00,0.0010405941993096857,5.0,0.0,0.0006349206349206349,0.004568050361627793,7793.198396208417,True
2016-01-08 14:30:00+00:00,0.003118469894916931,5.0,0.0,0.0006349206349206349,0.01495742883966402,7909.764606653089,True
2016-01-11 14:30:00+00:00,-0.0010362135169718067,5.0,0.0,0.0006349206349206349,-0.005815988219779669,7863.761508879565,True
2016-01-12 14:30:00+00:00,0.007261423169352632,5.0,0.0,0.0006349206349206349,0.035672195211842526,8144.279144523691,True
2016-01-13 14:30:00+00:00,0.0020595540143395485,5.0,0.0,0.0006349206349206349,0.009662849436777109,8222.976087668309,True
2016-01-14 14:30:00+00:00,-0.007194124447630457,5.0,0.0,0.0006349206349206349,-0.03660554287307292,7921.969583946911,True
2016-01-15 14:30:00+00:00,0.008281597601202728,5.0,0.0,0.0006349206349206349,0.04077306737109301,8244.972583504928,True
2016-01-19 14:30:00+00:00,0.0010266386124635485,5.0,0.0,0.0006349206349206349,0.0044982724273971075,8282.060716341955,True
2016-01-20 14:30:00+00:00,0.006153714249674369,5.0,0.0,0.0006349206349206349,0.03013365061345121,8531.629440327595,True
2016-01-21 14:30:00+00:00,-0.0010192468824410383,5.0,0.0,0.0006349206349206349,-0.005731155047125827,8482.733349200455,True
2016-01-22 14:30:00+00:00,-0.007142936264974198,5.0,0.0,0.0006349206349206349,-0.03634960195979162,8174.389368425967,True
2016-01-25 14:30:00+00:00,0.00411104278227592,5.0,0.0,0.0006349206349206349,0.019920293276458965,8337.22560200098,True
2016-01-26 14:30:00+00:00,-0.0010233532253257627,5.0,0.0,0.0006349206349206349,-0.005751686761549448,8289.272491877902,True
2016-01-27 14:30:00+00:00,-0.002049269312177082,5.0,0.0,0.0006349206349206349,-0.010881267195806045,8199.074703034934,True
2016-01-28 14:30:00+00:00,-0.0030800493144252927,5.0,0.0,0.0006349206349206349,-0.016035167207047098,8067.6011692286975,True
2016-01-29 14:30:00+00:00,-0.008238885504461835,5.0,0.0,0.0006349206349206349,-0.04182934815722981,7730.138671127355,True
2016-02-01 14:30:00+00:00,0.0,5.0,0.0,0.0006349206349206349,-0.0006349206349206349,7725.2306465742595,True
2016-02-02 14:30:00+00:00,0.005192029770571427,5.0,0.0,0.0006349206349206349,0.0253252282179365,7920.87387573495,True
2016-02-03 14:30:00+00:00,-0.00826455382610325,5.0,0.0,0.0006349206349206349,-0.04195768976543688,7588.53230698571,True
2016-02-04 14:30:00+00:00,0.004166780648185986,5.0,0.0,0.0006349206349206349,0.020198982606009296,7741.812939059655,True
2016-02-05 14:30:00+00:00,-0.0031120674000757464,5.0,0.0,0.0006349206349206349,-0.016195257635299366,7616.432283947289,True
2016-02-08 14:30:00+00:00,0.0020812560399479096,5.0,0.0,0.0006349206349206349,0.009771359564818914,7690.855182394834,True
2016-02-09 14:30:00+00:00,-0.004153664316962402,5.0,0.0,0.0006349206349206349,-0.021403242219732645,7526.24594604915,True
2016-02-10 14:30:00+00:00,0.00834197841198736,5.0,0.0,0.0006349206349206349,0.04107497142501617,7835.386283220763,True
2016-02-11 14:30:00+00:00,0.002068140545631314,5.0,0.0,0.0006349206349206349,0.009705782093235936,7911.434835102034,True
2016-02-12 14:30:00+00:00,-0.005159881668466815,5.0,0.0,0.0006349206349206349,-0.026434328977254708,7702.301363988835,True
2016-02-16 14:30:00+00:00,0.0031120674000757464,5.0,0.0,0.0006349206349206349,0.014925416365458098,7817.261418818605,True
2016-02-17 14:30:00+00:00,-0.004136482756140425,5.0,0.0,0.0006349206349206349,-0.02131733441562276,7650.618242939303,True
2016-02-18 14:30:00+00:00,0.0031151638616691013,5.0,0.0,0.0006349206349206349,0.014940898673424872,7764.925354896116,True
2016-02-19 14:30:00+00:00,-0.0010352081115526657,5.0,0.0,0.0006349206349206349,-0.005810961192683963,7719.803674994728,True
2016-02-22 14:30:00+00:00,0.0010362808779234012,5.0,0.0,0.0006349206349206349,0.004546483754696371,7754.9016369925375,True
2016-02-23 14:30:00+00:00,0.0020704162231053314,5.0,0.0,0.0006349206349206349,0.009717160480606023,7830.257260710509,True
2016-02-24 14:30:00+00:00,-0.0010330020760769276,5.0,0.0,0.0006349206349206349,-0.005799931015305273,7784.842308766294,True
2016-02-25 14:30:00+00:00,0.004136482756140536,5.0,0.0,0.0006349206349206349,0.020047493145782046,7940.908881592281,True
2016-02-26 14:30:00+00:00,-0.0010300782583664292,5.0,0.0,0.0006349206349206349,-0.005785311926752781,7894.968246730348,True
2016-02-29 14:30:00+00:00,0.0,5.0,0.0,0.0006349206349206349,-0.0006349206349206349,7889.955568478456,True
2016-03-01 14:30:00+00:00,-0.004123556448655141,5.0,0.0,0.0006349206349206349,-0.02125270287819634,7722.272687059412,True
2016-03-02 14:30:00+00:00,0.0020704162231053314,5.0,0.0,0.0006349206349206349,0.009717160480606023,7797.311250034571,True
2016-03-03 14:30:00+00:00,0.0,5.0,0.0,0.0006349206349206349,-0.0006349206349206349,7792.3605762250245,True
2016-03-04 14:30:00+00:00,-0.005165211836942629,5.0,0.0,0.0006349206349206349,-0.02646097981963378,7586.167080270224,True
2016-03-07 14:30:00+00:00,-0.0031154338650374314,5.0,0.0,0.0006349206349206349,-0.01621208996010779,7463.179457112475,True
2016-03-08 14:30:00+00:00,0.0020834241799898567,5.0,0.0,0.0006349206349206349,0.00978220026502865,7536.185773175797,True
2016-03-09 14:30:00+00:00,-0.005197562443219228,5.0,0.0,0.0006349206349206349,-0.026622732851016774,7335.551912620905,True
2016-03-10 14:30:00+00:00,-0.0031346950974115995,5.0,0.0,0.0006349206349206349,-0.01630839612197863,7215.920826256544,True
2016-03-11 14:30:00+00:00,0.0020963909192961427,5.0,0.0,0.0006349206349206349,0.00984703396156008,7286.976243696622,True
2016-03-14 13:30:00+00:00,0.0010459686316843797,5.0,0.0,0.0006349206349206349,0.004594922523501264,7320.459334967003,True
2016-03-15 13:30:00+00:00,0.0010450115725606501,5.0,0.0,0.0006349206349206349,0.004590137227882616,7354.061247885637,True
2016-03-16 13:30:00+00:00,-0.00313155843071955,5.0,0.0,0.0006349206349206349,-0.016292712788518383,7234.243640144663,True
2016-03-17 13:30:00+00:00,-0.0073298556899138445,5.0,0.0,0.0006349206349206349,-0.03728419908448986,6964.520660039805,True
2016-03-18 13:30:00+00:00,0.0052742512601764435,5.0,0.0,0.0006349206349206349,0.025736335665961584,7143.761901499114,True
2016-03-21 13:30:00+00:00,0.0010493977473247096,5.0,0.0,0.0006349206349206349,0.004612068101702913,7176.709417891179,True
2016-03-22 13:30:00+00:00,-0.0020964590569408914,5.0,0.0,0.0006349206349206349,-0.011117215919625091,7096.924389700077,True
2016-03-23 13:30:00+00:00,0.0021008634311083796,5.0,0.0,0.0006349206349206349,0.009869396520621264,7166.966750578896,True
2016-03-24 13:30:00+00:00,0.0031445523101216732,5.0,0.0,0.0006349206349206349,0.015087840915687732,7275.100804759654,True
2016-03-28 13:30:00+00:00,-0.0020898193729590453,5.0,0.0,0.0006349206349206349,-0.01108401749971586,7194.463460127501,True
2016-03-29 13:30:00+00:00,0.0010471319651734756,5.0,0.0,0.0006349206349206349,0.004600739190946743,7227.563310126345,True
2016-03-30 13:30:00+00:00,-0.0020920052584690874,5.0,0.0,0.0006349206349206349,-0.01109494692726607,7147.373878787038,True
2016-03-31 13:30:00+00:00,-0.0020964590569408914,5.0,0.0,0.0006349206349206349,-0.011117215919625091,7067.914980118274,True
2016-04-01 13:30:00+00:00,0.007353022008879551,5.0,0.0,0.0006349206349206349,0.03613018940947712,7323.280087080028,True
2016-04-04 13:30:00+00:00,0.002085392929415786,5.0,0.0,0.0006349206349206349,0.009792044012158295,7394.989968006079,True
2016-04-05 13:30:00+00:00,0.0,5.0,0.0,0.0006349206349206349,-0.0006349206349206349,7390.294736280361,True
2016-04-06 13:30:00+00:00,0.0010405941993096857,5.0,0.0,0.0006349206349206349,0.004568050361627793,7424.053974822963,True
2016-04-07 13:30:00+00:00,0.0,5.0,0.0,0.0006349206349206349,-0.0006349206349206349,7419.340289759582,True
2016-04-08 13:30:00+00:00,-0.005197562443219228,5.0,0.0,0.0006349206349206349,-0.026622732851016774,7221.817175294528,True
2016-04-11 13:30:00+00:00,0.0,5.0,0.0,0.0006349206349206349,-0.0006349206349206349,7217.231894548309,True
2016-04-12 13:30:00+00:00,-0.0010448757244524431,5.0,0.0,0.0006349206349206349,-0.005859299257182851,7174.943973069666,True
2016-04-13 13:30:00+00:00,-0.0020920052584690874,5.0,0.0,0.0006349206349206349,-0.01109494692726607,7095.3383504823505,True
2016-04-14 13:30:00+00:00,0.0,5.0,0.0,0.0006349206349206349,-0.0006349206349206349,7090.833373751886,True
2016-04-15 13:30:00+00:00,0.0,5.0,0.0,0.0006349206349206349,-0.0006349206349206349,7086.331257324106,True
2016-04-18 13:30:00+00:00,-0.001048297666115361,5.0,0.0,0.0006349206349206349,-0.0058764089654974394,7044.689076791082,True
2016-04-19 13:30:00+00:00,-0.004197318152705298,5.0,0.0,0.0006349206349206349,-0.021621511398447125,6892.372251618727,True
2016-04-20 13:30:00+00:00,-0.0010536839759072159,5.0,0.0,0.0006349206349206349,-0.005903340514456714,6851.684231265029,True
2016-04-21 13:30:00+00:00,-0.001054795396914887,5.0,0.0,0.0006349206349206349,-0.0059088976194950705,6811.198330621374,True
2016-04-22 13:30:00+00:00,0.007391776003110362,5.0,0.0,0.0006349206349206349,0.036323959380631175,7058.608022116288,True
2016-04-25 13:30:00+00:00,-0.001048297666115361,5.0,0.0,0.0006349206349206349,-0.0058764089654974394,7017.128754651192,True
2016-04-26 13:30:00+00:00,-0.0020985908672043196,5.0,0.0,0.0006349206349206349,-0.011127874970942232,6939.04302321443,True
2016-04-27 13:30:00+00:00,-0.0010514679300230867,5.0,0.0,0.0006349206349206349,-0.005892260285036068,6898.156375592587,True
2016-04-28 13:30:00+00:00,-0.008421076400102923,5.0,0.0,0.0006349206349206349,-0.04274030263543525,6603.327084473202,True
2016-04-29 13:30:00+00:00,-0.0031847483181427494,5.0,0.0,0.0006349206349206349,-0.01655866222563438,6493.984821716028,True
2016-05-02 13:30:00+00:00,0.00319492334489202,5.0,0.0,0.0006349206349206349,0.015339696089539466,6593.600575291234,True
2016-05-03 13:30:00+00:00,-0.008492662181714072,5.0,0.0,0.0006349206349206349,-0.043098231543490996,6309.428050992036,True
2016-05-04 13:30:00+00:00,-0.0032119573814853863,5.0,0.0,0.0006349206349206349,-0.016694707542347566,6204.093994921241,True
2016-05-05 13:30:00+00:00,-0.0010740558844199999,5.0,0.0,0.0006349206349206349,-0.006005200057020634,6166.8371693091785,True
2016-05-06 13:30:00+00:00,0.0010752107208218398,5.0,0.0,0.0006349206349206349,0.004741132969188564,6196.074964328208,True
2016-05-09 13:30:00+00:00,-0.0032223072951875764,5.0,0.0,0.0006349206349206349,-0.016746457110858516,6092.312660682421,True
2016-05-10 13:30:00+00:00,0.0,5.0,0.0,0.0006349206349206349,-0.0006349206349206349,6088.4445256597655,True
2016-05-11 13:30:00+00:00,0.0010776681041411162,5.0,0.0,0.0006349206349206349,0.004753419885784946,6117.385458941536,True
2016-05-12 13:30:00+00:00,-0.005382330015295755,5.0,0.0,0.0006349206349206349,-0.02754657071139941,5948.872467827916,True
2016-05-13 13:30:00+00:00,0.0010824038116148404,5.0,0.0,0.0006349206349206349,0.004777098423153567,5977.290817113519,True
2016-05-16 13:30:00+00:00,-0.0010812334803743662,5.0,0.0,0.0006349206349206349,-0.006041088036792466,5941.181477065825,True
2016-05-17 13:30:00+00:00,0.0,5.0,0.0,0.0006349206349206349,-0.0006349206349206349,5937.409298350227,True
2016-05-18 13:30:00+00:00,-0.0010821224119497153,5.0,0.0,0.0006349206349206349,-0.006045532694669211,5901.514496315418,True
2016-05-19 13:30:00+00:00,-0.005417107182084546,5.0,0.0,0.0006349206349206349,-0.027720456545343365,5737.921820168593,True
2016-05-20 13:30:00+00:00,0.0021786731492483558,5.0,0.0,0.0006349206349206349,0.010258445111321145,5796.783976213844,True
2016-05-23 13:30:00+00:00,-0.002173936851402103,5.0,0.0,0.0006349206349206349,-0.011504604891931149,5730.094266923626,True
2016-05-24 13:30:00+00:00,0.0021786731492483558,5.0,0.0,0.0006349206349206349,0.010258445111321145,5788.876124443558,True
2016-05-25 13:30:00+00:00,-0.002173936851402103,5.0,0.0,0.0006349206349206349,-0.011504604891931149,5722.277391863502,True
2016-05-26 13:30:00+00:00,0.0,5.0,0.0,0.0006349206349206349,-0.0006349206349206349,5718.644199868668,True
2016-05-27 13:30:00+00:00,0.0010892657649144155,5.0,0.0,0.0006349206349206349,0.004811408189651443,5746.158931405619,True
2016-05-31 13:30:00+00:00,-0.0021763025773567923,5.0,0.0,0.0006349206349206349,-0.011516433521704596,5679.983674066937,True
2016-06-01 13:30:00+00:00,-0.0021810492003528914,5.0,0.0,0.0006349206349206349,-0.011540166636685091,5614.435715974554,True
2016-06-02 13:30:00+00:00,-0.0021856744900826675,5.0,0.0,0.0006349206349206349,-0.011563293085333971,5549.514350281973,True
2016-06-03 13:30:00+00:00,-0.00328597798089314,5.0,0.0,0.0006349206349206349,-0.017064810539386334,5454.812939308805,True
2016-06-06 13:30:00+00:00,0.003296811230002028,5.0,0.0,0.0006349206349206349,0.015849135515089506,5541.267008793375,True
2016-06-07 13:30:00+00:00,-0.0010953022611327468,5.0,0.0,0.0006349206349206349,-0.006111431940584369,5507.401932604529,True
2016-06-08 13:30:00+00:00,-0.004386013054547,5.0,0.0,0.0006349206349206349,-0.022564985907655634,5383.1274856075115,True
2016-06-09 13:30:00+00:00,0.0,5.0,0.0,0.0006349206349206349,-0.0006349206349206349,5379.709626886491,True
2016-06-10 13:30:00+00:00,-0.0011014053172999638,5.0,0.0,0.0006349206349206349,-0.006141947221420454,5346.6677342915855,True
2016-06-13 13:30:00+00:00,0.003307644240186036,5.0,0.0,0.0006349206349206349,0.015903300566009547,5431.697398296611,True
2016-06-14 13:30:00+00:00,-0.003296739797782555,5.0,0.0,0.0006349206349206349,-0.01711861962383341,5338.714236623406,True
2016-06-15 13:30:00+00:00,0.001102619748553968,5.0,0.0,0.0006349206349206349,0.004878178107849205,5364.757435536565,True
2016-06-16 13:30:00+00:00,0.0011011905486322249,5.0,0.0,0.0006349206349206349,0.0048710321082404895,5390.889341257986,True
2016-06-17 13:30:00+00:00,-0.003300152318022831,5.0,0.0,0.0006349206349206349,-0.01713568222503479,5298.512774595862,True
2016-06-20 13:30:00+00:00,0.003311079384328286,5.0,0.0,0.0006349206349206349,0.015920476286720796,5382.867621578703,True
2016-06-21 13:30:00+00:00,0.0022003875885840962,5.0,0.0,0.0006349206349206349,0.010367017307999847,5438.671903378282,True
2016-06-22 13:30:00+00:00,0.0021954138056765604,5.0,0.0,0.0006349206349206349,0.010342148393462168,5494.919455266374,True
2016-06-23 13:30:00+00:00,-0.0010953022611327468,5.0,0.0,0.0006349206349206349,-0.006111431940584369,5461.33762899652,True
2016-06-24 13:30:00+00:00,0.006578948306257493,5.0,0.0,0.0006349206349206349,0.03225982089636683,5637.519402762537,True
2016-06-27 13:30:00+00:00,-0.0021788147686678805,5.0,0.0,0.0006349206349206349,-0.011528994478260036,5572.524472697003,True
2016-06-28 13:30:00+00:00,0.0010917861841963639,5.0,0.0,0.0006349206349206349,0.004824010286061184,5599.406388072622,True
2016-06-29 13:30:00+00:00,0.0054526230008820065,5.0,0.0,0.0006349206349206349,0.0266281943694894,5748.508469727981,True
2016-06-30 13:30:00+00:00,0.0021690802496239225,5.0,0.0,0.0006349206349206349,0.010210480613198979,5807.2035040129485,True
2016-07-01 13:30:00+00:00,0.005411456258743508,5.0,0.0,0.0006349206349206349,0.026422360658796905,5960.643529415009,True
2016-07-05 13:30:00+00:00,0.0021527360865629674,5.0,0.0,0.0006349206349206349,0.010128759797894203,6021.017455965326,True
2016-07-06 13:30:00+00:00,-0.0010740558844199999,5.0,0.0,0.0006349206349206349,-0.006005200057020634,5984.8600415954415,True
2016-07-07 13:30:00+00:00,0.0032257719545369934,5.0,0.0,0.0006349206349206349,0.015493939137764333,6077.589098827959,True
2016-07-08 13:30:00+00:00,0.007502692447088455,5.0,0.0,0.0006349206349206349,0.03687854160052164,6301.721721239964,True
2016-07-11 13:30:00+00:00,-0.0010638414842994992,5.0,0.0,0.0006349206349206349,-0.005954128056418131,6264.200463135789,True
2016-07-12 13:30:00+00:00,-0.004259759340973002,5.0,0.0,0.0006349206349206349,-0.021933717339785642,6126.803260817614,True
2016-07-13 13:30:00+00:00,0.004277982516960099,5.0,0.0,0.0006349206349206349,0.020754991949879863,6253.965013174382,True
2016-07-14 13:30:00+00:00,-0.0010649052221891608,5.0,0.0,0.0006349206349206349,-0.005959446745866439,6216.694841727856,True
2016-07-15 13:30:00+00:00,-0.0010661790540479332,5.0,0.0,0.0006349206349206349,-0.005965815905160301,6179.6071847635485,True
2016-07-18 13:30:00+00:00,-0.0010672476312117984,5.0,0.0,0.0006349206349206349,-0.005971158790979627,6142.707768997447,True
2016-07-19 13:30:00+00:00,-0.0010682489696522968,5.0,0.0,0.0006349206349206349,-0.005976165483182119,6105.997930855089,True
2016-07-20 13:30:00+00:00,0.0,5.0,0.0,0.0006349206349206349,-0.0006349206349206349,6102.121106772007,True
2016-07-21 13:30:00+00:00,0.0,5.0,0.0,0.0006349206349206349,-0.0006349206349206349,6098.246744164533,True
2016-07-22 13:30:00+00:00,0.0021389217362237645,5.0,0.0,0.0006349206349206349,0.010059688046198188,6159.593204039572,True
2016-07-25 13:30:00+00:00,0.002134495262423597,5.0,0.0,0.0006349206349206349,0.01003755567719735,6221.420463774006,True
2016-07-26 13:30:00+00:00,0.004259967019297539,5.0,0.0,0.0006349206349206349,0.020664914461567062,6349.9855854873385,True
2016-07-27 13:30:00+00:00,0.0010602501393470742,5.0,0.0,0.0006349206349206349,0.004666330061814736,6379.616714116989,True
2016-07-28 13:30:00+00:00,0.0010594026373857979,5.0,0.0,0.0006349206349206349,0.0046620925520083544,6409.359077684542,True
2016-07-29 13:30:00+00:00,-0.004232850818422729,5.0,0.0,0.0006349206349206349,-0.021799174727034278,6269.640339261794,True
2016-08-01 13:30:00+00:00,-0.0031879948472608444,5.0,0.0,0.0006349206349206349,-0.016574894871224856,6165.721709758139,True
2016-08-02 13:30:00+00:00,-0.006396658524851717,5.0,0.0,0.0006349206349206349,-0.03261821325917922,5964.606884132496,True
2016-08-03 13:30:00+00:00,0.0053647962404090865,5.0,0.0,0.0006349206349206349,0.0261890605671248,6120.814335080133,True
2016-08-04 13:30:00+00:00,0.002134495262423597,5.0,0.0,0.0006349206349206349,0.01003755567719735,6182.252349758287,True
2016-08-05 13:30:00+00:00,0.0,5.0,0.0,0.0006349206349206349,-0.0006349206349206349,6178.327110171139,True
2016-08-08 13:30:00+00:00,-0.0010649052221891608,5.0,0.0,0.0006349206349206349,-0.005959446745866439,6141.507698779531,True
2016-08-09 13:30:00+00:00,0.0042643697166617756,5.0,0.0,0.0006349206349206349,0.020686927948388244,6268.556626038656,True
2016-08-10 13:30:00+00:00,0.0010616517783548218,5.0,0.0,0.0006349206349206349,0.004673338256853474,6297.851711534376,True
2016-08-11 13:30:00+00:00,0.0021207760085266703,5.0,0.0,0.0006349206349206349,0.009968959407712717,6360.634739602457,True
2016-08-12 13:30:00+00:00,-0.002116287836056774,5.0,0.0,0.0006349206349206349,-0.011216359815204503,6289.291571709985,True
2016-08-15 13:30:00+00:00,-0.001060525869179707,5.0,0.0,0.0006349206349206349,-0.00593754998081917,6251.948588659012,True
2016-08-16 13:30:00+00:00,0.0010616517783548218,5.0,0.0,0.0006349206349206349,0.004673338256853474,6281.166059178274,True
2016-08-17 13:30:00+00:00,-0.001060525869179707,5.0,0.0,0.0006349206349206349,-0.00593754998081917,6243.871321764077,True
2016-08-18 13:30:00+00:00,0.0,5.0,0.0,0.0006349206349206349,-0.0006349206349206349,6239.9069590201,True
2016-08-19 13:30:00+00:00,0.0010616517783548218,5.0,0.0,0.0006349206349206349,0.004673338256853474,6269.068154930895,True
2016-08-22 13:30:00+00:00,-0.002121051738359414,5.0,0.0,0.0006349206349206349,-0.011240179326717704,6198.602704658056,True
2016-08-23 13:30:00+00:00,0.0010627800807174737,5.0,0.0,0.0006349206349206349,0.004678979768666733,6227.605841307154,True
2016-08-24 13:30:00+00:00,0.0,5.0,0.0,0.0006349206349206349,-0.0006349206349206349,6223.651805852356,True
2016-08-25 13:30:00+00:00,-0.0010616517783547108,5.0,0.0,0.0006349206349206349,-0.005943179526694189,6186.663525858541,True
2016-08-26 13:30:00+00:00,0.0,5.0,0.0,0.0006349206349206349,-0.0006349206349206349,6182.735485524663,True
2016-08-29 13:30:00+00:00,0.0010627800807174737,5.0,0.0,0.0006349206349206349,0.004678979768666733,6211.664379776452,True
2016-08-30 13:30:00+00:00,0.0021230275341475036,5.0,0.0,0.0006349206349206349,0.009980217035816884,6273.658138440273,True
2016-08-31 13:30:00+00:00,0.0,5.0,0.0,0.0006349206349206349,-0.0006349206349206349,6269.67486343174,True
2016-09-01 13:30:00+00:00,0.0,5.0,0.0,0.0006349206349206349,-0.0006349206349206349,6265.694117486704,True
2016-09-02 13:30:00+00:00,0.00423733511174329,5.0,0.0,0.0006349206349206349,0.020551754923795816,6394.465127416761,True
2016-09-06 13:30:00+00:00,0.001054795396914887,5.0,0.0,0.0006349206349206349,0.004639056349653801,6424.129411468744,True
2016-09-07 13:30:00+00:00,0.001053889465858937,5.0,0.0,0.0006349206349206349,0.00463452669437405,6453.902210714309,True
2016-09-08 13:30:00+00:00,0.0,5.0,0.0,0.0006349206349206349,-0.0006349206349206349,6449.804495024967,True
2016-09-09 13:30:00+00:00,0.0010525746785414736,5.0,0.0,0.0006349206349206349,0.004627952757786733,6479.653885524903,True
2016-09-12 13:30:00+00:00,-0.003154608847846685,5.0,0.0,0.0006349206349206349,-0.01640796487415406,6373.335952174535,True
2016-09-13 13:30:00+00:00,-0.001054795396914887,5.0,0.0,0.0006349206349206349,-0.0059088976194950705,6335.676562538488,True
2016-09-14 13:30:00+00:00,0.001055909165041724,5.0,0.0,0.0006349206349206349,0.004644625190287985,6365.103405498372,True
2016-09-15 13:30:00+00:00,0.001054795396914887,5.0,0.0,0.0006349206349206349,0.004639056349653801,6394.631478867854,True
2016-09-16 13:30:00+00:00,0.0,5.0,0.0,0.0006349206349206349,-0.0006349206349206349,6390.571395389207,True
2016-09-19 13:30:00+00:00,0.001053889465858937,5.0,0.0,0.0006349206349206349,0.00463452669437405,6420.188669113442,True
2016-09-20 13:30:00+00:00,0.0,5.0,0.0,0.0006349206349206349,-0.0006349206349206349,6416.112358847339,True
2016-09-21 13:30:00+00:00,0.0,5.0,0.0,0.0006349206349206349,-0.0006349206349206349,6412.038636714738,True
2016-09-22 13:30:00+00:00,0.002105217781621649,5.0,0.0,0.0006349206349206349,0.00989116827318761,6475.461189844665,True
2016-09-23 13:30:00+00:00,-0.004201726862216981,5.0,0.0,0.0006349206349206349,-0.02164355494600554,6335.309189781535,True
2016-09-26 13:30:00+00:00,0.001054795396914887,5.0,0.0,0.0006349206349206349,0.004639056349653801,6364.699046105412,True
2016-09-27 13:30:00+00:00,0.001053889465858937,5.0,0.0,0.0006349206349206349,0.00463452669437405,6394.196413736245,True
2016-09-28 13:30:00+00:00,-0.0021053546306990523,5.0,0.0,0.0006349206349206349,-0.011161693788415895,6322.826351343134,True
2016-09-29 13:30:00+00:00,0.0021097965005312247,5.0,0.0,0.0006349206349206349,0.00991406186773549,6385.511242969298,True
2016-09-30 13:30:00+00:00,0.0031577924601633445,5.0,0.0,0.0006349206349206349,0.015154041665896088,6482.277546403303,True
2016-10-03 13:30:00+00:00,0.0,5.0,0.0,0.0006349206349206349,-0.0006349206349206349,6478.161814627809,True
2016-10-04 13:30:00+00:00,0.0010493977473247096,5.0,0.0,0.0006349206349206349,0.004612068101702913,6508.039538090724,True
2016-10-05 13:30:00+00:00,-0.005241215779997144,5.0,0.0,0.0006349206349206349,-0.026840999534906353,6333.357251875678,True
2016-10-06 13:30:00+00:00,0.00421500989023138,5.0,0.0,0.0006349206349206349,0.020440128816236268,6462.811889943262,True
2016-10-07 13:30:00+00:00,0.006296045438206166,5.0,0.0,0.0006349206349206349,0.030845306556110196,6662.159303903036,True
2016-10-10 13:30:00+00:00,0.0010425608999331537,5.0,0.0,0.0006349206349206349,0.004577883864745134,6692.657895484736,True
2016-10-11 13:30:00+00:00,0.0,5.0,0.0,0.0006349206349206349,-0.0006349206349206349,6688.408588884428,True
2016-10-12 13:30:00+00:00,0.0,5.0,0.0,0.0006349206349206349,-0.0006349206349206349,6684.161980256565,True
2016-10-13 13:30:00+00:00,-0.001041475098716993,5.0,0.0,0.0006349206349206349,-0.0058422961285056,6645.111126597008,True
2016-10-14 13:30:00+00:00,0.002085392929415786,5.0,0.0,0.0006349206349206349,0.009792044012158295,6710.180347214328,True
2016-10-17 13:30:00+00:00,0.0010405941993096857,5.0,0.0,0.0006349206349206349,0.004568050361627793,6740.8327889760085,True
2016-10-18 13:30:00+00:00,0.0,5.0,0.0,0.0006349206349206349,-0.0006349206349206349,6736.552895141738,True
2016-10-19 13:30:00+00:00,0.0020790249772877356,5.0,0.0,0.0006349206349206349,0.009760204251518044,6802.303027349478,True
2016-10-20 13:30:00+00:00,0.0031120674000757464,5.0,0.0,0.0006349206349206349,0.014925416365458098,6903.830232276685,True
2016-10-21 13:30:00+00:00,-0.0010342047160676326,5.0,0.0,0.0006349206349206349,-0.005805944215258798,6863.746979076469,True
2016-10-24 13:30:00+00:00,0.0,5.0,0.0,0.0006349206349206349,-0.0006349206349206349,6859.389044486579,True
2016-10-25 13:30:00+00:00,0.004140630572553983,5.0,0.0,0.0006349206349206349,0.02006823222784928,6997.044856772502,True
2016-10-26 13:30:00+00:00,-0.0020616777037179013,5.0,0.0,0.0006349206349206349,-0.01094330915351014,6920.474031743862,True
2016-10-27 13:30:00+00:00,0.005165144684756706,5.0,0.0,0.0006349206349206349,0.025190802788862897,7094.806328282969,True
2016-10-28 13:30:00+00:00,0.0010278943098038784,5.0,0.0,0.0006349206349206349,0.004504550914098757,7126.76524461439,True
2016-10-31 13:30:00+00:00,0.0030799825759078026,5.0,0.0,0.0006349206349206349,0.014764992244618379,7231.991878180338,True
2016-11-01 13:30:00+00:00,-0.0030705254111427216,5.0,0.0,0.0006349206349206349,-0.015987547690634242,7116.37006312965,True
2016-11-02 13:30:00+00:00,-0.0030800493144252927,5.0,0.0,0.0006349206349206349,-0.016035167207047098,7002.257879260142,True
2016-11-03 13:30:00+00:00,0.0010297435348145534,5.0,0.0,0.0006349206349206349,0.004513797039152132,7033.864650142927,True
2016-11-04 13:30:00+00:00,-0.006172774281582916,5.0,0.0,0.0006349206349206349,-0.03149879204283521,6812.306410270624,True
2016-11-07 14:30:00+00:00,0.0,5.0,0.0,0.0006349206349206349,-0.0006349206349206349,6807.981136359341,True
2016-11-08 14:30:00+00:00,0.0031055570434390667,5.0,0.0,0.0006349206349206349,0.0148928645822747,6909.3714775018225,True
2016-11-09 14:30:00+00:00,-0.01031976333693363,5.0,0.0,0.0006349206349206349,-0.05223373731958878,6548.4691827025335,True
2016-11-10 14:30:00+00:00,0.005213685670701684,5.0,0.0,0.0006349206349206349,0.025433507718587788,6715.019724205733,True
2016-11-11 14:30:00+00:00,0.0,5.0,0.0,0.0006349206349206349,-0.0006349206349206349,6710.756219618936,True
2016-11-14 14:30:00+00:00,0.006223865076854684,5.0,0.0,0.0006349206349206349,0.030484404749352788,6915.329628392036,True
2016-11-15 14:30:00+00:00,-0.004123556448655141,5.0,0.0,0.0006349206349206349,-0.02125270287819634,6768.360182495032,True
2016-11-16 14:30:00+00:00,-0.0010352081115526657,5.0,0.0,0.0006349206349206349,-0.005810961192683963,6729.029504136447,True
2016-11-17 14:30:00+00:00,0.0,5.0,0.0,0.0006349206349206349,-0.0006349206349206349,6724.757104451281,True
2016-11-18 14:30:00+00:00,0.005181202306762334,5.0,0.0,0.0006349206349206349,0.025271090898891034,6894.699052510833,True
2016-11-21 14:30:00+00:00,-0.0010308053449891164,5.0,0.0,0.0006349206349206349,-0.005788947359866217,6854.7860026337285,True
2016-11-22 14:30:00+00:00,0.0010318690010706622,5.0,0.0,0.0006349206349206349,0.004524424370432676,6885.799963478145,True
2016-11-23 14:30:00+00:00,-0.0010308053449891164,5.0,0.0,0.0006349206349206349,-0.005788947359866217,6845.938429959001,True
2016-11-25 14:30:00+00:00,-0.005159881668466815,5.0,0.0,0.0006349206349206349,-0.026434328977254708,6664.970641343434,True
2016-11-28 14:30:00+00:00,0.0,5.0,0.0,0.0006349206349206349,-0.0006349206349206349,6660.738913952105,True
2016-11-29 14:30:00+00:00,-0.00414949063092529,5.0,0.0,0.0006349206349206349,-0.021382373789547084,6518.316504779399,True
2016-11-30 14:30:00+00:00,0.0020834241799898567,5.0,0.0,0.0006349206349206349,0.00978220026502865,6582.079982219992,True
2016-12-01 14:30:00+00:00,-0.002079092548302297,5.0,0.0,0.0006349206349206349,-0.01103038337643212,6509.477116601766,True
2016-12-02 14:30:00+00:00,0.0010417459458917921,5.0,0.0,0.0006349206349206349,0.004573809094538326,6539.250222238368,True
2016-12-05 14:30:00+00:00,-0.0020810531159620727,5.0,0.0,0.0006349206349206349,-0.011040186214730997,6467.055682080136,True
2016-12-06 14:30:00+00:00,0.0,5.0,0.0,0.0006349206349206349,-0.0006349206349206349,6462.949614980403,True
2016-12-07 14:30:00+00:00,0.0,5.0,0.0,0.0006349206349206349,-0.0006349206349206349,6458.846154907398,True
2016-12-08 14:30:00+00:00,0.002085392929415786,5.0,0.0,0.0006349206349206349,0.009792044012158295,6522.091460724011,True
2016-12-09 14:30:00+00:00,0.005202903355219668,5.0,0.0,0.0006349206349206349,0.025379596141177706,6687.619507993011,True
2016-12-12 14:30:00+00:00,0.001035275402771596,5.0,0.0,0.0006349206349206349,0.004541456378937345,6717.991040267492,True
2016-12-13 14:30:00+00:00,0.0,5.0,0.0,0.0006349206349206349,-0.0006349206349206349,6713.725649130815,True
2016-12-14 14:30:00+00:00,-0.003102412483324879,5.0,0.0,0.0006349206349206349,-0.01614698305154503,6605.319234861577,True
2016-12-15 14:30:00+00:00,0.005186644138477803,5.0,0.0,0.0006349206349206349,0.02529830005746838,6772.422582840472,True
2016-12-16 14:30:00+00:00,-0.00412794558450702,5.0,0.0,0.0006349206349206349,-0.021274648557455735,6628.341672507965,True
2016-12-19 14:30:00+00:00,0.0,5.0,0.0,0.0006349206349206349,-0.0006349206349206349,6624.1332016047845,True
2016-12-20 14:30:00+00:00,-0.0013184559037697774,5.0,0.0,0.0006349206349206349,-0.007227200153769522,6576.259265111557,True
2016-12-21 14:30:00+00:00,-0.005500537811627737,5.0,0.0,0.0006349206349206349,-0.02813760969305932,6391.2190486694835,True
2016-12-22 14:30:00+00:00,-0.0022123166059120347,5.0,0.0,0.0006349206349206349,-0.011696503664480808,6316.464131646221,True
2016-12-23 14:30:00+00:00,-0.0011086448879235045,5.0,0.0,0.0006349206349206349,-0.006178145074538157,6277.440099882794,True
2016-12-27 14:30:00+00:00,0.0011098753455516253,5.0,0.0,0.0006349206349206349,0.004914456092837491,6308.290303629086,True
2016-12-28 14:30:00+00:00,0.0033259346637706244,5.0,0.0,0.0006349206349206349,0.015994752683932488,6409.1898468940835,True
2016-12-29 14:30:00+00:00,-0.006629818982771929,5.0,0.0,0.0006349206349206349,-0.03378401554878028,6192.661677451529,True
2016-12-30 14:30:00+00:00,0.0,5.0,0.0,0.0006349206349206349,-0.0006349206349206349,6188.729828767432,True
2017-01-03 14:30:00+00:00,0.0022246889459285324,5.0,0.0,0.0006349206349206349,0.010488524094722028,6253.640470692185,True
2017-01-04 14:30:00+00:00,0.0022197506911032505,5.0,0.0,0.0006349206349206349,0.010463832820595619,6319.077519097619,True
2017-01-05 14:30:00+00:00,-0.0022148343111104696,5.0,0.0,0.0006349206349206349,-0.011709092190472982,6245.08685786776,True
2017-01-06 14:30:00+00:00,-0.0011098753455516253,5.0,0.0,0.0006349206349206349,-0.006184297362678761,6206.465383682948,True
2017-01-09 14:30:00+00:00,0.0011111085375237195,5.0,0.0,0.0006349206349206349,0.004920622052697963,6237.005054119206,True
2017-01-10 14:30:00+00:00,0.0033295579878906967,5.0,0.0,0.0006349206349206349,0.01601286930453285,6336.877400902527,True
2017-01-11 14:30:00+00:00,0.002212520074743596,5.0,0.0,0.0006349206349206349,0.010427679738797345,6402.956328983162,True
2017-01-12 14:30:00+00:00,-0.0022076356365799965,5.0,0.0,0.0006349206349206349,-0.011673098817820617,6328.213987028752,True
2017-01-13 14:30:00+00:00,0.001106260037371909,5.0,0.0,0.0006349206349206349,0.00489637955193891,6359.1993245951335,True
2017-01-17 14:30:00+00:00,-0.0011050375784589228,5.0,0.0,0.0006349206349206349,-0.006160108527215249,6320.025966609433,True
2017-01-18 14:30:00+00:00,-0.004424701034767886,5.0,0.0,0.0006349206349206349,-0.022758425808760065,6176.192124538916,True
2017-01-19 14:30:00+00:00,0.0055555426876183756,5.0,0.0,0.0006349206349206349,0.027142792803171244,6343.831227687855,True
2017-01-20 14:30:00+00:00,0.0,5.0,0.0,0.0006349206349206349,-0.0006349206349206349,6339.803398336941,True
2017-01-23 14:30:00+00:00,0.0,5.0,0.0,0.0006349206349206349,-0.0006349206349206349,6335.7781263379975,True
2017-01-24 14:30:00+00:00,-0.00331490949138602,5.0,0.0,0.0006349206349206349,-0.017209468091850734,6226.742754835738,True
2017-01-25 14:30:00+00:00,0.006651869327541249,5.0,0.0,0.0006349206349206349,0.03262442600278561,6429.886663079258,True
2017-01-26 14:30:00+00:00,0.003303957172396066,5.0,0.0,0.0006349206349206349,0.015884865227059695,6532.0245461475415,True
2017-01-27 14:30:00+00:00,0.0010976923290217933,5.0,0.0,0.0006349206349206349,0.004853541010188331,6563.727995161826,True
2017-01-30 14:30:00+00:00,-0.0032895333932917437,5.0,0.0,0.0006349206349206349,-0.017082587601379352,6451.602536692848,True
2017-01-31 14:30:00+00:00,-0.001100040112444356,5.0,0.0,0.0006349206349206349,-0.006135121197142415,6412.021173214445,True
2017-02-01 14:30:00+00:00,0.0022026381149307106,5.0,0.0,0.0006349206349206349,0.010378269939732919,6478.566859809348,True
2017-02-02 14:30:00+00:00,-0.003296830496207659,5.0,0.0,0.0006349206349206349,-0.01711907311595893,6367.659800049643,True
2017-02-03 14:30:00+00:00,0.0,5.0,0.0,0.0006349206349206349,-0.0006349206349206349,6363.616841446436,True
2017-02-06 14:30:00+00:00,0.0011026686446924394,5.0,0.0,0.0006349206349206349,0.004878422588541562,6394.661253590573,True
2017-02-07 14:30:00+00:00,-0.003303957172396066,5.0,0.0,0.0006349206349206349,-0.017154706496900964,6284.9627166381215,True
2017-02-08 14:30:00+00:00,-0.0011050375784589228,5.0,0.0,0.0006349206349206349,-0.006160108527215249,6246.246664214129,True
2017-02-09 14:30:00+00:00,-0.0011061243914840535,5.0,0.0,0.0006349206349206349,-0.0061655425923409024,6207.735164363649,True
2017-02-10 14:30:00+00:00,0.004429532826125904,5.0,0.0,0.0006349206349206349,0.021512743495708885,6341.280578643898,True
2017-02-13 14:30:00+00:00,0.0033077355396080588,5.0,0.0,0.0006349206349206349,0.01590375706311966,6442.130764435729,True
2017-02-14 14:30:00+00:00,-0.0021977971631302884,5.0,0.0,0.0006349206349206349,-0.011623906450572076,6367.248039087576,True
2017-02-15 14:30:00+00:00,0.0022026381149307106,5.0,0.0,0.0006349206349206349,0.010378269939732919,6433.329058010463,True
2017-02-16 14:30:00+00:00,-0.003296830496207659,5.0,0.0,0.0006349206349206349,-0.01711907311595893,6323.196427487359,True
2017-02-17 14:30:00+00:00,-0.0033075327437561697,5.0,0.0,0.0006349206349206349,-0.017172584353701482,6214.610803451308,True
2017-02-21 14:30:00+00:00,0.007743413323939352,5.0,0.0,0.0006349206349206349,0.038082145984776127,6451.276519306908,True
2017-02-22 14:30:00+00:00,0.0,5.0,0.0,0.0006349206349206349,-0.0006349206349206349,6447.18047072322,True
2017-02-23 14:30:00+00:00,-0.0032930769870653798,5.0,0.0,0.0006349206349206349,-0.017100305570247533,6336.931714607321,True
2017-02-24 14:30:00+00:00,-0.003303957172396066,5.0,0.0,0.0006349206349206349,-0.017154706496900964,6228.223510952329,True
2017-02-27 14:30:00+00:00,-0.005524849152309996,5.0,0.0,0.0006349206349206349,-0.028259166396470616,6052.219106401916,True
2017-02-28 14:30:00+00:00,-0.0011111085375236085,5.0,0.0,0.0006349206349206349,-0.006190463322538677,6014.753066003767,True
2017-03-01 14:30:00+00:00,-0.0011123444729642662,5.0,0.0,0.0006349206349206349,-0.006196642999741966,5977.481788522139,True
2017-03-02 14:30:00+00:00,-0.0022270980459789813,5.0,0.0,0.0006349206349206349,-0.01177041086481554,5907.12437193428,True
2017-03-03 14:30:00+00:00,-0.00446441187932356,5.0,0.0,0.0006349206349206349,-0.022956980031538433,5771.5146356839705,True
2017-03-06 14:30:00+00:00,-0.0011210049549257306,5.0,0.0,0.0006349206349206349,-0.006239945409549288,5735.500699426888,True
2017-03-07 14:30:00+00:00,0.0022445948471550015,5.0,0.0,0.0006349206349206349,0.010588053600854373,5796.228488260158,True
2017-03-08 14:30:00+00:00,-0.004479135849063565,5.0,0.0,0.0006349206349206349,-0.023030599880238457,5662.7378691325985,True
2017-03-09 14:30:00+00:00,-0.00562435235394021,5.0,0.0,0.0006349206349206349,-0.028756682404621682,5499.8963146893275,True
2017-03-10 14:30:00+00:00,0.0,5.0,0.0,0.0006349206349206349,-0.0006349206349206349,5496.404317029208,True
2017-03-13 13:30:00+00:00,0.004524806850068952,5.0,0.0,0.0006349206349206349,0.021989113615424126,5617.265376032671,True
2017-03-14 13:30:00+00:00,0.0,5.0,0.0,0.0006349206349206349,-0.0006349206349206349,5613.698858333602,True
2017-03-15 13:30:00+00:00,0.0022521780755548892,5.0,0.0,0.0006349206349206349,0.010625969742853812,5673.349852547749,True
2017-03-16 13:30:00+00:00,-0.0011233863592086113,5.0,0.0,0.0006349206349206349,-0.006251852430963691,5637.88090648039,True
2017-03-17 13:30:00+00:00,0.005624145452037599,5.0,0.0,0.0006349206349206349,0.02748580662526736,5792.842610852198,True
2017-03-20 13:30:00+00:00,0.0011185657011270056,5.0,0.0,0.0006349206349206349,0.004957907870714393,5821.562990826352,True
2017-03-21 13:30:00+00:00,0.003352016234579702,5.0,0.0,0.0006349206349206349,0.016125160537977877,5915.436628635379,True
2017-03-22 13:30:00+00:00,-0.008908801840505132,5.0,0.0,0.0006349206349206349,-0.04517892983744629,5648.183532232401,True
2017-03-23 13:30:00+00:00,0.002247254947185029,5.0,0.0,0.0006349206349206349,0.01060135410100451,5708.061925885059,True
2017-03-24 13:30:00+00:00,0.0,5.0,0.0,0.0006349206349206349,-0.0006349206349206349,5704.43775958291,True
2017-03-27 13:30:00+00:00,-0.005605368451419235,5.0,0.0,0.0006349206349206349,-0.028661762892016808,5540.938517085477,True
2017-03-28 13:30:00+00:00,0.0,5.0,0.0,0.0006349206349206349,-0.0006349206349206349,5537.420460884153,True
2017-03-29 13:30:00+00:00,0.0,5.0,0.0,0.0006349206349206349,-0.0006349206349206349,5533.904638369306,True
2017-03-30 13:30:00+00:00,-0.004509503454170893,5.0,0.0,0.0006349206349206349,-0.0231824379057751,5405.615237713829,True
2017-03-31 13:30:00+00:00,0.002264930879300575,5.0,0.0,0.0006349206349206349,0.010689733761582242,5463.399825422543,True
2017-04-03 13:30:00+00:00,-0.0033899613166700204,5.0,0.0,0.0006349206349206349,-0.017584727218270736,5367.327429808139,True
2017-04-04 13:30:00+00:00,-0.0011335063460992112,5.0,0.0,0.0006349206349206349,-0.006302452365416691,5333.500104352178,True
2017-04-05 13:30:00+00:00,0.0,5.0,0.0,0.0006349206349206349,-0.0006349206349206349,5330.113755079573,True
2017-04-06 13:30:00+00:00,-0.0011352102021380261,5.0,0.0,0.0006349206349206349,-0.006310971645610766,5296.475558303387,True
2017-04-07 13:30:00+00:00,0.0,5.0,0.0,0.0006349206349206349,-0.0006349206349206349,5293.112716679067,True
2017-04-10 13:30:00+00:00,0.0022725827019656197,5.0,0.0,0.0006349206349206349,0.010727992874907465,5349.897192189682,True
2017-04-11 13:30:00+00:00,-0.002267429780268948,5.0,0.0,0.0006349206349206349,-0.011972069536265374,5285.847850992916,True
2017-04-12 13:30:00+00:00,0.0,5.0,0.0,0.0006349206349206349,-0.0006349206349206349,5282.49175711927,True
2017-04-13 13:30:00+00:00,-0.0011362913509828099,5.0,0.0,0.0006349206349206349,-0.006316377389834684,5249.125545622614,True
2017-04-17 13:30:00+00:00,-0.0022753074594650258,5.0,0.0,0.0006349206349206349,-0.012011457932245763,5186.075894950291,True
2017-04-18 13:30:00+00:00,-0.0011402481448421486,5.0,0.0,0.0006349206349206349,-0.006336161359131378,5153.216081259183,True
2017-04-19 13:30:00+00:00,-0.004566199179511954,5.0,0.0,0.0006349206349206349,-0.023465916532480403,5032.291142822519,True
2017-04-20 13:30:00+00:00,-0.003440569683471506,5.0,0.0,0.0006349206349206349,-0.017837769052278164,4942.526295613026,True
2017-04-21 13:30:00+00:00,0.0,5.0,0.0,0.0006349206349206349,-0.0006349206349206349,4939.388183679303,True
2017-04-24 13:30:00+00:00,-0.002301349829374244,5.0,0.0,0.0006349206349206349,-0.012141669781791854,4879.415763428985,True
2017-04-25 13:30:00+00:00,-0.006920611226957862,5.0,0.0,0.0006349206349206349,-0.035237976769709946,4707.475024107517,True
2017-04-26 13:30:00+00:00,-0.001161366494480509,5.0,0.0,0.0006349206349206349,-0.0064417531073231804,4677.150632243326,True
2017-04-27 13:30:00+00:00,-0.002325576255624018,5.0,0.0,0.0006349206349206349,-0.012262801913040723,4619.795660522673,True
2017-04-28 13:30:00+00:00,0.0034964242917916444,5.0,0.0,0.0006349206349206349,0.016847200824037588,4697.626285781516,True
2017-05-01 13:30:00+00:00,-0.004645608398241352,5.0,0.0,0.0006349206349206349,-0.023862962626127394,4585.527005292399,True
2017-05-02 13:30:00+00:00,-0.0023337169443160555,5.0,0.0,0.0006349206349206349,-0.012303505356500911,4529.108949220404,True
2017-05-03 13:30:00+00:00,-0.0011695879593967007,5.0,0.0,0.0006349206349206349,-0.006482860431904138,4499.74736802172,True
2017-05-04 13:30:00+00:00,0.0,5.0,0.0,0.0006349206349206349,-0.0006349206349206349,4496.890385565833,True
2017-05-05 13:30:00+00:00,0.0,5.0,0.0,0.0006349206349206349,-0.0006349206349206349,4494.03521706706,True
2017-05-08 13:30:00+00:00,0.0023419149943728623,5.0,0.0,0.0006349206349206349,0.011074654336943678,4543.80510367413,True
2017-05-09 13:30:00+00:00,0.004672814859721708,5.0,0.0,0.0006349206349206349,0.022729153663687905,4647.081948093389,True
2017-05-10 13:30:00+00:00,-0.0011626455418981552,5.0,0.0,0.0006349206349206349,-0.006448148344411411,4617.116874323447,True
2017-05-11 13:30:00+00:00,0.00232806909590888,5.0,0.0,0.0006349206349206349,0.011005424844623767,4667.930207082658,True
2017-05-12 13:30:00+00:00,-0.003484241903760843,5.0,0.0,0.0006349206349206349,-0.01805613015372485,4583.64545171507,True
2017-05-15 13:30:00+00:00,0.0,5.0,0.0,0.0006349206349206349,-0.0006349206349206349,4580.7352006346155,True
2017-05-16 13:30:00+00:00,0.0,5.0,0.0,0.0006349206349206349,-0.0006349206349206349,4577.826797332625,True
2017-05-17 13:30:00+00:00,0.00233099716728824,5.0,0.0,0.0006349206349206349,0.011020065201520567,4628.274747120498,True
2017-05-18 13:30:00+00:00,-0.006976657473915182,5.0,0.0,0.0006349206349206349,-0.035518208004496545,4463.8867219503145,True
2017-05-19 13:30:00+00:00,0.0011709574971863201,5.0,0.0,0.0006349206349206349,0.005219866851010966,4487.187616276891,True
2017-05-22 13:30:00+00:00,-0.002339319338530932,5.0,0.0,0.0006349206349206349,-0.012331517327575293,4431.853784434691,True
2017-05-23 13:30:00+00:00,0.0,5.0,0.0,0.0006349206349206349,-0.0006349206349206349,4429.039909016002,True
2017-05-24 13:30:00+00:00,-0.0011721147805635601,5.0,0.0,0.0006349206349206349,-0.0064954945377384355,4400.271104479562,True
2017-05-25 13:30:00+00:00,-0.0011737061329132326,5.0,0.0,0.0006349206349206349,-0.006503451299486798,4371.654155647041,True
2017-05-26 13:30:00+00:00,-0.003525472154115916,5.0,0.0,0.0006349206349206349,-0.018262281405500215,4291.817777249091,True
2017-05-30 13:30:00+00:00,-0.0011790981215263896,5.0,0.0,0.0006349206349206349,-0.006530411242552583,4263.7904421855565,True
2017-05-31 13:30:00+00:00,0.0023612696189148075,5.0,0.0,0.0006349206349206349,0.011171427459653403,4311.4230678135955,True
2017-06-01 13:30:00+00:00,0.0,5.0,0.0,0.0006349206349206349,-0.0006349206349206349,4308.685656341968,True
2017-06-02 13:30:00+00:00,0.0011778535795843315,5.0,0.0,0.0006349206349206349,0.005254347263001022,4331.3249870275,True
2017-06-05 13:30:00+00:00,-0.002353080008759667,5.0,0.0,0.0006349206349206349,-0.01240032067871897,4277.615168224611,True
2017-06-06 13:30:00+00:00,0.0023586300539877314,5.0,0.0,0.0006349206349206349,0.011158229635018023,4325.345780561898,True
2017-06-07 13:30:00+00:00,-0.004705943622447695,5.0,0.0,0.0006349206349206349,-0.024164638747159108,4220.82536231807,True
2017-06-08 13:30:00+00:00,0.0023639884098689556,5.0,0.0,0.0006349206349206349,0.011185021414424144,4268.035384382143,True
2017-06-09 13:30:00+00:00,0.0,5.0,0.0,0.0006349206349206349,-0.0006349206349206349,4265.325520646027,True
2017-06-12 13:30:00+00:00,-0.003537655873691592,5.0,0.0,0.0006349206349206349,-0.018323200003378594,4187.171108051715,True
2017-06-13 13:30:00+00:00,0.004733789721521164,5.0,0.0,0.0006349206349206349,0.023034027972685188,4283.618524480998,True
2017-06-14 13:30:00+00:00,-0.0047114865349887625,5.0,0.0,0.0006349206349206349,-0.024192353309864446,4179.987711692073,True
2017-06-15 13:30:00+00:00,0.0,5.0,0.0,0.0006349206349206349,-0.0006349206349206349,4177.333751240205,True
2017-06-16 13:30:00+00:00,0.0,5.0,0.0,0.0006349206349206349,-0.0006349206349206349,4174.681475842592,True
2017-06-19 13:30:00+00:00,0.0011834292907528798,5.0,0.0,0.0006349206349206349,0.005282225818843764,4196.733086119737,True
2017-06-20 13:30:00+00:00,-0.004728121765224413,5.0,0.0,0.0006349206349206349,-0.0242755294610427,4094.8551684475046,True
2017-06-21 13:30:00+00:00,0.004750583100579853,5.0,0.0,0.0006349206349206349,0.02311799486797863,4189.520009216791,True
2017-06-22 13:30:00+00:00,0.0,5.0,0.0,0.0006349206349206349,-0.0006349206349206349,4186.859996512526,True
2017-06-23 13:30:00+00:00,-0.0011820304413060478,5.0,0.0,0.0006349206349206349,-0.006545072841450874,4159.4566928583945,True
2017-06-26 13:30:00+00:00,0.0,5.0,0.0,0.0006349206349206349,-0.0006349206349206349,4156.81576797404,True
2017-06-27 13:30:00+00:00,0.0035502153137492165,5.0,0.0,0.0006349206349206349,0.01711615593382545,4227.964474846868,True
2017-06-28 13:30:00+00:00,0.005896213625856905,5.0,0.0,0.0006349206349206349,0.028846147494363893,4349.924961689232,True
2017-06-29 13:30:00+00:00,0.0023448045852423327,5.0,0.0,0.0006349206349206349,0.01108910229129103,4398.161724548845,True
2017-06-30 13:30:00+00:00,0.0035086921683213923,5.0,0.0,0.0006349206349206349,0.016908540206686327,4472.528218903888,True
2017-07-03 13:30:00+00:00,-0.0023309257081475243,5.0,0.0,0.0006349206349206349,-0.012289549175658256,4417.562863418149,True
2017-07-05 13:30:00+00:00,-0.003504808116554514,5.0,0.0,0.0006349206349206349,-0.018158961217693205,4337.344510704617,True
2017-07-06 13:30:00+00:00,0.0035171349998490697,5.0,0.0,0.0006349206349206349,0.016950754364324715,4410.865772099023,True
2017-07-07 13:30:00+00:00,0.0,5.0,0.0,0.0006349206349206349,-0.0006349206349206349,4408.0652224024525,True
2017-07-10 13:30:00+00:00,0.0023363716168129933,5.0,0.0,0.0006349206349206349,0.011046937449144333,4456.760843186081,True
2017-07-11 13:30:00+00:00,0.005827492918220489,5.0,0.0,0.0006349206349206349,0.028502543956181813,4583.789865021183,True
2017-07-12 13:30:00+00:00,0.002317491999075605,5.0,0.0,0.0006349206349206349,0.01095253936045739,4633.9940039378935,True
2017-07-13 13:30:00+00:00,0.0,5.0,0.0,0.0006349206349206349,-0.0006349206349206349,4631.051785522694,True
2017-07-14 13:30:00+00:00,0.003468342233488464,5.0,0.0,0.0006349206349206349,0.016706790532521686,4708.421797648683,True
2017-07-17 13:30:00+00:00,-0.0011520710472537887,5.0,0.0,0.0006349206349206349,-0.0063952758711895786,4678.310141334797,True
2017-07-18 13:30:00+00:00,0.0011533998458219674,5.0,0.0,0.0006349206349206349,0.005132078594189202,4702.3195966681205,True
2017-07-19 13:30:00+00:00,-0.004608284189015044,5.0,0.0,0.0006349206349206349,-0.023676341579995853,4590.985871679098,True
2017-07-20 13:30:00+00:00,0.0,5.0,0.0,0.0006349206349206349,-0.0006349206349206349,4588.070960014539,True
2017-07-21 13:30:00+00:00,-0.0011575466227945475,5.0,0.0,0.0006349206349206349,-0.006422653748893372,4558.603368863013,True
2017-07-24 13:30:00+00:00,0.0011588880897890341,5.0,0.0,0.0006349206349206349,0.005159519814024536,4582.123573268941,True
2017-07-25 13:30:00+00:00,0.0,5.0,0.0,0.0006349206349206349,-0.0006349206349206349,4579.2142884605155,True
2017-07-26 13:30:00+00:00,0.0034722140910579125,5.0,0.0,0.0006349206349206349,0.016726149820368928,4655.806912708881,True
2017-07-27 13:30:00+00:00,0.0,5.0,0.0,0.0006349206349206349,-0.0006349206349206349,4652.850844827795,True
2017-07-28 13:30:00+00:00,0.003460128820124364,5.0,0.0,0.0006349206349206349,0.016665723465701186,4730.393970334851,True
2017-07-31 13:30:00+00:00,0.0022989863374445196,5.0,0.0,0.0006349206349206349,0.010860011052301964,4781.76610113443,True
2017-08-01 13:30:00+00:00,0.0011466456256117308,5.0,0.0,0.0006349206349206349,0.005098307493138019,4806.1450150782775,True
2017-08-02 13:30:00+00:00,-0.0011453323352994538,5.0,0.0,0.0006349206349206349,-0.006361582311417904,4775.570327964246,True
2017-08-03 13:30:00+00:00,-0.003440569683471506,5.0,0.0,0.0006349206349206349,-0.017837769052278164,4690.384807361107,True
2017-08-04 13:30:00+00:00,-0.003452165853254474,5.0,0.0,0.0006349206349206349,-0.017895749901193005,4606.446853908217,True
2017-08-07 13:30:00+00:00,0.0,5.0,0.0,0.0006349206349206349,-0.0006349206349206349,4603.522125747006,True
2017-08-08 13:30:00+00:00,0.0034641245858613168,5.0,0.0,0.0006349206349206349,0.01668570229438595,4680.335125442839,True
2017-08-09 13:30:00+00:00,-0.003452165853254474,5.0,0.0,0.0006349206349206349,-0.017895749901193005,4596.577018584146,True
2017-08-10 13:30:00+00:00,0.0,5.0,0.0,0.0006349206349206349,-0.0006349206349206349,4593.658556985044,True
2017-08-11 13:30:00+00:00,-0.0011548025939622786,5.0,0.0,0.0006349206349206349,-0.006408933604732028,4564.218104290518,True
2017-08-14 13:30:00+00:00,0.0011561377047828447,5.0,0.0,0.0006349206349206349,0.005145767888993589,4587.704511249939,True
2017-08-15 13:30:00+00:00,-0.0034642661838740763,5.0,0.0,0.0006349206349206349,-0.017956251554291015,4505.32653498918,True
2017-08-16 13:30:00+00:00,0.002317491999075605,5.0,0.0,0.0006349206349206349,0.01095253936045739,4554.6713011953625,True
2017-08-17 13:30:00+00:00,-0.0011559250622033002,5.0,0.0,0.0006349206349206349,-0.006414545945937136,4525.455152865203,True
2017-08-18 13:30:00+00:00,0.0034722140910579125,5.0,0.0,0.0006349206349206349,0.016726149820368928,4601.148593757388,True
2017-08-21 13:30:00+00:00,0.0023066582569604144,5.0,0.0,0.0006349206349206349,0.010898370649881438,4651.293616547337,True
2017-08-22 13:30:00+00:00,0.0,5.0,0.0,0.0006349206349206349,-0.0006349206349206349,4648.340414251116,True
2017-08-23 13:30:00+00:00,0.0023015614931638506,5.0,0.0,0.0006349206349206349,0.010872886830898619,4698.881293526761,True
2017-08-24 13:30:00+00:00,-0.0022962764716589756,5.0,0.0,0.0006349206349206349,-0.012116302993215512,4641.948224045238,True
2017-08-25 13:30:00+00:00,0.0023015614931638506,5.0,0.0,0.0006349206349206349,0.010872886830898619,4692.4196017601735,True
2017-08-28 13:30:00+00:00,-0.0011481030395377179,5.0,0.0,0.0006349206349206349,-0.006375435832609224,4662.503381689474,True
2017-08-29 13:30:00+00:00,-0.002298774916961066,5.0,0.0,0.0006349206349206349,-0.012128795219725964,4605.952832961681,True
2017-08-30 13:30:00+00:00,-0.0011520710472537887,5.0,0.0,0.0006349206349206349,-0.0063952758711895786,4576.496493945205,True
2017-08-31 13:30:00+00:00,0.0046135286659463315,5.0,0.0,0.0006349206349206349,0.022432722694811023,4679.159770707653,True
2017-09-01 13:30:00+00:00,0.0,5.0,0.0,0.0006349206349206349,-0.0006349206349206349,4676.18887561514,True
2017-09-05 13:30:00+00:00,-0.0045923417655671095,5.0,0.0,0.0006349206349206349,-0.02359662946275618,4565.846579419387,True
2017-09-06 13:30:00+00:00,0.0046135286659463315,5.0,0.0,0.0006349206349206349,0.022432722694811023,4668.270949602554,True
2017-09-07 13:30:00+00:00,0.0022962060790754357,5.0,0.0,0.0006349206349206349,0.010846109760456545,4718.903528713494,True
2017-09-08 13:30:00+00:00,-0.006872766556295762,5.0,0.0,0.0006349206349206349,-0.03499875341639944,4553.747787716273,True
2017-09-11 13:30:00+00:00,0.0046135286659463315,5.0,0.0,0.0006349206349206349,0.022432722694811023,4655.900749060222,True
2017-09-12 13:30:00+00:00,0.0,5.0,0.0,0.0006349206349206349,-0.0006349206349206349,4652.944621600501,True
2017-09-13 13:30:00+00:00,0.0011482438247050197,5.0,0.0,0.0006349206349206349,0.005106298488604464,4676.703945689341,True
2017-09-14 13:30:00+00:00,0.003440218124229011,5.0,0.0,0.0006349206349206349,0.01656616998622442,4754.179018228877,True
2017-09-15 13:30:00+00:00,-0.0022857091605364976,5.0,0.0,0.0006349206349206349,-0.012063466437603122,4696.827139204115,True
2017-09-18 13:30:00+00:00,0.0022909455958712854,5.0,0.0,0.0006349206349206349,0.010819807344435793,4747.645903980422,True
2017-09-19 13:30:00+00:00,0.0,5.0,0.0,0.0006349206349206349,-0.0006349206349206349,4744.631525628688,True
2017-09-20 13:30:00+00:00,-0.0034284235992253498,5.0,0.0,0.0006349206349206349,-0.017777038631047383,4660.2860277075015,True
2017-09-21 13:30:00+00:00,0.00458714499723456,5.0,0.0,0.0006349206349206349,0.022300804351252167,4764.214154632281,True
2017-09-22 13:30:00+00:00,-0.003424789366215153,5.0,0.0,0.0006349206349206349,-0.0177588674659964,4679.607106880541,True
2017-09-25 13:30:00+00:00,-0.0022909455958712854,5.0,0.0,0.0006349206349206349,-0.012089648614277061,4623.032301305482,True
2017-09-26 13:30:00+00:00,0.0022962060790754357,5.0,0.0,0.0006349206349206349,0.010846109760456545,4673.174217071578,True
2017-09-27 13:30:00+00:00,0.0,5.0,0.0,0.0006349206349206349,-0.0006349206349206349,4670.20712233058,True
2017-09-28 13:30:00+00:00,0.0,5.0,0.0,0.0006349206349206349,-0.0006349206349206349,4667.2419114592585,True
2017-09-29 13:30:00+00:00,0.0,5.0,0.0,0.0006349206349206349,-0.0006349206349206349,4664.278583261507,True
2017-10-02 13:30:00+00:00,-0.003436418393806928,5.0,0.0,0.0006349206349206349,-0.017817012603955275,4581.175072955178,True
2017-10-03 13:30:00+00:00,0.003448268085683326,5.0,0.0,0.0006349206349206349,0.016606419793495995,4657.251989364172,True
2017-10-04 13:30:00+00:00,0.0011455430292537372,5.0,0.0,0.0006349206349206349,0.005092794511348051,4680.970416733571,True
2017-10-05 13:30:00+00:00,0.0,5.0,0.0,0.0006349206349206349,-0.0006349206349206349,4677.998372024534,True
2017-10-06 13:30:00+00:00,-0.0011442322619621415,5.0,0.0,0.0006349206349206349,-0.006356081944731342,4648.264631034625,True
2017-10-09 13:30:00+00:00,0.0011455430292537372,5.0,0.0,0.0006349206349206349,0.005092794511348051,4671.9372876348525,True
2017-10-10 13:30:00+00:00,0.0022883943729672396,5.0,0.0,0.0006349206349206349,0.010807051229915564,4722.427153245276,True
2017-10-11 13:30:00+00:00,0.002282959608174817,5.0,0.0,0.0006349206349206349,0.010779877405953452,4773.334339015805,True
2017-10-12 13:30:00+00:00,-0.001138809956165443,5.0,0.0,0.0006349206349206349,-0.00632897041574785,4743.124047199701,True
2017-10-13 13:30:00+00:00,-0.0011402481448421486,5.0,0.0,0.0006349206349206349,-0.006336161359131378,4713.070847890267,True
2017-10-16 13:30:00+00:00,0.0,5.0,0.0,0.0006349206349206349,-0.0006349206349206349,4710.078421955099,True
2017-10-17 13:30:00+00:00,-0.003424789366215153,5.0,0.0,0.0006349206349206349,-0.0177588674659964,4626.432763505149,True
2017-10-18 13:30:00+00:00,0.0011455430292537372,5.0,0.0,0.0006349206349206349,0.005092794511348051,4649.994234890249,True
2017-10-19 13:30:00+00:00,0.0034325564839723377,5.0,0.0,0.0006349206349206349,0.016527861784941054,4726.848696905288,True
2017-10-20 13:30:00+00:00,-0.0034208143455101148,5.0,0.0,0.0006349206349206349,-0.017738992362471208,4642.9991639723285,True
2017-10-23 13:30:00+00:00,0.0,5.0,0.0,0.0006349206349206349,-0.0006349206349206349,4640.051227995203,True
2017-10-24 13:30:00+00:00,0.0022883943729672396,5.0,0.0,0.0006349206349206349,0.010807051229915564,4690.196499325581,True
2017-10-25 13:30:00+00:00,0.002282959608174817,5.0,0.0,0.0006349206349206349,0.010779877405953452,4740.756242598142,True
2017-10-26 13:30:00+00:00,-0.0034168488567069,5.0,0.0,0.0006349206349206349,-0.017719164918455134,4656.75400089735,True
2017-10-27 13:30:00+00:00,-0.0011427845094785782,5.0,0.0,0.0006349206349206349,-0.006348843182313526,4627.189000007042,True
2017-10-30 13:30:00+00:00,-0.002288254071052931,5.0,0.0,0.0006349206349206349,-0.012076190990185288,4571.310181895272,True
2017-10-31 13:30:00+00:00,-0.0022937131223143004,5.0,0.0,0.0006349206349206349,-0.012103486246492136,4515.981391980253,True
2017-11-01 13:30:00+00:00,0.006896677118355621,5.0,0.0,0.0006349206349206349,0.03384846495685747,4668.840429872517,True
2017-11-02 13:30:00+00:00,-0.003424789366215153,5.0,0.0,0.0006349206349206349,-0.0177588674659964,4585.927111458525,True
2017-11-03 13:30:00+00:00,-0.0011453323352994538,5.0,0.0,0.0006349206349206349,-0.006361582311417904,4556.753358664819,True
2017-11-06 14:30:00+00:00,0.0,5.0,0.0,0.0006349206349206349,-0.0006349206349206349,4553.860181929159,True
2017-11-07 14:30:00+00:00,-0.0011469268730056603,5.0,0.0,0.0006349206349206349,-0.0063695549999489365,4524.854119038283,True
2017-11-08 14:30:00+00:00,-0.0022962764716589756,5.0,0.0,0.0006349206349206349,-0.012116302993215512,4470.029615531916,True
2017-11-09 14:30:00+00:00,0.0023015614931638506,5.0,0.0,0.0006349206349206349,0.010872886830898619,4518.63174167236,True
2017-11-10 14:30:00+00:00,0.005740655982855669,5.0,0.0,0.0006349206349206349,0.02806835927935771,4645.46232084873,True
2017-11-13 14:30:00+00:00,0.002282959608174817,5.0,0.0,0.0006349206349206349,0.010779877405953452,4695.539835161456,True
2017-11-14 14:30:00+00:00,-0.002277759575067706,5.0,0.0,0.0006349206349206349,-0.012023718510259164,4639.081985929765,True
2017-11-15 14:30:00+00:00,-0.005707888955971185,5.0,0.0,0.0006349206349206349,-0.02917436541477656,4503.739712883143,True
2017-11-16 14:30:00+00:00,0.0011482438247050197,5.0,0.0,0.0006349206349206349,0.005106298488604464,4526.737152172107,True
2017-11-17 14:30:00+00:00,0.0011466456256117308,5.0,0.0,0.0006349206349206349,0.005098307493138019,4549.815850114493,True
2017-11-20 14:30:00+00:00,-0.0011453323352994538,5.0,0.0,0.0006349206349206349,-0.006361582311417904,4520.871822082196,True
2017-11-21 14:30:00+00:00,0.00458714499723456,5.0,0.0,0.0006349206349206349,0.022300804351252167,4621.69090008354,True
2017-11-22 14:30:00+00:00,-0.0011416897764592315,5.0,0.0,0.0006349206349206349,-0.006343369517216793,4592.373806909952,True
2017-11-24 14:30:00+00:00,0.0,5.0,0.0,0.0006349206349206349,-0.0006349206349206349,4589.458014016675,True
2017-11-27 14:30:00+00:00,-0.0022857091605364976,5.0,0.0,0.0006349206349206349,-0.012063466437603122,4534.093241297797,True
2017-11-28 14:30:00+00:00,-0.004581961423060665,5.0,0.0,0.0006349206349206349,-0.02354472775022396,4427.33925033731,True
2017-11-29 14:30:00+00:00,0.00115081602388023,5.0,0.0,0.0006349206349206349,0.0051191594844805155,4450.0035060516875,True
2017-11-30 14:30:00+00:00,0.0011494226952277753,5.0,0.0,0.0006349206349206349,0.0051121928412182415,4472.752782118721,True
2017-12-01 14:30:00+00:00,0.0,5.0,0.0,0.0006349206349206349,-0.0006349206349206349,4469.9129390824555,True
2017-12-04 14:30:00+00:00,0.0011482438247050197,5.0,0.0,0.0006349206349206349,0.005106298488604464,4492.7376487674865,True
2017-12-05 14:30:00+00:00,-0.0022937131223143004,5.0,0.0,0.0006349206349206349,-0.012103486246492136,4438.359860426532,True
2017-12-06 14:30:00+00:00,-0.012643579174011155,5.0,0.0,0.0006349206349206349,-0.06385281650497641,4154.958082675664,True
2017-12-07 14:30:00+00:00,0.003492353459659814,5.0,0.0,0.0006349206349206349,0.016826846663378435,4224.872925225613,True
2017-12-08 14:30:00+00:00,0.0011600190394196463,5.0,0.0,0.0006349206349206349,0.005165174562177597,4246.695131387421,True
2017-12-11 14:30:00+00:00,0.002317491999075605,5.0,0.0,0.0006349206349206349,0.01095253936045739,4293.207226965805,True
2017-12-12 14:30:00+00:00,-0.00693625918181795,5.0,0.0,0.0006349206349206349,-0.03531621654401038,4141.58739086997,True
2017-12-13 14:30:00+00:00,-0.0023283545996762856,5.0,0.0,0.0006349206349206349,-0.012276693633302062,4090.742391316712,True
2017-12-14 14:30:00+00:00,0.0023337884868341874,5.0,0.0,0.0006349206349206349,0.011034021799250303,4135.879732037618,True
2017-12-15 14:30:00+00:00,-0.0046566378234106365,5.0,0.0,0.0006349206349206349,-0.023918109751973816,4036.9573066857783,True
2017-12-18 14:30:00+00:00,0.0023391759187934014,5.0,0.0,0.0006349206349206349,0.011060958959046373,4081.6099257744527,True
2017-12-19 14:30:00+00:00,0.0023337884868341874,5.0,0.0,0.0006349206349206349,0.011034021799250303,4126.646498671485,True
2017-12-20 14:30:00+00:00,0.004656423695585055,5.0,0.0,0.0006349206349206349,0.02264719784300464,4220.10347835504,True
2017-12-21 14:30:00+00:00,0.002317491999075605,5.0,0.0,0.0006349206349206349,0.01095253936045739,4266.324327806928,True
2017-12-22 14:30:00+00:00,0.0023122754095654674,5.0,0.0,0.0006349206349206349,0.010926456412906703,4312.940134618034,True
2017-12-26 14:30:00+00:00,0.0011533998458219674,5.0,0.0,0.0006349206349206349,0.005132078594189202,4335.0744823609275,True
2017-12-27 14:30:00+00:00,-0.0023042127303780635,5.0,0.0,0.0006349206349206349,-0.012155984286810952,4282.377385071192,True
2017-12-28 14:30:00+00:00,0.002309534388918122,5.0,0.0,0.0006349206349206349,0.010912751309669975,4329.10990448863,True
2017-12-29 14:30:00+00:00,-0.0023042127303780635,5.0,0.0,0.0006349206349206349,-0.012155984286810952,4276.485312513789,True
2018-01-02 14:30:00+00:00,0.005773658974779439,5.0,0.0,0.0006349206349206349,0.02823337423897656,4397.224922769477,True
2018-01-03 14:30:00+00:00,0.0022962060790754357,5.0,0.0,0.0006349206349206349,0.010846109760456545,4444.917706923251,True
2018-01-04 14:30:00+00:00,0.008018379816867593,5.0,0.0,0.0006349206349206349,0.03945697844941733,4620.300729094755,True
2018-01-05 14:30:00+00:00,0.0022725827019656197,5.0,0.0,0.0006349206349206349,0.010727992874907465,4669.867282396414,True
2018-01-08 14:30:00+00:00,0.0011339929488480838,5.0,0.0,0.0006349206349206349,0.005035044109319784,4693.38027014795,True
2018-01-09 14:30:00+00:00,0.0056624313521593805,5.0,0.0,0.0006349206349206349,0.02767723612587627,4823.280064113364,True
2018-01-10 14:30:00+00:00,0.0011262616502176748,5.0,0.0,0.0006349206349206349,0.004996387616167739,4847.379040895009,True
2018-01-11 14:30:00+00:00,-0.0011249946119296084,5.0,0.0,0.0006349206349206349,-0.006259893694568677,4817.034963401726,True
2018-01-12 14:30:00+00:00,0.003378439725772786,5.0,0.0,0.0006349206349206349,0.016257277993943296,4895.346839908292,True
2018-01-16 14:30:00+00:00,0.0078563228087829,5.0,0.0,0.0006349206349206349,0.03864669340899387,5084.535808360915,True
2018-01-17 14:30:00+00:00,0.0033407494831156903,5.0,0.0,0.0006349206349206349,0.016068826780657817,5166.238333525519,True
2018-01-18 14:30:00+00:00,0.0,5.0,0.0,0.0006349206349206349,-0.0006349206349206349,5162.958182202646,True
2018-01-19 14:30:00+00:00,0.0022197506911032505,5.0,0.0,0.0006349206349206349,0.010463832820595619,5216.982513480941,True
2018-01-22 14:30:00+00:00,0.0033223193647131666,5.0,0.0,0.0006349206349206349,0.0159766761886452,5300.332553780651,True
2018-01-23 14:30:00+00:00,0.003311115088792338,5.0,0.0,0.0006349206349206349,0.015920654809041056,5384.717318742517,True
2018-01-24 14:30:00+00:00,0.007700752936278921,5.0,0.0,0.0006349206349206349,0.03786884404647397,5588.6303391203255,True
2018-01-25 14:30:00+00:00,0.0010917675798107762,5.0,0.0,0.0006349206349206349,0.004823917264133246,5615.589429496067,True
2018-01-26 14:30:00+00:00,0.0054526171706592574,5.0,0.0,0.0006349206349206349,0.026628165218375653,5765.122272623254,True
2018-01-29 14:30:00+00:00,-0.001084529675276169,5.0,0.0,0.0006349206349206349,-0.00605756901130148,5730.1996465982465,True
2018-01-30 14:30:00+00:00,0.0,5.0,0.0,0.0006349206349206349,-0.0006349206349206349,5726.561424600406,True
2018-01-31 14:30:00+00:00,0.002171480884856969,5.0,0.0,0.0006349206349206349,0.01022248378936421,5785.101105932182,True
2018-02-01 14:30:00+00:00,0.0054171054987108835,5.0,0.0,0.0006349206349206349,0.026450606858633784,5938.120540922642,True
2018-02-02 14:30:00+00:00,0.0010777158528683106,5.0,0.0,0.0006349206349206349,0.004753658629420918,5966.348338874541,True
2018-02-05 14:30:00+00:00,-0.007535097449337891,5.0,0.0,0.0006349206349206349,-0.03831040788161009,5737.77510044849,True
2018-02-06 14:30:00+00:00,-0.011930624414186686,5.0,0.0,0.0006349206349206349,-0.06028804270585406,5391.855870156065,True
2018-02-07 14:30:00+00:00,-0.0032930769870653798,5.0,0.0,0.0006349206349206349,-0.017100305570247533,5299.653487185663,True
2018-02-08 14:30:00+00:00,0.006607914344792132,5.0,0.0,0.0006349206349206349,0.032404651089040025,5471.3869093307285,True
2018-02-09 14:30:00+00:00,-0.012034983492062334,5.0,0.0,0.0006349206349206349,-0.060809838095232306,5138.672757217953,True
2018-02-12 14:30:00+00:00,0.0,5.0,0.0,0.0006349206349206349,-0.0006349206349206349,5135.410107848292,True
2018-02-13 14:30:00+00:00,0.0022148343111105806,5.0,0.0,0.0006349206349206349,0.010439250920632269,5189.019942544472,True
2018-02-14 14:30:00+00:00,0.008839894139689886,5.0,0.0,0.0006349206349206349,0.043564550063528794,5415.0772616121,True
2018-02-15 14:30:00+00:00,0.006571591315222225,5.0,0.0,0.0006349206349206349,0.03222303594119049,5589.56749083735,True
2018-02-16 14:30:00+00:00,-0.0021762736271129235,5.0,0.0,0.0006349206349206349,-0.011516288770485252,5525.1964175107505,True
2018-02-20 14:30:00+00:00,0.0032715970469709976,5.0,0.0,0.0006349206349206349,0.015723064599934354,5612.069437710598,True
2018-02-21 14:30:00+00:00,0.0032608619591762977,5.0,0.0,0.0006349206349206349,0.015669389160960855,5700.007137728421,True
2018-02-22 14:30:00+00:00,-0.003250263299226508,5.0,0.0,0.0006349206349206349,-0.016886237131053174,5603.755465552043,True
2018-02-23 14:30:00+00:00,0.0032608619591762977,5.0,0.0,0.0006349206349206349,0.015669389160960855,5691.56289070464,True
2018-02-26 14:30:00+00:00,0.0,5.0,0.0,0.0006349206349206349,-0.0006349206349206349,5687.949199980383,True
2018-02-27 14:30:00+00:00,0.0032501968724270025,5.0,0.0,0.0006349206349206349,0.015616063727214378,5776.7725771644355,True
2018-02-28 14:30:00+00:00,0.0,5.0,0.0,0.0006349206349206349,-0.0006349206349206349,5773.10478505195,True
2018-03-01 14:30:00+00:00,-0.0032396673158493483,5.0,0.0,0.0006349206349206349,-0.016833257214167376,5675.9246272808305,True
2018-03-02 14:30:00+00:00,0.0032501968724270025,5.0,0.0,0.0006349206349206349,0.015616063727214378,5764.560227971314,True
2018-03-05 14:30:00+00:00,-0.00863922319492949,5.0,0.0,0.0006349206349206349,-0.04383103660956809,5511.893577581043,True
2018-03-06 14:30:00+00:00,0.006535865645380001,5.0,0.0,0.0006349206349206349,0.03204440759197937,5688.518941984664,True
2018-03-07 14:30:00+00:00,-0.0032466132120330116,5.0,0.0,0.0006349206349206349,-0.016867986695085692,5592.565080156523,True
2018-03-08 14:30:00+00:00,0.0010857071569065901,5.0,0.0,0.0006349206349206349,0.004793615149612316,5619.373684849954,True
2018-03-09 14:30:00+00:00,0.0,5.0,0.0,0.0006349206349206349,-0.0006349206349206349,5615.805828542113,True
2018-03-12 13:30:00+00:00,0.004338318197641966,5.0,0.0,0.0006349206349206349,0.021056670353289196,5734.056000641805,True
2018-03-13 13:30:00+00:00,0.0,5.0,0.0,0.0006349206349206349,-0.0006349206349206349,5730.415330165207,True
2018-03-14 13:30:00+00:00,-0.00431957849166531,5.0,0.0,0.0006349206349206349,-0.022232813093247185,5603.012077182966,True
2018-03-15 13:30:00+00:00,-0.001084529675276169,5.0,0.0,0.0006349206349206349,-0.00605756901130148,5569.071444854274,True
2018-03-16 13:30:00+00:00,0.0010857071569065901,5.0,0.0,0.0006349206349206349,0.004793615149612316,5595.767430101601,True
2018-03-19 13:30:00+00:00,0.0,5.0,0.0,0.0006349206349206349,-0.0006349206349206349,5592.214561892013,True
2018-03-20 13:30:00+00:00,0.004338318197641966,5.0,0.0,0.0006349206349206349,0.021056670353289196,5709.967980466637,True
2018-03-21 13:30:00+00:00,0.002159888563230794,5.0,0.0,0.0006349206349206349,0.010164522181233336,5768.007076658222,True
2018-03-22 13:30:00+00:00,0.005387918575369577,5.0,0.0,0.0006349206349206349,0.02630467224192725,5919.732612298835,True
2018-03-23 13:30:00+00:00,-0.0064307876612518244,5.0,0.0,0.0006349206349206349,-0.032788858941179756,5725.631334704666,True
2018-03-26 13:30:00+00:00,0.002157558306192575,5.0,0.0,0.0006349206349206349,0.010152870896042242,5783.762930444257,True
2018-03-27 13:30:00+00:00,-0.002152913270283774,5.0,0.0,0.0006349206349206349,-0.011399486986339503,5717.831000186585,True
2018-03-28 13:30:00+00:00,-0.006472476498084689,5.0,0.0,0.0006349206349206349,-0.03299730312534408,5529.157997453938,True
2018-03-29 13:30:00+00:00,0.0,5.0,0.0,0.0006349206349206349,-0.0006349206349206349,5525.647420947618,True
2018-04-02 13:30:00+00:00,-0.0010858402989945004,5.0,0.0,0.0006349206349206349,-0.006064122129893137,5492.139220140263,True
2018-04-03 13:30:00+00:00,0.004347749302160198,5.0,0.0,0.0006349206349206349,0.021103825875880354,5608.044369928197,True
2018-04-04 13:30:00+00:00,-0.004328928207566696,5.0,0.0,0.0006349206349206349,-0.022279561672754113,5483.0995995248395,True
2018-04-05 13:30:00+00:00,-0.003260928602584312,5.0,0.0,0.0006349206349206349,-0.016939563647842194,5390.218284871231,True
2018-04-06 13:30:00+00:00,0.0,5.0,0.0,0.0006349206349206349,-0.0006349206349206349,5386.79592405544,True
2018-04-09 13:30:00+00:00,0.0032715970469709976,5.0,0.0,0.0006349206349206349,0.015723064599934354,5471.492864356027,True
2018-04-10 13:30:00+00:00,0.0010870206298001506,5.0,0.0,0.0006349206349206349,0.004800182514080118,5497.757028729423,True
2018-04-11 13:30:00+00:00,0.007600349524609529,5.0,0.0,0.0006349206349206349,0.03736682698812701,5703.190764444716,True
2018-04-12 13:30:00+00:00,0.0010777158528683106,5.0,0.0,0.0006349206349206349,0.004753658629420918,5730.301786437353,True
2018-04-13 13:30:00+00:00,0.004305562549486108,5.0,0.0,0.0006349206349206349,0.020892892112509907,5850.024363433511,True
2018-04-16 13:30:00+00:00,-0.005359044480069186,5.0,0.0,0.0006349206349206349,-0.027430143035266565,5689.557358384736,True
2018-04-17 13:30:00+00:00,-0.002155233499045117,5.0,0.0,0.0006349206349206349,-0.01141108813014622,5624.633317946686,True
2018-04-18 13:30:00+00:00,0.00431971091486294,5.0,0.0,0.0006349206349206349,0.020963633939394065,5742.54607186744,True
2018-04-19 13:30:00+00:00,0.0010753322629015738,5.0,0.0,0.0006349206349206349,0.004741740679587234,5769.775736180819,True
2018-04-20 13:30:00+00:00,0.0,5.0,0.0,0.0006349206349206349,-0.0006349206349206349,5766.112386507053,True
2018-04-23 13:30:00+00:00,-0.0010741771655394805,5.0,0.0,0.0006349206349206349,-0.0060058064626180374,5731.482231471987,True
2018-04-24 13:30:00+00:00,0.0021505326721753537,5.0,0.0,0.0006349206349206349,0.010117742725956134,5789.471894128411,True
2018-04-25 13:30:00+00:00,0.002145917805822073,5.0,0.0,0.0006349206349206349,0.01009466839418973,5847.9146930771185,True
2018-04-26 13:30:00+00:00,0.002141257058832169,5.0,0.0,0.0006349206349206349,0.01007136465924021,5906.811174447227,True
2018-04-27 13:30:00+00:00,-0.0032050555626372823,5.0,0.0,0.0006349206349206349,-0.016660198448107046,5808.40252808544,True
2018-04-30 13:30:00+00:00,0.0064309190909142,5.0,0.0,0.0006349206349206349,0.031519674819650366,5991.481486992328,True
2018-05-01 13:30:00+00:00,0.0,5.0,0.0,0.0006349206349206349,-0.0006349206349206349,5987.677371762492,True
2018-05-02 13:30:00+00:00,0.0010648949280600561,5.0,0.0,0.0006349206349206349,0.004689554005379646,6015.756908164162,True
2018-05-03 13:30:00+00:00,-0.0021275894917860416,5.0,0.0,0.0006349206349206349,-0.011272868093850842,5947.942074053756,True
2018-05-04 13:30:00+00:00,-0.002132321873797305,5.0,0.0,0.0006349206349206349,-0.011296530003907158,5880.750967952706,True
2018-05-07 13:30:00+00:00,0.0021368783863220386,5.0,0.0,0.0006349206349206349,0.010049471296689559,5939.849406008127,True
2018-05-08 13:30:00+00:00,-0.004264447653988368,5.0,0.0,0.0006349206349206349,-0.021957158904862474,5809.427188729453,True
2018-05-09 13:30:00+00:00,0.003211984054957595,5.0,0.0,0.0006349206349206349,0.015424999639867341,5899.03760102344,True
2018-05-10 13:30:00+00:00,0.0,5.0,0.0,0.0006349206349206349,-0.0006349206349206349,5895.292180324377,True
2018-05-11 13:30:00+00:00,-0.0032017002448224696,5.0,0.0,0.0006349206349206349,-0.016643421859032982,5797.17434558498,True
2018-05-14 13:30:00+00:00,0.0010707926405981727,5.0,0.0,0.0006349206349206349,0.0047190425680702286,5824.53145809632,True
2018-05-15 13:30:00+00:00,0.0032084827907248314,5.0,0.0,0.0006349206349206349,0.015407493318703523,5914.272887621519,True
2018-05-16 13:30:00+00:00,0.004264513018523708,5.0,0.0,0.0006349206349206349,0.020687644457697905,6036.625262346435,True
2018-05-17 13:30:00+00:00,-0.0010618288475610083,5.0,0.0,0.0006349206349206349,-0.005944064872725676,6000.743170174714,True
2018-05-18 13:30:00+00:00,-0.0031879603933971934,5.0,0.0,0.0006349206349206349,-0.0165747226019066,5901.2825167237825,True
2018-05-21 13:30:00+00:00,0.002132125780191174,5.0,0.0,0.0006349206349206349,0.010025708266035237,5960.4470536319095,True
2018-05-22 13:30:00+00:00,-0.0031914820758787155,5.0,0.0,0.0006349206349206349,-0.01659233101431421,5861.549343124756,True
2018-05-23 13:30:00+00:00,-0.0010672988492397284,5.0,0.0,0.0006349206349206349,-0.005971414881119277,5826.547600150805,True
2018-05-24 13:30:00+00:00,-0.0010681771763152437,5.0,0.0,0.0006349206349206349,-0.005975806516496853,5791.729279033146,True
2018-05-25 13:30:00+00:00,-0.008556194547539975,5.0,0.0,0.0006349206349206349,-0.04341589337262051,5540.2761782115585,True
2018-05-29 13:30:00+00:00,-0.010787593110470062,5.0,0.0,0.0006349206349206349,-0.05457288618727094,5237.927316891971,True
2018-05-30 13:30:00+00:00,0.0032715970469709976,5.0,0.0,0.0006349206349206349,0.015723064599934354,5320.283586465224,True
2018-05-31 13:30:00+00:00,0.0,5.0,0.0,0.0006349206349206349,-0.0006349206349206349,5316.905628632548,True
2018-06-01 13:30:00+00:00,0.004347749302160198,5.0,0.0,0.0006349206349206349,0.021103825875880354,5429.112679217698,True
2018-06-04 13:30:00+00:00,0.0021644972812400187,5.0,0.0,0.0006349206349206349,0.01018756577127946,5484.422121716916,True
2018-06-05 13:30:00+00:00,-0.0010798449642173136,5.0,0.0,0.0006349206349206349,-0.006034145456007203,5451.328320892332,True
2018-06-06 13:30:00+00:00,0.0,5.0,0.0,0.0006349206349206349,-0.0006349206349206349,5447.867160053671,True
2018-06-07 13:30:00+00:00,-0.0021621571461382105,5.0,0.0,0.0006349206349206349,-0.011445706365611687,5385.512472220838,True
2018-06-08 13:30:00+00:00,-0.00216677577268487,5.0,0.0,0.0006349206349206349,-0.011468799498344985,5323.747109481101,True
2018-06-11 13:30:00+00:00,-0.002171680597989001,5.0,0.0,0.0006349206349206349,-0.011493323624865638,5262.559561054892,True
2018-06-12 13:30:00+00:00,0.0010882035294861314,5.0,0.0,0.0006349206349206349,0.004806097012510022,5287.851932839433,True
2018-06-13 13:30:00+00:00,0.005434769931960348,5.0,0.0,0.0006349206349206349,0.026538929024881107,5428.18585997914,True
2018-06-14 13:30:00+00:00,0.0010810122898947672,5.0,0.0,0.0006349206349206349,0.004770140814553201,5454.079070898807,True
2018-06-15 13:30:00+00:00,-0.00431957849166531,5.0,0.0,0.0006349206349206349,-0.022232813093247185,5332.819550319723,True
2018-06-18 13:30:00+00:00,0.0010845961741219323,5.0,0.0,0.0006349206349206349,0.004788060235689027,5358.3534115527145,True
2018-06-19 13:30:00+00:00,-0.00216677577268487,5.0,0.0,0.0006349206349206349,-0.011468799498344985,5296.899530634344,True
2018-06-20 13:30:00+00:00,0.003257188041763559,5.0,0.0,0.0006349206349206349,0.01565101957389716,5379.801408869269,True
2018-06-21 13:30:00+00:00,-0.0010821822857064456,5.0,0.0,0.0006349206349206349,-0.006045832063452863,5347.276033016518,True
2018-06-22 13:30:00+00:00,-0.003250263299226508,5.0,0.0,0.0006349206349206349,-0.016886237131053174,5256.980661917803,True
2018-06-25 13:30:00+00:00,-0.0021739079727841615,5.0,0.0,0.0006349206349206349,-0.011504460498841441,5196.501935549597,True
2018-06-26 13:30:00+00:00,0.004357288289320138,5.0,0.0,0.0006349206349206349,0.021151520811680057,5306.41585438731,True
2018-06-27 13:30:00+00:00,0.004338318197641966,5.0,0.0,0.0006349206349206349,0.021056670353289196,5418.151303790612,True
2018-06-28 13:30:00+00:00,0.0064795332664948635,5.0,0.0,0.0006349206349206349,0.03176274569755368,5590.246665803782,True
2018-06-29 13:30:00+00:00,0.0010729589029110365,5.0,0.0,0.0006349206349206349,0.004729873879634547,5616.687827489082,True
2018-07-02 13:30:00+00:00,0.0010718088960137706,5.0,0.0,0.0006349206349206349,0.004724123845148218,5643.221756385677,True
2018-07-03 13:30:00+00:00,-0.0032119184104847376,5.0,0.0,0.0006349206349206349,-0.016694512687344322,5549.0109191761985,True
2018-07-05 13:30:00+00:00,-0.0032223997846245744,5.0,0.0,0.0006349206349206349,-0.016746919558043506,5456.082079686049,True
2018-07-06 13:30:00+00:00,-0.006465502290443514,5.0,0.0,0.0006349206349206349,-0.032962432087138206,5276.236344672546,True
2018-07-09 13:30:00+00:00,0.0021691258493981014,5.0,0.0,0.0006349206349206349,0.010210708612069873,5330.110456556411,True
2018-07-10 13:30:00+00:00,0.0,5.0,0.0,0.0006349206349206349,-0.0006349206349206349,5326.726259441137,True
2018-07-11 13:30:00+00:00,0.0010823149955336842,5.0,0.0,0.0006349206349206349,0.004776654342747786,5352.170189560925,True
2018-07-12 13:30:00+00:00,0.005405392865345471,5.0,0.0,0.0006349206349206349,0.02639204369180672,5493.424899049804,True
2018-07-13 13:30:00+00:00,0.0010753322629015738,5.0,0.0,0.0006349206349206349,0.004741740679587234,5519.473295363886,True
2018-07-16 13:30:00+00:00,-0.004296445238170188,5.0,0.0,0.0006349206349206349,-0.022117146825771573,5397.3982940893975,True
2018-07-17 13:30:00+00:00,-0.002157558306192686,5.0,0.0,0.0006349206349206349,-0.011422712165884065,5335.74536693138,True
2018-07-18 13:30:00+00:00,0.002162223429312382,5.0,0.0,0.0006349206349206349,0.010176196511641276,5390.042960321354,True
2018-07-19 13:30:00+00:00,0.0,5.0,0.0,0.0006349206349206349,-0.0006349206349206349,5386.620710822737,True
2018-07-20 13:30:00+00:00,-0.002157558306192686,5.0,0.0,0.0006349206349206349,-0.011422712165884065,5325.090892896219,True
2018-07-23 13:30:00+00:00,0.002162223429312382,5.0,0.0,0.0006349206349206349,0.010176196511641276,5379.2800642646835,True
2018-07-24 13:30:00+00:00,0.002157558306192575,5.0,0.0,0.0006349206349206349,0.010152870896042242,5433.8952002708165,True
2018-07-25 13:30:00+00:00,-0.0010765556317975378,5.0,0.0,0.0006349206349206349,-0.006017698793908324,5401.195655677923,True
2018-07-26 13:30:00+00:00,0.005387918575369577,5.0,0.0,0.0006349206349206349,0.02630467224192725,5543.272337115052,True
2018-07-27 13:30:00+00:00,-0.0010718088960138816,5.0,0.0,0.0006349206349206349,-0.005993965114990043,5510.046156103495,True
2018-07-30 13:30:00+00:00,-0.004291835611644146,5.0,0.0,0.0006349206349206349,-0.022094098693141363,5388.3066525267795,True
2018-07-31 13:30:00+00:00,-0.002155233499045117,5.0,0.0,0.0006349206349206349,-0.01141108813014622,5326.820210442544,True
2018-08-01 13:30:00+00:00,0.007559444442311047,5.0,0.0,0.0006349206349206349,0.0371623015766346,5524.777109547522,True
2018-08-02 13:30:00+00:00,0.002143749221690028,5.0,0.0,0.0006349206349206349,0.010083825473529505,5580.487997700351,True
2018-08-03 13:30:00+00:00,0.0,5.0,0.0,0.0006349206349206349,-0.0006349206349206349,5576.9448307176835,True
2018-08-06 13:30:00+00:00,0.0032084827907248314,5.0,0.0,0.0006349206349206349,0.015407493318703523,5662.871570935746,True
2018-08-07 13:30:00+00:00,-0.002132321873797305,5.0,0.0,0.0006349206349206349,-0.011296530003907158,5598.900772326398,True
2018-08-08 13:30:00+00:00,0.0,5.0,0.0,0.0006349206349206349,-0.0006349206349206349,5595.345914693174,True
2018-08-09 13:30:00+00:00,0.0053418684447479325,5.0,0.0,0.0006349206349206349,0.02607442158881903,5741.24132300816,True
2018-08-10 13:30:00+00:00,0.005313679977982488,5.0,0.0,0.0006349206349206349,0.025933479254991808,5890.131685756294,True
2018-08-13 13:30:00+00:00,-0.0021143542703209173,5.0,0.0,0.0006349206349206349,-0.01120669198652522,5824.122794193951,True
2018-08-14 13:30:00+00:00,0.0031781539311672713,5.0,0.0,0.0006349206349206349,0.015255849020915722,5912.974732221449,True
2018-08-15 13:30:00+00:00,0.0,5.0,0.0,0.0006349206349206349,-0.0006349206349206349,5909.220462550196,True
2018-08-16 13:30:00+00:00,-0.0042238547180437624,5.0,0.0,0.0006349206349206349,-0.021754194225139446,5780.670132888711,True
2018-08-17 13:30:00+00:00,0.0,5.0,0.0,0.0006349206349206349,-0.0006349206349206349,5776.999866137671,True
2018-08-20 13:30:00+00:00,-0.003181458543869642,5.0,0.0,0.0006349206349206349,-0.016542213354268843,5681.435501804439,True
2018-08-21 13:30:00+00:00,-0.005319006342198285,5.0,0.0,0.0006349206349206349,-0.027229952345912058,5526.730283833932,True
2018-08-22 13:30:00+00:00,-0.001069647270173224,5.0,0.0,0.0006349206349206349,-0.005983156985786755,5493.662988927651,True
2018-08-23 13:30:00+00:00,0.002141257058832169,5.0,0.0,0.0006349206349206349,0.01007136465924021,5548.9916722041135,True
2018-08-24 13:30:00+00:00,-0.0021366818736876514,5.0,0.0,0.0006349206349206349,-0.011318330003358891,5486.186353272216,True
2018-08-27 13:30:00+00:00,-0.0010706613516525687,5.0,0.0,0.0006349206349206349,-0.0059882273931834784,5453.333821867442,True
2018-08-28 13:30:00+00:00,0.0010718088960137706,5.0,0.0,0.0006349206349206349,0.004724123845148218,5479.09604621088,True
2018-08-29 13:30:00+00:00,0.0010707926405981727,5.0,0.0,0.0006349206349206349,0.0047190425680702286,5504.952133687494,True
2018-08-30 13:30:00+00:00,0.004277998912385339,5.0,0.0,0.0006349206349206349,0.02075507392700606,5619.207822186808,True
2018-08-31 13:30:00+00:00,-0.0021299857408942913,5.0,0.0,0.0006349206349206349,-0.01128484933939209,5555.795908506697,True
2018-09-04 13:30:00+00:00,0.0032017002448223586,5.0,0.0,0.0006349206349206349,0.015373580589191159,5641.208384643223,True
2018-09-05 13:30:00+00:00,-0.006382964151757431,5.0,0.0,0.0006349206349206349,-0.03254974139370779,5457.588510575071,True
2018-09-06 13:30:00+00:00,-0.0010706613516525687,5.0,0.0,0.0006349206349206349,-0.0059882273931834784,5424.9072295553215,True
2018-09-07 13:30:00+00:00,0.0042872355840553045,5.0,0.0,0.0006349206349206349,0.02080125728535589,5537.752120586489,True
2018-09-10 13:30:00+00:00,-0.0010672988492397284,5.0,0.0,0.0006349206349206349,-0.005971414881119277,5504.683905165668,True
2018-09-11 13:30:00+00:00,0.00427356026000969,5.0,0.0,0.0006349206349206349,0.020732880665127816,5618.811859670718,True
2018-09-12 13:30:00+00:00,0.0,5.0,0.0,0.0006349206349206349,-0.0006349206349206349,5615.244360077276,True
2018-09-13 13:30:00+00:00,-0.0042553746599715,5.0,0.0,0.0006349206349206349,-0.021911793934778136,5492.204282765838,True
2018-09-14 13:30:00+00:00,0.006410504150543339,5.0,0.0,0.0006349206349206349,0.03141760011779606,5664.756160687022,True
2018-09-17 13:30:00+00:00,-0.0021233322602661753,5.0,0.0,0.0006349206349206349,-0.01125158193625151,5601.018692596167,True
2018-09-18 13:30:00+00:00,0.005319202018597702,5.0,0.0,0.0006349206349206349,0.025961089458067875,5746.427239930967,True
2018-09-19 13:30:00+00:00,0.003174530879350712,5.0,0.0,0.0006349206349206349,0.015237733761832926,5833.989768294779,True
2018-09-20 13:30:00+00:00,-0.009493584720909554,5.0,0.0,0.0006349206349206349,-0.0481028442394684,5553.358267175843,True
2018-09-21 13:30:00+00:00,0.006389761337908695,5.0,0.0,0.0006349206349206349,0.03131388605462284,5727.255495174686,True
2018-09-24 13:30:00+00:00,-0.001058328347278037,5.0,0.0,0.0006349206349206349,-0.00592656237131082,5693.3125582661005,True
2018-09-25 13:30:00+00:00,0.002118834236537026,5.0,0.0,0.0006349206349206349,0.009959250547764496,5750.0136844806075,True
2018-09-26 13:30:00+00:00,0.0,5.0,0.0,0.0006349206349206349,-0.0006349206349206349,5746.362882141254,True
2018-09-27 13:30:00+00:00,-0.0021143542703209173,5.0,0.0,0.0006349206349206349,-0.01120669198652522,5681.965163278295,True
2018-09-28 13:30:00+00:00,0.010593326844485995,5.0,0.0,0.0006349206349206349,0.05233171358750934,5979.3121368171805,True
2018-10-01 13:30:00+00:00,0.0062892293565151025,5.0,0.0,0.0006349206349206349,0.03081122614765488,6163.542075272073,True
2018-10-02 13:30:00+00:00,0.0031251207478013576,5.0,0.0,0.0006349206349206349,0.014990683104086154,6255.937781321178,True
2018-10-03 13:30:00+00:00,0.004153676611827306,5.0,0.0,0.0006349206349206349,0.020133462424215896,6381.891469569641,True
2018-10-04 13:30:00+00:00,0.0010340603330993847,5.0,0.0,0.0006349206349206349,0.004535381030576289,6410.8357790799255,True
2018-10-05 13:30:00+00:00,0.001033055495665236,5.0,0.0,0.0006349206349206349,0.004530356843405545,6439.87915282363,True
2018-10-08 13:30:00+00:00,0.0020639787867018367,5.0,0.0,0.0006349206349206349,0.00968497329858855,6502.2492104648645,True
2018-10-09 13:30:00+00:00,-0.00411939196236466,5.0,0.0,0.0006349206349206349,-0.021231880446743935,6364.194232593339,True
2018-10-10 13:30:00+00:00,0.007238866161626278,5.0,0.0,0.0006349206349206349,0.03555941017321076,6590.501225732109,True
2018-10-11 13:30:00+00:00,-0.014373809051844932,5.0,0.0,0.0006349206349206349,-0.0725039658941453,6112.663749636305,True
2018-10-12 13:30:00+00:00,0.0031251207478013576,5.0,0.0,0.0006349206349206349,0.014990683104086154,6204.296754828939,True
2018-10-15 13:30:00+00:00,0.001038419152956882,5.0,0.0,0.0006349206349206349,0.004557175129863775,6232.57082169834,True
2018-10-16 13:30:00+00:00,-0.005186646184410115,5.0,0.0,0.0006349206349206349,-0.02656815155697121,6066.982935517902,True
2018-10-17 13:30:00+00:00,0.009384625141803715,5.0,0.0,0.0006349206349206349,0.04628820507409794,6347.812685818207,True
2018-10-18 13:30:00+00:00,0.008264507304101443,5.0,0.0,0.0006349206349206349,0.04068761588558658,6606.090050092433,True
2018-10-19 13:30:00+00:00,-0.0030739518061799753,5.0,0.0,0.0006349206349206349,-0.01600467966582051,6500.361694997138,True
2018-10-22 13:30:00+00:00,0.003083430121772146,5.0,0.0,0.0006349206349206349,0.014782229973940096,6596.451536486378,True
2018-10-23 13:30:00+00:00,-0.002049175564906913,5.0,0.0,0.0006349206349206349,-0.0108807984594552,6524.676876770307,True
2018-10-24 13:30:00+00:00,0.010266790641834556,5.0,0.0,0.0006349206349206349,0.050699032574252144,6855.471682282155,True
2018-10-25 13:30:00+00:00,-0.00609754767798143,5.0,0.0,0.0006349206349206349,-0.031122659024827783,6642.111174660125,True
2018-10-26 13:30:00+00:00,0.0,5.0,0.0,0.0006349206349206349,-0.0006349206349206349,6637.893961215896,True
2018-10-29 13:30:00+00:00,-0.0010224299528280856,5.0,0.0,0.0006349206349206349,-0.005747070399061063,6599.745517319286,True
2018-10-30 13:30:00+00:00,0.0010234763857408513,5.0,0.0,0.0006349206349206349,0.004482461293783622,6629.3286211494915,True
2018-10-31 13:30:00+00:00,-0.00204485990565606,5.0,0.0,0.0006349206349206349,-0.010859220163200935,6557.33928211822,True
2018-11-01 13:30:00+00:00,-0.010245940644140972,5.0,0.0,0.0006349206349206349,-0.05186462385562549,6217.2453467574405,True
2018-11-02 13:30:00+00:00,0.00414065034829747,5.0,0.0,0.0006349206349206349,0.020068331106566716,6342.01508494693,True
2018-11-05 14:30:00+00:00,-0.0030925872339424565,5.0,0.0,0.0006349206349206349,-0.016097856804632917,6239.922234256633,True
2018-11-06 14:30:00+00:00,0.0010340603330993847,5.0,0.0,0.0006349206349206349,0.004535381030576289,6268.222659190153,True
2018-11-07 14:30:00+00:00,-0.0051652141395465145,5.0,0.0,0.0006349206349206349,-0.026460991332653207,6102.359273734181,True
2018-11-08 14:30:00+00:00,0.006230451250104574,5.0,0.0,0.0006349206349206349,0.030517335615602235,6288.58701973771,True
2018-11-09 14:30:00+00:00,0.003095968180052866,5.0,0.0,0.0006349206349206349,0.014844920265343696,6381.940592627392,True
2018-11-12 14:30:00+00:00,0.010287979403225345,5.0,0.0,0.0006349206349206349,0.05080497638120609,6706.174933702087,True
2018-11-13 14:30:00+00:00,-0.013238197840907961,5.0,0.0,0.0006349206349206349,-0.06682590983946045,6258.028692214862,True
2018-11-14 14:30:00+00:00,-0.0010319893933509183,5.0,0.0,0.0006349206349206349,-0.0057948676016752266,6221.764244495992,True
2018-11-15 14:30:00+00:00,0.007231388469656652,5.0,0.0,0.0006349206349206349,0.03552202171336263,6442.773889084402,True
2018-11-16 14:30:00+00:00,-0.014358941852762541,5.0,0.0,0.0006349206349206349,-0.07242962989873335,5976.126160776796,True
2018-11-19 14:30:00+00:00,-0.0020810330723354253,5.0,0.0,0.0006349206349206349,-0.01104008599659776,5910.149214035302,True
2018-11-20 14:30:00+00:00,0.004170937403780606,5.0,0.0,0.0006349206349206349,0.020219766383982395,6029.651050437574,True
2018-11-21 14:30:00+00:00,0.0,5.0,0.0,0.0006349206349206349,-0.0006349206349206349,6025.822700564279,True
2018-11-23 14:30:00+00:00,0.007268743067788241,5.0,0.0,0.0006349206349206349,0.03570879470402057,6240.9975663015575,True
2018-11-26 14:30:00+00:00,-0.0051545016811482824,5.0,0.0,0.0006349206349206349,-0.026407429040662046,6076.188865926504,True
2018-11-27 14:30:00+00:00,0.002072597655304431,5.0,0.0,0.0006349206349206349,0.009728067641601522,6135.298442217384,True
2018-11-28 14:30:00+00:00,-0.008272926494725663,5.0,0.0,0.0006349206349206349,-0.04199955310854895,5877.618649456677,True
2018-11-29 14:30:00+00:00,0.0010425585346718336,5.0,0.0,0.0006349206349206349,0.004577872038438533,5904.52563552463,True
2018-11-30 14:30:00+00:00,0.0,5.0,0.0,0.0006349206349206349,-0.0006349206349206349,5900.776730359217,True
2018-12-03 14:30:00+00:00,-0.0020832648097877104,5.0,0.0,0.0006349206349206349,-0.011051244683859186,5835.565802887195,True
2018-12-04 14:30:00+00:00,-0.0010439029310433945,5.0,0.0,0.0006349206349206349,-0.005854435290137607,5801.401860512851,True
2018-12-06 14:30:00+00:00,-0.011494098965929567,5.0,0.0,0.0006349206349206349,-0.05810541546456847,5464.308995130832,True
2018-12-07 14:30:00+00:00,-0.004228254858273828,5.0,0.0,0.0006349206349206349,-0.021776194926289773,5345.317137315384,True
2018-12-10 14:30:00+00:00,0.006369215737144662,5.0,0.0,0.0006349206349206349,0.031211158050802677,5512.150675319799,True
2018-12-11 14:30:00+00:00,0.004219464406575613,5.0,0.0,0.0006349206349206349,0.02046240139795743,5624.942515004215,True
2018-12-12 14:30:00+00:00,-0.005252024259948196,5.0,0.0,0.0006349206349206349,-0.026895041934661613,5473.659450183116,True
2018-12-13 14:30:00+00:00,0.0,5.0,0.0,0.0006349206349206349,-0.0006349206349206349,5470.1841108496665,True
2018-12-14 14:30:00+00:00,0.001055834192855043,5.0,0.0,0.0006349206349206349,0.00464425032935458,5495.589015208111,True
2018-12-17 14:30:00+00:00,-0.004219464406575835,5.0,0.0,0.0006349206349206349,-0.021732242667799807,5376.157541127113,True
2018-12-18 14:30:00+00:00,-0.0031779590838904026,5.0,0.0,0.0006349206349206349,-0.016524716054372647,5287.3180642964135,True
2018-12-19 14:30:00+00:00,-0.0001101139033854448,5.0,0.0,0.0006349206349206349,-0.001185490151847859,5281.050000801502,True
2018-12-20 14:30:00+00:00,-0.0033114050035273346,5.0,0.0,0.0006349206349206349,-0.017191945652557307,5190.258476199286,True
2018-12-21 14:30:00+00:00,0.0022149378921032525,5.0,0.0,0.0006349206349206349,0.010439768825595629,5244.443574835894,True
2018-12-24 14:30:00+00:00,0.0,5.0,0.0,0.0006349206349206349,-0.0006349206349206349,5241.113769391554,True
2018-12-26 14:30:00+00:00,-0.007734954040073294,5.0,0.0,0.0006349206349206349,-0.039309690835287105,5035.0872074842055,True
2018-12-27 14:30:00+00:00,0.0,5.0,0.0,0.0006349206349206349,-0.0006349206349206349,5031.890326717548,True
2018-12-28 14:30:00+00:00,0.0,5.0,0.0,0.0006349206349206349,-0.0006349206349206349,5028.6954757164585,True
2018-12-31 14:30:00+00:00,-0.0011135038225126292,5.0,0.0,0.0006349206349206349,-0.006202439747483781,4997.505295019882,True
2019-01-02 14:30:00+00:00,0.0078037422052747996,5.0,0.0,0.0006349206349206349,0.038383790391453364,5189.328490744104,True
2019-01-03 14:30:00+00:00,0.00110630919513377,5.0,0.0,0.0006349206349206349,0.004896625340748215,5214.738688133349,True
2019-01-04 14:30:00+00:00,-0.006629867412436985,5.0,0.0,0.0006349206349206349,-0.03378425769710556,5038.562612470385,True
2019-01-07 14:30:00+00:00,0.0011121994209812858,5.0,0.0,0.0006349206349206349,0.004926076469985794,5063.382957198226,True
2019-01-08 14:30:00+00:00,0.0,5.0,0.0,0.0006349206349206349,-0.0006349206349206349,5060.168110876195,True
2019-01-09 14:30:00+00:00,0.0,5.0,0.0,0.0006349206349206349,-0.0006349206349206349,5056.955305726433,True
2019-01-10 14:30:00+00:00,0.0033334162051807947,5.0,0.0,0.0006349206349206349,0.01603216039098334,5138.029224277873,True
2019-01-11 14:30:00+00:00,0.001107403566221521,5.0,0.0,0.0006349206349206349,0.00490209719618697,5163.216342932134,True
2019-01-14 14:30:00+00:00,-0.004424844935484451,5.0,0.0,0.0006349206349206349,-0.02275914531234289,5045.705951904277,True
2019-01-15 14:30:00+00:00,0.0,5.0,0.0,0.0006349206349206349,-0.0006349206349206349,5042.502329077671,True
2019-01-16 14:30:00+00:00,0.0,5.0,0.0,0.0006349206349206349,-0.0006349206349206349,5039.3007402973035,True
2019-01-17 14:30:00+00:00,-0.0011109638076776118,5.0,0.0,0.0006349206349206349,-0.006189739673308694,5008.108780579351,True
2019-01-18 14:30:00+00:00,-0.0033371236287541572,5.0,0.0,0.0006349206349206349,-0.01732053877869142,4921.365638237422,True
2019-01-22 14:30:00+00:00,0.001116121067145981,5.0,0.0,0.0006349206349206349,0.00494568470080927,4945.705160981541,True
2019-01-23 14:30:00+00:00,0.0022296876423295586,5.0,0.0,0.0006349206349206349,0.010513517576727159,4997.701919120831,True
2019-01-24 14:30:00+00:00,0.0011121994209812858,5.0,0.0,0.0006349206349206349,0.004926076469985794,5022.320980948616,True
2019-01-25 14:30:00+00:00,-0.0022221900064292033,5.0,0.0,0.0006349206349206349,-0.01174587066706665,4963.329448257898,True
2019-01-28 14:30:00+00:00,0.0,5.0,0.0,0.0006349206349206349,-0.0006349206349206349,4960.1781279732895,True
2019-01-29 14:30:00+00:00,-0.0011135038225126292,5.0,0.0,0.0006349206349206349,-0.006202439747483781,4929.412921997748,True
2019-01-30 14:30:00+00:00,-0.0011148767297405326,5.0,0.0,0.0006349206349206349,-0.006209304283623298,4898.804697225439,True
2019-01-31 14:30:00+00:00,0.002232110353068917,5.0,0.0,0.0006349206349206349,0.01052563113042395,4950.3677084484225,True
2019-02-01 14:30:00+00:00,0.0,5.0,0.0,0.0006349206349206349,-0.0006349206349206349,4947.224617839884,True
2019-02-04 14:30:00+00:00,0.0011137010541042436,5.0,0.0,0.0006349206349206349,0.004933584635600583,4971.632169203323,True
2019-02-05 14:30:00+00:00,0.003336926616575253,5.0,0.0,0.0006349206349206349,0.01604971244795563,5051.425435916044,True
2019-02-06 14:30:00+00:00,-0.0011085658886873517,5.0,0.0,0.0006349206349206349,-0.006177750078357394,5020.218992033497,True
2019-02-07 14:30:00+00:00,0.0033295850874637267,5.0,0.0,0.0006349206349206349,0.016013004802398,5100.60778286202,True
2019-02-08 14:30:00+00:00,0.00110630919513377,5.0,0.0,0.0006349206349206349,0.004896625340748215,5125.5835481848,True
2019-02-11 14:30:00+00:00,0.0,5.0,0.0,0.0006349206349206349,-0.0006349206349206349,5122.329209424048,True
2019-02-12 14:30:00+00:00,-0.00441995509851667,5.0,0.0,0.0006349206349206349,-0.022734696127503985,5005.874611382755,True
2019-02-13 14:30:00+00:00,0.006659104649971992,5.0,0.0,0.0006349206349206349,0.032660602614939326,5169.369492805341,True
2019-02-14 14:30:00+00:00,0.003307689884285425,5.0,0.0,0.0006349206349206349,0.015903528786506492,5251.580709342259,True
2019-02-15 14:30:00+00:00,0.0010990148830229973,5.0,0.0,0.0006349206349206349,0.004860153780194352,5277.104199178766,True
2019-02-19 14:30:00+00:00,-0.0010978083752798407,5.0,0.0,0.0006349206349206349,-0.006123962511319838,5244.787410894667,True
2019-02-20 14:30:00+00:00,-0.0010989500061113766,5.0,0.0,0.0006349206349206349,-0.006129670665477518,5212.6385913554395,True
2019-02-21 14:30:00+00:00,-0.003300087387919537,5.0,0.0,0.0006349206349206349,-0.01713535757451832,5123.31816518583,True
2019-02-22 14:30:00+00:00,0.002207342682359892,5.0,0.0,0.0006349206349206349,0.010401792776878825,5176.609859070112,True
2019-02-25 14:30:00+00:00,0.0011012405259633873,5.0,0.0,0.0006349206349206349,0.0048712819948963015,5201.826585471204,True
2019-02-26 14:30:00+00:00,-0.0011000291293065123,5.0,0.0,0.0006349206349206349,-0.0061350662814531965,5169.913034584713,True
2019-02-27 14:30:00+00:00,0.0,5.0,0.0,0.0006349206349206349,-0.0006349206349206349,5166.630550118311,True
2019-02-28 14:30:00+00:00,0.0022026110915474018,5.0,0.0,0.0006349206349206349,0.010378134822816375,5220.250538547121,True
2019-03-01 14:30:00+00:00,-0.0010989500061113766,5.0,0.0,0.0006349206349206349,-0.006129670665477518,5188.252121954545,True
2019-03-04 14:30:00+00:00,0.003300542025925335,5.0,0.0,0.0006349206349206349,0.01586778949470604,5270.578214471182,True
2019-03-05 14:30:00+00:00,0.0021928854961614785,5.0,0.0,0.0006349206349206349,0.010329506845886759,5325.020688219344,True
2019-03-06 14:30:00+00:00,-0.0010940113391689765,5.0,0.0,0.0006349206349206349,-0.0061049773307655176,5292.511557631907,True
2019-03-07 14:30:00+00:00,0.005476370872587122,5.0,0.0,0.0006349206349206349,0.026746933728014975,5434.070013518642,True
2019-03-08 14:30:00+00:00,0.0021784888089253496,5.0,0.0,0.0006349206349206349,0.010257523409706114,5489.810113892292,True
2019-03-11 13:30:00+00:00,0.0,5.0,0.0,0.0006349206349206349,-0.0006349206349206349,5486.324520169186,True
2019-03-12 13:30:00+00:00,-0.004347634966792691,5.0,0.0,0.0006349206349206349,-0.022373095468884087,5363.578457906161,True
2019-03-13 13:30:00+00:00,0.0,5.0,0.0,0.0006349206349206349,-0.0006349206349206349,5360.173011266221,True
2019-03-14 13:30:00+00:00,0.0043666194341311915,5.0,0.0,0.0006349206349206349,0.021198176535735323,5473.798905021126,True
2019-03-15 13:30:00+00:00,-0.002173753311662585,5.0,0.0,0.0006349206349206349,-0.01150368719323356,5410.830034659099,True
2019-03-18 13:30:00+00:00,0.0010891800929313522,5.0,0.0,0.0006349206349206349,0.004810979829736126,5436.861428817975,True
2019-03-19 13:30:00+00:00,0.0021764398316435063,5.0,0.0,0.0006349206349206349,0.010247278523296897,5492.574462171643,True
2019-03-20 13:30:00+00:00,-0.007600451432251187,5.0,0.0,0.0006349206349206349,-0.03863717779617657,5280.356886117978,True
2019-03-21 13:30:00+00:00,-0.003282227796453152,5.0,0.0,0.0006349206349206349,-0.017046059617186395,5190.3476078371905,True
2019-03-22 13:30:00+00:00,-0.004390974278362769,5.0,0.0,0.0006349206349206349,-0.02258979202673448,5073.098734829689,True
2019-03-25 13:30:00+00:00,-0.0011022595344082342,5.0,0.0,0.0006349206349206349,-0.006146218306961806,5041.918362512654,True
2019-03-26 13:30:00+00:00,0.0033110140235399488,5.0,0.0,0.0006349206349206349,0.01592014948277911,5122.186456523825,True
2019-03-27 13:30:00+00:00,-0.005500470387965195,5.0,0.0,0.0006349206349206349,-0.02813727257474661,4978.062100017939,True
2019-03-28 13:30:00+00:00,0.00553089290058395,5.0,0.0,0.0006349206349206349,0.027019543867999117,5112.567067306998,True
2019-03-29 13:30:00+00:00,0.004400636103518485,5.0,0.0,0.0006349206349206349,0.02136825988267179,5221.813729068804,True
2019-04-01 13:30:00+00:00,0.004381032034344701,5.0,0.0,0.0006349206349206349,0.02127023953680287,5332.882957902664,True
2019-04-02 13:30:00+00:00,-0.0010904322919899068,5.0,0.0,0.0006349206349206349,-0.006087082094870169,5300.421261535576,True
2019-04-03 13:30:00+00:00,0.0043666194341311915,5.0,0.0,0.0006349206349206349,0.021198176535735323,5412.780527151373,True
2019-04-04 13:30:00+00:00,-0.002173753311662585,5.0,0.0,0.0006349206349206349,-0.01150368719323356,5350.513593121397,True
2019-04-05 13:30:00+00:00,0.0021784888089253496,5.0,0.0,0.0006349206349206349,0.010257523409706114,5405.396611556792,True
2019-04-08 13:30:00+00:00,0.002174138342065479,5.0,0.0,0.0006349206349206349,0.010235771075406762,5460.725013844467,True
2019-04-09 13:30:00+00:00,-0.0010846468270446774,5.0,0.0,0.0006349206349206349,-0.006058154770144022,5427.643096553401,True
2019-04-10 13:30:00+00:00,0.0021715209223309717,5.0,0.0,0.0006349206349206349,0.010222683976734225,5483.1281766679695,True
2019-04-11 13:30:00+00:00,0.0043336952368306925,5.0,0.0,0.0006349206349206349,0.02103355554923283,5598.45785775548,True
2019-04-12 13:30:00+00:00,0.004314995361983431,5.0,0.0,0.0006349206349206349,0.020940056174996523,5715.689879790231,True
2019-04-15 13:30:00+00:00,0.0,5.0,0.0,0.0006349206349206349,-0.0006349206349206349,5712.060870342745,True
2019-04-16 13:30:00+00:00,0.0042965195870410255,5.0,0.0,0.0006349206349206349,0.020847677300284494,5831.144072087234,True
2019-04-17 13:30:00+00:00,0.0,5.0,0.0,0.0006349206349206349,-0.0006349206349206349,5827.441758390672,True
2019-04-18 13:30:00+00:00,0.004278075339032794,5.0,0.0,0.0006349206349206349,0.020755456060243337,5948.392969750576,True
2019-04-22 13:30:00+00:00,0.0,5.0,0.0,0.0006349206349206349,-0.0006349206349206349,5944.616212309465,True
2019-04-23 13:30:00+00:00,0.00319471562900131,5.0,0.0,0.0006349206349206349,0.015338657510085917,6035.798644418985,True
2019-04-24 13:30:00+00:00,0.0,5.0,0.0,0.0006349206349206349,-0.0006349206349206349,6031.966391311417,True
2019-04-25 13:30:00+00:00,-0.004246097679549976,5.0,0.0,0.0006349206349206349,-0.021865409032670514,5900.074978894072,True
2019-04-26 13:30:00+00:00,0.0,5.0,0.0,0.0006349206349206349,-0.0006349206349206349,5896.328899542394,True
2019-04-29 13:30:00+00:00,0.0010660824466044438,5.0,0.0,0.0006349206349206349,0.004695491598101584,5924.015062349838,True
2019-04-30 13:30:00+00:00,-0.0021300199968374844,5.0,0.0,0.0006349206349206349,-0.011285020619108056,5857.162430223314,True
2019-05-01 13:30:00+00:00,-0.0032017239848664003,5.0,0.0,0.0006349206349206349,-0.016643540559252636,5759.678509753761,True
2019-05-02 13:30:00+00:00,0.0010707746656484218,5.0,0.0,0.0006349206349206349,0.004718952693321474,5786.858160170031,True
2019-05-03 13:30:00+00:00,0.001069376764746277,5.0,0.0,0.0006349206349206349,0.0047119631888107505,5814.125622799622,True
2019-05-06 13:30:00+00:00,-0.004273442276928829,5.0,0.0,0.0006349206349206349,-0.02200213201956478,5686.202463268451,True
2019-05-07 13:30:00+00:00,-0.0064377377910139755,5.0,0.0,0.0006349206349206349,-0.03282360958999051,5499.560773564484,True
2019-05-08 13:30:00+00:00,0.002159795680115373,5.0,0.0,0.0006349206349206349,0.01016405776565623,5555.458626952732,True
2019-05-09 13:30:00+00:00,-0.0032327115237889004,5.0,0.0,0.0006349206349206349,-0.016798478253865136,5462.135376017618,True
2019-05-10 13:30:00+00:00,0.0010810652801185316,5.0,0.0,0.0006349206349206349,0.004770405765672023,5488.191978108254,True
2019-05-13 13:30:00+00:00,-0.005399552956212195,5.0,0.0,0.0006349206349206349,-0.027632685415981607,5336.538495674676,True
2019-05-14 13:30:00+00:00,0.0010858245632119345,5.0,0.0,0.0006349206349206349,0.004794202181139038,5362.122940170372,True
2019-05-15 13:30:00+00:00,0.001084518762008102,5.0,0.0,0.0006349206349206349,0.004787673175119875,5387.79503233272,True
2019-05-16 13:30:00+00:00,0.006500510873671317,5.0,0.0,0.0006349206349206349,0.03186763373343595,5559.4913110539255,True
2019-05-17 13:30:00+00:00,0.0,5.0,0.0,0.0006349206349206349,-0.0006349206349206349,5555.9614753008755,True
2019-05-20 13:30:00+00:00,0.0,5.0,0.0,0.0006349206349206349,-0.0006349206349206349,5552.433880713384,True
2019-05-21 13:30:00+00:00,0.004305833048576124,5.0,0.0,0.0006349206349206349,0.020894244607959987,5668.447792386534,True
2019-05-22 13:30:00+00:00,-0.0010719221817400149,5.0,0.0,0.0006349206349206349,-0.005994531543620709,5634.468103291705,True
2019-05-23 13:30:00+00:00,-0.010729520754703126,5.0,0.0,0.0006349206349206349,-0.05428252440843626,5328.6149509462175,True
2019-05-24 13:30:00+00:00,0.0,5.0,0.0,0.0006349206349206349,-0.0006349206349206349,5325.231703358315,True
2019-05-28 13:30:00+00:00,-0.0010846468270446774,5.0,0.0,0.0006349206349206349,-0.006058154770144022,5292.970625512493,True
2019-05-29 13:30:00+00:00,-0.0032573454855429063,5.0,0.0,0.0006349206349206349,-0.016921648062635165,5203.404839381705,True
2019-05-30 13:30:00+00:00,-0.003268054771044193,5.0,0.0,0.0006349206349206349,-0.0169751944901416,5115.076030222256,True
2019-05-31 13:30:00+00:00,0.002185825139795927,5.0,0.0,0.0006349206349206349,0.010294205064059002,5167.731671795618,True
2019-06-03 13:30:00+00:00,-0.0021810577289804733,5.0,0.0,0.0006349206349206349,-0.011540209279823,5108.094966801126,True
2019-06-04 13:30:00+00:00,0.004371521234803666,5.0,0.0,0.0006349206349206349,0.021222685539097695,5216.502459985395,True
2019-06-05 13:30:00+00:00,0.0,5.0,0.0,0.0006349206349206349,-0.0006349206349206349,5213.1903949314365,True
2019-06-06 13:30:00+00:00,-0.0032642421773212416,5.0,0.0,0.0006349206349206349,-0.016956131521526842,5124.794852948218,True
2019-06-07 13:30:00+00:00,0.0021833741690129305,5.0,0.0,0.0006349206349206349,0.010281950210144018,5177.487738463435,True
2019-06-10 13:30:00+00:00,-0.0021786174319877727,5.0,0.0,0.0006349206349206349,-0.011528007794859498,5117.801619456638,True
2019-06-11 13:30:00+00:00,0.0,5.0,0.0,0.0006349206349206349,-0.0006349206349206349,5114.552221603015,True
2019-06-12 13:30:00+00:00,0.0021833741690129305,5.0,0.0,0.0006349206349206349,0.010281950210144018,5167.139792892719,True
2019-06-13 13:30:00+00:00,-0.001089373027525098,5.0,0.0,0.0006349206349206349,-0.0060817857725461244,5135.714355615547,True
2019-06-14 13:30:00+00:00,-0.0010904322919899068,5.0,0.0,0.0006349206349206349,-0.006087082094870169,5104.452840717112,True
2019-06-17 13:30:00+00:00,0.0,5.0,0.0,0.0006349206349206349,-0.0006349206349206349,5101.211918278561,True
2019-06-18 13:30:00+00:00,0.005458499874479772,5.0,0.0,0.0006349206349206349,0.026657578737478226,5237.1978766466345,True
2019-06-19 13:30:00+00:00,0.0021715209223309717,5.0,0.0,0.0006349206349206349,0.010222683976734225,5290.736095463217,True
2019-06-20 13:30:00+00:00,0.0010834078184203122,5.0,0.0,0.0006349206349206349,0.004782118457180926,5316.037022197405,True
2019-06-21 13:30:00+00:00,0.002164534526360562,5.0,0.0,0.0006349206349206349,0.010187751996882176,5370.195488985797,True
2019-06-24 13:30:00+00:00,0.0,5.0,0.0,0.0006349206349206349,-0.0006349206349206349,5366.785841056282,True
2019-06-25 13:30:00+00:00,-0.0021598594360392465,5.0,0.0,0.0006349206349206349,-0.011434217815116866,5305.420842782559,True
2019-06-26 13:30:00+00:00,0.001082299210143356,5.0,0.0,0.0006349206349206349,0.004776575415796145,5330.762585550647,True
2019-06-27 13:30:00+00:00,-0.001081129104966938,5.0,0.0,0.0006349206349206349,-0.006040566159755325,5298.561761470679,True
2019-06-28 13:30:00+00:00,0.002164534526360562,5.0,0.0,0.0006349206349206349,0.010187751996882176,5352.542194636706,True
2019-07-01 13:30:00+00:00,-0.0021598594360392465,5.0,0.0,0.0006349206349206349,-0.011434217815116866,5291.340061318626,True
2019-07-02 13:30:00+00:00,0.0,5.0,0.0,0.0006349206349206349,-0.0006349206349206349,5287.980480327312,True
2019-07-03 13:30:00+00:00,0.0,5.0,0.0,0.0006349206349206349,-0.0006349206349206349,5284.623032403295,True
2019-07-05 13:30:00+00:00,0.001082299210143356,5.0,0.0,0.0006349206349206349,0.004776575415796145,5309.865432861623,True
2019-07-08 13:30:00+00:00,-0.001081129104966938,5.0,0.0,0.0006349206349206349,-0.006040566159755325,5277.790839415025,True
2019-07-09 13:30:00+00:00,-0.0021644067385090393,5.0,0.0,0.0006349206349206349,-0.01145695432746583,5217.32343081793,True
2019-07-10 13:30:00+00:00,-0.0010846468270446774,5.0,0.0,0.0006349206349206349,-0.006058154770144022,5185.716077988135,True
2019-07-11 13:30:00+00:00,0.0021715209223309717,5.0,0.0,0.0006349206349206349,0.010222683976734225,5238.728014646477,True
2019-07-12 13:30:00+00:00,-0.0010833438552713126,5.0,0.0,0.0006349206349206349,-0.006051639911277198,5207.025119108717,True
2019-07-15 13:30:00+00:00,0.0,5.0,0.0,0.0006349206349206349,-0.0006349206349206349,5203.719071414044,True
2019-07-16 13:30:00+00:00,0.004338331178105337,5.0,0.0,0.0006349206349206349,0.02105673525560605,5313.292406245359,True
2019-07-17 13:30:00+00:00,-0.003239757276096933,5.0,0.0,0.0006349206349206349,-0.0168337070154053,5223.849998591447,True
2019-07-18 13:30:00+00:00,0.0043336952368306925,5.0,0.0,0.0006349206349206349,0.02103355554923283,5333.72613771768,True
2019-07-19 13:30:00+00:00,-0.004314995361983431,5.0,0.0,0.0006349206349206349,-0.02220989744483779,5215.26462720012,True
2019-07-22 13:30:00+00:00,-0.0010833438552713126,5.0,0.0,0.0006349206349206349,-0.006051639911277198,5183.703723634283,True
2019-07-23 13:30:00+00:00,0.0021691015565343807,5.0,0.0,0.0006349206349206349,0.01021058714775127,5236.632382252574,True
2019-07-24 13:30:00+00:00,-0.001082235316217428,5.0,0.0,0.0006349206349206349,-0.006046097216007775,5204.971193784981,True
2019-07-25 13:30:00+00:00,0.0010834078184203122,5.0,0.0,0.0006349206349206349,0.004782118457180926,5229.861982599875,True
2019-07-26 13:30:00+00:00,0.002164534526360562,5.0,0.0,0.0006349206349206349,0.010187751996882176,5283.142519456525,True
2019-07-29 13:30:00+00:00,0.0,5.0,0.0,0.0006349206349206349,-0.0006349206349206349,5279.788143253695,True
2019-07-30 13:30:00+00:00,-0.008639310232309239,5.0,0.0,0.0006349206349206349,-0.04383147179646683,5048.36725816135,True
2019-07-31 13:30:00+00:00,0.0010891800929313522,5.0,0.0,0.0006349206349206349,0.004810979829736126,5072.654851213465,True
2019-08-01 13:30:00+00:00,0.0043526869386050215,5.0,0.0,0.0006349206349206349,0.021128514058104474,5179.832510549241,True
2019-08-02 13:30:00+00:00,-0.0065005748368204275,5.0,0.0,0.0006349206349206349,-0.03313779481902277,5008.184283617757,True
2019-08-05 13:30:00+00:00,-0.003271490020970269,5.0,0.0,0.0006349206349206349,-0.01699237073977198,4923.083359537424,True
2019-08-06 13:30:00+00:00,-0.007658789896985985,5.0,0.0,0.0006349206349206349,-0.03892887011985056,4731.433286844795,True
2019-08-07 13:30:00+00:00,-0.0011022595344082342,5.0,0.0,0.0006349206349206349,-0.006146218306961806,4702.35286495902,True
2019-08-08 13:30:00+00:00,0.00551868252255594,5.0,0.0,0.0006349206349206349,0.026958491977859066,4829.121206946081,True
2019-08-09 13:30:00+00:00,-0.0032931659030828175,5.0,0.0,0.0006349206349206349,-0.01710075015033472,4746.5396117404125,True
2019-08-12 13:30:00+00:00,0.003304046676941619,5.0,0.0,0.0006349206349206349,0.01588531274978746,4821.939877952164,True
2019-08-13 13:30:00+00:00,0.0021954223334921252,5.0,0.0,0.0006349206349206349,0.010342191032539992,4871.809301317368,True
2019-08-14 13:30:00+00:00,-0.0054765648637622455,5.0,0.0,0.0006349206349206349,-0.02801774495373186,4735.31219084984,True
2019-08-15 13:30:00+00:00,-0.001101435585394106,5.0,0.0,0.0006349206349206349,-0.006142098561891165,4706.227436652315,True
2019-08-16 13:30:00+00:00,0.003307689884285425,5.0,0.0,0.0006349206349206349,0.015903528786506492,4781.073060166962,True
2019-08-19 13:30:00+00:00,0.00329685001833413,5.0,0.0,0.0006349206349206349,0.015849329456750015,4856.84986225434,True
2019-08-20 13:30:00+00:00,-0.001095274174517491,5.0,0.0,0.0006349206349206349,-0.00611129150750809,4827.168236937904,True
2019-08-21 13:30:00+00:00,0.0032892958769286107,5.0,0.0,0.0006349206349206349,0.01581155874972242,4903.493291111042,True
2019-08-22 13:30:00+00:00,0.001093009353488883,5.0,0.0,0.0006349206349206349,0.00483012613252378,4927.177782197093,True
2019-08-23 13:30:00+00:00,-0.0010918159884012457,5.0,0.0,0.0006349206349206349,-0.0060940005769268635,4897.151557949763,True
2019-08-26 13:30:00+00:00,0.002185825139795927,5.0,0.0,0.0006349206349206349,0.010294205064059002,4947.563840317074,True
2019-08-27 13:30:00+00:00,0.0,5.0,0.0,0.0006349206349206349,-0.0006349206349206349,4944.42252994227,True
2019-08-28 13:30:00+00:00,-0.004361922312960287,5.0,0.0,0.0006349206349206349,-0.02244453219972207,4833.447279259949,True
2019-08-29 13:30:00+00:00,0.0010952095107925608,5.0,0.0,0.0006349206349206349,0.004841126919042169,4856.846610995346,True
2019-08-30 13:30:00+00:00,0.0,5.0,0.0,0.0006349206349206349,-0.0006349206349206349,4853.762898861381,True
2019-09-03 13:30:00+00:00,-0.0010940113391689765,5.0,0.0,0.0006349206349206349,-0.0061049773307655176,4824.1307863949205,True
2019-09-04 13:30:00+00:00,0.0021904190215848995,5.0,0.0,0.0006349206349206349,0.010317174473003864,4873.902185398747,True
2019-09-05 13:30:00+00:00,0.007650420250482348,5.0,0.0,0.0006349206349206349,0.03761718061749111,5057.244644218877,True
2019-09-06 13:30:00+00:00,-0.0010846468270446774,5.0,0.0,0.0006349206349206349,-0.006058154770144022,5026.607073453717,True
2019-09-09 13:30:00+00:00,0.0,5.0,0.0,0.0006349206349206349,-0.0006349206349206349,5023.415576899143,True
2019-09-10 13:30:00+00:00,-0.0021717132284700957,5.0,0.0,0.0006349206349206349,-0.011493486777271113,4965.679016389315,True
2019-09-11 13:30:00+00:00,-0.0021761828654009996,5.0,0.0,0.0006349206349206349,-0.011515834961925632,4908.495076362678,True
2019-09-12 13:30:00+00:00,0.001090561055323791,5.0,0.0,0.0006349206349206349,0.00481788464169832,4932.143639404939,True
2019-09-13 13:30:00+00:00,0.0,5.0,0.0,0.0006349206349206349,-0.0006349206349206349,4929.012119633888,True
2019-09-16 13:30:00+00:00,-0.005446543579969543,5.0,0.0,0.0006349206349206349,-0.027867638534768348,4791.652191550438,True
2019-09-17 13:30:00+00:00,-0.001095274174517491,5.0,0.0,0.0006349206349206349,-0.00611129150750809,4762.3690082052835,True
2019-09-18 13:30:00+00:00,-0.0010965398500215606,5.0,0.0,0.0006349206349206349,-0.006117619885028438,4733.234644860843,True
2019-09-19 13:30:00+00:00,0.008781365305522426,5.0,0.0,0.0006349206349206349,0.043271905892691497,4938.0507289812895,True
2019-09-20 13:30:00+00:00,0.0043526869386050215,5.0,0.0,0.0006349206349206349,0.021128514058104474,5042.384403228204,True
2019-09-23 13:30:00+00:00,-0.005417103055251005,5.0,0.0,0.0006349206349206349,-0.027720435911175657,4902.607309539005,True
2019-09-24 13:30:00+00:00,-0.0021786174319877727,5.0,0.0,0.0006349206349206349,-0.011528007794859498,4846.090014259505,True
2019-09-25 13:30:00+00:00,0.0,5.0,0.0,0.0006349206349206349,-0.0006349206349206349,4843.013131710768,True
2019-09-26 13:30:00+00:00,0.0010916226325590195,5.0,0.0,0.0006349206349206349,0.0048231925278744625,4866.371916460033,True
2019-09-27 13:30:00+00:00,0.0021809289656467,5.0,0.0,0.0006349206349206349,0.010269724193312867,4916.348213864162,True
2019-09-30 13:30:00+00:00,-0.0010879950703596153,5.0,0.0,0.0006349206349206349,-0.006074895986718711,4886.481909830447,True
2019-10-01 13:30:00+00:00,-0.008714662662544947,5.0,0.0,0.0006349206349206349,-0.04420823394764537,4670.4591743797255,True
2019-10-02 13:30:00+00:00,-0.010989045922732643,5.0,0.0,0.0006349206349206349,-0.05558015024858385,4410.8743517378225,True
2019-10-03 13:30:00+00:00,-0.0011109638076776118,5.0,0.0,0.0006349206349206349,-0.006189739673308694,4383.572187768891,True
2019-10-04 13:30:00+00:00,-0.0033371236287541572,5.0,0.0,0.0006349206349206349,-0.01732053877869142,4307.646355701447,True
2019-10-07 13:30:00+00:00,0.005580407663895226,5.0,0.0,0.0006349206349206349,0.027267117684555496,4425.103455825805,True
2019-10-08 13:30:00+00:00,0.0,5.0,0.0,0.0006349206349206349,-0.0006349206349206349,4422.293866330043,True
2019-10-09 13:30:00+00:00,-0.0033297161373746498,5.0,0.0,0.0006349206349206349,-0.017283501321793883,4345.861144445967,True
2019-10-10 13:30:00+00:00,0.01559036839245409,5.0,0.0,0.0006349206349206349,0.07731692132734981,4681.869748650683,True
2019-10-11 13:30:00+00:00,0.008771671453900343,5.0,0.0,0.0006349206349206349,0.04322343663458108,4884.2362490628475,True
2019-10-14 13:30:00+00:00,-0.003260758310961509,5.0,0.0,0.0006349206349206349,-0.01693871218972818,4801.503576973334,True
2019-10-15 13:30:00+00:00,0.005452676513284738,5.0,0.0,0.0006349206349206349,0.026628461931503054,4929.360232186745,True
2019-10-16 13:30:00+00:00,0.004338331178105337,5.0,0.0,0.0006349206349206349,0.02105673525560605,5033.156465575415,True
2019-10-17 13:30:00+00:00,-0.004319591360230635,5.0,0.0,0.0006349206349206349,-0.022232877436073807,4921.254914759694,True
2019-10-18 13:30:00+00:00,0.0021691015565343807,5.0,0.0,0.0006349206349206349,0.01021058714775127,4971.503816943147,True
2019-10-21 13:30:00+00:00,0.00432900515879564,5.0,0.0,0.0006349206349206349,0.021010105159057567,5075.955634935779,True
2019-10-22 13:30:00+00:00,0.0,5.0,0.0,0.0006349206349206349,-0.0006349206349206349,5072.732805961216,True
2019-10-23 13:30:00+00:00,0.0,5.0,0.0,0.0006349206349206349,-0.0006349206349206349,5069.512023227273,True
2019-10-24 13:30:00+00:00,0.0010775705079295594,5.0,0.0,0.0006349206349206349,0.004752931904727162,5093.607068663868,True
2019-10-25 13:30:00+00:00,0.0021528847492673364,5.0,0.0,0.0006349206349206349,0.010129503111416048,5145.20277731423,True
2019-10-28 13:30:00+00:00,0.0,5.0,0.0,0.0006349206349206349,-0.0006349206349206349,5141.935981900062,True
2019-10-29 13:30:00+00:00,-0.003222357983521107,5.0,0.0,0.0006349206349206349,-0.01674671055252617,5055.825468331562,True
2019-10-30 13:30:00+00:00,-0.008620818537520947,5.0,0.0,0.0006349206349206349,-0.04373901332252537,4834.688650815844,True
2019-10-31 13:30:00+00:00,0.0,5.0,0.0,0.0006349206349206349,-0.0006349206349206349,4831.619007228024,True
2019-11-01 13:30:00+00:00,0.0032610149978966607,5.0,0.0,0.0006349206349206349,0.01567015435456267,4907.331222853727,True
2019-11-04 14:30:00+00:00,0.005417103055251005,5.0,0.0,0.0006349206349206349,0.02645059464133439,5037.133051800196,True
2019-11-05 14:30:00+00:00,0.0021552682529011324,5.0,0.0,0.0006349206349206349,0.010141420629585028,5088.216736845688,True
2019-11-06 14:30:00+00:00,-0.0064517087401161355,5.0,0.0,0.0006349206349206349,-0.03289346433550131,4920.847661080953,True
2019-11-07 14:30:00+00:00,0.003246769842578212,5.0,0.0,0.0006349206349206349,0.015598928577970426,4997.607612289228,True
2019-11-08 14:30:00+00:00,-0.001078732918708858,5.0,0.0,0.0006349206349206349,-0.006028585228464924,4967.479108860117,True
2019-11-11 14:30:00+00:00,0.006479450796270214,5.0,0.0,0.0006349206349206349,0.03176233334643044,5125.257836207162,True
2019-11-12 14:30:00+00:00,0.0021458914818446306,5.0,0.0,0.0006349206349206349,0.010094536774302519,5176.994939912538,True
2019-11-13 14:30:00+00:00,-0.0010705218262940797,5.0,0.0,0.0006349206349206349,-0.005987529766391033,5145.997528609356,True
2019-11-14 14:30:00+00:00,-0.0010719221817400149,5.0,0.0,0.0006349206349206349,-0.005994531543620709,5115.149684100713,True
2019-11-15 14:30:00+00:00,0.003218963913727002,5.0,0.0,0.0006349206349206349,0.015459898933714376,5194.229381247731,True
2019-11-18 14:30:00+00:00,-0.0010696293336562857,5.0,0.0,0.0006349206349206349,-0.005983067303202063,5163.151957271457,True
2019-11-19 14:30:00+00:00,-0.0010705218262940797,5.0,0.0,0.0006349206349206349,-0.005987529766391033,5132.237431238894,True
2019-11-20 14:30:00+00:00,-0.0010719221817400149,5.0,0.0,0.0006349206349206349,-0.005994531543620709,5101.472072067982,True
2019-11-21 14:30:00+00:00,0.004291782963689261,5.0,0.0,0.0006349206349206349,0.020823994183525672,5207.705096824145,True
2019-11-22 14:30:00+00:00,-0.003204955558143041,5.0,0.0,0.0006349206349206349,-0.01665969842563584,5120.946300421408,True
2019-11-25 14:30:00+00:00,0.0,5.0,0.0,0.0006349206349206349,-0.0006349206349206349,5117.69490594495,True
2019-11-26 14:30:00+00:00,0.0,5.0,0.0,0.0006349206349206349,-0.0006349206349206349,5114.445575845936,True
2019-11-27 14:30:00+00:00,0.003215260324591185,5.0,0.0,0.0006349206349206349,0.01544138098803529,5193.419678525145,True
2019-11-29 14:30:00+00:00,-0.0010682344196786264,5.0,0.0,0.0006349206349206349,-0.005976092733313767,5162.3833209232625,True
2019-12-02 14:30:00+00:00,-0.0021390060984025627,5.0,0.0,0.0006349206349206349,-0.011329951126933448,5103.893770198705,True
2019-12-03 14:30:00+00:00,-0.004287372339067064,5.0,0.0,0.0006349206349206349,-0.022071782330255953,4991.24173786613,True
2019-12-04 14:30:00+00:00,0.008611411896987109,5.0,0.0,0.0006349206349206349,0.04242213885001491,5202.980887903877,True
2019-12-05 14:30:00+00:00,0.001067346340718922,5.0,0.0,0.0006349206349206349,0.0047018110686739755,5227.444321032724,True
2019-12-06 14:30:00+00:00,-0.0010662083271625322,5.0,0.0,0.0006349206349206349,-0.005965962270733296,5196.257585441083,True
2019-12-09 14:30:00+00:00,-0.002134377644147367,5.0,0.0,0.0006349206349206349,-0.01130680885565747,5137.504494157741,True
2019-12-10 14:30:00+00:00,0.001069376764746277,5.0,0.0,0.0006349206349206349,0.0047119631888107505,5161.712226216563,True
2019-12-11 14:30:00+00:00,0.004273568426482521,5.0,0.0,0.0006349206349206349,0.020732921497491973,5268.729600595356,True
2019-12-12 14:30:00+00:00,0.0031916312773709876,5.0,0.0,0.0006349206349206349,0.015323235751934304,5349.463586378473,True
2019-12-13 14:30:00+00:00,-0.007423321529285265,5.0,0.0,0.0006349206349206349,-0.03775152828134696,5147.513160507271,True
2019-12-16 14:30:00+00:00,0.003205270932026938,5.0,0.0,0.0006349206349206349,0.015391434025214056,5226.74076971114,True
2019-12-17 14:30:00+00:00,0.004259914247173091,5.0,0.0,0.0006349206349206349,0.02066465060094482,5334.749541498934,True
2019-12-18 14:30:00+00:00,0.002120859570435174,5.0,0.0,0.0006349206349206349,0.009969377217255236,5387.933672037717,True
2019-12-19 14:30:00+00:00,-0.002116371044650567,5.0,0.0,0.0006349206349206349,-0.011216775858173468,5327.498427699764,True
2019-12-20 14:30:00+00:00,0.004241656534317961,5.0,0.0,0.0006349206349206349,0.020573362036669172,5437.102981602618,True
2019-12-23 14:30:00+00:00,0.0015847366544226027,5.0,0.0,0.0006349206349206349,0.007288762637192379,5476.73273466949,True
2019-12-24 14:30:00+00:00,-0.0031644584755078364,5.0,0.0,0.0006349206349206349,-0.016457213012459816,5386.600977442723,True
2019-12-26 14:30:00+00:00,-0.0021163152275039954,5.0,0.0,0.0006349206349206349,-0.011216496772440611,5326.18218496481,True
2019-12-27 14:30:00+00:00,-0.003181486855154292,5.0,0.0,0.0006349206349206349,-0.016542354910692093,5238.074588942117,True
2019-12-30 14:30:00+00:00,-0.0010637547932836888,5.0,0.0,0.0006349206349206349,-0.005953694601339079,5206.88869254052,True
2019-12-31 14:30:00+00:00,-0.0010649504125983533,5.0,0.0,0.0006349206349206349,-0.0059596726979124015,5175.857340158517,True
2020-01-02 14:30:00+00:00,0.0021321085750485302,5.0,0.0,0.0006349206349206349,0.010025622240322017,5227.7485306207445,True
2020-01-03 14:30:00+00:00,-0.0010637547932836888,5.0,0.0,0.0006349206349206349,-0.005953694601339079,5196.62411241683,True
2020-01-06 14:30:00+00:00,0.0021297123050316724,5.0,0.0,0.0006349206349206349,0.010013640890237728,5248.661240120123,True
2020-01-07 14:30:00+00:00,0.0,5.0,0.0,0.0006349206349206349,-0.0006349206349206349,5245.328756793062,True
2020-01-08 14:30:00+00:00,0.002125687921748387,5.0,0.0,0.0006349206349206349,0.009993518973821301,5297.7480492480045,True
2020-01-09 14:30:00+00:00,0.0010603078978952407,5.0,0.0,0.0006349206349206349,0.004666618854555569,5322.4706201813115,True
2020-01-10 14:30:00+00:00,0.0021186822077952083,5.0,0.0,0.0006349206349206349,0.009958490404055408,5375.474392778255,True
2020-01-13 14:30:00+00:00,0.001057007879280647,5.0,0.0,0.0006349206349206349,0.0046501187614826,5400.470987103982,True
2020-01-14 14:30:00+00:00,-0.0021118458958764297,5.0,0.0,0.0006349206349206349,-0.011194150114302782,5340.017304186403,True
2020-01-15 14:30:00+00:00,0.0,5.0,0.0,0.0006349206349206349,-0.0006349206349206349,5336.626817009142,True
2020-01-16 14:30:00+00:00,0.007407446722155875,5.0,0.0,0.0006349206349206349,0.03640231297585874,5530.89237663727,True
2020-01-17 14:30:00+00:00,0.003151223979128037,5.0,0.0,0.0006349206349206349,0.015121199260719552,5614.526102353997,True
2020-01-21 14:30:00+00:00,0.002094216640390556,5.0,0.0,0.0006349206349206349,0.009836162567032146,5669.751493833597,True
2020-01-22 14:30:00+00:00,-0.0031348217519462374,5.0,0.0,0.0006349206349206349,-0.01630902939465182,5577.283350060294,True
2020-01-23 14:30:00+00:00,-0.002096350088299892,5.0,0.0,0.0006349206349206349,-0.011116671076420094,5515.282525557679,True
2020-01-24 14:30:00+00:00,-0.0010504699749859236,5.0,0.0,0.0006349206349206349,-0.005887270509850253,5482.81256539147,True
2020-01-27 14:30:00+00:00,-0.008412100603451655,5.0,0.0,0.0006349206349206349,-0.04269542365217891,5248.721560106592,True
2020-01-28 14:30:00+00:00,0.0031812365611685323,5.0,0.0,0.0006349206349206349,0.015271262170922027,5328.876163113151,True
2020-01-29 14:30:00+00:00,0.0021140781336281833,5.0,0.0,0.0006349206349206349,0.009935470033220282,5381.821052542504,True
2020-01-30 14:30:00+00:00,-0.008438784160777368,5.0,0.0,0.0006349206349206349,-0.042828841438807476,5151.323892031124,True
2020-01-31 14:30:00+00:00,-0.007446660192237942,5.0,0.0,0.0006349206349206349,-0.03786822159611034,4956.252417374352,True
2020-02-03 14:30:00+00:00,0.003215206933331549,5.0,0.0,0.0006349206349206349,0.015441114031737112,5032.782476121102,True
2020-02-04 14:30:00+00:00,0.006410246307456013,5.0,0.0,0.0006349206349206349,0.03141631090235943,5190.89393509487,True
2020-02-05 14:30:00+00:00,0.004246424011241201,5.0,0.0,0.0006349206349206349,0.02059719942128537,5297.81181265076,True
2020-02-06 14:30:00+00:00,0.006342546276217664,5.0,0.0,0.0006349206349206349,0.031077810746167688,5462.456205533133,True
2020-02-07 14:30:00+00:00,-0.003151409924957882,5.0,0.0,0.0006349206349206349,-0.016391970259710044,5372.915785867065,True
2020-02-10 14:30:00+00:00,0.0,5.0,0.0,0.0006349206349206349,-0.0006349206349206349,5369.504410764927,True
2020-02-11 14:30:00+00:00,0.0,5.0,0.0,0.0006349206349206349,-0.0006349206349206349,5366.095201615235,True
2020-02-12 14:30:00+00:00,0.005268767976794209,5.0,0.0,0.0006349206349206349,0.02570891924905041,5504.051709836279,True
2020-02-13 14:30:00+00:00,0.001048267822161053,5.0,0.0,0.0006349206349206349,0.0046064184758846305,5529.405675324693,True
2020-02-14 14:30:00+00:00,-0.0020942784276284376,5.0,0.0,0.0006349206349206349,-0.011106312773062822,5467.994366445389,True
2020-02-18 14:30:00+00:00,-0.0020986117176388097,5.0,0.0,0.0006349206349206349,-0.011127979223114683,5407.146638743477,True
2020-02-19 14:30:00+00:00,0.003154537726294482,5.0,0.0,0.0006349206349206349,0.015137767996551775,5488.99877008411,True
2020-02-20 14:30:00+00:00,-0.0010482059701536484,5.0,0.0,0.0006349206349206349,-0.005875950485688877,5456.745685095089,True
2020-02-21 14:30:00+00:00,-0.008394508787464505,5.0,0.0,0.0006349206349206349,-0.04260746457224316,5224.247586637659,True
2020-02-24 14:30:00+00:00,-0.012698328452522945,5.0,0.0,0.0006349206349206349,-0.06412656289753536,4889.234545180842,True
2020-02-25 14:30:00+00:00,-0.008574580841381407,5.0,0.0,0.0006349206349206349,-0.04350782484182767,4676.514584978501,True
2020-02-26 14:30:00+00:00,-0.0021622009885586824,5.0,0.0,0.0006349206349206349,-0.011445925577714046,4622.987547075743,True
2020-02-27 14:30:00+00:00,-0.004333836393600632,5.0,0.0,0.0006349206349206349,-0.022304102602923793,4519.875958493726,True
2020-02-28 14:30:00+00:00,-0.005440570369328768,5.0,0.0,0.0006349206349206349,-0.027837772481564473,4394.052679916285,True
2020-03-02 14:30:00+00:00,-0.006564605103663523,5.0,0.0,0.0006349206349206349,-0.03345794615323825,4247.036701957154,True
2020-03-03 14:30:00+00:00,-0.007709097941701826,5.0,0.0,0.0006349206349206349,-0.03918041034342976,4080.636061230866,True
2020-03-04 14:30:00+00:00,0.008878789402926968,5.0,0.0,0.0006349206349206349,0.043759026379714204,4259.20072228028,True
2020-03-05 14:30:00+00:00,-0.0011000325998095084,5.0,0.0,0.0006349206349206349,-0.006135083633968177,4233.0701696352335,True
2020-03-06 14:30:00+00:00,-0.0011013739750813656,5.0,0.0,0.0006349206349206349,-0.006141790510327463,4207.071539437818,True
2020-03-09 13:30:00+00:00,-0.011025232800454754,5.0,0.0,0.0006349206349206349,-0.055761084637194404,3972.4806672524937,True
2020-03-10 13:30:00+00:00,-0.003344508886347297,5.0,0.0,0.0006349206349206349,-0.01735746506665712,3903.5284728426877,True
2020-03-11 13:30:00+00:00,-0.0022370447696727913,5.0,0.0,0.0006349206349206349,-0.01182014448328459,3857.388202299072,True
2020-03-12 13:30:00+00:00,0.002242060359072262,5.0,0.0,0.0006349206349206349,0.010575381160440676,3898.181552822172,True
2020-03-13 13:30:00+00:00,0.01118568587041513,5.0,0.0,0.0006349206349206349,0.055293508717155014,4113.725688494198,True
2020-03-16 13:30:00+00:00,-0.001106181982242549,5.0,0.0,0.0006349206349206349,-0.00616583054613338,4088.3611529856666,True
2020-03-17 13:30:00+00:00,0.00664437651000771,5.0,0.0,0.0006349206349206349,0.03258696191511792,4221.588422173259,True
2020-03-18 13:30:00+00:00,0.0077009422526379545,5.0,0.0,0.0006349206349206349,0.03786979062826914,4381.459091839685,True
2020-03-19 13:30:00+00:00,-0.021834131460610084,5.0,0.0,0.0006349206349206349,-0.10980557793797106,3900.350444048651,True
2020-03-20 13:30:00+00:00,0.0,5.0,0.0,0.0006349206349206349,-0.0006349206349206349,3897.8740310683024,True
2020-03-23 13:30:00+00:00,0.008928600828492561,5.0,0.0,0.0006349206349206349,0.04400808350754217,4069.4119969294366,True
2020-03-24 13:30:00+00:00,-0.001106181982242549,5.0,0.0,0.0006349206349206349,-0.00616583054613338,4044.3206921339674,True
2020-03-25 13:30:00+00:00,-0.005537165570052571,5.0,0.0,0.0006349206349206349,-0.02832074848518349,3929.7825030186177,True
2020-03-26 13:30:00+00:00,0.006681569502542395,5.0,0.0,0.0006349206349206349,0.03277292687779134,4058.572977635671,True
2020-03-27 13:30:00+00:00,-0.0033184806737012185,5.0,0.0,0.0006349206349206349,-0.017227324003426726,3988.654625958389,True
2020-03-30 13:30:00+00:00,0.0055494562204834175,5.0,0.0,0.0006349206349206349,0.027112360467496453,4096.79646795772,True
2020-03-31 13:30:00+00:00,-0.005518829716583018,5.0,0.0,0.0006349206349206349,-0.028229069217835724,3981.1477168923566,True
2020-04-01 13:30:00+00:00,0.003329529653508967,5.0,0.0,0.0006349206349206349,0.0160127276326242,4044.8967509481977,True
2020-04-02 13:30:00+00:00,0.0033184806737012185,5.0,0.0,0.0006349206349206349,0.01595748273358546,4109.4431210105895,True
2020-04-03 13:30:00+00:00,-0.003307504783000792,5.0,0.0,0.0006349206349206349,-0.017172444549924594,4038.873936883966,True
2020-04-06 13:30:00+00:00,0.00221255978356516,5.0,0.0,0.0006349206349206349,0.010427878282905166,4080.9908226977905,True
2020-04-07 13:30:00+00:00,-0.006622830124029533,5.0,0.0,0.0006349206349206349,-0.0337490712550683,3943.2611726312825,True
2020-04-08 13:30:00+00:00,0.007777820685209713,5.0,0.0,0.0006349206349206349,0.03825418279112793,4094.1074063222777,True
2020-04-09 13:30:00+00:00,0.0,5.0,0.0,0.0006349206349206349,-0.0006349206349206349,4091.507973048422,True
2020-04-13 13:30:00+00:00,0.0011025883371811318,5.0,0.0,0.0006349206349206349,0.004878021050985024,4111.466435071226,True
2020-04-14 13:30:00+00:00,0.0022026829646792923,5.0,0.0,0.0006349206349206349,0.010378494188475827,4154.137265573726,True
2020-04-15 13:30:00+00:00,0.0010990181719596759,5.0,0.0,0.0006349206349206349,0.0048601702248777445,4174.327079821924,True
2020-04-16 13:30:00+00:00,-0.003293240656585761,5.0,0.0,0.0006349206349206349,-0.017101123917849438,4102.941395156254,True
2020-04-17 13:30:00+00:00,-0.0011013739750813656,5.0,0.0,0.0006349206349206349,-0.006141790510327463,4077.7419886310536,True
2020-04-20 13:30:00+00:00,0.0022050465600909064,5.0,0.0,0.0006349206349206349,0.010390312165533898,4120.1110008234355,True
2020-04-21 13:30:00+00:00,0.0033005521974103225,5.0,0.0,0.0006349206349206349,0.01586784035213098,4185.4882644175605,True
2020-04-22 13:30:00+00:00,0.0010964785291880386,5.0,0.0,0.0006349206349206349,0.004847472011019558,4205.777301631776,True
2020-04-23 13:30:00+00:00,-0.0021905551616742125,5.0,0.0,0.0006349206349206349,-0.011587696443291697,4157.042030952381,True
2020-04-24 13:30:00+00:00,0.0010976821140578075,5.0,0.0,0.0006349206349206349,0.004853489935368402,4177.218192610512,True
2020-04-27 13:30:00+00:00,0.0010964785291880386,5.0,0.0,0.0006349206349206349,0.004847472011019558,4197.467140883114,True
2020-04-28 13:30:00+00:00,-0.0032859620016817415,5.0,0.0,0.0006349206349206349,-0.01706473064332934,4125.838494739717,True
2020-04-29 13:30:00+00:00,-0.001099018171959787,5.0,0.0,0.0006349206349206349,-0.0061300114947195694,4100.547057341606,True
2020-04-30 13:30:00+00:00,-0.0033000328854311256,5.0,0.0,0.0006349206349206349,-0.017135085062076262,4030.2838347130114,True
2020-05-01 13:30:00+00:00,0.001103479376046712,5.0,0.0,0.0006349206349206349,0.0048824762453129255,4049.9615997978667,True
2020-05-04 13:30:00+00:00,0.0022050465600909064,5.0,0.0,0.0006349206349206349,0.010390312165533898,4092.041965078192,True
2020-05-05 13:30:00+00:00,-0.0033000328854311256,5.0,0.0,0.0006349206349206349,-0.017135085062076262,4021.9244779289916,True
2020-05-06 13:30:00+00:00,0.005518699458733067,5.0,0.0,0.0006349206349206349,0.026958576658744703,4130.349837282923,True
2020-05-07 13:30:00+00:00,0.002195364228115837,5.0,0.0,0.0006349206349206349,0.01034190050565855,4173.065504353665,True
2020-05-08 13:30:00+00:00,-0.0010952775808371618,5.0,0.0,0.0006349206349206349,-0.006111308539106444,4147.562613502659,True
2020-05-11 13:30:00+00:00,-0.0010964785291879275,5.0,0.0,0.0006349206349206349,-0.006117313280860273,4122.190673643879,True
2020-05-12 13:30:00+00:00,0.003292981570703013,5.0,0.0,0.0006349206349206349,0.01582998721859443,4187.444899320271,True
2020-05-13 13:30:00+00:00,0.0,5.0,0.0,0.0006349206349206349,-0.0006349206349206349,4184.786204146099,True
2020-05-14 13:30:00+00:00,-0.0021880941030886225,5.0,0.0,0.0006349206349206349,-0.011575391150363747,4136.345666952462,True
2020-05-15 13:30:00+00:00,0.0010964785291880386,5.0,0.0,0.0006349206349206349,0.004847472011019558,4156.396486800917,True
2020-05-18 13:30:00+00:00,-0.006571924003363372,5.0,0.0,0.0006349206349206349,-0.033494540651737494,4017.1798957090245,True
2020-05-19 13:30:00+00:00,0.0011025883371811318,5.0,0.0,0.0006349206349206349,0.004878021050985024,4036.775783805887,True
2020-05-20 13:30:00+00:00,0.0011012440041142657,5.0,0.0,0.0006349206349206349,0.004871299385650694,4056.4401272015502,True
2020-05-21 13:30:00+00:00,-0.002200195027613594,5.0,0.0,0.0006349206349206349,-0.011635895772988604,4009.2398126720645,True
2020-05-22 13:30:00+00:00,0.0022050465600909064,5.0,0.0,0.0006349206349206349,0.010390312165533898,4050.897065872214,True
2020-05-26 13:30:00+00:00,0.0011002273418017072,5.0,0.0,0.0006349206349206349,0.004866216074087901,4070.6096062886377,True
2020-05-27 13:30:00+00:00,-0.002197841815952284,5.0,0.0,0.0006349206349206349,-0.011624129714682054,4023.292312207308,True
2020-05-28 13:30:00+00:00,0.0011012440041142657,5.0,0.0,0.0006349206349206349,0.004871299385650694,4042.8909735760567,True
2020-05-29 13:30:00+00:00,-0.0033000328854311256,5.0,0.0,0.0006349206349206349,-0.017135085062076262,3973.6156928471305,True
2020-06-01 13:30:00+00:00,0.0022072843967182454,5.0,0.0,0.0006349206349206349,0.010401501348670593,4014.947261835379,True
2020-06-02 13:30:00+00:00,-0.006607853937587449,5.0,0.0,0.0006349206349206349,-0.03367419032285788,3879.747163604097,True
2020-06-03 13:30:00+00:00,-0.0022174656246054525,5.0,0.0,0.0006349206349206349,-0.011722248757947897,3834.2678022343866,True
2020-06-04 13:30:00+00:00,0.0,5.0,0.0,0.0006349206349206349,-0.0006349206349206349,3831.8333464869365,True
2020-06-05 13:30:00+00:00,-0.006666525487375119,5.0,0.0,0.0006349206349206349,-0.03396754807179623,3701.67536308703,True
2020-06-08 13:30:00+00:00,0.003355732162384717,5.0,0.0,0.0006349206349206349,0.01614374017700295,3761.43424836832,True
2020-06-09 13:30:00+00:00,0.0055741376223108485,5.0,0.0,0.0006349206349206349,0.02723576747663361,3863.879796935526,True
2020-06-10 13:30:00+00:00,0.0022172693713418123,5.0,0.0,0.0006349206349206349,0.010451426221788428,3904.2628515630568,True
2020-06-11 13:30:00+00:00,-0.001106181982242549,5.0,0.0,0.0006349206349206349,-0.00616583054613338,3880.1898284127556,True
2020-06-12 13:30:00+00:00,-0.0011074069758862937,5.0,0.0,0.0006349206349206349,-0.006171955514352103,3856.2414694045506,True
2020-06-15 13:30:00+00:00,0.0,5.0,0.0,0.0006349206349206349,-0.0006349206349206349,3853.7930621223886,True
2020-06-16 13:30:00+00:00,0.005543108010600317,5.0,0.0,0.0006349206349206349,0.027080619418080952,3958.156165353766,True
2020-06-17 13:30:00+00:00,0.0011025883371811318,5.0,0.0,0.0006349206349206349,0.004878021050985024,3977.4641344514484,True
2020-06-18 13:30:00+00:00,0.0022026829646792923,5.0,0.0,0.0006349206349206349,0.010378494188475827,4018.7442228557243,True
2020-06-19 13:30:00+00:00,0.0,5.0,0.0,0.0006349206349206349,-0.0006349206349206349,4016.192639222165,True
2020-06-22 13:30:00+00:00,-0.002197841815952284,5.0,0.0,0.0006349206349206349,-0.011624129714682054,3969.507895024695,True
2020-06-23 13:30:00+00:00,0.003304121925244319,5.0,0.0,0.0006349206349206349,0.01588568899130096,4032.566262893571,True
2020-06-24 13:30:00+00:00,0.0,5.0,0.0,0.0006349206349206349,-0.0006349206349206349,4030.005903361575,True
2020-06-25 13:30:00+00:00,-0.003293240656585761,5.0,0.0,0.0006349206349206349,-0.017101123917849438,3961.0882730185235,True
2020-06-26 13:30:00+00:00,0.0,5.0,0.0,0.0006349206349206349,-0.0006349206349206349,3958.573296337242,True
2020-06-29 13:30:00+00:00,-0.0022024230227452035,5.0,0.0,0.0006349206349206349,-0.011647035748646652,3912.4676516411646,True
2020-06-30 13:30:00+00:00,0.0022072843967182454,5.0,0.0,0.0006349206349206349,0.010401501348670593,3953.16318919634,True
2020-07-01 13:30:00+00:00,0.0,5.0,0.0,0.0006349206349206349,-0.0006349206349206349,3950.653244314311,True
2020-07-02 13:30:00+00:00,0.0011012440041142657,5.0,0.0,0.0006349206349206349,0.004871299385650694,3969.8980590362585,True
2020-07-06 13:30:00+00:00,0.0022004546836034145,5.0,0.0,0.0006349206349206349,0.010367352783096438,4011.055392727218,True
2020-07-07 13:30:00+00:00,0.002195364228115837,5.0,0.0,0.0006349206349206349,0.01034190050565855,4052.5373285214882,True
2020-07-08 13:30:00+00:00,0.0,5.0,0.0,0.0006349206349206349,-0.0006349206349206349,4049.9642889478237,True
2020-07-09 13:30:00+00:00,-0.0010952775808371618,5.0,0.0,0.0006349206349206349,-0.006111308539106444,4025.213707605701,True
2020-07-10 13:30:00+00:00,0.0,5.0,0.0,0.0006349206349206349,-0.0006349206349206349,4022.658016362777,True
2020-07-13 13:30:00+00:00,0.004385914116751932,5.0,0.0,0.0006349206349206349,0.021294649948839027,4108.319110685114,True
2020-07-14 13:30:00+00:00,0.0,5.0,0.0,0.0006349206349206349,-0.0006349206349206349,4105.710654106901,True
2020-07-15 13:30:00+00:00,0.0,5.0,0.0,0.0006349206349206349,-0.0006349206349206349,4103.103853691594,True
2020-07-16 13:30:00+00:00,-0.0010918193043883972,5.0,0.0,0.0006349206349206349,-0.006094017156862621,4078.0994684108086,True
2020-07-17 13:30:00+00:00,0.004371534800287957,5.0,0.0,0.0006349206349206349,0.021222753366519152,4164.647967633025,True
2020-07-20 13:30:00+00:00,0.0,5.0,0.0,0.0006349206349206349,-0.0006349206349206349,4162.003746701193,True
2020-07-21 13:30:00+00:00,0.0032646375767522162,5.0,0.0,0.0006349206349206349,0.015688267248840447,4227.298373770118,True
2020-07-22 13:30:00+00:00,0.0010845221360338275,5.0,0.0,0.0006349206349206349,0.004787690045248503,4247.537368112513,True
2020-07-23 13:30:00+00:00,-0.0021668223027349054,5.0,0.0,0.0006349206349206349,-0.011469032148595161,4198.822225485271,True
2020-07-24 13:30:00+00:00,0.0010858278768048901,5.0,0.0,0.0006349206349206349,0.004794218749103816,4218.952297722846,True
2020-07-27 13:30:00+00:00,0.0075921029432046705,5.0,0.0,0.0006349206349206349,0.03732559408110272,4376.427198635185,True
2020-07-28 13:30:00+00:00,-0.0021528912958531654,5.0,0.0,0.0006349206349206349,-0.011399377114186461,4326.538654585161,True
2020-07-29 13:30:00+00:00,0.0010787362916564458,5.0,0.0,0.0006349206349206349,0.004758760823361594,4347.12761723536,True
2020-07-30 13:30:00+00:00,0.002155274917091665,5.0,0.0,0.0006349206349206349,0.010141453950537692,4391.2138117826635,True
2020-07-31 13:30:00+00:00,-0.004301152498221494,5.0,0.0,0.0006349206349206349,-0.022140683126028106,4293.989338237346,True
2020-08-03 13:30:00+00:00,-0.0010798374980294234,5.0,0.0,0.0006349206349206349,-0.006034108125067752,4268.078942282533,True
2020-08-04 13:30:00+00:00,0.005405406784673383,5.0,0.0,0.0006349206349206349,0.026392113288446283,4380.722565251286,True
2020-08-05 13:30:00+00:00,0.0053763454504986985,5.0,0.0,0.0006349206349206349,0.02624680661757286,4495.702543266675,True
2020-08-06 13:30:00+00:00,0.0021389496206776215,5.0,0.0,0.0006349206349206349,0.010059827468467473,4540.928535201489,True
2020-08-07 13:30:00+00:00,-0.0032017338558260056,5.0,0.0,0.0006349206349206349,-0.016643589914050662,4465.351182832584,True
2020-08-10 13:30:00+00:00,0.0,5.0,0.0,0.0006349206349206349,-0.0006349206349206349,4462.516039224436,True
2020-08-11 13:30:00+00:00,-0.009635864117277237,5.0,0.0,0.0006349206349206349,-0.04881424122130682,4244.6817048317835,True
2020-08-12 13:30:00+00:00,0.0010810048075562406,5.0,0.0,0.0006349206349206349,0.004770103402860568,4264.929275476062,True
2020-08-13 13:30:00+00:00,-0.0010798374980294234,5.0,0.0,0.0006349206349206349,-0.006034108125067752,4239.194231082072,True
2020-08-14 13:30:00+00:00,0.0032431420049661153,5.0,0.0,0.0006349206349206349,0.015580789389909942,4305.244223579483,True
2020-08-17 13:30:00+00:00,0.004310422664315583,5.0,0.0,0.0006349206349206349,0.02091719268665728,4395.297846567214,True
2020-08-18 13:30:00+00:00,0.0021458347077321083,5.0,0.0,0.0006349206349206349,0.010094252903739907,4439.665094617728,True
2020-08-19 13:30:00+00:00,-0.008565275725156862,5.0,0.0,0.0006349206349206349,-0.043461299260704946,4246.71148132324,True
2020-08-20 13:30:00+00:00,-0.0053995061014705525,5.0,0.0,0.0006349206349206349,-0.027632451142273397,4129.364433800244,True
2020-08-21 13:30:00+00:00,0.0021715276172069586,5.0,0.0,0.0006349206349206349,0.01022271745111416,4171.5777596596645,True
2020-08-24 13:30:00+00:00,0.003250233454102247,5.0,0.0,0.0006349206349206349,0.015616246635590601,4236.722146814055,True
2020-08-25 13:30:00+00:00,0.0032397673831470186,5.0,0.0,0.0006349206349206349,0.015563916280814459,4302.662135612141,True
2020-08-26 13:30:00+00:00,0.0010764774061695626,5.0,0.0,0.0006349206349206349,0.004747466395927178,4323.088879513989,True
2020-08-27 13:30:00+00:00,-0.0010753198486481708,5.0,0.0,0.0006349206349206349,-0.006011519878161489,4297.1005447797315,True
2020-08-28 13:30:00+00:00,-0.004305655558734189,5.0,0.0,0.0006349206349206349,-0.02216319842859158,4201.863052738169,True
2020-08-31 13:30:00+00:00,0.0010810048075562406,5.0,0.0,0.0006349206349206349,0.004770103402860568,4221.9063739843905,True
2020-09-01 13:30:00+00:00,0.00539956982373524,5.0,0.0,0.0006349206349206349,0.026362928483755564,4333.208189786853,True
2020-09-02 13:30:00+00:00,-0.004296469516292367,5.0,0.0,0.0006349206349206349,-0.02211726821638247,4237.369462015912,True
2020-09-03 13:30:00+00:00,-0.0075512813486450225,5.0,0.0,0.0006349206349206349,-0.03839132737814575,4074.691223777502,True
2020-09-04 13:30:00+00:00,-0.0010870082503079415,5.0,0.0,0.0006349206349206349,-0.006069961886460342,4049.9580033500774,True
2020-09-08 13:30:00+00:00,-0.00217618962314603,5.0,0.0,0.0006349206349206349,-0.011515868750650783,4003.3192185378502,True
2020-09-09 13:30:00+00:00,0.004362128896501005,5.0,0.0,0.0006349206349206349,0.021175723847584392,4088.092400783335,True
2020-09-10 13:30:00+00:00,0.006514582851620654,5.0,0.0,0.0006349206349206349,0.031937993623182635,4218.657869810535,True
2020-09-11 13:30:00+00:00,0.0010787362916564458,5.0,0.0,0.0006349206349206349,0.004758760823361594,4238.733453608556,True
2020-09-14 13:30:00+00:00,0.006465506826605738,5.0,0.0,0.0006349206349206349,0.031692613498108056,4373.069994675273,True
2020-09-15 13:30:00+00:00,-0.003211954705759079,5.0,0.0,0.0006349206349206349,-0.01669469416371603,4300.062928557646,True
2020-09-16 13:30:00+00:00,-0.005370571050355544,5.0,0.0,0.0006349206349206349,-0.027487775886698353,4181.863762478754,True
2020-09-17 13:30:00+00:00,0.0010799012202942215,5.0,0.0,0.0006349206349206349,0.004764585466550473,4201.788609784555,True
2020-09-18 13:30:00+00:00,0.005393808765332242,5.0,0.0,0.0006349206349206349,0.026334123191740576,4312.439028660274,True
2020-09-21 13:30:00+00:00,-0.003218910341678538,5.0,0.0,0.0006349206349206349,-0.016729472343313324,4240.294199198076,True
2020-09-22 13:30:00+00:00,0.0032293051855367683,5.0,0.0,0.0006349206349206349,0.015511605292763207,4306.067969141231,True
2020-09-23 13:30:00+00:00,-0.011802565732767722,5.0,0.0,0.0006349206349206349,-0.059647749298759246,4049.2207064544773,True
2020-09-24 13:30:00+00:00,-0.0032573554940116267,5.0,0.0,0.0006349206349206349,-0.016921698104978768,3980.7010160994255,True
2020-09-25 13:30:00+00:00,-0.0010893763628855302,5.0,0.0,0.0006349206349206349,-0.006081802449348286,3956.4911789095886,True
2020-09-28 13:30:00+00:00,0.006543128997076542,5.0,0.0,0.0006349206349206349,0.032080724350462074,4083.418281815222,True
2020-09-29 13:30:00+00:00,0.0054170557568371525,5.0,0.0,0.0006349206349206349,0.026450358149265128,4191.426157842491,True
2020-09-30 13:30:00+00:00,0.0010776374585457216,5.0,0.0,0.0006349206349206349,0.004753266657807973,4211.3491240472285,True
2020-10-01 13:30:00+00:00,0.0032293051855367683,5.0,0.0,0.0006349206349206349,0.015511605292763207,4276.673909409474,True
2020-10-02 13:30:00+00:00,-0.0021458980197642807,5.0,0.0,0.0006349206349206349,-0.011364410733742038,4228.072030528666,True
2020-10-05 13:30:00+00:00,-0.0010753198486481708,5.0,0.0,0.0006349206349206349,-0.006011519878161489,4202.654891470845,True
2020-10-06 13:30:00+00:00,0.0010764774061695626,5.0,0.0,0.0006349206349206349,0.004747466395927178,4222.606854341781,True
2020-10-07 13:30:00+00:00,0.004300962153664933,5.0,0.0,0.0006349206349206349,0.020869890133404033,4310.732195468454,True
2020-10-08 13:30:00+00:00,-0.006423972587984106,5.0,0.0,0.0006349206349206349,-0.03275478357484116,4169.535095356784,True
2020-10-09 13:30:00+00:00,0.0032327852057696393,5.0,0.0,0.0006349206349206349,0.015529005393927563,4234.283828342751,True
2020-10-12 13:30:00+00:00,0.0010741649141028375,5.0,0.0,0.0006349206349206349,0.004735903935593553,4254.33698978982,True
2020-10-13 13:30:00+00:00,0.003218910341678649,5.0,0.0,0.0006349206349206349,0.015459631073472611,4320.107470114199,True
2020-10-14 13:30:00+00:00,-0.004278151676916808,5.0,0.0,0.0006349206349206349,-0.022025679019504675,4224.954169647699,True
2020-10-15 13:30:00+00:00,0.00429653289633225,5.0,0.0,0.0006349206349206349,0.020847743846740617,4313.034931940733,True
2020-10-16 13:30:00+00:00,-0.0032085822032423827,5.0,0.0,0.0006349206349206349,-0.016677831651132548,4241.102861440371,True
2020-10-19 13:30:00+00:00,-0.0021458980197642807,5.0,0.0,0.0006349206349206349,-0.011364410733742038,4192.905226558914,True
2020-10-20 13:30:00+00:00,0.0,5.0,0.0,0.0006349206349206349,-0.0006349206349206349,4190.243064510305,True
2020-10-21 13:30:00+00:00,0.004300962153664933,5.0,0.0,0.0006349206349206349,0.020869890133404033,4277.692976898894,True
2020-10-22 13:30:00+00:00,0.0042827958037432445,5.0,0.0,0.0006349206349206349,0.02077905838379559,4366.579409013828,True
2020-10-23 13:30:00+00:00,0.0010660857410482727,5.0,0.0,0.0006349206349206349,0.0046955080703207286,4387.0827178685495,True
2020-10-26 13:30:00+00:00,0.001064887572543416,5.0,0.0,0.0006349206349206349,0.004689517227796445,4407.656017853763,True
2020-10-27 13:30:00+00:00,0.0,5.0,0.0,0.0006349206349206349,-0.0006349206349206349,4404.857506096395,True
2020-10-28 13:30:00+00:00,-0.003191515472685702,5.0,0.0,0.0006349206349206349,-0.016592497998349144,4331.769916743478,True
2020-10-29 13:30:00+00:00,0.0,5.0,0.0,0.0006349206349206349,-0.0006349206349206349,4329.019586637609,True
2020-10-30 13:30:00+00:00,-0.012806746500728883,5.0,0.0,0.0006349206349206349,-0.06466865313856505,4049.067720559287,True
2020-11-02 14:30:00+00:00,-0.001081132389853745,5.0,0.0,0.0006349206349206349,-0.00604058258418936,4024.6089926042728,True
2020-11-03 14:30:00+00:00,-0.0021644134237185364,5.0,0.0,0.0006349206349206349,-0.011456987753513316,3978.499096663326,True
2020-11-04 14:30:00+00:00,0.00867675307665805,5.0,0.0,0.0006349206349206349,0.04274884474836962,4148.575336878116,True
2020-11-05 14:30:00+00:00,0.008602178100072022,5.0,0.0,0.0006349206349206349,0.042375969865439476,4324.375240338169,True
2020-11-06 14:30:00+00:00,0.0021321085750485302,5.0,0.0,0.0006349206349206349,0.010025622240322017,4367.729792923201,True
2020-11-09 14:30:00+00:00,-0.024468117895367514,5.0,0.0,0.0006349206349206349,-0.12297551011175821,3830.6059936081465,True
2020-11-10 14:30:00+00:00,-0.0076335646996891215,5.0,0.0,0.0006349206349206349,-0.03880274413336624,3681.9679693624303,True
2020-11-11 14:30:00+00:00,0.0032967951452564925,5.0,0.0,0.0006349206349206349,0.01584905509136183,3740.323682553485,True
2020-11-12 14:30:00+00:00,0.003285832742511152,5.0,0.0,0.0006349206349206349,0.015794243077635127,3799.3992639847706,True
2020-11-13 14:30:00+00:00,0.003274942569814865,5.0,0.0,0.0006349206349206349,0.01573979221415369,3859.2010189384996,True
2020-11-16 14:30:00+00:00,0.008705207946080984,5.0,0.0,0.0006349206349206349,0.042891119095484286,4024.7264694552055,True
2020-11-17 14:30:00+00:00,0.0032363361820195724,5.0,0.0,0.0006349206349206349,0.015546760275177228,4087.2979270489864,True
2020-11-18 14:30:00+00:00,-0.004301152498221494,5.0,0.0,0.0006349206349206349,-0.022140683126028106,3996.802358804523,True
2020-11-19 14:30:00+00:00,0.004319732325705816,5.0,0.0,0.0006349206349206349,0.020963740993608447,4080.590288257145,True
2020-11-20 14:30:00+00:00,-0.0010753198486481708,5.0,0.0,0.0006349206349206349,-0.006011519878161489,4056.0597386246545,True
2020-11-23 14:30:00+00:00,-0.0010764774061696736,5.0,0.0,0.0006349206349206349,-0.006017307665769003,4031.653179266611,True
2020-11-24 14:30:00+00:00,0.004310422664315583,5.0,0.0,0.0006349206349206349,0.02091719268665728,4115.9840456631055,True
2020-11-25 14:30:00+00:00,-0.003218910341678538,5.0,0.0,0.0006349206349206349,-0.016729472343313324,4047.1258044056653,True
2020-11-27 14:30:00+00:00,0.009687915556610305,5.0,0.0,0.0006349206349206349,0.04780465714813089,4240.597265920632,True
2020-11-30 14:30:00+00:00,-0.010661109038673344,5.0,0.0,0.0006349206349206349,-0.053940465828287355,4011.8574740067115,True
2020-12-01 14:30:00+00:00,0.004310422664315583,5.0,0.0,0.0006349206349206349,0.02091719268665728,4095.7742698219163,True
2020-12-02 14:30:00+00:00,-0.0010730123219143683,5.0,0.0,0.0006349206349206349,-0.005999982244492477,4071.1996969255356,True
2020-12-03 14:30:00+00:00,0.0,5.0,0.0,0.0006349206349206349,-0.0006349206349206349,4068.6148082290747,True
2020-12-04 14:30:00+00:00,-0.0010740381540234045,5.0,0.0,0.0006349206349206349,-0.0060051114050376575,4044.182323041473,True
2020-12-07 14:30:00+00:00,0.001075192952276982,5.0,0.0,0.0006349206349206349,0.0047410441264642755,4063.3559698904796,True
2020-12-08 14:30:00+00:00,-0.0010740381540234045,5.0,0.0,0.0006349206349206349,-0.0060051114050376575,4038.9550646129624,True
2020-12-09 14:30:00+00:00,-0.0021506396972963415,5.0,0.0,0.0006349206349206349,-0.011388119121402342,3992.9589632111583,True
2020-12-10 14:30:00+00:00,0.0010776374585457216,5.0,0.0,0.0006349206349206349,0.004753266657807973,4011.9385619169857,True
2020-12-11 14:30:00+00:00,0.0010764774061695626,5.0,0.0,0.0006349206349206349,0.004747466395927178,4030.9851054222113,True
2020-12-14 14:30:00+00:00,-0.007526921699609335,5.0,0.0,0.0006349206349206349,-0.03826952913296731,3876.7212034956983,True
2020-12-15 14:30:00+00:00,0.0021668862321118088,5.0,0.0,0.0006349206349206349,0.01019951052563841,3916.261862215719,True
2020-12-16 14:30:00+00:00,0.006486411592229624,5.0,0.0,0.0006349206349206349,0.031797137326227486,4040.7877784540597,True
2020-12-17 14:30:00+00:00,0.00429653289633225,5.0,0.0,0.0006349206349206349,0.020847743846740617,4125.02908699831,True
2020-12-18 14:30:00+00:00,0.001069380147003418,5.0,0.0,0.0006349206349206349,0.004711980100096456,4144.466141968565,True
2020-12-21 14:30:00+00:00,0.006410246307456013,5.0,0.0,0.0006349206349206349,0.03141631090235943,4274.669978808953,True
2020-12-22 14:30:00+00:00,-0.009434013085232396,5.0,0.0,0.0006349206349206349,-0.04780498606108261,4070.319440056262,True
2020-12-23 14:30:00+00:00,0.0032468786932098315,5.0,0.0,0.0006349206349206349,0.015599472831128523,4133.814277575434,True
2020-12-24 14:30:00+00:00,0.004314971691763647,5.0,0.0,0.0006349206349206349,0.0209399378238976,4220.376091523404,True
2020-12-28 14:30:00+00:00,0.0010740924863044121,5.0,0.0,0.0006349206349206349,0.004735541796601426,4240.361858902192,True
2020-12-29 14:30:00+00:00,0.003218945535785167,5.0,0.0,0.0006349206349206349,0.015459807044005201,4305.917035037579,True
2020-12-30 14:30:00+00:00,0.006417046866095788,5.0,0.0,0.0006349206349206349,0.031450313695558306,4441.339476536559,True
2020-12-31 14:30:00+00:00,0.002125356280326063,5.0,0.0,0.0006349206349206349,0.00999186076670968,4485.716722203804,True
2021-01-04 14:30:00+00:00,-0.0021208487211767935,5.0,0.0,0.0006349206349206349,-0.011239164240804601,4435.301015225232,True
2021-01-05 14:30:00+00:00,0.004250898842901529,5.0,0.0,0.0006349206349206349,0.020619573579587012,4526.755030856286,True
2021-01-06 14:30:00+00:00,-0.005291085115469496,5.0,0.0,0.0006349206349206349,-0.027090346212268114,4404.1236698522625,True
2021-01-07 14:30:00+00:00,0.0063829139181525996,5.0,0.0,0.0006349206349206349,0.031279648955842364,4541.883112203358,True
2021-01-08 14:30:00+00:00,0.005285431000857654,5.0,0.0,0.0006349206349206349,0.025792234369367638,4659.028425911581,True
2021-01-11 14:30:00+00:00,-0.0031545729695681146,5.0,0.0,0.0006349206349206349,-0.016407785482761207,4582.584086941137,True
2021-01-12 14:30:00+00:00,0.009493667375188197,5.0,0.0,0.0006349206349206349,0.04683341624102035,4797.202154944327,True
2021-01-13 14:30:00+00:00,-0.005224495667256801,5.0,0.0,0.0006349206349206349,-0.02675739897120464,4668.841502938959,True
2021-01-14 14:30:00+00:00,-0.0010505832802527593,5.0,0.0,0.0006349206349206349,-0.005887837036184431,4641.35212502188,True
2021-01-15 14:30:00+00:00,-0.004205953930073947,5.0,0.0,0.0006349206349206349,-0.021664690285290368,4540.798668728306,True
2021-01-19 14:30:00+00:00,0.007391615694722908,5.0,0.0,0.0006349206349206349,0.03632315783869391,4705.734815486256,True
2021-01-20 14:30:00+00:00,0.002096455704265532,5.0,0.0,0.0006349206349206349,0.009847357886407025,4752.073870332875,True
2021-01-21 14:30:00+00:00,0.0031381352188875056,5.0,0.0,0.0006349206349206349,0.015055755459516894,4823.619932450167,True
2021-01-22 14:30:00+00:00,-0.004171050225700856,5.0,0.0,0.0006349206349206349,-0.021490171763424916,4719.959511580333,True
2021-01-25 14:30:00+00:00,0.009424141109427575,5.0,0.0,0.0006349206349206349,0.04648578491221724,4939.37053423003,True
2021-01-26 14:30:00+00:00,-0.005186739785643657,5.0,0.0,0.0006349206349206349,-0.02656861956313892,4808.138277624695,True
2021-01-27 14:30:00+00:00,-0.007299185573471867,5.0,0.0,0.0006349206349206349,-0.03713084850227997,4629.608023660198,True
2021-01-28 14:30:00+00:00,-0.005252118505450265,5.0,0.0,0.0006349206349206349,-0.02689551316217196,4505.092340124148,True
2021-01-29 14:30:00+00:00,-0.0031680203997190848,5.0,0.0,0.0006349206349206349,-0.016475022633516058,4430.870841854523,True
2021-02-01 14:30:00+00:00,0.012711859423566674,5.0,0.0,0.0006349206349206349,0.06292437648291273,4709.680626854538,True
2021-02-02 14:30:00+00:00,0.00523008275193626,5.0,0.0,0.0006349206349206349,0.025515493124760667,4829.850450508863,True
2021-02-03 14:30:00+00:00,0.009365302112011475,5.0,0.0,0.0006349206349206349,0.04619158992513674,5052.948921918506,True
2021-02-04 14:30:00+00:00,-0.0041237498426290875,5.0,0.0,0.0006349206349206349,-0.02125366984806607,4945.555213772909,True
2021-02-05 14:30:00+00:00,0.004140825571427698,5.0,0.0,0.0006349206349206349,0.020069207222217854,5044.808586187039,True
2021-02-08 14:30:00+00:00,0.005154657184455624,5.0,0.0,0.0006349206349206349,0.025138365287357488,5171.6268272314055,True
2021-02-09 14:30:00+00:00,0.00205136109576598,5.0,0.0,0.0006349206349206349,0.009621884843909266,5221.387625018699,True
2021-02-10 14:30:00+00:00,0.0030706826360025197,5.0,0.0,0.0006349206349206349,0.014718492545091964,5298.238579852572,True
2021-02-11 14:30:00+00:00,0.0010205069670647937,5.0,0.0,0.0006349206349206349,0.004467614200403334,5321.909065769047,True
2021-02-12 14:30:00+00:00,0.0,5.0,0.0,0.0006349206349206349,-0.0006349206349206349,5318.5300758860185,True
2021-02-16 14:30:00+00:00,0.00815477975924006,5.0,0.0,0.0006349206349206349,0.04013897816127967,5532.010438452117,True
2021-02-17 14:30:00+00:00,0.007077951403289706,5.0,0.0,0.0006349206349206349,0.0347548363815279,5724.274556101425,True
2021-02-18 14:30:00+00:00,-0.0020083438314676405,5.0,0.0,0.0006349206349206349,-0.010676639792258837,5663.158538593938,True
2021-02-19 14:30:00+00:00,0.0010062514798681033,5.0,0.0,0.0006349206349206349,0.004396336764419881,5688.055690679897,True
2021-02-22 14:30:00+00:00,-0.003015132625550754,5.0,0.0,0.0006349206349206349,-0.015710583762674403,5598.693015304714,True
2021-02-23 14:30:00+00:00,0.008064591181254466,5.0,0.0,0.0006349206349206349,0.039688035271351695,5820.894141169599,True
2021-02-24 14:30:00+00:00,-0.007000093839424237,5.0,0.0,0.0006349206349206349,-0.03563538983204182,5613.4643092779725,True
2021-02-25 14:30:00+00:00,0.0020141763178056493,5.0,0.0,0.0006349206349206349,0.009435960954107613,5666.432739317596,True
2021-02-26 14:30:00+00:00,-0.021105458585675918,5.0,0.0,0.0006349206349206349,-0.10616221356330023,5064.8716967040855,True
2021-03-01 14:30:00+00:00,-0.002053586908203453,5.0,0.0,0.0006349206349206349,-0.0109028551759379,5009.650134110214,True
2021-03-02 14:30:00+00:00,-0.007201683568840878,5.0,0.0,0.0006349206349206349,-0.03664333847912502,4826.079828584019,True
2021-03-03 14:30:00+00:00,0.011399161882073683,5.0,0.0,0.0006349206349206349,0.05636088877544778,5098.081977024276,True
2021-03-04 14:30:00+00:00,-0.011270685513384615,5.0,0.0,0.0006349206349206349,-0.05698834820184371,4807.550706156072,True
2021-03-05 14:30:00+00:00,0.006217796221778649,5.0,0.0,0.0006349206349206349,0.03045406047397261,4953.960146093039,True
2021-03-08 14:30:00+00:00,-0.007209099323830626,5.0,0.0,0.0006349206349206349,-0.03668041725407376,4772.246820874295,True
2021-03-09 14:30:00+00:00,0.0,5.0,0.0,0.0006349206349206349,-0.0006349206349206349,4769.216822892788,True
2021-03-10 14:30:00+00:00,-0.0010373843246773706,5.0,0.0,0.0006349206349206349,-0.005821842258307488,4741.451194854239,True
2021-03-11 14:30:00+00:00,0.006230405597681177,5.0,0.0,0.0006349206349206349,0.03051710735348525,4886.146569978917,True
2021-03-12 14:30:00+00:00,0.002064183865284397,5.0,0.0,0.0006349206349206349,0.00968599869150135,4933.473779262217,True
2021-03-15 13:30:00+00:00,-0.0010299658936626654,5.0,0.0,0.0006349206349206349,-0.005784750103233962,4904.934866308327,True
2021-03-16 13:30:00+00:00,-0.00103102781714981,5.0,0.0,0.0006349206349206349,-0.005790059720669685,4876.535000506407,True
2021-03-17 13:30:00+00:00,0.0010320919326420874,5.0,0.0,0.0006349206349206349,0.004525539028289802,4898.603949974021,True
2021-03-18 13:30:00+00:00,0.0030928425008027727,5.0,0.0,0.0006349206349206349,0.01482929186909323,4971.246777699279,True
2021-03-19 13:30:00+00:00,-0.0010278488425651267,5.0,0.0,0.0006349206349206349,-0.005774164847746268,4942.541979306016,True
2021-03-22 13:30:00+00:00,-0.0020575723507674226,5.0,0.0,0.0006349206349206349,-0.010922782388757747,4888.555668818756,True
2021-03-23 13:30:00+00:00,0.0,5.0,0.0,0.0006349206349206349,-0.0006349206349206349,4885.451823949666,True
2021-03-24 13:30:00+00:00,-0.008247379209934902,5.0,0.0,0.0006349206349206349,-0.041871816684595144,4680.889080755824,True
2021-03-25 13:30:00+00:00,0.0020790213991792594,5.0,0.0,0.0006349206349206349,0.009760186360975663,4726.575430519058,True
2021-03-26 13:30:00+00:00,0.010373540183868268,5.0,0.0,0.0006349206349206349,0.05123278028442071,4968.731031048582,True
2021-03-29 13:30:00+00:00,-0.0010267934541017265,5.0,0.0,0.0006349206349206349,-0.0057688879054292675,4940.066978698234,True
2021-03-30 13:30:00+00:00,0.0,5.0,0.0,0.0006349206349206349,-0.0006349206349206349,4936.930428235569,True
2021-03-31 13:30:00+00:00,0.0030833063199733335,5.0,0.0,0.0006349206349206349,0.014781610964946033,5009.906213186751,True
2021-04-01 13:30:00+00:00,0.0,5.0,0.0,0.0006349206349206349,-0.0006349206349206349,5006.725320352982,True
2021-04-05 13:30:00+00:00,0.005123087852090258,5.0,0.0,0.0006349206349206349,0.024980518625530655,5131.795915470976,True
2021-04-06 13:30:00+00:00,-0.008155137132432766,5.0,0.0,0.0006349206349206349,-0.041410606297084464,4919.285135218421,True
2021-04-07 13:30:00+00:00,-0.004111155162538349,5.0,0.0,0.0006349206349206349,-0.02119069644761238,4815.042057178755,True
2021-04-08 13:30:00+00:00,-0.0010319713329772773,5.0,0.0,0.0006349206349206349,-0.005794777299807021,4787.1399607682,True
2021-04-09 13:30:00+00:00,0.0010330373979579033,5.0,0.0,0.0006349206349206349,0.0045302663548688815,4808.826979868517,True
2021-04-12 13:30:00+00:00,-0.0010319713329772773,5.0,0.0,0.0006349206349206349,-0.005794777299807021,4780.960898446875,True
2021-04-13 13:30:00+00:00,0.004132270316080211,5.0,0.0,0.0006349206349206349,0.02002643094548042,4876.706481732664,True
2021-04-14 13:30:00+00:00,0.004115385156408191,5.0,0.0,0.0006349206349206349,0.01994200514712032,4973.9577874923725,True
2021-04-15 13:30:00+00:00,-0.002049139353090257,5.0,0.0,0.0006349206349206349,-0.010880617400371918,4919.838055841067,True
2021-04-16 13:30:00+00:00,0.002053346947125112,5.0,0.0,0.0006349206349206349,0.009631814100704926,4967.225021400503,True
2021-04-19 13:30:00+00:00,-0.003073828764317721,5.0,0.0,0.0006349206349206349,-0.01600406445650924,4887.7292319880235,True
2021-04-20 13:30:00+00:00,0.0,5.0,0.0,0.0006349206349206349,-0.0006349206349206349,4884.625911840729,True
2021-04-21 13:30:00+00:00,-0.008222130169285191,5.0,0.0,0.0006349206349206349,-0.04174557148134659,4680.714411678345,True
2021-04-22 13:30:00+00:00,0.0031088072862213156,5.0,0.0,0.0006349206349206349,0.014909115796185944,4750.4997248509335,True
2021-04-23 13:30:00+00:00,0.0020661955201646265,5.0,0.0,0.0006349206349206349,0.009696056965902498,4796.560840799592,True
2021-04-26 13:30:00+00:00,0.004123870317952472,5.0,0.0,0.0006349206349206349,0.019984430954841724,4892.4173797432495,True
2021-04-27 13:30:00+00:00,0.003080020420687779,5.0,0.0,0.0006349206349206349,0.014765181468518261,4964.654810174891,True
2021-04-28 13:30:00+00:00,-0.004094203643959626,5.0,0.0,0.0006349206349206349,-0.021105938854718766,4859.871109316555,True
2021-04-29 13:30:00+00:00,0.00411103505867727,5.0,0.0,0.0006349206349206349,0.019920254658465718,4956.680979421461,True
2021-04-30 13:30:00+00:00,-0.004094203643959626,5.0,0.0,0.0006349206349206349,-0.021105938854718766,4852.065573747444,True
2021-05-03 13:30:00+00:00,-0.004111155162538349,5.0,0.0,0.0006349206349206349,-0.02119069644761238,4749.246925030252,True
2021-05-04 13:30:00+00:00,0.006192069197193284,5.0,0.0,0.0006349206349206349,0.030325425351045786,4893.269858128941,True
2021-05-05 13:30:00+00:00,-0.00923082528719954,5.0,0.0,0.0006349206349206349,-0.046789047070918334,4664.31842440624,True
2021-05-06 13:30:00+00:00,0.009316827292164431,5.0,0.0,0.0006349206349206349,0.04594921582590152,4878.640198370012,True
2021-05-07 13:30:00+00:00,-0.0030769817148995626,5.0,0.0,0.0006349206349206349,-0.016019829209418447,4800.48521561792,True
2021-05-10 13:30:00+00:00,-0.0020575723507674226,5.0,0.0,0.0006349206349206349,-0.010922782388757747,4748.050560247278,True
2021-05-11 13:30:00+00:00,-0.002061935158976236,5.0,0.0,0.0006349206349206349,-0.010944596429801813,4696.085063037077,True
2021-05-12 13:30:00+00:00,-0.007231382509953699,5.0,0.0,0.0006349206349206349,-0.03679183318468913,4523.307484776706,True
2021-05-13 13:30:00+00:00,-0.011446304709464616,5.0,0.0,0.0006349206349206349,-0.057866444182243716,4261.5597646897495,True
2021-05-14 13:30:00+00:00,0.003157708795036962,5.0,0.0,0.0006349206349206349,0.015153623340264176,4326.137836205883,True
2021-05-17 13:30:00+00:00,0.005246670072355686,5.0,0.0,0.0006349206349206349,0.025598429726857795,4436.8801715947,True
2021-05-18 13:30:00+00:00,0.0020877022814198565,5.0,0.0,0.0006349206349206349,0.009803590772178648,4480.377529102208,True
2021-05-19 13:30:00+00:00,0.0031250597239180777,5.0,0.0,0.0006349206349206349,0.014990377984669755,4547.540081777472,True
2021-05-20 13:30:00+00:00,-0.006230587624255879,5.0,0.0,0.0006349206349206349,-0.03178785875620003,4402.983519969772,True
2021-05-21 13:30:00+00:00,0.0031347950898570343,5.0,0.0,0.0006349206349206349,0.015039054814364537,4469.2002304733405,True
2021-05-24 13:30:00+00:00,-0.0010415851327402192,5.0,0.0,0.0006349206349206349,-0.005842846298621731,4443.08738044892,True
2021-05-25 13:30:00+00:00,0.002085403255646767,5.0,0.0,0.0006349206349206349,0.009792095643313202,4486.594517029875,True
2021-05-26 13:30:00+00:00,-0.006243433404998444,5.0,0.0,0.0006349206349206349,-0.031852087659912855,4343.687115178954,True
2021-05-27 13:30:00+00:00,0.0062826587666140465,5.0,0.0,0.0006349206349206349,0.0307783731981496,4477.378738265927,True
2021-05-28 13:30:00+00:00,0.0031218687070131423,5.0,0.0,0.0006349206349206349,0.014974422900145078,4544.424900976839,True
2021-06-01 13:30:00+00:00,0.0010372024869342855,5.0,0.0,0.0006349206349206349,0.004551091799750793,4565.106995878258,True
2021-06-02 13:30:00+00:00,0.002072618923852465,5.0,0.0,0.0006349206349206349,0.009728173984341691,4609.517150991297,True
2021-06-03 13:30:00+00:00,0.005170588451045344,5.0,0.0,0.0006349206349206349,0.025218021620306084,4725.760054164168,True
2021-06-04 13:30:00+00:00,-0.004115264928971407,5.0,0.0,0.0006349206349206349,-0.02121124527977767,4625.520798521917,True
2021-06-07 13:30:00+00:00,-0.0030991725559978978,5.0,0.0,0.0006349206349206349,-0.016130783414910123,4550.907524339797,True
2021-06-08 13:30:00+00:00,0.0,5.0,0.0,0.0006349206349206349,-0.0006349206349206349,4548.018059244978,True
2021-06-09 13:30:00+00:00,-0.0031086861866639337,5.0,0.0,0.0006349206349206349,-0.016178351568240303,4474.438624143807,True
2021-06-10 13:30:00+00:00,0.0031183802522789517,5.0,0.0,0.0006349206349206349,0.014956980626474124,4541.3627159594735,True
2021-06-11 13:30:00+00:00,0.0,5.0,0.0,0.0006349206349206349,-0.0006349206349206349,4538.479311060451,True
2021-06-14 13:30:00+00:00,0.0031088072862213156,5.0,0.0,0.0006349206349206349,0.014909115796185944,4606.144024647647,True
2021-06-15 13:30:00+00:00,-0.0010329770358333823,5.0,0.0,0.0006349206349206349,-0.005799805814087546,4579.42928375297,True
2021-06-16 13:30:00+00:00,0.002068150786059819,5.0,0.0,0.0006349206349206349,0.009705833295378462,4623.876460969052,True
2021-06-17 13:30:00+00:00,-0.012383836895224376,5.0,0.0,0.0006349206349206349,-0.06255410511104252,4334.634006809118,True
2021-06-18 13:30:00+00:00,0.0020899448011570954,5.0,0.0,0.0006349206349206349,0.009814803370864843,4377.177587270614,True
2021-06-21 13:30:00+00:00,-0.0020855860414522587,5.0,0.0,0.0006349206349206349,-0.011062850842181927,4328.7535245128975,True
2021-06-22 13:30:00+00:00,0.008359412868992333,5.0,0.0,0.0006349206349206349,0.04116214371004103,4506.934299174244,True
2021-06-23 13:30:00+00:00,0.007253924034368753,5.0,0.0,0.0006349206349206349,0.03563469953692313,4667.537548757972,True
2021-06-24 13:30:00+00:00,0.0010289064028203843,5.0,0.0,0.0006349206349206349,0.004509611379181286,4688.586329200607,True
2021-06-25 13:30:00+00:00,0.005138763797381429,5.0,0.0,0.0006349206349206349,0.025058898351986512,4806.0771374385595,True
2021-06-28 13:30:00+00:00,-0.002044948967685478,5.0,0.0,0.0006349206349206349,-0.010859665473348025,4753.88474748687,True
2021-06-29 13:30:00+00:00,0.0030737090296353298,5.0,0.0,0.0006349206349206349,0.014733624513256015,4823.926700335637,True
2021-06-30 13:30:00+00:00,-0.0010214300976308932,5.0,0.0,0.0006349206349206349,-0.005742071123075101,4796.227370129808,True
2021-07-01 13:30:00+00:00,-0.006135085882718605,5.0,0.0,0.0006349206349206349,-0.03131035004851366,4646.055812258782,True
2021-07-02 13:30:00+00:00,0.0010289064028203843,5.0,0.0,0.0006349206349206349,0.004509611379181286,4667.007718418055,True
2021-07-06 13:30:00+00:00,-0.01849953766018697,5.0,0.0,0.0006349206349206349,-0.0931326089358555,4232.357113678008,True
2021-07-07 13:30:00+00:00,-0.005235559169478821,5.0,0.0,0.0006349206349206349,-0.026812716482314737,4118.876122337052,True
2021-07-08 13:30:00+00:00,-0.005263114516948053,5.0,0.0,0.0006349206349206349,-0.0269504932196609,4007.870379329384,True
2021-07-09 13:30:00+00:00,0.00423265786614313,5.0,0.0,0.0006349206349206349,0.020528368695795017,4090.1454201612137,True
2021-07-12 13:30:00+00:00,0.008429943820487562,5.0,0.0,0.0006349206349206349,0.041514798467517176,4259.9469829820455,True
2021-07-13 13:30:00+00:00,0.008359412868992333,5.0,0.0,0.0006349206349206349,0.04116214371004103,4435.295532892708,True
2021-07-14 13:30:00+00:00,-0.008290112396737603,5.0,0.0,0.0006349206349206349,-0.04208548261860865,4248.63397983476,True
2021-07-15 13:30:00+00:00,-0.005224495667256801,5.0,0.0,0.0006349206349206349,-0.02675739897120464,4134.951585353704,True
2021-07-16 13:30:00+00:00,-0.0021009210541014234,5.0,0.0,0.0006349206349206349,-0.011139525905427751,4088.8901850509674,True
2021-07-19 13:30:00+00:00,-0.011578962647761593,5.0,0.0,0.0006349206349206349,-0.0585297338737286,3849.5685306810333,True
2021-07-20 13:30:00+00:00,-0.004259828307581759,5.0,0.0,0.0006349206349206349,-0.02193406217282943,3765.131855190508,True
2021-07-21 13:30:00+00:00,0.0032085546793199082,5.0,0.0,0.0006349206349206349,0.015407852761678907,3823.1444524435906,True
2021-07-22 13:30:00+00:00,0.001066076829791207,5.0,0.0,0.0006349206349206349,0.004695463514035401,3841.0958877289263,True
2021-07-23 13:30:00+00:00,-0.0010649415203113355,5.0,0.0,0.0006349206349206349,-0.005959628236477312,3818.2043842174003,True
2021-07-26 13:30:00+00:00,0.0,5.0,0.0,0.0006349206349206349,-0.0006349206349206349,3815.780127465516,True
2021-07-27 13:30:00+00:00,-0.006396647856770743,5.0,0.0,0.0006349206349206349,-0.03261815991877435,3691.316401052965,True
2021-07-28 13:30:00+00:00,0.0010731281305709217,5.0,0.0,0.0006349206349206349,0.004730720017933974,3708.7789854439548,True
2021-07-29 13:30:00+00:00,0.0075025291711094955,5.0,0.0,0.0006349206349206349,0.03687772522062684,3845.550317773192,True
2021-07-30 13:30:00+00:00,-0.005319105291817006,5.0,0.0,0.0006349206349206349,-0.027230447094005662,3740.834263297733,True
2021-08-02 13:30:00+00:00,0.001069372410504199,5.0,0.0,0.0006349206349206349,0.00471194141760036,3758.460855199344,True
2021-08-03 13:30:00+00:00,-0.00641000470628017,5.0,0.0,0.0006349206349206349,-0.032684944166321485,3635.6157719958487,True
2021-08-04 13:30:00+00:00,0.0010751216093096705,5.0,0.0,0.0006349206349206349,0.0047406874116277175,3652.851089919665,True
2021-08-05 13:30:00+00:00,0.002148373255737246,5.0,0.0,0.0006349206349206349,0.010106945643765596,3689.770257330253,True
2021-08-06 13:30:00+00:00,0.004287096899850518,5.0,0.0,0.0006349206349206349,0.020800563864331954,3766.5195592125638,True
2021-08-09 13:30:00+00:00,-0.0010673393473752402,5.0,0.0,0.0006349206349206349,-0.005971617371796836,3744.0273455815577,True
2021-08-10 13:30:00+00:00,0.004273606982599043,5.0,0.0,0.0006349206349206349,0.02073311427807458,3821.6526923977367,True
2021-08-11 13:30:00+00:00,-0.001063808626335483,5.0,0.0,0.0006349206349206349,-0.005953963766598049,3798.8987107386783,True
2021-08-12 13:30:00+00:00,0.0,5.0,0.0,0.0006349206349206349,-0.0006349206349206349,3796.486711557257,True
2021-08-13 13:30:00+00:00,-0.007454777321188599,5.0,0.0,0.0006349206349206349,-0.03790880724086363,3652.566428616333,True
2021-08-16 13:30:00+00:00,-0.007510643039917442,5.0,0.0,0.0006349206349206349,-0.03818813583450784,3513.0817256957694,True
2021-08-17 13:30:00+00:00,-0.004324364342192966,5.0,0.0,0.0006349206349206349,-0.022256742345885462,3434.89197088692,True
2021-08-18 13:30:00+00:00,-0.001085818142876005,5.0,0.0,0.0006349206349206349,-0.00606401134930066,3414.0627469918395,True
2021-08-19 13:30:00+00:00,-0.014130407928311883,5.0,0.0,0.0006349206349206349,-0.07128696027648006,3170.6845915656218,True
2021-08-20 13:30:00+00:00,-0.0066152121533956665,5.0,0.0,0.0006349206349206349,-0.033710981401898966,3063.797702268065,True
2021-08-23 13:30:00+00:00,0.008878976234857339,5.0,0.0,0.0006349206349206349,0.04375996053936606,3197.869368819916,True
2021-08-24 13:30:00+00:00,0.006600786080291465,5.0,0.0,0.0006349206349206349,0.03236900976653669,3301.381233651357,True
2021-08-25 13:30:00+00:00,0.002185748660743725,5.0,0.0,0.0006349206349206349,0.01029382266879799,3335.3650666326616,True
2021-08-26 13:30:00+00:00,-0.0010905545108081949,5.0,0.0,0.0006349206349206349,-0.006087693188961609,3315.0603874338212,True
2021-08-27 13:30:00+00:00,-0.001091617540794232,5.0,0.0,0.0006349206349206349,-0.006093008338891794,3294.8616968492574,True
2021-08-30 13:30:00+00:00,0.003278686849613077,5.0,0.0,0.0006349206349206349,0.015758513613144752,3346.7838197524857,True
2021-08-31 13:30:00+00:00,0.010893219423936173,5.0,0.0,0.0006349206349206349,0.05383117648476023,3526.945130209922,True
2021-09-01 13:30:00+00:00,0.0010775017348134686,5.0,0.0,0.0006349206349206349,0.004752588039146708,3543.707247450485,True
2021-09-02 13:30:00+00:00,0.0010765935591063869,5.0,0.0,0.0006349206349206349,0.0047480471606112995,3560.5329365847806,True
2021-09-03 13:30:00+00:00,0.00537623633173423,5.0,0.0,0.0006349206349206349,0.026246261023750515,3653.983613422046,True
2021-09-07 13:30:00+00:00,0.009625601545415696,5.0,0.0,0.0006349206349206349,0.04749308709215785,3827.522575407617,True
2021-09-08 13:30:00+00:00,0.0,5.0,0.0,0.0006349206349206349,-0.0006349206349206349,3825.092402343866,True
2021-09-09 13:30:00+00:00,-0.003177964855891724,5.0,0.0,0.0006349206349206349,-0.016524744914379254,3761.8837261212034,True
2021-09-10 13:30:00+00:00,0.009564351637799673,5.0,0.0,0.0006349206349206349,0.04718683755407773,3939.395122403014,True
2021-09-13 13:30:00+00:00,0.0,5.0,0.0,0.0006349206349206349,-0.0006349206349206349,3936.8939191506943,True
2021-09-14 13:30:00+00:00,-0.0021053442160910985,5.0,0.0,0.0006349206349206349,-0.011161641715376126,3892.951719753691,True
2021-09-15 13:30:00+00:00,0.0010548313853817604,5.0,0.0,0.0006349206349206349,0.004639236291988167,3911.0120426549306,True
2021-09-16 13:30:00+00:00,0.0010538430298467905,5.0,0.0,0.0006349206349206349,0.004634294514313317,3929.13682430962,True
2021-09-17 13:30:00+00:00,0.0021053442160912095,5.0,0.0,0.0006349206349206349,0.009891800445535413,3968.003061698895,True
2021-09-20 13:30:00+00:00,-0.009453960613653112,5.0,0.0,0.0006349206349206349,-0.04790472370318619,3777.916971374813,True
2021-09-21 13:30:00+00:00,-0.004241697442353587,5.0,0.0,0.0006349206349206349,-0.02184340784668857,3695.3943901581465,True
2021-09-22 13:30:00+00:00,-0.0010649415203113355,5.0,0.0,0.0006349206349206349,-0.005959628236477312,3673.37121340564,True
2021-09-23 13:30:00+00:00,0.0031982304893738434,5.0,0.0,0.0006349206349206349,0.015356231811948583,3729.7803532900366,True
2021-09-24 13:30:00+00:00,0.00106274023424624,5.0,0.0,0.0006349206349206349,0.004678780536310565,3747.231177011724,True
2021-09-27 13:30:00+00:00,0.0,5.0,0.0,0.0006349206349206349,-0.0006349206349206349,3744.851982613621,True
2021-09-28 13:30:00+00:00,0.0010614879601162919,5.0,0.0,0.0006349206349206349,0.0046725191656608244,3762.349875274947,True
2021-09-29 13:30:00+00:00,-0.013785578650040264,5.0,0.0,0.0006349206349206349,-0.06956281388512196,3500.630231130484,True
2021-09-30 13:30:00+00:00,0.0,5.0,0.0,0.0006349206349206349,-0.0006349206349206349,3498.4076087615117,True
2021-10-01 13:30:00+00:00,-0.008602229444849119,5.0,0.0,0.0006349206349206349,-0.04364606785916623,3345.7158728704835,True
2021-10-04 13:30:00+00:00,0.00433837156149508,5.0,0.0,0.0006349206349206349,0.021056937172554767,3416.1664018027363,True
2021-10-05 13:30:00+00:00,0.0,5.0,0.0,0.0006349206349206349,-0.0006349206349206349,3413.9974072619093,True
2021-10-06 13:30:00+00:00,-0.005399586569307724,5.0,0.0,0.0006349206349206349,-0.027632853481459253,3319.6589171209594,True
2021-10-07 13:30:00+00:00,0.0,5.0,0.0,0.0006349206349206349,-0.0006349206349206349,3317.551197173581,True
2021-10-08 13:30:00+00:00,0.0032572006586852886,5.0,0.0,0.0006349206349206349,0.01565108265850581,3369.47446518437,True
2021-10-11 13:30:00+00:00,0.006493757386419885,5.0,0.0,0.0006349206349206349,0.03183386629717879,3476.7378648008075,True
2021-10-12 13:30:00+00:00,-0.003225930284596279,5.0,0.0,0.0006349206349206349,-0.01676457205790203,3418.451842339918,True
2021-10-13 13:30:00+00:00,0.002157454329954289,5.0,0.0,0.0006349206349206349,0.010152351014850812,3453.1571653707165,True
2021-10-14 13:30:00+00:00,-0.0032292146118846343,5.0,0.0,0.0006349206349206349,-0.016780993694343806,3395.2097567530527,True
2021-10-15 13:30:00+00:00,0.015118741434185567,5.0,0.0,0.0006349206349206349,0.0749587865360072,3649.710560154474,True
2021-10-18 13:30:00+00:00,-0.002127617252670966,5.0,0.0,0.0006349206349206349,-0.011273006898275463,3608.5673478331437,True
2021-10-19 13:30:00+00:00,0.0053303841489562576,5.0,0.0,0.0006349206349206349,0.026017000109860654,3702.4514449181584,True
2021-10-20 13:30:00+00:00,0.0,5.0,0.0,0.0006349206349206349,-0.0006349206349206349,3700.1006820959883,True
2021-10-21 13:30:00+00:00,-0.005302121802941984,5.0,0.0,0.0006349206349206349,-0.027145529649630552,3599.659489323533,True
2021-10-22 13:30:00+00:00,-0.0010661391224656702,5.0,0.0,0.0006349206349206349,-0.005965616247248986,3578.1853021894603,True
2021-10-25 13:30:00+00:00,-0.0021344292581186863,5.0,0.0,0.0006349206349206349,-0.011307066925514066,3537.7265215057137,True
2021-10-26 13:30:00+00:00,0.002138994791184068,5.0,0.0,0.0006349206349206349,0.010060053320999705,3573.3162389471763,True
2021-10-27 13:30:00+00:00,-0.017075745860739455,5.0,0.0,0.0006349206349206349,-0.08601364993861792,3265.9622668503953,True
2021-10-28 13:30:00+00:00,0.00217163628575201,5.0,0.0,0.0006349206349206349,0.010223260793839416,3299.3510508472464,True
2021-10-29 13:30:00+00:00,0.003250205836240916,5.0,0.0,0.0006349206349206349,0.015616108546283945,3350.8740749895733,True
2021-11-01 13:30:00+00:00,-0.0032396762216776454,5.0,0.0,0.0006349206349206349,-0.01683330174330886,3294.4678005814426,True
2021-11-02 13:30:00+00:00,-0.006500601587512311,5.0,0.0,0.0006349206349206349,-0.03313792857248219,3185.295961921432,True
2021-11-03 13:30:00+00:00,0.0010905545108079728,5.0,0.0,0.0006349206349206349,0.004817851919119229,3200.6422461845386,True
2021-11-04 13:30:00+00:00,-0.013071888768647288,5.0,0.0,0.0006349206349206349,-0.06599436447815708,2989.417895225649,True
2021-11-05 13:30:00+00:00,-0.007726308324595643,5.0,0.0,0.0006349206349206349,-0.03926646225789885,2872.0340302696836,True
2021-11-08 14:30:00+00:00,0.007786468984731565,5.0,0.0,0.0006349206349206349,0.03829742428873719,2982.0255360986134,True
2021-11-09 14:30:00+00:00,-0.0033113210625791423,5.0,0.0,0.0006349206349206349,-0.017191525947816345,2930.7599667177233,True
2021-11-10 14:30:00+00:00,0.00996670818706824,5.0,0.0,0.0006349206349206349,0.04919862030042057,3074.949313511942,True
2021-11-11 14:30:00+00:00,0.0,5.0,0.0,0.0006349206349206349,-0.0006349206349206349,3072.9969647414587,True
2021-11-12 14:30:00+00:00,-0.004385813732943666,5.0,0.0,0.0006349206349206349,-0.022563989299638966,3003.6578941112093,True
2021-11-15 14:30:00+00:00,0.0033038986351390243,5.0,0.0,0.0006349206349206349,0.015884572540774487,3051.369715817889,True
2021-11-16 14:30:00+00:00,0.0010976088060128397,5.0,0.0,0.0006349206349206349,0.004853123395143564,3066.1783895729573,True
2021-11-17 14:30:00+00:00,-0.0032894724196993463,5.0,0.0,0.0006349206349206349,-0.017082282733417366,3013.8010634111774,True
2021-11-18 14:30:00+00:00,-0.0022001763200785174,5.0,0.0,0.0006349206349206349,-0.011635802235313221,2978.733070260748,True
2021-11-19 14:30:00+00:00,-0.004410119961679393,5.0,0.0,0.0006349206349206349,-0.0226855204433176,2911.158960300161,True
2021-11-22 14:30:00+00:00,0.005537182328485546,5.0,0.0,0.0006349206349206349,0.027050991007507096,2989.908695156665,True
2021-11-23 14:30:00+00:00,-0.0033040916875306525,5.0,0.0,0.0006349206349206349,-0.017155379072573897,2938.6156780988676,True
2021-11-24 14:30:00+00:00,-0.00220990080497252,5.0,0.0,0.0006349206349206349,-0.011684424659783234,2904.279644604064,True
2021-11-26 14:30:00+00:00,-0.027685523399712086,5.0,0.0,0.0006349206349206349,-0.13906253763348106,2500.403147228158,True
2021-11-29 14:30:00+00:00,0.00227792555111872,5.0,0.0,0.0006349206349206349,0.010754707120672967,2527.294250760206,True
2021-11-30 14:30:00+00:00,0.0,5.0,0.0,0.0006349206349206349,-0.0006349206349206349,2525.689619489882,True
2021-12-01 14:30:00+00:00,0.013636357600151916,5.0,0.0,0.0006349206349206349,0.06754686736583894,2696.2920412248413,True
2021-12-02 14:30:00+00:00,-0.0033632272308278255,5.0,0.0,0.0006349206349206349,-0.01745105678905976,2649.238895693537,True
2021-12-03 14:30:00+00:00,-0.001124902717111631,5.0,0.0,0.0006349206349206349,-0.00625943422047879,2632.6561590916094,True
2021-12-06 14:30:00+00:00,0.0022522074962951777,5.0,0.0,0.0006349206349206349,0.010626116846555254,2660.63107105492,True
2021-12-07 14:30:00+00:00,0.0011235732281005273,5.0,0.0,0.0006349206349206349,0.0049829455055820015,2673.888850692445,True
2021-12-08 14:30:00+00:00,0.0011224433853354032,5.0,0.0,0.0006349206349206349,0.004977296291756381,2687.197587753566,True
2021-12-09 14:30:00+00:00,0.0022421078171663833,5.0,0.0,0.0006349206349206349,0.010575618450911282,2715.616364143857,True
2021-12-10 14:30:00+00:00,-0.00783001813045825,5.0,0.0,0.0006349206349206349,-0.03978501128721188,2607.5755364446563,True
2021-12-13 14:30:00+00:00,0.0,5.0,0.0,0.0006349206349206349,-0.0006349206349206349,2605.919932929453,True
2021-12-14 14:30:00+00:00,0.002254878472063293,5.0,0.0,0.0006349206349206349,0.010639471725395831,2633.6455443745017,True
2021-12-15 14:30:00+00:00,0.00224960825583298,5.0,0.0,0.0006349206349206349,0.010613120644244266,2661.5967422711246,True
2021-12-16 14:30:00+00:00,0.0033670678415904653,5.0,0.0,0.0006349206349206349,0.016200418573031693,2704.7157235685345,True
2021-12-17 14:30:00+00:00,-0.0033557687405801895,5.0,0.0,0.0006349206349206349,-0.01741376433782158,2657.616441357511,True
2021-12-20 14:30:00+00:00,0.0,5.0,0.0,0.0006349206349206349,-0.0006349206349206349,2655.9290658391888,True
2021-12-21 14:30:00+00:00,0.0,5.0,0.0,0.0006349206349206349,-0.0006349206349206349,2654.2427616704017,True
2021-12-22 14:30:00+00:00,-0.001122312228127531,5.0,0.0,0.0006349206349206349,-0.00624648177555829,2637.66308263172,True
2021-12-23 14:30:00+00:00,0.00045529860563742197,5.0,0.0,0.0006349206349206349,0.001641572393266475,2641.9929975309065,True
2021-12-27 14:30:00+00:00,0.0022753913933717396,5.0,0.0,0.0006349206349206349,0.010742036331938064,2670.3733822991094,True
2021-12-28 14:30:00+00:00,0.004540255062225773,5.0,0.0,0.0006349206349206349,0.02206635467620823,2729.2987884708277,True
2021-12-29 14:30:00+00:00,0.00225983456905543,5.0,0.0,0.0006349206349206349,0.010664252210356516,2758.404719108501,True
2021-12-30 14:30:00+00:00,-0.0011274346462480933,5.0,0.0,0.0006349206349206349,-0.0062720938661611015,2741.1037457893904,True
2021-12-31 14:30:00+00:00,0.0,5.0,0.0,0.0006349206349206349,-0.0006349206349206349,2739.3633624587305,True
2022-01-03 14:30:00+00:00,0.006772112931135554,5.0,0.0,0.0006349206349206349,0.03322564402075714,2830.380474383289,True
2022-01-04 14:30:00+00:00,0.006726430575751952,5.0,0.0,0.0006349206349206349,0.032997232243839124,2923.775196234942,True
2022-01-05 14:30:00+00:00,0.012249416097248611,5.0,0.0,0.0006349206349206349,0.06061215985132242,3100.9915257984667,True
2022-01-06 14:30:00+00:00,0.0033003170484737776,5.0,0.0,0.0006349206349206349,0.015866664607448254,3150.1939182888505,True
2022-01-07 14:30:00+00:00,-0.0010964025977689973,5.0,0.0,0.0006349206349206349,-0.006116933623765621,3130.9243911886874,True
2022-01-10 14:30:00+00:00,-0.003293007999575548,5.0,0.0,0.0006349206349206349,-0.017099960632798374,3077.3857073550926,True
2022-01-11 14:30:00+00:00,-0.0033040783078819302,5.0,0.0,0.0006349206349206349,-0.017155312174330285,3024.5921948645937,True
2022-01-12 14:30:00+00:00,-0.0033149039570810057,5.0,0.0,0.0006349206349206349,-0.017209440420325663,2972.5406556912894,True
2022-01-13 14:30:00+00:00,-0.002217243428989435,5.0,0.0,0.0006349206349206349,-0.011721137779867809,2937.699097109673,True
2022-01-14 14:30:00+00:00,0.0033333198741787307,5.0,0.0,0.0006349206349206349,0.01603167873597302,2984.7953452574934,True
2022-01-18 14:30:00+00:00,0.006644427654391993,5.0,0.0,0.0006349206349206349,0.03258721763703933,3082.0615207754213,True
2022-01-19 14:30:00+00:00,0.0022002959745193174,5.0,0.0,0.0006349206349206349,0.010366559237675953,3114.0118941047017,True
2022-01-20 14:30:00+00:00,-0.004390803967438961,5.0,0.0,0.0006349206349206349,-0.02258894047211544,3043.6696647993112,True
2022-01-21 14:30:00+00:00,-0.006615188630305968,5.0,0.0,0.0006349206349206349,-0.033710863786450475,2941.0649313183103,True
2022-01-24 14:30:00+00:00,-0.012208757447696117,5.0,0.0,0.0006349206349206349,-0.06167870787340122,2759.663846582823,True
2022-01-25 14:30:00+00:00,0.00674174110627912,5.0,0.0,0.0006349206349206349,0.033073784896474966,2850.9363750312828,True
2022-01-26 14:30:00+00:00,0.006696336891210963,5.0,0.0,0.0006349206349206349,0.03284676382113418,2944.5804088110162,True
2022-01-27 14:30:00+00:00,0.012195158604975775,5.0,0.0,0.0006349206349206349,0.06034087238995824,3122.258959501053,True
2022-01-28 14:30:00+00:00,-0.0032858575387525457,5.0,0.0,0.0006349206349206349,-0.017064208328683363,3068.980082160029,True
2022-01-31 14:30:00+00:00,-0.0010990023089950673,5.0,0.0,0.0006349206349206349,-0.006129932179895972,3050.167442394936,True
2022-02-01 14:30:00+00:00,-0.001099957617301639,5.0,0.0,0.0006349206349206349,-0.00613470872142883,3031.4555535842574,True
2022-02-02 14:30:00+00:00,-0.004405247164255166,5.0,0.0,0.0006349206349206349,-0.022661156456196464,2962.759264994479,True
2022-02-03 14:30:00+00:00,0.021017654929680774,5.0,0.0,0.0006349206349206349,0.10445335401348323,3272.2294073576745,True
2022-02-04 14:30:00+00:00,-0.002166921715656578,5.0,0.0,0.0006349206349206349,-0.011469529213203523,3234.698476577682,True
2022-02-07 14:30:00+00:00,0.0054288807663538385,5.0,0.0,0.0006349206349206349,0.02650948319684856,3320.4486614893904,True
2022-02-08 14:30:00+00:00,0.002159839322356305,5.0,0.0,0.0006349206349206349,0.010164275976860891,3354.198618051767,True
2022-02-09 14:30:00+00:00,-0.0021551844701905853,5.0,0.0,0.0006349206349206349,-0.01141084298587356,3315.924384277744,True
2022-02-10 14:30:00+00:00,0.024837871894549668,5.0,0.0,0.0006349206349206349,0.1235544388378277,3725.6215608058505,True
2022-02-11 14:30:00+00:00,0.0021075544466759855,5.0,0.0,0.0006349206349206349,0.009902851598459293,3762.515838234532,True
2022-02-14 14:30:00+00:00,0.007360623738166261,5.0,0.0,0.0006349206349206349,0.03616819805591067,3898.5992562602996,True
2022-02-15 14:30:00+00:00,-0.00626284299775437,5.0,0.0,0.0006349206349206349,-0.03194913562369248,3774.0423798796123,True
2022-02-16 14:30:00+00:00,-0.00840352885925133,5.0,0.0,0.0006349206349206349,-0.042652564931177285,3613.069792218782,True
2022-02-17 14:30:00+00:00,-0.003177953609050932,5.0,0.0,0.0006349206349206349,-0.016524688680175294,3553.3649387226214,True
2022-02-18 14:30:00+00:00,-0.003188023897183756,5.0,0.0,0.0006349206349206349,-0.016575040120839414,3494.4677722993097,True
2022-02-22 14:30:00+00:00,0.0149254566570729,5.0,0.0,0.0006349206349206349,0.07399236265044386,3753.0316989775692,True
2022-02-23 14:30:00+00:00,0.0031511264033272646,5.0,0.0,0.0006349206349206349,0.015120711381715689,3809.780208104239,True
2022-02-24 14:30:00+00:00,-0.01256551598838962,5.0,0.0,0.0006349206349206349,-0.06346250057686874,3568.002029449681,True
2022-02-25 14:30:00+00:00,0.004241928145598095,5.0,0.0,0.0006349206349206349,0.02057472009306984,3641.412672497113,True
2022-02-28 14:30:00+00:00,-0.008447776754348713,5.0,0.0,0.0006349206349206349,-0.0428738044066642,3485.2914578125233,True
2022-03-01 14:30:00+00:00,-0.019169313961487022,5.0,0.0,0.0006349206349206349,-0.09648149044235575,3149.0253433367598,True
2022-03-02 14:30:00+00:00,0.01954395823290378,5.0,0.0,0.0006349206349206349,0.09708487052959826,3454.748061089033,True
2022-03-03 14:30:00+00:00,-0.0021299374244496683,5.0,0.0,0.0006349206349206349,-0.011284607757168975,3415.762584319803,True
2022-03-04 14:30:00+00:00,-0.010672357145860456,5.0,0.0,0.0006349206349206349,-0.053996706364222914,3231.3226550443874,True
2022-03-07 14:30:00+00:00,0.0453073251593179,5.0,0.0,0.0006349206349206349,0.22590170516166888,3961.283952746446,True
2022-03-08 14:30:00+00:00,0.014448026938791214,5.0,0.0,0.0006349206349206349,0.07160521405903543,4244.9325381314775,True
2022-03-09 14:30:00+00:00,-0.003051811076886568,5.0,0.0,0.0006349206349206349,-0.015893976019353474,4177.463682166643,True
2022-03-10 14:30:00+00:00,-0.007142926092292723,5.0,0.0,0.0006349206349206349,-0.03634955109638425,4025.614752598437,True
2022-03-11 14:30:00+00:00,0.012333059842355443,5.0,0.0,0.0006349206349206349,0.06103037857685658,4271.299544954099,True
2022-03-14 13:30:00+00:00,0.012182574293652104,5.0,0.0,0.0006349206349206349,0.06027795083333989,4528.764728919309,True
2022-03-15 13:30:00+00:00,0.0,5.0,0.0,0.0006349206349206349,-0.0006349206349206349,4525.889322742217,True
2022-03-16 13:30:00+00:00,-0.009026988047945217,5.0,0.0,0.0006349206349206349,-0.04576986087464672,4318.739998106256,True
2022-03-17 13:30:00+00:00,-0.013157939292049226,5.0,0.0,0.0006349206349206349,-0.06642461709516677,4031.8693473984667,True
2022-03-18 13:30:00+00:00,-0.008205115402054264,5.0,0.0,0.0006349206349206349,-0.04166049764519195,3863.8996639454513,True
2022-03-21 13:30:00+00:00,0.017580273701838234,5.0,0.0,0.0006349206349206349,0.08726644787427053,4201.088462560559,True
2022-03-22 13:30:00+00:00,-0.002032707384983734,5.0,0.0,0.0006349206349206349,-0.010798457559839304,4155.723187092468,True
2022-03-23 13:30:00+00:00,0.0020368477003462893,5.0,0.0,0.0006349206349206349,0.009549317866810812,4195.4075087724905,True
2022-03-24 13:30:00+00:00,0.0,5.0,0.0,0.0006349206349206349,-0.0006349206349206349,4192.74375797327,True
2022-03-25 13:30:00+00:00,0.014227427574687423,5.0,0.0,0.0006349206349206349,0.07050221723851648,4488.341489223335,True
2022-03-28 13:30:00+00:00,-0.009017943178854737,5.0,0.0,0.0006349206349206349,-0.04572463652919432,4283.113706009695,True
2022-03-29 13:30:00+00:00,-0.008088790998467155,5.0,0.0,0.0006349206349206349,-0.04107887562725641,4107.168210783126,True
2022-03-30 13:30:00+00:00,-0.006116417614520642,5.0,0.0,0.0006349206349206349,-0.031217008707523843,3978.954704983843,True
2022-03-31 13:30:00+00:00,0.004102587281588965,5.0,0.0,0.0006349206349206349,0.019878015773024192,4058.0484293696613,True
2022-04-01 13:30:00+00:00,0.016343299314449222,5.0,0.0,0.0006349206349206349,0.08108157593732547,4387.081391252942,True
2022-04-04 13:30:00+00:00,-0.004020122759079814,5.0,0.0,0.0006349206349206349,-0.020735534430319703,4296.112914016002,True
2022-04-05 13:30:00+00:00,0.0,5.0,0.0,0.0006349206349206349,-0.0006349206349206349,4293.385223276944,True
2022-04-06 13:30:00+00:00,-0.006054465862679659,5.0,0.0,0.0006349206349206349,-0.030907249948318928,4160.688493056705,True
2022-04-07 13:30:00+00:00,-0.00913707712147993,5.0,0.0,0.0006349206349206349,-0.04632030624232029,3967.9641278794197,True
2022-04-08 13:30:00+00:00,0.006147397834439294,5.0,0.0,0.0006349206349206349,0.030102068537275838,4087.4080560102984,True
2022-04-11 13:30:00+00:00,0.0071283795571353,5.0,0.0,0.0006349206349206349,0.03500697715075587,4230.495856432866,True
2022-04-12 13:30:00+00:00,-0.006066709896159428,5.0,0.0,0.0006349206349206349,-0.030968470115717774,4099.483871928257,True
2022-04-13 13:30:00+00:00,-0.002034423358630466,5.0,0.0,0.0006349206349206349,-0.010807037428072964,4055.180596288547,True
2022-04-14 13:30:00+00:00,0.014271053107852927,5.0,0.0,0.0006349206349206349,0.07072034490434399,4341.964366707476,True
2022-04-18 13:30:00+00:00,0.004020006815182331,5.0,0.0,0.0006349206349206349,0.01946511344099102,4426.481195662179,True
2022-04-19 13:30:00+00:00,0.008007937610492455,5.0,0.0,0.0006349206349206349,0.03940476741754164,4600.9056576553685,True
2022-04-20 13:30:00+00:00,0.003972331839212417,5.0,0.0,0.0006349206349206349,0.019226738561141453,4689.366067879586,True
2022-04-21 13:30:00+00:00,0.010880177352744713,5.0,0.0,0.0006349206349206349,0.05376596612880293,4941.494365050758,True
2022-04-22 13:30:00+00:00,-0.006849269452271822,5.0,0.0,0.0006349206349206349,-0.034881267896279745,4769.128776295465,True
2022-04-25 13:30:00+00:00,-0.012807812122082818,5.0,0.0,0.0006349206349206349,-0.06467398124533473,4460.690231260746,True
2022-04-26 13:30:00+00:00,-0.001995961562772486,5.0,0.0,0.0006349206349206349,-0.010614728448783063,4413.341215761774,True
2022-04-27 13:30:00+00:00,0.004999998846358267,5.0,0.0,0.0006349206349206349,0.0243650735968707,4520.872599291913,True
2022-04-28 13:30:00+00:00,-0.002985119857641716,5.0,0.0,0.0006349206349206349,-0.015560519923129214,4450.525471140702,True
2022-04-29 13:30:00+00:00,0.011975999644466384,5.0,0.0,0.0006349206349206349,0.059245077587411286,4714.197197983183,True
2022-05-02 13:30:00+00:00,-0.002958511214900983,5.0,0.0,0.0006349206349206349,-0.015427476709425549,4641.469030507659,True
2022-05-03 13:30:00+00:00,0.0019781933170477384,5.0,0.0,0.0006349206349206349,0.009256045950318058,4684.430681131016,True
2022-05-04 13:30:00+00:00,-0.011846068415859556,5.0,0.0,0.0006349206349206349,-0.059865262714218416,4403.996007738563,True
2022-05-05 13:30:00+00:00,0.011988080032094617,5.0,0.0,0.0006349206349206349,0.05930547952555245,4665.177102806118,True
2022-05-06 13:30:00+00:00,0.0019742877941273385,5.0,0.0,0.0006349206349206349,0.009236518335716058,4708.26709665555,True
2022-05-09 13:30:00+00:00,-0.0059113066455229735,5.0,0.0,0.0006349206349206349,-0.0301914538625355,4566.11766783438,True
2022-05-10 13:30:00+00:00,-0.0039642290979583494,5.0,0.0,0.0006349206349206349,-0.02045606612471238,4472.712862887942,True
2022-05-11 13:30:00+00:00,0.0029850050674145034,5.0,0.0,0.0006349206349206349,0.014290104702151883,4536.628398001273,True
2022-05-12 13:30:00+00:00,0.0009920404433876318,5.0,0.0,0.0006349206349206349,0.004325281582017524,4556.250593255606,True
2022-05-13 13:30:00+00:00,-0.004955515042792791,5.0,0.0,0.0006349206349206349,-0.025412495848884588,4440.46489396802,True
2022-05-16 13:30:00+00:00,-0.004979964662244263,5.0,0.0,0.0006349206349206349,-0.025534743946141948,4327.0787598987135,True
2022-05-17 13:30:00+00:00,0.00200195553270599,5.0,0.0,0.0006349206349206349,0.009374857028609317,4367.644504624297,True
2022-05-18 13:30:00+00:00,0.009990124317884819,5.0,0.0,0.0006349206349206349,0.04931570095450346,4583.037954889929,True
2022-05-19 13:30:00+00:00,-0.003956614852060003,5.0,0.0,0.0006349206349206349,-0.02041799489522065,4489.461509322384,True
2022-05-20 13:30:00+00:00,-0.0009929111164115323,5.0,0.0,0.0006349206349206349,-0.005599476216978296,4464.322876373893,True
2022-05-23 13:30:00+00:00,-0.0039761652556342675,5.0,0.0,0.0006349206349206349,-0.02051574691309197,4372.73395810388,True
2022-05-24 13:30:00+00:00,-0.003992153393376441,5.0,0.0,0.0006349206349206349,-0.020595687601802838,4282.674495536977,True
2022-05-25 13:30:00+00:00,-0.0020037304944338086,5.0,0.0,0.0006349206349206349,-0.010653573107089677,4237.048709704905,True
2022-05-26 13:30:00+00:00,-0.0010041084006194856,5.0,0.0,0.0006349206349206349,-0.005655462638018063,4213.086239031706,True
2022-05-27 13:30:00+00:00,-0.010050248925750793,5.0,0.0,0.0006349206349206349,-0.0508861652636746,3998.6984364022255,True
2022-05-31 13:30:00+00:00,0.0,5.0,0.0,0.0006349206349206349,-0.0006349206349206349,3996.1595802521288,True
2022-06-01 13:30:00+00:00,0.014213100943421209,5.0,0.0,0.0006349206349206349,0.0704305840821854,4277.611433574908,True
2022-06-02 13:30:00+00:00,-0.00400391106541198,5.0,0.0,0.0006349206349206349,-0.020654475961980535,4189.2596110454415,True
2022-06-03 13:30:00+00:00,0.007035127870466562,5.0,0.0,0.0006349206349206349,0.034540718717412176,4333.959648904778,True
2022-06-06 13:30:00+00:00,0.0019958464288567512,5.0,0.0,0.0006349206349206349,0.009344311509363122,4374.457517933155,True
2022-06-07 13:30:00+00:00,-0.0009958780278650492,5.0,0.0,0.0006349206349206349,-0.005614310774245881,4349.897953958743,True
2022-06-08 13:30:00+00:00,0.0039879432348393085,5.0,0.0,0.0006349206349206349,0.019304795539275908,4433.871844576631,True
2022-06-09 13:30:00+00:00,0.008937460232575134,5.0,0.0,0.0006349206349206349,0.044052380527955036,4629.1944542861065,True
2022-06-10 13:30:00+00:00,0.023622067807803182,5.0,0.0,0.0006349206349206349,0.11747541840409527,5173.011009677285,True
2022-06-13 13:30:00+00:00,0.021153910363575834,5.0,0.0,0.0006349206349206349,0.10513463118295853,5716.87361428509,True
2022-06-14 13:30:00+00:00,-0.007532890198715392,5.0,0.0,0.0006349206349206349,-0.03829937162849759,5497.920947178434,True
2022-06-15 13:30:00+00:00,-0.009487773203222138,5.0,0.0,0.0006349206349206349,-0.048073786651031326,5233.615068539542,True
2022-06-16 13:30:00+00:00,0.0,5.0,0.0,0.0006349206349206349,-0.0006349206349206349,5230.292138337295,True
2022-06-17 13:30:00+00:00,-0.0009578321786969379,5.0,0.0,0.0006349206349206349,-0.005424081528405325,5201.9226073615755,True
2022-06-21 13:30:00+00:00,-0.002876362110374897,5.0,0.0,0.0006349206349206349,-0.01501673118679512,5123.806733912314,True
2022-06-22 13:30:00+00:00,-0.00865375645221389,5.0,0.0,0.0006349206349206349,-0.043903702895990084,4898.852645370154,True
2022-06-23 13:30:00+00:00,-0.006789590503032628,5.0,0.0,0.0006349206349206349,-0.03458287315008377,4729.436245754366,True
2022-06-24 13:30:00+00:00,-0.004882924500221875,5.0,0.0,0.0006349206349206349,-0.025049543136030007,4610.966028507238,True
2022-06-27 13:30:00+00:00,0.004906884446505444,5.0,0.0,0.0006349206349206349,0.023899501597606586,4721.165818472056,True
2022-06-28 13:30:00+00:00,0.012695243187485605,5.0,0.0,0.0006349206349206349,0.06284129530250739,5017.849993842763,True
2022-06-29 13:30:00+00:00,-0.0009642978403199276,5.0,0.0,0.0006349206349206349,-0.005456409836520273,4990.470547778176,True
2022-06-30 13:30:00+00:00,-0.006756711612675659,5.0,0.0,0.0006349206349206349,-0.03441847869829893,4818.706143534985,True
2022-07-01 13:30:00+00:00,-0.006802787440976732,5.0,0.0,0.0006349206349206349,-0.034648857839804294,4651.743479395849,True
2022-07-05 13:30:00+00:00,-0.0009783380579599932,5.0,0.0,0.0006349206349206349,-0.005526610924720601,4626.035103063623,True
2022-07-06 13:30:00+00:00,0.0048970456600356815,5.0,0.0,0.0006349206349206349,0.023850307665257774,4736.367463541973,True
2022-07-07 13:30:00+00:00,0.0,5.0,0.0,0.0006349206349206349,-0.0006349206349206349,4733.360246104803,True
2022-07-08 13:30:00+00:00,0.003898770055772882,5.0,0.0,0.0006349206349206349,0.018858929643943777,4822.626353965535,True
2022-07-11 13:30:00+00:00,0.006795958176788908,5.0,0.0,0.0006349206349206349,0.033344870249023904,4983.436203998039,True
2022-07-12 13:30:00+00:00,-0.0019285956806398552,5.0,0.0,0.0006349206349206349,-0.01027789903811991,4932.216949830436,True
2022-07-13 13:30:00+00:00,0.002898483523764206,5.0,0.0,0.0006349206349206349,0.013857496983900396,5000.5651313366525,True
2022-07-14 13:30:00+00:00,0.001926848872453979,5.0,0.0,0.0006349206349206349,0.00899932372734926,5045.566835773247,True
2022-07-15 13:30:00+00:00,0.0028846594354763333,5.0,0.0,0.0006349206349206349,0.013788376542461032,5115.137011175041,True
2022-07-18 13:30:00+00:00,0.0009587505007779829,5.0,0.0,0.0006349206349206349,0.004158831868969279,5136.410005991261,True
2022-07-19 13:30:00+00:00,0.0009577216765996877,5.0,0.0,0.0006349206349206349,0.004153687748077803,5157.745049302252,True
2022-07-20 13:30:00+00:00,-0.0019137210431705576,5.0,0.0,0.0006349206349206349,-0.010203525850773422,5105.117864359997,True
2022-07-21 13:30:00+00:00,-0.012463977726195119,5.0,0.0,0.0006349206349206349,-0.06295480926589624,4783.726142929294,True
2022-07-22 13:30:00+00:00,-0.0019419263443398727,5.0,0.0,0.0006349206349206349,-0.010344552356619997,4734.2406373840295,True
2022-07-25 13:30:00+00:00,0.006809405548928282,5.0,0.0,0.0006349206349206349,0.03341210710972078,4892.421592643498,True
2022-07-26 13:30:00+00:00,0.007729512322679044,5.0,0.0,0.0006349206349206349,0.038012640978474586,5078.395458159992,True
2022-07-27 13:30:00+00:00,-0.010546587332680435,5.0,0.0,0.0006349206349206349,-0.05336785729832281,4807.372374044459,True
2022-07-28 13:30:00+00:00,-0.005813930741014883,5.0,0.0,0.0006349206349206349,-0.02970457433999505,4664.571423979616,True
2022-07-29 13:30:00+00:00,0.002924021321462078,5.0,0.0,0.0006349206349206349,0.013985185972389756,4729.806322825467,True
2022-08-01 13:30:00+00:00,0.006802675328062113,5.0,0.0,0.0006349206349206349,0.03337845600538993,4887.679955085911,True
2022-08-02 13:30:00+00:00,0.006756822968075671,5.0,0.0,0.0006349206349206349,0.03314919420545772,5049.7026071311775,True
2022-08-03 13:30:00+00:00,-0.002876362110374897,5.0,0.0,0.0006349206349206349,-0.01501673118679512,4973.872580506631,True
2022-08-04 13:30:00+00:00,-0.006730724113301445,5.0,0.0,0.0006349206349206349,-0.03428854120142786,4803.325745599276,True
2022-08-05 13:30:00+00:00,0.012584747447357936,5.0,0.0,0.0006349206349206349,0.062288816601869045,5102.519222045946,True
2022-08-08 13:30:00+00:00,0.0028681123805951447,5.0,0.0,0.0006349206349206349,0.01370564126805509,5172.452520066664,True
2022-08-09 13:30:00+00:00,0.0019066432169823067,5.0,0.0,0.0006349206349206349,0.0088982954499909,5218.478530791267,True
2022-08-10 13:30:00+00:00,-0.01046641700733486,5.0,0.0,0.0006349206349206349,-0.05296700567159494,4942.071348853749,True
2022-08-11 13:30:00+00:00,0.0019230323389125559,5.0,0.0,0.0006349206349206349,0.008980241059642145,4986.452340900408,True
2022-08-12 13:30:00+00:00,0.001919452097563612,5.0,0.0,0.0006349206349206349,0.008962339852897426,5031.142621439833,True
2022-08-15 13:30:00+00:00,-0.007662878433769782,5.0,0.0,0.0006349206349206349,-0.038949312803769544,4835.183073716997,True
2022-08-16 13:30:00+00:00,0.005791483004493392,5.0,0.0,0.0006349206349206349,0.028322494387546325,4972.1275191851055,True
2022-08-17 13:30:00+00:00,0.00767769767605353,5.0,0.0,0.0006349206349206349,0.037753567745347015,5159.843072319165,True
2022-08-18 13:30:00+00:00,0.0038095449465436193,5.0,0.0,0.0006349206349206349,0.018412804097797462,5254.8502519851545,True
2022-08-19 13:30:00+00:00,0.003794977936874888,5.0,0.0,0.0006349206349206349,0.018339969049453807,5351.224042966077,True
2022-08-22 13:30:00+00:00,0.011342109662056066,5.0,0.0,0.0006349206349206349,0.056075627675359695,5651.297290006877,True
2022-08-23 13:30:00+00:00,0.008411235609799395,5.0,0.0,0.0006349206349206349,0.04142125741407634,5885.381129779725,True
2022-08-24 13:30:00+00:00,0.007414314290330015,5.0,0.0,0.0006349206349206349,0.03643665081672944,6099.824706928877,True
2022-08-25 13:30:00+00:00,-0.00551986317616604,5.0,0.0,0.0006349206349206349,-0.028234236515750834,5927.600813448827,True
2022-08-26 13:30:00+00:00,0.008325645055000663,5.0,0.0,0.0006349206349206349,0.04099330464008268,6170.592759379337,True
2022-08-29 13:30:00+00:00,0.0027522297834572385,5.0,0.0,0.0006349206349206349,0.013126228282365558,6251.589368576462,True
2022-08-30 13:30:00+00:00,0.006404560189556374,5.0,0.0,0.0006349206349206349,0.03138788031286124,6447.813507442497,True
2022-08-31 13:30:00+00:00,-0.0027273141058302697,5.0,0.0,0.0006349206349206349,-0.014271491164071982,6355.793593943447,True
2022-09-01 13:30:00+00:00,0.0009114506788661103,5.0,0.0,0.0006349206349206349,0.003922332759409917,6380.723131369021,True
2022-09-02 13:30:00+00:00,0.005464564698723029,5.0,0.0,0.0006349206349206349,0.02668790285869451,6551.011250467222,True
2022-09-06 13:30:00+00:00,0.004528984939330405,5.0,0.0,0.0006349206349206349,0.02201000406173139,6695.199034698455,True
2022-09-07 13:30:00+00:00,-0.015329185839851878,5.0,0.0,0.0006349206349206349,-0.07728084983418003,6177.788363487976,True
2022-09-08 13:30:00+00:00,0.004578859933390911,5.0,0.0,0.0006349206349206349,0.02225937903203392,6315.302096250543,True
2022-09-09 13:30:00+00:00,-0.0054695453799274985,5.0,0.0,0.0006349206349206349,-0.027982647534558126,6138.583223616908,True
2022-09-12 13:30:00+00:00,0.0018331381165310745,5.0,0.0,0.0006349206349206349,0.008530769947734738,6190.950064902609,True
2022-09-13 13:30:00+00:00,0.02104304224577902,5.0,0.0,0.0006349206349206349,0.10458029059397446,6838.401421742909,True
2022-09-14 13:30:00+00:00,-0.006272359565800634,5.0,0.0,0.0006349206349206349,-0.0319967184639238,6619.5950167081055,True
2022-09-15 13:30:00+00:00,0.00541015402523759,5.0,0.0,0.0006349206349206349,0.026415849491267317,6794.4572423626105,True
2022-09-16 13:30:00+00:00,-0.0044842014670809505,5.0,0.0,0.0006349206349206349,-0.023055927970325386,6637.8047255852425,True
2022-09-19 13:30:00+00:00,0.005405384057271423,5.0,0.0,0.0006349206349206349,0.02639199965143648,6812.989665589192,True
2022-09-20 13:30:00+00:00,0.003584249768858072,5.0,0.0,0.0006349206349206349,0.017286328209369727,6930.761241035611,True
2022-09-21 13:30:00+00:00,0.006250061158472819,5.0,0.0,0.0006349206349206349,0.030615385157443463,7142.949165864197,True
2022-09-22 13:30:00+00:00,0.008873010645954471,5.0,0.0,0.0006349206349206349,0.04373013259485172,7455.311280005725,True
2022-09-23 13:30:00+00:00,0.007915688556845657,5.0,0.0,0.0006349206349206349,0.03894352214930765,7745.647359968612,True
2022-09-26 13:30:00+00:00,0.0052355810121829105,5.0,0.0,0.0006349206349206349,0.02554298442599392,7943.494309853532,True
2022-09-27 13:30:00+00:00,0.004340277082343524,5.0,0.0,0.0006349206349206349,0.021066464776796988,8110.83565293675,True
2022-09-28 13:30:00+00:00,-0.017286181653823895,5.0,0.0,0.0006349206349206349,-0.08706582890404012,7404.659023709371,True
2022-09-29 13:30:00+00:00,0.0052772271682379746,5.0,0.0,0.0006349206349206349,0.02575121520626924,7595.337991757954,True
2022-09-30 13:30:00+00:00,0.0008747693094957043,5.0,0.0,0.0006349206349206349,0.0037389259125578866,7623.736397789974,True
2022-10-03 13:30:00+00:00,0.0026223167993457697,5.0,0.0,0.0006349206349206349,0.012476663361808214,7718.855190384365,True
2022-10-04 13:30:00+00:00,-0.013077492354482079,5.0,0.0,0.0006349206349206349,-0.06602238240733103,7209.237981257997,True
2022-10-05 13:30:00+00:00,0.005300434022080802,5.0,0.0,0.0006349206349206349,0.025867249475483377,7395.721138647327,True
2022-10-06 13:30:00+00:00,0.007029814442094606,5.0,0.0,0.0006349206349206349,0.0345141515755524,7650.978179037119,True
2022-10-07 13:30:00+00:00,0.014834162978989207,5.0,0.0,0.0006349206349206349,0.0735358942600254,8213.599701396555,True
2022-10-10 13:30:00+00:00,0.0042992255422462655,5.0,0.0,0.0006349206349206349,0.020861207076310694,8384.945305609313,True
2022-10-11 13:30:00+00:00,0.0017123877927700537,5.0,0.0,0.0006349206349206349,0.007927018328929634,8451.41292073395,True
2022-10-12 13:30:00+00:00,-0.006837743531816209,5.0,0.0,0.0006349206349206349,-0.03482363829400168,8157.103974109059,True
2022-10-13 13:30:00+00:00,-0.00258169587157997,5.0,0.0,0.0006349206349206349,-0.013543399992820483,8046.629052204675,True
2022-10-14 13:30:00+00:00,0.01294218999855179,5.0,0.0,0.0006349206349206349,0.06407602935783831,8562.225091585377,True
2022-10-17 13:30:00+00:00,-0.011924962570510678,5.0,0.0,0.0006349206349206349,-0.06025973348747402,8046.267689506679,True
2022-10-18 13:30:00+00:00,-0.007758639036812509,5.0,0.0,0.0006349206349206349,-0.03942811581898318,7729.018515134268,True
2022-10-19 13:30:00+00:00,0.013900933136883564,5.0,0.0,0.0006349206349206349,0.06886974504949718,8261.314049754408,True
2022-10-20 13:30:00+00:00,0.00942575820318936,5.0,0.0,0.0006349206349206349,0.04649387038102617,8645.41451436064,True
2022-10-21 13:30:00+00:00,-0.011884373341272347,5.0,0.0,0.0006349206349206349,-0.06005678734128237,8126.198693394447,True
2022-10-24 13:30:00+00:00,-0.0068729894892726184,5.0,0.0,0.0006349206349206349,-0.034999868081283726,7841.782811123341,True
2022-10-25 13:30:00+00:00,-0.006055322919951589,5.0,0.0,0.0006349206349206349,-0.03091153523467858,7599.381265454605,True
2022-10-26 13:30:00+00:00,-0.005221811000924559,5.0,0.0,0.0006349206349206349,-0.02674397563954343,7396.143598015684,True
2022-10-27 13:30:00+00:00,0.0026246107216016945,5.0,0.0,0.0006349206349206349,0.012488132973087838,7488.5076227557565,True
2022-10-28 13:30:00+00:00,-0.0078535225185149,5.0,0.0,0.0006349206349206349,-0.03990253322749513,7189.697198514395,True
2022-10-31 13:30:00+00:00,0.006156612834099517,5.0,0.0,0.0006349206349206349,0.030148143535576953,7406.4532216325415,True
2022-11-01 13:30:00+00:00,0.009615464126072837,5.0,0.0,0.0006349206349206349,0.04744239999544355,7757.833137920776,True
2022-11-02 13:30:00+00:00,0.01298701039266481,5.0,0.0,0.0006349206349206349,0.06430013132840341,8256.662827512922,True
2022-11-03 13:30:00+00:00,0.009401589225419338,5.0,0.0,0.0006349206349206349,0.046373025492176055,8639.549263293482,True
2022-11-04 13:30:00+00:00,0.0042336999231720185,5.0,0.0,0.0006349206349206349,0.02053357898093946,8816.950130451036,True
2022-11-07 14:30:00+00:00,-0.00168630160091654,5.0,0.0,0.0006349206349206349,-0.009066428639503334,8737.011881275243,True
2022-11-08 14:30:00+00:00,-0.0033783000345897207,5.0,0.0,0.0006349206349206349,-0.017526420807869238,8583.883334440658,True
2022-11-09 14:30:00+00:00,0.0008473401419057947,5.0,0.0,0.0006349206349206349,0.0036017800746083383,8614.800594397411,True
2022-11-10 14:30:00+00:00,-0.03302278125395308,5.0,0.0,0.0006349206349206349,-0.16574882690468604,7186.907501858247,True
2022-11-11 14:30:00+00:00,-0.00788092961309761,5.0,0.0,0.0006349206349206349,-0.04003956870040868,6899.146825194111,True
2022-11-14 14:30:00+00:00,-0.0026477761287159174,5.0,0.0,0.0006349206349206349,-0.013873801278500221,6803.429433150172,True
2022-11-15 14:30:00+00:00,-0.003539944796707939,5.0,0.0,0.0006349206349206349,-0.01833464461846033,6678.69097230659,True
2022-11-16 14:30:00+00:00,-0.002664339164996865,5.0,0.0,0.0006349206349206349,-0.01395661645990496,6585.479043951877,True
2022-11-17 14:30:00+00:00,0.002671456832062047,5.0,0.0,0.0006349206349206349,0.0127223635253896,6669.261902337868,True
2022-11-18 14:30:00+00:00,-0.002664339164996865,5.0,0.0,0.0006349206349206349,-0.01395661645990496,6576.181571896283,True
2022-11-21 14:30:00+00:00,0.0017810054642362072,5.0,0.0,0.0006349206349206349,0.008270106686260402,6630.567295084084,True
2022-11-22 14:30:00+00:00,0.0,5.0,0.0,0.0006349206349206349,-0.0006349206349206349,6626.357411087206,True
2022-11-23 14:30:00+00:00,-0.004444443988684821,5.0,0.0,0.0006349206349206349,-0.022857140578344738,6474.897828219629,True
2022-11-25 14:30:00+00:00,0.0035714488043065984,5.0,0.0,0.0006349206349206349,0.017222323386612358,6586.410612512502,True
2022-11-28 14:30:00+00:00,0.008007136978965157,5.0,0.0,0.0006349206349206349,0.03940076425990515,6845.920224375045,True
2022-11-29 14:30:00+00:00,0.0026477761287158064,5.0,0.0,0.0006349206349206349,0.012603960008658398,6932.205929105535,True
2022-11-30 14:30:00+00:00,-0.01584510975643938,5.0,0.0,0.0006349206349206349,-0.07986046941711754,6378.596709511042,True
2022-12-01 14:30:00+00:00,-0.006261242334162365,5.0,0.0,0.0006349206349206349,-0.03194113230573246,6174.85710808764,True
2022-12-02 14:30:00+00:00,0.0,5.0,0.0,0.0006349206349206349,-0.0006349206349206349,6170.936563892029,True
2022-12-05 14:30:00+00:00,0.0009001730982298728,5.0,0.0,0.0006349206349206349,0.003865944856228729,6194.793064359322,True
2022-12-06 14:30:00+00:00,0.008992805195621623,5.0,0.0,0.0006349206349206349,0.04432910534318748,6469.402698688555,True
2022-12-07 14:30:00+00:00,0.0017825927764119065,5.0,0.0,0.0006349206349206349,0.008278043247138898,6522.9566940114555,True
2022-12-08 14:30:00+00:00,-0.008007239616144912,5.0,0.0,0.0006349206349206349,-0.040671118715645195,6257.660747932303,True
2022-12-09 14:30:00+00:00,0.0026906243459030588,5.0,0.0,0.0006349206349206349,0.01281820109459466,6337.8727017810525,True
2022-12-12 14:30:00+00:00,-0.014311145708906015,5.0,0.0,0.0006349206349206349,-0.07219064917945071,5880.337557022759,True
2022-12-13 14:30:00+00:00,-0.0018148398542010558,5.0,0.0,0.0006349206349206349,-0.009709119905925913,5823.244654594305,True
2022-12-14 14:30:00+00:00,0.005454418458604504,5.0,0.0,0.0006349206349206349,0.026637171658101887,5978.359422065859,True
2022-12-15 14:30:00+00:00,0.003616657087752717,5.0,0.0,0.0006349206349206349,0.01744836480384295,6082.672018190556,True
2022-12-16 14:30:00+00:00,0.0027027439944882214,5.0,0.0,0.0006349206349206349,0.012878799337520473,6161.009530548783,True
2022-12-19 14:30:00+00:00,0.0029014145121306623,5.0,0.0,0.0006349206349206349,0.013872151925732677,6246.475990772443,True
2022-12-20 14:30:00+00:00,0.0009642713188711127,5.0,0.0,0.0006349206349206349,0.004186435959434929,6272.62646247996,True
2022-12-21 14:30:00+00:00,-0.002890130438418903,5.0,0.0,0.0006349206349206349,-0.01508557282701515,6178.0002991635565,True
2022-12-22 14:30:00+00:00,0.012560268214718784,5.0,0.0,0.0006349206349206349,0.062166420438673285,6562.064463231608,True
2022-12-23 14:30:00+00:00,0.0038168056030811748,5.0,0.0,0.0006349206349206349,0.01844910738048524,6683.128695151435,True
2022-12-27 14:30:00+00:00,-0.001901044616885561,5.0,0.0,0.0006349206349206349,-0.01014014371934844,6615.360809687697,True
2022-12-28 14:30:00+00:00,0.007618968100017387,5.0,0.0,0.0006349206349206349,0.0374599198651663,6863.171695497761,True
2022-12-29 14:30:00+00:00,-0.0028353954191394637,5.0,0.0,0.0006349206349206349,-0.014811897730617953,6761.515098236376,True
2022-12-30 14:30:00+00:00,0.005687017080759471,5.0,0.0,0.0006349206349206349,0.02780016476887672,6949.486332054596,True
2023-01-03 14:30:00+00:00,-0.001884918931313595,5.0,0.0,0.0006349206349206349,-0.010059515291488609,6879.577868029301,True
2023-01-04 14:30:00+00:00,0.002832819045093693,5.0,0.0,0.0006349206349206349,0.01352917459054783,6972.652878115138,True
2023-01-05 14:30:00+00:00,0.010357796342119308,5.0,0.0,0.0006349206349206349,0.051154061075675904,7329.332389301728,True
2023-01-06 14:30:00+00:00,-0.004659696615804343,5.0,0.0,0.0006349206349206349,-0.02393340371394235,7153.916518274897,True
2023-01-09 14:30:00+00:00,-0.006554476718135582,5.0,0.0,0.0006349206349206349,-0.033407304225598546,6914.923452744352,True
2023-01-10 14:30:00+00:00,-0.004712398342160307,5.0,0.0,0.0006349206349206349,-0.024196912345722167,6747.60365608092,True
2023-01-11 14:30:00+00:00,0.0018938434761708312,5.0,0.0,0.0006349206349206349,0.008834296745933522,6807.213989102685,True
2023-01-12 14:30:00+00:00,0.0037807298261212097,5.0,0.0,0.0006349206349206349,0.018268728495685414,6931.573133281634,True
2023-01-13 14:30:00+00:00,-0.002824816850121814,5.0,0.0,0.0006349206349206349,-0.014759004885529704,6829.2700115431235,True
2023-01-17 14:30:00+00:00,-0.008498558339920081,5.0,0.0,0.0006349206349206349,-0.04312771233452104,6534.739219030521,True
2023-01-18 14:30:00+00:00,0.006666635364554807,5.0,0.0,0.0006349206349206349,0.0326982561878534,6748.413796135194,True
2023-01-19 14:30:00+00:00,0.0,5.0,0.0,0.0006349206349206349,-0.0006349206349206349,6744.1290889630445,True
2023-01-20 14:30:00+00:00,-0.005676358345697907,5.0,0.0,0.0006349206349206349,-0.02901671236341017,6548.436635046896,True
2023-01-23 14:30:00+00:00,-0.0019030570773336253,5.0,0.0,0.0006349206349206349,-0.01015020602158876,6481.96865408185,True
2023-01-24 14:30:00+00:00,0.00762633375784727,5.0,0.0,0.0006349206349206349,0.037496748154315716,6725.021400248127,True
2023-01-25 14:30:00+00:00,0.004730332420125771,5.0,0.0,0.0006349206349206349,0.023016741465708222,6879.809479168994,True
2023-01-26 14:30:00+00:00,0.0,5.0,0.0,0.0006349206349206349,-0.0006349206349206349,6875.441346166346,True
2023-01-27 14:30:00+00:00,-0.0009416728958767662,5.0,0.0,0.0006349206349206349,-0.005343285114304466,6838.703902767103,True
2023-01-30 14:30:00+00:00,0.006597721328979178,5.0,0.0,0.0006349206349206349,0.032353686009975256,7059.961181552422,True
2023-01-31 14:30:00+00:00,-0.0056180942293210245,5.0,0.0,0.0006349206349206349,-0.028725391781525757,6857.161030649965,True
2023-02-01 14:30:00+00:00,0.0,5.0,0.0,0.0006349206349206349,-0.0006349206349206349,6852.807277614632,True
2023-02-02 14:30:00+00:00,-0.016007530961116956,5.0,0.0,0.0006349206349206349,-0.08067257544050542,6299.97366553202,True
2023-02-03 14:30:00+00:00,0.0009570945350332316,5.0,0.0,0.0006349206349206349,0.004150552040245523,6326.122034082989,True
2023-02-06 14:30:00+00:00,0.0047800772054398255,5.0,0.0,0.0006349206349206349,0.023265465392278493,6473.302207334277,True
2023-02-07 14:30:00+00:00,-0.0019030570773336253,5.0,0.0,0.0006349206349206349,-0.01015020602158876,6407.596856289829,True
2023-02-08 14:30:00+00:00,0.003813166878923191,5.0,0.0,0.0006349206349206349,0.01843091375969532,6525.694721355002,True
2023-02-09 14:30:00+00:00,0.008546983319163814,5.0,0.0,0.0006349206349206349,0.04209999596089844,6800.426442766105,True
2023-02-10 14:30:00+00:00,0.01129946923799574,5.0,0.0,0.0006349206349206349,0.05586242555505807,7180.314758667775,True
2023-02-13 14:30:00+00:00,-0.000931151379507944,5.0,0.0,0.0006349206349206349,-0.005290677532460355,7142.3260286980985,True
2023-02-14 14:30:00+00:00,0.008387773537805288,5.0,0.0,0.0006349206349206349,0.041303947054105804,7437.332284830607,True
2023-02-15 14:30:00+00:00,-0.00554530298484357,5.0,0.0,0.0006349206349206349,-0.028361435559138483,7226.398864502484,True
2023-02-16 14:30:00+00:00,0.010223029072507828,5.0,0.0,0.0006349206349206349,0.050480224727618504,7591.189103153977,True
2023-02-17 14:30:00+00:00,0.0,5.0,0.0,0.0006349206349206349,-0.0006349206349206349,7586.369300548799,True
2023-02-21 14:30:00+00:00,0.013799440221339943,5.0,0.0,0.0006349206349206349,0.06836228047177907,8104.990806435411,True
2023-02-22 14:30:00+00:00,-0.008166945141983684,5.0,0.0,0.0006349206349206349,-0.04146964634483905,7768.879704064363,True
2023-02-23 14:30:00+00:00,0.0,5.0,0.0,0.0006349206349206349,-0.0006349206349206349,7763.947082030036,True
2023-02-24 14:30:00+00:00,0.018298316390157332,5.0,0.0,0.0006349206349206349,0.09085666131586602,8469.353392536346,True
2023-02-27 14:30:00+00:00,0.0008984270881640111,5.0,0.0,0.0006349206349206349,0.0038572148058994204,8502.021507838434,True
2023-02-28 14:30:00+00:00,0.0008975244334648025,5.0,0.0,0.0006349206349206349,0.0038527015324033775,8534.77725913021,True
2023-03-01 14:30:00+00:00,0.005381374973266073,5.0,0.0,0.0006349206349206349,0.026271954231409732,8759.002536657355,True
2023-03-02 14:30:00+00:00,-0.0008922066722373279,5.0,0.0,0.0006349206349206349,-0.005095953996107274,8714.367062678763,True
2023-03-03 14:30:00+00:00,-0.008928503076708671,5.0,0.0,0.0006349206349206349,-0.04527743601846399,8319.802865556914,True
2023-03-06 14:30:00+00:00,0.001801807194947047,5.0,0.0,0.0006349206349206349,0.008374115339814601,8389.47385435761,True
2023-03-07 14:30:00+00:00,0.008093597552307097,5.0,0.0,0.0006349206349206349,0.03983306712661485,8723.652329555216,True
2023-03-08 14:30:00+00:00,-0.0008922066722373279,5.0,0.0,0.0006349206349206349,-0.005095953996107274,8679.196998605768,True
2023-03-09 14:30:00+00:00,-0.0008929077232355809,5.0,0.0,0.0006349206349206349,-0.005099459251098539,8634.93778717912,True
2023-03-10 14:30:00+00:00,-0.015192039458290396,5.0,0.0,0.0006349206349206349,-0.07659511792637262,7973.543709083245,True
2023-03-13 13:30:00+00:00,-0.02994559519479334,5.0,0.0,0.0006349206349206349,-0.15036289660888733,6774.618580747917,True
2023-03-14 13:30:00+00:00,-0.002806319537642765,5.0,0.0,0.0006349206349206349,-0.01466651832313446,6675.25851320113,True
2023-03-15 13:30:00+00:00,-0.017823643264523903,5.0,0.0,0.0006349206349206349,-0.08975313695754016,6076.133121638803,True
2023-03-16 13:30:00+00:00,-0.004775410062274554,5.0,0.0,0.0006349206349206349,-0.024511970946293406,5927.195123095381,True
2023-03-17 13:30:00+00:00,-0.005758379684424164,5.0,0.0,0.0006349206349206349,-0.029426819057041455,5752.776624692275,True
2023-03-20 13:30:00+00:00,0.004826321530486011,5.0,0.0,0.0006349206349206349,0.02349668701750942,5887.947816524314,True
2023-03-21 13:30:00+00:00,0.004803242986914258,5.0,0.0,0.0006349206349206349,0.023381294299650655,6025.615657243455,True
2023-03-22 13:30:00+00:00,0.0009558719936884064,5.0,0.0,0.0006349206349206349,0.004144439333521397,6050.588455782018,True
2023-03-23 13:30:00+00:00,-0.0028653893477779135,5.0,0.0,0.0006349206349206349,-0.014961867373810202,5960.0603537731,True
2023-03-24 13:30:00+00:00,-0.007662858848752063,5.0,0.0,0.0006349206349206349,-0.03894921487868095,5727.920682364083,True
2023-03-27 13:30:00+00:00,0.0009654091381579022,5.0,0.0,0.0006349206349206349,0.004192125055868876,5751.932842174652,True
2023-03-28 13:30:00+00:00,0.014464689893237903,5.0,0.0,0.0006349206349206349,0.07168852883126887,6164.280445566413,True
2023-03-29 13:30:00+00:00,-0.003802292989892875,5.0,0.0,0.0006349206349206349,-0.019646385584385008,6043.174615082529,True
2023-03-30 13:30:00+00:00,0.0009542525342254304,5.0,0.0,0.0006349206349206349,0.004136342036206517,6068.171252275032,True
2023-03-31 13:30:00+00:00,-0.013345981906818571,5.0,0.0,0.0006349206349206349,-0.0673648301690135,5659.389926429035,True
2023-04-03 13:30:00+00:00,0.003864745705179473,5.0,0.0,0.0006349206349206349,0.01868880789097673,5765.157177544197,True
2023-04-04 13:30:00+00:00,-0.008662149057581003,5.0,0.0,0.0006349206349206349,-0.04394566592282565,5511.803506227258,True
2023-04-05 13:30:00+00:00,-0.0038835064602497082,5.0,0.0,0.0006349206349206349,-0.020052452936169175,5401.278325825224,True
2023-04-06 13:30:00+00:00,-0.0009747139500252411,5.0,0.0,0.0006349206349206349,-0.00550849038504684,5371.525436100454,True
2023-04-10 13:30:00+00:00,0.004878115597945154,5.0,0.0,0.0006349206349206349,0.023755657354805136,5499.129553833077,True
2023-04-11 13:30:00+00:00,0.020388356889269987,5.0,0.0,0.0006349206349206349,0.1013068638114293,6056.22912262465,True
2023-04-12 13:30:00+00:00,0.008563246973102068,5.0,0.0,0.0006349206349206349,0.042181314230589705,6311.688826298529,True
2023-04-13 13:30:00+00:00,-0.0075472930500295465,5.0,0.0,0.0006349206349206349,-0.03837138588506837,6069.500578758155,True
2023-04-14 13:30:00+00:00,0.002851872559511026,5.0,0.0,0.0006349206349206349,0.013624442162634497,6152.194138349522,True
2023-04-17 13:30:00+00:00,0.0,5.0,0.0,0.0006349206349206349,-0.0006349206349206349,6148.287983341046,True
2023-04-18 13:30:00+00:00,0.0009478192487359927,5.0,0.0,0.0006349206349206349,0.004104175608759328,6173.521636917903,True
2023-04-19 13:30:00+00:00,-0.007575881365422532,5.0,0.0,0.0006349206349206349,-0.038514327462033295,5935.7526029997,True
2023-04-20 13:30:00+00:00,0.0009542525342254304,5.0,0.0,0.0006349206349206349,0.004136342036206517,5960.30490600801,True
2023-04-21 13:30:00+00:00,-0.0019065834394620396,5.0,0.0,0.0006349206349206349,-0.010167837832230832,5899.701492293071,True
2023-04-24 13:30:00+00:00,0.0009550615395388373,5.0,0.0,0.0006349206349206349,0.004140387062773552,5924.128540025988,True
2023-04-25 13:30:00+00:00,-0.008587659206568343,5.0,0.0,0.0006349206349206349,-0.04357321666776235,5665.995203583761,True
2023-04-26 13:30:00+00:00,0.0038498669484250403,5.0,0.0,0.0006349206349206349,0.018614414107204567,5771.464384632705,True
2023-04-27 13:30:00+00:00,-0.0019176539145386862,5.0,0.0,0.0006349206349206349,-0.010223190207614065,5712.461606452135,True
2023-04-28 13:30:00+00:00,-0.012487978765823748,5.0,0.0,0.0006349206349206349,-0.06307481446403938,5352.149150492218,True
2023-05-01 13:30:00+00:00,0.004863775806750237,5.0,0.0,0.0006349206349206349,0.02368395839883055,5478.909228316813,True
2023-05-02 13:30:00+00:00,-0.005808239291739903,5.0,0.0,0.0006349206349206349,-0.029676117093620148,5316.316476511967,True
2023-05-03 13:30:00+00:00,0.0019473211029183979,5.0,0.0,0.0006349206349206349,0.009101684879671355,5364.703913801785,True
2023-05-04 13:30:00+00:00,-0.0077743539642259885,5.0,0.0,0.0006349206349206349,-0.039506690456050576,5152.762216890855,True
2023-05-05 13:30:00+00:00,0.0029381468134965782,5.0,0.0,0.0006349206349206349,0.014055813432562257,5225.188481273829,True
2023-05-08 13:30:00+00:00,0.000976617796004886,5.0,0.0,0.0006349206349206349,0.0042481683451037954,5247.385961577178,True
2023-05-09 13:30:00+00:00,0.004878115597945154,5.0,0.0,0.0006349206349206349,0.023755657354805136,5372.041064488821,True
2023-05-10 13:30:00+00:00,-0.0077670129204994165,5.0,0.0,0.0006349206349206349,-0.039469985237417717,5160.006682978645,True
2023-05-11 13:30:00+00:00,-0.003913800948704305,5.0,0.0,0.0006349206349206349,-0.020203925378442157,5055.7542930034815,True
2023-05-12 13:30:00+00:00,0.010805268496177467,5.0,0.0,0.0006349206349206349,0.0533914218459667,5325.688203210788,True
2023-05-15 13:30:00+00:00,-0.0029153046201693122,5.0,0.0,0.0006349206349206349,-0.015211443735767195,5244.676796753408,True
2023-05-16 13:30:00+00:00,0.0029238284708188456,5.0,0.0,0.0006349206349206349,0.013984221719173594,5318.019519924614,True
2023-05-17 13:30:00+00:00,-0.0019435364134462452,5.0,0.0,0.0006349206349206349,-0.01035260270215186,5262.964176672545,True
2023-05-18 13:30:00+00:00,-0.007789806201894178,5.0,0.0,0.0006349206349206349,-0.039583951644391525,5054.635257196975,True
2023-05-19 13:30:00+00:00,0.004906839157529319,5.0,0.0,0.0006349206349206349,0.02389927515272596,5175.437376005395,True
2023-05-22 13:30:00+00:00,0.0,5.0,0.0,0.0006349206349206349,-0.0006349206349206349,5172.15138402063,True
2023-05-23 13:30:00+00:00,0.006836010580671514,5.0,0.0,0.0006349206349206349,0.03354513226843694,5345.651886309982,True
2023-05-24 13:30:00+00:00,-0.0009698830017557114,5.0,0.0,0.0006349206349206349,-0.005484335643699192,5316.334537131084,True
2023-05-25 13:30:00+00:00,-0.0077670129204994165,5.0,0.0,0.0006349206349206349,-0.039469985237417717,5106.498891433346,True
2023-05-26 13:30:00+00:00,-0.003913800948704305,5.0,0.0,0.0006349206349206349,-0.020203925378442157,5003.327568885729,True
2023-05-30 13:30:00+00:00,-0.004911657957500926,5.0,0.0,0.0006349206349206349,-0.025193210422425262,4877.27768463047,True
2023-05-31 13:30:00+00:00,-0.005923124020487447,5.0,0.0,0.0006349206349206349,-0.03025054073735787,4729.737397344149,True
2023-06-01 13:30:00+00:00,-0.0009929984562226934,5.0,0.0,0.0006349206349206349,-0.005599912916034102,4703.251279803311,True
2023-06-02 13:30:00+00:00,0.007952310004149643,5.0,0.0,0.0006349206349206349,0.03912662938582758,4887.273649536595,True
2023-06-05 13:30:00+00:00,0.0009860376685626449,5.0,0.0,0.0006349206349206349,0.004295267707892589,4908.265798223085,True
2023-06-06 13:30:00+00:00,0.006896731594390415,5.0,0.0,0.0006349206349206349,0.03384873733703144,5074.404398007474,True
2023-06-07 13:30:00+00:00,0.013698460623362108,5.0,0.0,0.0006349206349206349,0.0678573824818899,5418.740198110851,True
2023-06-08 13:30:00+00:00,-0.006756726000913704,5.0,0.0,0.0006349206349206349,-0.034418550639489155,5232.235014199938,True
2023-06-09 13:30:00+00:00,-0.0019435364134462452,5.0,0.0,0.0006349206349206349,-0.01035260270215186,5178.067763853638,True
2023-06-12 13:30:00+00:00,-0.002921190370465787,5.0,0.0,0.0006349206349206349,-0.01524087248724957,5099.149493334407,True
2023-06-13 13:30:00+00:00,0.000976617796004886,5.0,0.0,0.0006349206349206349,0.0042481683451037954,5120.811538798943,True
2023-06-14 13:30:00+00:00,0.005853675980532103,5.0,0.0,0.0006349206349206349,0.02863345926773988,5267.438087412916,True
2023-06-15 13:30:00+00:00,0.0019397660035114228,5.0,0.0,0.0006349206349206349,0.00906390938263648,5315.181668915875,True
2023-06-16 13:30:00+00:00,-0.0009680052979875731,5.0,0.0,0.0006349206349206349,-0.0054749471248585,5286.081330319543,True
2023-06-20 13:30:00+00:00,0.0,5.0,0.0,0.0006349206349206349,-0.0006349206349206349,5282.725088205055,True
2023-06-21 13:30:00+00:00,0.005813970998375995,5.0,0.0,0.0006349206349206349,0.02843493435695934,5432.939029314028,True
2023-06-22 13:30:00+00:00,-0.002890130438418903,5.0,0.0,0.0006349206349206349,-0.01508557282701515,5350.980031922578,True
2023-06-23 13:30:00+00:00,-0.013526506416718598,5.0,0.0,0.0006349206349206349,-0.06826745271851363,4985.682255595592,True
2023-06-26 13:30:00+00:00,0.00391763405596679,5.0,0.0,0.0006349206349206349,0.018953249644913316,5080.17713603611,True
2023-06-27 13:30:00+00:00,0.0009756649442569376,5.0,0.0,0.0006349206349206349,0.004243404086364053,5101.73438045462,True
2023-06-28 13:30:00+00:00,0.0009746094902729485,5.0,0.0,0.0006349206349206349,0.004238126816444108,5123.3561777428,True
2023-06-29 13:30:00+00:00,0.006815936934346789,5.0,0.0,0.0006349206349206349,0.03344476403681331,5294.705616183959,True
2023-06-30 13:30:00+00:00,0.0038684835817999197,5.0,0.0,0.0006349206349206349,0.018707497274078964,5393.756307065772,True
2023-07-03 13:30:00+00:00,0.009633836962817943,5.0,0.0,0.0006349206349206349,0.04753426417916908,5650.144544283896,True
2023-07-05 13:30:00+00:00,-0.014312969878099713,5.0,0.0,0.0006349206349206349,-0.0721997700254192,5242.205407576222,True
2023-07-06 13:30:00+00:00,-0.007744353639622115,5.0,0.0,0.0006349206349206349,-0.03935668883303121,5035.889560551411,True
2023-07-07 13:30:00+00:00,0.004878115597945154,5.0,0.0,0.0006349206349206349,0.023755657354805136,5155.520427428511,True
2023-07-10 13:30:00+00:00,0.0009708245880213351,5.0,0.0,0.0006349206349206349,0.0042192023051860405,5177.272611100351,True
2023-07-11 13:30:00+00:00,0.0,5.0,0.0,0.0006349206349206349,-0.0006349206349206349,5173.985453886953,True
2023-07-12 13:30:00+00:00,-0.0019399739098353574,5.0,0.0,0.0006349206349206349,-0.010334790184097421,5120.51339980546,True
2023-07-13 13:30:00+00:00,-0.0009717682067230671,5.0,0.0,0.0006349206349206349,-0.00549376166853597,5092.382519566384,True
2023-07-14 13:30:00+00:00,-0.004863880063283754,5.0,0.0,0.0006349206349206349,-0.024954320951339405,4965.305571766135,True
2023-07-17 13:30:00+00:00,0.0029327175321465226,5.0,0.0,0.0006349206349206349,0.01402866702581198,5034.96219031385,True
2023-07-18 13:30:00+00:00,-0.0009747139500252411,5.0,0.0,0.0006349206349206349,-0.00550849038504684,5007.227149499433,True
2023-07-19 13:30:00+00:00,0.005853675980532103,5.0,0.0,0.0006349206349206349,0.02863345926773988,5150.601384128947,True
2023-07-20 13:30:00+00:00,0.0019397660035114228,5.0,0.0,0.0006349206349206349,0.00906390938263648,5197.285968340773,True
2023-07-21 13:30:00+00:00,0.0038723324476721555,5.0,0.0,0.0006349206349206349,0.018726741603440143,5294.614199709077,True
2023-07-24 13:30:00+00:00,-0.0019286459894373165,5.0,0.0,0.0006349206349206349,-0.010278150582107216,5240.195357690303,True
2023-07-25 13:30:00+00:00,-0.005797222109178546,5.0,0.0,0.0006349206349206349,-0.029621031180813363,5084.975367606606,True
2023-07-26 13:30:00+00:00,0.006802689912723148,5.0,0.0,0.0006349206349206349,0.033378528928695105,5254.704365015965,True
2023-07-27 13:30:00+00:00,-0.008687130471341509,5.0,0.0,0.0006349206349206349,-0.04407057299162818,5023.126532748102,True
2023-07-28 13:30:00+00:00,-0.0009736605514591989,5.0,0.0,0.0006349206349206349,-0.00550322339221663,4995.483145311019,True
2023-07-31 13:30:00+00:00,0.0009746094902729485,5.0,0.0,0.0006349206349206349,0.004238126816444108,5016.654636390256,True
2023-08-01 13:30:00+00:00,-0.0009736605514591989,5.0,0.0,0.0006349206349206349,-0.00550322339221663,4989.046865244602,True
2023-08-02 13:30:00+00:00,0.001949218980545897,5.0,0.0,0.0006349206349206349,0.009111174267808851,5034.502940664111,True
2023-08-03 13:30:00+00:00,0.0019456354305404933,5.0,0.0,0.0006349206349206349,0.009093256517781832,5080.282967343097,True
2023-08-04 13:30:00+00:00,0.004854331048270932,5.0,0.0,0.0006349206349206349,0.023636734606434028,5200.364267567773,True
2023-08-07 13:30:00+00:00,-0.0028986110545893284,5.0,0.0,0.0006349206349206349,-0.015127975907867276,5121.693282215873,True
2023-08-08 13:30:00+00:00,-0.0067829142385532615,5.0,0.0,0.0006349206349206349,-0.03454949182768694,4944.741382018037,True
2023-08-09 13:30:00+00:00,0.009756126634220319,5.0,0.0,0.0006349206349206349,0.04814571253618096,5182.809479162435,True
2023-08-10 13:30:00+00:00,0.0009660310991805865,5.0,0.0,0.0006349206349206349,0.0041952348609822976,5204.552582167248,True
2023-08-11 13:30:00+00:00,-0.002895710157113651,5.0,0.0,0.0006349206349206349,-0.01511347142048889,5125.893725460231,True
2023-08-14 13:30:00+00:00,-0.006776244589727254,5.0,0.0,0.0006349206349206349,-0.0345161435835569,4948.967641638193,True
2023-08-15 13:30:00+00:00,0.0,5.0,0.0,0.0006349206349206349,-0.0006349206349206349,4945.825439960961,True
2023-08-16 13:30:00+00:00,-0.0038986468805967123,5.0,0.0,0.0006349206349206349,-0.020128155037904195,4846.275098715016,True
2023-08-17 13:30:00+00:00,0.0019568480400531385,5.0,0.0,0.0006349206349206349,0.009149319565345058,4890.615218294734,True
2023-08-18 13:30:00+00:00,0.003906261856444715,5.0,0.0,0.0006349206349206349,0.01889638864730294,4983.030184184046,True
2023-08-21 13:30:00+00:00,0.0009727134587365072,5.0,0.0,0.0006349206349206349,0.004228646658761901,5004.101658122906,True
2023-08-22 13:30:00+00:00,-0.0029153046201693122,5.0,0.0,0.0006349206349206349,-0.015211443735767195,4927.98204730231,True
2023-08-23 13:30:00+00:00,-0.0009747139500252411,5.0,0.0,0.0006349206349206349,-0.00550849038504684,4900.8363055770615,True
2023-08-24 13:30:00+00:00,0.0039023460920177833,5.0,0.0,0.0006349206349206349,0.018876809825168282,4993.34846050172,True
2023-08-25 13:30:00+00:00,0.005831025861220418,5.0,0.0,0.0006349206349206349,0.028520208671181456,5135.759800563153,True
2023-08-28 13:30:00+00:00,0.003864745705179473,5.0,0.0,0.0006349206349206349,0.01868880789097673,5231.741028850079,True
2023-08-29 13:30:00+00:00,-0.0019249334742126312,5.0,0.0,0.0006349206349206349,-0.01025958800598379,5178.065521340075,True
2023-08-30 13:30:00+00:00,-0.0028930206600037423,5.0,0.0,0.0006349206349206349,-0.015100023934939345,5099.876608031155,True
2023-08-31 13:30:00+00:00,-0.008704036233268875,5.0,0.0,0.0006349206349206349,-0.04415510180126501,4874.691037229649,True
2023-09-01 13:30:00+00:00,-0.0019513298885144303,5.0,0.0,0.0006349206349206349,-0.010391570077492786,4824.035343710151,True
2023-09-05 13:30:00+00:00,0.00391018527675846,5.0,0.0,0.0006349206349206349,0.018916005748871666,4915.286824004534,True
2023-09-06 13:30:00+00:00,0.006815936934346789,5.0,0.0,0.0006349206349206349,0.03344476403681331,5079.677432006623,True
2023-09-07 13:30:00+00:00,0.0,5.0,0.0,0.0006349206349206349,-0.0006349206349206349,5076.452239986301,True
2023-09-08 13:30:00+00:00,0.006769794442369026,5.0,0.0,0.0006349206349206349,0.033214051576924496,5245.061786513,True
2023-09-11 13:30:00+00:00,-0.0019211324674373031,5.0,0.0,0.0006349206349206349,-0.01024058297210715,5191.349296094385,True
2023-09-12 13:30:00+00:00,0.005774697269887108,5.0,0.0,0.0006349206349206349,0.028238565714514906,5337.945554339148,True
2023-09-13 13:30:00+00:00,0.00574174672624328,5.0,0.0,0.0006349206349206349,0.028073812996295765,5487.802039616073,True
2023-09-14 13:30:00+00:00,0.0019028531273737048,5.0,0.0,0.0006349206349206349,0.00887934500194789,5536.530127228219,True
2023-09-15 13:30:00+00:00,0.0009496195771050431,5.0,0.0,0.0006349206349206349,0.0041131772506045805,5559.302856994821,True
2023-09-18 13:30:00+00:00,-0.0037949763059295094,5.0,0.0,0.0006349206349206349,-0.01960980216456818,5450.286027796234,True
2023-09-19 13:30:00+00:00,0.007618968100017387,5.0,0.0,0.0006349206349206349,0.0374599198651663,5654.453305639718,True
2023-09-20 13:30:00+00:00,0.005671196039482629,5.0,0.0,0.0006349206349206349,0.02772105956249251,5811.200742518689,True
2023-09-21 13:30:00+00:00,0.0,5.0,0.0,0.0006349206349206349,-0.0006349206349206349,5807.511091253598,True
2023-09-22 13:30:00+00:00,0.0,5.0,0.0,0.0006349206349206349,-0.0006349206349206349,5803.823782624231,True
2023-09-25 13:30:00+00:00,-0.00657901695098595,5.0,0.0,0.0006349206349206349,-0.03353000538985038,5609.221539911099,True
2023-09-26 13:30:00+00:00,0.0,5.0,0.0,0.0006349206349206349,-0.0006349206349206349,5605.660129409567,True
2023-09-27 13:30:00+00:00,0.006622587063536356,5.0,0.0,0.0006349206349206349,0.032478014682761146,5787.720841399101,True
2023-09-28 13:30:00+00:00,-0.0009399027340180055,5.0,0.0,0.0006349206349206349,-0.0053344343050106624,5756.846624794917,True
2023-09-29 13:30:00+00:00,-0.0037629462814766645,5.0,0.0,0.0006349206349206349,-0.019449652042303957,5644.877961081744,True
2023-10-02 13:30:00+00:00,-0.012275616665165412,5.0,0.0,0.0006349206349206349,-0.062013003960747694,5294.822121723244,True
2023-10-03 13:30:00+00:00,-0.006692231042529584,5.0,0.0,0.0006349206349206349,-0.034096075847568554,5114.289465061584,True
2023-10-04 13:30:00+00:00,-0.012512016006005933,5.0,0.0,0.0006349206349206349,-0.0631950006649503,4791.091938916269,True
2023-10-05 13:30:00+00:00,-0.0009747139500252411,5.0,0.0,0.0006349206349206349,-0.00550849038504684,4764.700255036873,True
2023-10-06 13:30:00+00:00,-0.008780566251633704,5.0,0.0,0.0006349206349206349,-0.04453775189308915,4552.491217233102,True
2023-10-09 13:30:00+00:00,0.0,5.0,0.0,0.0006349206349206349,-0.0006349206349206349,4549.600746618986,True
2023-10-10 13:30:00+00:00,0.0019687209347831747,5.0,0.0,0.0006349206349206349,0.00920868403899524,4591.496582398177,True
2023-10-11 13:30:00+00:00,0.005893715819322409,5.0,0.0,0.0006349206349206349,0.028833658461691412,4723.88622668307,True
2023-10-12 13:30:00+00:00,0.0029297487242270215,5.0,0.0,0.0006349206349206349,0.014013822986214473,4790.085932070823,True
2023-10-13 13:30:00+00:00,0.002921190370465787,5.0,0.0,0.0006349206349206349,0.013971031217408302,4857.008372161853,True
2023-10-16 13:30:00+00:00,-0.002912681872228484,5.0,0.0,0.0006349206349206349,-0.015198329996063055,4783.189956128097,True
2023-10-17 13:30:00+00:00,0.004868511473384185,5.0,0.0,0.0006349206349206349,0.02370763673200029,4896.588086028134,True
2023-10-18 13:30:00+00:00,-0.0009689432401773779,5.0,0.0,0.0006349206349206349,-0.005479636835807524,4869.756561582158,True
2023-10-19 13:30:00+00:00,0.0019397660035114228,5.0,0.0,0.0006349206349206349,0.00906390938263648,4913.895593771838,True
2023-10-20 13:30:00+00:00,0.002904119645869674,5.0,0.0,0.0006349206349206349,0.013885677594427735,4982.128363719634,True
2023-10-23 13:30:00+00:00,0.0,5.0,0.0,0.0006349206349206349,-0.0006349206349206349,4978.965107615685,True
2023-10-24 13:30:00+00:00,-0.0038609123923276645,5.0,0.0,0.0006349206349206349,-0.019939482596558956,4879.687119503507,True
2023-10-25 13:30:00+00:00,0.004845027758198617,5.0,0.0,0.0006349206349206349,0.02359021815607245,4994.800003185972,True
2023-10-26 13:30:00+00:00,0.0019286459894376495,5.0,0.0,0.0006349206349206349,0.009008309312267614,5039.794706567587,True
2023-10-27 13:30:00+00:00,0.0038498669484250403,5.0,0.0,0.0006349206349206349,0.018614414107204567,5133.607532250934,True
2023-10-30 13:30:00+00:00,-0.0067115831865876,5.0,0.0,0.0006349206349206349,-0.03419283656785863,4958.07492889715,True
2023-10-31 13:30:00+00:00,0.0,5.0,0.0,0.0006349206349206349,-0.0006349206349206349,4954.926944815311,True
2023-11-01 13:30:00+00:00,-0.0009650987837417357,5.0,0.0,0.0006349206349206349,-0.005460414553629314,4927.870989613671,True
2023-11-02 13:30:00+00:00,0.0,5.0,0.0,0.0006349206349206349,-0.0006349206349206349,4924.742182636138,True
2023-11-03 13:30:00+00:00,0.0,5.0,0.0,0.0006349206349206349,-0.0006349206349206349,4921.615362202718,True
2023-11-06 14:30:00+00:00,-0.0019324764039989617,5.0,0.0,0.0006349206349206349,-0.010297302654915443,4870.935999267035,True
2023-11-07 14:30:00+00:00,0.0038723324476721555,5.0,0.0,0.0006349206349206349,0.018726741603440143,4962.152759092204,True
2023-11-08 14:30:00+00:00,0.0,5.0,0.0,0.0006349206349206349,-0.0006349206349206349,4959.002185911828,True
2023-11-09 14:30:00+00:00,-0.0028930206600037423,5.0,0.0,0.0006349206349206349,-0.015100023934939345,4884.121134211143,True
2023-11-10 14:30:00+00:00,0.0029014145121306623,5.0,0.0,0.0006349206349206349,0.013872151925732677,4951.874404608602,True
2023-11-13 14:30:00+00:00,0.003857188627179653,5.0,0.0,0.0006349206349206349,0.01865102250097763,5044.231925550973,True
2023-11-14 14:30:00+00:00,-0.0009606691882988461,5.0,0.0,0.0006349206349206349,-0.005438266576414865,5016.800047666564,True
2023-11-15 14:30:00+00:00,0.0,5.0,0.0,0.0006349206349206349,-0.0006349206349206349,5013.61477779503,True
2023-11-16 14:30:00+00:00,0.002884778883084582,5.0,0.0,0.0006349206349206349,0.013788973780502277,5082.747380511585,True
2023-11-17 14:30:00+00:00,0.005752550715020455,5.0,0.0,0.0006349206349206349,0.02812783294018164,5225.714049707762,True
2023-11-20 14:30:00+00:00,0.002859824074485484,5.0,0.0,0.0006349206349206349,0.013664199737506787,5297.119250254064,True
2023-11-21 14:30:00+00:00,0.0,5.0,0.0,0.0006349206349206349,-0.0006349206349206349,5293.755999936442,True
2023-11-22 14:30:00+00:00,-0.001901044616885561,5.0,0.0,0.0006349206349206349,-0.01014014371934844,5240.076553281924,True
2023-11-24 14:30:00+00:00,0.0028571002784933963,5.0,0.0,0.0006349206349206349,0.013650580757546348,5311.606641448225,True
2023-11-27 14:30:00+00:00,0.004748301448134207,5.0,0.0,0.0006349206349206349,0.0231065866057504,5434.339740324527,True
2023-11-28 14:30:00+00:00,0.0,5.0,0.0,0.0006349206349206349,-0.0006349206349206349,5430.889365886225,True
2023-11-29 14:30:00+00:00,-0.010396956371682364,5.0,0.0,0.0006349206349206349,-0.052619702493332456,5145.11758317909,True
2023-11-30 14:30:00+00:00,-0.015281701184685748,5.0,0.0,0.0006349206349206349,-0.07704342655834938,4748.720094525359,True
2023-12-01 14:30:00+00:00,-0.0009698830017557114,5.0,0.0,0.0006349206349206349,-0.005484335643699192,4722.676519649003,True
2023-12-04 14:30:00+00:00,-0.008737837508520974,5.0,0.0,0.0006349206349206349,-0.0443241081775255,4513.348094704621,True
2023-12-05 14:30:00+00:00,-0.0048973312410450776,5.0,0.0,0.0006349206349206349,-0.025121576840146022,4399.965673737172,True
2023-12-06 14:30:00+00:00,0.008858347559257851,5.0,0.0,0.0006349206349206349,0.04365681716136862,4592.054170671814,True
2023-12-07 14:30:00+00:00,-0.0019513298885144303,5.0,0.0,0.0006349206349206349,-0.010391570077492786,4544.335517957635,True
2023-12-08 14:30:00+00:00,-0.005864911233775971,5.0,0.0,0.0006349206349206349,-0.02995947680380049,4408.189603418697,True
2023-12-11 14:30:00+00:00,0.00491638240164427,5.0,0.0,0.0006349206349206349,0.023946991373300718,4513.752481823638,True
2023-12-12 14:30:00+00:00,0.0029353769286779574,5.0,0.0,0.0006349206349206349,0.014041964008469153,4577.134431716544,True
2023-12-13 14:30:00+00:00,0.013658577287908535,5.0,0.0,0.0006349206349206349,0.06765796580462204,4886.81403658078,True
2023-12-14 14:30:00+00:00,0.015399467793699939,5.0,0.0,0.0006349206349206349,0.07636241833357905,5259.982974360569,True
2023-12-15 14:30:00+00:00,-0.008530779591998883,5.0,0.0,0.0006349206349206349,-0.04328881859491505,5032.284525571133,True
2023-12-18 14:30:00+00:00,0.0028203808016147303,5.0,0.0,0.0006349206349206349,0.013466983373153017,5100.054217605975,True
2023-12-19 14:30:00+00:00,-0.0010417687344931315,5.0,0.0,0.0006349206349206349,-0.005843764307386292,5070.250702803394,True
2023-12-20 14:30:00+00:00,0.0,5.0,0.0,0.0006349206349206349,-0.0006349206349206349,5067.031496007963,True
2023-12-21 14:30:00+00:00,0.002085505735140769,5.0,0.0,0.0006349206349206349,0.009792608040783211,5116.6509493786725,True
2023-12-22 14:30:00+00:00,0.0020811654526535772,5.0,0.0,0.0006349206349206349,0.009770906628347252,5166.645268054897,True
2023-12-26 14:30:00+00:00,0.007268951194184803,5.0,0.0,0.0006349206349206349,0.03570983533600338,5351.145319816679,True
2023-12-27 14:30:00+00:00,0.007216494845360799,5.0,0.0,0.0006349206349206349,0.03544755359188336,5540.830330318838,True
2023-12-28 14:30:00+00:00,-0.008188331627431045,5.0,0.0,0.0006349206349206349,-0.04157657877207586,5310.46156162763,True
2023-12-29 14:30:00+00:00,0.0,5.0,0.0,0.0006349206349206349,-0.0006349206349206349,5307.089840001199,True
2024-01-02 14:30:00+00:00,-0.011351909184726172,5.0,0.0,0.0006349206349206349,-0.057394466558551495,5002.492249656022,True
2024-01-03 14:30:00+00:00,-0.006263048016701633,5.0,0.0,0.0006349206349206349,-0.0319501607184288,4842.661818286818,True
2024-01-04 14:30:00+00:00,-0.009453781512605008,5.0,0.0,0.0006349206349206349,-0.047903828197945676,4610.679778522855,True
2024-01-05 14:30:00+00:00,0.0031813361611876534,5.0,0.0,0.0006349206349206349,0.015271760171017633,4681.092974325817,True
2024-01-08 14:30:00+00:00,0.003171247357294016,5.0,0.0,0.0006349206349206349,0.015221316151549445,4752.345370422827,True
2024-01-09 14:30:00+00:00,-0.004214963119072879,5.0,0.0,0.0006349206349206349,-0.021709736230285027,4649.173205955731,True
2024-01-10 14:30:00+00:00,0.0031744993785207676,5.0,0.0,0.0006349206349206349,0.015237576257683204,4720.01533721666,True
2024-01-11 14:30:00+00:00,0.0042195131868971725,5.0,0.0,0.0006349206349206349,0.02046264529956523,4816.599336870632,True
2024-01-12 14:30:00+00:00,0.0,5.0,0.0,0.0006349206349206349,-0.0006349206349206349,4813.541178561508,True
2024-01-16 14:30:00+00:00,-0.010504098647796556,5.0,0.0,0.0006349206349206349,-0.053155413873903413,4557.675405015994,True
2024-01-17 14:30:00+00:00,-0.0021232461560872773,5.0,0.0,0.0006349206349206349,-0.01125115141535702,4506.3963089321105,True
2024-01-18 14:30:00+00:00,-0.0010638297872340718,5.0,0.0,0.0006349206349206349,-0.005954069571090994,4479.564911793821,True
2024-01-19 14:30:00+00:00,0.0021299254526090383,5.0,0.0,0.0006349206349206349,0.010014706628124558,4524.426440207078,True
2024-01-22 14:30:00+00:00,0.006376299773961591,5.0,0.0,0.0006349206349206349,0.031246578234887322,4665.799284939,True
2024-01-23 14:30:00+00:00,-0.0031681054528452934,5.0,0.0,0.0006349206349206349,-0.0164754478991471,4588.92815191211,True
2024-01-24 14:30:00+00:00,-0.00741515110173141,5.0,0.0,0.0006349206349206349,-0.03771067614357768,4415.8765685292055,True
2024-01-25 14:30:00+00:00,0.002134471718249653,5.0,0.0,0.0006349206349206349,0.010037437956327631,4460.200655608619,True
2024-01-26 14:30:00+00:00,0.0021299254526090383,5.0,0.0,0.0006349206349206349,0.010014706628124558,4504.868256677109,True
2024-01-29 14:30:00+00:00,0.003187993531033495,5.0,0.0,0.0006349206349206349,0.015305047020246841,4573.815477165569,True
2024-01-30 14:30:00+00:00,0.0010594260500147445,5.0,0.0,0.0006349206349206349,0.004662209615153088,4595.139563661147,True
2024-01-31 14:30:00+00:00,0.008465504669526336,5.0,0.0,0.0006349206349206349,0.041692602712711045,4786.722891898332,True
2024-02-01 14:30:00+00:00,0.005246693181460538,5.0,0.0,0.0006349206349206349,0.025598545272382055,4909.256034552939,True
2024-02-02 14:30:00+00:00,-0.010438515748745325,5.0,0.0,0.0006349206349206349,-0.05282749937864726,4649.912314437974,True
2024-02-05 14:30:00+00:00,0.0010549558974428663,5.0,0.0,0.0006349206349206349,0.004639858852293697,4671.487251252509,True
2024-02-06 14:30:00+00:00,0.006322444678608763,5.0,0.0,0.0006349206349206349,0.03097730275812318,4816.197326165271,True
2024-02-07 14:30:00+00:00,0.0010472231280607147,5.0,0.0,0.0006349206349206349,0.004601195005382939,4838.357589247361,True
2024-02-08 14:30:00+00:00,0.0,5.0,0.0,0.0006349206349206349,-0.0006349206349206349,4835.285616174823,True
2024-02-09 14:30:00+00:00,0.00732207237918403,5.0,0.0,0.0006349206349206349,0.03597544126099952,5009.237149839677,True
2024-02-12 14:30:00+00:00,0.0020768431983386737,5.0,0.0,0.0006349206349206349,0.009749295356772734,5058.073682325584,True
2024-02-13 14:30:00+00:00,0.008290053795546148,5.0,0.0,0.0006349206349206349,0.04081534834281011,5264.520721613303,True
2024-02-14 14:30:00+00:00,-0.0010276485236399013,5.0,0.0,0.0006349206349206349,-0.005773163253120142,5234.127784037995,True
2024-02-15 14:30:00+00:00,0.0,5.0,0.0,0.0006349206349206349,-0.0006349206349206349,5230.804528302097,True
2024-02-16 14:30:00+00:00,-0.0030864197530866555,5.0,0.0,0.0006349206349206349,-0.01606701940035391,5146.761090466409,True
2024-02-20 14:30:00+00:00,0.005159958720330371,5.0,0.0,0.0006349206349206349,0.02516487296673122,5276.278679498111,True
2024-02-21 14:30:00+00:00,-0.0030801828411680665,5.0,0.0,0.0006349206349206349,-0.016035834840760967,5191.669146019851,True
2024-02-22 14:30:00+00:00,0.0030896996811102806,5.0,0.0,0.0006349206349206349,0.014813577770630769,5268.576340673801,True
2024-02-23 14:30:00+00:00,0.00924024640657084,5.0,0.0,0.0006349206349206349,0.045566311397933566,5508.645930836728,True
2024-02-26 14:30:00+00:00,0.0020346877795500706,5.0,0.0,0.0006349206349206349,0.009538518262829719,5561.190250651478,True
2024-02-27 14:30:00+00:00,0.002030357069593869,5.0,0.0,0.0006349206349206349,0.00951686471304871,5614.115345910454,True
2024-02-28 14:30:00+00:00,-0.006079027355623046,5.0,0.0,0.0006349206349206349,-0.031030057413035862,5439.909024403448,True
2024-02-29 14:30:00+00:00,0.0040775719544319244,5.0,0.0,0.0006349206349206349,0.019752939137238988,5547.363216274607,True
2024-03-01 14:30:00+00:00,0.001015128744295657,5.0,0.0,0.0006349206349206349,0.00444072308655765,5571.997520178638,True
2024-03-04 14:30:00+00:00,0.0030426958289020423,5.0,0.0,0.0006349206349206349,0.014578558509589577,5653.2292120418515,True
2024-03-05 14:30:00+00:00,0.007077756540408764,5.0,0.0,0.0006349206349206349,0.034753862067123185,5849.700760310986,True
2024-03-06 14:30:00+00:00,0.004016064257028384,5.0,0.0,0.0006349206349206349,0.019445400650221288,5963.4505352791375,True
2024-03-07 14:30:00+00:00,-0.005999901912702499,5.0,0.0,0.0006349206349206349,-0.030634430198433128,5780.763626114321,True
2024-03-08 14:30:00+00:00,-0.0030182070334506816,5.0,0.0,0.0006349206349206349,-0.015725955802174042,5689.855592827231,True
2024-03-11 13:30:00+00:00,-0.0010090817356205317,5.0,0.0,0.0006349206349206349,-0.0056803293130232935,5657.535339316425,True
2024-03-12 13:30:00+00:00,-0.0010100019320224973,5.0,0.0,0.0006349206349206349,-0.0056849302950331216,5625.372645270724,True
2024-03-13 13:30:00+00:00,0.0020221453127962086,5.0,0.0,0.0006349206349206349,0.009475805929060409,5678.677584735955,True
2024-03-14 13:30:00+00:00,-0.00201806449314057,5.0,0.0,0.0006349206349206349,-0.010725243100623484,5617.7723871496,True
2024-03-15 13:30:00+00:00,0.0,5.0,0.0,0.0006349206349206349,-0.0006349206349206349,5614.205547538711,True
2024-03-18 13:30:00+00:00,0.012133466946270044,5.0,0.0,0.0006349206349206349,0.060032414096429586,5951.239859791028,True
2024-03-19 13:30:00+00:00,0.0029970027033288105,5.0,0.0,0.0006349206349206349,0.014350092881723418,6036.640704540444,True
2024-03-20 13:30:00+00:00,-0.0009960158389477058,5.0,0.0,0.0006349206349206349,-0.005614999829659164,6002.744968012736,True
2024-03-21 13:30:00+00:00,0.004985044377896486,5.0,0.0,0.0006349206349206349,0.024290301254561796,6148.553451640069,True
2024-03-22 13:30:00+00:00,0.006944346459871298,5.0,0.0,0.0006349206349206349,0.034086811664435855,6358.138035154842,True
2024-03-25 13:30:00+00:00,0.0,5.0,0.0,0.0006349206349206349,-0.0006349206349206349,6354.101122116649,True
2024-03-26 13:30:00+00:00,0.00197053998748542,5.0,0.0,0.0006349206349206349,0.009217779302506467,6412.671823926129,True
2024-03-27 13:30:00+00:00,0.00196647170090114,5.0,0.0,0.0006349206349206349,0.009197437869585066,6471.65197460473,True
2024-03-28 13:30:00+00:00,0.0058881256133465065,5.0,0.0,0.0006349206349206349,0.0288057074318119,6658.0724879857025,True
2024-04-01 13:30:00+00:00,0.000975705451022213,5.0,0.0,0.0006349206349206349,0.00424360662019043,6686.326728473427,True
2024-04-02 13:30:00+00:00,-0.0009747543778622081,5.0,0.0,0.0006349206349206349,-0.005508692524231675,6649.493810409715,True
2024-04-03 13:30:00+00:00,-0.0019512195121951237,5.0,0.0,0.0006349206349206349,-0.010391018195896252,6580.398799232247,True
2024-04-04 13:30:00+00:00,0.009775171065493637,5.0,0.0,0.0006349206349206349,0.04824093469254755,6897.843387956929,True
2024-04-05 13:30:00+00:00,-0.0019360134682500085,5.0,0.0,0.0006349206349206349,-0.010314987976170677,6826.692216348644,True
2024-04-08 13:30:00+00:00,0.004849564924366279,5.0,0.0,0.0006349206349206349,0.02361290398691076,6987.890244201477,True
2024-04-09 13:30:00+00:00,-0.0009651562863921548,5.0,0.0,0.0006349206349206349,-0.005460702066881409,6949.731457501825,True
2024-04-10 13:30:00+00:00,0.01062801831645066,5.0,0.0,0.0006349206349206349,0.05250517094733267,7314.628295716015,True
2024-04-11 13:30:00+00:00,-0.004780208048202672,5.0,0.0,0.0006349206349206349,-0.024535960875933994,7135.156862030326,True
2024-04-12 13:30:00+00:00,0.0028818443804035088,5.0,0.0,0.0006349206349206349,0.01377430126709691,7233.438662235926,True
2024-04-15 13:30:00+00:00,-0.002873563218390829,5.0,0.0,0.0006349206349206349,-0.015002736726874778,7124.917286356403,True
2024-04-16 13:30:00+00:00,-0.012487992315081464,5.0,0.0,0.0006349206349206349,-0.06307488221032796,6675.513967761143,True
2024-04-17 13:30:00+00:00,-0.000972667230255353,5.0,0.0,0.0006349206349206349,-0.0054982567861974,6638.810277786544,True
2024-04-18 13:30:00+00:00,0.0038948389658868265,5.0,0.0,0.0006349206349206349,0.0188392741945135,6763.88064493512,True
2024-04-19 13:30:00+00:00,0.0,5.0,0.0,0.0006349206349206349,-0.0006349206349206349,6759.586117541509,True
2024-04-22 13:30:00+00:00,0.0009698368744652797,5.0,0.0,0.0006349206349206349,0.004214263737405763,6788.072796196537,True
2024-04-23 13:30:00+00:00,-0.0029069767441860517,5.0,0.0,0.0006349206349206349,-0.015169804355850892,6685.099059924962,True
2024-04-24 13:30:00+00:00,0.0019437299196285451,5.0,0.0,0.0006349206349206349,0.009083728963222092,6745.824687877612,True
2024-04-25 13:30:00+00:00,-0.0029098911754356083,5.0,0.0,0.0006349206349206349,-0.015184376512098675,6643.393545932268,True
2024-04-26 13:30:00+00:00,0.0058365758754859165,5.0,0.0,0.0006349206349206349,0.02854795874250895,6833.048870791794,True
2024-04-29 13:30:00+00:00,-0.003868377091587938,5.0,0.0,0.0006349206349206349,-0.019976806092860323,6696.546378476947,True
2024-04-30 13:30:00+00:00,0.0058251469333292505,5.0,0.0,0.0006349206349206349,0.02849081403172562,6887.33643600096,True
2024-05-01 13:30:00+00:00,-0.0077220077220075956,5.0,0.0,0.0006349206349206349,-0.03924495924495861,6617.043198263785,True
2024-05-02 13:30:00+00:00,-0.0068092431057417135,5.0,0.0,0.0006349206349206349,-0.0346811361636292,6387.556622104181,True
2024-05-03 13:30:00+00:00,-0.009794414423692555,5.0,0.0,0.0006349206349206349,-0.04960699275338341,6070.689147039633,True
2024-05-06 13:30:00+00:00,0.0029673590504453173,5.0,0.0,0.0006349206349206349,0.014201874617305953,6156.9043131465305,True
2024-05-07 13:30:00+00:00,0.0029586766146918464,5.0,0.0,0.0006349206349206349,0.014158462438538598,6244.076611601893,True
2024-05-08 13:30:00+00:00,0.0,5.0,0.0,0.0006349206349206349,-0.0006349206349206349,6240.112118515162,True
2024-05-09 13:30:00+00:00,-0.0019666645962564955,5.0,0.0,0.0006349206349206349,-0.010468243616203111,6174.789104666124,True
2024-05-10 13:30:00+00:00,-0.004926011736652525,5.0,0.0,0.0006349206349206349,-0.025264979318183257,6018.783185642591,True
2024-05-13 13:30:00+00:00,0.0,5.0,0.0,0.0006349206349206349,-0.0006349206349206349,6014.961736000913,True
2024-05-14 13:30:00+00:00,0.00495039745260506,5.0,0.0,0.0006349206349206349,0.024117066628104665,6160.024968953548,True
2024-05-15 13:30:00+00:00,-0.0029555683868988103,5.0,0.0,0.0006349206349206349,-0.015412762569414686,6065.0819666854,True
2024-05-16 13:30:00+00:00,0.00296432966594784,5.0,0.0,0.0006349206349206349,0.014186727694818567,6151.125632993521,True
2024-05-17 13:30:00+00:00,0.002955761662362333,5.0,0.0,0.0006349206349206349,0.01414388767689103,6238.126463033028,True
2024-05-20 13:30:00+00:00,0.0009822218235351343,5.0,0.0,0.0006349206349206349,0.004276188482755037,6264.80186756822,True
2024-05-21 13:30:00+00:00,-0.0009812580105027502,5.0,0.0,0.0006349206349206349,-0.005541210687434386,6230.087280504991,True
2024-05-22 13:30:00+00:00,-0.005893909058823588,5.0,0.0,0.0006349206349206349,-0.030104465929038572,6042.5338302340915,True
2024-05-23 13:30:00+00:00,0.0009881421967152804,5.0,0.0,0.0006349206349206349,0.004305790348655767,6068.55171408174,True
2024-05-24 13:30:00+00:00,0.004935833678042956,5.0,0.0,0.0006349206349206349,0.024044247755294144,6214.465475010938,True
2024-05-28 13:30:00+00:00,0.007858545411764783,5.0,0.0,0.0006349206349206349,0.03865780642390328,6454.70307837194,True
2024-05-29 13:30:00+00:00,-0.0107213421400294,5.0,0.0,0.0006349206349206349,-0.05424163133506763,6104.589453617564,True
2024-05-30 13:30:00+00:00,-0.004926011736652525,5.0,0.0,0.0006349206349206349,-0.025264979318183257,5950.357127325916,True
2024-05-31 13:30:00+00:00,0.0,5.0,0.0,0.0006349206349206349,-0.0006349206349206349,5946.579122800629,True
2024-06-03 13:30:00+00:00,0.0019801978274929244,5.0,0.0,0.0006349206349206349,0.009266068502543988,6001.680532308299,True
2024-06-04 13:30:00+00:00,-0.010869564163867418,5.0,0.0,0.0006349206349206349,-0.05498274145425772,5671.69168330934,True
2024-06-05 13:30:00+00:00,-0.0029971006926275967,5.0,0.0,0.0006349206349206349,-0.015620424098058618,5583.097453862617,True
2024-06-06 13:30:00+00:00,-0.001001905724150598,5.0,0.0,0.0006349206349206349,-0.005644449255673625,5551.583943594807,True
2024-06-07 13:30:00+00:00,0.007021062498819397,5.0,0.0,0.0006349206349206349,0.03447039185917635,5742.949217569633,True
2024-06-10 13:30:00+00:00,0.0009959181424457064,5.0,0.0,0.0006349206349206349,0.004344670077307897,5767.900437190708,True
2024-06-11 13:30:00+00:00,-0.004975124378109319,5.0,0.0,0.0006349206349206349,-0.02551054252546723,5620.758167805092,True
2024-06-12 13:30:00+00:00,0.0,5.0,0.0,0.0006349206349206349,-0.0006349206349206349,5617.189432460455,True
2024-06-13 13:30:00+00:00,-0.010999901912702503,5.0,0.0,0.0006349206349206349,-0.05563443019843315,5304.680299068857,True
2024-06-14 13:30:00+00:00,-0.005055710405861169,5.0,0.0,0.0006349206349206349,-0.02591347266422648,5167.217611146475,True
2024-06-17 13:30:00+00:00,0.0010163598448147404,5.0,0.0,0.0006349206349206349,0.004446878589153067,5190.195600506977,True
2024-06-18 13:30:00+00:00,0.002030357069593869,5.0,0.0,0.0006349206349206349,0.00951686471304871,5239.589989871263,True
2024-06-20 13:30:00+00:00,0.008105369807497542,5.0,0.0,0.0006349206349206349,0.03989192840256708,5448.607338606015,True
2024-06-21 13:30:00+00:00,0.0030150753768845018,5.0,0.0,0.0006349206349206349,0.014440456249501875,5527.287714499871,True
2024-06-24 13:30:00+00:00,0.004008114315929845,5.0,0.0,0.0006349206349206349,0.01940565094472859,5634.548330558543,True
2024-06-25 13:30:00+00:00,0.0029939137914543057,5.0,0.0,0.0006349206349206349,0.014334648322350894,5715.31759933239,True
2024-06-26 13:30:00+00:00,0.0,5.0,0.0,0.0006349206349206349,-0.0006349206349206349,5711.688826253449,True
2024-06-27 13:30:00+00:00,-0.002984977027564284,5.0,0.0,0.0006349206349206349,-0.015559805772742054,5622.816057482604,True
2024-06-28 13:30:00+00:00,0.000998003894319588,5.0,0.0,0.0006349206349206349,0.004355098836677305,5647.303977153399,True
2024-07-01 13:30:00+00:00,-0.0019940177511587054,5.0,0.0,0.0006349206349206349,-0.010605009390714161,5587.414265443469,True
2024-07-02 13:30:00+00:00,0.001998001802219207,5.0,0.0,0.0006349206349206349,0.0093550883761754,5639.685019690996,True
2024-07-03 13:30:00+00:00,-0.004985142171803125,5.0,0.0,0.0006349206349206349,-0.02556063149393626,5495.531109160802,True
2024-07-05 13:30:00+00:00,-0.0030060120240480437,5.0,0.0,0.0006349206349206349,-0.015664980755160852,5409.443720096409,True
2024-07-08 13:30:00+00:00,0.005025125628140836,5.0,0.0,0.0006349206349206349,0.024490707505783547,5541.92482401429,True
2024-07-09 13:30:00+00:00,0.0,5.0,0.0,0.0006349206349206349,-0.0006349206349206349,5538.406141586344,True
2024-07-10 13:30:00+00:00,0.003000098087297509,5.0,0.0,0.0006349206349206349,0.014365569801566912,5617.968501602731,True
2024-07-11 13:30:00+00:00,0.0,5.0,0.0,0.0006349206349206349,-0.0006349206349206349,5614.401537474728,True
2024-07-12 13:30:00+00:00,-0.01196420430085865,5.0,0.0,0.0006349206349206349,-0.06045594213921388,5274.977602978842,True
2024-07-15 13:30:00+00:00,-0.004036326942482349,5.0,0.0,0.0006349206349206349,-0.02081655534733238,5165.170739750494,True
2024-07-16 13:30:00+00:00,0.0010132706051650953,5.0,0.0,0.0006349206349206349,0.004431432390904841,5188.059844671179,True
2024-07-17 13:30:00+00:00,-0.001012244927135142,5.0,0.0,0.0006349206349206349,-0.0056961452705963445,5158.507902123385,True
2024-07-18 13:30:00+00:00,-0.003039513677811523,5.0,0.0,0.0006349206349206349,-0.015832489023978248,5076.83588238291,True
2024-07-19 13:30:00+00:00,-0.007113821138211351,5.0,0.0,0.0006349206349206349,-0.03620402632597739,4893.033982444453,True
2024-07-22 13:30:00+00:00,-0.007164790174002067,5.0,0.0,0.0006349206349206349,-0.03645887150493097,4714.63948520925,True
2024-07-23 13:30:00+00:00,-0.0020618556701030855,5.0,0.0,0.0006349206349206349,-0.010944198985436061,4663.041532538526,True
2024-07-24 13:30:00+00:00,-0.0020661157024793875,5.0,0.0,0.0006349206349206349,-0.010965499147317571,4611.908954589568,True
2024-07-25 13:30:00+00:00,-0.008281573498964634,5.0,0.0,0.0006349206349206349,-0.042042788129743804,4418.011443538091,True
2024-07-26 13:30:00+00:00,0.005219206680584287,5.0,0.0,0.0006349206349206349,0.025461112768000803,4530.498931112333,True
2024-07-29 13:30:00+00:00,0.0031152647975076775,5.0,0.0,0.0006349206349206349,0.014941403352617753,4598.190943030686,True
2024-07-30 13:30:00+00:00,-0.0010351966873703988,5.0,0.0,0.0006349206349206349,-0.005810904071772629,4571.471296557041,True
2024-07-31 13:30:00+00:00,0.002072538860103501,5.0,0.0,0.0006349206349206349,0.009727773665596871,4615.94153464872,True
2024-08-01 13:30:00+00:00,-0.009307135470527195,5.0,0.0,0.0006349206349206349,-0.04717059798755661,4398.204812183741,True
2024-08-02 13:30:00+00:00,-0.028183613687580933,5.0,0.0,0.0006349206349206349,-0.1415529890728253,3775.6257744646477,True
2024-08-05 13:30:00+00:00,-0.029001071058392336,5.0,0.0,0.0006349206349206349,-0.1456402759268823,3225.7425948749674,True
2024-08-06 13:30:00+00:00,0.011061837198757196,5.0,0.0,0.0006349206349206349,0.05467426535886535,3402.1077014865564,True
2024-08-07 13:30:00+00:00,0.009846827133479286,5.0,0.0,0.0006349206349206349,0.048599215032475794,3567.447465234744,True
2024-08-08 13:30:00+00:00,0.005417118093174578,5.0,0.0,0.0006349206349206349,0.026450669830952254,3661.8088402769354,True
2024-08-09 13:30:00+00:00,0.010775862068965303,5.0,0.0,0.0006349206349206349,0.05324438970990588,3856.7796172118196,True
2024-08-12 13:30:00+00:00,-0.0010660980810234255,5.0,0.0,0.0006349206349206349,-0.0059654110400377625,3833.772341504312,True
2024-08-13 13:30:00+00:00,0.0032017075773747017,5.0,0.0,0.0006349206349206349,0.015373617251952874,3892.711290113723,True
2024-08-14 13:30:00+00:00,0.004255214800747087,5.0,0.0,0.0006349206349206349,0.0206411533688148,3973.0613408734775,True
2024-08-15 13:30:00+00:00,-0.003177862525858499,5.0,0.0,0.0006349206349206349,-0.01652423326421313,3907.409548503857,True
2024-08-16 13:30:00+00:00,0.003187993531033495,5.0,0.0,0.0006349206349206349,0.015305047020246841,3967.21263537107,True
2024-08-19 13:30:00+00:00,-0.0010592182379217663,5.0,0.0,0.0006349206349206349,-0.005931011824529466,3943.6830503202614,True
2024-08-20 13:30:00+00:00,0.0,5.0,0.0,0.0006349206349206349,-0.0006349206349206349,3941.1791245740264,True
2024-08-21 13:30:00+00:00,-0.0042417815482502785,5.0,0.0,0.0006349206349206349,-0.021843828376172027,3855.0886841770794,True
2024-08-22 13:30:00+00:00,0.0010649627263046302,5.0,0.0,0.0006349206349206349,0.004689892996602516,3873.168637598283,True
2024-08-23 13:30:00+00:00,0.0031914893617022155,5.0,0.0,0.0006349206349206349,0.015322526173590444,3932.515365422613,True
2024-08-26 13:30:00+00:00,-0.0031813361611876534,5.0,0.0,0.0006349206349206349,-0.0165416014408589,3867.4652635877383,True
2024-08-27 13:30:00+00:00,-0.005319148936170026,5.0,0.0,0.0006349206349206349,-0.027230665315770765,3762.151611374611,True
2024-08-28 13:30:00+00:00,0.0010695187165772335,5.0,0.0,0.0006349206349206349,0.004712672947965533,3779.881401499682,True
2024-08-29 13:30:00+00:00,-0.002136752136752351,5.0,0.0,0.0006349206349206349,-0.01131868131868239,3737.098128493692,True
2024-08-30 13:30:00+00:00,-0.0021413276231261325,5.0,0.0,0.0006349206349206349,-0.011341558750551296,3694.713610512805,True
2024-09-03 13:30:00+00:00,0.0,5.0,0.0,0.0006349206349206349,-0.0006349206349206349,3692.3677606013684,True
2024-09-04 13:30:00+00:00,0.002145922746780826,5.0,0.0,0.0006349206349206349,0.010094693098983497,3729.6410799532205,True
2024-09-05 13:30:00+00:00,-0.0032118864161693184,5.0,0.0,0.0006349206349206349,-0.016694352715767226,3667.377136261266,True
2024-09-06 13:30:00+00:00,0.0,5.0,0.0,0.0006349206349206349,-0.0006349206349206349,3665.0486428414174,True
2024-09-09 13:30:00+00:00,-0.0010742190998178636,5.0,0.0,0.0006349206349206349,-0.006006016134009953,3643.0363015605803,True
2024-09-10 13:30:00+00:00,-0.004301075268817178,5.0,0.0,0.0006349206349206349,-0.022140296979006525,3562.3783959387274,True
2024-09-11 13:30:00+00:00,0.004319654427645814,5.0,0.0,0.0006349206349206349,0.020963351503308435,3637.0577864405836,True
2024-09-12 13:30:00+00:00,0.0010753742874167749,5.0,0.0,0.0006349206349206349,0.0047419508021632395,3654.30453552851,True
2024-09-13 13:30:00+00:00,0.0096669183292164,5.0,0.0,0.0006349206349206349,0.04769967101116137,3828.613659647815,True
2024-09-16 13:30:00+00:00,0.002127763922657122,5.0,0.0,0.0006349206349206349,0.010003898978364976,3866.91472392612,True
2024-09-17 13:30:00+00:00,-0.00424638818554246,5.0,0.0,0.0006349206349206349,-0.021866861562632935,3782.3574349835208,True
2024-09-18 13:30:00+00:00,-0.005330490405117239,5.0,0.0,0.0006349206349206349,-0.027287372660506827,3679.1468381198865,True
2024-09-19 13:30:00+00:00,0.0,5.0,0.0,0.0006349206349206349,-0.0006349206349206349,3676.810871873461,True
2024-09-20 13:30:00+00:00,-0.004287245444801746,5.0,0.0,0.0006349206349206349,-0.022071147858929364,3595.6594354710223,True
2024-09-23 13:30:00+00:00,-0.0021527469458582082,5.0,0.0,0.0006349206349206349,-0.011398655364211675,3554.673752759012,True
2024-09-24 13:30:00+00:00,0.00215739126331127,5.0,0.0,0.0006349206349206349,0.010152035681635717,3590.7609275335963,True
2024-09-25 13:30:00+00:00,-0.007534878269862544,5.0,0.0,0.0006349206349206349,-0.03830931198423335,3453.201346899916,True
2024-09-26 13:30:00+00:00,0.006507485113232958,5.0,0.0,0.0006349206349206349,0.031902504931244156,3563.36711989797,True
2024-09-27 13:30:00+00:00,0.008620689655172153,5.0,0.0,0.0006349206349206349,0.04246852764094013,3714.6980749241743,True
2024-09-30 13:30:00+00:00,-0.008547008547008406,5.0,0.0,0.0006349206349206349,-0.04336996336996266,3553.5917554842417,True
2024-10-01 13:30:00+00:00,-0.0010774805093777262,5.0,0.0,0.0006349206349206349,-0.006022323181809266,3532.1908774765025,True
2024-10-02 13:30:00+00:00,-0.006472597036049743,5.0,0.0,0.0006349206349206349,-0.03299790581516935,3415.6359755803323,True
2024-10-03 13:30:00+00:00,-0.0010857763300760048,5.0,0.0,0.0006349206349206349,-0.006063802285300659,3394.924234345853,True
2024-10-04 13:30:00+00:00,0.002174019660106108,5.0,0.0,0.0006349206349206349,0.010235177665609906,3429.6718870456675,True
2024-10-07 13:30:00+00:00,0.003253689363944323,5.0,0.0,0.0006349206349206349,0.015633526184800982,3483.2897522970725,True
2024-10-08 13:30:00+00:00,0.0,5.0,0.0,0.0006349206349206349,-0.0006349206349206349,3481.0781397559317,True
2024-10-09 13:30:00+00:00,-0.00216216216216214,5.0,0.0,0.0006349206349206349,-0.011445731445731334,3441.234654226679,True
2024-10-10 13:30:00+00:00,-0.0010833173485398362,5.0,0.0,0.0006349206349206349,-0.006051507377619816,3420.409997328505,True
2024-10-11 13:30:00+00:00,0.0021690907808482596,5.0,0.0,0.0006349206349206349,0.010210533269320664,3455.334207400945,True
2024-10-14 13:30:00+00:00,0.005411255411255311,5.0,0.0,0.0006349206349206349,0.026421356421355922,3546.628824049589,True
2024-10-15 13:30:00+00:00,0.00215295811334526,5.0,0.0,0.0006349206349206349,0.010129869931805667,3582.555712733604,True
2024-10-16 13:30:00+00:00,0.0010740083859890337,5.0,0.0,0.0006349206349206349,0.004735121295024534,3599.5195485795816,True
2024-10-17 13:30:00+00:00,0.0032188841201719054,5.0,0.0,0.0006349206349206349,0.015459499965938893,3655.1663209182443,True
2024-10-18 13:30:00+00:00,-0.0010695187165778997,5.0,0.0,0.0006349206349206349,-0.005982514217810133,3633.29923643489,True
2024-10-21 13:30:00+00:00,-0.0021413276231261325,5.0,0.0,0.0006349206349206349,-0.011341558750551296,3592.091959686531,True
2024-10-22 13:30:00+00:00,-0.0032188841201716833,5.0,0.0,0.0006349206349206349,-0.01672934123577905,3531.9986275426363,True
2024-10-23 13:30:00+00:00,-0.001076426264800645,5.0,0.0,0.0006349206349206349,-0.00601705195892386,3510.7464082818647,True
2024-10-24 13:30:00+00:00,-0.0021551724137932604,5.0,0.0,0.0006349206349206349,-0.011410782703886936,3470.6860438885083,True
2024-10-25 13:30:00+00:00,-0.001079913606911398,5.0,0.0,0.0006349206349206349,-0.0060344886694776246,3449.742228281349,True
2024-10-28 13:30:00+00:00,0.00432432432432428,5.0,0.0,0.0006349206349206349,0.020986700986700767,3522.1409369074845,True
2024-10-29 13:30:00+00:00,-0.0043057050592034685,5.0,0.0,0.0006349206349206349,-0.022163445930937976,3444.078156691192,True
2024-10-30 13:30:00+00:00,-0.0032431372029214645,5.0,0.0,0.0006349206349206349,-0.016850606649527956,3386.0433504025573,True
2024-10-31 13:30:00+00:00,-0.00976138724786535,5.0,0.0,0.0006349206349206349,-0.04944185687424738,3218.631079701957,True
2024-11-01 13:30:00+00:00,0.0,5.0,0.0,0.0006349206349206349,-0.0006349206349206349,3216.5875044132567,True
2024-11-04 14:30:00+00:00,0.0010951827001959291,5.0,0.0,0.0006349206349206349,0.004840992866059011,3232.1589815751763,True
2024-11-05 14:30:00+00:00,-0.0010939845872016685,5.0,0.0,0.0006349206349206349,-0.006104843570928977,3212.4271565962863,True
2024-11-06 14:30:00+00:00,0.01314337417689404,5.0,0.0,0.0006349206349206349,0.06508195024954956,3421.4981809821884,True
2024-11-07 14:30:00+00:00,-0.0032431372029214645,5.0,0.0,0.0006349206349206349,-0.016850606649527956,3363.8438609823816,True
2024-11-08 14:30:00+00:00,-0.0043383943323845875,5.0,0.0,0.0006349206349206349,-0.02232689229684357,3288.7396813948294,True
2024-11-11 14:30:00+00:00,0.0,5.0,0.0,0.0006349206349206349,-0.0006349206349206349,3286.6515927082296,True
2024-11-12 14:30:00+00:00,-0.003268080355926517,5.0,0.0,0.0006349206349206349,-0.01697532241455322,3230.8596222577025,True
2024-11-13 14:30:00+00:00,0.002185792349726823,5.0,0.0,0.0006349206349206349,0.01029404111371348,3264.1182240418602,True
2024-11-14 14:30:00+00:00,0.0065430752453652374,5.0,0.0,0.0006349206349206349,0.03208045559190555,3368.8326237749648,True
2024-11-15 14:30:00+00:00,0.0010834236186347823,5.0,0.0,0.0006349206349206349,0.004782197458253277,3384.9430465856626,True
2024-11-18 14:30:00+00:00,-0.0021643960094180903,5.0,0.0,0.0006349206349206349,-0.011456900682011086,3346.1620902866666,True
2024-11-19 14:30:00+00:00,-0.0010847049684402643,5.0,0.0,0.0006349206349206349,-0.0060584454771219565,3325.889549705052,True
2024-11-20 14:30:00+00:00,0.001085882830942131,5.0,0.0,0.0006349206349206349,0.0047944935197900196,3341.835505598651,True
2024-11-21 14:30:00+00:00,0.004338287947040609,5.0,0.0,0.0006349206349206349,0.02105651910028241,3412.202928752291,True
2024-11-22 14:30:00+00:00,0.011879049676025932,5.0,0.0,0.0006349206349206349,0.05876032774520903,3612.7050911789383,True
2024-11-25 14:30:00+00:00,-0.008537886872998945,5.0,0.0,0.0006349206349206349,-0.04332435499991536,3456.1869732987007,True
2024-11-26 14:30:00+00:00,-0.0021527469458582082,5.0,0.0,0.0006349206349206349,-0.011398655364211675,3416.7910891157903,True
2024-11-27 14:30:00+00:00,-0.00431509996120949,5.0,0.0,0.0006349206349206349,-0.022210420440968083,3340.902722467575,True
2024-11-29 14:30:00+00:00,0.0043338007446345195,5.0,0.0,0.0006349206349206349,0.021034083088251963,3411.175547921726,True
2024-12-02 14:30:00+00:00,0.006472385412991999,5.0,0.0,0.0006349206349206349,0.03172700643003936,3519.401936464632,True
2024-12-03 14:30:00+00:00,0.00857449088960327,5.0,0.0,0.0006349206349206349,0.042237533813095716,3668.0527947579317,True
2024-12-04 14:30:00+00:00,-0.006376195536662688,5.0,0.0,0.0006349206349206349,-0.03251589831823407,3548.7827630576685,True
2024-12-05 14:30:00+00:00,-0.004277969960109651,5.0,0.0,0.0006349206349206349,-0.02202477043546889,3470.621637375974,True
2024-12-06 14:30:00+00:00,0.0,5.0,0.0,0.0006349206349206349,-0.0006349206349206349,3468.4180680824015,True
2024-12-09 14:30:00+00:00,0.0021481221288923713,5.0,0.0,0.0006349206349206349,0.010105690009541222,3503.468825901935,True
2024-12-10 14:30:00+00:00,0.007502679528403,5.0,0.0,0.0006349206349206349,0.03687847700709437,3632.671420443032,True
2024-12-11 14:30:00+00:00,0.005319148936170137,5.0,0.0,0.0006349206349206349,0.025960824045930052,3726.978564005832,True
2024-12-12 14:30:00+00:00,0.0021165059124843566,5.0,0.0,0.0006349206349206349,0.009947608927501149,3764.0530892417423,True
2024-12-13 14:30:00+00:00,-0.0042239679756918,5.0,0.0,0.0006349206349206349,-0.021754760513379635,3682.1670157256412,True
2024-12-16 14:30:00+00:00,-0.0031813361611876534,5.0,0.0,0.0006349206349206349,-0.0165416014408589,3621.258076512831,True
2024-12-17 14:30:00+00:00,-0.00010810472384237269,5.0,0.0,0.0006349206349206349,-0.0011754442541324983,3617.001489514063,True
2024-12-18 14:30:00+00:00,0.0021622238752760925,5.0,0.0,0.0006349206349206349,0.010176198741459828,3653.8088155195146,True
2024-12-19 14:30:00+00:00,-0.005393740674121794,5.0,0.0,0.0006349206349206349,-0.027603624005529605,3552.9504507878246,True
2024-12-20 14:30:00+00:00,0.0,5.0,0.0,0.0006349206349206349,-0.0006349206349206349,3550.694609231769,True
2024-12-23 14:30:00+00:00,-0.0021692591716611087,5.0,0.0,0.0006349206349206349,-0.011481216493226178,3509.9283157218474,True
2024-12-24 14:30:00+00:00,0.0021739750870577446,5.0,0.0,0.0006349206349206349,0.010234954800368089,3545.8522733857926,True
2024-12-26 14:30:00+00:00,0.0,5.0,0.0,0.0006349206349206349,-0.0006349206349206349,3543.60093860904,True
2024-12-27 14:30:00+00:00,0.003253731708948937,5.0,0.0,0.0006349206349206349,0.01563373790982405,3599.000666940261,True
2024-12-30 14:30:00+00:00,0.005405507508454921,5.0,0.0,0.0006349206349206349,0.02639261690735397,3693.987712792127,True
2024-12-31 14:30:00+00:00,0.012903177590426473,5.0,0.0,0.0006349206349206349,0.06388096731721173,3929.963221143182,True
2025-01-02 14:30:00+00:00,-0.00318475286500175,5.0,0.0,0.0006349206349206349,-0.016558684959929383,3864.888198260163,True
2025-01-03 14:30:00+00:00,-0.003194825117327049,5.0,0.0,0.0006349206349206349,-0.01660904622155588,3800.696091534114,True
2025-01-06 14:30:00+00:00,-0.005341877697443986,5.0,0.0,0.0006349206349206349,-0.027344309122140566,3696.768682727894,True
2025-01-07 14:30:00+00:00,0.009666936943849125,5.0,0.0,0.0006349206349206349,0.04769976408432499,3873.103676768336,True
2025-01-08 14:30:00+00:00,-0.008510573185404269,5.0,0.0,0.0006349206349206349,-0.04318778656194198,3705.8329018437917,True
2025-01-10 14:30:00+00:00,0.0053647007352524145,5.0,0.0,0.0006349206349206349,0.02618858304134144,3802.8834145310634,True
2025-01-13 14:30:00+00:00,0.005336280339489408,5.0,0.0,0.0006349206349206349,0.026046481062526404,3901.935145370643,True
2025-01-14 14:30:00+00:00,-0.0063694032538832435,5.0,0.0,0.0006349206349206349,-0.03248193690433685,3775.192734173899,True
2025-01-15 14:30:00+00:00,0.004273419651542154,5.0,0.0,0.0006349206349206349,0.020732177622790136,3853.4607004990603,True
2025-01-16 14:30:00+00:00,0.004255337939782944,5.0,0.0,0.0006349206349206349,0.020641769063994085,3933.0029463759392,True
2025-01-17 14:30:00+00:00,0.005296607894661465,5.0,0.0,0.0006349206349206349,0.02584811883838669,4034.6636739255896,True
2025-01-21 14:30:00+00:00,-0.011591123281372795,5.0,0.0,0.0006349206349206349,-0.05859053704178461,3798.2705624873097,True
2025-01-22 14:30:00+00:00,0.0010660770156512012,5.0,0.0,0.0006349206349206349,0.004695464443335371,3816.105206859637,True
2025-01-23 14:30:00+00:00,0.0,5.0,0.0,0.0006349206349206349,-0.0006349206349206349,3813.682282918773,True
2025-01-24 14:30:00+00:00,-0.001064941705775646,5.0,0.0,0.0006349206349206349,-0.005959629163798865,3790.9541507640274,True
2025-01-27 14:30:00+00:00,0.0031982310469536035,5.0,0.0,0.0006349206349206349,0.015356234599847383,3849.1689320604255,True
2025-01-28 14:30:00+00:00,-0.004250815884388914,5.0,0.0,0.0006349206349206349,-0.021889000056865206,3764.914473087671,True
2025-01-29 14:30:00+00:00,0.003201747599101301,5.0,0.0,0.0006349206349206349,0.015373817360585872,3822.795580575147,True
2025-01-30 14:30:00+00:00,0.005319146751188164,5.0,0.0,0.0006349206349206349,0.025960813121020186,3922.038462242321,True
2025-01-31 14:30:00+00:00,0.0031746427377723485,5.0,0.0,0.0006349206349206349,0.015238293053941109,3981.8036336987984,True
2025-02-03 14:30:00+00:00,-0.0010548314825499228,5.0,0.0,0.0006349206349206349,-0.005909078047670249,3958.2748452567753,True
2025-02-04 14:30:00+00:00,-0.0042238832427621276,5.0,0.0,0.0006349206349206349,-0.021754336848731272,3872.1652009331997,True
2025-02-05 14:30:00+00:00,0.0,5.0,0.0,0.0006349206349206349,-0.0006349206349206349,3869.7066833453055,True
2025-02-06 14:30:00+00:00,0.0063626489830301836,5.0,0.0,0.0006349206349206349,0.031178324280230284,3990.3576531880203,True
2025-02-07 14:30:00+00:00,0.008429963324767087,5.0,0.0,0.0006349206349206349,0.0415148959889148,4156.016936118692,True
2025-02-10 14:30:00+00:00,0.008359392234570162,5.0,0.0,0.0006349206349206349,0.04116204053793018,4327.087073719534,True
2025-02-11 14:30:00+00:00,0.0031089470933809427,5.0,0.0,0.0006349206349206349,0.01490981483198408,4391.603140750564,True
2025-02-12 14:30:00+00:00,-0.008264498248902519,5.0,0.0,0.0006349206349206349,-0.04195741187943323,4207.342838963081,True
2025-02-13 14:30:00+00:00,0.0010415454773164967,5.0,0.0,0.0006349206349206349,0.004572806751661849,4226.582204703648,True
2025-02-14 14:30:00+00:00,0.004162349406515942,5.0,0.0,0.0006349206349206349,0.020176826397659074,4311.861220103389,True
2025-02-18 14:30:00+00:00,0.010362790187735227,5.0,0.0,0.0006349206349206349,0.0511790303037555,4532.538096152649,True
2025-02-19 14:30:00+00:00,0.004102482865480761,5.0,0.0,0.0006349206349206349,0.01987749369248317,4622.6335935698635,True
2025-02-20 14:30:00+00:00,-0.00102143031600066,5.0,0.0,0.0006349206349206349,-0.0057420722149239345,4596.090097652452,True
2025-02-21 14:30:00+00:00,0.0,5.0,0.0,0.0006349206349206349,-0.0006349206349206349,4593.171945209498,True
2025-02-24 14:30:00+00:00,0.002044949405318519,5.0,0.0,0.0006349206349206349,0.009589826391671961,4637.219666751155,True
2025-02-25 14:30:00+00:00,0.002040776121402521,5.0,0.0,0.0006349206349206349,0.009568959972091971,4681.593036124095,True
2025-02-26 14:30:00+00:00,0.0030551263583116217,5.0,0.0,0.0006349206349206349,0.014640711156637475,4750.134887518914,True
2025-02-27 14:30:00+00:00,0.005076041642063878,5.0,0.0,0.0006349206349206349,0.024745287575398754,4867.678341332505,True
2025-02-28 14:30:00+00:00,-0.006060584195267893,5.0,0.0,0.0006349206349206349,-0.0309378416112601,4717.082879793798,True
2025-03-03 14:30:00+00:00,0.006097538842808614,5.0,0.0,0.0006349206349206349,0.029852773579122437,4857.900886958238,True
2025-03-04 14:30:00+00:00,-0.0020201622292262966,5.0,0.0,0.0006349206349206349,-0.010735731781052117,4805.747766016919,True
2025-03-05 14:30:00+00:00,-0.0010121257728709088,5.0,0.0,0.0006349206349206349,-0.005695549499275179,4778.376391734539,True
2025-03-06 14:30:00+00:00,0.00405270264124491,5.0,0.0,0.0006349206349206349,0.019628592571303914,4872.169195080233,True
2025-03-07 14:30:00+00:00,0.0,5.0,0.0,0.0006349206349206349,-0.0006349206349206349,4869.075754321452,True
2025-03-10 13:30:00+00:00,0.008072689074156925,5.0,0.0,0.0006349206349206349,0.03972852473586399,5062.516950867808,True
2025-03-11 13:30:00+00:00,0.00200196234440031,5.0,0.0,0.0006349206349206349,0.009374891087080915,5109.977495908695,True
2025-03-12 13:30:00+00:00,-0.0019979624987124245,5.0,0.0,0.0006349206349206349,-0.010624733128482756,5055.685348722113,True
2025-03-13 13:30:00+00:00,0.005004905861001108,5.0,0.0,0.0006349206349206349,0.024389608670084904,5178.991535936528,True
2025-03-14 13:30:00+00:00,0.0,5.0,0.0,0.0006349206349206349,-0.0006349206349206349,5175.703287342282,True
2025-03-17 13:30:00+00:00,-0.003984081365754233,5.0,0.0,0.0006349206349206349,-0.0205553274636918,5069.315011416055,True
2025-03-18 13:30:00+00:00,0.003000037454615301,5.0,0.0,0.0006349206349206349,0.01436526663815587,5142.137073227854,True
2025-03-19 13:30:00+00:00,0.0019940748480165027,5.0,0.0,0.0006349206349206349,0.00933545360516188,5190.141255306356,True
2025-03-20 13:30:00+00:00,0.0019900103746028908,5.0,0.0,0.0006349206349206349,0.00931513123809382,5238.488102243779,True
2025-03-21 13:30:00+00:00,0.0,5.0,0.0,0.0006349206349206349,-0.0006349206349206349,5235.162078051878,True
2025-03-24 13:30:00+00:00,-0.004965241107434015,5.0,0.0,0.0006349206349206349,-0.02546112617209071,5101.868955851254,True
2025-03-25 13:30:00+00:00,0.0049900177486865704,5.0,0.0,0.0006349206349206349,0.024315168108512218,5225.921757180377,True
2025-03-26 13:30:00+00:00,0.0,5.0,0.0,0.0006349206349206349,-0.0006349206349206349,5222.603711620262,True
2025-03-27 13:30:00+00:00,-0.0019860580983825926,5.0,0.0,0.0006349206349206349,-0.010565211126833597,5167.42580077521,True
2025-03-28 13:30:00+00:00,0.0059701271760517205,5.0,0.0,0.0006349206349206349,0.02921571524533797,5318.395841522071,True
2025-03-31 13:30:00+00:00,-0.004945596150768727,5.0,0.0,0.0006349206349206349,-0.02536290138876427,5183.505892247133,True
2025-04-01 13:30:00+00:00,0.003976160501124593,5.0,0.0,0.0006349206349206349,0.01924588187070233,5283.26703432541,True
2025-04-02 13:30:00+00:00,-0.001980254419539973,5.0,0.0,0.0006349206349206349,-0.010536192732620499,5227.601514593858,True
2025-04-03 13:30:00+00:00,0.0029762275286586704,5.0,0.0,0.0006349206349206349,0.014246217008372718,5302.07506020406,True
2025-04-04 13:30:00+00:00,-0.0197823846030748,5.0,0.0,0.0006349206349206349,-0.09954684365029463,4774.2702231638,True
2025-04-07 13:30:00+00:00,-0.03531774682416822,5.0,0.0,0.0006349206349206349,-0.1772236547557617,3928.1566054231052,True
2025-04-08 13:30:00+00:00,-0.009414341598406484,5.0,0.0,0.0006349206349206349,-0.04770662862695305,3740.7574970596725,True
2025-04-09 13:30:00+00:00,-0.009503711812449245,5.0,0.0,0.0006349206349206349,-0.04815347969716686,3560.6270068729846,True
2025-04-10 13:30:00+00:00,-0.010660975982753396,5.0,0.0,0.0006349206349206349,-0.05393980054868761,3368.5674962939847,True
2025-04-11 13:30:00+00:00,-0.005388032590539327,5.0,0.0,0.0006349206349206349,-0.027575083587617268,3275.6789660131476,True
2025-04-14 13:30:00+00:00,0.009750934603142136,5.0,0.0,0.0006349206349206349,0.04811975238079005,3433.303826736663,True
2025-04-15 13:30:00+00:00,0.008583624752052543,5.0,0.0,0.0006349206349206349,0.04228320312534208,3578.4749098335838,True
2025-04-16 13:30:00+00:00,0.0010638088114054423,5.0,0.0,0.0006349206349206349,0.004684123422106576,3595.2369279741565,True
2025-04-17 13:30:00+00:00,0.012752447653167742,5.0,0.0,0.0006349206349206349,0.06312731763091807,3822.194591484788,True
2025-04-21 13:30:00+00:00,0.0020986957273070317,5.0,0.0,0.0006349206349206349,0.009858558001614524,3859.875918558398,True
2025-04-22 13:30:00+00:00,0.002094199346793335,5.0,0.0,0.0006349206349206349,0.009836076099046041,3897.841951826214,True
2025-04-23 13:30:00+00:00,-0.006269569393405616,5.0,0.0,0.0006349206349206349,-0.031982767601948715,3773.1781785318303,True
2025-04-24 13:30:00+00:00,0.002103007794467038,5.0,0.0,0.0006349206349206349,0.009880118337414555,3810.4576254438753,True
2025-04-25 13:30:00+00:00,0.001049398510299726,5.0,0.0,0.0006349206349206349,0.0046120719165779955,3828.031730047496,True
2025-04-28 13:30:00+00:00,0.006289284629415359,5.0,0.0,0.0006349206349206349,0.030811502512156162,3945.9791393144683,True
2025-04-29 13:30:00+00:00,-0.0031250386507089,5.0,0.0,0.0006349206349206349,-0.016260113888465134,3881.8170691077075,True
2025-04-30 13:30:00+00:00,-0.002089822841164435,5.0,0.0,0.0006349206349206349,-0.011084034840742808,3838.7908734683274,True
2025-05-01 13:30:00+00:00,-0.007329899876084567,5.0,0.0,0.0006349206349206349,-0.03728442001534347,3695.663782190867,True
2025-05-02 13:30:00+00:00,0.003164596275189391,5.0,0.0,0.0006349206349206349,0.01518806074102632,3751.7937481931936,True
2025-05-05 13:30:00+00:00,0.01051514047864699,5.0,0.0,0.0006349206349206349,0.05194078175831431,3946.664848470304,True
2025-05-06 13:30:00+00:00,0.005203012095694737,5.0,0.0,0.0006349206349206349,0.02538013984355305,4046.831754240116,True
2025-05-07 13:30:00+00:00,0.0,5.0,0.0,0.0006349206349206349,-0.0006349206349206349,4044.262337253297,True
2025-05-08 13:30:00+00:00,-0.010351861978104893,5.0,0.0,0.0006349206349206349,-0.0523942305254451,3832.366324049872,True
2025-05-09 13:30:00+00:00,0.00418401718763084,5.0,0.0,0.0006349206349206349,0.020285165303233564,3910.10650843577,True
2025-05-12 13:30:00+00:00,-0.00833326881074048,5.0,0.0,0.0006349206349206349,-0.04230126468862303,3744.704058061721,True
2025-05-13 13:30:00+00:00,0.005251996458311758,5.0,0.0,0.0006349206349206349,0.025625061656638158,3840.662330435416,True
2025-05-14 13:30:00+00:00,0.0,5.0,0.0,0.0006349206349206349,-0.0006349206349206349,3838.2238146700597,True
2025-05-15 13:30:00+00:00,0.001044911420582162,5.0,0.0,0.0006349206349206349,0.004589636467990175,3855.8398666621783,True
2025-05-16 13:30:00+00:00,0.00313146216117155,5.0,0.0,0.0006349206349206349,0.015022390170937115,3913.763797575832,True
2025-05-19 13:30:00+00:00,0.0020812249282913253,5.0,0.0,0.0006349206349206349,0.009771204006535993,3952.0059820753413,True
2025-05-20 13:30:00+00:00,0.0,5.0,0.0,0.0006349206349206349,-0.0006349206349206349,3949.4967719279916,True
2025-05-21 13:30:00+00:00,-0.003115203278617029,5.0,0.0,0.0006349206349206349,-0.01621093702800578,3885.4717284659546,True
2025-05-22 13:30:00+00:00,0.0010415454773164967,5.0,0.0,0.0006349206349206349,0.004572806751661849,3903.239239819275,True
2025-05-23 13:30:00+00:00,0.005203012095694737,5.0,0.0,0.0006349206349206349,0.02538013984355305,4002.3039975687325,True
2025-05-27 13:30:00+00:00,-0.004140804749319105,5.0,0.0,0.0006349206349206349,-0.021338944381516158,3916.8990551666934,True
2025-05-28 13:30:00+00:00,-0.002078960981099609,5.0,0.0,0.0006349206349206349,-0.01102972554041868,3873.6967336186794,True
2025-05-29 13:30:00+00:00,0.0052082301600318015,5.0,0.0,0.0006349206349206349,0.025406230165238373,3972.112764423328,True
2025-05-30 13:30:00+00:00,-0.002072498017332003,5.0,0.0,0.0006349206349206349,-0.010997410721580649,3928.4298089205313,True
2025-06-02 13:30:00+00:00,0.006230506798675206,5.0,0.0,0.0006349206349206349,0.030517613358455396,4048.316110934999,True
2025-06-03 13:30:00+00:00,0.0020640423969988664,5.0,0.0,0.0006349206349206349,0.009685291350073698,4087.525231946602,True
2025-06-04 13:30:00+00:00,0.0020596914856938486,5.0,0.0,0.0006349206349206349,0.009663536793548609,4127.025182420077,True
2025-06-05 13:30:00+00:00,-0.002055457876606215,5.0,0.0,0.0006349206349206349,-0.010912210017951708,4081.990216880133,True
2025-06-06 13:30:00+00:00,-0.003089537228540884,5.0,0.0,0.0006349206349206349,-0.016082606777625054,4016.3411733519374,True
2025-06-09 13:30:00+00:00,0.004132249124451315,5.0,0.0,0.0006349206349206349,0.02002632498733594,4096.773726949501,True
2025-06-10 13:30:00+00:00,0.0,5.0,0.0,0.0006349206349206349,-0.0006349206349206349,4094.17260077366,True
2025-06-11 13:30:00+00:00,0.003086358448599613,5.0,0.0,0.0006349206349206349,0.014796871608077432,4154.753547088617,True
2025-06-12 13:30:00+00:00,0.0,5.0,0.0,0.0006349206349206349,-0.0006349206349206349,4152.1156083285605,True
2025-06-13 13:30:00+00:00,-0.0010256207163701347,5.0,0.0,0.0006349206349206349,-0.005763024216771309,4128.186865526929,True
2025-06-16 13:30:00+00:00,0.005133368470899402,5.0,0.0,0.0006349206349206349,0.025031921719576376,4231.523315988583,True
2025-06-17 13:30:00+00:00,0.001021430316000549,5.0,0.0,0.0006349206349206349,0.00447223094508211,4250.447665507184,True
2025-06-18 13:30:00+00:00,0.0,5.0,0.0,0.0006349206349206349,-0.0006349206349206349,4247.748968576703,True
2025-06-20 13:30:00+00:00,-0.008163104485609751,5.0,0.0,0.0006349206349206349,-0.04145044306296939,4071.677891808927,True
2025-06-23 13:30:00+00:00,-0.0010288854628017763,5.0,0.0,0.0006349206349206349,-0.005779347948929516,4048.146248536199,True
2025-06-24 13:30:00+00:00,0.0030896366440966716,5.0,0.0,0.0006349206349206349,0.014813262585562724,4108.112501900527,True
2025-06-25 13:30:00+00:00,0.0010266736941799692,5.0,0.0,0.0006349206349206349,0.004498447835979211,4126.592631694661,True
2025-06-26 13:30:00+00:00,0.004102482865480761,5.0,0.0,0.0006349206349206349,0.01987749369248317,4208.618950702619,True
2025-06-27 13:30:00+00:00,-0.003064192344824135,5.0,0.0,0.0006349206349206349,-0.015955882359041308,4141.466721831176,True
2025-06-30 13:30:00+00:00,0.0,5.0,0.0,0.0006349206349206349,-0.0006349206349206349,4138.837219150649,True
2025-07-01 13:30:00+00:00,0.002049040683600456,5.0,0.0,0.0006349206349206349,0.009610282783081646,4178.61261521983,True
2025-07-02 13:30:00+00:00,-0.0020448507013215433,5.0,0.0,0.0006349206349206349,-0.01085917414152835,4133.2363331611705,True
2025-07-03 13:30:00+00:00,0.0061473198632922,5.0,0.0,0.0006349206349206349,0.030101678681540366,4257.653685176857,True
2025-07-07 13:30:00+00:00,-0.008146479345088942,5.0,0.0,0.0006349206349206349,-0.04136731736036534,4081.5259739716166,True
2025-07-08 13:30:00+00:00,0.0071868149686034055,5.0,0.0,0.0006349206349206349,0.035299154208096394,4225.600388731192,True
2025-07-09 13:30:00+00:00,0.0010192494277914133,5.0,0.0,0.0006349206349206349,0.004461326504036431,4244.452171740905,True
2025-07-10 13:30:00+00:00,-0.003054929754408464,5.0,0.0,0.0006349206349206349,-0.015909569406962955,4176.924765320058,True
2025-07-11 13:30:00+00:00,0.0,5.0,0.0,0.0006349206349206349,-0.0006349206349206349,4174.272749596046,True
2025-07-14 13:30:00+00:00,0.0020429592351787207,5.0,0.0,0.0006349206349206349,0.00957987554097297,4214.261763011251,True
2025-07-15 13:30:00+00:00,-0.0010194462320836095,5.0,0.0,0.0006349206349206349,-0.0057321517953386825,4190.104974880379,True
2025-07-16 13:30:00+00:00,-0.002040776121402632,5.0,0.0,0.0006349206349206349,-0.010838801241933795,4144.689259874812,True
2025-07-17 13:30:00+00:00,-0.0020448507013215433,5.0,0.0,0.0006349206349206349,-0.01085917414152835,4099.681357439309,True
2025-07-18 13:30:00+00:00,-0.002049238496090844,5.0,0.0,0.0006349206349206349,-0.010881113115374853,4055.0722608520186,True
2025-07-21 13:30:00+00:00,0.0030801201918835286,5.0,0.0,0.0006349206349206349,0.014765680324497009,4114.948161548495,True
2025-07-22 13:30:00+00:00,-0.001023521126092719,5.0,0.0,0.0006349206349206349,-0.00575252626538423,4091.276814168493,True
2025-07-23 13:30:00+00:00,0.00512284897461468,5.0,0.0,0.0006349206349206349,0.024979324238152766,4193.474144257645,True
2025-07-24 13:30:00+00:00,0.0020386956598748007,5.0,0.0,0.0006349206349206349,0.00955855766445337,4233.557708679927,True
2025-07-25 13:30:00+00:00,-0.00508646779202182,5.0,0.0,0.0006349206349206349,-0.026067259595029736,4123.200460877228,True
2025-07-28 13:30:00+00:00,0.004089898810637038,5.0,0.0,0.0006349206349206349,0.019814573418264557,4204.8999191275025,True
2025-07-29 13:30:00+00:00,0.0010184082200876965,5.0,0.0,0.0006349206349206349,0.0044571204655178475,4223.6416646125,True
2025-07-30 13:30:00+00:00,0.0030518217540478343,5.0,0.0,0.0006349206349206349,0.014624188135318537,4285.408994931964,True
2025-07-31 13:30:00+00:00,-0.006085170853250554,5.0,0.0,0.0006349206349206349,-0.031060774901173406,4152.300870780919,True
2025-08-01 13:30:00+00:00,-0.013265241794243932,5.0,0.0,0.0006349206349206349,-0.0669611296061403,3874.258114008868,True
2025-08-04 13:30:00+00:00,0.0051707282693798096,5.0,0.0,0.0006349206349206349,0.025218720711978414,3971.961947352174,True
2025-08-05 13:30:00+00:00,0.0,5.0,0.0,0.0006349206349206349,-0.0006349206349206349,3969.44006675068,True
2025-08-06 13:30:00+00:00,0.0,5.0,0.0,0.0006349206349206349,-0.0006349206349206349,3966.9197873432195,True
2025-08-07 13:30:00+00:00,-0.0010288854628017763,5.0,0.0,0.0006349206349206349,-0.005779347948929516,3943.993577606669,True
2025-08-08 13:30:00+00:00,-0.0010298457428469243,5.0,0.0,0.0006349206349206349,-0.0057841493491552565,3921.1809297216832,True
2025-08-11 13:30:00+00:00,0.0010309074184631228,5.0,0.0,0.0006349206349206349,0.004519616457394979,3938.903163584077,True
2025-08-12 13:30:00+00:00,-0.0010298457428469243,5.0,0.0,0.0006349206349206349,-0.0057841493491552565,3916.1199594140467,True
2025-08-13 13:30:00+00:00,0.004123729191896519,5.0,0.0,0.0006349206349206349,0.01998372532456196,3994.3786250210123,True
2025-08-14 13:30:00+00:00,0.004106694776719433,5.0,0.0,0.0006349206349206349,0.01989855324867653,4073.8609807863686,True
2025-08-15 13:30:00+00:00,-0.0030674241079772235,5.0,0.0,0.0006349206349206349,-0.01597204117480675,4008.7931054608102,True
2025-08-18 13:30:00+00:00,-0.0030768621491105153,5.0,0.0,0.0006349206349206349,-0.01601923138047321,3944.5753211479873,True
2025-08-19 13:30:00+00:00,-0.0041152439114013895,5.0,0.0,0.0006349206349206349,-0.02121114019192758,3860.9063810135,True
2025-08-20 13:30:00+00:00,0.0020660747003977686,5.0,0.0,0.0006349206349206349,0.00969545286706821,3898.3396168547797,True
2025-08-21 13:30:00+00:00,-0.0020618148369262457,5.0,0.0,0.0006349206349206349,-0.010943994819551862,3855.676208283067,True
2025-08-22 13:30:00+00:00,0.009297535599101403,5.0,0.0,0.0006349206349206349,0.04585275736058638,4032.4695939224566,True
2025-08-25 13:30:00+00:00,0.005117506825450535,5.0,0.0,0.0006349206349206349,0.02495261349233204,4133.0902491191855,True
2025-08-26 13:30:00+00:00,-0.008146479345088942,5.0,0.0,0.0006349206349206349,-0.04136731736036534,3962.11539310484,True
2025-08-27 13:30:00+00:00,-0.004106793886063498,5.0,0.0,0.0006349206349206349,-0.021168890065238123,3878.2418079224162,True
2025-08-28 13:30:00+00:00,0.0010309074184631228,5.0,0.0,0.0006349206349206349,0.004519616457394979,3895.7699734232597,True
2025-08-29 13:30:00+00:00,0.001029945158402823,5.0,0.0,0.0006349206349206349,0.00451480515709348,3913.3586157901213,True
2025-09-02 13:30:00+00:00,0.0,5.0,0.0,0.0006349206349206349,-0.0006349206349206349,3910.8739436531114,True
2025-09-03 13:30:00+00:00,-0.0010288854628017763,5.0,0.0,0.0006349206349206349,-0.005779347948929516,3888.2716423483375,True
2025-09-04 13:30:00+00:00,-0.004119482386943596,5.0,0.0,0.0006349206349206349,-0.021232332569638614,3805.7145657169026,True
2025-09-05 13:30:00+00:00,0.004136522719429436,5.0,0.0,0.0006349206349206349,0.020047692962226547,3882.010362832269,True
2025-09-08 13:30:00+00:00,0.0,5.0,0.0,0.0006349206349206349,-0.0006349206349206349,3879.5455943479305,True
2025-09-09 13:30:00+00:00,0.006179273288193343,5.0,0.0,0.0006349206349206349,0.030261445806046082,3996.9462531033755,True
2025-09-10 13:30:00+00:00,0.005117506825450535,5.0,0.0,0.0006349206349206349,0.02495261349233204,4096.68050810669,True
2025-09-11 13:30:00+00:00,0.0,5.0,0.0,0.0006349206349206349,-0.0006349206349206349,4094.079441117415,True
2025-09-12 13:30:00+00:00,0.004073337974495939,5.0,0.0,0.0006349206349206349,0.01973176923755906,4174.862871889779,True
2025-09-15 13:30:00+00:00,-0.00202835765003051,5.0,0.0,0.0006349206349206349,-0.010776708885073184,4129.871590084322,True
2025-09-16 13:30:00+00:00,0.0040650585959209895,5.0,0.0,0.0006349206349206349,0.019690372344684313,4211.190299428816,True
2025-09-17 13:30:00+00:00,-0.0010121257728709088,5.0,0.0,0.0006349206349206349,-0.005695549499275179,4187.2052566275515,True
2025-09-18 13:30:00+00:00,0.006079102863846719,5.0,0.0,0.0006349206349206349,0.029760593684312962,4311.818970942864,True
2025-09-19 13:30:00+00:00,-0.002014155961329034,5.0,0.0,0.0006349206349206349,-0.010705700441565803,4265.65792868169,True
2025-09-22 13:30:00+00:00,0.002018220973133422,5.0,0.0,0.0006349206349206349,0.009456184230746477,4305.994775920648,True
2025-09-23 13:30:00+00:00,0.0020140587483379324,5.0,0.0,0.0006349206349206349,0.009435373106769028,4346.623443227258,True
2025-09-24 13:30:00+00:00,0.0020101074867604485,5.0,0.0,0.0006349206349206349,0.009415616798881608,4387.549583937722,True
2025-09-25 13:30:00+00:00,-0.004012053297557938,5.0,0.0,0.0006349206349206349,-0.020695187122710325,4296.748424287961,True
2025-09-26 13:30:00+00:00,-0.004028214709667077,5.0,0.0,0.0006349206349206349,-0.02077599418325602,4207.479204018039,True
2025-09-29 13:30:00+00:00,0.0010110047052029891,5.0,0.0,0.0006349206349206349,0.004420102891094311,4226.076695011939,True
2025-09-30 13:30:00+00:00,0.0020202597368152997,5.0,0.0,0.0006349206349206349,0.009466378049155864,4266.082334671649,True
2025-10-01 13:30:00+00:00,0.0010081419136849235,5.0,0.0,0.0006349206349206349,0.004405788933503982,4284.877793011163,True
2025-10-02 13:30:00+00:00,0.0010069321611778648,5.0,0.0,0.0006349206349206349,0.004399740170968689,4303.730141964766,True
2025-10-03 13:30:00+00:00,-0.001005919268714739,5.0,0.0,0.0006349206349206349,-0.0056645169784943295,4279.3515895047485,True
2025-10-06 13:30:00+00:00,-0.007049497258156179,5.0,0.0,0.0006349206349206349,-0.03588240692570153,4125.798154391991,True
2025-10-07 13:30:00+00:00,-0.005070894125075998,5.0,0.0,0.0006349206349206349,-0.025989391260300622,4018.5711718964717,True
2025-10-08 13:30:00+00:00,0.0010192494277914133,5.0,0.0,0.0006349206349206349,0.004461326504036431,4036.4993299740104,True
2025-10-09 13:30:00+00:00,0.0030551263583116217,5.0,0.0,0.0006349206349206349,0.014640711156637475,4095.5965507481205,True
2025-10-10 13:30:00+00:00,-0.0010153063309543686,5.0,0.0,0.0006349206349206349,-0.005711452289692478,4072.204746450694,True
2025-10-13 13:30:00+00:00,-0.002032578349032921,5.0,0.0,0.0006349206349206349,-0.010797812380085238,4028.2338436252267,True
2025-10-14 13:30:00+00:00,0.0010184082200876965,5.0,0.0,0.0006349206349206349,0.0044571204655178475,4046.188167129541,True
2025-10-15 13:30:00+00:00,0.007121015628053451,5.0,0.0,0.0006349206349206349,0.03497015750534662,4187.684004630331,True
2025-10-16 13:30:00+00:00,0.008080843932083193,5.0,0.0,0.0006349206349206349,0.03976929902549533,4354.225262034759,True
2025-10-17 13:30:00+00:00,-0.007013986380597692,5.0,0.0,0.0006349206349206349,-0.035704852537909094,4198.758291136969,True
2025-10-20 13:30:00+00:00,0.0030271853459176157,5.0,0.0,0.0006349206349206349,0.014501006094667444,4259.644510706782,True
2025-10-21 13:30:00+00:00,-0.001005919268714739,5.0,0.0,0.0006349206349206349,-0.0056645169784943295,4235.515682053533,True
2025-10-22 13:30:00+00:00,0.0010069321611778648,5.0,0.0,0.0006349206349206349,0.004399740170968689,4254.150850544633,True
2025-10-23 13:30:00+00:00,-0.003018049151752078,5.0,0.0,0.0006349206349206349,-0.015725166393681024,4187.253620555998,True
2025-10-24 13:30:00+00:00,0.0030271853459176157,5.0,0.0,0.0006349206349206349,0.014501006094667444,4247.9730108276,True
2025-10-27 13:30:00+00:00,0.003018243382157282,5.0,0.0,0.0006349206349206349,0.014456296275865775,4309.382967244005,True
2025-10-28 13:30:00+00:00,-0.004012053297557938,5.0,0.0,0.0006349206349206349,-0.020695187122710325,4220.19948035347,True
2025-10-29 13:30:00+00:00,0.0020140587483379324,5.0,0.0,0.0006349206349206349,0.009435373106769028,4260.018637035598,True
2025-10-30 13:30:00+00:00,-0.0020100104691681553,5.0,0.0,0.0006349206349206349,-0.01068497298076141,4214.500453001332,True
2025-10-31 13:30:00+00:00,0.0020140587483379324,5.0,0.0,0.0006349206349206349,0.009435373106769028,4254.2658372340475,True
2025-11-03 14:30:00+00:00,0.004020117955928937,5.0,0.0,0.0006349206349206349,0.01946566914472405,4337.077968475349,True
2025-11-04 14:30:00+00:00,-0.002001962344400754,5.0,0.0,0.0006349206349206349,-0.010644732356924404,4290.910934289815,True
2025-11-05 14:30:00+00:00,-0.004012053297557938,5.0,0.0,0.0006349206349206349,-0.020695187122710325,4202.109729577804,True
2025-11-06 14:30:00+00:00,-0.004028214709667077,5.0,0.0,0.0006349206349206349,-0.02077599418325602,4114.806722278691,True
2025-11-07 14:30:00+00:00,-0.002022302228915196,5.0,0.0,0.0006349206349206349,-0.010746431779496614,4070.587232551909,True
2025-11-10 14:30:00+00:00,0.0,5.0,0.0,0.0006349206349206349,-0.0006349206349206349,4068.002732721717,True
2025-11-11 14:30:00+00:00,-0.0010132490132801486,5.0,0.0,0.0006349206349206349,-0.005701165701321378,4044.8103750690425,True
2025-11-12 14:30:00+00:00,-0.0010140809218561753,5.0,0.0,0.0006349206349206349,-0.005705325244201511,4021.7334163281525,True
2025-11-13 14:30:00+00:00,-0.0030458209903213573,5.0,0.0,0.0006349206349206349,-0.01586402558652742,3957.9325345093303,True
2025-11-14 14:30:00+00:00,-0.0010182116161843169,5.0,0.0,0.0006349206349206349,-0.005725978715842219,3935.2694970579905,True
2025-11-17 14:30:00+00:00,-0.0040773913197500455,5.0,0.0,0.0006349206349206349,-0.021021877233670862,3852.5427448094274,True
2025-11-18 14:30:00+00:00,-0.004094282114395664,5.0,0.0,0.0006349206349206349,-0.021106331206898955,3771.229701648744,True
2025-11-19 14:30:00+00:00,-0.004111014964423898,5.0,0.0,0.0006349206349206349,-0.021189995457040124,3691.317361403352,True
2025-11-20 14:30:00+00:00,0.004127985173244086,5.0,0.0,0.0006349206349206349,0.020005005231299798,3765.1621845286145,True
2025-11-21 14:30:00+00:00,-0.0010276297270918056,5.0,0.0,0.0006349206349206349,-0.005773069270379663,3743.4256424231166,True
2025-11-24 14:30:00+00:00,0.0010286868362645585,5.0,0.0,0.0006349206349206349,0.0045085135464021575,3760.3029276419306,True
2025-11-25 14:30:00+00:00,0.0030833852373319814,5.0,0.0,0.0006349206349206349,0.014782005551739273,3815.8877463945555,True
2025-11-26 14:30:00+00:00,0.0,5.0,0.0,0.0006349206349206349,-0.0006349206349206349,3813.464960523829,True
2025-11-28 14:30:00+00:00,-0.004098378085936494,5.0,0.0,0.0006349206349206349,-0.021126811064603103,3732.8986068013583,True
2025-12-01 14:30:00+00:00,0.0,5.0,0.0,0.0006349206349206349,-0.0006349206349206349,3730.5285124478332,True
2025-12-02 14:30:00+00:00,0.0020575722990663348,5.0,0.0,0.0006349206349206349,0.00965294086041104,3766.53908355657,True
2025-12-03 14:30:00+00:00,-0.0020533473883597164,5.0,0.0,0.0006349206349206349,-0.010901657576719216,3725.4775642183063,True
2025-12-04 14:30:00+00:00,0.003086358448599613,5.0,0.0,0.0006349206349206349,0.014796871608077432,3780.6029774148183,True
2025-12-05 14:30:00+00:00,-0.005128202589546271,5.0,0.0,0.0006349206349206349,-0.02627593358265199,3681.26410467789,True
2025-12-08 14:30:00+00:00,-0.0010310069365071506,5.0,0.0,0.0006349206349206349,-0.005789955317456388,3659.949750000049,True
2025-12-09 14:30:00+00:00,-0.005159856940612828,5.0,0.0,0.0006349206349206349,-0.026434205337984774,3563.2018867818415,True
2025-12-10 14:30:00+00:00,0.0020746476613799913,5.0,0.0,0.0006349206349206349,0.009738317671979323,3597.9014786847197,True
2025-12-11 14:30:00+00:00,-0.0020703524095951886,5.0,0.0,0.0006349206349206349,-0.010986682682896577,3558.372476814086,True
2025-12-12 14:30:00+00:00,0.0,5.0,0.0,0.0006349206349206349,-0.0006349206349206349,3556.113192701823,True
2025-12-15 14:30:00+00:00,0.0020746476613799913,5.0,0.0,0.0006349206349206349,0.009738317671979323,3590.74375264987,True
2025-12-16 14:30:00+00:00,-0.007246433293841115,5.0,0.0,0.0006349206349206349,-0.03686708710412621,3458.3634899523304,True
2025-12-17 14:30:00+00:00,0.001046054060017898,5.0,0.0,0.0006349206349206349,0.004595349665168855,3474.2558794579154,True
2025-12-18 14:30:00+00:00,0.0010448604199813083,5.0,0.0,0.0006349206349206349,0.0045893814649859066,3490.2005649957177,True
2025-12-19 14:30:00+00:00,0.003131510377428537,5.0,0.0,0.0006349206349206349,0.01502263125222205,3542.632561079946,True
2025-12-22 14:30:00+00:00,0.0031218347688639625,5.0,0.0,0.0006349206349206349,0.014974253209399178,3595.6808380774196,True
2025-12-23 14:30:00+00:00,-0.0020747461645294063,5.0,0.0,0.0006349206349206349,-0.011008651457567666,3556.0972409783703,True
2025-12-24 14:30:00+00:00,0.00623707902517423,5.0,0.0,0.0006349206349206349,0.030550474490950517,3664.7376990262196,True
2025-12-26 14:30:00+00:00,0.0020660733908874906,5.0,0.0,0.0006349206349206349,0.00969544631951682,3700.2689666622387,True
2025-12-29 14:30:00+00:00,0.001768459223205232,5.0,0.0,0.0006349206349206349,0.008207375481105526,3730.638463452718,True
2025-12-30 14:30:00+00:00,0.00311523703163874,5.0,0.0,0.0006349206349206349,0.014941264523273066,3786.3789195758623,True
2025-12-31 14:30:00+00:00,-0.0010352203974948182,5.0,0.0,0.0006349206349206349,-0.005811022622394726,3764.3761860172485,True
2026-01-02 14:30:00+00:00,0.0031088795680260795,5.0,0.0,0.0006349206349206349,0.014909477205209763,3820.5010669545077,True
2026-01-05 14:30:00+00:00,0.004132227333881522,5.0,0.0,0.0006349206349206349,0.020026216034486975,3897.0112466813266,True
2026-01-06 14:30:00+00:00,0.007201614496006092,5.0,0.0,0.0006349206349206349,0.03537315184510983,4034.8608172522863,True
2026-01-07 14:30:00+00:00,-0.006128745643564026,5.0,0.0,0.0006349206349206349,-0.031278648852740766,3908.65582257977,True
2026-01-08 14:30:00+00:00,0.003083318402563151,5.0,0.0,0.0006349206349206349,0.014781671377895121,3966.43228847844,True
2026-01-09 14:30:00+00:00,0.004098356651125901,5.0,0.0,0.0006349206349206349,0.01985686262070887,4045.193189525101,True
2026-01-12 14:30:00+00:00,0.0,5.0,0.0,0.0006349206349206349,-0.0006349206349206349,4042.6248128968305,True
2026-01-13 14:30:00+00:00,0.001020431498694352,5.0,0.0,0.0006349206349206349,0.004467236858551125,4060.684175466297,True
2026-01-14 14:30:00+00:00,0.0061161532493316795,5.0,0.0,0.0006349206349206349,0.029945845611737763,4182.2847968628375,True
2026-01-15 14:30:00+00:00,-0.001013194427334052,5.0,0.0,0.0006349206349206349,-0.005700892771590895,4158.4420396956675,True
2026-01-16 14:30:00+00:00,0.0010142220314444117,5.0,0.0,0.0006349206349206349,0.004436189522301424,4176.889676701264,True
2026-01-20 14:30:00+00:00,-0.005065875513131202,5.0,0.0,0.0006349206349206349,-0.025964298200576642,4068.439667584482,True
2026-01-21 14:30:00+00:00,0.0030550598348104696,5.0,0.0,0.0006349206349206349,0.014640378539131714,4128.003164381538,True
2026-01-22 14:30:00+00:00,0.0040609096755239715,5.0,0.0,0.0006349206349206349,0.019669627742699224,4209.199449945608,True
2026-01-23 14:30:00+00:00,0.007077825317921116,5.0,0.0,0.0006349206349206349,0.034754205954684946,4355.486834533364,True
2026-01-26 14:30:00+00:00,0.002007982330598068,5.0,0.0,0.0006349206349206349,0.009404991018069707,4396.450149091472,True
2026-01-27 14:30:00+00:00,0.0040081079521152585,5.0,0.0,0.0006349206349206349,0.01940561912565566,4481.765986189674,True
2026-01-28 14:30:00+00:00,0.0039920119786056585,5.0,0.0,0.0006349206349206349,0.01932513925810766,4568.37673799504,True
2026-01-29 14:30:00+00:00,0.0009939636968625543,5.0,0.0,0.0006349206349206349,0.004334897849392136,4588.180184491788,True
2026-01-30 14:30:00+00:00,-0.007944381939472667,5.0,0.0,0.0006349206349206349,-0.04035683033228397,4403.0157752523055,True
2026-02-02 14:30:00+00:00,-0.0030029763421940414,5.0,0.0,0.0006349206349206349,-0.01564980234589084,4334.109448643767,True
2026-02-03 14:30:00+00:00,0.00301202137111356,5.0,0.0,0.0006349206349206349,0.014425186220647167,4396.62978454112,True
2026-02-04 14:30:00+00:00,0.0,5.0,0.0,0.0006349206349206349,-0.0006349206349206349,4393.838273566808,True
2026-02-05 14:30:00+00:00,-0.008008000554448502,5.0,0.0,0.0006349206349206349,-0.040674923407163145,4215.119238326016,True
2026-02-06 14:30:00+00:00,0.005045428002495855,5.0,0.0,0.0006349206349206349,0.024592219377558643,4318.778375337498,True
2026-02-09 14:30:00+00:00,0.00301202137111356,5.0,0.0,0.0006349206349206349,0.014425186220647167,4381.077557647445,True
2026-02-10 14:30:00+00:00,0.003003071805090629,5.0,0.0,0.0006349206349206349,0.014380438390532511,4444.07937354934,True
2026-02-11 14:30:00+00:00,0.0069859971682917354,5.0,0.0,0.0006349206349206349,0.03429506520653804,4596.489365448245,True
2026-02-12 14:30:00+00:00,-0.005946523162470907,5.0,0.0,0.0006349206349206349,-0.03036753644727517,4456.905307113483,True
2026-02-13 14:30:00+00:00,-0.003988032195209046,5.0,0.0,0.0006349206349206349,-0.020575081610965863,4365.204116687276,True
2026-02-17 14:30:00+00:00,-0.0030029763421940414,5.0,0.0,0.0006349206349206349,-0.01564980234589084,4296.889535061651,True
2026-02-18 14:30:00+00:00,0.002007982330598068,5.0,0.0,0.0006349206349206349,0.009404991018069707,4337.301742544544,True
2026-02-19 14:30:00+00:00,0.0,5.0,0.0,0.0006349206349206349,-0.0006349206349206349,4334.547900168325,True
2026-02-20 14:30:00+00:00,0.0040081079521152585,5.0,0.0,0.0006349206349206349,0.01940561912565566,4418.662485800903,True
2026-02-23 14:30:00+00:00,-0.001996053577839385,5.0,0.0,0.0006349206349206349,-0.01061518852411756,4371.75755048968,True
2026-02-24 14:30:00+00:00,-0.002999973297119096,5.0,0.0,0.0006349206349206349,-0.015634787120516115,4303.406051845265,True
2026-02-25 14:30:00+00:00,0.004012032174693925,5.0,0.0,0.0006349206349206349,0.01942524023854899,4387.000748246385,True
2026-02-26 14:30:00+00:00,-0.0019980476829525307,5.0,0.0,0.0006349206349206349,-0.010625159049683287,4340.388167545188,True
2026-02-27 14:30:00+00:00,-0.0020019524071637207,5.0,0.0,0.0006349206349206349,-0.010644682670739238,4294.186112833838,True
2026-03-02 14:30:00+00:00,-0.0030090958718147487,5.0,0.0,0.0006349206349206349,-0.015680399993994378,4226.851556935947,True
2026-03-03 14:30:00+00:00,-0.01006030503187949,5.0,0.0,0.0006349206349206349,-0.05093644579431809,4011.5507617254502,True
2026-03-04 14:30:00+00:00,0.0010162834071916205,5.0,0.0,0.0006349206349206349,0.004446496401037467,4029.388107750042,True
2026-03-05 14:30:00+00:00,-0.004060909675524416,5.0,0.0,0.0006349206349206349,-0.020939469012542712,3945.014860328302,True
2026-03-06 14:30:00+00:00,-0.0010193912797229476,5.0,0.0,0.0006349206349206349,-0.005731877033535373,3922.4025202534303,True
2026-03-09 13:30:00+00:00,-0.0010204314986942409,5.0,0.0,0.0006349206349206349,-0.005737078128391839,3899.899390543735,True
2026-03-10 13:30:00+00:00,0.00408579795800712,5.0,0.0,0.0006349206349206349,0.019794069155114967,3977.094268778149,True
2026-03-11 13:30:00+00:00,-0.002034537563029515,5.0,0.0,0.0006349206349206349,-0.010807608450068208,3934.1113911521848,True
2026-03-12 13:30:00+00:00,0.002038685344943003,5.0,0.0,0.0006349206349206349,0.009558506089794382,3971.7156188424424,True
2026-03-13 13:30:00+00:00,-0.0030518548529024914,5.0,0.0,0.0006349206349206349,-0.01589419489943309,3908.5883967114382,True
2026-03-16 13:30:00+00:00,-0.0020408629973885928,5.0,0.0,0.0006349206349206349,-0.010839235621863598,3866.2222861306004,True
2026-03-17 13:30:00+00:00,0.003067554955483942,5.0,0.0,0.0006349206349206349,0.014702854142499076,3923.0667884860586,True
2026-03-18 13:30:00+00:00,0.0061161532493316795,5.0,0.0,0.0006349206349206349,0.029945845611737763,4040.5463408585983,True
2026-03-19 13:30:00+00:00,-0.0030394866584633196,5.0,0.0,0.0006349206349206349,-0.015832353927237232,3976.5749811307214,True
2026-03-20 13:30:00+00:00,0.0,5.0,0.0,0.0006349206349206349,-0.0006349206349206349,3974.0501716188924,True
2026-03-23 13:30:00+00:00,-0.010162640235673814,5.0,0.0,0.0006349206349206349,-0.051448121813289706,3769.592754297319,True
2026-03-24 13:30:00+00:00,0.0041067723606769135,5.0,0.0,0.0006349206349206349,0.019898941168463934,3844.6036587441495,True
2026-03-25 13:30:00+00:00,-0.0030674574427700385,5.0,0.0,0.0006349206349206349,-0.015972207848770827,3783.1968500105436,True
2026-03-26 13:30:00+00:00,0.006153889191456319,5.0,0.0,0.0006349206349206349,0.03013452532236096,3897.2016912866625,True
2026-03-27 13:30:00+00:00,0.004077467904388898,5.0,0.0,0.0006349206349206349,0.019752418887023858,3974.1808515801745,True
2026-03-30 13:30:00+00:00,0.0,5.0,0.0,0.0006349206349206349,-0.0006349206349206349,3971.6575621506,True
2026-03-31 13:30:00+00:00,-0.0050761612993364125,5.0,0.0,0.0006349206349206349,-0.026015727131602696,3868.3320027535233,True
2026-04-01 13:30:00+00:00,-0.0020408629973885928,5.0,0.0,0.0006349206349206349,-0.010839235621863598,3826.4022407120824,True
2026-04-02 13:30:00+00:00,0.005112494079759555,5.0,0.0,0.0006349206349206349,0.024927549763877142,3921.7850729840443,True
2026-04-06 13:30:00+00:00,0.002034634579745953,5.0,0.0,0.0006349206349206349,0.009538252263809131,3959.1920483346075,True
2026-04-07 13:30:00+00:00,-0.0030457548714359906,5.0,0.0,0.0006349206349206349,-0.015863694992100587,3896.384633264677,True
2026-04-08 13:30:00+00:00,-0.004073315997566884,5.0,0.0,0.0006349206349206349,-0.021001500622755055,3814.5547089626757,True
2026-04-09 13:30:00+00:00,-0.0030674574427700385,5.0,0.0,0.0006349206349206349,-0.015972207848770827,3753.6278483006163,True
2026-04-10 13:30:00+00:00,-0.002051329001402258,5.0,0.0,0.0006349206349206349,-0.010891565641931923,3712.7449641954663,True
2026-04-13 13:30:00+00:00,0.0020555456017088414,5.0,0.0,0.0006349206349206349,0.009642807373623573,3748.546248712594,True
2026-04-14 13:30:00+00:00,-0.004102560190054061,5.0,0.0,0.0006349206349206349,-0.02114772158519094,3669.273036295608,True
2026-04-15 13:30:00+00:00,-0.0010298896851234085,5.0,0.0,0.0006349206349206349,-0.0057843690605376774,3648.0486068697946,True
2026-04-16 13:30:00+00:00,0.004123707488614681,5.0,0.0,0.0006349206349206349,0.01998361680815277,3720.949812326997,True
2026-04-17 13:30:00+00:00,-0.0061601095844272535,5.0,0.0,0.0006349206349206349,-0.0314354685570569,3603.980011499205,True
2026-04-20 13:30:00+00:00,0.002066064406905488,5.0,0.0,0.0006349206349206349,0.009695401399606805,3638.9220443468494,True
2026-04-21 13:30:00+00:00,0.001030951451389095,5.0,0.0,0.0006349206349206349,0.00451983662202484,3655.369377467582,True
2026-04-22 13:30:00+00:00,0.0041194605248076055,5.0,0.0,0.0006349206349206349,0.019962381989117393,3728.339257291913,True
2026-04-23 13:30:00+00:00,0.0010256645007011844,5.0,0.0,0.0006349206349206349,0.004493401868585287,3745.0921838773484,True
2026-04-24 13:30:00+00:00,0.001024613590913992,5.0,0.0,0.0006349206349206349,0.004488147319649325,3761.900709324257,True
2026-04-27 13:30:00+00:00,0.0010234672199604944,5.0,0.0,0.0006349206349206349,0.004482415464881837,3778.7631112410822,True
2026-04-28 13:30:00+00:00,0.003067554955483942,5.0,0.0,0.0006349206349206349,0.014702854142499076,3834.3217141047166,True
2026-04-29 13:30:00+00:00,0.00509676196960851,5.0,0.0,0.0006349206349206349,0.024848889213121915,3929.6003495859727,True
2026-04-30 13:30:00+00:00,-0.004056791404240756,5.0,0.0,0.0006349206349206349,-0.020918877656124414,3847.39752063552,True
2026-05-01 13:30:00+00:00,0.0,5.0,0.0,0.0006349206349206349,-0.0006349206349206349,3844.954728558926,True
2026-05-04 13:30:00+00:00,0.006110022554106864,5.0,0.0,0.0006349206349206349,0.029915192135613687,3959.977288016503,True
2026-05-05 13:30:00+00:00,-0.005060747991468051,5.0,0.0,0.0006349206349206349,-0.02593866059226089,3857.260781189581,True
2026-05-06 13:30:00+00:00,-0.005086489432648333,5.0,0.0,0.0006349206349206349,-0.0260673677981623,3756.7121457128856,True
2026-05-07 13:30:00+00:00,-0.0010224208057807438,5.0,0.0,0.0006349206349206349,-0.005747024663824354,3735.122228356585,True
2026-05-08 13:30:00+00:00,0.0010234672199604944,5.0,0.0,0.0006349206349206349,0.004482415464881837,3751.8645979961943,True
2026-05-11 13:30:00+00:00,-0.0010224208057807438,5.0,0.0,0.0006349206349206349,-0.005747024663824354,3730.302539616181,True
2026-05-12 13:30:00+00:00,0.0,5.0,0.0,0.0006349206349206349,-0.0006349206349206349,3727.934093559282,True
2026-05-13 13:30:00+00:00,0.003070596884911403,5.0,0.0,0.0006349206349206349,0.01471806378963638,3782.802065351848,True
2026-05-14 13:30:00+00:00,0.0,5.0,0.0,0.0006349206349206349,-0.0006349206349206349,3780.400286262736,True
2026-05-15 13:30:00+00:00,0.002040765683684942,5.0,0.0,0.0006349206349206349,0.009568907783504076,3816.5745879867163,True
2026-05-18 13:30:00+00:00,0.002036706556540091,5.0,0.0,0.0006349206349206349,0.009548612147779821,3853.0175784604744,True
2026-05-19 13:30:00+00:00,-0.0030487533034541103,5.0,0.0,0.0006349206349206349,-0.015878687152191186,3791.836717740207,True
2026-05-20 13:30:00+00:00,-0.003058173839168954,5.0,0.0,0.0006349206349206349,-0.015925789830765404,3731.448723100897,True
2026-05-21 13:30:00+00:00,0.003067554955483942,5.0,0.0,0.0006349206349206349,0.014702854142499076,3786.3116694168643,True
2026-05-22 13:30:00+00:00,-0.0010193912797229476,5.0,0.0,0.0006349206349206349,-0.005731877033535373,3764.6089965171263,True
2026-05-26 13:30:00+00:00,-0.003061197182379072,5.0,0.0,0.0006349206349206349,-0.015940906546815993,3704.5977163183443,True
2026-05-27 13:30:00+00:00,-0.003070694497426363,5.0,0.0,0.0006349206349206349,-0.015988393122052448,3645.3671516707886,True
2026-05-28 13:30:00+00:00,0.0,5.0,0.0,0.0006349206349206349,-0.0006349206349206349,3643.0526328443307,True
2026-05-29 13:30:00+00:00,-0.0030800547922135157,5.0,0.0,0.0006349206349206349,-0.016035194595988213,3584.635574953245,True
2026-06-01 13:30:00+00:00,0.008238921049615433,5.0,0.0,0.0006349206349206349,0.04055968461315653,3730.02726332645,True
2026-06-02 13:30:00+00:00,0.0030643241152286116,5.0,0.0,0.0006349206349206349,0.014686699941222424,3784.8090545155046,True
2026-06-03 13:30:00+00:00,0.0010183532782701565,5.0,0.0,0.0006349206349206349,0.004456845756430148,3801.6773646890206,True
2026-06-04 13:30:00+00:00,0.0,5.0,0.0,0.0006349206349206349,-0.0006349206349206349,3799.263601282869,True
2026-06-05 13:30:00+00:00,-0.0010173172898729765,5.0,0.0,0.0006349206349206349,-0.005721507084285518,3777.526087673061,True
2026-06-08 13:30:00+00:00,-0.0010182561627564146,5.0,0.0,0.0006349206349206349,-0.005726201448702708,3755.895212317315,True
2026-06-09 13:30:00+00:00,-0.0020387825594458953,5.0,0.0,0.0006349206349206349,-0.01082883343215011,3715.2232486745206,True
2026-06-10 13:30:00+00:00,-0.0010214738427785086,5.0,0.0,0.0006349206349206349,-0.005742289848813178,3693.8893599275825,True
2026-06-11 13:30:00+00:00,-0.006134914885540077,5.0,0.0,0.0006349206349206349,-0.03130949506262102,3578.2355492510615,True
2026-06-12 13:30:00+00:00,0.0030863921961969965,5.0,0.0,0.0006349206349206349,0.014797040346064348,3631.1828450410517,True
2026-06-15 13:30:00+00:00,-0.0030768956893529875,5.0,0.0,0.0006349206349206349,-0.01601939908168557,3573.0134779077684,True
2026-06-16 13:30:00+00:00,-0.005144052403421306,5.0,0.0,0.0006349206349206349,-0.026355182652027166,3478.8460550793543,True
2026-06-17 13:30:00+00:00,0.0031023508515515275,5.0,0.0,0.0006349206349206349,0.014876833622837003,3530.6002690402333,True
2026-06-18 13:30:00+00:00,0.001030951451389095,5.0,0.0,0.0006349206349206349,0.00451983662202484,3546.5580054339725,True
2026-06-22 13:30:00+00:00,0.0020596811545607885,5.0,0.0,0.0006349206349206349,0.009663485137883308,3580.8301160101246,True
2026-06-23 13:30:00+00:00,-0.003083220388754082,5.0,0.0,0.0006349206349206349,-0.016051022578691045,3523.3541309675893,True
2026-06-24 13:30:00+00:00,-0.005154658940003887,5.0,0.0,0.0006349206349206349,-0.026408215334940068,3430.308636375746,True
2026-06-25 13:30:00+00:00,0.0010362931893421745,5.0,0.0,0.0006349206349206349,0.004546545311790238,3445.9046900244543,True
2026-06-26 13:30:00+00:00,-0.004140782865927561,5.0,0.0,0.0006349206349206349,-0.02133883496455844,3372.373098540425,True
2026-06-29 13:30:00+00:00,-0.004158000242086346,5.0,0.0,0.0006349206349206349,-0.021424921845352364,3300.1202684708273,True
2026-06-30 13:30:00+00:00,0.0,5.0,0.0,0.0006349206349206349,-0.0006349206349206349,3298.0249540146556,True
2026-07-01 13:30:00+00:00,0.0031314961597186386,5.0,0.0,0.0006349206349206349,0.015022560163672559,3347.5697323076342,True
2026-07-02 13:30:00+00:00,-0.00520283442734637,5.0,0.0,0.0006349206349206349,-0.026649092771652484,3258.3600359517923,True
2026-07-06 13:30:00+00:00,0.002091998243882731,5.0,0.0,0.0006349206349206349,0.009825070584493022,3290.3736532947105,True
2026-07-07 13:30:00+00:00,0.002087730472124516,5.0,0.0,0.0006349206349206349,0.009803731725701946,3322.63159386893,True
2026-07-08 13:30:00+00:00,-0.004166662527455567,5.0,0.0,0.0006349206349206349,-0.02146823327219847,3251.3005637341753,True
2026-07-09 13:30:00+00:00,-0.0010460490003029177,5.0,0.0,0.0006349206349206349,-0.005865165636435223,3232.231147394039,True
2026-07-10 13:30:00+00:00,0.0031413332326735155,5.0,0.0,0.0006349206349206349,0.015071745528446943,3280.946512736682,True
2026-07-13 13:30:00+00:00,-0.0020876309236567137,5.0,0.0,0.0006349206349206349,-0.011073075253204202,3244.616345099411,True
2026-07-14 13:30:00+00:00,0.0,5.0,0.0,0.0006349206349206349,-0.0006349206349206349,3242.5562712295064,True
2026-07-15 13:30:00+00:00,0.0,5.0,0.0,0.0006349206349206349,-0.0006349206349206349,3240.497505343011,True
2026-07-16 13:30:00+00:00,0.0010459492435799245,5.0,0.0,0.0006349206349206349,0.004594825582978987,3255.387026182141,True
2026-07-17 13:30:00+00:00,-0.004179724464846379,5.0,0.0,0.0006349206349206349,-0.02153354295915253,3185.28700980518,True
2026-07-20 13:30:00+00:00,0.003148025969162749,5.0,0.0,0.0006349206349206349,0.01510520921089311,3233.4014364850277,True
2026-07-21 13:30:00+00:00,0.008368192488977133,5.0,0.0,0.0006349206349206349,0.04120604180996503,3366.637111265231,True
2026-07-22 13:30:00+00:00,0.0062240107682094425,5.0,0.0,0.0006349206349206349,0.03048513320612658,3469.2694920588415,True
2026-07-23 13:30:00+00:00,0.003092756037225586,5.0,0.0,0.0006349206349206349,0.014828859551207295,3520.71480210187,True
2026-07-24 13:30:00+00:00,-0.0020554475878997724,5.0,0.0,0.0006349206349206349,-0.010912158574419496,3482.2962038860287,True
2026-07-27 13:30:00+00:00,-0.0041194605248078275,5.0,0.0,0.0006349206349206349,-0.021232223258959772,3408.359313431293,True
2026-07-28 13:30:00+00:00,-0.009307151176608852,5.0,0.0,0.0006349206349206349,-0.047170676517964895,3247.5846988004328,True
2026-07-29 13:30:00+00:00,0.002087730472124516,5.0,0.0,0.0006349206349206349,0.009803731725701946,3279.423147943967,True
2026-07-30 13:30:00+00:00,-0.0020833809342630794,5.0,0.0,0.0006349206349206349,-0.01105182530623603,3243.179536207663,True
2026-07-31 13:30:00+00:00,0.002087730472124516,5.0,0.0,0.0006349206349206349,0.009803731725701946,3274.97479831893,True
2026-08-03 13:30:00+00:00,0.0,5.0,0.0,0.0006349206349206349,-0.0006349206349206349,3272.895449240632,True
2026-08-04 13:30:00+00:00,-0.008333325054910912,5.0,0.0,0.0006349206349206349,-0.04230154590947519,3134.4469121376665,True
2026-08-05 13:30:00+00:00,0.002100788143664989,5.0,0.0,0.0006349206349206349,0.00986902008340431,3165.3808316639183,True
2026-08-06 13:30:00+00:00,0.0031446261101835127,5.0,0.0,0.0006349206349206349,0.01508820991599693,3213.1407621161366,True
2026-08-07 13:30:00+00:00,0.0010449560293344096,5.0,0.0,0.0006349206349206349,0.004589859511751413,3227.888626805732,True
2026-08-10 13:30:00+00:00,0.0031314961597186386,5.0,0.0,0.0006349206349206349,0.015022560163672559,3276.379777903556,True
2026-08-11 13:30:00+00:00,0.0,5.0,0.0,0.0006349206349206349,-0.0006349206349206349,3274.299536774728,True
2026-08-12 13:30:00+00:00,0.0031218197416544857,5.0,0.0,0.0006349206349206349,0.014974178073351795,3323.329481103887,True
2026-08-13 13:30:00+00:00,-0.0031121043129721526,5.0,0.0,0.0006349206349206349,-0.016195442199781397,3269.5066905818394,True
2026-08-14 13:30:00+00:00,0.0020812131611029905,5.0,0.0,0.0006349206349206349,0.009771145170594318,3301.453515091744,True
2026-08-17 13:30:00+00:00,0.002076791677225742,5.0,0.0,0.0006349206349206349,0.009749037751208077,3333.6395100442323,True
2026-08-18 13:30:00+00:00,0.0010362931893421745,5.0,0.0,0.0006349206349206349,0.004546545311790238,3348.7960531298227,True
2026-08-19 13:30:00+00:00,0.0010352203974943741,5.0,0.0,0.0006349206349206349,0.004541181352551236,3364.0035433197936,True
2026-08-20 13:30:00+00:00,0.0010341498245023395,5.0,0.0,0.0006349206349206349,0.004535828487591063,3379.2620864239407,True
2026-08-21 13:30:00+00:00,0.004132227333881522,5.0,0.0,0.0006349206349206349,0.020026216034486975,3446.9359190038185,True
2026-08-24 13:30:00+00:00,0.002057562092585119,5.0,0.0,0.0006349206349206349,0.009652889828004961,3480.2088116741556,True
2026-08-25 13:30:00+00:00,-0.0051334899291402,5.0,0.0,0.0006349206349206349,-0.026302370280621636,3388.67107085562,True
2026-08-26 13:30:00+00:00,0.004127963218285791,5.0,0.0,0.0006349206349206349,0.02000489545650832,3456.4610813645813,True
2026-08-27 13:30:00+00:00,-0.0010276747870453518,5.0,0.0,0.0006349206349206349,-0.005773294570147394,3436.505913371613,True
2026-08-28 13:30:00+00:00,0.002057562092585119,5.0,0.0,0.0006349206349206349,0.009652889828004961,3469.678126346677,True
2026-08-31 13:30:00+00:00,0.0051334899291402,5.0,0.0,0.0006349206349206349,0.025032529010780367,3556.5329447025206,True
2026-09-01 13:30:00+00:00,0.00408579795800712,5.0,0.0,0.0006349206349206349,0.019794069155114967,3626.931203762407,True
2026-09-02 13:30:00+00:00,0.007121026995677182,5.0,0.0,0.0006349206349206349,0.034970214343465277,3753.7657653669817,True
2026-09-03 13:30:00+00:00,-0.001010027837657912,5.0,0.0,0.0006349206349206349,-0.005685059823210195,3732.425382428552,True
2026-09-04 13:30:00+00:00,0.00404448538568869,5.0,0.0,0.0006349206349206349,0.019587506293522815,3805.5342880969756,True
2026-09-08 13:30:00+00:00,0.0060422421045758234,5.0,0.0,0.0006349206349206349,0.029576289887958483,3918.0878733802974,True
2026-09-09 13:30:00+00:00,0.0010010239350302097,5.0,0.0,0.0006349206349206349,0.004370199040230414,3935.2106972440833,True
2026-09-10 13:30:00+00:00,0.010999965667724654,5.0,0.0,0.0006349206349206349,0.054364907703702635,4149.148063594381,True
2026-09-11 13:30:00+00:00,0.0,5.0,0.0,0.0006349206349206349,-0.0006349206349206349,4146.513683871464,True
2026-09-14 13:30:00+00:00,0.0039564750950913385,5.0,0.005,0.0006349206349206349,0.014147454840536058,4205.1762989597,True
