open_time,net_pnl,equity,position,turnover,cost,trading_cost,borrow_cost,financing_cost,rebalanced
2016-09-12 13:30:00+00:00,0.0,1.0,0.0,0.0,0.0,0.0,0.0,0.0,False
2016-09-13 13:30:00+00:00,0.0,1.0,0.0,0.0,0.0,0.0,0.0,0.0,False
2016-09-14 13:30:00+00:00,0.0,1.0,0.0,0.0,0.0,0.0,0.0,0.0,False
2016-09-15 13:30:00+00:00,0.0,1.0,0.0,0.0,0.0,0.0,0.0,0.0,False
2016-09-16 13:30:00+00:00,0.0,1.0,0.0,0.0,0.0,0.0,0.0,0.0,False
2016-09-19 13:30:00+00:00,0.0,1.0,0.0,0.0,0.0,0.0,0.0,0.0,False
2016-09-20 13:30:00+00:00,0.0,1.0,0.0,0.0,0.0,0.0,0.0,0.0,False
2016-09-21 13:30:00+00:00,0.0,1.0,0.0,0.0,0.0,0.0,0.0,0.0,False
2016-09-22 13:30:00+00:00,0.0,1.0,0.0,0.0,0.0,0.0,0.0,0.0,False
2016-09-23 13:30:00+00:00,0.0,1.0,0.0,0.0,0.0,0.0,0.0,0.0,False
2016-09-26 13:30:00+00:00,0.0,1.0,0.0,0.0,0.0,0.0,0.0,0.0,False
2016-09-27 13:30:00+00:00,0.0,1.0,0.0,0.0,0.0,0.0,0.0,0.0,False
2016-09-28 13:30:00+00:00,0.0,1.0,0.0,0.0,0.0,0.0,0.0,0.0,False
2016-09-29 13:30:00+00:00,0.0,1.0,0.0,0.0,0.0,0.0,0.0,0.0,False
2016-09-30 13:30:00+00:00,0.0,1.0,0.0,0.0,0.0,0.0,0.0,0.0,False
2016-10-03 13:30:00+00:00,0.0,1.0,0.0,0.0,0.0,0.0,0.0,0.0,False
2016-10-04 13:30:00+00:00,0.0,1.0,0.0,0.0,0.0,0.0,0.0,0.0,False
2016-10-05 13:30:00+00:00,0.0,1.0,0.0,0.0,0.0,0.0,0.0,0.0,False
2016-10-06 13:30:00+00:00,0.0,1.0,0.0,0.0,0.0,0.0,0.0,0.0,False
2016-10-07 13:30:00+00:00,0.0,1.0,0.0,0.0,0.0,0.0,0.0,0.0,False
2016-10-10 13:30:00+00:00,0.0,1.0,0.0,0.0,0.0,0.0,0.0,0.0,False
2016-10-11 13:30:00+00:00,0.0,1.0,0.0,0.0,0.0,0.0,0.0,0.0,False
2016-10-12 13:30:00+00:00,0.0,1.0,0.0,0.0,0.0,0.0,0.0,0.0,False
2016-10-13 13:30:00+00:00,0.0,1.0,0.0,0.0,0.0,0.0,0.0,0.0,False
2016-10-14 13:30:00+00:00,0.0,1.0,0.0,0.0,0.0,0.0,0.0,0.0,False
2016-10-17 13:30:00+00:00,0.0,1.0,0.0,0.0,0.0,0.0,0.0,0.0,False
2016-10-18 13:30:00+00:00,0.0,1.0,0.0,0.0,0.0,0.0,0.0,0.0,False
2016-10-19 13:30:00+00:00,0.0,1.0,0.0,0.0,0.0,0.0,0.0,0.0,False
2016-10-20 13:30:00+00:00,0.0,1.0,0.0,0.0,0.0,0.0,0.0,0.0,False
2016-10-21 13:30:00+00:00,0.0,1.0,0.0,0.0,0.0,0.0,0.0,0.0,False
2016-10-24 13:30:00+00:00,0.0,1.0,0.0,0.0,0.0,0.0,0.0,0.0,False
2016-10-25 13:30:00+00:00,0.0,1.0,0.0,0.0,0.0,0.0,0.0,0.0,False
2016-10-26 13:30:00+00:00,0.0,1.0,0.0,0.0,0.0,0.0,0.0,0.0,False
2016-10-27 13:30:00+00:00,0.0,1.0,0.0,0.0,0.0,0.0,0.0,0.0,False
2016-10-28 13:30:00+00:00,0.0,1.0,0.0,0.0,0.0,0.0,0.0,0.0,False
2016-10-31 13:30:00+00:00,0.0,1.0,0.0,0.0,0.0,0.0,0.0,0.0,False
2016-11-01 13:30:00+00:00,0.0,1.0,0.0,0.0,0.0,0.0,0.0,0.0,False
2016-11-02 13:30:00+00:00,0.0,1.0,0.0,0.0,0.0,0.0,0.0,0.0,False
2016-11-03 13:30:00+00:00,0.0,1.0,0.0,0.0,0.0,0.0,0.0,0.0,False
2016-11-04 13:30:00+00:00,0.0,1.0,0.0,0.0,0.0,0.0,0.0,0.0,False
2016-11-07 14:30:00+00:00,0.0,1.0,0.0,0.0,0.0,0.0,0.0,0.0,False
2016-11-08 14:30:00+00:00,0.0,1.0,0.0,0.0,0.0,0.0,0.0,0.0,False
2016-11-09 14:30:00+00:00,0.0,1.0,0.0,0.0,0.0,0.0,0.0,0.0,False
2016-11-10 14:30:00+00:00,0.0,1.0,0.0,0.0,0.0,0.0,0.0,0.0,False
2016-11-11 14:30:00+00:00,0.0,1.0,0.0,0.0,0.0,0.0,0.0,0.0,False
2016-11-14 14:30:00+00:00,0.0,1.0,0.0,0.0,0.0,0.0,0.0,0.0,False
2016-11-15 14:30:00+00:00,0.0,1.0,0.0,0.0,0.0,0.0,0.0,0.0,False
2016-11-16 14:30:00+00:00,0.0,1.0,0.0,0.0,0.0,0.0,0.0,0.0,False
2016-11-17 14:30:00+00:00,0.0,1.0,0.0,0.0,0.0,0.0,0.0,0.0,False
2016-11-18 14:30:00+00:00,0.0,1.0,0.0,0.0,0.0,0.0,0.0,0.0,False
2016-11-21 14:30:00+00:00,0.0,1.0,0.0,0.0,0.0,0.0,0.0,0.0,False
2016-11-22 14:30:00+00:00,0.0,1.0,0.0,0.0,0.0,0.0,0.0,0.0,False
2016-11-23 14:30:00+00:00,0.0,1.0,0.0,0.0,0.0,0.0,0.0,0.0,False
2016-11-25 14:30:00+00:00,0.0,1.0,0.0,0.0,0.0,0.0,0.0,0.0,False
2016-11-28 14:30:00+00:00,0.0,1.0,0.0,0.0,0.0,0.0,0.0,0.0,False
2016-11-29 14:30:00+00:00,0.0,1.0,0.0,0.0,0.0,0.0,0.0,0.0,False
2016-11-30 14:30:00+00:00,0.0,1.0,0.0,0.0,0.0,0.0,0.0,0.0,False
2016-12-01 14:30:00+00:00,0.0,1.0,0.0,0.0,0.0,0.0,0.0,0.0,False
2016-12-02 14:30:00+00:00,0.0,1.0,0.0,0.0,0.0,0.0,0.0,0.0,False
2016-12-05 14:30:00+00:00,0.0,1.0,0.0,0.0,0.0,0.0,0.0,0.0,False
2016-12-06 14:30:00+00:00,0.0,1.0,0.0,0.0,0.0,0.0,0.0,0.0,False
2016-12-07 14:30:00+00:00,0.0,1.0,0.0,0.0,0.0,0.0,0.0,0.0,False
2016-12-08 14:30:00+00:00,0.0,1.0,0.0,0.0,0.0,0.0,0.0,0.0,False
2016-12-09 14:30:00+00:00,0.0,1.0,0.0,0.0,0.0,0.0,0.0,0.0,False
2016-12-12 14:30:00+00:00,0.0,1.0,0.0,0.0,0.0,0.0,0.0,0.0,False
2016-12-13 14:30:00+00:00,0.0,1.0,0.0,0.0,0.0,0.0,0.0,0.0,False
2016-12-14 14:30:00+00:00,0.0,1.0,0.0,0.0,0.0,0.0,0.0,0.0,False
2016-12-15 14:30:00+00:00,0.0,1.0,0.0,0.0,0.0,0.0,0.0,0.0,False
2016-12-16 14:30:00+00:00,0.0,1.0,0.0,0.0,0.0,0.0,0.0,0.0,False
2016-12-19 14:30:00+00:00,0.0,1.0,0.0,0.0,0.0,0.0,0.0,0.0,False
2016-12-20 14:30:00+00:00,0.0,1.0,0.0,0.0,0.0,0.0,0.0,0.0,False
2016-12-21 14:30:00+00:00,0.0,1.0,0.0,0.0,0.0,0.0,0.0,0.0,False
2016-12-22 14:30:00+00:00,0.0,1.0,0.0,0.0,0.0,0.0,0.0,0.0,False
2016-12-23 14:30:00+00:00,0.0,1.0,0.0,0.0,0.0,0.0,0.0,0.0,False
2016-12-27 14:30:00+00:00,0.0,1.0,0.0,0.0,0.0,0.0,0.0,0.0,False
2016-12-28 14:30:00+00:00,0.0,1.0,0.0,0.0,0.0,0.0,0.0,0.0,False
2016-12-29 14:30:00+00:00,0.0,1.0,0.0,0.0,0.0,0.0,0.0,0.0,False
2016-12-30 14:30:00+00:00,0.0,1.0,0.0,0.0,0.0,0.0,0.0,0.0,False
2017-01-03 14:30:00+00:00,0.0,1.0,0.0,0.0,0.0,0.0,0.0,0.0,False
2017-01-04 14:30:00+00:00,0.0,1.0,0.0,0.0,0.0,0.0,0.0,0.0,False
2017-01-05 14:30:00+00:00,0.0,1.0,0.0,0.0,0.0,0.0,0.0,0.0,False
2017-01-06 14:30:00+00:00,0.0,1.0,0.0,0.0,0.0,0.0,0.0,0.0,False
2017-01-09 14:30:00+00:00,0.0,1.0,0.0,0.0,0.0,0.0,0.0,0.0,False
2017-01-10 14:30:00+00:00,0.0,1.0,0.0,0.0,0.0,0.0,0.0,0.0,False
2017-01-11 14:30:00+00:00,0.0,1.0,0.0,0.0,0.0,0.0,0.0,0.0,False
2017-01-12 14:30:00+00:00,0.0,1.0,0.0,0.0,0.0,0.0,0.0,0.0,False
2017-01-13 14:30:00+00:00,0.0,1.0,0.0,0.0,0.0,0.0,0.0,0.0,False
2017-01-17 14:30:00+00:00,0.0,1.0,0.0,0.0,0.0,0.0,0.0,0.0,False
2017-01-18 14:30:00+00:00,0.0,1.0,0.0,0.0,0.0,0.0,0.0,0.0,False
2017-01-19 14:30:00+00:00,0.0,1.0,0.0,0.0,0.0,0.0,0.0,0.0,False
2017-01-20 14:30:00+00:00,0.0,1.0,0.0,0.0,0.0,0.0,0.0,0.0,False
2017-01-23 14:30:00+00:00,0.0,1.0,0.0,0.0,0.0,0.0,0.0,0.0,False
2017-01-24 14:30:00+00:00,0.0,1.0,0.0,0.0,0.0,0.0,0.0,0.0,False
2017-01-25 14:30:00+00:00,0.0,1.0,0.0,0.0,0.0,0.0,0.0,0.0,False
2017-01-26 14:30:00+00:00,0.0,1.0,0.0,0.0,0.0,0.0,0.0,0.0,False
2017-01-27 14:30:00+00:00,0.0,1.0,0.0,0.0,0.0,0.0,0.0,0.0,False
2017-01-30 14:30:00+00:00,0.0,1.0,0.0,0.0,0.0,0.0,0.0,0.0,False
2017-01-31 14:30:00+00:00,0.0,1.0,0.0,0.0,0.0,0.0,0.0,0.0,False
2017-02-01 14:30:00+00:00,0.0,1.0,0.0,0.0,0.0,0.0,0.0,0.0,False
2017-02-02 14:30:00+00:00,0.0,1.0,0.0,0.0,0.0,0.0,0.0,0.0,False
2017-02-03 14:30:00+00:00,0.0,1.0,0.0,0.0,0.0,0.0,0.0,0.0,False
2017-02-06 14:30:00+00:00,0.0,1.0,0.0,0.0,0.0,0.0,0.0,0.0,False
2017-02-07 14:30:00+00:00,0.0,1.0,0.0,0.0,0.0,0.0,0.0,0.0,False
2017-02-08 14:30:00+00:00,0.0,1.0,0.0,0.0,0.0,0.0,0.0,0.0,False
2017-02-09 14:30:00+00:00,0.0,1.0,0.0,0.0,0.0,0.0,0.0,0.0,False
2017-02-10 14:30:00+00:00,0.0,1.0,0.0,0.0,0.0,0.0,0.0,0.0,False
2017-02-13 14:30:00+00:00,0.0,1.0,0.0,0.0,0.0,0.0,0.0,0.0,False
2017-02-14 14:30:00+00:00,0.0,1.0,0.0,0.0,0.0,0.0,0.0,0.0,False
2017-02-15 14:30:00+00:00,0.0,1.0,0.0,0.0,0.0,0.0,0.0,0.0,False
2017-02-16 14:30:00+00:00,0.0,1.0,0.0,0.0,0.0,0.0,0.0,0.0,False
2017-02-17 14:30:00+00:00,0.0,1.0,0.0,0.0,0.0,0.0,0.0,0.0,False
2017-02-21 14:30:00+00:00,0.0,1.0,0.0,0.0,0.0,0.0,0.0,0.0,False
2017-02-22 14:30:00+00:00,0.0,1.0,0.0,0.0,0.0,0.0,0.0,0.0,False
2017-02-23 14:30:00+00:00,0.0,1.0,0.0,0.0,0.0,0.0,0.0,0.0,False
2017-02-24 14:30:00+00:00,0.0,1.0,0.0,0.0,0.0,0.0,0.0,0.0,False
2017-02-27 14:30:00+00:00,0.0,1.0,0.0,0.0,0.0,0.0,0.0,0.0,False
2017-02-28 14:30:00+00:00,0.0,1.0,0.0,0.0,0.0,0.0,0.0,0.0,False
2017-03-01 14:30:00+00:00,0.0,1.0,0.0,0.0,0.0,0.0,0.0,0.0,False
2017-03-02 14:30:00+00:00,0.0,1.0,0.0,0.0,0.0,0.0,0.0,0.0,False
2017-03-03 14:30:00+00:00,0.0,1.0,0.0,0.0,0.0,0.0,0.0,0.0,False
2017-03-06 14:30:00+00:00,0.0,1.0,0.0,0.0,0.0,0.0,0.0,0.0,False
2017-03-07 14:30:00+00:00,0.0,1.0,0.0,0.0,0.0,0.0,0.0,0.0,False
2017-03-08 14:30:00+00:00,0.0,1.0,0.0,0.0,0.0,0.0,0.0,0.0,False
2017-03-09 14:30:00+00:00,0.0,1.0,0.0,0.0,0.0,0.0,0.0,0.0,False
2017-03-10 14:30:00+00:00,0.0,1.0,0.0,0.0,0.0,0.0,0.0,0.0,False
2017-03-13 13:30:00+00:00,0.0,1.0,0.0,0.0,0.0,0.0,0.0,0.0,False
2017-03-14 13:30:00+00:00,0.0,1.0,0.0,0.0,0.0,0.0,0.0,0.0,False
2017-03-15 13:30:00+00:00,0.0,1.0,0.0,0.0,0.0,0.0,0.0,0.0,False
2017-03-16 13:30:00+00:00,0.0,1.0,0.0,0.0,0.0,0.0,0.0,0.0,False
2017-03-17 13:30:00+00:00,0.0,1.0,0.0,0.0,0.0,0.0,0.0,0.0,False
2017-03-20 13:30:00+00:00,0.0,1.0,0.0,0.0,0.0,0.0,0.0,0.0,False
2017-03-21 13:30:00+00:00,0.0,1.0,0.0,0.0,0.0,0.0,0.0,0.0,False
2017-03-22 13:30:00+00:00,0.0,1.0,0.0,0.0,0.0,0.0,0.0,0.0,False
2017-03-23 13:30:00+00:00,0.0,1.0,0.0,0.0,0.0,0.0,0.0,0.0,False
2017-03-24 13:30:00+00:00,0.0,1.0,0.0,0.0,0.0,0.0,0.0,0.0,False
2017-03-27 13:30:00+00:00,0.0,1.0,0.0,0.0,0.0,0.0,0.0,0.0,False
2017-03-28 13:30:00+00:00,0.0,1.0,0.0,0.0,0.0,0.0,0.0,0.0,False
2017-03-29 13:30:00+00:00,0.0,1.0,0.0,0.0,0.0,0.0,0.0,0.0,False
2017-03-30 13:30:00+00:00,0.0,1.0,0.0,0.0,0.0,0.0,0.0,0.0,False
2017-03-31 13:30:00+00:00,0.0,1.0,0.0,0.0,0.0,0.0,0.0,0.0,False
2017-04-03 13:30:00+00:00,0.0,1.0,0.0,0.0,0.0,0.0,0.0,0.0,False
2017-04-04 13:30:00+00:00,0.0,1.0,0.0,0.0,0.0,0.0,0.0,0.0,False
2017-04-05 13:30:00+00:00,0.0,1.0,0.0,0.0,0.0,0.0,0.0,0.0,False
2017-04-06 13:30:00+00:00,0.0,1.0,0.0,0.0,0.0,0.0,0.0,0.0,False
2017-04-07 13:30:00+00:00,0.0,1.0,0.0,0.0,0.0,0.0,0.0,0.0,False
2017-04-10 13:30:00+00:00,0.0,1.0,0.0,0.0,0.0,0.0,0.0,0.0,False
2017-04-11 13:30:00+00:00,0.0,1.0,0.0,0.0,0.0,0.0,0.0,0.0,False
2017-04-12 13:30:00+00:00,0.0,1.0,0.0,0.0,0.0,0.0,0.0,0.0,False
2017-04-13 13:30:00+00:00,0.0,1.0,0.0,0.0,0.0,0.0,0.0,0.0,False
2017-04-17 13:30:00+00:00,0.0,1.0,0.0,0.0,0.0,0.0,0.0,0.0,False
2017-04-18 13:30:00+00:00,0.0,1.0,0.0,0.0,0.0,0.0,0.0,0.0,False
2017-04-19 13:30:00+00:00,0.0,1.0,0.0,0.0,0.0,0.0,0.0,0.0,False
2017-04-20 13:30:00+00:00,0.0,1.0,0.0,0.0,0.0,0.0,0.0,0.0,False
2017-04-21 13:30:00+00:00,0.0,1.0,0.0,0.0,0.0,0.0,0.0,0.0,False
2017-04-24 13:30:00+00:00,0.0,1.0,0.0,0.0,0.0,0.0,0.0,0.0,False
2017-04-25 13:30:00+00:00,0.0,1.0,0.0,0.0,0.0,0.0,0.0,0.0,False
2017-04-26 13:30:00+00:00,0.0,1.0,0.0,0.0,0.0,0.0,0.0,0.0,False
2017-04-27 13:30:00+00:00,0.0,1.0,0.0,0.0,0.0,0.0,0.0,0.0,False
2017-04-28 13:30:00+00:00,0.0,1.0,0.0,0.0,0.0,0.0,0.0,0.0,False
2017-05-01 13:30:00+00:00,0.0,1.0,0.0,0.0,0.0,0.0,0.0,0.0,False
2017-05-02 13:30:00+00:00,0.0,1.0,0.0,0.0,0.0,0.0,0.0,0.0,False
2017-05-03 13:30:00+00:00,0.0,1.0,0.0,0.0,0.0,0.0,0.0,0.0,False
2017-05-04 13:30:00+00:00,0.0,1.0,0.0,0.0,0.0,0.0,0.0,0.0,False
2017-05-05 13:30:00+00:00,0.0,1.0,0.0,0.0,0.0,0.0,0.0,0.0,False
2017-05-08 13:30:00+00:00,0.0,1.0,0.0,0.0,0.0,0.0,0.0,0.0,False
2017-05-09 13:30:00+00:00,0.0,1.0,0.0,0.0,0.0,0.0,0.0,0.0,False
2017-05-10 13:30:00+00:00,0.0,1.0,0.0,0.0,0.0,0.0,0.0,0.0,False
2017-05-11 13:30:00+00:00,0.0,1.0,0.0,0.0,0.0,0.0,0.0,0.0,False
2017-05-12 13:30:00+00:00,0.0,1.0,0.0,0.0,0.0,0.0,0.0,0.0,False
2017-05-15 13:30:00+00:00,0.0,1.0,0.0,0.0,0.0,0.0,0.0,0.0,False
2017-05-16 13:30:00+00:00,0.0,1.0,0.0,0.0,0.0,0.0,0.0,0.0,False
2017-05-17 13:30:00+00:00,0.0,1.0,0.0,0.0,0.0,0.0,0.0,0.0,False
2017-05-18 13:30:00+00:00,0.0,1.0,0.0,0.0,0.0,0.0,0.0,0.0,False
2017-05-19 13:30:00+00:00,0.0,1.0,0.0,0.0,0.0,0.0,0.0,0.0,False
2017-05-22 13:30:00+00:00,0.0,1.0,0.0,0.0,0.0,0.0,0.0,0.0,False
2017-05-23 13:30:00+00:00,0.0,1.0,0.0,0.0,0.0,0.0,0.0,0.0,False
2017-05-24 13:30:00+00:00,0.0,1.0,0.0,0.0,0.0,0.0,0.0,0.0,False
2017-05-25 13:30:00+00:00,0.0,1.0,0.0,0.0,0.0,0.0,0.0,0.0,False
2017-05-26 13:30:00+00:00,0.0,1.0,0.0,0.0,0.0,0.0,0.0,0.0,False
2017-05-30 13:30:00+00:00,0.0,1.0,0.0,0.0,0.0,0.0,0.0,0.0,False
2017-05-31 13:30:00+00:00,0.0,1.0,0.0,0.0,0.0,0.0,0.0,0.0,False
2017-06-01 13:30:00+00:00,0.0,1.0,0.0,0.0,0.0,0.0,0.0,0.0,False
2017-06-02 13:30:00+00:00,0.0,1.0,0.0,0.0,0.0,0.0,0.0,0.0,False
2017-06-05 13:30:00+00:00,0.0,1.0,0.0,0.0,0.0,0.0,0.0,0.0,False
2017-06-06 13:30:00+00:00,0.0,1.0,0.0,0.0,0.0,0.0,0.0,0.0,False
2017-06-07 13:30:00+00:00,0.0,1.0,0.0,0.0,0.0,0.0,0.0,0.0,False
2017-06-08 13:30:00+00:00,0.0,1.0,0.0,0.0,0.0,0.0,0.0,0.0,False
2017-06-09 13:30:00+00:00,0.0,1.0,0.0,0.0,0.0,0.0,0.0,0.0,False
2017-06-12 13:30:00+00:00,0.0,1.0,0.0,0.0,0.0,0.0,0.0,0.0,False
2017-06-13 13:30:00+00:00,0.0,1.0,0.0,0.0,0.0,0.0,0.0,0.0,False
2017-06-14 13:30:00+00:00,0.0,1.0,0.0,0.0,0.0,0.0,0.0,0.0,False
2017-06-15 13:30:00+00:00,0.0,1.0,0.0,0.0,0.0,0.0,0.0,0.0,False
2017-06-16 13:30:00+00:00,0.0,1.0,0.0,0.0,0.0,0.0,0.0,0.0,False
2017-06-19 13:30:00+00:00,0.0,1.0,0.0,0.0,0.0,0.0,0.0,0.0,False
2017-06-20 13:30:00+00:00,0.0,1.0,0.0,0.0,0.0,0.0,0.0,0.0,False
2017-06-21 13:30:00+00:00,0.0,1.0,0.0,0.0,0.0,0.0,0.0,0.0,False
2017-06-22 13:30:00+00:00,0.0,1.0,0.0,0.0,0.0,0.0,0.0,0.0,False
2017-06-23 13:30:00+00:00,0.0,1.0,0.0,0.0,0.0,0.0,0.0,0.0,False
2017-06-26 13:30:00+00:00,0.0,1.0,0.0,0.0,0.0,0.0,0.0,0.0,False
2017-06-27 13:30:00+00:00,0.0,1.0,0.0,0.0,0.0,0.0,0.0,0.0,False
2017-06-28 13:30:00+00:00,0.0,1.0,0.0,0.0,0.0,0.0,0.0,0.0,False
2017-06-29 13:30:00+00:00,0.0,1.0,0.0,0.0,0.0,0.0,0.0,0.0,False
2017-06-30 13:30:00+00:00,0.0,1.0,0.0,0.0,0.0,0.0,0.0,0.0,False
2017-07-03 13:30:00+00:00,0.0,1.0,0.0,0.0,0.0,0.0,0.0,0.0,False
2017-07-05 13:30:00+00:00,0.0,1.0,0.0,0.0,0.0,0.0,0.0,0.0,False
2017-07-06 13:30:00+00:00,0.0,1.0,0.0,0.0,0.0,0.0,0.0,0.0,False
2017-07-07 13:30:00+00:00,0.0,1.0,0.0,0.0,0.0,0.0,0.0,0.0,False
2017-07-10 13:30:00+00:00,0.0,1.0,0.0,0.0,0.0,0.0,0.0,0.0,False
2017-07-11 13:30:00+00:00,0.0,1.0,0.0,0.0,0.0,0.0,0.0,0.0,False
2017-07-12 13:30:00+00:00,0.0,1.0,0.0,0.0,0.0,0.0,0.0,0.0,False
2017-07-13 13:30:00+00:00,0.0,1.0,0.0,0.0,0.0,0.0,0.0,0.0,False
2017-07-14 13:30:00+00:00,0.0,1.0,0.0,0.0,0.0,0.0,0.0,0.0,False
2017-07-17 13:30:00+00:00,0.0,1.0,0.0,0.0,0.0,0.0,0.0,0.0,False
2017-07-18 13:30:00+00:00,0.0,1.0,0.0,0.0,0.0,0.0,0.0,0.0,False
2017-07-19 13:30:00+00:00,0.0,1.0,0.0,0.0,0.0,0.0,0.0,0.0,False
2017-07-20 13:30:00+00:00,0.0,1.0,0.0,0.0,0.0,0.0,0.0,0.0,False
2017-07-21 13:30:00+00:00,0.0,1.0,0.0,0.0,0.0,0.0,0.0,0.0,False
2017-07-24 13:30:00+00:00,0.0,1.0,0.0,0.0,0.0,0.0,0.0,0.0,False
2017-07-25 13:30:00+00:00,0.0,1.0,0.0,0.0,0.0,0.0,0.0,0.0,False
2017-07-26 13:30:00+00:00,0.0,1.0,0.0,0.0,0.0,0.0,0.0,0.0,False
2017-07-27 13:30:00+00:00,0.0,1.0,0.0,0.0,0.0,0.0,0.0,0.0,False
2017-07-28 13:30:00+00:00,0.0,1.0,0.0,0.0,0.0,0.0,0.0,0.0,False
2017-07-31 13:30:00+00:00,0.0,1.0,0.0,0.0,0.0,0.0,0.0,0.0,False
2017-08-01 13:30:00+00:00,0.0,1.0,0.0,0.0,0.0,0.0,0.0,0.0,False
2017-08-02 13:30:00+00:00,0.0,1.0,0.0,0.0,0.0,0.0,0.0,0.0,False
2017-08-03 13:30:00+00:00,0.0,1.0,0.0,0.0,0.0,0.0,0.0,0.0,False
2017-08-04 13:30:00+00:00,0.0,1.0,0.0,0.0,0.0,0.0,0.0,0.0,False
2017-08-07 13:30:00+00:00,0.0,1.0,0.0,0.0,0.0,0.0,0.0,0.0,False
2017-08-08 13:30:00+00:00,0.0,1.0,0.0,0.0,0.0,0.0,0.0,0.0,False
2017-08-09 13:30:00+00:00,0.0,1.0,0.0,0.0,0.0,0.0,0.0,0.0,False
2017-08-10 13:30:00+00:00,0.0,1.0,0.0,0.0,0.0,0.0,0.0,0.0,False
2017-08-11 13:30:00+00:00,0.0,1.0,0.0,0.0,0.0,0.0,0.0,0.0,False
2017-08-14 13:30:00+00:00,0.0,1.0,0.0,0.0,0.0,0.0,0.0,0.0,False
2017-08-15 13:30:00+00:00,0.0,1.0,0.0,0.0,0.0,0.0,0.0,0.0,False
2017-08-16 13:30:00+00:00,0.0,1.0,0.0,0.0,0.0,0.0,0.0,0.0,False
2017-08-17 13:30:00+00:00,0.0,1.0,0.0,0.0,0.0,0.0,0.0,0.0,False
2017-08-18 13:30:00+00:00,0.0,1.0,0.0,0.0,0.0,0.0,0.0,0.0,False
2017-08-21 13:30:00+00:00,0.0,1.0,0.0,0.0,0.0,0.0,0.0,0.0,False
2017-08-22 13:30:00+00:00,0.0,1.0,0.0,0.0,0.0,0.0,0.0,0.0,False
2017-08-23 13:30:00+00:00,0.0,1.0,0.0,0.0,0.0,0.0,0.0,0.0,False
2017-08-24 13:30:00+00:00,0.0,1.0,0.0,0.0,0.0,0.0,0.0,0.0,False
2017-08-25 13:30:00+00:00,0.0,1.0,0.0,0.0,0.0,0.0,0.0,0.0,False
2017-08-28 13:30:00+00:00,0.0,1.0,0.0,0.0,0.0,0.0,0.0,0.0,False
2017-08-29 13:30:00+00:00,0.0,1.0,0.0,0.0,0.0,0.0,0.0,0.0,False
2017-08-30 13:30:00+00:00,0.0,1.0,0.0,0.0,0.0,0.0,0.0,0.0,False
2017-08-31 13:30:00+00:00,0.0,1.0,0.0,0.0,0.0,0.0,0.0,0.0,False
2017-09-01 13:30:00+00:00,0.0,1.0,0.0,0.0,0.0,0.0,0.0,0.0,False
2017-09-05 13:30:00+00:00,0.0,1.0,0.0,0.0,0.0,0.0,0.0,0.0,False
2017-09-06 13:30:00+00:00,0.0,1.0,0.0,0.0,0.0,0.0,0.0,0.0,False
2017-09-07 13:30:00+00:00,0.0,1.0,0.0,0.0,0.0,0.0,0.0,0.0,False
2017-09-08 13:30:00+00:00,0.0,1.0,0.0,0.0,0.0,0.0,0.0,0.0,False
2017-09-11 13:30:00+00:00,0.0,1.0,0.0,0.0,0.0,0.0,0.0,0.0,False
2017-09-12 13:30:00+00:00,0.0,1.0,0.0,0.0,0.0,0.0,0.0,0.0,False
2017-09-13 13:30:00+00:00,-0.011872225401418881,0.9881277745985811,4.0,4.0,0.003290986907162444,0.0028,1.479643097196771e-05,0.0004761904761904762,True
2017-09-14 13:30:00+00:00,0.0071607580669721576,0.9952035185317372,4.0,0.0,0.0004909869071624439,0.0,1.479643097196771e-05,0.0004761904761904762,False
2017-09-15 13:30:00+00:00,0.006918613496722283,1.0020889470270364,4.0,0.0,0.0004909869071624439,0.0,1.479643097196771e-05,0.0004761904761904762,False
2017-09-18 13:30:00+00:00,-0.0023211546372958474,0.9997629436206616,4.0,0.0,0.0004909869071624439,0.0,1.479643097196771e-05,0.0004761904761904762,False
2017-09-19 13:30:00+00:00,0.003517816116165812,1.0032799258160756,4.0,0.0,0.0004909869071624439,0.0,1.479643097196771e-05,0.0004761904761904762,False
2017-09-20 13:30:00+00:00,-0.007471473648526703,0.995783946288245,4.0,0.0,0.0004909869071624439,0.0,1.479643097196771e-05,0.0004761904761904762,False
2017-09-21 13:30:00+00:00,-0.0018272758192636302,0.9939643743619815,4.0,0.0,0.0004909869071624439,0.0,1.479643097196771e-05,0.0004761904761904762,False
2017-09-22 13:30:00+00:00,0.00028108520048016766,0.9942437630374192,4.0,0.0,0.0004909869071624439,0.0,1.479643097196771e-05,0.0004761904761904762,False
2017-09-25 13:30:00+00:00,-0.0042742997883745935,0.9899940671314756,4.0,0.0,0.0004909869071624439,0.0,1.479643097196771e-05,0.0004761904761904762,False
2017-09-26 13:30:00+00:00,-0.004673259351652776,0.9853675680991727,4.0,0.0,0.0004909869071624439,0.0,1.479643097196771e-05,0.0004761904761904762,False
2017-09-27 13:30:00+00:00,-0.009912060337934988,0.9756005453091294,4.0,0.0,0.0004909869071624439,0.0,1.479643097196771e-05,0.0004761904761904762,False
2017-09-28 13:30:00+00:00,0.00441642792478335,0.9799092148008666,4.0,0.0,0.0004909869071624439,0.0,1.479643097196771e-05,0.0004761904761904762,False
2017-09-29 13:30:00+00:00,0.00716521115988568,0.9869304712424325,4.0,0.0,0.0004909869071624439,0.0,1.479643097196771e-05,0.0004761904761904762,False
2017-10-02 13:30:00+00:00,-0.00547094616674986,0.9815310277639401,4.0,0.0,0.0004909869071624439,0.0,1.479643097196771e-05,0.0004761904761904762,False
2017-10-03 13:30:00+00:00,0.008360924508584213,0.9897375345899075,4.0,0.0,0.0004909869071624439,0.0,1.479643097196771e-05,0.0004761904761904762,False
2017-10-04 13:30:00+00:00,0.0007240357875419676,0.9904541399852242,4.0,0.0,0.0004909869071624439,0.0,1.479643097196771e-05,0.0004761904761904762,False
2017-10-05 13:30:00+00:00,0.0003440177624518989,0.9907948738022732,4.0,0.0,0.0004909869071624439,0.0,1.479643097196771e-05,0.0004761904761904762,False
2017-10-06 13:30:00+00:00,-0.005396688227483969,0.985447862770973,4.0,0.0,0.0004909869071624439,0.0,1.479643097196771e-05,0.0004761904761904762,False
2017-10-09 13:30:00+00:00,0.002202060687619697,0.9876178787692798,4.0,0.0,0.0004909869071624439,0.0,1.479643097196771e-05,0.0004761904761904762,False
2017-10-10 13:30:00+00:00,0.01246783436534349,0.999931334898027,4.0,0.0,0.0004909869071624439,0.0,1.479643097196771e-05,0.0004761904761904762,False
2017-10-11 13:30:00+00:00,0.004993249512819768,1.0049242415488597,4.0,0.0,0.0004909869071624439,0.0,1.479643097196771e-05,0.0004761904761904762,False
2017-10-12 13:30:00+00:00,-0.003910135973861534,1.0009948511209739,4.000000000000001,1.9989818781115158,0.0018873197879247328,0.001399287314678061,1.1841997056195255e-05,0.00047619047619047635,True
2017-10-13 13:30:00+00:00,0.009508010791257385,1.0105123209674252,4.000000000000001,0.0,0.0004880324732466716,0.0,1.1841997056195255e-05,0.00047619047619047635,False
2017-10-16 13:30:00+00:00,-0.0020615657690496985,1.0084290833573157,4.000000000000001,0.0,0.0004880324732466716,0.0,1.1841997056195255e-05,0.00047619047619047635,False
2017-10-17 13:30:00+00:00,-0.002325095964799317,1.0060843889648152,4.000000000000001,0.0,0.0004880324732466716,0.0,1.1841997056195255e-05,0.00047619047619047635,False
2017-10-18 13:30:00+00:00,0.0029782562101618028,1.0090807660441967,4.000000000000001,0.0,0.0004880324732466716,0.0,1.1841997056195255e-05,0.00047619047619047635,False
2017-10-19 13:30:00+00:00,-0.003655601493488321,1.0053919688887951,4.000000000000001,0.0,0.0004880324732466716,0.0,1.1841997056195255e-05,0.00047619047619047635,False
2017-10-20 13:30:00+00:00,0.001405073138250557,1.0068046181376937,4.000000000000001,0.0,0.0004880324732466716,0.0,1.1841997056195255e-05,0.00047619047619047635,False
2017-10-23 13:30:00+00:00,-0.007158509388338629,0.9995973978265323,4.000000000000001,0.0,0.0004880324732466716,0.0,1.1841997056195255e-05,0.00047619047619047635,False
2017-10-24 13:30:00+00:00,0.0012367132508800931,1.0008336131739697,4.000000000000001,0.0,0.0004880324732466716,0.0,1.1841997056195255e-05,0.00047619047619047635,False
2017-10-25 13:30:00+00:00,-0.008168283709594963,0.9926585202754656,4.000000000000001,0.0,0.0004880324732466716,0.0,1.1841997056195255e-05,0.00047619047619047635,False
2017-10-26 13:30:00+00:00,-0.007037965040566976,0.985672224312546,4.000000000000001,0.0,0.0004880324732466716,0.0,1.1841997056195255e-05,0.00047619047619047635,False
2017-10-27 13:30:00+00:00,0.013016412134135276,0.9985021402133678,4.000000000000001,0.0,0.0004880324732466716,0.0,1.1841997056195255e-05,0.00047619047619047635,False
2017-10-30 13:30:00+00:00,-0.00089236752612482,0.9976111093286752,4.000000000000001,0.0,0.0004880324732466716,0.0,1.1841997056195255e-05,0.00047619047619047635,False
2017-10-31 13:30:00+00:00,0.003970684400808948,1.0015723081985604,4.000000000000001,0.0,0.0004880324732466716,0.0,1.1841997056195255e-05,0.00047619047619047635,False
2017-11-01 13:30:00+00:00,0.0031103953192820016,1.0046875940179036,4.000000000000001,0.0,0.0004880324732466716,0.0,1.1841997056195255e-05,0.00047619047619047635,False
2017-11-02 13:30:00+00:00,0.004376245455279963,1.0090843535352008,4.000000000000001,0.0,0.0004880324732466716,0.0,1.1841997056195255e-05,0.00047619047619047635,False
2017-11-03 13:30:00+00:00,-0.000757347324622578,1.0083201261997323,4.000000000000001,0.0,0.0004880324732466716,0.0,1.1841997056195255e-05,0.00047619047619047635,False
2017-11-06 14:30:00+00:00,0.010980599914630258,1.019392086091401,4.000000000000001,0.0,0.0004880324732466716,0.0,1.1841997056195255e-05,0.00047619047619047635,False
2017-11-07 14:30:00+00:00,-0.006843428869798538,1.012415948859799,4.000000000000001,0.0,0.0004880324732466716,0.0,1.1841997056195255e-05,0.00047619047619047635,False
2017-11-08 14:30:00+00:00,-0.0005111116919682742,1.0118984912312017,4.000000000000001,0.0,0.0004880324732466716,0.0,1.1841997056195255e-05,0.00047619047619047635,False
2017-11-09 14:30:00+00:00,-0.009669120495852553,1.0021143227899159,4.000000000000001,0.0,0.0004880324732466716,0.0,1.1841997056195255e-05,0.00047619047619047635,False
2017-11-10 14:30:00+00:00,-0.01246101469722269,0.9896269614853334,3.9999999999999996,3.3311970739353347,0.002820630627927413,0.0023318379517547343,1.260219998220276e-05,0.00047619047619047614,True
2017-11-13 14:30:00+00:00,-0.001510373567918226,0.9881322550806066,3.9999999999999996,0.0,0.0004887926761726789,0.0,1.260219998220276e-05,0.00047619047619047614,False
2017-11-14 14:30:00+00:00,-0.01272066870075995,0.9755625520311915,3.9999999999999996,0.0,0.0004887926761726789,0.0,1.260219998220276e-05,0.00047619047619047614,False
2017-11-15 14:30:00+00:00,-0.006916366930412357,0.9688152034577743,3.9999999999999996,0.0,0.0004887926761726789,0.0,1.260219998220276e-05,0.00047619047619047614,False
2017-11-16 14:30:00+00:00,0.015494730382702205,0.9838267338260153,3.9999999999999996,0.0,0.0004887926761726789,0.0,1.260219998220276e-05,0.00047619047619047614,False
2017-11-17 14:30:00+00:00,0.0011399310052527393,0.9849482284237,3.9999999999999996,0.0,0.0004887926761726789,0.0,1.260219998220276e-05,0.00047619047619047614,False
2017-11-20 14:30:00+00:00,0.0032911120461966755,0.9881898034031453,3.9999999999999996,0.0,0.0004887926761726789,0.0,1.260219998220276e-05,0.00047619047619047614,False
2017-11-21 14:30:00+00:00,0.017195664487755637,1.005182383712687,3.9999999999999996,0.0,0.0004887926761726789,0.0,1.260219998220276e-05,0.00047619047619047614,False
2017-11-22 14:30:00+00:00,-2.73366186982261e-06,1.0051796358839324,3.9999999999999996,0.0,0.0004887926761726789,0.0,1.260219998220276e-05,0.00047619047619047614,False
2017-11-24 14:30:00+00:00,0.005844415470981517,1.0110543232990081,3.9999999999999996,0.0,0.0004887926761726789,0.0,1.260219998220276e-05,0.00047619047619047614,False
2017-11-27 14:30:00+00:00,-0.015163204584523627,0.9957234997487582,3.9999999999999996,0.0,0.0004887926761726789,0.0,1.260219998220276e-05,0.00047619047619047614,False
2017-11-28 14:30:00+00:00,0.01141218825151986,1.0070868837743532,3.9999999999999996,0.0,0.0004887926761726789,0.0,1.260219998220276e-05,0.00047619047619047614,False
2017-11-29 14:30:00+00:00,-0.013627014248096491,0.9933632964600889,3.9999999999999996,0.0,0.0004887926761726789,0.0,1.260219998220276e-05,0.00047619047619047614,False
2017-11-30 14:30:00+00:00,0.0025475790504269676,0.9958939679836137,3.9999999999999996,0.0,0.0004887926761726789,0.0,1.260219998220276e-05,0.00047619047619047614,False
2017-12-01 14:30:00+00:00,0.002733785995894384,0.9986165289666831,3.9999999999999996,0.0,0.0004887926761726789,0.0,1.260219998220276e-05,0.00047619047619047614,False
2017-12-04 14:30:00+00:00,-0.005671198306108857,0.9929531765991549,3.9999999999999996,0.0,0.0004887926761726789,0.0,1.260219998220276e-05,0.00047619047619047614,False
2017-12-05 14:30:00+00:00,-0.0021036418460109235,0.9908643587457314,3.9999999999999996,0.0,0.0004887926761726789,0.0,1.260219998220276e-05,0.00047619047619047614,False
2017-12-06 14:30:00+00:00,-0.011714325605784306,0.9792570510162172,3.9999999999999996,0.0,0.0004887926761726789,0.0,1.260219998220276e-05,0.00047619047619047614,False
2017-12-07 14:30:00+00:00,0.00776838439075541,0.9868642962058688,3.9999999999999996,0.0,0.0004887926761726789,0.0,1.260219998220276e-05,0.00047619047619047614,False
2017-12-08 14:30:00+00:00,0.01416709518426849,1.0008452966241734,3.9999999999999996,0.0,0.0004887926761726789,0.0,1.260219998220276e-05,0.00047619047619047614,False
2017-12-11 14:30:00+00:00,0.005298858206318138,1.0061486339374452,3.9999999999999996,0.0,0.0004887926761726789,0.0,1.260219998220276e-05,0.00047619047619047614,False
2017-12-12 14:30:00+00:00,-0.0049751834699929085,1.0011428598855237,3.9999999999999996,3.0770455816336386,0.0026428028270639135,0.002153931907143547,1.268044372989074e-05,0.00047619047619047614,True
2017-12-13 14:30:00+00:00,0.004997751559685151,1.006146323174984,3.9999999999999996,0.0,0.0004888709199203669,0.0,1.268044372989074e-05,0.00047619047619047614,False
2017-12-14 14:30:00+00:00,-0.0036388220668703234,1.0024851357317146,3.9999999999999996,0.0,0.0004888709199203669,0.0,1.268044372989074e-05,0.00047619047619047614,False
2017-12-15 14:30:00+00:00,0.006230819318831181,1.0087314394822728,3.9999999999999996,0.0,0.0004888709199203669,0.0,1.268044372989074e-05,0.00047619047619047614,False
2017-12-18 14:30:00+00:00,0.00609714679389634,1.0148818231444148,3.9999999999999996,0.0,0.0004888709199203669,0.0,1.268044372989074e-05,0.00047619047619047614,False
2017-12-19 14:30:00+00:00,-0.012588548284516781,1.0021059343106828,3.9999999999999996,0.0,0.0004888709199203669,0.0,1.268044372989074e-05,0.00047619047619047614,False
2017-12-20 14:30:00+00:00,-0.004208851884858119,0.9978882188602318,3.9999999999999996,0.0,0.0004888709199203669,0.0,1.268044372989074e-05,0.00047619047619047614,False
2017-12-21 14:30:00+00:00,0.006792898929202027,1.004666772673591,3.9999999999999996,0.0,0.0004888709199203669,0.0,1.268044372989074e-05,0.00047619047619047614,False
2017-12-22 14:30:00+00:00,0.0033205454627407835,1.0080028143671587,3.9999999999999996,0.0,0.0004888709199203669,0.0,1.268044372989074e-05,0.00047619047619047614,False
2017-12-26 14:30:00+00:00,0.006027254763637288,1.0140783041318129,3.9999999999999996,0.0,0.0004888709199203669,0.0,1.268044372989074e-05,0.00047619047619047614,False
2017-12-27 14:30:00+00:00,0.008978185455974839,1.0231828872131887,3.9999999999999996,0.0,0.0004888709199203669,0.0,1.268044372989074e-05,0.00047619047619047614,False
2017-12-28 14:30:00+00:00,0.0020047102261631523,1.02523407241042,3.9999999999999996,0.0,0.0004888709199203669,0.0,1.268044372989074e-05,0.00047619047619047614,False
2017-12-29 14:30:00+00:00,0.0017053734771532052,1.0269824794053826,3.9999999999999996,0.0,0.0004888709199203669,0.0,1.268044372989074e-05,0.00047619047619047614,False
2018-01-02 14:30:00+00:00,0.000999708289327503,1.0280091623030383,3.9999999999999996,0.0,0.0004888709199203669,0.0,1.268044372989074e-05,0.00047619047619047614,False
2018-01-03 14:30:00+00:00,0.014224486561372731,1.0426320648171858,3.9999999999999996,0.0,0.0004888709199203669,0.0,1.268044372989074e-05,0.00047619047619047614,False
2018-01-04 14:30:00+00:00,0.007185757114721984,1.0501241655949833,3.9999999999999996,0.0,0.0004888709199203669,0.0,1.268044372989074e-05,0.00047619047619047614,False
2018-01-05 14:30:00+00:00,0.004898112094172927,1.0552677914708672,3.9999999999999996,0.0,0.0004888709199203669,0.0,1.268044372989074e-05,0.00047619047619047614,False
2018-01-08 14:30:00+00:00,-0.000702260144754211,1.0545267189588745,3.9999999999999996,0.0,0.0004888709199203669,0.0,1.268044372989074e-05,0.00047619047619047614,False
2018-01-09 14:30:00+00:00,-0.006903977687503776,1.047246290020306,3.9999999999999996,0.0,0.0004888709199203669,0.0,1.268044372989074e-05,0.00047619047619047614,False
2018-01-10 14:30:00+00:00,-0.005018422483930124,1.0419907656922556,3.9999999999999996,0.0,0.0004888709199203669,0.0,1.268044372989074e-05,0.00047619047619047614,False
2018-01-11 14:30:00+00:00,0.013017419491176244,1.0555547965952037,3.9999999999999996,0.0,0.0004888709199203669,0.0,1.268044372989074e-05,0.00047619047619047614,False
2018-01-12 14:30:00+00:00,0.02180618352445989,1.0785724182098826,4.000000000000001,3.0030107773668737,0.002593428745638664,0.0021021075441568114,1.5130725291376433e-05,0.00047619047619047635,True
2018-01-16 14:30:00+00:00,0.002026638855326195,1.08075829498091,4.000000000000001,0.0,0.0004913212014818528,0.0,1.5130725291376433e-05,0.00047619047619047635,False
2018-01-17 14:30:00+00:00,6.480534985498117e-05,1.080828333900325,4.000000000000001,0.0,0.0004913212014818528,0.0,1.5130725291376433e-05,0.00047619047619047635,False
2018-01-18 14:30:00+00:00,-0.0009790966200318297,1.0797700985317686,4.000000000000001,0.0,0.0004913212014818528,0.0,1.5130725291376433e-05,0.00047619047619047635,False
2018-01-19 14:30:00+00:00,0.0047117587184520564,1.0848577147074494,4.000000000000001,0.0,0.0004913212014818528,0.0,1.5130725291376433e-05,0.00047619047619047635,False
2018-01-22 14:30:00+00:00,0.009092845097882291,1.0947221578605268,4.000000000000001,0.0,0.0004913212014818528,0.0,1.5130725291376433e-05,0.00047619047619047635,False
2018-01-23 14:30:00+00:00,0.013032822773740153,1.1089894777304095,4.000000000000001,0.0,0.0004913212014818528,0.0,1.5130725291376433e-05,0.00047619047619047635,False
2018-01-24 14:30:00+00:00,0.020428893572243374,1.131644905743702,4.000000000000001,0.0,0.0004913212014818528,0.0,1.5130725291376433e-05,0.00047619047619047635,False
2018-01-25 14:30:00+00:00,-0.006713847015801938,1.1240472149703271,4.000000000000001,0.0,0.0004913212014818528,0.0,1.5130725291376433e-05,0.00047619047619047635,False
2018-01-26 14:30:00+00:00,0.017672601775315495,1.14391205377715,4.000000000000001,0.0,0.0004913212014818528,0.0,1.5130725291376433e-05,0.00047619047619047635,False
2018-01-29 14:30:00+00:00,-0.017623403980314367,1.1237524295354844,4.000000000000001,0.0,0.0004913212014818528,0.0,1.5130725291376433e-05,0.00047619047619047635,False
2018-01-30 14:30:00+00:00,-0.015956480274119618,1.1058212960606073,4.000000000000001,0.0,0.0004913212014818528,0.0,1.5130725291376433e-05,0.00047619047619047635,False
2018-01-31 14:30:00+00:00,0.004637498024341378,1.110949540136363,4.000000000000001,0.0,0.0004913212014818528,0.0,1.5130725291376433e-05,0.00047619047619047635,False
2018-02-01 14:30:00+00:00,0.007634271693068311,1.1194308307630534,4.000000000000001,0.0,0.0004913212014818528,0.0,1.5130725291376433e-05,0.00047619047619047635,False
2018-02-02 14:30:00+00:00,-0.04176650827562416,1.0726761137059995,4.000000000000001,0.0,0.0004913212014818528,0.0,1.5130725291376433e-05,0.00047619047619047635,False
2018-02-05 14:30:00+00:00,-0.04691910132668336,1.0223471144363148,4.000000000000001,0.0,0.0004913212014818528,0.0,1.5130725291376433e-05,0.00047619047619047635,False
2018-02-06 14:30:00+00:00,0.017346881132618126,1.0400816483067166,4.000000000000001,0.0,0.0004913212014818528,0.0,1.5130725291376433e-05,0.00047619047619047635,False
2018-02-07 14:30:00+00:00,-0.0294075889240606,1.0094953547458534,4.000000000000001,0.0,0.0004913212014818528,0.0,1.5130725291376433e-05,0.00047619047619047635,False
2018-02-08 14:30:00+00:00,-0.03886249108027046,0.9702638505264681,4.000000000000001,0.0,0.0004913212014818528,0.0,1.5130725291376433e-05,0.00047619047619047635,False
2018-02-09 14:30:00+00:00,-0.001736884118084876,0.9685786146541367,4.000000000000001,0.0,0.0004913212014818528,0.0,1.5130725291376433e-05,0.00047619047619047635,False
2018-02-12 14:30:00+00:00,0.025320498406578285,0.9931035079231326,4.000000000000001,0.0,0.0004913212014818528,0.0,1.5130725291376433e-05,0.00047619047619047635,False
2018-02-13 14:30:00+00:00,0.004642304073572489,0.9977137963834434,3.9999999999999996,4.2656103594778685,0.0035131217116666667,0.0029859272516345077,5.1003983841683096e-05,0.00047619047619047614,True
2018-02-14 14:30:00+00:00,0.028116490723401177,1.025766007084068,3.9999999999999996,0.0,0.0005271944600321592,0.0,5.1003983841683096e-05,0.00047619047619047614,False
2018-02-15 14:30:00+00:00,0.004753809052700275,1.0306423028144962,3.9999999999999996,0.0,0.0005271944600321592,0.0,5.1003983841683096e-05,0.00047619047619047614,False
2018-02-16 14:30:00+00:00,-0.016321111261045074,1.013821075119921,3.9999999999999996,0.0,0.0005271944600321592,0.0,5.1003983841683096e-05,0.00047619047619047614,False
2018-02-20 14:30:00+00:00,-0.009720612367621844,1.0039661134385547,3.9999999999999996,0.0,0.0005271944600321592,0.0,5.1003983841683096e-05,0.00047619047619047614,False
2018-02-21 14:30:00+00:00,0.0029823924577688475,1.0069603344031293,3.9999999999999996,0.0,0.0005271944600321592,0.0,5.1003983841683096e-05,0.00047619047619047614,False
2018-02-22 14:30:00+00:00,0.0045290178419714255,1.0115208757237986,3.9999999999999996,0.0,0.0005271944600321592,0.0,5.1003983841683096e-05,0.00047619047619047614,False
2018-02-23 14:30:00+00:00,-0.012631104847243533,0.9987442494873557,3.9999999999999996,0.0,0.0005271944600321592,0.0,5.1003983841683096e-05,0.00047619047619047614,False
2018-02-26 14:30:00+00:00,0.00030897355537562747,0.9990528350490309,3.9999999999999996,0.0,0.0005271944600321592,0.0,5.1003983841683096e-05,0.00047619047619047614,False
2018-02-27 14:30:00+00:00,-0.004651232685843971,0.9944060078477657,3.9999999999999996,0.0,0.0005271944600321592,0.0,5.1003983841683096e-05,0.00047619047619047614,False
2018-02-28 14:30:00+00:00,-0.005989505223231452,0.9884500078697487,3.9999999999999996,0.0,0.0005271944600321592,0.0,5.1003983841683096e-05,0.00047619047619047614,False
2018-03-01 14:30:00+00:00,-3.656311853581168e-05,0.9884138670549442,3.9999999999999996,0.0,0.0005271944600321592,0.0,5.1003983841683096e-05,0.00047619047619047614,False
2018-03-02 14:30:00+00:00,0.013086881545530298,1.0013491222510518,3.9999999999999996,0.0,0.0005271944600321592,0.0,5.1003983841683096e-05,0.00047619047619047614,False
2018-03-05 14:30:00+00:00,-0.0019268526252919724,0.9994196700660085,3.9999999999999996,0.0,0.0005271944600321592,0.0,5.1003983841683096e-05,0.00047619047619047614,False
2018-03-06 14:30:00+00:00,0.00424146504927595,1.0036586736661524,3.9999999999999996,0.0,0.0005271944600321592,0.0,5.1003983841683096e-05,0.00047619047619047614,False
2018-03-07 14:30:00+00:00,-0.00018215065904183658,1.003475856577291,3.9999999999999996,0.0,0.0005271944600321592,0.0,5.1003983841683096e-05,0.00047619047619047614,False
2018-03-08 14:30:00+00:00,-0.013724683495651398,0.98970346805024,3.9999999999999996,0.0,0.0005271944600321592,0.0,5.1003983841683096e-05,0.00047619047619047614,False
2018-03-09 14:30:00+00:00,0.002728854368322769,0.9924042246823731,3.9999999999999996,0.0,0.0005271944600321592,0.0,5.1003983841683096e-05,0.00047619047619047614,False
2018-03-12 13:30:00+00:00,-7.212355269602079e-05,0.9923326489639784,3.9999999999999996,0.0,0.0005271944600321592,0.0,5.1003983841683096e-05,0.00047619047619047614,False
2018-03-13 13:30:00+00:00,-0.0010828246239245713,0.9912581267365559,3.9999999999999996,0.0,0.0005271944600321592,0.0,5.1003983841683096e-05,0.00047619047619047614,False
2018-03-14 13:30:00+00:00,-0.0033354560707521312,0.9879518288000501,3.9999999999999996,0.0,0.0005271944600321592,0.0,5.1003983841683096e-05,0.00047619047619047614,False
2018-03-15 13:30:00+00:00,-0.010879612371591643,0.9772032958609005,4.0,3.4216175696503157,0.0028891980125652023,0.002395132298755221,1.787523761950513e-05,0.0004761904761904762,True
2018-03-16 13:30:00+00:00,0.00020630601540192253,0.9774048987791071,4.0,0.0,0.0004940657138099813,0.0,1.787523761950513e-05,0.0004761904761904762,False
2018-03-19 13:30:00+00:00,-0.004348026404001816,0.9731551164718149,4.0,0.0,0.0004940657138099813,0.0,1.787523761950513e-05,0.0004761904761904762,False
2018-03-20 13:30:00+00:00,-0.0026224825296398964,0.9706030341802379,4.0,0.0,0.0004940657138099813,0.0,1.787523761950513e-05,0.0004761904761904762,False
2018-03-21 13:30:00+00:00,0.030749727279648826,1.00044881277808,4.0,0.0,0.0004940657138099813,0.0,1.787523761950513e-05,0.0004761904761904762,False
2018-03-22 13:30:00+00:00,-0.020984532674172156,0.9794548619775016,4.0,0.0,0.0004940657138099813,0.0,1.787523761950513e-05,0.0004761904761904762,False
2018-03-23 13:30:00+00:00,0.01010662878461472,0.9893538486787944,4.0,0.0,0.0004940657138099813,0.0,1.787523761950513e-05,0.0004761904761904762,False
2018-03-26 13:30:00+00:00,0.01724372030215942,1.0064139897252764,4.0,0.0,0.0004940657138099813,0.0,1.787523761950513e-05,0.0004761904761904762,False
2018-03-27 13:30:00+00:00,-0.01770563123042503,0.9885947947580599,4.0,0.0,0.0004940657138099813,0.0,1.787523761950513e-05,0.0004761904761904762,False
2018-03-28 13:30:00+00:00,-0.025884432455201594,0.963005579567581,4.0,0.0,0.0004940657138099813,0.0,1.787523761950513e-05,0.0004761904761904762,False
2018-03-29 13:30:00+00:00,0.01568871729346395,0.9781139018574452,4.0,0.0,0.0004940657138099813,0.0,1.787523761950513e-05,0.0004761904761904762,False
2018-04-02 13:30:00+00:00,-0.012618624499398856,0.9657714498122641,4.0,0.0,0.0004940657138099813,0.0,1.787523761950513e-05,0.0004761904761904762,False
2018-04-03 13:30:00+00:00,-0.0021904314857618496,0.9636559936205455,4.0,0.0,0.0004940657138099813,0.0,1.787523761950513e-05,0.0004761904761904762,False
2018-04-04 13:30:00+00:00,0.001389302703398699,0.9649948034976289,4.0,0.0,0.0004940657138099813,0.0,1.787523761950513e-05,0.0004761904761904762,False
2018-04-05 13:30:00+00:00,-0.005675629874010898,0.9595178501626325,4.0,0.0,0.0004940657138099813,0.0,1.787523761950513e-05,0.0004761904761904762,False
2018-04-06 13:30:00+00:00,-0.006147094754694682,0.9536196030188618,4.0,0.0,0.0004940657138099813,0.0,1.787523761950513e-05,0.0004761904761904762,False
2018-04-09 13:30:00+00:00,0.016568445061034734,0.9694195970206057,4.0,0.0,0.0004940657138099813,0.0,1.787523761950513e-05,0.0004761904761904762,False
2018-04-10 13:30:00+00:00,0.02200937378399169,0.9907559152849588,4.0,0.0,0.0004940657138099813,0.0,1.787523761950513e-05,0.0004761904761904762,False
2018-04-11 13:30:00+00:00,0.008783229133179162,0.9994579515039591,4.0,0.0,0.0004940657138099813,0.0,1.787523761950513e-05,0.0004761904761904762,False
2018-04-12 13:30:00+00:00,-0.006987531079352479,0.9924742080053193,4.0,0.0,0.0004940657138099813,0.0,1.787523761950513e-05,0.0004761904761904762,False
2018-04-13 13:30:00+00:00,0.0002930910248626706,0.9927650932880933,4.0,0.0,0.0004940657138099813,0.0,1.787523761950513e-05,0.0004761904761904762,False
2018-04-16 13:30:00+00:00,-0.006154625114057937,0.9866549963125822,3.9999999999999996,3.579784425715449,0.0030061131141933214,0.0025058490980008146,2.4073540002030696e-05,0.00047619047619047614,True
2018-04-17 13:30:00+00:00,-0.0029539264277775703,0.9837404900438758,3.9999999999999996,0.0,0.0005002640161925068,0.0,2.4073540002030696e-05,0.00047619047619047614,False
2018-04-18 13:30:00+00:00,0.013622509779835888,0.997141504490319,3.9999999999999996,0.0,0.0005002640161925068,0.0,2.4073540002030696e-05,0.00047619047619047614,False
2018-04-19 13:30:00+00:00,-0.004809901589360403,0.9923453519830537,3.9999999999999996,0.0,0.0005002640161925068,0.0,2.4073540002030696e-05,0.00047619047619047614,False
2018-04-20 13:30:00+00:00,-0.0076712217360337875,0.9847328507492693,3.9999999999999996,0.0,0.0005002640161925068,0.0,2.4073540002030696e-05,0.00047619047619047614,False
2018-04-23 13:30:00+00:00,-0.007820118427487003,0.9770321232369732,3.9999999999999996,0.0,0.0005002640161925068,0.0,2.4073540002030696e-05,0.00047619047619047614,False
2018-04-24 13:30:00+00:00,-0.005844067881351503,0.9713222811865153,3.9999999999999996,0.0,0.0005002640161925068,0.0,2.4073540002030696e-05,0.00047619047619047614,False
2018-04-25 13:30:00+00:00,-0.007138559234374216,0.9643884395465979,3.9999999999999996,0.0,0.0005002640161925068,0.0,2.4073540002030696e-05,0.00047619047619047614,False
2018-04-26 13:30:00+00:00,-0.005048431486334141,0.9595197905833343,3.9999999999999996,0.0,0.0005002640161925068,0.0,2.4073540002030696e-05,0.00047619047619047614,False
2018-04-27 13:30:00+00:00,-0.002223526554229693,0.9573862728496634,3.9999999999999996,0.0,0.0005002640161925068,0.0,2.4073540002030696e-05,0.00047619047619047614,False
2018-04-30 13:30:00+00:00,-0.0025804898761814057,0.9549157472649797,3.9999999999999996,0.0,0.0005002640161925068,0.0,2.4073540002030696e-05,0.00047619047619047614,False
2018-05-01 13:30:00+00:00,-0.019055677404850646,0.9367191808362864,3.9999999999999996,0.0,0.0005002640161925068,0.0,2.4073540002030696e-05,0.00047619047619047614,False
2018-05-02 13:30:00+00:00,-0.0008328104684531461,0.935939071296485,3.9999999999999996,0.0,0.0005002640161925068,0.0,2.4073540002030696e-05,0.00047619047619047614,False
2018-05-03 13:30:00+00:00,0.012102533830974722,0.9472663055705819,3.9999999999999996,0.0,0.0005002640161925068,0.0,2.4073540002030696e-05,0.00047619047619047614,False
2018-05-04 13:30:00+00:00,0.00390242884639159,0.9509629449266553,3.9999999999999996,0.0,0.0005002640161925068,0.0,2.4073540002030696e-05,0.00047619047619047614,False
2018-05-07 13:30:00+00:00,-0.003985217275996673,0.947173150969701,3.9999999999999996,0.0,0.0005002640161925068,0.0,2.4073540002030696e-05,0.00047619047619047614,False
2018-05-08 13:30:00+00:00,-0.0013610195300780149,0.9458840298128657,3.9999999999999996,0.0,0.0005002640161925068,0.0,2.4073540002030696e-05,0.00047619047619047614,False
2018-05-09 13:30:00+00:00,0.003438765463275451,0.94913670314685,3.9999999999999996,0.0,0.0005002640161925068,0.0,2.4073540002030696e-05,0.00047619047619047614,False
2018-05-10 13:30:00+00:00,0.009472738135137698,0.9581276265902079,3.9999999999999996,0.0,0.0005002640161925068,0.0,2.4073540002030696e-05,0.00047619047619047614,False
2018-05-11 13:30:00+00:00,-0.0032318728982056533,0.9550310798808088,3.9999999999999996,0.0,0.0005002640161925068,0.0,2.4073540002030696e-05,0.00047619047619047614,False
2018-05-14 13:30:00+00:00,0.0034433893702186984,0.9583196237494988,3.9999999999999996,0.0,0.0005002640161925068,0.0,2.4073540002030696e-05,0.00047619047619047614,False
2018-05-15 13:30:00+00:00,0.004805543474375805,0.9629248703637745,4.0,5.1859818632178865,0.004151621567239727,0.0036301873042525203,4.5243786796730585e-05,0.0004761904761904762,True
2018-05-16 13:30:00+00:00,0.008028183127037283,0.9706554075606335,4.0,0.0,0.0005214342629872068,0.0,4.5243786796730585e-05,0.0004761904761904762,False
2018-05-17 13:30:00+00:00,0.001726896748304864,0.9723316292276745,4.0,0.0,0.0005214342629872068,0.0,4.5243786796730585e-05,0.0004761904761904762,False
2018-05-18 13:30:00+00:00,-0.008771931741261224,0.96380240254622,4.0,0.0,0.0005214342629872068,0.0,4.5243786796730585e-05,0.0004761904761904762,False
2018-05-21 13:30:00+00:00,0.008472320598272454,0.9719680454939768,4.0,0.0,0.0005214342629872068,0.0,4.5243786796730585e-05,0.0004761904761904762,False
2018-05-22 13:30:00+00:00,-0.0008053923277041458,0.9711852298873623,4.0,0.0,0.0005214342629872068,0.0,4.5243786796730585e-05,0.0004761904761904762,False
2018-05-23 13:30:00+00:00,-0.007614263125877416,0.9637903700030342,4.0,0.0,0.0005214342629872068,0.0,4.5243786796730585e-05,0.0004761904761904762,False
2018-05-24 13:30:00+00:00,-0.013218208713847763,0.9510507877359377,4.0,0.0,0.0005214342629872068,0.0,4.5243786796730585e-05,0.0004761904761904762,False
2018-05-25 13:30:00+00:00,-0.017073550481716392,0.934812974100852,4.0,0.0,0.0005214342629872068,0.0,4.5243786796730585e-05,0.0004761904761904762,False
2018-05-29 13:30:00+00:00,-0.026230327270727036,0.9102925238532649,4.0,0.0,0.0005214342629872068,0.0,4.5243786796730585e-05,0.0004761904761904762,False
2018-05-30 13:30:00+00:00,0.02046398273843572,0.9289207343483251,4.0,0.0,0.0005214342629872068,0.0,4.5243786796730585e-05,0.0004761904761904762,False
2018-05-31 13:30:00+00:00,-0.008214497231756188,0.9212901175474999,4.0,0.0,0.0005214342629872068,0.0,4.5243786796730585e-05,0.0004761904761904762,False
2018-06-01 13:30:00+00:00,0.007742137400741088,0.9284228722234976,4.0,0.0,0.0005214342629872068,0.0,4.5243786796730585e-05,0.0004761904761904762,False
2018-06-04 13:30:00+00:00,0.0021401432729908666,0.9304098301879775,4.0,0.0,0.0005214342629872068,0.0,4.5243786796730585e-05,0.0004761904761904762,False
2018-06-05 13:30:00+00:00,-0.0035027417118827283,0.9271508448666324,4.0,0.0,0.0005214342629872068,0.0,4.5243786796730585e-05,0.0004761904761904762,False
2018-06-06 13:30:00+00:00,0.011360399369901152,0.9376836487404586,4.0,0.0,0.0005214342629872068,0.0,4.5243786796730585e-05,0.0004761904761904762,False
2018-06-07 13:30:00+00:00,-0.006871211415416071,0.9312406261491842,4.0,0.0,0.0005214342629872068,0.0,4.5243786796730585e-05,0.0004761904761904762,False
2018-06-08 13:30:00+00:00,0.00178800808617822,0.9329056919189167,4.0,0.0,0.0005214342629872068,0.0,4.5243786796730585e-05,0.0004761904761904762,False
2018-06-11 13:30:00+00:00,0.005073926314195776,0.937639186657807,4.0,0.0,0.0005214342629872068,0.0,4.5243786796730585e-05,0.0004761904761904762,False
2018-06-12 13:30:00+00:00,0.0007931404218128174,0.9383828661978211,4.0,0.0,0.0005214342629872068,0.0,4.5243786796730585e-05,0.0004761904761904762,False
2018-06-13 13:30:00+00:00,1.6590789836147903e-05,0.93839843471074,4.0,0.0,0.0005214342629872068,0.0,4.5243786796730585e-05,0.0004761904761904762,False
2018-06-14 13:30:00+00:00,0.002903744601355005,0.9411233040994512,3.9999999999999996,3.0226478759072646,0.0026369553956679084,0.002115853513135085,4.4911406342347456e-05,0.00047619047619047614,True
2018-06-15 13:30:00+00:00,-0.0025719030779824243,0.9387028261768768,3.9999999999999996,0.0,0.0005211018825328236,0.0,4.4911406342347456e-05,0.00047619047619047614,False
2018-06-18 13:30:00+00:00,0.003295601761445574,0.9417964168642994,3.9999999999999996,0.0,0.0005211018825328236,0.0,4.4911406342347456e-05,0.00047619047619047614,False
2018-06-19 13:30:00+00:00,-0.005662307262960631,0.9364636761728583,3.9999999999999996,0.0,0.0005211018825328236,0.0,4.4911406342347456e-05,0.00047619047619047614,False
2018-06-20 13:30:00+00:00,0.011174092336552288,0.946927807760241,3.9999999999999996,0.0,0.0005211018825328236,0.0,4.4911406342347456e-05,0.00047619047619047614,False
2018-06-21 13:30:00+00:00,-0.006124876932250053,0.9411279914739842,3.9999999999999996,0.0,0.0005211018825328236,0.0,4.4911406342347456e-05,0.00047619047619047614,False
2018-06-22 13:30:00+00:00,0.0007583341504568598,0.9418416809698699,3.9999999999999996,0.0,0.0005211018825328236,0.0,4.4911406342347456e-05,0.00047619047619047614,False
2018-06-25 13:30:00+00:00,-0.007119196093494891,0.9351365253540185,3.9999999999999996,0.0,0.0005211018825328236,0.0,4.4911406342347456e-05,0.00047619047619047614,False
2018-06-26 13:30:00+00:00,0.003994956637762284,0.9388723552231956,3.9999999999999996,0.0,0.0005211018825328236,0.0,4.4911406342347456e-05,0.00047619047619047614,False
2018-06-27 13:30:00+00:00,-0.0017060382557844474,0.9372706030678863,3.9999999999999996,0.0,0.0005211018825328236,0.0,4.4911406342347456e-05,0.00047619047619047614,False
2018-06-28 13:30:00+00:00,0.0013324684157042807,0.9385194865434424,3.9999999999999996,0.0,0.0005211018825328236,0.0,4.4911406342347456e-05,0.00047619047619047614,False
2018-06-29 13:30:00+00:00,-0.004942654105544118,0.9338807093501453,3.9999999999999996,0.0,0.0005211018825328236,0.0,4.4911406342347456e-05,0.00047619047619047614,False
2018-07-02 13:30:00+00:00,0.0036851024929685163,0.9373221554803067,3.9999999999999996,0.0,0.0005211018825328236,0.0,4.4911406342347456e-05,0.00047619047619047614,False
2018-07-03 13:30:00+00:00,-0.009931804501263847,0.9280128550773731,3.9999999999999996,0.0,0.0005211018825328236,0.0,4.4911406342347456e-05,0.00047619047619047614,False
2018-07-05 13:30:00+00:00,0.0011256139556224693,0.9290574392980452,3.9999999999999996,0.0,0.0005211018825328236,0.0,4.4911406342347456e-05,0.00047619047619047614,False
2018-07-06 13:30:00+00:00,0.00023307652252738044,0.9292739807752249,3.9999999999999996,0.0,0.0005211018825328236,0.0,4.4911406342347456e-05,0.00047619047619047614,False
2018-07-09 13:30:00+00:00,0.003655194745444522,0.9326706581468329,3.9999999999999996,0.0,0.0005211018825328236,0.0,4.4911406342347456e-05,0.00047619047619047614,False
2018-07-10 13:30:00+00:00,0.004250381270346528,0.936634864043622,3.9999999999999996,0.0,0.0005211018825328236,0.0,4.4911406342347456e-05,0.00047619047619047614,False
2018-07-11 13:30:00+00:00,-0.0023231388799856167,0.9344589311746122,3.9999999999999996,0.0,0.0005211018825328236,0.0,4.4911406342347456e-05,0.00047619047619047614,False
2018-07-12 13:30:00+00:00,0.004081429781678476,0.9382728596860637,3.9999999999999996,0.0,0.0005211018825328236,0.0,4.4911406342347456e-05,0.00047619047619047614,False
2018-07-13 13:30:00+00:00,-0.0025143279072003637,0.9359137340503862,3.9999999999999996,0.0,0.0005211018825328236,0.0,4.4911406342347456e-05,0.00047619047619047614,False
2018-07-16 13:30:00+00:00,-0.01038651081983271,0.9261928559252419,4.0,2.960106616585789,0.002567729017998146,0.0020720746316100526,1.946391019761704e-05,0.0004761904761904762,True
2018-07-17 13:30:00+00:00,0.003509962442165085,0.9294437580637411,4.0,0.0,0.0004956543863880933,0.0,1.946391019761704e-05,0.0004761904761904762,False
2018-07-18 13:30:00+00:00,-0.00047307495049032976,0.9290040615039116,4.0,0.0,0.0004956543863880933,0.0,1.946391019761704e-05,0.0004761904761904762,False
2018-07-19 13:30:00+00:00,0.006174329455544766,0.9347400386451759,4.0,0.0,0.0004956543863880933,0.0,1.946391019761704e-05,0.0004761904761904762,False
2018-07-20 13:30:00+00:00,-0.01751955423883265,0.9183638098389232,4.0,0.0,0.0004956543863880933,0.0,1.946391019761704e-05,0.0004761904761904762,False
2018-07-23 13:30:00+00:00,-0.004052579568322329,0.9146420674268834,4.0,0.0,0.0004956543863880933,0.0,1.946391019761704e-05,0.0004761904761904762,False
2018-07-24 13:30:00+00:00,0.0017850599054858485,0.9162747583093178,4.0,0.0,0.0004956543863880933,0.0,1.946391019761704e-05,0.0004761904761904762,False
2018-07-25 13:30:00+00:00,4.253318204138206e-05,0.9163137303904129,4.0,0.0,0.0004956543863880933,0.0,1.946391019761704e-05,0.0004761904761904762,False
2018-07-26 13:30:00+00:00,0.006626426854072894,0.9223856163002278,4.0,0.0,0.0004956543863880933,0.0,1.946391019761704e-05,0.0004761904761904762,False
2018-07-27 13:30:00+00:00,-0.008281039382076118,0.914747304686185,4.0,0.0,0.0004956543863880933,0.0,1.946391019761704e-05,0.0004761904761904762,False
2018-07-30 13:30:00+00:00,-0.003532166634128515,0.9115162647779136,4.0,0.0,0.0004956543863880933,0.0,1.946391019761704e-05,0.0004761904761904762,False
2018-07-31 13:30:00+00:00,0.009582400094849106,0.9202507783199779,4.0,0.0,0.0004956543863880933,0.0,1.946391019761704e-05,0.0004761904761904762,False
2018-08-01 13:30:00+00:00,0.0016862967396181865,0.9218025942070901,4.0,0.0,0.0004956543863880933,0.0,1.946391019761704e-05,0.0004761904761904762,False
2018-08-02 13:30:00+00:00,0.009679293611531622,0.930724992168292,4.0,0.0,0.0004956543863880933,0.0,1.946391019761704e-05,0.0004761904761904762,False
2018-08-03 13:30:00+00:00,0.0043133947908519975,0.9347395765012264,4.0,0.0,0.0004956543863880933,0.0,1.946391019761704e-05,0.0004761904761904762,False
2018-08-06 13:30:00+00:00,0.0058788446560838524,0.9402347652653706,4.0,0.0,0.0004956543863880933,0.0,1.946391019761704e-05,0.0004761904761904762,False
2018-08-07 13:30:00+00:00,-0.004120044319555345,0.9363609563616906,4.0,0.0,0.0004956543863880933,0.0,1.946391019761704e-05,0.0004761904761904762,False
2018-08-08 13:30:00+00:00,-0.006737189830170363,0.930052514849122,4.0,0.0,0.0004956543863880933,0.0,1.946391019761704e-05,0.0004761904761904762,False
2018-08-09 13:30:00+00:00,0.007229164276893395,0.9367760172651041,4.0,0.0,0.0004956543863880933,0.0,1.946391019761704e-05,0.0004761904761904762,False
2018-08-10 13:30:00+00:00,0.006887152712900265,0.9432277367537912,4.0,0.0,0.0004956543863880933,0.0,1.946391019761704e-05,0.0004761904761904762,False
2018-08-13 13:30:00+00:00,-0.00048290852491714186,0.9427722440387745,4.0,0.0,0.0004956543863880933,0.0,1.946391019761704e-05,0.0004761904761904762,False
2018-08-14 13:30:00+00:00,0.006878810137010561,0.9492573953079605,4.0,2.037218128860762,0.0019385623466606054,0.0014260526902025333,3.6319180267595965e-05,0.0004761904761904762,True
2018-08-15 13:30:00+00:00,0.004884311136295191,0.9538938637750738,4.0,0.0,0.0005125096564580721,0.0,3.6319180267595965e-05,0.0004761904761904762,False
2018-08-16 13:30:00+00:00,0.0019769276196869943,0.9557796429006207,4.0,0.0,0.0005125096564580721,0.0,3.6319180267595965e-05,0.0004761904761904762,False
2018-08-17 13:30:00+00:00,-0.008042811226932137,0.9480924876582263,4.0,0.0,0.0005125096564580721,0.0,3.6319180267595965e-05,0.0004761904761904762,False
2018-08-20 13:30:00+00:00,-0.007311885206397897,0.9411601442234211,4.0,0.0,0.0005125096564580721,0.0,3.6319180267595965e-05,0.0004761904761904762,False
2018-08-21 13:30:00+00:00,-0.005514718394125007,0.9359699110642549,4.0,0.0,0.0005125096564580721,0.0,3.6319180267595965e-05,0.0004761904761904762,False
2018-08-22 13:30:00+00:00,-0.008073144828191032,0.9284136904174041,4.0,0.0,0.0005125096564580721,0.0,3.6319180267595965e-05,0.0004761904761904762,False
2018-08-23 13:30:00+00:00,0.010631900928335885,0.9382844927944327,4.0,0.0,0.0005125096564580721,0.0,3.6319180267595965e-05,0.0004761904761904762,False
2018-08-24 13:30:00+00:00,-0.011342072964008834,0.9276424016161603,4.0,0.0,0.0005125096564580721,0.0,3.6319180267595965e-05,0.0004761904761904762,False
2018-08-27 13:30:00+00:00,-0.003902388244003711,0.924022380813454,4.0,0.0,0.0005125096564580721,0.0,3.6319180267595965e-05,0.0004761904761904762,False
2018-08-28 13:30:00+00:00,0.006297625609177313,0.9298415278223179,4.0,0.0,0.0005125096564580721,0.0,3.6319180267595965e-05,0.0004761904761904762,False
2018-08-29 13:30:00+00:00,-0.0033250228592672237,0.9267497834868128,4.0,0.0,0.0005125096564580721,0.0,3.6319180267595965e-05,0.0004761904761904762,False
2018-08-30 13:30:00+00:00,-0.00011100000782203641,0.9266469142535967,4.0,0.0,0.0005125096564580721,0.0,3.6319180267595965e-05,0.0004761904761904762,False
2018-08-31 13:30:00+00:00,0.007595881406784316,0.9336856143202296,4.0,0.0,0.0005125096564580721,0.0,3.6319180267595965e-05,0.0004761904761904762,False
2018-09-04 13:30:00+00:00,0.0050956733881241814,0.9384433712579956,4.0,0.0,0.0005125096564580721,0.0,3.6319180267595965e-05,0.0004761904761904762,False
2018-09-05 13:30:00+00:00,-0.0041801862221628825,0.9345205032071828,4.0,0.0,0.0005125096564580721,0.0,3.6319180267595965e-05,0.0004761904761904762,False
2018-09-06 13:30:00+00:00,-0.0024298215222713923,0.9322497851754861,4.0,0.0,0.0005125096564580721,0.0,3.6319180267595965e-05,0.0004761904761904762,False
2018-09-07 13:30:00+00:00,0.005442855489138246,0.9373238860359763,4.0,0.0,0.0005125096564580721,0.0,3.6319180267595965e-05,0.0004761904761904762,False
2018-09-10 13:30:00+00:00,-0.0002436151021260727,0.9370955397817544,4.0,0.0,0.0005125096564580721,0.0,3.6319180267595965e-05,0.0004761904761904762,False
2018-09-11 13:30:00+00:00,0.0024032354460710743,0.939347600999313,4.0,0.0,0.0005125096564580721,0.0,3.6319180267595965e-05,0.0004761904761904762,False
2018-09-12 13:30:00+00:00,-0.006970363724786083,0.9328000065563425,4.0,0.0,0.0005125096564580721,0.0,3.6319180267595965e-05,0.0004761904761904762,False
2018-09-13 13:30:00+00:00,-0.00029028378512714354,0.9325292298396727,3.999999999999999,2.521700335759863,0.0022722032244216327,0.0017651902350319041,3.082251319925265e-05,0.0004761904761904761,True
2018-09-14 13:30:00+00:00,0.0014959685371811107,0.9339242642275146,3.999999999999999,0.0,0.0005070129893897287,0.0,3.082251319925265e-05,0.0004761904761904761,False
2018-09-17 13:30:00+00:00,-0.004629952440715678,0.9296002393009108,3.999999999999999,0.0,0.0005070129893897287,0.0,3.082251319925265e-05,0.0004761904761904761,False
2018-09-18 13:30:00+00:00,0.002508876605535883,0.9319324915937934,3.999999999999999,0.0,0.0005070129893897287,0.0,3.082251319925265e-05,0.0004761904761904761,False
2018-09-19 13:30:00+00:00,-0.006368504035099011,0.9259974757606385,3.999999999999999,0.0,0.0005070129893897287,0.0,3.082251319925265e-05,0.0004761904761904761,False
2018-09-20 13:30:00+00:00,-0.0008421112473943341,0.9252176828712417,3.999999999999999,0.0,0.0005070129893897287,0.0,3.082251319925265e-05,0.0004761904761904761,False
2018-09-21 13:30:00+00:00,0.001981122024799146,0.9270506520005116,3.999999999999999,0.0,0.0005070129893897287,0.0,3.082251319925265e-05,0.0004761904761904761,False
2018-09-24 13:30:00+00:00,-0.0003096141023963834,0.9267636240450166,3.999999999999999,0.0,0.0005070129893897287,0.0,3.082251319925265e-05,0.0004761904761904761,False
2018-09-25 13:30:00+00:00,-0.0023632117308814357,0.9245734853769192,3.999999999999999,0.0,0.0005070129893897287,0.0,3.082251319925265e-05,0.0004761904761904761,False
2018-09-26 13:30:00+00:00,-0.006342830270893072,0.9187090726862053,3.999999999999999,0.0,0.0005070129893897287,0.0,3.082251319925265e-05,0.0004761904761904761,False
2018-09-27 13:30:00+00:00,0.011549209205488615,0.9293194359656386,3.999999999999999,0.0,0.0005070129893897287,0.0,3.082251319925265e-05,0.0004761904761904761,False
2018-09-28 13:30:00+00:00,0.010752215428392085,0.939311678742933,3.999999999999999,0.0,0.0005070129893897287,0.0,3.082251319925265e-05,0.0004761904761904761,False
2018-10-01 13:30:00+00:00,0.00930591906987173,0.9480528372067,3.999999999999999,0.0,0.0005070129893897287,0.0,3.082251319925265e-05,0.0004761904761904761,False
2018-10-02 13:30:00+00:00,-0.0031986247218749914,0.9450203719639668,3.999999999999999,0.0,0.0005070129893897287,0.0,3.082251319925265e-05,0.0004761904761904761,False
2018-10-03 13:30:00+00:00,0.004756134022684385,0.9495150155071946,3.999999999999999,0.0,0.0005070129893897287,0.0,3.082251319925265e-05,0.0004761904761904761,False
2018-10-04 13:30:00+00:00,-0.008152349198215152,0.9417742375318313,3.999999999999999,0.0,0.0005070129893897287,0.0,3.082251319925265e-05,0.0004761904761904761,False
2018-10-05 13:30:00+00:00,-0.007242157883217246,0.9349537598132792,3.999999999999999,0.0,0.0005070129893897287,0.0,3.082251319925265e-05,0.0004761904761904761,False
2018-10-08 13:30:00+00:00,0.00023108780732140823,0.9351698162275814,3.999999999999999,0.0,0.0005070129893897287,0.0,3.082251319925265e-05,0.0004761904761904761,False
2018-10-09 13:30:00+00:00,0.0018117486434677441,0.9368641088735437,3.999999999999999,0.0,0.0005070129893897287,0.0,3.082251319925265e-05,0.0004761904761904761,False
2018-10-10 13:30:00+00:00,-0.0225460064594884,0.9157415646232179,3.999999999999999,0.0,0.0005070129893897287,0.0,3.082251319925265e-05,0.0004761904761904761,False
2018-10-11 13:30:00+00:00,-0.0213128160726208,0.8962245330863492,3.999999999999999,0.0,0.0005070129893897287,0.0,3.082251319925265e-05,0.0004761904761904761,False
2018-10-12 13:30:00+00:00,0.00029176523308298025,0.8964860202461398,4.0,4.451729513741405,0.003650208568311569,0.0031162106596189835,5.780743250210922e-05,0.0004761904761904762,True
2018-10-15 13:30:00+00:00,-0.0009153645633093707,0.8956654087117043,4.0,0.0,0.0005339979086925854,0.0,5.780743250210922e-05,0.0004761904761904762,False
2018-10-16 13:30:00+00:00,-0.0126675354624481,0.8843195353843607,4.0,0.0,0.0005339979086925854,0.0,5.780743250210922e-05,0.0004761904761904762,False
2018-10-17 13:30:00+00:00,0.010187738205074667,0.8933287513004897,4.0,0.0,0.0005339979086925854,0.0,5.780743250210922e-05,0.0004761904761904762,False
2018-10-18 13:30:00+00:00,0.004735030556798204,0.8975586902351639,4.0,0.0,0.0005339979086925854,0.0,5.780743250210922e-05,0.0004761904761904762,False
2018-10-19 13:30:00+00:00,-0.0019354938398727479,0.8958214709192894,4.0,0.0,0.0005339979086925854,0.0,5.780743250210922e-05,0.0004761904761904762,False
2018-10-22 13:30:00+00:00,0.007202196993671076,0.9022733536240104,4.0,0.0,0.0005339979086925854,0.0,5.780743250210922e-05,0.0004761904761904762,False
2018-10-23 13:30:00+00:00,-0.013136514602627167,0.8904206265385671,4.0,0.0,0.0005339979086925854,0.0,5.780743250210922e-05,0.0004761904761904762,False
2018-10-24 13:30:00+00:00,0.005571274262412555,0.8953814040579227,4.0,0.0,0.0005339979086925854,0.0,5.780743250210922e-05,0.0004761904761904762,False
2018-10-25 13:30:00+00:00,-0.00063112101668889,0.8948163100358693,4.0,0.0,0.0005339979086925854,0.0,5.780743250210922e-05,0.0004761904761904762,False
2018-10-26 13:30:00+00:00,3.640028517991854e-08,0.8948163426074381,4.0,0.0,0.0005339979086925854,0.0,5.780743250210922e-05,0.0004761904761904762,False
2018-10-29 13:30:00+00:00,0.0010118806112255593,0.8957217899151304,4.0,0.0,0.0005339979086925854,0.0,5.780743250210922e-05,0.0004761904761904762,False
2018-10-30 13:30:00+00:00,-0.0018847410200678943,0.8940335863151088,4.0,0.0,0.0005339979086925854,0.0,5.780743250210922e-05,0.0004761904761904762,False
2018-10-31 13:30:00+00:00,-0.0012919080251067674,0.8928785771502332,4.0,0.0,0.0005339979086925854,0.0,5.780743250210922e-05,0.0004761904761904762,False
2018-11-01 13:30:00+00:00,-0.022768550282573352,0.8725490263701555,4.0,0.0,0.0005339979086925854,0.0,5.780743250210922e-05,0.0004761904761904762,False
2018-11-02 13:30:00+00:00,0.010822108048606194,0.8819918462112395,4.0,0.0,0.0005339979086925854,0.0,5.780743250210922e-05,0.0004761904761904762,False
2018-11-05 14:30:00+00:00,-0.007404991170669124,0.875460704377443,4.0,0.0,0.0005339979086925854,0.0,5.780743250210922e-05,0.0004761904761904762,False
2018-11-06 14:30:00+00:00,-0.004681040942425567,0.8713626369767675,4.0,0.0,0.0005339979086925854,0.0,5.780743250210922e-05,0.0004761904761904762,False
2018-11-07 14:30:00+00:00,-0.01364033087829194,0.8594769622934234,4.0,0.0,0.0005339979086925854,0.0,5.780743250210922e-05,0.0004761904761904762,False
2018-11-08 14:30:00+00:00,0.010551385170853494,0.8685456347680564,4.0,0.0,0.0005339979086925854,0.0,5.780743250210922e-05,0.0004761904761904762,False
2018-11-09 14:30:00+00:00,-0.003912463043701959,0.8651474820702577,4.0,0.0,0.0005339979086925854,0.0,5.780743250210922e-05,0.0004761904761904762,False
2018-11-12 14:30:00+00:00,0.005651555221164481,0.8700369108396292,4.0,1.6328087490900907,0.0016819176436975872,0.0011429661243630635,6.276104314404748e-05,0.0004761904761904762,True
2018-11-13 14:30:00+00:00,0.0025991483203935423,0.8722982658151184,4.0,0.0,0.0005389515193345237,0.0,6.276104314404748e-05,0.0004761904761904762,False
2018-11-14 14:30:00+00:00,-0.009199565341810273,0.8642735009212044,4.0,0.0,0.0005389515193345237,0.0,6.276104314404748e-05,0.0004761904761904762,False
2018-11-15 14:30:00+00:00,0.000323832601028008,0.8645533808570073,4.0,0.0,0.0005389515193345237,0.0,6.276104314404748e-05,0.0004761904761904762,False
2018-11-16 14:30:00+00:00,-0.01823367506150512,0.8487893954371349,4.0,0.0,0.0005389515193345237,0.0,6.276104314404748e-05,0.0004761904761904762,False
2018-11-19 14:30:00+00:00,-0.004092226959547426,0.8453159565901491,4.0,0.0,0.0005389515193345237,0.0,6.276104314404748e-05,0.0004761904761904762,False
2018-11-20 14:30:00+00:00,0.018021347377738244,0.8605496890878053,4.0,0.0,0.0005389515193345237,0.0,6.276104314404748e-05,0.0004761904761904762,False
2018-11-21 14:30:00+00:00,-0.005408561974594818,0.8558953527621556,4.0,0.0,0.0005389515193345237,0.0,6.276104314404748e-05,0.0004761904761904762,False
2018-11-23 14:30:00+00:00,0.008480368750354211,0.8631536609652932,4.0,0.0,0.0005389515193345237,0.0,6.276104314404748e-05,0.0004761904761904762,False
2018-11-26 14:30:00+00:00,0.00222455726036403,0.8650737957086034,4.0,0.0,0.0005389515193345237,0.0,6.276104314404748e-05,0.0004761904761904762,False
2018-11-27 14:30:00+00:00,0.004769163329533289,0.869199473932437,4.0,0.0,0.0005389515193345237,0.0,6.276104314404748e-05,0.0004761904761904762,False
2018-11-28 14:30:00+00:00,-0.00512939814022787,0.864741003767361,4.0,0.0,0.0005389515193345237,0.0,6.276104314404748e-05,0.0004761904761904762,False
2018-11-29 14:30:00+00:00,-0.0052111641060242206,0.8602346964875212,4.0,0.0,0.0005389515193345237,0.0,6.276104314404748e-05,0.0004761904761904762,False
2018-11-30 14:30:00+00:00,0.004894498615971626,0.86444511401889,4.0,0.0,0.0005389515193345237,0.0,6.276104314404748e-05,0.0004761904761904762,False
2018-12-03 14:30:00+00:00,-0.014432360203619909,0.8519691307571101,4.0,0.0,0.0005389515193345237,0.0,6.276104314404748e-05,0.0004761904761904762,False
2018-12-04 14:30:00+00:00,-0.011962265384658907,0.8417776499154563,4.0,0.0,0.0005389515193345237,0.0,6.276104314404748e-05,0.0004761904761904762,False
2018-12-06 14:30:00+00:00,-0.0025578388031158583,0.8396245183789068,4.0,0.0,0.0005389515193345237,0.0,6.276104314404748e-05,0.0004761904761904762,False
2018-12-07 14:30:00+00:00,-0.009366709699133731,0.8317599992589766,4.0,0.0,0.0005389515193345237,0.0,6.276104314404748e-05,0.0004761904761904762,False
2018-12-10 14:30:00+00:00,0.010276761701214832,0.8403077985639636,4.0,0.0,0.0005389515193345237,0.0,6.276104314404748e-05,0.0004761904761904762,False
2018-12-11 14:30:00+00:00,0.0005645471986503317,0.840782191977647,4.0,0.0,0.0005389515193345237,0.0,6.276104314404748e-05,0.0004761904761904762,False
2018-12-12 14:30:00+00:00,-0.004809268555754251,0.8367386446195308,4.0,0.0,0.0005389515193345237,0.0,6.276104314404748e-05,0.0004761904761904762,False
2018-12-13 14:30:00+00:00,-0.013511616309295451,0.8254329531022718,4.0,4.046470992570622,0.003354540294634673,0.0028325296947994357,4.582012364476086e-05,0.0004761904761904762,True
2018-12-14 14:30:00+00:00,0.022471739518817167,0.8439818674146341,4.0,0.0,0.0005220105998352371,0.0,4.582012364476086e-05,0.0004761904761904762,False
2018-12-17 14:30:00+00:00,0.015985915508835772,0.8574736902381139,4.0,0.0,0.0005220105998352371,0.0,4.582012364476086e-05,0.0004761904761904762,False
2018-12-18 14:30:00+00:00,0.013348990726406464,0.86892009857724,4.0,0.0,0.0005220105998352371,0.0,4.582012364476086e-05,0.0004761904761904762,False
2018-12-19 14:30:00+00:00,0.0075011097027567215,0.8754379635595979,4.0,0.0,0.0005220105998352371,0.0,4.582012364476086e-05,0.0004761904761904762,False
2018-12-20 14:30:00+00:00,0.003109487203054675,0.8781601267043546,4.0,0.0,0.0005220105998352371,0.0,4.582012364476086e-05,0.0004761904761904762,False
2018-12-21 14:30:00+00:00,0.022955355870408506,0.8983186049240561,4.0,0.0,0.0005220105998352371,0.0,4.582012364476086e-05,0.0004761904761904762,False
2018-12-24 14:30:00+00:00,0.016445269388781603,0.9130916963789867,4.0,0.0,0.0005220105998352371,0.0,4.582012364476086e-05,0.0004761904761904762,False
2018-12-26 14:30:00+00:00,-0.03308651763625192,0.8828806718632282,4.0,0.0,0.0005220105998352371,0.0,4.582012364476086e-05,0.0004761904761904762,False
2018-12-27 14:30:00+00:00,0.0007831881616183775,0.8835721335535532,4.0,0.0,0.0005220105998352371,0.0,4.582012364476086e-05,0.0004761904761904762,False
2018-12-28 14:30:00+00:00,-0.001967459460456529,0.8818337412003976,4.0,0.0,0.0005220105998352371,0.0,4.582012364476086e-05,0.0004761904761904762,False
2018-12-31 14:30:00+00:00,-0.007046683580167893,0.8756197378558427,4.0,0.0,0.0005220105998352371,0.0,4.582012364476086e-05,0.0004761904761904762,False
2019-01-02 14:30:00+00:00,0.006798145053675779,0.8815723278456483,4.0,0.0,0.0005220105998352371,0.0,4.582012364476086e-05,0.0004761904761904762,False
2019-01-03 14:30:00+00:00,-0.0025144261538039376,0.8793556793280434,4.0,0.0,0.0005220105998352371,0.0,4.582012364476086e-05,0.0004761904761904762,False
2019-01-04 14:30:00+00:00,-0.03405683411141558,0.8494076088322371,4.0,0.0,0.0005220105998352371,0.0,4.582012364476086e-05,0.0004761904761904762,False
2019-01-07 14:30:00+00:00,-0.01632826412160666,0.835538257048322,4.0,0.0,0.0005220105998352371,0.0,4.582012364476086e-05,0.0004761904761904762,False
2019-01-08 14:30:00+00:00,-0.012577677132959656,0.8250291266189324,4.0,0.0,0.0005220105998352371,0.0,4.582012364476086e-05,0.0004761904761904762,False
2019-01-09 14:30:00+00:00,-0.032907134304390226,0.7978797823442494,4.0,0.0,0.0005220105998352371,0.0,4.582012364476086e-05,0.0004761904761904762,False
2019-01-10 14:30:00+00:00,0.001618304796845585,0.7991709950233232,4.0,0.0,0.0005220105998352371,0.0,4.582012364476086e-05,0.0004761904761904762,False
2019-01-11 14:30:00+00:00,0.009505382020696972,0.8067674206308804,4.0,0.0,0.0005220105998352371,0.0,4.582012364476086e-05,0.0004761904761904762,False
2019-01-14 14:30:00+00:00,0.008151313423160325,0.8133436347360373,4.0,0.0,0.0005220105998352371,0.0,4.582012364476086e-05,0.0004761904761904762,False
2019-01-15 14:30:00+00:00,-0.010672228849774246,0.8046634453326271,4.0,4.624235511628177,0.003728954985975113,0.003236964858139724,1.5799651644912864e-05,0.0004761904761904762,True
2019-01-16 14:30:00+00:00,-0.0009110447138791389,0.803930360954305,4.0,0.0,0.0004919901278353891,0.0,1.5799651644912864e-05,0.0004761904761904762,False
2019-01-17 14:30:00+00:00,-0.0024013937786532694,0.8019998075870389,4.0,0.0,0.0004919901278353891,0.0,1.5799651644912864e-05,0.0004761904761904762,False
2019-01-18 14:30:00+00:00,-0.013181986878182596,0.7914278566471216,4.0,0.0,0.0004919901278353891,0.0,1.5799651644912864e-05,0.0004761904761904762,False
2019-01-22 14:30:00+00:00,0.009448696803624987,0.798905818506523,4.0,0.0,0.0004919901278353891,0.0,1.5799651644912864e-05,0.0004761904761904762,False
2019-01-23 14:30:00+00:00,-0.0002546097687968937,0.7987024092807825,4.0,0.0,0.0004919901278353891,0.0,1.5799651644912864e-05,0.0004761904761904762,False
2019-01-24 14:30:00+00:00,0.006467085700177551,0.8038676862105397,4.0,0.0,0.0004919901278353891,0.0,1.5799651644912864e-05,0.0004761904761904762,False
2019-01-25 14:30:00+00:00,-0.0050739697189667145,0.7997888859126516,4.0,0.0,0.0004919901278353891,0.0,1.5799651644912864e-05,0.0004761904761904762,False
2019-01-28 14:30:00+00:00,0.007674119695672915,0.8059265615544142,4.0,0.0,0.0004919901278353891,0.0,1.5799651644912864e-05,0.0004761904761904762,False
2019-01-29 14:30:00+00:00,0.0014483261666416592,0.807093806081905,4.0,0.0,0.0004919901278353891,0.0,1.5799651644912864e-05,0.0004761904761904762,False
2019-01-30 14:30:00+00:00,0.003414892643698807,0.8098499447830689,4.0,0.0,0.0004919901278353891,0.0,1.5799651644912864e-05,0.0004761904761904762,False
2019-01-31 14:30:00+00:00,0.01189051521040338,0.8194794778696564,4.0,0.0,0.0004919901278353891,0.0,1.5799651644912864e-05,0.0004761904761904762,False
2019-02-01 14:30:00+00:00,-0.017087367193430413,0.8054767311238169,4.0,0.0,0.0004919901278353891,0.0,1.5799651644912864e-05,0.0004761904761904762,False
2019-02-04 14:30:00+00:00,-0.004845586498466344,0.8015737239506545,4.0,0.0,0.0004919901278353891,0.0,1.5799651644912864e-05,0.0004761904761904762,False
2019-02-05 14:30:00+00:00,0.009287970277845982,0.8090187168742105,4.0,0.0,0.0004919901278353891,0.0,1.5799651644912864e-05,0.0004761904761904762,False
2019-02-06 14:30:00+00:00,-0.0016004144259231506,0.8077239516488831,4.0,0.0,0.0004919901278353891,0.0,1.5799651644912864e-05,0.0004761904761904762,False
2019-02-07 14:30:00+00:00,0.011041709227841855,0.8166426046593535,4.0,0.0,0.0004919901278353891,0.0,1.5799651644912864e-05,0.0004761904761904762,False
2019-02-08 14:30:00+00:00,0.0032747345711414723,0.8193168924290984,4.0,0.0,0.0004919901278353891,0.0,1.5799651644912864e-05,0.0004761904761904762,False
2019-02-11 14:30:00+00:00,-0.003752853761506872,0.8162421159474798,4.0,0.0,0.0004919901278353891,0.0,1.5799651644912864e-05,0.0004761904761904762,False
2019-02-12 14:30:00+00:00,-0.006834998391802742,0.810663102397657,4.0,0.0,0.0004919901278353891,0.0,1.5799651644912864e-05,0.0004761904761904762,False
2019-02-13 14:30:00+00:00,-0.010297497680265668,0.8023153009812402,4.0,0.0,0.0004919901278353891,0.0,1.5799651644912864e-05,0.0004761904761904762,False
2019-02-14 14:30:00+00:00,0.0023296527220605773,0.804184417006122,3.9999999999999996,2.9966575391374306,0.0025886312373396207,0.0020976602773962014,1.4780483752943235e-05,0.00047619047619047614,True
2019-02-15 14:30:00+00:00,0.00011694772210037326,0.8042784645418395,3.9999999999999996,0.0,0.0004909709599434193,0.0,1.4780483752943235e-05,0.00047619047619047614,False
2019-02-19 14:30:00+00:00,0.0007761579176861133,0.8049027116401181,3.9999999999999996,0.0,0.0004909709599434193,0.0,1.4780483752943235e-05,0.00047619047619047614,False
2019-02-20 14:30:00+00:00,-0.002911656888694332,0.8025591111150424,3.9999999999999996,0.0,0.0004909709599434193,0.0,1.4780483752943235e-05,0.00047619047619047614,False
2019-02-21 14:30:00+00:00,-0.009962187435047686,0.7945638668224091,3.9999999999999996,0.0,0.0004909709599434193,0.0,1.4780483752943235e-05,0.00047619047619047614,False
2019-02-22 14:30:00+00:00,0.010278085703091574,0.8027304623421896,3.9999999999999996,0.0,0.0004909709599434193,0.0,1.4780483752943235e-05,0.00047619047619047614,False
2019-02-25 14:30:00+00:00,-0.002803563688085995,0.8004799563666466,3.9999999999999996,0.0,0.0004909709599434193,0.0,1.4780483752943235e-05,0.00047619047619047614,False
2019-02-26 14:30:00+00:00,0.00036642622268015664,0.8007732732133892,3.9999999999999996,0.0,0.0004909709599434193,0.0,1.4780483752943235e-05,0.00047619047619047614,False
2019-02-27 14:30:00+00:00,-0.010618862088637701,0.7922699722608693,3.9999999999999996,0.0,0.0004909709599434193,0.0,1.4780483752943235e-05,0.00047619047619047614,False
2019-02-28 14:30:00+00:00,-0.005074404117710621,0.7882496742512902,3.9999999999999996,0.0,0.0004909709599434193,0.0,1.4780483752943235e-05,0.00047619047619047614,False
2019-03-01 14:30:00+00:00,-0.005069121881814023,0.7842539405792102,3.9999999999999996,0.0,0.0004909709599434193,0.0,1.4780483752943235e-05,0.00047619047619047614,False
2019-03-04 14:30:00+00:00,0.0072854844453058105,0.7899676104644698,3.9999999999999996,0.0,0.0004909709599434193,0.0,1.4780483752943235e-05,0.00047619047619047614,False
2019-03-05 14:30:00+00:00,0.003556642623003356,0.7927772429386399,3.9999999999999996,0.0,0.0004909709599434193,0.0,1.4780483752943235e-05,0.00047619047619047614,False
2019-03-06 14:30:00+00:00,0.0027992011814103714,0.7949963859336691,3.9999999999999996,0.0,0.0004909709599434193,0.0,1.4780483752943235e-05,0.00047619047619047614,False
2019-03-07 14:30:00+00:00,0.015423342851303704,0.8072578877594714,3.9999999999999996,0.0,0.0004909709599434193,0.0,1.4780483752943235e-05,0.00047619047619047614,False
2019-03-08 14:30:00+00:00,-0.00025376007713798394,0.8070530379356033,3.9999999999999996,0.0,0.0004909709599434193,0.0,1.4780483752943235e-05,0.00047619047619047614,False
2019-03-11 13:30:00+00:00,0.0009345914568010295,0.8078073028100433,3.9999999999999996,0.0,0.0004909709599434193,0.0,1.4780483752943235e-05,0.00047619047619047614,False
2019-03-12 13:30:00+00:00,0.00590107375886471,0.812574233286875,3.9999999999999996,0.0,0.0004909709599434193,0.0,1.4780483752943235e-05,0.00047619047619047614,False
2019-03-13 13:30:00+00:00,-0.005401261022057488,0.8081853077530943,3.9999999999999996,0.0,0.0004909709599434193,0.0,1.4780483752943235e-05,0.00047619047619047614,False
2019-03-14 13:30:00+00:00,-0.003856842289234502,0.8050682644806141,3.9999999999999996,0.0,0.0004909709599434193,0.0,1.4780483752943235e-05,0.00047619047619047614,False
2019-03-15 13:30:00+00:00,0.006256282917424964,0.8101049993110451,3.9999999999999996,0.0,0.0004909709599434193,0.0,1.4780483752943235e-05,0.00047619047619047614,False
2019-03-18 13:30:00+00:00,-0.0029435512132041444,0.8077204137575004,4.0,1.7193820112118343,0.0016889933728519255,0.001203567407848284,9.235488813165259e-06,0.0004761904761904762,True
2019-03-19 13:30:00+00:00,-0.002422359962727916,0.8057638241661362,4.0,0.0,0.00048542596500364144,0.0,9.235488813165259e-06,0.0004761904761904762,False
2019-03-20 13:30:00+00:00,0.014871222669116002,0.8177465174140292,4.0,0.0,0.00048542596500364144,0.0,9.235488813165259e-06,0.0004761904761904762,False
2019-03-21 13:30:00+00:00,0.010464805758388792,0.8263040758783657,4.0,0.0,0.00048542596500364144,0.0,9.235488813165259e-06,0.0004761904761904762,False
2019-03-22 13:30:00+00:00,0.004634250990242768,0.8301333763602468,4.0,0.0,0.00048542596500364144,0.0,9.235488813165259e-06,0.0004761904761904762,False
2019-03-25 13:30:00+00:00,0.0037176505602214407,0.833219522171931,4.0,0.0,0.00048542596500364144,0.0,9.235488813165259e-06,0.0004761904761904762,False
2019-03-26 13:30:00+00:00,0.007774902234245005,0.8396977224964821,4.0,0.0,0.00048542596500364144,0.0,9.235488813165259e-06,0.0004761904761904762,False
2019-03-27 13:30:00+00:00,0.0047195992563740016,0.8436607592431554,4.0,0.0,0.00048542596500364144,0.0,9.235488813165259e-06,0.0004761904761904762,False
2019-03-28 13:30:00+00:00,0.009055814165991157,0.8513007942980004,4.0,0.0,0.00048542596500364144,0.0,9.235488813165259e-06,0.0004761904761904762,False
2019-03-29 13:30:00+00:00,0.0015116508427898694,0.8525876638611687,4.0,0.0,0.00048542596500364144,0.0,9.235488813165259e-06,0.0004761904761904762,False
2019-04-01 13:30:00+00:00,-0.007364951166763878,0.8463083973514459,4.0,0.0,0.00048542596500364144,0.0,9.235488813165259e-06,0.0004761904761904762,False
2019-04-02 13:30:00+00:00,0.005318642514891089,0.8508096091743086,4.0,0.0,0.00048542596500364144,0.0,9.235488813165259e-06,0.0004761904761904762,False
2019-04-03 13:30:00+00:00,-0.007505024240644264,0.8444242624332824,4.0,0.0,0.00048542596500364144,0.0,9.235488813165259e-06,0.0004761904761904762,False
2019-04-04 13:30:00+00:00,0.004319017727989839,0.8480713457926765,4.0,0.0,0.00048542596500364144,0.0,9.235488813165259e-06,0.0004761904761904762,False
2019-04-05 13:30:00+00:00,0.007771558530693793,0.8546621818947087,4.0,0.0,0.00048542596500364144,0.0,9.235488813165259e-06,0.0004761904761904762,False
2019-04-08 13:30:00+00:00,-0.007064487896745217,0.8486244312549076,4.0,0.0,0.00048542596500364144,0.0,9.235488813165259e-06,0.0004761904761904762,False
2019-04-09 13:30:00+00:00,-0.0005114466705775783,0.8481904051149715,4.0,0.0,0.00048542596500364144,0.0,9.235488813165259e-06,0.0004761904761904762,False
2019-04-10 13:30:00+00:00,0.012686466325400832,0.8589509441269907,4.0,0.0,0.00048542596500364144,0.0,9.235488813165259e-06,0.0004761904761904762,False
2019-04-11 13:30:00+00:00,-0.003412939774357897,0.8560193962855575,4.0,0.0,0.00048542596500364144,0.0,9.235488813165259e-06,0.0004761904761904762,False
2019-04-12 13:30:00+00:00,-0.0031116703870543577,0.8533557460793915,4.0,0.0,0.00048542596500364144,0.0,9.235488813165259e-06,0.0004761904761904762,False
2019-04-15 13:30:00+00:00,-0.0022562240258447064,0.8514303843424945,4.0,0.0,0.00048542596500364144,0.0,9.235488813165259e-06,0.0004761904761904762,False
2019-04-16 13:30:00+00:00,-0.007699388895282149,0.8448748906961822,4.0,1.8575600601790674,0.0017970503478675545,0.0013002920421253472,2.056782955173108e-05,0.0004761904761904762,True
2019-04-17 13:30:00+00:00,-0.004614854905506189,0.8409759156623139,4.0,0.0,0.0004967583057422073,0.0,2.056782955173108e-05,0.0004761904761904762,False
2019-04-18 13:30:00+00:00,0.009075013515112728,0.8486077834628337,4.0,0.0,0.0004967583057422073,0.0,2.056782955173108e-05,0.0004761904761904762,False
2019-04-22 13:30:00+00:00,-0.007802586511333995,0.8419864478181736,4.0,0.0,0.0004967583057422073,0.0,2.056782955173108e-05,0.0004761904761904762,False
2019-04-23 13:30:00+00:00,0.013472348301498334,0.8533299825083213,4.0,0.0,0.0004967583057422073,0.0,2.056782955173108e-05,0.0004761904761904762,False
2019-04-24 13:30:00+00:00,0.009359276279978488,0.861316533572606,4.0,0.0,0.0004967583057422073,0.0,2.056782955173108e-05,0.0004761904761904762,False
2019-04-25 13:30:00+00:00,-0.0035031485366090733,0.8582992138184639,4.0,0.0,0.0004967583057422073,0.0,2.056782955173108e-05,0.0004761904761904762,False
2019-04-26 13:30:00+00:00,0.00403378318496342,0.8617614067548321,4.0,0.0,0.0004967583057422073,0.0,2.056782955173108e-05,0.0004761904761904762,False
2019-04-29 13:30:00+00:00,-0.007687773821792683,0.8551363799713512,4.0,0.0,0.0004967583057422073,0.0,2.056782955173108e-05,0.0004761904761904762,False
2019-04-30 13:30:00+00:00,0.0006572911874001542,0.8556984535779315,4.0,0.0,0.0004967583057422073,0.0,2.056782955173108e-05,0.0004761904761904762,False
2019-05-01 13:30:00+00:00,-0.0017767867024707257,0.8541780599442895,4.0,0.0,0.0004967583057422073,0.0,2.056782955173108e-05,0.0004761904761904762,False
2019-05-02 13:30:00+00:00,-0.003686575151000576,0.8510290683339691,4.0,0.0,0.0004967583057422073,0.0,2.056782955173108e-05,0.0004761904761904762,False
2019-05-03 13:30:00+00:00,0.004722622431144881,0.8550481573016395,4.0,0.0,0.0004967583057422073,0.0,2.056782955173108e-05,0.0004761904761904762,False
2019-05-06 13:30:00+00:00,-0.0007861836809573565,0.8543759323939363,4.0,0.0,0.0004967583057422073,0.0,2.056782955173108e-05,0.0004761904761904762,False
2019-05-07 13:30:00+00:00,-0.01470559353058901,0.841811827209833,4.0,0.0,0.0004967583057422073,0.0,2.056782955173108e-05,0.0004761904761904762,False
2019-05-08 13:30:00+00:00,-0.004337317203890968,0.8381606222892369,4.0,0.0,0.0004967583057422073,0.0,2.056782955173108e-05,0.0004761904761904762,False
2019-05-09 13:30:00+00:00,-0.003855993055304245,0.8349286807504601,4.0,0.0,0.0004967583057422073,0.0,2.056782955173108e-05,0.0004761904761904762,False
2019-05-10 13:30:00+00:00,0.005132026874998646,0.8392135571787785,4.0,0.0,0.0004967583057422073,0.0,2.056782955173108e-05,0.0004761904761904762,False
2019-05-13 13:30:00+00:00,-0.0153694718729306,0.8263152880163372,4.0,0.0,0.0004967583057422073,0.0,2.056782955173108e-05,0.0004761904761904762,False
2019-05-14 13:30:00+00:00,0.009026707774512048,0.8337741946508725,4.0,0.0,0.0004967583057422073,0.0,2.056782955173108e-05,0.0004761904761904762,False
2019-05-15 13:30:00+00:00,0.009044988923338722,0.8413156730060555,4.0,0.0,0.0004967583057422073,0.0,2.056782955173108e-05,0.0004761904761904762,False
2019-05-16 13:30:00+00:00,-0.0007384755183015975,0.840694381978377,4.0,2.4951641763093155,0.002243376044320365,0.0017466149234165208,2.057064471336821e-05,0.0004761904761904762,True
2019-05-17 13:30:00+00:00,0.006678440043143742,0.8463089090030272,4.0,0.0,0.0004967611209038444,0.0,2.057064471336821e-05,0.0004761904761904762,False
2019-05-20 13:30:00+00:00,-0.008190286744929848,0.8393773963635037,4.0,0.0,0.0004967611209038444,0.0,2.057064471336821e-05,0.0004761904761904762,False
2019-05-21 13:30:00+00:00,0.00031582646074617803,0.8396424939558275,4.0,0.0,0.0004967611209038444,0.0,2.057064471336821e-05,0.0004761904761904762,False
2019-05-22 13:30:00+00:00,0.009617550047354446,0.8477177976633332,4.0,0.0,0.0004967611209038444,0.0,2.057064471336821e-05,0.0004761904761904762,False
2019-05-23 13:30:00+00:00,0.011283961651273513,0.8572834127832683,4.0,0.0,0.0004967611209038444,0.0,2.057064471336821e-05,0.0004761904761904762,False
2019-05-24 13:30:00+00:00,-0.004456387562284283,0.8534630256451883,4.0,0.0,0.0004967611209038444,0.0,2.057064471336821e-05,0.0004761904761904762,False
2019-05-28 13:30:00+00:00,0.005974017560867117,0.8585616287479434,4.0,0.0,0.0004967611209038444,0.0,2.057064471336821e-05,0.0004761904761904762,False
2019-05-29 13:30:00+00:00,-0.0015898342801664326,0.8571966580389244,4.0,0.0,0.0004967611209038444,0.0,2.057064471336821e-05,0.0004761904761904762,False
2019-05-30 13:30:00+00:00,0.01111618716880466,0.8667254165301589,4.0,0.0,0.0004967611209038444,0.0,2.057064471336821e-05,0.0004761904761904762,False
2019-05-31 13:30:00+00:00,0.008460629657356146,0.8740584592940384,4.0,0.0,0.0004967611209038444,0.0,2.057064471336821e-05,0.0004761904761904762,False
2019-06-03 13:30:00+00:00,-0.0016278362183705375,0.8726356352770264,4.0,0.0,0.0004967611209038444,0.0,2.057064471336821e-05,0.0004761904761904762,False
2019-06-04 13:30:00+00:00,-0.006507759244359454,0.8669567326545948,4.0,0.0,0.0004967611209038444,0.0,2.057064471336821e-05,0.0004761904761904762,False
2019-06-05 13:30:00+00:00,0.011208856821122657,0.8766743265410285,4.0,0.0,0.0004967611209038444,0.0,2.057064471336821e-05,0.0004761904761904762,False
2019-06-06 13:30:00+00:00,-0.00514839171953831,0.8721608636975329,4.0,0.0,0.0004967611209038444,0.0,2.057064471336821e-05,0.0004761904761904762,False
2019-06-07 13:30:00+00:00,0.0011606595506566649,0.8731731455336923,4.0,0.0,0.0004967611209038444,0.0,2.057064471336821e-05,0.0004761904761904762,False
2019-06-10 13:30:00+00:00,-0.008089799182622101,0.8661093501346663,4.0,0.0,0.0004967611209038444,0.0,2.057064471336821e-05,0.0004761904761904762,False
2019-06-11 13:30:00+00:00,-0.0017165928456656532,0.864622593020661,4.0,0.0,0.0004967611209038444,0.0,2.057064471336821e-05,0.0004761904761904762,False
2019-06-12 13:30:00+00:00,0.01083716336086427,0.87399264930672,4.0,0.0,0.0004967611209038444,0.0,2.057064471336821e-05,0.0004761904761904762,False
2019-06-13 13:30:00+00:00,0.004527537511879857,0.8779496838115635,4.0,0.0,0.0004967611209038444,0.0,2.057064471336821e-05,0.0004761904761904762,False
2019-06-14 13:30:00+00:00,0.00921938574922861,0.8860438406150356,4.0,0.0,0.0004967611209038444,0.0,2.057064471336821e-05,0.0004761904761904762,False
2019-06-17 13:30:00+00:00,0.0003558248334140789,0.8863591170170201,4.0,1.6489093814798277,0.0016474794411369155,0.0011542365670358793,1.7052397910559956e-05,0.0004761904761904762,True
2019-06-18 13:30:00+00:00,0.00484508101017354,0.8906535987430734,4.0,0.0,0.0004932428741010362,0.0,1.7052397910559956e-05,0.0004761904761904762,False
2019-06-19 13:30:00+00:00,0.0050796061727621895,0.8951777682610416,4.0,0.0,0.0004932428741010362,0.0,1.7052397910559956e-05,0.0004761904761904762,False
2019-06-20 13:30:00+00:00,0.003122069390422695,0.8979725753703162,4.0,0.0,0.0004932428741010362,0.0,1.7052397910559956e-05,0.0004761904761904762,False
2019-06-21 13:30:00+00:00,-0.01547509593900656,0.8840763636158637,4.0,0.0,0.0004932428741010362,0.0,1.7052397910559956e-05,0.0004761904761904762,False
2019-06-24 13:30:00+00:00,0.004345670035097192,0.8879182677779669,4.0,0.0,0.0004932428741010362,0.0,1.7052397910559956e-05,0.0004761904761904762,False
2019-06-25 13:30:00+00:00,-0.0022119191971610025,0.8859542643159588,4.0,0.0,0.0004932428741010362,0.0,1.7052397910559956e-05,0.0004761904761904762,False
2019-06-26 13:30:00+00:00,-0.01622863708712523,0.8715764340845841,4.0,0.0,0.0004932428741010362,0.0,1.7052397910559956e-05,0.0004761904761904762,False
2019-06-27 13:30:00+00:00,0.008457067507497586,0.8789474148255814,4.0,0.0,0.0004932428741010362,0.0,1.7052397910559956e-05,0.0004761904761904762,False
2019-06-28 13:30:00+00:00,0.005347880373074012,0.8836479204542912,4.0,0.0,0.0004932428741010362,0.0,1.7052397910559956e-05,0.0004761904761904762,False
2019-07-01 13:30:00+00:00,-0.0019074107325937693,0.8819624409269825,4.0,0.0,0.0004932428741010362,0.0,1.7052397910559956e-05,0.0004761904761904762,False
2019-07-02 13:30:00+00:00,0.021253269391369636,0.9007070262770736,4.0,0.0,0.0004932428741010362,0.0,1.7052397910559956e-05,0.0004761904761904762,False
2019-07-03 13:30:00+00:00,0.007127512301340145,0.9071268266867669,4.0,0.0,0.0004932428741010362,0.0,1.7052397910559956e-05,0.0004761904761904762,False
2019-07-05 13:30:00+00:00,-0.013867188088754642,0.8945475283607464,4.0,0.0,0.0004932428741010362,0.0,1.7052397910559956e-05,0.0004761904761904762,False
2019-07-08 13:30:00+00:00,-0.002138659012660125,0.8926343962269648,4.0,0.0,0.0004932428741010362,0.0,1.7052397910559956e-05,0.0004761904761904762,False
2019-07-09 13:30:00+00:00,-0.0013491347568898235,0.8914301121378196,4.0,0.0,0.0004932428741010362,0.0,1.7052397910559956e-05,0.0004761904761904762,False
2019-07-10 13:30:00+00:00,-0.0031572375560993205,0.8886156555091403,4.0,0.0,0.0004932428741010362,0.0,1.7052397910559956e-05,0.0004761904761904762,False
2019-07-11 13:30:00+00:00,-0.013814235494496637,0.8763401095798405,4.0,0.0,0.0004932428741010362,0.0,1.7052397910559956e-05,0.0004761904761904762,False
2019-07-12 13:30:00+00:00,0.0039051785830310007,0.8797623742072228,4.0,0.0,0.0004932428741010362,0.0,1.7052397910559956e-05,0.0004761904761904762,False
2019-07-15 13:30:00+00:00,0.006202679886868572,0.8852192585909417,4.0,0.0,0.0004932428741010362,0.0,1.7052397910559956e-05,0.0004761904761904762,False
2019-07-16 13:30:00+00:00,-0.0009795888826800098,0.8843521076464919,4.0,0.0,0.0004932428741010362,0.0,1.7052397910559956e-05,0.0004761904761904762,False
2019-07-17 13:30:00+00:00,0.004495475394251765,0.8883276907862713,4.000000000000001,1.3877407040780367,0.0014607577382316499,0.0009714184928546258,1.314876918654768e-05,0.00047619047619047635,True
2019-07-18 13:30:00+00:00,0.005164840233840482,0.8929157613844788,4.000000000000001,0.0,0.000489339245377024,0.0,1.314876918654768e-05,0.00047619047619047635,False
2019-07-19 13:30:00+00:00,-0.008356500828717616,0.8854541100844944,4.000000000000001,0.0,0.000489339245377024,0.0,1.314876918654768e-05,0.00047619047619047635,False
2019-07-22 13:30:00+00:00,0.004946474369140794,0.8898339861450777,4.000000000000001,0.0,0.000489339245377024,0.0,1.314876918654768e-05,0.00047619047619047635,False
2019-07-23 13:30:00+00:00,0.006564500578051502,0.8956753018614969,4.000000000000001,0.0,0.000489339245377024,0.0,1.314876918654768e-05,0.00047619047619047635,False
2019-07-24 13:30:00+00:00,0.006313407476298549,0.9013300650086052,4.000000000000001,0.0,0.000489339245377024,0.0,1.314876918654768e-05,0.00047619047619047635,False
2019-07-25 13:30:00+00:00,-0.010603233681352707,0.8917730517052901,4.000000000000001,0.0,0.000489339245377024,0.0,1.314876918654768e-05,0.00047619047619047635,False
2019-07-26 13:30:00+00:00,0.006759790427408645,0.8978012506436285,4.000000000000001,0.0,0.000489339245377024,0.0,1.314876918654768e-05,0.00047619047619047635,False
2019-07-29 13:30:00+00:00,-0.0013450028814881586,0.8965937053745091,4.000000000000001,0.0,0.000489339245377024,0.0,1.314876918654768e-05,0.00047619047619047635,False
2019-07-30 13:30:00+00:00,-0.00019625924681173604,0.8964177405691961,4.000000000000001,0.0,0.000489339245377024,0.0,1.314876918654768e-05,0.00047619047619047635,False
2019-07-31 13:30:00+00:00,0.0004983409444095436,0.8968644622326167,4.000000000000001,0.0,0.000489339245377024,0.0,1.314876918654768e-05,0.00047619047619047635,False
2019-08-01 13:30:00+00:00,0.017620688974154333,0.9126678319735899,4.000000000000001,0.0,0.000489339245377024,0.0,1.314876918654768e-05,0.00047619047619047635,False
2019-08-02 13:30:00+00:00,-0.001469955614999712,0.9113262507693507,4.000000000000001,0.0,0.000489339245377024,0.0,1.314876918654768e-05,0.00047619047619047635,False
2019-08-05 13:30:00+00:00,-0.018650917825130106,0.8943291797543677,4.000000000000001,0.0,0.000489339245377024,0.0,1.314876918654768e-05,0.00047619047619047635,False
2019-08-06 13:30:00+00:00,0.01610511192120997,0.9087324512887156,4.000000000000001,0.0,0.000489339245377024,0.0,1.314876918654768e-05,0.00047619047619047635,False
2019-08-07 13:30:00+00:00,0.007905270947081886,0.9159162275345588,4.000000000000001,0.0,0.000489339245377024,0.0,1.314876918654768e-05,0.00047619047619047635,False
2019-08-08 13:30:00+00:00,0.01575036940124431,0.9303422464588224,4.000000000000001,0.0,0.000489339245377024,0.0,1.314876918654768e-05,0.00047619047619047635,False
2019-08-09 13:30:00+00:00,-0.007709311770167508,0.9231699480279133,4.000000000000001,0.0,0.000489339245377024,0.0,1.314876918654768e-05,0.00047619047619047635,False
2019-08-12 13:30:00+00:00,0.002924834534537422,0.9258700673731525,4.000000000000001,0.0,0.000489339245377024,0.0,1.314876918654768e-05,0.00047619047619047635,False
2019-08-13 13:30:00+00:00,-0.0005314385939494539,0.9253780242863678,4.000000000000001,0.0,0.000489339245377024,0.0,1.314876918654768e-05,0.00047619047619047635,False
2019-08-14 13:30:00+00:00,-0.0033723039052851616,0.9222573683612019,4.000000000000001,0.0,0.000489339245377024,0.0,1.314876918654768e-05,0.00047619047619047635,False
2019-08-15 13:30:00+00:00,0.01130771346342451,0.9326859904221623,4.0,1.9594348306445442,0.0018703023590026311,0.001371604381451181,2.2507501360973896e-05,0.0004761904761904762,True
2019-08-16 13:30:00+00:00,-0.004627572824205137,0.9283699180793679,4.0,0.0,0.00049869797755145,0.0,2.2507501360973896e-05,0.0004761904761904762,False
2019-08-19 13:30:00+00:00,-0.011261015387808002,0.917915530146298,4.0,0.0,0.00049869797755145,0.0,2.2507501360973896e-05,0.0004761904761904762,False
2019-08-20 13:30:00+00:00,0.006433220716078066,0.9238206833504449,4.0,0.0,0.00049869797755145,0.0,2.2507501360973896e-05,0.0004761904761904762,False
2019-08-21 13:30:00+00:00,-0.004767374756506139,0.9194164839451017,4.0,0.0,0.00049869797755145,0.0,2.2507501360973896e-05,0.0004761904761904762,False
2019-08-22 13:30:00+00:00,1.7873617677034693e-05,0.9194329172438217,4.0,0.0,0.00049869797755145,0.0,2.2507501360973896e-05,0.0004761904761904762,False
2019-08-23 13:30:00+00:00,0.01400395790154022,0.9323086171101945,4.0,0.0,0.00049869797755145,0.0,2.2507501360973896e-05,0.0004761904761904762,False
2019-08-26 13:30:00+00:00,0.0006469286060569861,0.9329117542242766,4.0,0.0,0.00049869797755145,0.0,2.2507501360973896e-05,0.0004761904761904762,False
2019-08-27 13:30:00+00:00,0.0077616408845447874,0.9401526802375363,4.0,0.0,0.00049869797755145,0.0,2.2507501360973896e-05,0.0004761904761904762,False
2019-08-28 13:30:00+00:00,-0.00208622258101346,0.9381913124864244,4.0,0.0,0.00049869797755145,0.0,2.2507501360973896e-05,0.0004761904761904762,False
2019-08-29 13:30:00+00:00,-0.006295883065643903,0.9322845696898069,4.0,0.0,0.00049869797755145,0.0,2.2507501360973896e-05,0.0004761904761904762,False
2019-08-30 13:30:00+00:00,0.007345770065289535,0.9391329177741655,4.0,0.0,0.00049869797755145,0.0,2.2507501360973896e-05,0.0004761904761904762,False
2019-09-03 13:30:00+00:00,0.011271245466015892,0.9497181154156139,4.0,0.0,0.00049869797755145,0.0,2.2507501360973896e-05,0.0004761904761904762,False
2019-09-04 13:30:00+00:00,-0.014848230835816108,0.9356164816089666,4.0,0.0,0.00049869797755145,0.0,2.2507501360973896e-05,0.0004761904761904762,False
2019-09-05 13:30:00+00:00,-0.02295923635091827,0.9141354416738918,4.0,0.0,0.00049869797755145,0.0,2.2507501360973896e-05,0.0004761904761904762,False
2019-09-06 13:30:00+00:00,0.0014307880190155484,0.9154433757115964,4.0,0.0,0.00049869797755145,0.0,2.2507501360973896e-05,0.0004761904761904762,False
2019-09-09 13:30:00+00:00,-0.02093621702043308,0.8962774545277806,4.0,0.0,0.00049869797755145,0.0,2.2507501360973896e-05,0.0004761904761904762,False
2019-09-10 13:30:00+00:00,-0.01665577590251692,0.8813492580986877,4.0,0.0,0.00049869797755145,0.0,2.2507501360973896e-05,0.0004761904761904762,False
2019-09-11 13:30:00+00:00,0.002311964976721165,0.883386906715671,4.0,0.0,0.00049869797755145,0.0,2.2507501360973896e-05,0.0004761904761904762,False
2019-09-12 13:30:00+00:00,-0.007968604567181467,0.8763475457762282,4.0,0.0,0.00049869797755145,0.0,2.2507501360973896e-05,0.0004761904761904762,False
2019-09-13 13:30:00+00:00,-0.022366555481545248,0.8567466697725082,4.0,0.0,0.00049869797755145,0.0,2.2507501360973896e-05,0.0004761904761904762,False
2019-09-16 13:30:00+00:00,0.004520648606803113,0.8606197204115984,3.999999999999999,3.427033226462097,0.002890676428891122,0.0023989232585234677,1.5562694177178394e-05,0.0004761904761904761,True
2019-09-17 13:30:00+00:00,-7.282948641535158e-05,0.8605570419193619,3.999999999999999,0.0,0.0004917531703676545,0.0,1.5562694177178394e-05,0.0004761904761904761,False
2019-09-18 13:30:00+00:00,0.0027618383422356486,0.8629337613534157,3.999999999999999,0.0,0.0004917531703676545,0.0,1.5562694177178394e-05,0.0004761904761904761,False
2019-09-19 13:30:00+00:00,-0.0013636584837299528,0.8617570144088491,3.999999999999999,0.0,0.0004917531703676545,0.0,1.5562694177178394e-05,0.0004761904761904761,False
2019-09-20 13:30:00+00:00,0.007338052644143192,0.8680806327470408,3.999999999999999,0.0,0.0004917531703676545,0.0,1.5562694177178394e-05,0.0004761904761904761,False
2019-09-23 13:30:00+00:00,0.002158107761835868,0.8699540442984716,3.999999999999999,0.0,0.0004917531703676545,0.0,1.5562694177178394e-05,0.0004761904761904761,False
2019-09-24 13:30:00+00:00,-0.007034014293338881,0.8638347751163282,3.999999999999999,0.0,0.0004917531703676545,0.0,1.5562694177178394e-05,0.0004761904761904761,False
2019-09-25 13:30:00+00:00,0.004431664316143502,0.8676630008642551,3.999999999999999,0.0,0.0004917531703676545,0.0,1.5562694177178394e-05,0.0004761904761904761,False
2019-09-26 13:30:00+00:00,0.006490600103154993,0.8732946544271685,3.999999999999999,0.0,0.0004917531703676545,0.0,1.5562694177178394e-05,0.0004761904761904761,False
2019-09-27 13:30:00+00:00,-0.010110340876138017,0.8644653477856006,3.999999999999999,0.0,0.0004917531703676545,0.0,1.5562694177178394e-05,0.0004761904761904761,False
2019-09-30 13:30:00+00:00,0.009803078841449812,0.8729397697456441,3.999999999999999,0.0,0.0004917531703676545,0.0,1.5562694177178394e-05,0.0004761904761904761,False
2019-10-01 13:30:00+00:00,-0.01474090715662125,0.8600718456465013,3.999999999999999,0.0,0.0004917531703676545,0.0,1.5562694177178394e-05,0.0004761904761904761,False
2019-10-02 13:30:00+00:00,-0.016850915141928494,0.8455788479595503,3.999999999999999,0.0,0.0004917531703676545,0.0,1.5562694177178394e-05,0.0004761904761904761,False
2019-10-03 13:30:00+00:00,0.011648520719144928,0.8554285906896779,3.999999999999999,0.0,0.0004917531703676545,0.0,1.5562694177178394e-05,0.0004761904761904761,False
2019-10-04 13:30:00+00:00,0.010018381695732607,0.8639986008246497,3.999999999999999,0.0,0.0004917531703676545,0.0,1.5562694177178394e-05,0.0004761904761904761,False
2019-10-07 13:30:00+00:00,-0.0064024397511925416,0.8584669018377552,3.999999999999999,0.0,0.0004917531703676545,0.0,1.5562694177178394e-05,0.0004761904761904761,False
2019-10-08 13:30:00+00:00,-0.008921719998430267,0.8508079005116388,3.999999999999999,0.0,0.0004917531703676545,0.0,1.5562694177178394e-05,0.0004761904761904761,False
2019-10-09 13:30:00+00:00,0.0049784841913612125,0.8550436341942211,3.999999999999999,0.0,0.0004917531703676545,0.0,1.5562694177178394e-05,0.0004761904761904761,False
2019-10-10 13:30:00+00:00,-0.003691091754869869,0.8518875896859929,3.999999999999999,0.0,0.0004917531703676545,0.0,1.5562694177178394e-05,0.0004761904761904761,False
2019-10-11 13:30:00+00:00,0.004217367236634838,0.8554803124960304,3.999999999999999,0.0,0.0004917531703676545,0.0,1.5562694177178394e-05,0.0004761904761904761,False
2019-10-14 13:30:00+00:00,0.0032484457506022912,0.8582592938818822,3.999999999999999,0.0,0.0004917531703676545,0.0,1.5562694177178394e-05,0.0004761904761904761,False
2019-10-15 13:30:00+00:00,-0.01063771895041304,0.8491293727269867,4.0,2.4914192723926782,0.002241898804448016,0.0017439934906748748,2.171483758266523e-05,0.0004761904761904762,True
2019-10-16 13:30:00+00:00,-0.003123565371814097,0.8464770616221464,4.0,0.0,0.0004979053137731415,0.0,2.171483758266523e-05,0.0004761904761904762,False
2019-10-17 13:30:00+00:00,-0.004626760151886296,0.8425606152839472,4.0,0.0,0.0004979053137731415,0.0,2.171483758266523e-05,0.0004761904761904762,False
2019-10-18 13:30:00+00:00,-0.0011115197805341307,0.8416240924937601,4.0,0.0,0.0004979053137731415,0.0,2.171483758266523e-05,0.0004761904761904762,False
2019-10-21 13:30:00+00:00,-0.0032624950133973538,0.8388782980888442,4.0,0.0,0.0004979053137731415,0.0,2.171483758266523e-05,0.0004761904761904762,False
2019-10-22 13:30:00+00:00,0.004110093432736923,0.8423261662726846,4.0,0.0,0.0004979053137731415,0.0,2.171483758266523e-05,0.0004761904761904762,False
2019-10-23 13:30:00+00:00,-0.0015261960845143279,0.8410406113758353,4.0,0.0,0.0004979053137731415,0.0,2.171483758266523e-05,0.0004761904761904762,False
2019-10-24 13:30:00+00:00,0.00427131771124036,0.8446329630350773,4.0,0.0,0.0004979053137731415,0.0,2.171483758266523e-05,0.0004761904761904762,False
2019-10-25 13:30:00+00:00,-0.004344414533158848,0.8409635273152827,4.0,0.0,0.0004979053137731415,0.0,2.171483758266523e-05,0.0004761904761904762,False
2019-10-28 13:30:00+00:00,-0.009993445186174685,0.8325594044014852,4.0,0.0,0.0004979053137731415,0.0,2.171483758266523e-05,0.0004761904761904762,False
2019-10-29 13:30:00+00:00,-0.0013577717146616417,0.8314289787914133,4.0,0.0,0.0004979053137731415,0.0,2.171483758266523e-05,0.0004761904761904762,False
2019-10-30 13:30:00+00:00,0.0046724755741058294,0.8353138103864199,4.0,0.0,0.0004979053137731415,0.0,2.171483758266523e-05,0.0004761904761904762,False
2019-10-31 13:30:00+00:00,0.0071611555219987955,0.8412956224922705,4.0,0.0,0.0004979053137731415,0.0,2.171483758266523e-05,0.0004761904761904762,False
2019-11-01 13:30:00+00:00,-0.005446704623035254,0.8367133337359026,4.0,0.0,0.0004979053137731415,0.0,2.171483758266523e-05,0.0004761904761904762,False
2019-11-04 14:30:00+00:00,-0.005959106925460346,0.831727269514212,4.0,0.0,0.0004979053137731415,0.0,2.171483758266523e-05,0.0004761904761904762,False
2019-11-05 14:30:00+00:00,-0.010878998295549254,0.822678909966805,4.0,0.0,0.0004979053137731415,0.0,2.171483758266523e-05,0.0004761904761904762,False
2019-11-06 14:30:00+00:00,0.006898222958488132,0.8283539325110021,4.0,0.0,0.0004979053137731415,0.0,2.171483758266523e-05,0.0004761904761904762,False
2019-11-07 14:30:00+00:00,-0.016138794122019556,0.8149852989340417,4.0,0.0,0.0004979053137731415,0.0,2.171483758266523e-05,0.0004761904761904762,False
2019-11-08 14:30:00+00:00,-0.0015286928029779872,0.8137394367730284,4.0,0.0,0.0004979053137731415,0.0,2.171483758266523e-05,0.0004761904761904762,False
2019-11-11 14:30:00+00:00,-0.00015146303011967434,0.8136161853322068,4.0,0.0,0.0004979053137731415,0.0,2.171483758266523e-05,0.0004761904761904762,False
2019-11-12 14:30:00+00:00,0.0021809732533724824,0.8153906604709272,4.0,0.0,0.0004979053137731415,0.0,2.171483758266523e-05,0.0004761904761904762,False
2019-11-13 14:30:00+00:00,-0.008292027665586073,0.8086294185560418,3.9999999999999996,4.038752571590832,0.0033317967044560375,0.0028271268001135823,2.847942815197907e-05,0.00047619047619047614,True
2019-11-14 14:30:00+00:00,-0.005692759156011494,0.8040260860297366,3.9999999999999996,0.0,0.0005046699043424552,0.0,2.847942815197907e-05,0.00047619047619047614,False
2019-11-15 14:30:00+00:00,0.008152294146085523,0.8105807431841767,3.9999999999999996,0.0,0.0005046699043424552,0.0,2.847942815197907e-05,0.00047619047619047614,False
2019-11-18 14:30:00+00:00,-0.005657577226892459,0.8059948200309804,3.9999999999999996,0.0,0.0005046699043424552,0.0,2.847942815197907e-05,0.00047619047619047614,False
2019-11-19 14:30:00+00:00,-0.00615819228678575,0.8010313489470764,3.9999999999999996,0.0,0.0005046699043424552,0.0,2.847942815197907e-05,0.00047619047619047614,False
2019-11-20 14:30:00+00:00,-0.006741827048205189,0.7956309341322847,3.9999999999999996,0.0,0.0005046699043424552,0.0,2.847942815197907e-05,0.00047619047619047614,False
2019-11-21 14:30:00+00:00,0.0018768493220328755,0.7971242135115992,3.9999999999999996,0.0,0.0005046699043424552,0.0,2.847942815197907e-05,0.00047619047619047614,False
2019-11-22 14:30:00+00:00,0.007394925572378555,0.8030188877424583,3.9999999999999996,0.0,0.0005046699043424552,0.0,2.847942815197907e-05,0.00047619047619047614,False
2019-11-25 14:30:00+00:00,0.011269670783351445,0.812068646240129,3.9999999999999996,0.0,0.0005046699043424552,0.0,2.847942815197907e-05,0.00047619047619047614,False
2019-11-26 14:30:00+00:00,-0.0004866046252985821,0.8116734898808086,3.9999999999999996,0.0,0.0005046699043424552,0.0,2.847942815197907e-05,0.00047619047619047614,False
2019-11-27 14:30:00+00:00,0.007463084631470235,0.8177310778289099,3.9999999999999996,0.0,0.0005046699043424552,0.0,2.847942815197907e-05,0.00047619047619047614,False
2019-11-29 14:30:00+00:00,-0.015195436967474111,0.805305296779416,3.9999999999999996,0.0,0.0005046699043424552,0.0,2.847942815197907e-05,0.00047619047619047614,False
2019-12-02 14:30:00+00:00,-0.011746024459014764,0.7958461610664709,3.9999999999999996,0.0,0.0005046699043424552,0.0,2.847942815197907e-05,0.00047619047619047614,False
2019-12-03 14:30:00+00:00,-0.011431293727509263,0.7867486098374094,3.9999999999999996,0.0,0.0005046699043424552,0.0,2.847942815197907e-05,0.00047619047619047614,False
2019-12-04 14:30:00+00:00,0.013955143616605034,0.7977277996778547,3.9999999999999996,0.0,0.0005046699043424552,0.0,2.847942815197907e-05,0.00047619047619047614,False
2019-12-05 14:30:00+00:00,0.0002476052317614947,0.7979253212545765,3.9999999999999996,0.0,0.0005046699043424552,0.0,2.847942815197907e-05,0.00047619047619047614,False
2019-12-06 14:30:00+00:00,0.015168311422024107,0.8100285010188845,3.9999999999999996,0.0,0.0005046699043424552,0.0,2.847942815197907e-05,0.00047619047619047614,False
2019-12-09 14:30:00+00:00,-0.004908997459099023,0.806052073165585,3.9999999999999996,0.0,0.0005046699043424552,0.0,2.847942815197907e-05,0.00047619047619047614,False
2019-12-10 14:30:00+00:00,0.00020266060603225727,0.8062154281672264,3.9999999999999996,0.0,0.0005046699043424552,0.0,2.847942815197907e-05,0.00047619047619047614,False
2019-12-11 14:30:00+00:00,-0.0011700755644086566,0.8052720951950787,3.9999999999999996,0.0,0.0005046699043424552,0.0,2.847942815197907e-05,0.00047619047619047614,False
2019-12-12 14:30:00+00:00,0.016807945355863694,0.8188070645677193,3.9999999999999996,0.0,0.0005046699043424552,0.0,2.847942815197907e-05,0.00047619047619047614,False
2019-12-13 14:30:00+00:00,0.010419958048238063,0.8273389998301159,4.0,4.121348483585176,0.0033712400267404173,0.002884943938509623,1.010561204031794e-05,0.0004761904761904762,True
2019-12-16 14:30:00+00:00,0.006179789392891971,0.8324517806055919,4.0,0.0,0.00048629608823079414,0.0,1.010561204031794e-05,0.0004761904761904762,False
2019-12-17 14:30:00+00:00,0.004634021841922463,0.8363093803392655,4.0,0.0,0.00048629608823079414,0.0,1.010561204031794e-05,0.0004761904761904762,False
2019-12-18 14:30:00+00:00,-0.002987779172855398,0.8338106725906242,4.0,0.0,0.00048629608823079414,0.0,1.010561204031794e-05,0.0004761904761904762,False
2019-12-19 14:30:00+00:00,0.0020398019140492117,0.8355114811965293,4.0,0.0,0.00048629608823079414,0.0,1.010561204031794e-05,0.0004761904761904762,False
2019-12-20 14:30:00+00:00,-0.0031770284447847586,0.8328570374548236,4.0,0.0,0.00048629608823079414,0.0,1.010561204031794e-05,0.0004761904761904762,False
2019-12-23 14:30:00+00:00,0.002192026576979692,0.8346826822157491,4.0,0.0,0.00048629608823079414,0.0,1.010561204031794e-05,0.0004761904761904762,False
2019-12-24 14:30:00+00:00,0.0035167756542160093,0.8376180739515613,4.0,0.0,0.00048629608823079414,0.0,1.010561204031794e-05,0.0004761904761904762,False
2019-12-26 14:30:00+00:00,0.011483871243653134,0.8472371720641777,4.0,0.0,0.00048629608823079414,0.0,1.010561204031794e-05,0.0004761904761904762,False
2019-12-27 14:30:00+00:00,0.004561408152391664,0.8511017666078405,4.0,0.0,0.00048629608823079414,0.0,1.010561204031794e-05,0.0004761904761904762,False
2019-12-30 14:30:00+00:00,-0.006906356764302808,0.8452237541649184,4.0,0.0,0.00048629608823079414,0.0,1.010561204031794e-05,0.0004761904761904762,False
2019-12-31 14:30:00+00:00,-0.004999508171814874,0.8409980510989589,4.0,0.0,0.00048629608823079414,0.0,1.010561204031794e-05,0.0004761904761904762,False
2020-01-02 14:30:00+00:00,0.018764153121986663,0.8567786673050721,4.0,0.0,0.00048629608823079414,0.0,1.010561204031794e-05,0.0004761904761904762,False
2020-01-03 14:30:00+00:00,0.0021249300481622022,0.8585992620398532,4.0,0.0,0.00048629608823079414,0.0,1.010561204031794e-05,0.0004761904761904762,False
2020-01-06 14:30:00+00:00,-0.00032817530349894326,0.8583174909664493,4.0,0.0,0.00048629608823079414,0.0,1.010561204031794e-05,0.0004761904761904762,False
2020-01-07 14:30:00+00:00,-0.006535189528733078,0.8527082234871568,4.0,0.0,0.00048629608823079414,0.0,1.010561204031794e-05,0.0004761904761904762,False
2020-01-08 14:30:00+00:00,-0.008166585302836718,0.8457445090416186,4.0,0.0,0.00048629608823079414,0.0,1.010561204031794e-05,0.0004761904761904762,False
2020-01-09 14:30:00+00:00,0.0064628247282693665,0.8512104075684508,4.0,0.0,0.00048629608823079414,0.0,1.010561204031794e-05,0.0004761904761904762,False
2020-01-10 14:30:00+00:00,0.002989579361258517,0.8537551686350058,4.0,0.0,0.00048629608823079414,0.0,1.010561204031794e-05,0.0004761904761904762,False
2020-01-13 14:30:00+00:00,-0.0002477850692234448,0.8535436208514458,4.0,0.0,0.00048629608823079414,0.0,1.010561204031794e-05,0.0004761904761904762,False
2020-01-14 14:30:00+00:00,0.0023447832027181175,0.8555449955964054,4.0,0.0,0.00048629608823079414,0.0,1.010561204031794e-05,0.0004761904761904762,False
2020-01-15 14:30:00+00:00,0.00011798391649404244,0.8556459361457227,4.0,2.4222028106878684,0.0021863007745375916,0.0016955419674815077,1.4568330865607348e-05,0.0004761904761904762,True
2020-01-16 14:30:00+00:00,0.00807242456367677,0.8625530734184756,4.0,0.0,0.0004907588070560835,0.0,1.4568330865607348e-05,0.0004761904761904762,False
2020-01-17 14:30:00+00:00,0.004330767492348069,0.8662885902292613,4.0,0.0,0.0004907588070560835,0.0,1.4568330865607348e-05,0.0004761904761904762,False
2020-01-21 14:30:00+00:00,-0.007845842850151283,0.8594918260874433,4.0,0.0,0.0004907588070560835,0.0,1.4568330865607348e-05,0.0004761904761904762,False
2020-01-22 14:30:00+00:00,-0.0010480102525818051,0.8585910698416934,4.0,0.0,0.0004907588070560835,0.0,1.4568330865607348e-05,0.0004761904761904762,False
2020-01-23 14:30:00+00:00,-0.004800630306624651,0.8544692915308141,4.0,0.0,0.0004907588070560835,0.0,1.4568330865607348e-05,0.0004761904761904762,False
2020-01-24 14:30:00+00:00,-0.011226681970765814,0.8448764365410121,4.0,0.0,0.0004907588070560835,0.0,1.4568330865607348e-05,0.0004761904761904762,False
2020-01-27 14:30:00+00:00,-0.027194318832431816,0.821900597351707,4.0,0.0,0.0004907588070560835,0.0,1.4568330865607348e-05,0.0004761904761904762,False
2020-01-28 14:30:00+00:00,0.014570189331993437,0.8338758446671998,4.0,0.0,0.0004907588070560835,0.0,1.4568330865607348e-05,0.0004761904761904762,False
2020-01-29 14:30:00+00:00,0.0023287454146917377,0.8358177292168907,4.0,0.0,0.0004907588070560835,0.0,1.4568330865607348e-05,0.0004761904761904762,False
2020-01-30 14:30:00+00:00,-0.005031146818788237,0.8316126075074544,4.0,0.0,0.0004907588070560835,0.0,1.4568330865607348e-05,0.0004761904761904762,False
2020-01-31 14:30:00+00:00,-0.024983807359635787,0.8108357583236437,4.0,0.0,0.0004907588070560835,0.0,1.4568330865607348e-05,0.0004761904761904762,False
2020-02-03 14:30:00+00:00,0.0018970135966781595,0.8123739247818567,4.0,0.0,0.0004907588070560835,0.0,1.4568330865607348e-05,0.0004761904761904762,False
2020-02-04 14:30:00+00:00,0.020418289900880463,0.8289612110859687,4.0,0.0,0.0004907588070560835,0.0,1.4568330865607348e-05,0.0004761904761904762,False
2020-02-05 14:30:00+00:00,0.016974371923190082,0.8430323069928399,4.0,0.0,0.0004907588070560835,0.0,1.4568330865607348e-05,0.0004761904761904762,False
2020-02-06 14:30:00+00:00,0.007232142169938301,0.8491292364908632,4.0,0.0,0.0004907588070560835,0.0,1.4568330865607348e-05,0.0004761904761904762,False
2020-02-07 14:30:00+00:00,-0.007012915879650345,0.8431743645844011,4.0,0.0,0.0004907588070560835,0.0,1.4568330865607348e-05,0.0004761904761904762,False
2020-02-10 14:30:00+00:00,0.007842781646044582,0.849787197015379,4.0,0.0,0.0004907588070560835,0.0,1.4568330865607348e-05,0.0004761904761904762,False
2020-02-11 14:30:00+00:00,0.005377671732548274,0.8543570736034499,4.0,0.0,0.0004907588070560835,0.0,1.4568330865607348e-05,0.0004761904761904762,False
2020-02-12 14:30:00+00:00,0.014370667614612863,0.8666347551323985,4.0,0.0,0.0004907588070560835,0.0,1.4568330865607348e-05,0.0004761904761904762,False
2020-02-13 14:30:00+00:00,-0.0029433813006016288,0.8640839185996902,4.0,0.0,0.0004907588070560835,0.0,1.4568330865607348e-05,0.0004761904761904762,False
2020-02-14 14:30:00+00:00,0.0028847244139530116,0.8665765625753789,3.9999999999999996,3.1714001629927817,0.00271155725162888,0.0022199801140949473,1.5386661343456555e-05,0.00047619047619047614,True
2020-02-18 14:30:00+00:00,0.0059916196610178656,0.8717687597454828,3.9999999999999996,0.0,0.0004915771375339327,0.0,1.5386661343456555e-05,0.00047619047619047614,False
2020-02-19 14:30:00+00:00,-0.005469880803866836,0.8670002885411403,3.9999999999999996,0.0,0.0004915771375339327,0.0,1.5386661343456555e-05,0.00047619047619047614,False
2020-02-20 14:30:00+00:00,0.007474405784861713,0.873480600513289,3.9999999999999996,0.0,0.0004915771375339327,0.0,1.5386661343456555e-05,0.00047619047619047614,False
2020-02-21 14:30:00+00:00,0.0006555446969774918,0.8740532060888683,3.9999999999999996,0.0,0.0004915771375339327,0.0,1.5386661343456555e-05,0.00047619047619047614,False
2020-02-24 14:30:00+00:00,-0.004689676137616599,0.869954179625266,3.9999999999999996,0.0,0.0004915771375339327,0.0,1.5386661343456555e-05,0.00047619047619047614,False
2020-02-25 14:30:00+00:00,-0.016208564035671877,0.8558534715967095,3.9999999999999996,0.0,0.0004915771375339327,0.0,1.5386661343456555e-05,0.00047619047619047614,False
2020-02-26 14:30:00+00:00,-0.0012065686595765998,0.8548208256206912,3.9999999999999996,0.0,0.0004915771375339327,0.0,1.5386661343456555e-05,0.00047619047619047614,False
2020-02-27 14:30:00+00:00,-0.031761447586363366,0.8276704787720077,3.9999999999999996,0.0,0.0004915771375339327,0.0,1.5386661343456555e-05,0.00047619047619047614,False
2020-02-28 14:30:00+00:00,0.005043580683229415,0.8318449016108215,3.9999999999999996,0.0,0.0004915771375339327,0.0,1.5386661343456555e-05,0.00047619047619047614,False
2020-03-02 14:30:00+00:00,0.006251602827890257,0.8370452655500978,3.9999999999999996,0.0,0.0004915771375339327,0.0,1.5386661343456555e-05,0.00047619047619047614,False
2020-03-03 14:30:00+00:00,0.008245868248636714,0.8439474305279692,3.9999999999999996,0.0,0.0004915771375339327,0.0,1.5386661343456555e-05,0.00047619047619047614,False
2020-03-04 14:30:00+00:00,0.028634499711933784,0.8681134429843096,3.9999999999999996,0.0,0.0004915771375339327,0.0,1.5386661343456555e-05,0.00047619047619047614,False
2020-03-05 14:30:00+00:00,-0.011056991835092799,0.8585147197332977,3.9999999999999996,0.0,0.0004915771375339327,0.0,1.5386661343456555e-05,0.00047619047619047614,False
2020-03-06 14:30:00+00:00,0.008200610749195912,0.8655550647722855,3.9999999999999996,0.0,0.0004915771375339327,0.0,1.5386661343456555e-05,0.00047619047619047614,False
2020-03-09 13:30:00+00:00,-0.042720180665031644,0.8285783960296802,3.9999999999999996,0.0,0.0004915771375339327,0.0,1.5386661343456555e-05,0.00047619047619047614,False
2020-03-10 13:30:00+00:00,-0.005225262477110702,0.8242488564275617,3.9999999999999996,0.0,0.0004915771375339327,0.0,1.5386661343456555e-05,0.00047619047619047614,False
2020-03-11 13:30:00+00:00,-0.0589399714138329,0.7756676523918368,3.9999999999999996,0.0,0.0004915771375339327,0.0,1.5386661343456555e-05,0.00047619047619047614,False
2020-03-12 13:30:00+00:00,-0.08839662286355054,0.7071012514559,3.9999999999999996,0.0,0.0004915771375339327,0.0,1.5386661343456555e-05,0.00047619047619047614,False
2020-03-13 13:30:00+00:00,0.08297636295038947,0.7657739415393793,3.9999999999999996,0.0,0.0004915771375339327,0.0,1.5386661343456555e-05,0.00047619047619047614,False
2020-03-16 13:30:00+00:00,-0.08737041131457242,0.6988679572931024,3.9999999999999996,0.0,0.0004915771375339327,0.0,1.5386661343456555e-05,0.00047619047619047614,False
2020-03-17 13:30:00+00:00,-0.07901639427819601,0.6436459312312331,4.0,5.299973297928549,0.0042178778358898696,0.0037099813085499844,3.1706051149408864e-05,0.0004761904761904762,True
2020-03-18 13:30:00+00:00,0.06627581037685581,0.6863040869193492,4.0,0.0,0.0005078965273398851,0.0,3.1706051149408864e-05,0.0004761904761904762,False
2020-03-19 13:30:00+00:00,-0.018251909152463306,0.6737777270739329,4.0,0.0,0.0005078965273398851,0.0,3.1706051149408864e-05,0.0004761904761904762,False
2020-03-20 13:30:00+00:00,0.07483220272002045,0.7241979985345641,4.0,0.0,0.0005078965273398851,0.0,3.1706051149408864e-05,0.0004761904761904762,False
2020-03-23 13:30:00+00:00,0.03864108062318078,0.7521817917830843,4.0,0.0,0.0005078965273398851,0.0,3.1706051149408864e-05,0.0004761904761904762,False
2020-03-24 13:30:00+00:00,-0.0905598766650664,0.6840643014894996,4.0,0.0,0.0005078965273398851,0.0,3.1706051149408864e-05,0.0004761904761904762,False
2020-03-25 13:30:00+00:00,-0.04695249235467004,0.6519457776037112,4.0,0.0,0.0005078965273398851,0.0,3.1706051149408864e-05,0.0004761904761904762,False
2020-03-26 13:30:00+00:00,-0.029413140854443378,0.6327700046175936,4.0,0.0,0.0005078965273398851,0.0,3.1706051149408864e-05,0.0004761904761904762,False
2020-03-27 13:30:00+00:00,0.04910037920480328,0.6638392517937426,4.0,0.0,0.0005078965273398851,0.0,3.1706051149408864e-05,0.0004761904761904762,False
2020-03-30 13:30:00+00:00,-0.015352108610280966,0.6536479195004374,4.0,0.0,0.0005078965273398851,0.0,3.1706051149408864e-05,0.0004761904761904762,False
2020-03-31 13:30:00+00:00,0.008846093555128467,0.6594301501484534,4.0,0.0,0.0005078965273398851,0.0,3.1706051149408864e-05,0.0004761904761904762,False
2020-04-01 13:30:00+00:00,0.058137050695423284,0.6977674742177247,4.0,0.0,0.0005078965273398851,0.0,3.1706051149408864e-05,0.0004761904761904762,False
2020-04-02 13:30:00+00:00,-0.043434939864333486,0.6674599859357899,4.0,0.0,0.0005078965273398851,0.0,3.1706051149408864e-05,0.0004761904761904762,False
2020-04-03 13:30:00+00:00,-0.0032010523540835075,0.6653234115765536,4.0,0.0,0.0005078965273398851,0.0,3.1706051149408864e-05,0.0004761904761904762,False
2020-04-06 13:30:00+00:00,-0.05289047730821198,0.6301341387739418,4.0,0.0,0.0005078965273398851,0.0,3.1706051149408864e-05,0.0004761904761904762,False
2020-04-07 13:30:00+00:00,-0.0021891280150142024,0.6287546944775348,4.0,0.0,0.0005078965273398851,0.0,3.1706051149408864e-05,0.0004761904761904762,False
2020-04-08 13:30:00+00:00,-0.04264424737434526,0.601941923748454,4.0,0.0,0.0005078965273398851,0.0,3.1706051149408864e-05,0.0004761904761904762,False
2020-04-09 13:30:00+00:00,-0.030193016078424045,0.5837674815664394,4.0,0.0,0.0005078965273398851,0.0,3.1706051149408864e-05,0.0004761904761904762,False
2020-04-13 13:30:00+00:00,0.011806005015227009,0.5906594433815393,4.0,0.0,0.0005078965273398851,0.0,3.1706051149408864e-05,0.0004761904761904762,False
2020-04-14 13:30:00+00:00,-0.003391396146711472,0.5886562832212364,4.0,0.0,0.0005078965273398851,0.0,3.1706051149408864e-05,0.0004761904761904762,False
2020-04-15 13:30:00+00:00,0.043730034593898515,0.6143982428504168,4.0,0.0,0.0005078965273398851,0.0,3.1706051149408864e-05,0.0004761904761904762,False
2020-04-16 13:30:00+00:00,0.006782483607936169,0.6185653888612945,3.2983581786408247,3.7038440803206543,0.0029811467124996383,0.002592690856224458,2.3637097760763664e-05,0.00036481875851441663,True
2020-04-17 13:30:00+00:00,-0.015517182817971634,0.6089669966374641,3.2983581786408247,0.0,0.00038845585627518027,0.0,2.3637097760763664e-05,0.00036481875851441663,False
2020-04-20 13:30:00+00:00,0.020620511629504738,0.6215242076736116,3.2983581786408247,0.0,0.00038845585627518027,0.0,2.3637097760763664e-05,0.00036481875851441663,False
2020-04-21 13:30:00+00:00,0.030780885740339936,0.6406552732948684,3.2983581786408247,0.0,0.00038845585627518027,0.0,2.3637097760763664e-05,0.00036481875851441663,False
2020-04-22 13:30:00+00:00,0.008685718771063857,0.6462198248279066,3.2983581786408247,0.0,0.00038845585627518027,0.0,2.3637097760763664e-05,0.00036481875851441663,False
2020-04-23 13:30:00+00:00,0.005266412283892747,0.6496230848514754,3.2983581786408247,0.0,0.00038845585627518027,0.0,2.3637097760763664e-05,0.00036481875851441663,False
2020-04-24 13:30:00+00:00,-0.001556530106379539,0.6486119269621049,3.2983581786408247,0.0,0.00038845585627518027,0.0,2.3637097760763664e-05,0.00036481875851441663,False
2020-04-27 13:30:00+00:00,-0.0051265374013479735,0.6452867936595733,3.2983581786408247,0.0,0.00038845585627518027,0.0,2.3637097760763664e-05,0.00036481875851441663,False
2020-04-28 13:30:00+00:00,0.005258474198262531,0.6486800176145118,3.2983581786408247,0.0,0.00038845585627518027,0.0,2.3637097760763664e-05,0.00036481875851441663,False
2020-04-29 13:30:00+00:00,-0.01476817738804596,0.6391001960462999,3.2983581786408247,0.0,0.00038845585627518027,0.0,2.3637097760763664e-05,0.00036481875851441663,False
2020-04-30 13:30:00+00:00,-0.02584740924403746,0.6225811117311465,3.2983581786408247,0.0,0.00038845585627518027,0.0,2.3637097760763664e-05,0.00036481875851441663,False
2020-05-01 13:30:00+00:00,0.012081018036595326,0.630102525371214,3.2983581786408247,0.0,0.00038845585627518027,0.0,2.3637097760763664e-05,0.00036481875851441663,False
2020-05-04 13:30:00+00:00,0.004484466573438171,0.6329281990840803,3.2983581786408247,0.0,0.00038845585627518027,0.0,2.3637097760763664e-05,0.00036481875851441663,False
2020-05-05 13:30:00+00:00,-0.008340739408218703,0.6276491099114068,3.2983581786408247,0.0,0.00038845585627518027,0.0,2.3637097760763664e-05,0.00036481875851441663,False
2020-05-06 13:30:00+00:00,0.00027570666645651375,0.6278221569552048,3.2983581786408247,0.0,0.00038845585627518027,0.0,2.3637097760763664e-05,0.00036481875851441663,False
2020-05-07 13:30:00+00:00,0.00641674627719558,0.631850732443588,3.2983581786408247,0.0,0.00038845585627518027,0.0,2.3637097760763664e-05,0.00036481875851441663,False
2020-05-08 13:30:00+00:00,-0.019485021174625576,0.619539107542722,3.2983581786408247,0.0,0.00038845585627518027,0.0,2.3637097760763664e-05,0.00036481875851441663,False
2020-05-11 13:30:00+00:00,-0.0023083603755563852,0.6181089880157629,3.2983581786408247,0.0,0.00038845585627518027,0.0,2.3637097760763664e-05,0.00036481875851441663,False
2020-05-12 13:30:00+00:00,0.009632124071313445,0.6240626904779247,3.2983581786408247,0.0,0.00038845585627518027,0.0,2.3637097760763664e-05,0.00036481875851441663,False
2020-05-13 13:30:00+00:00,0.014428397532748842,0.633066915061497,3.2983581786408247,0.0,0.00038845585627518027,0.0,2.3637097760763664e-05,0.00036481875851441663,False
2020-05-14 13:30:00+00:00,0.003830181227205272,0.6354916760751304,3.2983581786408247,0.0,0.00038845585627518027,0.0,2.3637097760763664e-05,0.00036481875851441663,False
2020-05-15 13:30:00+00:00,-0.005168342248327242,0.632207237597211,3.655749841329693,1.3356156018186647,0.001387685214527829,0.0009349309212730653,3.120669939290758e-05,0.0004215475938618561,True
2020-05-18 13:30:00+00:00,-0.04561227293503916,0.6033708285244199,3.655749841329693,0.0,0.00045275429325476366,0.0,3.120669939290758e-05,0.0004215475938618561,False
2020-05-19 13:30:00+00:00,0.0035863729956677375,0.6055347413702136,3.655749841329693,0.0,0.00045275429325476366,0.0,3.120669939290758e-05,0.0004215475938618561,False
2020-05-20 13:30:00+00:00,-0.01558090139404316,0.5960999642742568,3.655749841329693,0.0,0.00045275429325476366,0.0,3.120669939290758e-05,0.0004215475938618561,False
2020-05-21 13:30:00+00:00,-0.0023468249013116668,0.594701022034427,3.655749841329693,0.0,0.00045275429325476366,0.0,3.120669939290758e-05,0.0004215475938618561,False
2020-05-22 13:30:00+00:00,0.01072132837352561,0.6010770069757294,3.655749841329693,0.0,0.00045275429325476366,0.0,3.120669939290758e-05,0.0004215475938618561,False
2020-05-26 13:30:00+00:00,-0.02595141947614487,0.5854782054302365,3.655749841329693,0.0,0.00045275429325476366,0.0,3.120669939290758e-05,0.0004215475938618561,False
2020-05-27 13:30:00+00:00,-0.0006138335355225968,0.5851188192734259,3.655749841329693,0.0,0.00045275429325476366,0.0,3.120669939290758e-05,0.0004215475938618561,False
2020-05-28 13:30:00+00:00,-0.009756903010260375,0.579409871704297,3.655749841329693,0.0,0.00045275429325476366,0.0,3.120669939290758e-05,0.0004215475938618561,False
2020-05-29 13:30:00+00:00,-0.0063827634902603285,0.5757116355292864,3.655749841329693,0.0,0.00045275429325476366,0.0,3.120669939290758e-05,0.0004215475938618561,False
2020-06-01 13:30:00+00:00,-0.012567793986558185,0.5684762102982899,3.655749841329693,0.0,0.00045275429325476366,0.0,3.120669939290758e-05,0.0004215475938618561,False
2020-06-02 13:30:00+00:00,-0.020989156589803416,0.556544374102761,3.655749841329693,0.0,0.00045275429325476366,0.0,3.120669939290758e-05,0.0004215475938618561,False
2020-06-03 13:30:00+00:00,-0.026274283286826183,0.5419215695558958,3.655749841329693,0.0,0.00045275429325476366,0.0,3.120669939290758e-05,0.0004215475938618561,False
2020-06-04 13:30:00+00:00,-0.009676807098484563,0.5366774990647954,3.655749841329693,0.0,0.00045275429325476366,0.0,3.120669939290758e-05,0.0004215475938618561,False
2020-06-05 13:30:00+00:00,-0.0242768665702072,0.5236486510287669,3.655749841329693,0.0,0.00045275429325476366,0.0,3.120669939290758e-05,0.0004215475938618561,False
2020-06-08 13:30:00+00:00,0.006625984959071482,0.5271183391143216,3.655749841329693,0.0,0.00045275429325476366,0.0,3.120669939290758e-05,0.0004215475938618561,False
2020-06-09 13:30:00+00:00,0.008013750761380703,0.5313425341057367,3.655749841329693,0.0,0.00045275429325476366,0.0,3.120669939290758e-05,0.0004215475938618561,False
2020-06-10 13:30:00+00:00,0.0065653725110371925,0.5348309957730994,3.655749841329693,0.0,0.00045275429325476366,0.0,3.120669939290758e-05,0.0004215475938618561,False
2020-06-11 13:30:00+00:00,0.04230761331405762,0.5574584187306402,3.655749841329693,0.0,0.00045275429325476366,0.0,3.120669939290758e-05,0.0004215475938618561,False
2020-06-12 13:30:00+00:00,-0.008955955877210871,0.5524658457291088,3.655749841329693,0.0,0.00045275429325476366,0.0,3.120669939290758e-05,0.0004215475938618561,False
2020-06-15 13:30:00+00:00,-0.015438053704891243,0.5439368483326247,3.655749841329693,0.0,0.00045275429325476366,0.0,3.120669939290758e-05,0.0004215475938618561,False
2020-06-16 13:30:00+00:00,-0.0027136865239603715,0.5424607742374189,3.422147102973055,6.010655090454365,0.0046081480410570756,0.004207458563318055,1.622168361631287e-05,0.00038446779412270714,True
2020-06-17 13:30:00+00:00,-0.006139436366815785,0.5391303708324946,3.422147102973055,0.0,0.00040068947773902003,0.0,1.622168361631287e-05,0.00038446779412270714,False
2020-06-18 13:30:00+00:00,-0.005530507416456332,0.5361487063181687,3.422147102973055,0.0,0.00040068947773902003,0.0,1.622168361631287e-05,0.00038446779412270714,False
2020-06-19 13:30:00+00:00,-0.0040010820070400755,0.5340035313762213,3.422147102973055,0.0,0.00040068947773902003,0.0,1.622168361631287e-05,0.00038446779412270714,False
2020-06-22 13:30:00+00:00,0.010963704550809581,0.5398581883233191,3.422147102973055,0.0,0.00040068947773902003,0.0,1.622168361631287e-05,0.00038446779412270714,False
2020-06-23 13:30:00+00:00,0.0066266796758655865,0.5434356556077309,3.422147102973055,0.0,0.00040068947773902003,0.0,1.622168361631287e-05,0.00038446779412270714,False
2020-06-24 13:30:00+00:00,-0.020751388732073474,0.5321586110673456,3.422147102973055,0.0,0.00040068947773902003,0.0,1.622168361631287e-05,0.00038446779412270714,False
2020-06-25 13:30:00+00:00,0.0015664368544757604,0.5329922039281481,3.422147102973055,0.0,0.00040068947773902003,0.0,1.622168361631287e-05,0.00038446779412270714,False
2020-06-26 13:30:00+00:00,-0.011442249532983595,0.5268935741316674,3.422147102973055,0.0,0.00040068947773902003,0.0,1.622168361631287e-05,0.00038446779412270714,False
2020-06-29 13:30:00+00:00,0.008031131177983817,0.5311251255423555,3.422147102973055,0.0,0.00040068947773902003,0.0,1.622168361631287e-05,0.00038446779412270714,False
2020-06-30 13:30:00+00:00,0.008886895280505909,0.5358451789138959,3.422147102973055,0.0,0.00040068947773902003,0.0,1.622168361631287e-05,0.00038446779412270714,False
2020-07-01 13:30:00+00:00,0.006101743548353714,0.5391147687772502,3.422147102973055,0.0,0.00040068947773902003,0.0,1.622168361631287e-05,0.00038446779412270714,False
2020-07-02 13:30:00+00:00,0.005631704761829108,0.5421509039877453,3.422147102973055,0.0,0.00040068947773902003,0.0,1.622168361631287e-05,0.00038446779412270714,False
2020-07-06 13:30:00+00:00,0.01902096834728607,0.5524631391719488,3.422147102973055,0.0,0.00040068947773902003,0.0,1.622168361631287e-05,0.00038446779412270714,False
2020-07-07 13:30:00+00:00,-0.010471871637861499,0.5466778160938901,3.422147102973055,0.0,0.00040068947773902003,0.0,1.622168361631287e-05,0.00038446779412270714,False
2020-07-08 13:30:00+00:00,0.01157615444779681,0.5530062429261773,3.422147102973055,0.0,0.00040068947773902003,0.0,1.622168361631287e-05,0.00038446779412270714,False
2020-07-09 13:30:00+00:00,-0.008342249281389134,0.5483929269935227,3.422147102973055,0.0,0.00040068947773902003,0.0,1.622168361631287e-05,0.00038446779412270714,False
2020-07-10 13:30:00+00:00,0.0031658621015018696,0.5501290633778232,3.422147102973055,0.0,0.00040068947773902003,0.0,1.622168361631287e-05,0.00038446779412270714,False
2020-07-13 13:30:00+00:00,-0.001383948921616446,0.5493677128538116,3.422147102973055,0.0,0.00040068947773902003,0.0,1.622168361631287e-05,0.00038446779412270714,False
2020-07-14 13:30:00+00:00,0.013499368659257216,0.5567838301391181,3.422147102973055,0.0,0.00040068947773902003,0.0,1.622168361631287e-05,0.00038446779412270714,False
2020-07-15 13:30:00+00:00,0.008433196783152847,0.5614792977443589,3.422147102973055,0.0,0.00040068947773902003,0.0,1.622168361631287e-05,0.00038446779412270714,False
2020-07-16 13:30:00+00:00,-0.010104074276028833,0.5558060692154974,4.0,2.8280612653835044,0.002461384831678773,0.001979642885768453,5.551469719844184e-06,0.0004761904761904762,True
2020-07-17 13:30:00+00:00,0.011292883298624885,0.5620827222918154,4.0,0.0,0.0004817419459103204,0.0,5.551469719844184e-06,0.0004761904761904762,False
2020-07-20 13:30:00+00:00,0.007001871355696176,0.5660183532045622,4.0,0.0,0.0004817419459103204,0.0,5.551469719844184e-06,0.0004761904761904762,False
2020-07-21 13:30:00+00:00,0.016676294741758402,0.5754574420918462,4.0,0.0,0.0004817419459103204,0.0,5.551469719844184e-06,0.0004761904761904762,False
2020-07-22 13:30:00+00:00,0.008033020143879339,0.5800801033161154,4.0,0.0,0.0004817419459103204,0.0,5.551469719844184e-06,0.0004761904761904762,False
2020-07-23 13:30:00+00:00,0.004129330310091979,0.5824754456690199,4.0,0.0,0.0004817419459103204,0.0,5.551469719844184e-06,0.0004761904761904762,False
2020-07-24 13:30:00+00:00,0.008496471184181082,0.5874244315086398,4.0,0.0,0.0004817419459103204,0.0,5.551469719844184e-06,0.0004761904761904762,False
2020-07-27 13:30:00+00:00,0.01725927777684987,0.5975629529449555,4.0,0.0,0.0004817419459103204,0.0,5.551469719844184e-06,0.0004761904761904762,False
2020-07-28 13:30:00+00:00,0.0002150980136655928,0.5976914875491741,4.0,0.0,0.0004817419459103204,0.0,5.551469719844184e-06,0.0004761904761904762,False
2020-07-29 13:30:00+00:00,0.01570068971566633,0.6070756561408788,4.0,0.0,0.0004817419459103204,0.0,5.551469719844184e-06,0.0004761904761904762,False
2020-07-30 13:30:00+00:00,0.00238502039332128,0.6085235439610637,4.0,0.0,0.0004817419459103204,0.0,5.551469719844184e-06,0.0004761904761904762,False
2020-07-31 13:30:00+00:00,-0.00889471239519944,0.6031109020518225,4.0,0.0,0.0004817419459103204,0.0,5.551469719844184e-06,0.0004761904761904762,False
2020-08-03 13:30:00+00:00,0.0022469825442691174,0.6044660817209913,4.0,0.0,0.0004817419459103204,0.0,5.551469719844184e-06,0.0004761904761904762,False
2020-08-04 13:30:00+00:00,0.018299199347238396,0.6155273270490478,4.0,0.0,0.0004817419459103204,0.0,5.551469719844184e-06,0.0004761904761904762,False
2020-08-05 13:30:00+00:00,0.0054238697132327944,0.6188658670758962,4.0,0.0,0.0004817419459103204,0.0,5.551469719844184e-06,0.0004761904761904762,False
2020-08-06 13:30:00+00:00,0.010990594136662497,0.6256675706459611,4.0,0.0,0.0004817419459103204,0.0,5.551469719844184e-06,0.0004761904761904762,False
2020-08-07 13:30:00+00:00,-0.022437363565741972,0.6116292398920832,4.0,0.0,0.0004817419459103204,0.0,5.551469719844184e-06,0.0004761904761904762,False
2020-08-10 13:30:00+00:00,-0.005590967515379782,0.6082096406803901,4.0,0.0,0.0004817419459103204,0.0,5.551469719844184e-06,0.0004761904761904762,False
2020-08-11 13:30:00+00:00,-0.03154538658954772,0.5890234324376372,4.0,0.0,0.0004817419459103204,0.0,5.551469719844184e-06,0.0004761904761904762,False
2020-08-12 13:30:00+00:00,0.00012071827457945446,0.589094538330088,4.0,0.0,0.0004817419459103204,0.0,5.551469719844184e-06,0.0004761904761904762,False
2020-08-13 13:30:00+00:00,-0.0010993150856214852,0.5884469378172444,4.0,0.0,0.0004817419459103204,0.0,5.551469719844184e-06,0.0004761904761904762,False
2020-08-14 13:30:00+00:00,-0.005587038620374308,0.5851592620496184,3.999999999999999,3.987109519185696,0.0032979955442604472,0.0027909766634299873,3.08284046399838e-05,0.0004761904761904761,True
2020-08-17 13:30:00+00:00,0.01846653460155734,0.5959651258096794,3.999999999999999,0.0,0.0005070188808304599,0.0,3.08284046399838e-05,0.0004761904761904761,False
2020-08-18 13:30:00+00:00,0.008139612072135925,0.6008160507422919,3.999999999999999,0.0,0.0005070188808304599,0.0,3.08284046399838e-05,0.0004761904761904761,False
2020-08-19 13:30:00+00:00,-0.02416295885373577,0.5862985572295419,3.999999999999999,0.0,0.0005070188808304599,0.0,3.08284046399838e-05,0.0004761904761904761,False
2020-08-20 13:30:00+00:00,0.003423604011989194,0.5883058113222965,3.999999999999999,0.0,0.0005070188808304599,0.0,3.08284046399838e-05,0.0004761904761904761,False
2020-08-21 13:30:00+00:00,-0.011462186406789756,0.5815625404487227,3.999999999999999,0.0,0.0005070188808304599,0.0,3.08284046399838e-05,0.0004761904761904761,False
2020-08-24 13:30:00+00:00,0.007913629423036672,0.5861648108801536,3.999999999999999,0.0,0.0005070188808304599,0.0,3.08284046399838e-05,0.0004761904761904761,False
2020-08-25 13:30:00+00:00,0.011658113232529762,0.5929983866183188,3.999999999999999,0.0,0.0005070188808304599,0.0,3.08284046399838e-05,0.0004761904761904761,False
2020-08-26 13:30:00+00:00,0.006633875192296489,0.5969322639043779,3.999999999999999,0.0,0.0005070188808304599,0.0,3.08284046399838e-05,0.0004761904761904761,False
2020-08-27 13:30:00+00:00,-0.005532958218621592,0.5936294626288479,3.999999999999999,0.0,0.0005070188808304599,0.0,3.08284046399838e-05,0.0004761904761904761,False
2020-08-28 13:30:00+00:00,0.018750734638806443,0.6047604511563787,3.999999999999999,0.0,0.0005070188808304599,0.0,3.08284046399838e-05,0.0004761904761904761,False
2020-08-31 13:30:00+00:00,-0.004135680945027322,0.602259354882225,3.999999999999999,0.0,0.0005070188808304599,0.0,3.08284046399838e-05,0.0004761904761904761,False
2020-09-01 13:30:00+00:00,0.004090371517100833,0.6047228193933428,3.999999999999999,0.0,0.0005070188808304599,0.0,3.08284046399838e-05,0.0004761904761904761,False
2020-09-02 13:30:00+00:00,-0.005566172292491522,0.6013568279913982,3.999999999999999,0.0,0.0005070188808304599,0.0,3.08284046399838e-05,0.0004761904761904761,False
2020-09-03 13:30:00+00:00,-0.024917134071809857,0.5863727392833382,3.999999999999999,0.0,0.0005070188808304599,0.0,3.08284046399838e-05,0.0004761904761904761,False
2020-09-04 13:30:00+00:00,-0.0050008466036995745,0.5834403791615911,3.999999999999999,0.0,0.0005070188808304599,0.0,3.08284046399838e-05,0.0004761904761904761,False
2020-09-08 13:30:00+00:00,-0.030698780268242104,0.5655294711620895,3.999999999999999,0.0,0.0005070188808304599,0.0,3.08284046399838e-05,0.0004761904761904761,False
2020-09-09 13:30:00+00:00,0.02286190699818774,0.5784585533365315,3.999999999999999,0.0,0.0005070188808304599,0.0,3.08284046399838e-05,0.0004761904761904761,False
2020-09-10 13:30:00+00:00,-0.01745736180064521,0.5683601930842579,3.999999999999999,0.0,0.0005070188808304599,0.0,3.08284046399838e-05,0.0004761904761904761,False
2020-09-11 13:30:00+00:00,0.007327546369353682,0.5725248787535776,3.999999999999999,0.0,0.0005070188808304599,0.0,3.08284046399838e-05,0.0004761904761904761,False
2020-09-14 13:30:00+00:00,0.012517153072032721,0.5796912602984831,3.999999999999999,0.0,0.0005070188808304599,0.0,3.08284046399838e-05,0.0004761904761904761,False
2020-09-15 13:30:00+00:00,-0.0023748160616507853,0.5783146001827276,3.9999999999999996,3.707348373188685,0.0030848916639616675,0.0025951438612320794,1.355732653911231e-05,0.00047619047619047614,True
2020-09-16 13:30:00+00:00,-0.008055280587917537,0.5736561138101665,3.9999999999999996,0.0,0.0004897478027295884,0.0,1.355732653911231e-05,0.00047619047619047614,False
2020-09-17 13:30:00+00:00,-0.0006887078305348057,0.5732610323525512,3.9999999999999996,0.0,0.0004897478027295884,0.0,1.355732653911231e-05,0.00047619047619047614,False
2020-09-18 13:30:00+00:00,-0.007973150798471974,0.5686903356947166,3.9999999999999996,0.0,0.0004897478027295884,0.0,1.355732653911231e-05,0.00047619047619047614,False
2020-09-21 13:30:00+00:00,-0.013640173331688302,0.5609333009437847,3.9999999999999996,0.0,0.0004897478027295884,0.0,1.355732653911231e-05,0.00047619047619047614,False
2020-09-22 13:30:00+00:00,-0.0028866566857027862,0.559314079080382,3.9999999999999996,0.0,0.0004897478027295884,0.0,1.355732653911231e-05,0.00047619047619047614,False
2020-09-23 13:30:00+00:00,-0.0225017688303969,0.546728522969329,3.9999999999999996,0.0,0.0004897478027295884,0.0,1.355732653911231e-05,0.00047619047619047614,False
2020-09-24 13:30:00+00:00,0.00013039200457336914,0.5467998119973964,3.9999999999999996,0.0,0.0004897478027295884,0.0,1.355732653911231e-05,0.00047619047619047614,False
2020-09-25 13:30:00+00:00,-0.0006739411422485956,0.5464313011075175,3.9999999999999996,0.0,0.0004897478027295884,0.0,1.355732653911231e-05,0.00047619047619047614,False
2020-09-28 13:30:00+00:00,0.012358332505117793,0.5531842808178083,3.9999999999999996,0.0,0.0004897478027295884,0.0,1.355732653911231e-05,0.00047619047619047614,False
2020-09-29 13:30:00+00:00,0.009106724343466101,0.5582219775743547,3.9999999999999996,0.0,0.0004897478027295884,0.0,1.355732653911231e-05,0.00047619047619047614,False
2020-09-30 13:30:00+00:00,-0.004127292070877744,0.5559180324325224,3.9999999999999996,0.0,0.0004897478027295884,0.0,1.355732653911231e-05,0.00047619047619047614,False
2020-10-01 13:30:00+00:00,0.012647755012729195,0.5629491475138874,3.9999999999999996,0.0,0.0004897478027295884,0.0,1.355732653911231e-05,0.00047619047619047614,False
2020-10-02 13:30:00+00:00,-0.002126529200687238,0.5617520197131971,3.9999999999999996,0.0,0.0004897478027295884,0.0,1.355732653911231e-05,0.00047619047619047614,False
2020-10-05 13:30:00+00:00,-0.006196928012098063,0.5582708828863837,3.9999999999999996,0.0,0.0004897478027295884,0.0,1.355732653911231e-05,0.00047619047619047614,False
2020-10-06 13:30:00+00:00,-0.006726876229328208,0.5545154637547692,3.9999999999999996,0.0,0.0004897478027295884,0.0,1.355732653911231e-05,0.00047619047619047614,False
2020-10-07 13:30:00+00:00,-4.274102584026277e-05,0.554491763195004,3.9999999999999996,0.0,0.0004897478027295884,0.0,1.355732653911231e-05,0.00047619047619047614,False
2020-10-08 13:30:00+00:00,0.005424729843928019,0.5574997312110203,3.9999999999999996,0.0,0.0004897478027295884,0.0,1.355732653911231e-05,0.00047619047619047614,False
2020-10-09 13:30:00+00:00,0.014837811051795255,0.5657718068841561,3.9999999999999996,0.0,0.0004897478027295884,0.0,1.355732653911231e-05,0.00047619047619047614,False
2020-10-12 13:30:00+00:00,0.012491401555056245,0.5728390897124759,3.9999999999999996,0.0,0.0004897478027295884,0.0,1.355732653911231e-05,0.00047619047619047614,False
2020-10-13 13:30:00+00:00,-0.0119223178417195,0.5660095200127625,3.9999999999999996,0.0,0.0004897478027295884,0.0,1.355732653911231e-05,0.00047619047619047614,False
2020-10-14 13:30:00+00:00,-0.006361531619786306,0.5624088325541012,4.0,3.8145579494890924,0.0031644647648906184,0.002670190564642365,1.80837240577774e-05,0.0004761904761904762,True
2020-10-15 13:30:00+00:00,-0.009965462649230651,0.5568041683396859,4.0,0.0,0.0004942742002482536,0.0,1.80837240577774e-05,0.0004761904761904762,False
2020-10-16 13:30:00+00:00,0.00027399765918647504,0.5569567313784364,4.0,0.0,0.0004942742002482536,0.0,1.80837240577774e-05,0.0004761904761904762,False
2020-10-19 13:30:00+00:00,-0.006965910743579103,0.5530770204996186,4.0,0.0,0.0004942742002482536,0.0,1.80837240577774e-05,0.0004761904761904762,False
2020-10-20 13:30:00+00:00,0.012025335352306838,0.5597279571467811,4.0,0.0,0.0004942742002482536,0.0,1.80837240577774e-05,0.0004761904761904762,False
2020-10-21 13:30:00+00:00,0.008732794857701206,0.5646159465726641,4.0,0.0,0.0004942742002482536,0.0,1.80837240577774e-05,0.0004761904761904762,False
2020-10-22 13:30:00+00:00,-0.0004253039022767899,0.564375813207299,4.0,0.0,0.0004942742002482536,0.0,1.80837240577774e-05,0.0004761904761904762,False
2020-10-23 13:30:00+00:00,0.007533694751243452,0.5686276483089876,4.0,0.0,0.0004942742002482536,0.0,1.80837240577774e-05,0.0004761904761904762,False
2020-10-26 13:30:00+00:00,-0.02712139308676835,0.5532056743391949,4.0,0.0,0.0004942742002482536,0.0,1.80837240577774e-05,0.0004761904761904762,False
2020-10-27 13:30:00+00:00,-0.0009965175518540244,0.5526543951749306,4.0,0.0,0.0004942742002482536,0.0,1.80837240577774e-05,0.0004761904761904762,False
2020-10-28 13:30:00+00:00,-0.03731157012773452,0.5320339919529605,4.0,0.0,0.0004942742002482536,0.0,1.80837240577774e-05,0.0004761904761904762,False
2020-10-29 13:30:00+00:00,0.007623724592604983,0.5360900725815141,4.0,0.0,0.0004942742002482536,0.0,1.80837240577774e-05,0.0004761904761904762,False
2020-10-30 13:30:00+00:00,-0.005778903850968053,0.532992059596607,4.0,0.0,0.0004942742002482536,0.0,1.80837240577774e-05,0.0004761904761904762,False
2020-11-02 14:30:00+00:00,0.011758060850660642,0.5392590126662629,4.0,0.0,0.0004942742002482536,0.0,1.80837240577774e-05,0.0004761904761904762,False
2020-11-03 14:30:00+00:00,0.026961709211666043,0.5537983573555408,4.0,0.0,0.0004942742002482536,0.0,1.80837240577774e-05,0.0004761904761904762,False
2020-11-04 14:30:00+00:00,0.02195172073282857,0.5659551842385089,4.0,0.0,0.0004942742002482536,0.0,1.80837240577774e-05,0.0004761904761904762,False
2020-11-05 14:30:00+00:00,0.034456179819955426,0.5854558378366669,4.0,0.0,0.0004942742002482536,0.0,1.80837240577774e-05,0.0004761904761904762,False
2020-11-06 14:30:00+00:00,0.005124637529186958,0.5884560867949262,4.0,0.0,0.0004942742002482536,0.0,1.80837240577774e-05,0.0004761904761904762,False
2020-11-09 14:30:00+00:00,0.0026824168326873006,0.5900345713074423,4.0,0.0,0.0004942742002482536,0.0,1.80837240577774e-05,0.0004761904761904762,False
2020-11-10 14:30:00+00:00,0.0009834113320238732,0.5906148179911519,4.0,0.0,0.0004942742002482536,0.0,1.80837240577774e-05,0.0004761904761904762,False
2020-11-11 14:30:00+00:00,0.002935847199875205,0.592348772850756,4.0,0.0,0.0004942742002482536,0.0,1.80837240577774e-05,0.0004761904761904762,False
2020-11-12 14:30:00+00:00,-0.01811649964546672,0.5816174865174127,3.9999999999999996,1.6078427330232667,0.0016330192844035037,0.0011254899131162867,3.1338895096740865e-05,0.00047619047619047614,True
2020-11-13 14:30:00+00:00,0.019017837946243257,0.5926785936227023,3.9999999999999996,0.0,0.000507529371287217,0.0,3.1338895096740865e-05,0.00047619047619047614,False
2020-11-16 14:30:00+00:00,0.014583564276859804,0.6013219599883177,3.9999999999999996,0.0,0.000507529371287217,0.0,3.1338895096740865e-05,0.00047619047619047614,False
2020-11-17 14:30:00+00:00,-0.0004386705601237555,0.6010581777473148,3.9999999999999996,0.0,0.000507529371287217,0.0,3.1338895096740865e-05,0.00047619047619047614,False
2020-11-18 14:30:00+00:00,-0.006162704267520607,0.5973540339502833,3.9999999999999996,0.0,0.000507529371287217,0.0,3.1338895096740865e-05,0.00047619047619047614,False
2020-11-19 14:30:00+00:00,0.005083341528579964,0.6003905885183276,3.9999999999999996,0.0,0.000507529371287217,0.0,3.1338895096740865e-05,0.00047619047619047614,False
2020-11-20 14:30:00+00:00,-0.0046662274924657845,0.5975890294479657,3.9999999999999996,0.0,0.000507529371287217,0.0,3.1338895096740865e-05,0.00047619047619047614,False
2020-11-23 14:30:00+00:00,-0.0015968557435895806,0.5966347659739856,3.9999999999999996,0.0,0.000507529371287217,0.0,3.1338895096740865e-05,0.00047619047619047614,False
2020-11-24 14:30:00+00:00,0.021618080193957098,0.609532864191314,3.9999999999999996,0.0,0.000507529371287217,0.0,3.1338895096740865e-05,0.00047619047619047614,False
2020-11-25 14:30:00+00:00,-0.0007311937093346638,0.6090871775953847,3.9999999999999996,0.0,0.000507529371287217,0.0,3.1338895096740865e-05,0.00047619047619047614,False
2020-11-27 14:30:00+00:00,0.007309955725671942,0.6135395778966815,3.9999999999999996,0.0,0.000507529371287217,0.0,3.1338895096740865e-05,0.00047619047619047614,False
2020-11-30 14:30:00+00:00,-0.019543605372779615,0.6015488025056869,3.9999999999999996,0.0,0.000507529371287217,0.0,3.1338895096740865e-05,0.00047619047619047614,False
2020-12-01 14:30:00+00:00,0.027912635081823997,0.6183396147139363,3.9999999999999996,0.0,0.000507529371287217,0.0,3.1338895096740865e-05,0.00047619047619047614,False
2020-12-02 14:30:00+00:00,0.003556016753388129,0.6205384407431426,3.9999999999999996,0.0,0.000507529371287217,0.0,3.1338895096740865e-05,0.00047619047619047614,False
2020-12-03 14:30:00+00:00,0.008641390783574206,0.6259007559058339,3.9999999999999996,0.0,0.000507529371287217,0.0,3.1338895096740865e-05,0.00047619047619047614,False
2020-12-04 14:30:00+00:00,0.011062964445326928,0.6328250737147234,3.9999999999999996,0.0,0.000507529371287217,0.0,3.1338895096740865e-05,0.00047619047619047614,False
2020-12-07 14:30:00+00:00,-0.008295626054683352,0.6275753935451587,3.9999999999999996,0.0,0.000507529371287217,0.0,3.1338895096740865e-05,0.00047619047619047614,False
2020-12-08 14:30:00+00:00,-0.002236825968584869,0.626171616607632,3.9999999999999996,0.0,0.000507529371287217,0.0,3.1338895096740865e-05,0.00047619047619047614,False
2020-12-09 14:30:00+00:00,-0.003310684140446268,0.6240985601673316,3.9999999999999996,0.0,0.000507529371287217,0.0,3.1338895096740865e-05,0.00047619047619047614,False
2020-12-10 14:30:00+00:00,0.004673101058501822,0.6270150358094589,3.9999999999999996,0.0,0.000507529371287217,0.0,3.1338895096740865e-05,0.00047619047619047614,False
2020-12-11 14:30:00+00:00,-0.006848166083457156,0.6227211327074109,3.9999999999999996,0.0,0.000507529371287217,0.0,3.1338895096740865e-05,0.00047619047619047614,False
2020-12-14 14:30:00+00:00,-0.0007762292089189523,0.6222377583751924,4.000000000000001,2.5797045742632116,0.002295239944302233,0.001805793201984248,1.3256266127508514e-05,0.00047619047619047635,True
2020-12-15 14:30:00+00:00,0.013880478954009188,0.630874716484709,4.000000000000001,0.0,0.0004894467423179849,0.0,1.3256266127508514e-05,0.00047619047619047635,False
2020-12-16 14:30:00+00:00,0.002759265351003022,0.6326154672307293,4.000000000000001,0.0,0.0004894467423179849,0.0,1.3256266127508514e-05,0.00047619047619047635,False
2020-12-17 14:30:00+00:00,0.014340928347455397,0.6416877603177772,4.000000000000001,0.0,0.0004894467423179849,0.0,1.3256266127508514e-05,0.00047619047619047635,False
2020-12-18 14:30:00+00:00,-0.006046629566969848,0.637807712133477,4.000000000000001,0.0,0.0004894467423179849,0.0,1.3256266127508514e-05,0.00047619047619047635,False
2020-12-21 14:30:00+00:00,-0.01286754277580935,0.6296006941148583,4.000000000000001,0.0,0.0004894467423179849,0.0,1.3256266127508514e-05,0.00047619047619047635,False
2020-12-22 14:30:00+00:00,-0.008456316984577668,0.624276591071713,4.000000000000001,0.0,0.0004894467423179849,0.0,1.3256266127508514e-05,0.00047619047619047635,False
2020-12-23 14:30:00+00:00,0.011380305357511252,0.6313810493056552,4.000000000000001,0.0,0.0004894467423179849,0.0,1.3256266127508514e-05,0.00047619047619047635,False
2020-12-24 14:30:00+00:00,0.0019499501613366504,0.6326122108846137,4.000000000000001,0.0,0.0004894467423179849,0.0,1.3256266127508514e-05,0.00047619047619047635,False
2020-12-28 14:30:00+00:00,0.00437333853395247,0.6353788382435243,4.000000000000001,0.0,0.0004894467423179849,0.0,1.3256266127508514e-05,0.00047619047619047635,False
2020-12-29 14:30:00+00:00,0.007659085500515562,0.6402452590908497,4.000000000000001,0.0,0.0004894467423179849,0.0,1.3256266127508514e-05,0.00047619047619047635,False
2020-12-30 14:30:00+00:00,0.011500210205016308,0.6476082141531596,4.000000000000001,0.0,0.0004894467423179849,0.0,1.3256266127508514e-05,0.00047619047619047635,False
2020-12-31 14:30:00+00:00,-0.004709408123133785,0.6445583627688185,4.000000000000001,0.0,0.0004894467423179849,0.0,1.3256266127508514e-05,0.00047619047619047635,False
2021-01-04 14:30:00+00:00,-0.007590398949222694,0.6396659076493454,4.000000000000001,0.0,0.0004894467423179849,0.0,1.3256266127508514e-05,0.00047619047619047635,False
2021-01-05 14:30:00+00:00,0.015791051597006917,0.6497669050018825,4.000000000000001,0.0,0.0004894467423179849,0.0,1.3256266127508514e-05,0.00047619047619047635,False
2021-01-06 14:30:00+00:00,-0.006097757576968547,0.6458047839336439,4.000000000000001,0.0,0.0004894467423179849,0.0,1.3256266127508514e-05,0.00047619047619047635,False
2021-01-07 14:30:00+00:00,-0.005491007593217356,0.6422586649613282,4.000000000000001,0.0,0.0004894467423179849,0.0,1.3256266127508514e-05,0.00047619047619047635,False
2021-01-08 14:30:00+00:00,0.007728853450891388,0.6472225880603796,4.000000000000001,0.0,0.0004894467423179849,0.0,1.3256266127508514e-05,0.00047619047619047635,False
2021-01-11 14:30:00+00:00,-0.022670757124818888,0.632549561960766,4.000000000000001,0.0,0.0004894467423179849,0.0,1.3256266127508514e-05,0.00047619047619047635,False
2021-01-12 14:30:00+00:00,0.013932825954548178,0.641362764915191,4.000000000000001,0.0,0.0004894467423179849,0.0,1.3256266127508514e-05,0.00047619047619047635,False
2021-01-13 14:30:00+00:00,0.0037732634462707432,0.6437827955918446,4.000000000000001,0.0,0.0004894467423179849,0.0,1.3256266127508514e-05,0.00047619047619047635,False
2021-01-14 14:30:00+00:00,0.006028238182946462,0.6476636716217553,3.999999999999999,1.61756410831913,0.0016288374638657125,0.0011322948758233909,2.0352111851845553e-05,0.0004761904761904761,True
2021-01-15 14:30:00+00:00,-0.02195882597817111,0.6334417377642299,3.999999999999999,0.0,0.0004965425880423216,0.0,2.0352111851845553e-05,0.0004761904761904761,False
2021-01-19 14:30:00+00:00,0.013577222130942961,0.6420421169448653,3.999999999999999,0.0,0.0004965425880423216,0.0,2.0352111851845553e-05,0.0004761904761904761,False
2021-01-20 14:30:00+00:00,0.012347005511615536,0.6499694145014728,3.999999999999999,0.0,0.0004965425880423216,0.0,2.0352111851845553e-05,0.0004761904761904761,False
2021-01-21 14:30:00+00:00,0.006059449517069312,0.6539078713562837,3.999999999999999,0.0,0.0004965425880423216,0.0,2.0352111851845553e-05,0.0004761904761904761,False
2021-01-22 14:30:00+00:00,-0.012465777672179715,0.645756401213868,3.999999999999999,0.0,0.0004965425880423216,0.0,2.0352111851845553e-05,0.0004761904761904761,False
2021-01-25 14:30:00+00:00,0.0005624174856763864,0.6461195859053982,3.999999999999999,0.0,0.0004965425880423216,0.0,2.0352111851845553e-05,0.0004761904761904761,False
2021-01-26 14:30:00+00:00,0.0018003762529654377,0.6472828442644382,3.999999999999999,0.0,0.0004965425880423216,0.0,2.0352111851845553e-05,0.0004761904761904761,False
2021-01-27 14:30:00+00:00,-0.03214776028399303,0.6264741505510838,3.999999999999999,0.0,0.0004965425880423216,0.0,2.0352111851845553e-05,0.0004761904761904761,False
2021-01-28 14:30:00+00:00,0.009256647447191128,0.6322732008975137,3.999999999999999,0.0,0.0004965425880423216,0.0,2.0352111851845553e-05,0.0004761904761904761,False
2021-01-29 14:30:00+00:00,-0.019961025838625596,0.619652379197328,3.999999999999999,0.0,0.0004965425880423216,0.0,2.0352111851845553e-05,0.0004761904761904761,False
2021-02-01 14:30:00+00:00,0.010310238091960737,0.6260411427611023,3.999999999999999,0.0,0.0004965425880423216,0.0,2.0352111851845553e-05,0.0004761904761904761,False
2021-02-02 14:30:00+00:00,0.009182445533786616,0.6317897314564157,3.999999999999999,0.0,0.0004965425880423216,0.0,2.0352111851845553e-05,0.0004761904761904761,False
2021-02-03 14:30:00+00:00,0.003744156462961173,0.6341552510626808,3.999999999999999,0.0,0.0004965425880423216,0.0,2.0352111851845553e-05,0.0004761904761904761,False
2021-02-04 14:30:00+00:00,-0.004641733759835692,0.6312116712248461,3.999999999999999,0.0,0.0004965425880423216,0.0,2.0352111851845553e-05,0.0004761904761904761,False
2021-02-05 14:30:00+00:00,0.01570428967573033,0.6411244021564629,3.999999999999999,0.0,0.0004965425880423216,0.0,2.0352111851845553e-05,0.0004761904761904761,False
2021-02-08 14:30:00+00:00,0.010076247861371604,0.6475845305425652,3.999999999999999,0.0,0.0004965425880423216,0.0,2.0352111851845553e-05,0.0004761904761904761,False
2021-02-09 14:30:00+00:00,0.011950105683213506,0.655323234121363,3.999999999999999,0.0,0.0004965425880423216,0.0,2.0352111851845553e-05,0.0004761904761904761,False
2021-02-10 14:30:00+00:00,-0.0009525337900904288,0.654699016597431,3.999999999999999,0.0,0.0004965425880423216,0.0,2.0352111851845553e-05,0.0004761904761904761,False
2021-02-11 14:30:00+00:00,0.003370527370172978,0.6569056975520979,3.999999999999999,0.0,0.0004965425880423216,0.0,2.0352111851845553e-05,0.0004761904761904761,False
2021-02-12 14:30:00+00:00,0.003914694910950753,0.6594772829432797,3.999999999999999,0.0,0.0004965425880423216,0.0,2.0352111851845553e-05,0.0004761904761904761,False
2021-02-16 14:30:00+00:00,0.0035984879614190807,0.6618504040067804,4.0,2.3082711716336153,0.0021082732902213738,0.0016157898201435306,1.629299388736695e-05,0.0004761904761904762,True
2021-02-17 14:30:00+00:00,-0.0019549603813747204,0.6605565126885503,4.0,0.0,0.0004924834700778431,0.0,1.629299388736695e-05,0.0004761904761904762,False
2021-02-18 14:30:00+00:00,-0.007772568266195327,0.6554222920999986,4.0,0.0,0.0004924834700778431,0.0,1.629299388736695e-05,0.0004761904761904762,False
2021-02-19 14:30:00+00:00,0.003177002419169923,0.6575045703075783,4.0,0.0,0.0004924834700778431,0.0,1.629299388736695e-05,0.0004761904761904762,False
2021-02-22 14:30:00+00:00,-0.0028030955124073525,0.6556615221971618,4.0,0.0,0.0004924834700778431,0.0,1.629299388736695e-05,0.0004761904761904762,False
2021-02-23 14:30:00+00:00,0.006033363118242233,0.6596173662432367,4.0,0.0,0.0004924834700778431,0.0,1.629299388736695e-05,0.0004761904761904762,False
2021-02-24 14:30:00+00:00,0.010918449332719547,0.6668193650355454,4.0,0.0,0.0004924834700778431,0.0,1.629299388736695e-05,0.0004761904761904762,False
2021-02-25 14:30:00+00:00,-0.03031398739364938,0.6466054112100166,4.0,0.0,0.0004924834700778431,0.0,1.629299388736695e-05,0.0004761904761904762,False
2021-02-26 14:30:00+00:00,-0.027703048788631512,0.6286924699562724,4.0,0.0,0.0004924834700778431,0.0,1.629299388736695e-05,0.0004761904761904762,False
2021-03-01 14:30:00+00:00,0.029396829909967153,0.6471740355612541,4.0,0.0,0.0004924834700778431,0.0,1.629299388736695e-05,0.0004761904761904762,False
2021-03-02 14:30:00+00:00,-0.007033511498057453,0.6426221295408898,4.0,0.0,0.0004924834700778431,0.0,1.629299388736695e-05,0.0004761904761904762,False
2021-03-03 14:30:00+00:00,-0.007270294546045773,0.6379500773773203,4.0,0.0,0.0004924834700778431,0.0,1.629299388736695e-05,0.0004761904761904762,False
2021-03-04 14:30:00+00:00,-0.014223673636165082,0.628876083680539,4.0,0.0,0.0004924834700778431,0.0,1.629299388736695e-05,0.0004761904761904762,False
2021-03-05 14:30:00+00:00,0.018638710723471688,0.6405975230851705,4.0,0.0,0.0004924834700778431,0.0,1.629299388736695e-05,0.0004761904761904762,False
2021-03-08 14:30:00+00:00,-0.025218135925670175,0.6244428476743611,4.0,0.0,0.0004924834700778431,0.0,1.629299388736695e-05,0.0004761904761904762,False
2021-03-09 14:30:00+00:00,0.014272335055185725,0.6333551052191838,4.0,0.0,0.0004924834700778431,0.0,1.629299388736695e-05,0.0004761904761904762,False
2021-03-10 14:30:00+00:00,0.009818376541444636,0.639573624126672,4.0,0.0,0.0004924834700778431,0.0,1.629299388736695e-05,0.0004761904761904762,False
2021-03-11 14:30:00+00:00,0.02511172900961611,0.6556344236574391,4.0,0.0,0.0004924834700778431,0.0,1.629299388736695e-05,0.0004761904761904762,False
2021-03-12 14:30:00+00:00,-0.00726204062128836,0.6508731798401238,4.0,0.0,0.0004924834700778431,0.0,1.629299388736695e-05,0.0004761904761904762,False
2021-03-15 13:30:00+00:00,0.00030007140270707326,0.6510684882681829,4.0,0.0,0.0004924834700778431,0.0,1.629299388736695e-05,0.0004761904761904762,False
2021-03-16 13:30:00+00:00,-0.004141380648415483,0.6483721658300758,4.0,0.0,0.0004924834700778431,0.0,1.629299388736695e-05,0.0004761904761904762,False
2021-03-17 13:30:00+00:00,-0.000747185752900201,0.6478877113851905,4.0,4.30315148005788,0.0035345609017484484,0.003012206036040516,4.6164389517456674e-05,0.0004761904761904762,True
2021-03-18 13:30:00+00:00,-0.016499877468342,0.6371976435340904,4.0,0.0,0.0005223548657079329,0.0,4.6164389517456674e-05,0.0004761904761904762,False
2021-03-19 13:30:00+00:00,0.003967495352062223,0.6397257222231569,4.0,0.0,0.0005223548657079329,0.0,4.6164389517456674e-05,0.0004761904761904762,False
2021-03-22 13:30:00+00:00,-0.004339792532703035,0.6369494453108748,4.0,0.0,0.0005223548657079329,0.0,4.6164389517456674e-05,0.0004761904761904762,False
2021-03-23 13:30:00+00:00,-0.022758123767442667,0.622453671000886,4.0,0.0,0.0005223548657079329,0.0,4.6164389517456674e-05,0.0004761904761904762,False
2021-03-24 13:30:00+00:00,0.0019223597845623107,0.6236502509057713,4.0,0.0,0.0005223548657079329,0.0,4.6164389517456674e-05,0.0004761904761904762,False
2021-03-25 13:30:00+00:00,0.007290086993783303,0.6281967154885691,4.0,0.0,0.0005223548657079329,0.0,4.6164389517456674e-05,0.0004761904761904762,False
2021-03-26 13:30:00+00:00,0.0297468317009034,0.6468835774592678,4.0,0.0,0.0005223548657079329,0.0,4.6164389517456674e-05,0.0004761904761904762,False
2021-03-29 13:30:00+00:00,0.006095865590705638,0.6508268928002944,4.0,0.0,0.0005223548657079329,0.0,4.6164389517456674e-05,0.0004761904761904762,False
2021-03-30 13:30:00+00:00,-0.001117826360628114,0.6500993813433166,4.0,0.0,0.0005223548657079329,0.0,4.6164389517456674e-05,0.0004761904761904762,False
2021-03-31 13:30:00+00:00,0.003420059155078609,0.6523227596841907,4.0,0.0,0.0005223548657079329,0.0,4.6164389517456674e-05,0.0004761904761904762,False
2021-04-01 13:30:00+00:00,0.004758853331680985,0.6554270680224451,4.0,0.0,0.0005223548657079329,0.0,4.6164389517456674e-05,0.0004761904761904762,False
2021-04-05 13:30:00+00:00,0.0030986708898652635,0.657458020798556,4.0,0.0,0.0005223548657079329,0.0,4.6164389517456674e-05,0.0004761904761904762,False
2021-04-06 13:30:00+00:00,-0.012537025198705374,0.6492154530247135,4.0,0.0,0.0005223548657079329,0.0,4.6164389517456674e-05,0.0004761904761904762,False
2021-04-07 13:30:00+00:00,0.003500661517891777,0.6514881365779378,4.0,0.0,0.0005223548657079329,0.0,4.6164389517456674e-05,0.0004761904761904762,False
2021-04-08 13:30:00+00:00,-0.008416653863398706,0.6460047864362507,4.0,0.0,0.0005223548657079329,0.0,4.6164389517456674e-05,0.0004761904761904762,False
2021-04-09 13:30:00+00:00,0.007369941457724452,0.6507658038936956,4.0,0.0,0.0005223548657079329,0.0,4.6164389517456674e-05,0.0004761904761904762,False
2021-04-12 13:30:00+00:00,-0.0010755515251833717,0.6500658717407806,4.0,0.0,0.0005223548657079329,0.0,4.6164389517456674e-05,0.0004761904761904762,False
2021-04-13 13:30:00+00:00,-0.004433264109372019,0.6471839580428645,4.0,0.0,0.0005223548657079329,0.0,4.6164389517456674e-05,0.0004761904761904762,False
2021-04-14 13:30:00+00:00,0.0064089623655662915,0.6513317356735595,4.0,0.0,0.0005223548657079329,0.0,4.6164389517456674e-05,0.0004761904761904762,False
2021-04-15 13:30:00+00:00,-0.0012419114156273945,0.6505228393556661,4.0,0.0,0.0005223548657079329,0.0,4.6164389517456674e-05,0.0004761904761904762,False
2021-04-16 13:30:00+00:00,0.00028095445281072894,0.6507056066440381,4.0,3.8319593141945547,0.0031804599350540733,0.002682371519936188,2.189793892740906e-05,0.0004761904761904762,True
2021-04-19 13:30:00+00:00,-0.0019416775808970962,0.6494421461558533,4.0,0.0,0.0004980884151178852,0.0,2.189793892740906e-05,0.0004761904761904762,False
2021-04-20 13:30:00+00:00,-0.01052033714257332,0.6426097958236974,4.0,0.0,0.0004980884151178852,0.0,2.189793892740906e-05,0.0004761904761904762,False
2021-04-21 13:30:00+00:00,0.011251271352136221,0.6498399730100506,4.0,0.0,0.0004980884151178852,0.0,2.189793892740906e-05,0.0004761904761904762,False
2021-04-22 13:30:00+00:00,-0.008510261047523775,0.6443096652006193,4.0,0.0,0.0004980884151178852,0.0,2.189793892740906e-05,0.0004761904761904762,False
2021-04-23 13:30:00+00:00,0.01641764118517214,0.6548877100960214,4.0,0.0,0.0004980884151178852,0.0,2.189793892740906e-05,0.0004761904761904762,False
2021-04-26 13:30:00+00:00,0.003480896602677418,0.6571673065012298,4.0,0.0,0.0004980884151178852,0.0,2.189793892740906e-05,0.0004761904761904762,False
2021-04-27 13:30:00+00:00,0.002203869360568129,0.658615617392795,4.0,0.0,0.0004980884151178852,0.0,2.189793892740906e-05,0.0004761904761904762,False
2021-04-28 13:30:00+00:00,0.0033087500147131977,0.6607948118265337,4.0,0.0,0.0004980884151178852,0.0,2.189793892740906e-05,0.0004761904761904762,False
2021-04-29 13:30:00+00:00,0.008964293798990868,0.6667183706605956,4.0,0.0,0.0004980884151178852,0.0,2.189793892740906e-05,0.0004761904761904762,False
2021-04-30 13:30:00+00:00,-0.012169024279518702,0.6586050586204256,4.0,0.0,0.0004980884151178852,0.0,2.189793892740906e-05,0.0004761904761904762,False
2021-05-03 13:30:00+00:00,0.010519939253838928,0.6655335438293835,4.0,0.0,0.0004980884151178852,0.0,2.189793892740906e-05,0.0004761904761904762,False
2021-05-04 13:30:00+00:00,-0.009088905279013171,0.6594845724895122,4.0,0.0,0.0004980884151178852,0.0,2.189793892740906e-05,0.0004761904761904762,False
2021-05-05 13:30:00+00:00,0.0011121829913264573,0.6602180400140772,4.0,0.0,0.0004980884151178852,0.0,2.189793892740906e-05,0.0004761904761904762,False
2021-05-06 13:30:00+00:00,0.011268051561336432,0.6676574109306803,4.0,0.0,0.0004980884151178852,0.0,2.189793892740906e-05,0.0004761904761904762,False
2021-05-07 13:30:00+00:00,0.0175032073976855,0.6793435570648018,4.0,0.0,0.0004980884151178852,0.0,2.189793892740906e-05,0.0004761904761904762,False
2021-05-10 13:30:00+00:00,-0.007476502956477291,0.674264442951943,4.0,0.0,0.0004980884151178852,0.0,2.189793892740906e-05,0.0004761904761904762,False
2021-05-11 13:30:00+00:00,-0.01000262084569388,0.6675200313793617,4.0,0.0,0.0004980884151178852,0.0,2.189793892740906e-05,0.0004761904761904762,False
2021-05-12 13:30:00+00:00,-0.025357009049598877,0.6505937199028866,4.0,0.0,0.0004980884151178852,0.0,2.189793892740906e-05,0.0004761904761904762,False
2021-05-13 13:30:00+00:00,0.0066571143697245014,0.6549247967045047,4.0,0.0,0.0004980884151178852,0.0,2.189793892740906e-05,0.0004761904761904762,False
2021-05-14 13:30:00+00:00,0.021966104509065325,0.6693109432344941,4.0,0.0,0.0004980884151178852,0.0,2.189793892740906e-05,0.0004761904761904762,False
2021-05-17 13:30:00+00:00,0.003067732485567037,0.6713642101580001,4.0,2.399000074869316,0.0021976663842606606,0.0016793000524085212,4.2175855661663304e-05,0.0004761904761904762,True
2021-05-18 13:30:00+00:00,-0.002268037497222584,0.6698415309550685,4.0,0.0,0.0005183663318521394,0.0,4.2175855661663304e-05,0.0004761904761904762,False
2021-05-19 13:30:00+00:00,-0.009758532032560257,0.6633048609185043,4.0,0.0,0.0005183663318521394,0.0,4.2175855661663304e-05,0.0004761904761904762,False
2021-05-20 13:30:00+00:00,0.0030167702859204637,0.6653058993134299,4.0,0.0,0.0005183663318521394,0.0,4.2175855661663304e-05,0.0004761904761904762,False
2021-05-21 13:30:00+00:00,0.0020486282553957326,0.6666688637772449,4.0,0.0,0.0005183663318521394,0.0,4.2175855661663304e-05,0.0004761904761904762,False
2021-05-24 13:30:00+00:00,0.010292922093246074,0.673530834454097,4.0,0.0,0.0005183663318521394,0.0,4.2175855661663304e-05,0.0004761904761904762,False
2021-05-25 13:30:00+00:00,-0.004057725025241525,0.6707978315318608,4.0,0.0,0.0005183663318521394,0.0,4.2175855661663304e-05,0.0004761904761904762,False
2021-05-26 13:30:00+00:00,0.001563333893372751,0.6718465125174955,4.0,0.0,0.0005183663318521394,0.0,4.2175855661663304e-05,0.0004761904761904762,False
2021-05-27 13:30:00+00:00,0.009037696436759265,0.677918457349724,4.0,0.0,0.0005183663318521394,0.0,4.2175855661663304e-05,0.0004761904761904762,False
2021-05-28 13:30:00+00:00,0.0010067036209929988,0.678600920315476,4.0,0.0,0.0005183663318521394,0.0,4.2175855661663304e-05,0.0004761904761904762,False
2021-06-01 13:30:00+00:00,0.007829148781555644,0.6839137878839264,4.0,0.0,0.0005183663318521394,0.0,4.2175855661663304e-05,0.0004761904761904762,False
2021-06-02 13:30:00+00:00,0.005453982918032425,0.6876438420004523,4.0,0.0,0.0005183663318521394,0.0,4.2175855661663304e-05,0.0004761904761904762,False
2021-06-03 13:30:00+00:00,-0.006870271665082004,0.6829195419970884,4.0,0.0,0.0005183663318521394,0.0,4.2175855661663304e-05,0.0004761904761904762,False
2021-06-04 13:30:00+00:00,-0.00016422378881290087,0.6828073903624473,4.0,0.0,0.0005183663318521394,0.0,4.2175855661663304e-05,0.0004761904761904762,False
2021-06-07 13:30:00+00:00,0.005131500108515508,0.6863112165601873,4.0,0.0,0.0005183663318521394,0.0,4.2175855661663304e-05,0.0004761904761904762,False
2021-06-08 13:30:00+00:00,0.00013121182093778487,0.6864012687046422,4.0,0.0,0.0005183663318521394,0.0,4.2175855661663304e-05,0.0004761904761904762,False
2021-06-09 13:30:00+00:00,-0.005847457702907956,0.6823875663186695,4.0,0.0,0.0005183663318521394,0.0,4.2175855661663304e-05,0.0004761904761904762,False
2021-06-10 13:30:00+00:00,0.0001075680609789549,0.6824609694260145,4.0,0.0,0.0005183663318521394,0.0,4.2175855661663304e-05,0.0004761904761904762,False
2021-06-11 13:30:00+00:00,-0.0032536787181381786,0.6802404606938331,4.0,0.0,0.0005183663318521394,0.0,4.2175855661663304e-05,0.0004761904761904762,False
2021-06-14 13:30:00+00:00,0.0055020914204586295,0.6839832058964656,4.0,0.0,0.0005183663318521394,0.0,4.2175855661663304e-05,0.0004761904761904762,False
2021-06-15 13:30:00+00:00,-0.003108670923744331,0.6818569271919658,4.0,0.0,0.0005183663318521394,0.0,4.2175855661663304e-05,0.0004761904761904762,False
2021-06-16 13:30:00+00:00,-0.018578385495253605,0.6691891263459844,3.999999999999999,2.774068895486437,0.0024327586515235007,0.001941848226840506,1.4719948492518897e-05,0.0004761904761904761,True
2021-06-17 13:30:00+00:00,-0.013046868017663324,0.660458304135693,3.999999999999999,0.0,0.0004909104246829949,0.0,1.4719948492518897e-05,0.0004761904761904761,False
2021-06-18 13:30:00+00:00,-0.008294035194343779,0.6549804397167949,3.999999999999999,0.0,0.0004909104246829949,0.0,1.4719948492518897e-05,0.0004761904761904761,False
2021-06-21 13:30:00+00:00,0.016400551119008844,0.6657224799003211,3.999999999999999,0.0,0.0004909104246829949,0.0,1.4719948492518897e-05,0.0004761904761904761,False
2021-06-22 13:30:00+00:00,0.0026556756964900043,0.6674904229107994,3.999999999999999,0.0,0.0004909104246829949,0.0,1.4719948492518897e-05,0.0004761904761904761,False
2021-06-23 13:30:00+00:00,-0.0010710426496142948,0.6667755121996528,3.999999999999999,0.0,0.0004909104246829949,0.0,1.4719948492518897e-05,0.0004761904761904761,False
2021-06-24 13:30:00+00:00,0.00849411271386841,0.672439178555124,3.999999999999999,0.0,0.0004909104246829949,0.0,1.4719948492518897e-05,0.0004761904761904761,False
2021-06-25 13:30:00+00:00,0.002011228266259462,0.6737916072383744,3.999999999999999,0.0,0.0004909104246829949,0.0,1.4719948492518897e-05,0.0004761904761904761,False
2021-06-28 13:30:00+00:00,-0.0004817933556366551,0.6734669789189232,3.999999999999999,0.0,0.0004909104246829949,0.0,1.4719948492518897e-05,0.0004761904761904761,False
2021-06-29 13:30:00+00:00,-0.0012267765237914002,0.6726407854396367,3.999999999999999,0.0,0.0004909104246829949,0.0,1.4719948492518897e-05,0.0004761904761904761,False
2021-06-30 13:30:00+00:00,0.0018298602996767424,0.673871624108856,3.999999999999999,0.0,0.0004909104246829949,0.0,1.4719948492518897e-05,0.0004761904761904761,False
2021-07-01 13:30:00+00:00,0.00705547977315174,0.6786261117224569,3.999999999999999,0.0,0.0004909104246829949,0.0,1.4719948492518897e-05,0.0004761904761904761,False
2021-07-02 13:30:00+00:00,0.008762725682313129,0.6845727261803355,3.999999999999999,0.0,0.0004909104246829949,0.0,1.4719948492518897e-05,0.0004761904761904761,False
2021-07-06 13:30:00+00:00,-0.008642161476632357,0.6786565381381866,3.999999999999999,0.0,0.0004909104246829949,0.0,1.4719948492518897e-05,0.0004761904761904761,False
2021-07-07 13:30:00+00:00,0.0016381669336087907,0.679768290838242,3.999999999999999,0.0,0.0004909104246829949,0.0,1.4719948492518897e-05,0.0004761904761904761,False
2021-07-08 13:30:00+00:00,-0.010458089000156327,0.6726592135531715,3.999999999999999,0.0,0.0004909104246829949,0.0,1.4719948492518897e-05,0.0004761904761904761,False
2021-07-09 13:30:00+00:00,0.016168497048030517,0.6835351020618364,3.999999999999999,0.0,0.0004909104246829949,0.0,1.4719948492518897e-05,0.0004761904761904761,False
2021-07-12 13:30:00+00:00,0.0029989314142429375,0.6855849769521474,3.999999999999999,0.0,0.0004909104246829949,0.0,1.4719948492518897e-05,0.0004761904761904761,False
2021-07-13 13:30:00+00:00,-0.009149165078081478,0.6793124468229594,3.999999999999999,0.0,0.0004909104246829949,0.0,1.4719948492518897e-05,0.0004761904761904761,False
2021-07-14 13:30:00+00:00,0.005180048864041469,0.682831318491454,3.999999999999999,0.0,0.0004909104246829949,0.0,1.4719948492518897e-05,0.0004761904761904761,False
2021-07-15 13:30:00+00:00,-0.003548247735143429,0.6804084638121317,3.999999999999999,0.0,0.0004909104246829949,0.0,1.4719948492518897e-05,0.0004761904761904761,False
2021-07-16 13:30:00+00:00,-0.008758969518863464,0.6744487868172245,4.0,2.2673397187345246,0.0020715145261770373,0.0015871378031141671,8.186246872393877e-06,0.0004761904761904762,True
2021-07-19 13:30:00+00:00,-0.025316203923873216,0.6573743037939508,4.0,0.0,0.00048437672306287006,0.0,8.186246872393877e-06,0.0004761904761904762,False
2021-07-20 13:30:00+00:00,0.019383980831983425,0.6701168346981311,4.0,0.0,0.00048437672306287006,0.0,8.186246872393877e-06,0.0004761904761904762,False
2021-07-21 13:30:00+00:00,0.008643535379189353,0.6759090132670348,4.0,0.0,0.00048437672306287006,0.0,8.186246872393877e-06,0.0004761904761904762,False
2021-07-22 13:30:00+00:00,0.007647248376754285,0.6810778573715747,4.0,0.0,0.00048437672306287006,0.0,8.186246872393877e-06,0.0004761904761904762,False
2021-07-23 13:30:00+00:00,0.007460301229640757,0.6861589033484049,4.0,0.0,0.00048437672306287006,0.0,8.186246872393877e-06,0.0004761904761904762,False
2021-07-26 13:30:00+00:00,-0.005434773293205984,0.6824297852655915,4.0,0.0,0.00048437672306287006,0.0,8.186246872393877e-06,0.0004761904761904762,False
2021-07-27 13:30:00+00:00,-0.0017335430138510136,0.6812467638789005,4.0,0.0,0.00048437672306287006,0.0,8.186246872393877e-06,0.0004761904761904762,False
2021-07-28 13:30:00+00:00,0.0043282202377243565,0.6841953499092054,4.0,0.0,0.00048437672306287006,0.0,8.186246872393877e-06,0.0004761904761904762,False
2021-07-29 13:30:00+00:00,0.0042408885255126125,0.6870969461178443,4.0,0.0,0.00048437672306287006,0.0,8.186246872393877e-06,0.0004761904761904762,False
2021-07-30 13:30:00+00:00,-0.0024840381953011733,0.6853901710598128,4.0,0.0,0.00048437672306287006,0.0,8.186246872393877e-06,0.0004761904761904762,False
2021-08-02 13:30:00+00:00,-0.006180568390479885,0.6811540702334149,4.0,0.0,0.00048437672306287006,0.0,8.186246872393877e-06,0.0004761904761904762,False
2021-08-03 13:30:00+00:00,0.003980641326574739,0.6838655002751507,4.0,0.0,0.00048437672306287006,0.0,8.186246872393877e-06,0.0004761904761904762,False
2021-08-04 13:30:00+00:00,-0.009348044593345034,0.6774726950827283,4.0,0.0,0.00048437672306287006,0.0,8.186246872393877e-06,0.0004761904761904762,False
2021-08-05 13:30:00+00:00,0.007591353907363417,0.6826156300736765,4.0,0.0,0.00048437672306287006,0.0,8.186246872393877e-06,0.0004761904761904762,False
2021-08-06 13:30:00+00:00,-0.013117397051713645,0.6736614898202944,4.0,0.0,0.00048437672306287006,0.0,8.186246872393877e-06,0.0004761904761904762,False
2021-08-09 13:30:00+00:00,-0.013480339637924056,0.6645803041365269,4.0,0.0,0.00048437672306287006,0.0,8.186246872393877e-06,0.0004761904761904762,False
2021-08-10 13:30:00+00:00,-0.0017701755821306043,0.6634038803097795,4.0,0.0,0.00048437672306287006,0.0,8.186246872393877e-06,0.0004761904761904762,False
2021-08-11 13:30:00+00:00,0.008812722615041832,0.669250274688692,4.0,0.0,0.00048437672306287006,0.0,8.186246872393877e-06,0.0004761904761904762,False
2021-08-12 13:30:00+00:00,0.0024014574922796477,0.6708574507750534,4.0,0.0,0.00048437672306287006,0.0,8.186246872393877e-06,0.0004761904761904762,False
2021-08-13 13:30:00+00:00,0.007636236356339679,0.6759802768305831,4.0,0.0,0.00048437672306287006,0.0,8.186246872393877e-06,0.0004761904761904762,False
2021-08-16 13:30:00+00:00,-0.003455736957249469,0.673644266805568,4.0,2.9381770614866185,0.0025618259983669813,0.002056723943040633,2.8911579135872388e-05,0.0004761904761904762,True
2021-08-17 13:30:00+00:00,-0.006165090411214499,0.6694911889957154,4.0,0.0,0.0005051020553263485,0.0,2.8911579135872388e-05,0.0004761904761904762,False
2021-08-18 13:30:00+00:00,-0.012693817157456712,0.6609927902540754,4.0,0.0,0.0005051020553263485,0.0,2.8911579135872388e-05,0.0004761904761904762,False
2021-08-19 13:30:00+00:00,0.0007625514582813106,0.6614968312701972,4.0,0.0,0.0005051020553263485,0.0,2.8911579135872388e-05,0.0004761904761904762,False
2021-08-20 13:30:00+00:00,-0.0006234694566967584,0.6610844082001985,4.0,0.0,0.0005051020553263485,0.0,2.8911579135872388e-05,0.0004761904761904762,False
2021-08-23 13:30:00+00:00,0.010696446992106154,0.66815566252982,4.0,0.0,0.0005051020553263485,0.0,2.8911579135872388e-05,0.0004761904761904762,False
2021-08-24 13:30:00+00:00,0.0005316899494712163,0.6685109141802693,4.0,0.0,0.0005051020553263485,0.0,2.8911579135872388e-05,0.0004761904761904762,False
2021-08-25 13:30:00+00:00,0.0007267861762533717,0.6689967786713701,4.0,0.0,0.0005051020553263485,0.0,2.8911579135872388e-05,0.0004761904761904762,False
2021-08-26 13:30:00+00:00,-0.004989111949711215,0.6656590788485824,4.0,0.0,0.0005051020553263485,0.0,2.8911579135872388e-05,0.0004761904761904762,False
2021-08-27 13:30:00+00:00,0.01081050790711405,0.6728551915839174,4.0,0.0,0.0005051020553263485,0.0,2.8911579135872388e-05,0.0004761904761904762,False
2021-08-30 13:30:00+00:00,0.00812188910597021,0.6783200468343383,4.0,0.0,0.0005051020553263485,0.0,2.8911579135872388e-05,0.0004761904761904762,False
2021-08-31 13:30:00+00:00,-0.005326594614666304,0.6747069109258503,4.0,0.0,0.0005051020553263485,0.0,2.8911579135872388e-05,0.0004761904761904762,False
2021-09-01 13:30:00+00:00,0.004879162625076314,0.6779989156685204,4.0,0.0,0.0005051020553263485,0.0,2.8911579135872388e-05,0.0004761904761904762,False
2021-09-02 13:30:00+00:00,0.008295127706864124,0.6836230032591062,4.0,0.0,0.0005051020553263485,0.0,2.8911579135872388e-05,0.0004761904761904762,False
2021-09-03 13:30:00+00:00,-0.006397366185518759,0.6792496165744136,4.0,0.0,0.0005051020553263485,0.0,2.8911579135872388e-05,0.0004761904761904762,False
2021-09-07 13:30:00+00:00,-0.005913907164614633,0.6752325974003924,4.0,0.0,0.0005051020553263485,0.0,2.8911579135872388e-05,0.0004761904761904762,False
2021-09-08 13:30:00+00:00,0.006171311236874298,0.6793996679162332,4.0,0.0,0.0005051020553263485,0.0,2.8911579135872388e-05,0.0004761904761904762,False
2021-09-09 13:30:00+00:00,-0.005853041674972003,0.6754231133459573,4.0,0.0,0.0005051020553263485,0.0,2.8911579135872388e-05,0.0004761904761904762,False
2021-09-10 13:30:00+00:00,-0.006355341060074937,0.6711305691007861,4.0,0.0,0.0005051020553263485,0.0,2.8911579135872388e-05,0.0004761904761904762,False
2021-09-13 13:30:00+00:00,0.009498862625280621,0.6775055461803008,4.0,0.0,0.0005051020553263485,0.0,2.8911579135872388e-05,0.0004761904761904762,False
2021-09-14 13:30:00+00:00,-0.0023646452198977956,0.6759034859290713,4.0,0.0,0.0005051020553263485,0.0,2.8911579135872388e-05,0.0004761904761904762,False
2021-09-15 13:30:00+00:00,0.0046928983097013445,0.6790754322557092,4.0,1.9336513344601314,0.0018494252859403348,0.001353555934122092,1.9678875627766662e-05,0.0004761904761904762,True
2021-09-16 13:30:00+00:00,0.0016875967224772043,0.6802214377294987,4.0,0.0,0.0004958693518182429,0.0,1.9678875627766662e-05,0.0004761904761904762,False
2021-09-17 13:30:00+00:00,-0.00944559731065319,0.6737963399466323,4.0,0.0,0.0004958693518182429,0.0,1.9678875627766662e-05,0.0004761904761904762,False
2021-09-20 13:30:00+00:00,-0.01476965208354122,0.6638446024304572,4.0,0.0,0.0004958693518182429,0.0,1.9678875627766662e-05,0.0004761904761904762,False
2021-09-21 13:30:00+00:00,0.00322791894535147,0.6659874389994117,4.0,0.0,0.0004958693518182429,0.0,1.9678875627766662e-05,0.0004761904761904762,False
2021-09-22 13:30:00+00:00,0.016870082961230305,0.6772227023464691,4.0,0.0,0.0004958693518182429,0.0,1.9678875627766662e-05,0.0004761904761904762,False
2021-09-23 13:30:00+00:00,-0.0015323233662651089,0.6761849781754984,4.0,0.0,0.0004958693518182429,0.0,1.9678875627766662e-05,0.0004761904761904762,False
2021-09-24 13:30:00+00:00,-0.005267178447202,0.6726233912321307,4.0,0.0,0.0004958693518182429,0.0,1.9678875627766662e-05,0.0004761904761904762,False
2021-09-27 13:30:00+00:00,0.0002221001537486715,0.6727727809907382,4.0,0.0,0.0004958693518182429,0.0,1.9678875627766662e-05,0.0004761904761904762,False
2021-09-28 13:30:00+00:00,-0.023143020167189863,0.6572027869523331,4.0,0.0,0.0004958693518182429,0.0,1.9678875627766662e-05,0.0004761904761904762,False
2021-09-29 13:30:00+00:00,0.010973489080873339,0.6644145945588741,4.0,0.0,0.0004958693518182429,0.0,1.9678875627766662e-05,0.0004761904761904762,False
2021-09-30 13:30:00+00:00,-0.009804382496166667,0.6579004197377833,4.0,0.0,0.0004958693518182429,0.0,1.9678875627766662e-05,0.0004761904761904762,False
2021-10-01 13:30:00+00:00,0.014434950351130044,0.6673971796326859,4.0,0.0,0.0004958693518182429,0.0,1.9678875627766662e-05,0.0004761904761904762,False
2021-10-04 13:30:00+00:00,-0.008605891359991869,0.661653632010802,4.0,0.0,0.0004958693518182429,0.0,1.9678875627766662e-05,0.0004761904761904762,False
2021-10-05 13:30:00+00:00,0.004111728893725217,0.664374172367179,4.0,0.0,0.0004958693518182429,0.0,1.9678875627766662e-05,0.0004761904761904762,False
2021-10-06 13:30:00+00:00,-0.0024065412164908265,0.6627753285382054,4.0,0.0,0.0004958693518182429,0.0,1.9678875627766662e-05,0.0004761904761904762,False
2021-10-07 13:30:00+00:00,0.00543501285887351,0.6663775209713547,4.0,0.0,0.0004958693518182429,0.0,1.9678875627766662e-05,0.0004761904761904762,False
2021-10-08 13:30:00+00:00,-0.008361722722723806,0.6608054569123362,4.0,0.0,0.0004958693518182429,0.0,1.9678875627766662e-05,0.0004761904761904762,False
2021-10-11 13:30:00+00:00,-0.00068917366118487,0.660350047196265,4.0,0.0,0.0004958693518182429,0.0,1.9678875627766662e-05,0.0004761904761904762,False
2021-10-12 13:30:00+00:00,0.01138122244593201,0.6678656379755874,4.0,0.0,0.0004958693518182429,0.0,1.9678875627766662e-05,0.0004761904761904762,False
2021-10-13 13:30:00+00:00,0.005587554645525402,0.6715973737236446,4.0,0.0,0.0004958693518182429,0.0,1.9678875627766662e-05,0.0004761904761904762,False
2021-10-14 13:30:00+00:00,-0.003314066723532166,0.6693716552157755,4.0,4.687717344007753,0.003822495873473125,0.0032814021408054273,6.490325647722142e-05,0.0004761904761904762,True
2021-10-15 13:30:00+00:00,0.013213063505921201,0.678216105405205,4.0,0.0,0.0005410937326676976,0.0,6.490325647722142e-05,0.0004761904761904762,False
2021-10-18 13:30:00+00:00,0.00046620757654093127,0.678532294892077,4.0,0.0,0.0005410937326676976,0.0,6.490325647722142e-05,0.0004761904761904762,False
2021-10-19 13:30:00+00:00,0.003905380930421475,0.6811822219772237,4.0,0.0,0.0005410937326676976,0.0,6.490325647722142e-05,0.0004761904761904762,False
2021-10-20 13:30:00+00:00,0.0027200504371459105,0.6830350719778888,4.0,0.0,0.0005410937326676976,0.0,6.490325647722142e-05,0.0004761904761904762,False
2021-10-21 13:30:00+00:00,0.001905621343720798,0.6843366781895597,4.0,0.0,0.0005410937326676976,0.0,6.490325647722142e-05,0.0004761904761904762,False
2021-10-22 13:30:00+00:00,-0.010041098148751124,0.677465186437068,4.0,0.0,0.0005410937326676976,0.0,6.490325647722142e-05,0.0004761904761904762,False
2021-10-25 13:30:00+00:00,0.0018831534559676823,0.6787409573442048,4.0,0.0,0.0005410937326676976,0.0,6.490325647722142e-05,0.0004761904761904762,False
2021-10-26 13:30:00+00:00,0.0030808764912919158,0.6808320744033636,4.0,0.0,0.0005410937326676976,0.0,6.490325647722142e-05,0.0004761904761904762,False
2021-10-27 13:30:00+00:00,-0.019308841559804352,0.6676859957498761,4.0,0.0,0.0005410937326676976,0.0,6.490325647722142e-05,0.0004761904761904762,False
2021-10-28 13:30:00+00:00,-0.0036045292498558977,0.6652793020484765,4.0,0.0,0.0005410937326676976,0.0,6.490325647722142e-05,0.0004761904761904762,False
2021-10-29 13:30:00+00:00,0.013077689472284187,0.6739796181730044,4.0,0.0,0.0005410937326676976,0.0,6.490325647722142e-05,0.0004761904761904762,False
2021-11-01 13:30:00+00:00,-0.0010479469652792568,0.67327332327748,4.0,0.0,0.0005410937326676976,0.0,6.490325647722142e-05,0.0004761904761904762,False
2021-11-02 13:30:00+00:00,-0.0005887719997725507,0.6728769187965404,4.0,0.0,0.0005410937326676976,0.0,6.490325647722142e-05,0.0004761904761904762,False
2021-11-03 13:30:00+00:00,-0.004451263840050591,0.6698817660990968,4.0,0.0,0.0005410937326676976,0.0,6.490325647722142e-05,0.0004761904761904762,False
2021-11-04 13:30:00+00:00,-0.011689531697733506,0.6620511619605477,4.0,0.0,0.0005410937326676976,0.0,6.490325647722142e-05,0.0004761904761904762,False
2021-11-05 13:30:00+00:00,-0.010165764589634401,0.6553209057017628,4.0,0.0,0.0005410937326676976,0.0,6.490325647722142e-05,0.0004761904761904762,False
2021-11-08 14:30:00+00:00,0.002221525494672971,0.6567767178009715,4.0,0.0,0.0005410937326676976,0.0,6.490325647722142e-05,0.0004761904761904762,False
2021-11-09 14:30:00+00:00,-0.008255917475392859,0.6513544234190473,4.0,0.0,0.0005410937326676976,0.0,6.490325647722142e-05,0.0004761904761904762,False
2021-11-10 14:30:00+00:00,0.02206526944685466,0.6657267342771892,4.0,0.0,0.0005410937326676976,0.0,6.490325647722142e-05,0.0004761904761904762,False
2021-11-11 14:30:00+00:00,0.005049524160650735,0.669088337506313,4.0,0.0,0.0005410937326676976,0.0,6.490325647722142e-05,0.0004761904761904762,False
2021-11-12 14:30:00+00:00,-0.0025676540016902815,0.6673703501590307,3.9999999999999996,3.4995536276101538,0.002957074812370222,0.0024496875393271076,3.119679685263828e-05,0.00047619047619047614,True
2021-11-15 14:30:00+00:00,0.00896990605501874,0.6733565995038622,3.9999999999999996,0.0,0.0005073872730431144,0.0,3.119679685263828e-05,0.00047619047619047614,False
2021-11-16 14:30:00+00:00,0.006328677316561195,0.677618056141099,3.9999999999999996,0.0,0.0005073872730431144,0.0,3.119679685263828e-05,0.00047619047619047614,False
2021-11-17 14:30:00+00:00,-0.011085319986533629,0.670106443160122,3.9999999999999996,0.0,0.0005073872730431144,0.0,3.119679685263828e-05,0.00047619047619047614,False
2021-11-18 14:30:00+00:00,-0.004382290156890541,0.6671698422901925,3.9999999999999996,0.0,0.0005073872730431144,0.0,3.119679685263828e-05,0.00047619047619047614,False
2021-11-19 14:30:00+00:00,-0.006078322191790908,0.6631145690321063,3.9999999999999996,0.0,0.0005073872730431144,0.0,3.119679685263828e-05,0.00047619047619047614,False
2021-11-22 14:30:00+00:00,0.005587938544117136,0.6668200124915664,3.9999999999999996,0.0,0.0005073872730431144,0.0,3.119679685263828e-05,0.00047619047619047614,False
2021-11-23 14:30:00+00:00,0.007874012335931579,0.672070561495771,3.9999999999999996,0.0,0.0005073872730431144,0.0,3.119679685263828e-05,0.00047619047619047614,False
2021-11-24 14:30:00+00:00,0.0037788055311626105,0.6746101854508829,3.9999999999999996,0.0,0.0005073872730431144,0.0,3.119679685263828e-05,0.00047619047619047614,False
2021-11-26 14:30:00+00:00,-0.070314547809574,0.6271752753131712,3.9999999999999996,0.0,0.0005073872730431144,0.0,3.119679685263828e-05,0.00047619047619047614,False
2021-11-29 14:30:00+00:00,0.017540755194112898,0.6381764032812399,3.9999999999999996,0.0,0.0005073872730431144,0.0,3.119679685263828e-05,0.00047619047619047614,False
2021-11-30 14:30:00+00:00,-0.03388890434106647,0.6165493041977161,3.9999999999999996,0.0,0.0005073872730431144,0.0,3.119679685263828e-05,0.00047619047619047614,False
2021-12-01 14:30:00+00:00,-0.008529148386373525,0.6112906636946984,3.9999999999999996,0.0,0.0005073872730431144,0.0,3.119679685263828e-05,0.00047619047619047614,False
2021-12-02 14:30:00+00:00,0.02503259595575177,0.6265928558904912,3.9999999999999996,0.0,0.0005073872730431144,0.0,3.119679685263828e-05,0.00047619047619047614,False
2021-12-03 14:30:00+00:00,-0.010716369475720973,0.6198780553359216,3.9999999999999996,0.0,0.0005073872730431144,0.0,3.119679685263828e-05,0.00047619047619047614,False
2021-12-06 14:30:00+00:00,0.027333154318368774,0.6368212778809886,3.9999999999999996,0.0,0.0005073872730431144,0.0,3.119679685263828e-05,0.00047619047619047614,False
2021-12-07 14:30:00+00:00,0.023697531275887,0.6519123700307237,3.9999999999999996,0.0,0.0005073872730431144,0.0,3.119679685263828e-05,0.00047619047619047614,False
2021-12-08 14:30:00+00:00,0.002123109379412768,0.6532964512980911,3.9999999999999996,0.0,0.0005073872730431144,0.0,3.119679685263828e-05,0.00047619047619047614,False
2021-12-09 14:30:00+00:00,-0.01394737014662779,0.6441846838763582,3.9999999999999996,0.0,0.0005073872730431144,0.0,3.119679685263828e-05,0.00047619047619047614,False
2021-12-10 14:30:00+00:00,0.006801074204625602,0.6485658317128846,3.9999999999999996,0.0,0.0005073872730431144,0.0,3.119679685263828e-05,0.00047619047619047614,False
2021-12-13 14:30:00+00:00,-0.004359784226711152,0.645738224629799,3.9999999999999996,0.0,0.0005073872730431144,0.0,3.119679685263828e-05,0.00047619047619047614,False
2021-12-14 14:30:00+00:00,-0.000824827429745714,0.645205602029689,4.000000000000001,3.342862798026817,0.0028577734971677042,0.002340003958618772,4.157906235845613e-05,0.00047619047619047635,True
2021-12-15 14:30:00+00:00,0.004285824066253122,0.6479708397265492,4.000000000000001,0.0,0.0005177695385489325,0.0,4.157906235845613e-05,0.00047619047619047635,False
2021-12-16 14:30:00+00:00,-0.01543670764073348,0.6379683033139699,4.000000000000001,0.0,0.0005177695385489325,0.0,4.157906235845613e-05,0.00047619047619047635,False
2021-12-17 14:30:00+00:00,0.009233944795445969,0.6438592674080155,4.000000000000001,0.0,0.0005177695385489325,0.0,4.157906235845613e-05,0.00047619047619047635,False
2021-12-20 14:30:00+00:00,-0.004874148089030968,0.6407210019901738,4.000000000000001,0.0,0.0005177695385489325,0.0,4.157906235845613e-05,0.00047619047619047635,False
2021-12-21 14:30:00+00:00,0.006564055210834724,0.6449267300219786,4.000000000000001,0.0,0.0005177695385489325,0.0,4.157906235845613e-05,0.00047619047619047635,False
2021-12-22 14:30:00+00:00,-0.004739517506977328,0.6418700884943218,4.000000000000001,0.0,0.0005177695385489325,0.0,4.157906235845613e-05,0.00047619047619047635,False
2021-12-23 14:30:00+00:00,0.0002777913271893612,0.6420483944380878,4.000000000000001,0.0,0.0005177695385489325,0.0,4.157906235845613e-05,0.00047619047619047635,False
2021-12-27 14:30:00+00:00,0.009056048311345124,0.6478628157163406,4.000000000000001,0.0,0.0005177695385489325,0.0,4.157906235845613e-05,0.00047619047619047635,False
2021-12-28 14:30:00+00:00,0.004166904933045123,0.6505623984790855,4.000000000000001,0.0,0.0005177695385489325,0.0,4.157906235845613e-05,0.00047619047619047635,False
2021-12-29 14:30:00+00:00,0.0004852745477212185,0.6508780998527719,4.000000000000001,0.0,0.0005177695385489325,0.0,4.157906235845613e-05,0.00047619047619047635,False
2021-12-30 14:30:00+00:00,-0.003724970016663717,0.6484535984463172,4.000000000000001,0.0,0.0005177695385489325,0.0,4.157906235845613e-05,0.00047619047619047635,False
2021-12-31 14:30:00+00:00,-0.008859127578201375,0.6427088652891375,4.000000000000001,0.0,0.0005177695385489325,0.0,4.157906235845613e-05,0.00047619047619047635,False
2022-01-03 14:30:00+00:00,0.015257353754495398,0.6525149018080042,4.000000000000001,0.0,0.0005177695385489325,0.0,4.157906235845613e-05,0.00047619047619047635,False
2022-01-04 14:30:00+00:00,-0.0007217244317264555,0.6520439658613038,4.000000000000001,0.0,0.0005177695385489325,0.0,4.157906235845613e-05,0.00047619047619047635,False
2022-01-05 14:30:00+00:00,-0.011637220524540587,0.6444559864388797,4.000000000000001,0.0,0.0005177695385489325,0.0,4.157906235845613e-05,0.00047619047619047635,False
2022-01-06 14:30:00+00:00,0.007662262294033271,0.6493939772439343,4.000000000000001,0.0,0.0005177695385489325,0.0,4.157906235845613e-05,0.00047619047619047635,False
2022-01-07 14:30:00+00:00,-0.01749633872223822,0.638031960253893,4.000000000000001,0.0,0.0005177695385489325,0.0,4.157906235845613e-05,0.00047619047619047635,False
2022-01-10 14:30:00+00:00,0.0009133168173525887,0.6386146855732012,4.000000000000001,0.0,0.0005177695385489325,0.0,4.157906235845613e-05,0.00047619047619047635,False
2022-01-11 14:30:00+00:00,-0.011384256408530963,0.6313445322463825,4.000000000000001,0.0,0.0005177695385489325,0.0,4.157906235845613e-05,0.00047619047619047635,False
2022-01-12 14:30:00+00:00,-0.01631803817969333,0.6210422280646454,4.000000000000001,0.0,0.0005177695385489325,0.0,4.157906235845613e-05,0.00047619047619047635,False
2022-01-13 14:30:00+00:00,-0.02363192969716177,0.606365801792053,4.000000000000001,4.482963935347235,0.0036537613167402887,0.0031380747547430643,3.949608580674808e-05,0.00047619047619047635,True
2022-01-14 14:30:00+00:00,0.015704703947396283,0.6158885971930228,4.000000000000001,0.0,0.0005156865619972245,0.0,3.949608580674808e-05,0.00047619047619047635,False
2022-01-18 14:30:00+00:00,0.004378005977291145,0.6185849611528793,4.000000000000001,0.0,0.0005156865619972245,0.0,3.949608580674808e-05,0.00047619047619047635,False
2022-01-19 14:30:00+00:00,-0.008036376967946358,0.6136137792183524,4.000000000000001,0.0,0.0005156865619972245,0.0,3.949608580674808e-05,0.00047619047619047635,False
2022-01-20 14:30:00+00:00,-0.009413882249682412,0.6078372913540082,4.000000000000001,0.0,0.0005156865619972245,0.0,3.949608580674808e-05,0.00047619047619047635,False
2022-01-21 14:30:00+00:00,-0.023699998647699276,0.5934315483708971,4.000000000000001,0.0,0.0005156865619972245,0.0,3.949608580674808e-05,0.00047619047619047635,False
2022-01-24 14:30:00+00:00,0.0015162142198879795,0.5943313177230671,4.000000000000001,0.0,0.0005156865619972245,0.0,3.949608580674808e-05,0.00047619047619047635,False
2022-01-25 14:30:00+00:00,-0.0022924696323790342,0.5929688312256152,4.000000000000001,0.0,0.0005156865619972245,0.0,3.949608580674808e-05,0.00047619047619047635,False
2022-01-26 14:30:00+00:00,0.00863943302674059,0.5980917457299335,4.000000000000001,0.0,0.0005156865619972245,0.0,3.949608580674808e-05,0.00047619047619047635,False
2022-01-27 14:30:00+00:00,-0.00963930822653183,0.5923265550450982,4.000000000000001,0.0,0.0005156865619972245,0.0,3.949608580674808e-05,0.00047619047619047635,False
2022-01-28 14:30:00+00:00,0.009031629537730923,0.5976762290556259,4.000000000000001,0.0,0.0005156865619972245,0.0,3.949608580674808e-05,0.00047619047619047635,False
2022-01-31 14:30:00+00:00,0.011559450756813337,0.6045850379939123,4.000000000000001,0.0,0.0005156865619972245,0.0,3.949608580674808e-05,0.00047619047619047635,False
2022-02-01 14:30:00+00:00,0.005627407884707008,0.6079872846036951,4.000000000000001,0.0,0.0005156865619972245,0.0,3.949608580674808e-05,0.00047619047619047635,False
2022-02-02 14:30:00+00:00,0.0024369000185295387,0.6094688888288116,4.000000000000001,0.0,0.0005156865619972245,0.0,3.949608580674808e-05,0.00047619047619047635,False
2022-02-03 14:30:00+00:00,-0.009841636560873245,0.6034707175297992,4.000000000000001,0.0,0.0005156865619972245,0.0,3.949608580674808e-05,0.00047619047619047635,False
2022-02-04 14:30:00+00:00,0.014595285484925159,0.6122785449339393,4.000000000000001,0.0,0.0005156865619972245,0.0,3.949608580674808e-05,0.00047619047619047635,False
2022-02-07 14:30:00+00:00,-0.0021895636017903084,0.6109379221177947,4.000000000000001,0.0,0.0005156865619972245,0.0,3.949608580674808e-05,0.00047619047619047635,False
2022-02-08 14:30:00+00:00,0.0075708160965394025,0.6155632207725504,4.000000000000001,0.0,0.0005156865619972245,0.0,3.949608580674808e-05,0.00047619047619047635,False
2022-02-09 14:30:00+00:00,0.014319903446691597,0.6243780266593479,4.000000000000001,0.0,0.0005156865619972245,0.0,3.949608580674808e-05,0.00047619047619047635,False
2022-02-10 14:30:00+00:00,-0.0038329133311970813,0.6219848397972588,4.000000000000001,0.0,0.0005156865619972245,0.0,3.949608580674808e-05,0.00047619047619047635,False
2022-02-11 14:30:00+00:00,-0.021272109452216862,0.6087539102074719,4.000000000000001,0.0,0.0005156865619972245,0.0,3.949608580674808e-05,0.00047619047619047635,False
2022-02-14 14:30:00+00:00,0.01783592404376474,0.6196115987112771,3.9999999999999996,3.3059979811533093,0.0028509638195843593,0.0023141985868073167,6.0574756586566644e-05,0.00047619047619047614,True
2022-02-15 14:30:00+00:00,-0.014481309795487929,0.6106388111974616,3.9999999999999996,0.0,0.0005367652327770428,0.0,6.0574756586566644e-05,0.00047619047619047614,False
2022-02-16 14:30:00+00:00,-0.01126642971595806,0.6037590919492691,3.9999999999999996,0.0,0.0005367652327770428,0.0,6.0574756586566644e-05,0.00047619047619047614,False
2022-02-17 14:30:00+00:00,0.005492355508434527,0.6070751515237042,3.9999999999999996,0.0,0.0005367652327770428,0.0,6.0574756586566644e-05,0.00047619047619047614,False
2022-02-18 14:30:00+00:00,0.002113631762891171,0.6083582848464266,3.9999999999999996,0.0,0.0005367652327770428,0.0,6.0574756586566644e-05,0.00047619047619047614,False
2022-02-22 14:30:00+00:00,0.009115636992949556,0.61390385813274,3.9999999999999996,0.0,0.0005367652327770428,0.0,6.0574756586566644e-05,0.00047619047619047614,False
2022-02-23 14:30:00+00:00,0.019231865774458907,0.6257103747307713,3.9999999999999996,0.0,0.0005367652327770428,0.0,6.0574756586566644e-05,0.00047619047619047614,False
2022-02-24 14:30:00+00:00,0.006567022838094237,0.6298194290516608,3.9999999999999996,0.0,0.0005367652327770428,0.0,6.0574756586566644e-05,0.00047619047619047614,False
2022-02-25 14:30:00+00:00,-0.02316674405536465,0.615228563537725,3.9999999999999996,0.0,0.0005367652327770428,0.0,6.0574756586566644e-05,0.00047619047619047614,False
2022-02-28 14:30:00+00:00,-0.0037518911254970978,0.6129202929500355,3.9999999999999996,0.0,0.0005367652327770428,0.0,6.0574756586566644e-05,0.00047619047619047614,False
2022-03-01 14:30:00+00:00,0.019352398892591962,0.6247817709485688,3.9999999999999996,0.0,0.0005367652327770428,0.0,6.0574756586566644e-05,0.00047619047619047614,False
2022-03-02 14:30:00+00:00,0.028030966092494267,0.6422950075852366,3.9999999999999996,0.0,0.0005367652327770428,0.0,6.0574756586566644e-05,0.00047619047619047614,False
2022-03-03 14:30:00+00:00,0.005494766847365267,0.6458242688991442,3.9999999999999996,0.0,0.0005367652327770428,0.0,6.0574756586566644e-05,0.00047619047619047614,False
2022-03-04 14:30:00+00:00,0.022820103961932237,0.6605620458565616,3.9999999999999996,0.0,0.0005367652327770428,0.0,6.0574756586566644e-05,0.00047619047619047614,False
2022-03-07 14:30:00+00:00,0.04347706674290371,0.6892813460120963,3.9999999999999996,0.0,0.0005367652327770428,0.0,6.0574756586566644e-05,0.00047619047619047614,False
2022-03-08 14:30:00+00:00,0.016738334518178792,0.7008187677587874,3.9999999999999996,0.0,0.0005367652327770428,0.0,6.0574756586566644e-05,0.00047619047619047614,False
2022-03-09 14:30:00+00:00,-0.05171663629253726,0.664574778439622,3.9999999999999996,0.0,0.0005367652327770428,0.0,6.0574756586566644e-05,0.00047619047619047614,False
2022-03-10 14:30:00+00:00,0.02394738990855955,0.6804896097823102,3.9999999999999996,0.0,0.0005367652327770428,0.0,6.0574756586566644e-05,0.00047619047619047614,False
2022-03-11 14:30:00+00:00,0.02510956149585526,0.6975764054864296,3.9999999999999996,0.0,0.0005367652327770428,0.0,6.0574756586566644e-05,0.00047619047619047614,False
2022-03-14 13:30:00+00:00,0.019895947229058582,0.7114553488382239,3.9999999999999996,0.0,0.0005367652327770428,0.0,6.0574756586566644e-05,0.00047619047619047614,False
2022-03-15 13:30:00+00:00,-0.022505370720184752,0.6954437824617613,3.9999999999999996,0.0,0.0005367652327770428,0.0,6.0574756586566644e-05,0.00047619047619047614,False
2022-03-16 13:30:00+00:00,-0.038682220285232057,0.6685424728725805,4.0,0.8518876218807234,0.001131071535494456,0.0005963213353165064,5.8559723987473474e-05,0.0004761904761904762,True
2022-03-17 13:30:00+00:00,0.0057682218448181334,0.6723987741687928,4.0,0.0,0.0005347502001779497,0.0,5.8559723987473474e-05,0.0004761904761904762,False
2022-03-18 13:30:00+00:00,-0.007133079315733548,0.6676025003808448,4.0,0.0,0.0005347502001779497,0.0,5.8559723987473474e-05,0.0004761904761904762,False
2022-03-21 13:30:00+00:00,0.04162772719127307,0.6953932751389104,4.0,0.0,0.0005347502001779497,0.0,5.8559723987473474e-05,0.0004761904761904762,False
2022-03-22 13:30:00+00:00,0.0006989775276198988,0.6958793394110904,4.0,0.0,0.0005347502001779497,0.0,5.8559723987473474e-05,0.0004761904761904762,False
2022-03-23 13:30:00+00:00,0.009175087978292413,0.7022640935724631,4.0,0.0,0.0005347502001779497,0.0,5.8559723987473474e-05,0.0004761904761904762,False
2022-03-24 13:30:00+00:00,0.004563675213690234,0.7054689988097643,4.0,0.0,0.0005347502001779497,0.0,5.8559723987473474e-05,0.0004761904761904762,False
2022-03-25 13:30:00+00:00,0.01618367351594581,0.7168860787621226,4.0,0.0,0.0005347502001779497,0.0,5.8559723987473474e-05,0.0004761904761904762,False
2022-03-28 13:30:00+00:00,-0.014272163665643864,0.706654563316408,4.0,0.0,0.0005347502001779497,0.0,5.8559723987473474e-05,0.0004761904761904762,False
2022-03-29 13:30:00+00:00,-0.028817720557884462,0.6862903895798018,4.0,0.0,0.0005347502001779497,0.0,5.8559723987473474e-05,0.0004761904761904762,False
2022-03-30 13:30:00+00:00,-0.0067747910798868554,0.6816409155702645,4.0,0.0,0.0005347502001779497,0.0,5.8559723987473474e-05,0.0004761904761904762,False
2022-03-31 13:30:00+00:00,0.005687917350727099,0.6855180327609022,4.0,0.0,0.0005347502001779497,0.0,5.8559723987473474e-05,0.0004761904761904762,False
2022-04-01 13:30:00+00:00,0.001755798533110307,0.6867216643172444,4.0,0.0,0.0005347502001779497,0.0,5.8559723987473474e-05,0.0004761904761904762,False
2022-04-04 13:30:00+00:00,0.005015458557285103,0.6901658883650172,4.0,0.0,0.0005347502001779497,0.0,5.8559723987473474e-05,0.0004761904761904762,False
2022-04-05 13:30:00+00:00,0.0334748561985971,0.7132690922312133,4.0,0.0,0.0005347502001779497,0.0,5.8559723987473474e-05,0.0004761904761904762,False
2022-04-06 13:30:00+00:00,0.012788195769257014,0.7223905170188263,4.0,0.0,0.0005347502001779497,0.0,5.8559723987473474e-05,0.0004761904761904762,False
2022-04-07 13:30:00+00:00,0.00890438785655488,0.7288229623662591,4.0,0.0,0.0005347502001779497,0.0,5.8559723987473474e-05,0.0004761904761904762,False
2022-04-08 13:30:00+00:00,0.01611342295444316,0.7405667950177768,4.0,0.0,0.0005347502001779497,0.0,5.8559723987473474e-05,0.0004761904761904762,False
2022-04-11 13:30:00+00:00,0.020182544459007454,0.7555133172830877,4.0,0.0,0.0005347502001779497,0.0,5.8559723987473474e-05,0.0004761904761904762,False
2022-04-12 13:30:00+00:00,0.00901780874833883,0.7623263918851696,4.0,0.0,0.0005347502001779497,0.0,5.8559723987473474e-05,0.0004761904761904762,False
2022-04-13 13:30:00+00:00,-0.007229291749492148,0.756815311989894,4.0,0.0,0.0005347502001779497,0.0,5.8559723987473474e-05,0.0004761904761904762,False
2022-04-14 13:30:00+00:00,0.022958019459999198,0.7741902926501834,3.9999999999999996,1.2194787516442487,0.001381682223883021,0.000853635126150974,5.18566215415708e-05,0.00047619047619047614,True
2022-04-18 13:30:00+00:00,0.019628152533894827,0.7893862178045818,3.9999999999999996,0.0,0.000528047097732047,0.0,5.18566215415708e-05,0.00047619047619047614,False
2022-04-19 13:30:00+00:00,0.00983946367456939,0.7971533548198757,3.9999999999999996,0.0,0.000528047097732047,0.0,5.18566215415708e-05,0.00047619047619047614,False
2022-04-20 13:30:00+00:00,-0.025431040828028578,0.7768809153072515,3.9999999999999996,0.0,0.000528047097732047,0.0,5.18566215415708e-05,0.00047619047619047614,False
2022-04-21 13:30:00+00:00,0.01572818466543633,0.789099841806257,3.9999999999999996,0.0,0.000528047097732047,0.0,5.18566215415708e-05,0.00047619047619047614,False
2022-04-22 13:30:00+00:00,0.0006284225586892246,0.7895957299479062,3.9999999999999996,0.0,0.000528047097732047,0.0,5.18566215415708e-05,0.00047619047619047614,False
2022-04-25 13:30:00+00:00,-0.014699456673499983,0.7779891017259563,3.9999999999999996,0.0,0.000528047097732047,0.0,5.18566215415708e-05,0.00047619047619047614,False
2022-04-26 13:30:00+00:00,0.0039121537911752085,0.7810327147397665,3.9999999999999996,0.0,0.000528047097732047,0.0,5.18566215415708e-05,0.00047619047619047614,False
2022-04-27 13:30:00+00:00,0.02094832021754034,0.79739403814851,3.9999999999999996,0.0,0.000528047097732047,0.0,5.18566215415708e-05,0.00047619047619047614,False
2022-04-28 13:30:00+00:00,0.02343536852036214,0.8160812612884599,3.9999999999999996,0.0,0.000528047097732047,0.0,5.18566215415708e-05,0.00047619047619047614,False
2022-04-29 13:30:00+00:00,-0.006087237734282698,0.8111135806405039,3.9999999999999996,0.0,0.000528047097732047,0.0,5.18566215415708e-05,0.00047619047619047614,False
2022-05-02 13:30:00+00:00,0.015219801869027915,0.8234585686311302,3.9999999999999996,0.0,0.000528047097732047,0.0,5.18566215415708e-05,0.00047619047619047614,False
2022-05-03 13:30:00+00:00,-0.011919588152434244,0.8136432816324541,3.9999999999999996,0.0,0.000528047097732047,0.0,5.18566215415708e-05,0.00047619047619047614,False
2022-05-04 13:30:00+00:00,-0.013618935862712676,0.8025623259647747,3.9999999999999996,0.0,0.000528047097732047,0.0,5.18566215415708e-05,0.00047619047619047614,False
2022-05-05 13:30:00+00:00,0.03232017998993712,0.8285012847930988,3.9999999999999996,0.0,0.000528047097732047,0.0,5.18566215415708e-05,0.00047619047619047614,False
2022-05-06 13:30:00+00:00,0.016679284021823858,0.842320093034609,3.9999999999999996,0.0,0.000528047097732047,0.0,5.18566215415708e-05,0.00047619047619047614,False
2022-05-09 13:30:00+00:00,-0.02667359752383919,0.819852385886761,3.9999999999999996,0.0,0.000528047097732047,0.0,5.18566215415708e-05,0.00047619047619047614,False
2022-05-10 13:30:00+00:00,-0.010921956133745608,0.8108979940919592,3.9999999999999996,0.0,0.000528047097732047,0.0,5.18566215415708e-05,0.00047619047619047614,False
2022-05-11 13:30:00+00:00,-0.00021321405675408113,0.8107250992410251,3.9999999999999996,0.0,0.000528047097732047,0.0,5.18566215415708e-05,0.00047619047619047614,False
2022-05-12 13:30:00+00:00,0.0027582554586580888,0.8129612861714778,3.9999999999999996,0.0,0.000528047097732047,0.0,5.18566215415708e-05,0.00047619047619047614,False
2022-05-13 13:30:00+00:00,0.010843780222854598,0.8217768596884105,3.9999999999999996,0.0,0.000528047097732047,0.0,5.18566215415708e-05,0.00047619047619047614,False
2022-05-16 13:30:00+00:00,-0.005258454378370747,0.8174555835625383,3.9999999999999996,1.853235365470302,0.0018363285087050981,0.0012972647558292113,6.287327668541062e-05,0.00047619047619047614,True
2022-05-17 13:30:00+00:00,-0.014415938488406409,0.8056711941528965,3.9999999999999996,0.0,0.0005390637528758867,0.0,6.287327668541062e-05,0.00047619047619047614,False
2022-05-18 13:30:00+00:00,0.008457744557885918,0.8124853553106886,3.9999999999999996,0.0,0.0005390637528758867,0.0,6.287327668541062e-05,0.00047619047619047614,False
2022-05-19 13:30:00+00:00,-0.024579089670442002,0.7925152049065862,3.9999999999999996,0.0,0.0005390637528758867,0.0,6.287327668541062e-05,0.00047619047619047614,False
2022-05-20 13:30:00+00:00,-0.004342924000338912,0.789073371602564,3.9999999999999996,0.0,0.0005390637528758867,0.0,6.287327668541062e-05,0.00047619047619047614,False
2022-05-23 13:30:00+00:00,-0.01442451840627658,0.7776913682299801,3.9999999999999996,0.0,0.0005390637528758867,0.0,6.287327668541062e-05,0.00047619047619047614,False
2022-05-24 13:30:00+00:00,-0.02135236695112179,0.7610858167608135,3.9999999999999996,0.0,0.0005390637528758867,0.0,6.287327668541062e-05,0.00047619047619047614,False
2022-05-25 13:30:00+00:00,-0.005680212240021782,0.7567626877887418,3.9999999999999996,0.0,0.0005390637528758867,0.0,6.287327668541062e-05,0.00047619047619047614,False
2022-05-26 13:30:00+00:00,-0.013904320371421378,0.7462404169325891,3.9999999999999996,0.0,0.0005390637528758867,0.0,6.287327668541062e-05,0.00047619047619047614,False
2022-05-27 13:30:00+00:00,-0.01675732566325068,0.7337354232429697,3.9999999999999996,0.0,0.0005390637528758867,0.0,6.287327668541062e-05,0.00047619047619047614,False
2022-05-31 13:30:00+00:00,0.02451372734486605,0.7517220133516178,3.9999999999999996,0.0,0.0005390637528758867,0.0,6.287327668541062e-05,0.00047619047619047614,False
2022-06-01 13:30:00+00:00,0.022972294559786596,0.768990792869407,3.9999999999999996,0.0,0.0005390637528758867,0.0,6.287327668541062e-05,0.00047619047619047614,False
2022-06-02 13:30:00+00:00,-0.02331564571028265,0.7510612759883946,3.9999999999999996,0.0,0.0005390637528758867,0.0,6.287327668541062e-05,0.00047619047619047614,False
2022-06-03 13:30:00+00:00,0.02677417415379234,0.7711703213918774,3.9999999999999996,0.0,0.0005390637528758867,0.0,6.287327668541062e-05,0.00047619047619047614,False
2022-06-06 13:30:00+00:00,0.017058246808486843,0.7843251350655601,3.9999999999999996,0.0,0.0005390637528758867,0.0,6.287327668541062e-05,0.00047619047619047614,False
2022-06-07 13:30:00+00:00,-0.008950099189313686,0.7773053473100515,3.9999999999999996,0.0,0.0005390637528758867,0.0,6.287327668541062e-05,0.00047619047619047614,False
2022-06-08 13:30:00+00:00,0.02335156462519413,0.7954566433612711,3.9999999999999996,0.0,0.0005390637528758867,0.0,6.287327668541062e-05,0.00047619047619047614,False
2022-06-09 13:30:00+00:00,0.0272765824752995,0.8171539820994396,3.9999999999999996,0.0,0.0005390637528758867,0.0,6.287327668541062e-05,0.00047619047619047614,False
2022-06-10 13:30:00+00:00,0.031154425489796717,0.8426119449484472,3.9999999999999996,0.0,0.0005390637528758867,0.0,6.287327668541062e-05,0.00047619047619047614,False
2022-06-13 13:30:00+00:00,0.07289761519608044,0.90403634627092,3.9999999999999996,0.0,0.0005390637528758867,0.0,6.287327668541062e-05,0.00047619047619047614,False
2022-06-14 13:30:00+00:00,0.008447130315589536,0.9116728590978999,3.9999999999999996,0.0,0.0005390637528758867,0.0,6.287327668541062e-05,0.00047619047619047614,False
2022-06-15 13:30:00+00:00,-0.053831458779809445,0.8625961791627003,3.9999999999999996,0.9266495900685663,0.001185944352793487,0.0006486547130479964,6.109916355501462e-05,0.00047619047619047614,True
2022-06-16 13:30:00+00:00,0.0013517291082019607,0.8637621755266982,3.9999999999999996,0.0,0.0005372896397454908,0.0,6.109916355501462e-05,0.00047619047619047614,False
2022-06-17 13:30:00+00:00,0.00358559830872508,0.8668592797224075,3.9999999999999996,0.0,0.0005372896397454908,0.0,6.109916355501462e-05,0.00047619047619047614,False
2022-06-21 13:30:00+00:00,0.003407337966197691,0.8698129622575564,3.9999999999999996,0.0,0.0005372896397454908,0.0,6.109916355501462e-05,0.00047619047619047614,False
2022-06-22 13:30:00+00:00,-0.027254315536082735,0.8461068053268141,3.9999999999999996,0.0,0.0005372896397454908,0.0,6.109916355501462e-05,0.00047619047619047614,False
2022-06-23 13:30:00+00:00,-0.023475727929674665,0.8262438321655157,3.9999999999999996,0.0,0.0005372896397454908,0.0,6.109916355501462e-05,0.00047619047619047614,False
2022-06-24 13:30:00+00:00,-0.011425642408252947,0.8168034655971679,3.9999999999999996,0.0,0.0005372896397454908,0.0,6.109916355501462e-05,0.00047619047619047614,False
2022-06-27 13:30:00+00:00,0.013159605751160878,0.8275522771806085,3.9999999999999996,0.0,0.0005372896397454908,0.0,6.109916355501462e-05,0.00047619047619047614,False
2022-06-28 13:30:00+00:00,0.021488104151543237,0.8453348067035124,3.9999999999999996,0.0,0.0005372896397454908,0.0,6.109916355501462e-05,0.00047619047619047614,False
2022-06-29 13:30:00+00:00,-0.00665156207639318,0.8397120097613882,3.9999999999999996,0.0,0.0005372896397454908,0.0,6.109916355501462e-05,0.00047619047619047614,False
2022-06-30 13:30:00+00:00,-0.016838475717141387,0.825572539475629,3.9999999999999996,0.0,0.0005372896397454908,0.0,6.109916355501462e-05,0.00047619047619047614,False
2022-07-01 13:30:00+00:00,-0.0174064496965758,0.8112022525963721,3.9999999999999996,0.0,0.0005372896397454908,0.0,6.109916355501462e-05,0.00047619047619047614,False
2022-07-05 13:30:00+00:00,-8.845251126485655e-06,0.8111950773087336,3.9999999999999996,0.0,0.0005372896397454908,0.0,6.109916355501462e-05,0.00047619047619047614,False
2022-07-06 13:30:00+00:00,0.016339246445315446,0.8244493935921077,3.9999999999999996,0.0,0.0005372896397454908,0.0,6.109916355501462e-05,0.00047619047619047614,False
2022-07-07 13:30:00+00:00,0.0042997391456394245,0.8279943109233343,3.9999999999999996,0.0,0.0005372896397454908,0.0,6.109916355501462e-05,0.00047619047619047614,False
2022-07-08 13:30:00+00:00,0.01189150330530643,0.837840408008454,3.9999999999999996,0.0,0.0005372896397454908,0.0,6.109916355501462e-05,0.00047619047619047614,False
2022-07-11 13:30:00+00:00,0.014884577034981583,0.8503113081044762,3.9999999999999996,0.0,0.0005372896397454908,0.0,6.109916355501462e-05,0.00047619047619047614,False
2022-07-12 13:30:00+00:00,-0.01950463738869037,0.8337262943723954,3.9999999999999996,0.0,0.0005372896397454908,0.0,6.109916355501462e-05,0.00047619047619047614,False
2022-07-13 13:30:00+00:00,-0.005844843674622378,0.8288532945143666,3.9999999999999996,0.0,0.0005372896397454908,0.0,6.109916355501462e-05,0.00047619047619047614,False
2022-07-14 13:30:00+00:00,0.025572205050668623,0.8500489009186102,3.9999999999999996,0.0,0.0005372896397454908,0.0,6.109916355501462e-05,0.00047619047619047614,False
2022-07-15 13:30:00+00:00,-0.022949011769852957,0.8305411186864784,3.9999999999999996,0.0,0.0005372896397454908,0.0,6.109916355501462e-05,0.00047619047619047614,False
2022-07-18 13:30:00+00:00,-0.013888640228884981,0.8190060318937462,3.9999999999999996,2.607871426011107,0.002366418601168635,0.001825509998207775,6.471812677038394e-05,0.00047619047619047614,True
2022-07-19 13:30:00+00:00,-0.02994171548413952,0.7944835863069896,3.9999999999999996,0.0,0.00054090860296086,0.0,6.471812677038394e-05,0.00047619047619047614,False
2022-07-20 13:30:00+00:00,0.012287565516009341,0.8042458554251307,3.9999999999999996,0.0,0.00054090860296086,0.0,6.471812677038394e-05,0.00047619047619047614,False
2022-07-21 13:30:00+00:00,-0.028521194821386462,0.781307802698258,3.9999999999999996,0.0,0.00054090860296086,0.0,6.471812677038394e-05,0.00047619047619047614,False
2022-07-22 13:30:00+00:00,-0.009719102150768716,0.7737141923526409,3.9999999999999996,0.0,0.00054090860296086,0.0,6.471812677038394e-05,0.00047619047619047614,False
2022-07-25 13:30:00+00:00,-0.0006189214883984528,0.773235324013115,3.9999999999999996,0.0,0.00054090860296086,0.0,6.471812677038394e-05,0.00047619047619047614,False
2022-07-26 13:30:00+00:00,0.022760777318983155,0.7908347610381492,3.9999999999999996,0.0,0.00054090860296086,0.0,6.471812677038394e-05,0.00047619047619047614,False
2022-07-27 13:30:00+00:00,-0.04062401451889058,0.7587078782236921,3.9999999999999996,0.0,0.00054090860296086,0.0,6.471812677038394e-05,0.00047619047619047614,False
2022-07-28 13:30:00+00:00,-0.02659444376640072,0.7385304642211469,3.9999999999999996,0.0,0.00054090860296086,0.0,6.471812677038394e-05,0.00047619047619047614,False
2022-07-29 13:30:00+00:00,-0.01723267139528461,0.7258036114158168,3.9999999999999996,0.0,0.00054090860296086,0.0,6.471812677038394e-05,0.00047619047619047614,False
2022-08-01 13:30:00+00:00,-0.01410129395268957,0.7155688413393188,3.9999999999999996,0.0,0.00054090860296086,0.0,6.471812677038394e-05,0.00047619047619047614,False
2022-08-02 13:30:00+00:00,0.035159519418638895,0.7407278979117615,3.9999999999999996,0.0,0.00054090860296086,0.0,6.471812677038394e-05,0.00047619047619047614,False
2022-08-03 13:30:00+00:00,-0.0051836197873515715,0.7368882461231028,3.9999999999999996,0.0,0.00054090860296086,0.0,6.471812677038394e-05,0.00047619047619047614,False
2022-08-04 13:30:00+00:00,-0.02560889408107576,0.7180173530785465,3.9999999999999996,0.0,0.00054090860296086,0.0,6.471812677038394e-05,0.00047619047619047614,False
2022-08-05 13:30:00+00:00,0.03581676678289747,0.7437344131598341,3.9999999999999996,0.0,0.00054090860296086,0.0,6.471812677038394e-05,0.00047619047619047614,False
2022-08-08 13:30:00+00:00,-0.014062005794384588,0.7332760155324973,3.9999999999999996,0.0,0.00054090860296086,0.0,6.471812677038394e-05,0.00047619047619047614,False
2022-08-09 13:30:00+00:00,0.0017219113805415657,0.7345386518487209,3.9999999999999996,0.0,0.00054090860296086,0.0,6.471812677038394e-05,0.00047619047619047614,False
2022-08-10 13:30:00+00:00,-0.04194882840958408,0.7037256159821117,3.9999999999999996,0.0,0.00054090860296086,0.0,6.471812677038394e-05,0.00047619047619047614,False
2022-08-11 13:30:00+00:00,0.0041538323879940576,0.7066487742380393,3.9999999999999996,0.0,0.00054090860296086,0.0,6.471812677038394e-05,0.00047619047619047614,False
2022-08-12 13:30:00+00:00,-0.009134277202084878,0.7001940484496355,3.9999999999999996,0.0,0.00054090860296086,0.0,6.471812677038394e-05,0.00047619047619047614,False
2022-08-15 13:30:00+00:00,0.022704959951348695,0.7160919262778572,3.9999999999999996,0.0,0.00054090860296086,0.0,6.471812677038394e-05,0.00047619047619047614,False
2022-08-16 13:30:00+00:00,-0.0037826328477780103,0.7133832134354899,2.401222229410707,4.149634303360257,0.0031444792590393446,0.0029047440123521795,1.7319019796576638e-05,0.00022241622689058845,True
2022-08-17 13:30:00+00:00,-0.005407470733781729,0.7095256145868664,2.401222229410707,0.0,0.0002397352466871651,0.0,1.7319019796576638e-05,0.00022241622689058845,False
2022-08-18 13:30:00+00:00,0.005150854951634037,0.7131802781120724,2.401222229410707,0.0,0.0002397352466871651,0.0,1.7319019796576638e-05,0.00022241622689058845,False
2022-08-19 13:30:00+00:00,-0.0047797848065092305,0.7097714298544503,2.401222229410707,0.0,0.0002397352466871651,0.0,1.7319019796576638e-05,0.00022241622689058845,False
2022-08-22 13:30:00+00:00,-0.005168927130251286,0.7061026730543983,2.401222229410707,0.0,0.0002397352466871651,0.0,1.7319019796576638e-05,0.00022241622689058845,False
2022-08-23 13:30:00+00:00,-0.005080699880160773,0.7025151772880296,2.401222229410707,0.0,0.0002397352466871651,0.0,1.7319019796576638e-05,0.00022241622689058845,False
2022-08-24 13:30:00+00:00,0.0006820775413612714,0.7029943471129231,2.401222229410707,0.0,0.0002397352466871651,0.0,1.7319019796576638e-05,0.00022241622689058845,False
2022-08-25 13:30:00+00:00,0.008968214225051577,0.709298951016832,2.401222229410707,0.0,0.0002397352466871651,0.0,1.7319019796576638e-05,0.00022241622689058845,False
2022-08-26 13:30:00+00:00,-0.011736077640850547,0.7009745634571247,2.401222229410707,0.0,0.0002397352466871651,0.0,1.7319019796576638e-05,0.00022241622689058845,False
2022-08-29 13:30:00+00:00,-0.005870721922434671,0.6968593367203679,2.401222229410707,0.0,0.0002397352466871651,0.0,1.7319019796576638e-05,0.00022241622689058845,False
2022-08-30 13:30:00+00:00,-0.006210905690820992,0.6925312091002297,2.401222229410707,0.0,0.0002397352466871651,0.0,1.7319019796576638e-05,0.00022241622689058845,False
2022-08-31 13:30:00+00:00,-0.004189675747064564,0.6896297278893772,2.401222229410707,0.0,0.0002397352466871651,0.0,1.7319019796576638e-05,0.00022241622689058845,False
2022-09-01 13:30:00+00:00,0.006061126456044199,0.693809660877962,2.401222229410707,0.0,0.0002397352466871651,0.0,1.7319019796576638e-05,0.00022241622689058845,False
2022-09-02 13:30:00+00:00,-0.0060842526855467505,0.689588347585507,2.401222229410707,0.0,0.0002397352466871651,0.0,1.7319019796576638e-05,0.00022241622689058845,False
2022-09-06 13:30:00+00:00,0.0028648246183314904,0.6915638972601846,2.401222229410707,0.0,0.0002397352466871651,0.0,1.7319019796576638e-05,0.00022241622689058845,False
2022-09-07 13:30:00+00:00,0.007483144436172107,0.6967389697902246,2.401222229410707,0.0,0.0002397352466871651,0.0,1.7319019796576638e-05,0.00022241622689058845,False
2022-09-08 13:30:00+00:00,0.003177869707486594,0.6989531154563465,2.401222229410707,0.0,0.0002397352466871651,0.0,1.7319019796576638e-05,0.00022241622689058845,False
2022-09-09 13:30:00+00:00,0.002711270335807117,0.7008481663044034,2.401222229410707,0.0,0.0002397352466871651,0.0,1.7319019796576638e-05,0.00022241622689058845,False
2022-09-12 13:30:00+00:00,0.002488259636406471,0.7025920585078681,2.401222229410707,0.0,0.0002397352466871651,0.0,1.7319019796576638e-05,0.00022241622689058845,False
2022-09-13 13:30:00+00:00,-0.013164025023814453,0.6933431190681373,2.401222229410707,0.0,0.0002397352466871651,0.0,1.7319019796576638e-05,0.00022241622689058845,False
2022-09-14 13:30:00+00:00,-0.001285403232577187,0.692451893581602,2.401222229410707,0.0,0.0002397352466871651,0.0,1.7319019796576638e-05,0.00022241622689058845,False
2022-09-15 13:30:00+00:00,0.021521446864281812,0.7073544602153898,4.000000000000001,4.124118132750499,0.0034291486997946323,0.002886882692925349,6.607553067880706e-05,0.00047619047619047635,True
2022-09-16 13:30:00+00:00,0.001522229688948295,0.7084312161753398,4.000000000000001,0.0,0.0005422660068692834,0.0,6.607553067880706e-05,0.00047619047619047635,False
2022-09-19 13:30:00+00:00,-0.004677983509836442,0.7051171866282182,4.000000000000001,0.0,0.0005422660068692834,0.0,6.607553067880706e-05,0.00047619047619047635,False
2022-09-20 13:30:00+00:00,0.02798455241376348,0.724849575495261,4.000000000000001,0.0,0.0005422660068692834,0.0,6.607553067880706e-05,0.00047619047619047635,False
2022-09-21 13:30:00+00:00,0.01925321107814769,0.738805257372177,4.000000000000001,0.0,0.0005422660068692834,0.0,6.607553067880706e-05,0.00047619047619047635,False
2022-09-22 13:30:00+00:00,0.013804866374694282,0.7490043652271215,4.000000000000001,0.0,0.0005422660068692834,0.0,6.607553067880706e-05,0.00047619047619047635,False
2022-09-23 13:30:00+00:00,0.057019855328464486,0.7917124857727603,4.000000000000001,0.0,0.0005422660068692834,0.0,6.607553067880706e-05,0.00047619047619047635,False
2022-09-26 13:30:00+00:00,0.05113353970785655,0.8321955476012275,4.000000000000001,0.0,0.0005422660068692834,0.0,6.607553067880706e-05,0.00047619047619047635,False
2022-09-27 13:30:00+00:00,0.014240441237930456,0.8440463793953101,4.000000000000001,0.0,0.0005422660068692834,0.0,6.607553067880706e-05,0.00047619047619047635,False
2022-09-28 13:30:00+00:00,-0.06814757801476551,0.7865266629073878,4.000000000000001,0.0,0.0005422660068692834,0.0,6.607553067880706e-05,0.00047619047619047635,False
2022-09-29 13:30:00+00:00,0.015441062136958707,0.7986714699817156,4.000000000000001,0.0,0.0005422660068692834,0.0,6.607553067880706e-05,0.00047619047619047635,False
2022-09-30 13:30:00+00:00,0.009941438616832627,0.8066114133755543,4.000000000000001,0.0,0.0005422660068692834,0.0,6.607553067880706e-05,0.00047619047619047635,False
2022-10-03 13:30:00+00:00,-0.048094446849264366,0.7678178836269537,4.000000000000001,0.0,0.0005422660068692834,0.0,6.607553067880706e-05,0.00047619047619047635,False
2022-10-04 13:30:00+00:00,-0.06334712852604235,0.7191788254682433,4.000000000000001,0.0,0.0005422660068692834,0.0,6.607553067880706e-05,0.00047619047619047635,False
2022-10-05 13:30:00+00:00,0.026137309219509207,0.7379762248136302,4.000000000000001,0.0,0.0005422660068692834,0.0,6.607553067880706e-05,0.00047619047619047635,False
2022-10-06 13:30:00+00:00,0.02765727481915463,0.758386636073303,4.000000000000001,0.0,0.0005422660068692834,0.0,6.607553067880706e-05,0.00047619047619047635,False
2022-10-07 13:30:00+00:00,0.03387940915123111,0.7840803272116563,4.000000000000001,0.0,0.0005422660068692834,0.0,6.607553067880706e-05,0.00047619047619047635,False
2022-10-10 13:30:00+00:00,0.0309445297458052,0.8083433242201582,4.000000000000001,0.0,0.0005422660068692834,0.0,6.607553067880706e-05,0.00047619047619047635,False
2022-10-11 13:30:00+00:00,0.009823381377664763,0.8162839889780621,4.000000000000001,0.0,0.0005422660068692834,0.0,6.607553067880706e-05,0.00047619047619047635,False
2022-10-12 13:30:00+00:00,0.0012819173999449938,0.8173303976268296,4.000000000000001,0.0,0.0005422660068692834,0.0,6.607553067880706e-05,0.00047619047619047635,False
2022-10-13 13:30:00+00:00,-0.014758397815099487,0.8052679104722794,4.000000000000001,0.0,0.0005422660068692834,0.0,6.607553067880706e-05,0.00047619047619047635,False
2022-10-14 13:30:00+00:00,0.0366832350739844,0.8348077425296702,3.999999999999999,1.7693056433480747,0.0017832359991887428,0.0012385139503436522,6.853157265461439e-05,0.0004761904761904761,True
2022-10-17 13:30:00+00:00,-0.0400263343612992,0.8013934486997762,3.999999999999999,0.0,0.0005447220488450905,0.0,6.853157265461439e-05,0.0004761904761904761,False
2022-10-18 13:30:00+00:00,-0.014600060129395749,0.7896930561614557,3.999999999999999,0.0,0.0005447220488450905,0.0,6.853157265461439e-05,0.0004761904761904761,False
2022-10-19 13:30:00+00:00,0.04223419559283994,0.8230451071536862,3.999999999999999,0.0,0.0005447220488450905,0.0,6.853157265461439e-05,0.0004761904761904761,False
2022-10-20 13:30:00+00:00,0.01473877576278987,0.8351757844306857,3.999999999999999,0.0,0.0005447220488450905,0.0,6.853157265461439e-05,0.0004761904761904761,False
2022-10-21 13:30:00+00:00,-0.03702761732553404,0.8042512150852336,3.999999999999999,0.0,0.0005447220488450905,0.0,6.853157265461439e-05,0.0004761904761904761,False
2022-10-24 13:30:00+00:00,0.014583350631485697,0.8159798925506199,3.999999999999999,0.0,0.0005447220488450905,0.0,6.853157265461439e-05,0.0004761904761904761,False
2022-10-25 13:30:00+00:00,-0.05170919087653116,0.7737862325353085,3.999999999999999,0.0,0.0005447220488450905,0.0,6.853157265461439e-05,0.0004761904761904761,False
2022-10-26 13:30:00+00:00,-0.02961873579293256,0.7508676625536366,3.999999999999999,0.0,0.0005447220488450905,0.0,6.853157265461439e-05,0.0004761904761904761,False
2022-10-27 13:30:00+00:00,0.002712796167785657,0.7529046134711264,3.999999999999999,0.0,0.0005447220488450905,0.0,6.853157265461439e-05,0.0004761904761904761,False
2022-10-28 13:30:00+00:00,-0.002104373136674718,0.7513202212280593,3.999999999999999,0.0,0.0005447220488450905,0.0,6.853157265461439e-05,0.0004761904761904761,False
2022-10-31 13:30:00+00:00,0.028336108261637225,0.7726097123559348,3.999999999999999,0.0,0.0005447220488450905,0.0,6.853157265461439e-05,0.0004761904761904761,False
2022-11-01 13:30:00+00:00,-0.017352903014088792,0.7592026909496792,3.999999999999999,0.0,0.0005447220488450905,0.0,6.853157265461439e-05,0.0004761904761904761,False
2022-11-02 13:30:00+00:00,0.027588420603020997,0.7801478941105443,3.999999999999999,0.0,0.0005447220488450905,0.0,6.853157265461439e-05,0.0004761904761904761,False
2022-11-03 13:30:00+00:00,0.019361017056087133,0.795252350794689,3.999999999999999,0.0,0.0005447220488450905,0.0,6.853157265461439e-05,0.0004761904761904761,False
2022-11-04 13:30:00+00:00,-0.05600504148630102,0.7507142098963541,3.999999999999999,0.0,0.0005447220488450905,0.0,6.853157265461439e-05,0.0004761904761904761,False
2022-11-07 14:30:00+00:00,-0.002955843057274375,0.7484952165110347,3.999999999999999,0.0,0.0005447220488450905,0.0,6.853157265461439e-05,0.0004761904761904761,False
2022-11-08 14:30:00+00:00,-0.02761093121312797,0.7278285665745932,3.999999999999999,0.0,0.0005447220488450905,0.0,6.853157265461439e-05,0.0004761904761904761,False
2022-11-09 14:30:00+00:00,0.02631200939873551,0.746979198658972,3.999999999999999,0.0,0.0005447220488450905,0.0,6.853157265461439e-05,0.0004761904761904761,False
2022-11-10 14:30:00+00:00,-0.13307630031729156,0.6475739704874608,3.999999999999999,0.0,0.0005447220488450905,0.0,6.853157265461439e-05,0.0004761904761904761,False
2022-11-11 14:30:00+00:00,-0.038000285519648826,0.6229659747138446,3.999999999999999,0.0,0.0005447220488450905,0.0,6.853157265461439e-05,0.0004761904761904761,False
2022-11-14 14:30:00+00:00,-0.004424828494332031,0.6202094571179315,2.680726637806199,2.978624214209294,0.002385892546638335,0.0020850369499465058,3.407359069084518e-05,0.00026678200600098397,True
2022-11-15 14:30:00+00:00,-0.010878284682787554,0.6134626420804455,2.680726637806199,0.0,0.00030085559669182913,0.0,3.407359069084518e-05,0.00026678200600098397,False
2022-11-16 14:30:00+00:00,-0.014015239710292494,0.6048648160983787,2.680726637806199,0.0,0.00030085559669182913,0.0,3.407359069084518e-05,0.00026678200600098397,False
2022-11-17 14:30:00+00:00,-0.0006430726133460452,0.6044758441003693,2.680726637806199,0.0,0.00030085559669182913,0.0,3.407359069084518e-05,0.00026678200600098397,False
2022-11-18 14:30:00+00:00,-0.002958393305108636,0.6026875668100828,2.680726637806199,0.0,0.00030085559669182913,0.0,3.407359069084518e-05,0.00026678200600098397,False
2022-11-21 14:30:00+00:00,0.0027062980399047225,0.6043186189908158,2.680726637806199,0.0,0.00030085559669182913,0.0,3.407359069084518e-05,0.00026678200600098397,False
2022-11-22 14:30:00+00:00,-0.00852447919265449,0.599167117497495,2.680726637806199,0.0,0.00030085559669182913,0.0,3.407359069084518e-05,0.00026678200600098397,False
2022-11-23 14:30:00+00:00,-0.029492167256395373,0.5814963806537266,2.680726637806199,0.0,0.00030085559669182913,0.0,3.407359069084518e-05,0.00026678200600098397,False
2022-11-25 14:30:00+00:00,-0.004130273484235017,0.5790946415715339,2.680726637806199,0.0,0.00030085559669182913,0.0,3.407359069084518e-05,0.00026678200600098397,False
2022-11-28 14:30:00+00:00,0.0062749834492426566,0.5827284508629403,2.680726637806199,0.0,0.00030085559669182913,0.0,3.407359069084518e-05,0.00026678200600098397,False
2022-11-29 14:30:00+00:00,0.009576948940249165,0.5883092114828852,2.680726637806199,0.0,0.00030085559669182913,0.0,3.407359069084518e-05,0.00026678200600098397,False
2022-11-30 14:30:00+00:00,-0.009896071577968936,0.5824872614160721,2.680726637806199,0.0,0.00030085559669182913,0.0,3.407359069084518e-05,0.00026678200600098397,False
2022-12-01 14:30:00+00:00,-0.026666132259585758,0.5669545790636272,2.680726637806199,0.0,0.00030085559669182913,0.0,3.407359069084518e-05,0.00026678200600098397,False
2022-12-02 14:30:00+00:00,-0.012644991732061302,0.5597854430989133,2.680726637806199,0.0,0.00030085559669182913,0.0,3.407359069084518e-05,0.00026678200600098397,False
2022-12-05 14:30:00+00:00,0.008661551765308124,0.5646340536917805,2.680726637806199,0.0,0.00030085559669182913,0.0,3.407359069084518e-05,0.00026678200600098397,False
2022-12-06 14:30:00+00:00,-0.01712002915808985,0.5549675022289268,2.680726637806199,0.0,0.00030085559669182913,0.0,3.407359069084518e-05,0.00026678200600098397,False
2022-12-07 14:30:00+00:00,-0.022324862109551837,0.5425779292663836,2.680726637806199,0.0,0.00030085559669182913,0.0,3.407359069084518e-05,0.00026678200600098397,False
2022-12-08 14:30:00+00:00,-0.0036300736651219564,0.5406083314140773,2.680726637806199,0.0,0.00030085559669182913,0.0,3.407359069084518e-05,0.00026678200600098397,False
2022-12-09 14:30:00+00:00,0.014398824690251513,0.548392456004198,2.680726637806199,0.0,0.00030085559669182913,0.0,3.407359069084518e-05,0.00026678200600098397,False
2022-12-12 14:30:00+00:00,0.008167873276758955,0.5528716560907708,2.680726637806199,0.0,0.00030085559669182913,0.0,3.407359069084518e-05,0.00026678200600098397,False
2022-12-13 14:30:00+00:00,-0.009754073664324877,0.5474789052303441,2.680726637806199,0.0,0.00030085559669182913,0.0,3.407359069084518e-05,0.00026678200600098397,False
2022-12-14 14:30:00+00:00,-0.004414593240579644,0.5450620085559543,2.3744505431116525,4.459885402656021,0.00334984793873901,0.003121919781859215,9.761404004929758e-06,0.00021816675287486548,True
2022-12-15 14:30:00+00:00,-0.017623838902204807,0.535455923525452,2.3744505431116525,0.0,0.00022792815687979522,0.0,9.761404004929758e-06,0.00021816675287486548,False
2022-12-16 14:30:00+00:00,0.0037138489507665016,0.5374445259452186,2.3744505431116525,0.0,0.00022792815687979522,0.0,9.761404004929758e-06,0.00021816675287486548,False
2022-12-19 14:30:00+00:00,-0.00905782480713719,0.5325764475856519,2.3744505431116525,0.0,0.00022792815687979522,0.0,9.761404004929758e-06,0.00021816675287486548,False
2022-12-20 14:30:00+00:00,0.010371919619874381,0.5381002876914486,2.3744505431116525,0.0,0.00022792815687979522,0.0,9.761404004929758e-06,0.00021816675287486548,False
2022-12-21 14:30:00+00:00,0.00022460039961755884,0.5382211452310984,2.3744505431116525,0.0,0.00022792815687979522,0.0,9.761404004929758e-06,0.00021816675287486548,False
2022-12-22 14:30:00+00:00,-0.008800677759525883,0.5334844343685565,2.3744505431116525,0.0,0.00022792815687979522,0.0,9.761404004929758e-06,0.00021816675287486548,False
2022-12-23 14:30:00+00:00,-0.005818640357297569,0.5303802803087495,2.3744505431116525,0.0,0.00022792815687979522,0.0,9.761404004929758e-06,0.00021816675287486548,False
2022-12-27 14:30:00+00:00,-0.0049471661994767956,0.527756400913137,2.3744505431116525,0.0,0.00022792815687979522,0.0,9.761404004929758e-06,0.00021816675287486548,False
2022-12-28 14:30:00+00:00,-0.00931067599211098,0.5228426320614722,2.3744505431116525,0.0,0.00022792815687979522,0.0,9.761404004929758e-06,0.00021816675287486548,False
2022-12-29 14:30:00+00:00,0.016545417441783256,0.5314932816652899,2.3744505431116525,0.0,0.00022792815687979522,0.0,9.761404004929758e-06,0.00021816675287486548,False
2022-12-30 14:30:00+00:00,-0.002223355335142926,0.5303115832419067,2.3744505431116525,0.0,0.00022792815687979522,0.0,9.761404004929758e-06,0.00021816675287486548,False
2023-01-03 14:30:00+00:00,0.011002330214353309,0.5361462463972307,2.3744505431116525,0.0,0.00022792815687979522,0.0,9.761404004929758e-06,0.00021816675287486548,False
2023-01-04 14:30:00+00:00,0.019223490007572307,0.5464528484074453,2.3744505431116525,0.0,0.00022792815687979522,0.0,9.761404004929758e-06,0.00021816675287486548,False
2023-01-05 14:30:00+00:00,-0.01098874167143168,0.5404480192206779,2.3744505431116525,0.0,0.00022792815687979522,0.0,9.761404004929758e-06,0.00021816675287486548,False
2023-01-06 14:30:00+00:00,0.030313471993774134,0.5568308751154146,2.3744505431116525,0.0,0.00022792815687979522,0.0,9.761404004929758e-06,0.00021816675287486548,False
2023-01-09 14:30:00+00:00,0.005502679079993465,0.5598949367230067,2.3744505431116525,0.0,0.00022792815687979522,0.0,9.761404004929758e-06,0.00021816675287486548,False
2023-01-10 14:30:00+00:00,-0.0017231429111790085,0.5589301577317874,2.3744505431116525,0.0,0.00022792815687979522,0.0,9.761404004929758e-06,0.00021816675287486548,False
2023-01-11 14:30:00+00:00,0.00021133976493504172,0.5590482818999376,2.3744505431116525,0.0,0.00022792815687979522,0.0,9.761404004929758e-06,0.00021816675287486548,False
2023-01-12 14:30:00+00:00,0.020975335840314382,0.5707745073637396,2.3744505431116525,0.0,0.00022792815687979522,0.0,9.761404004929758e-06,0.00021816675287486548,False
2023-01-13 14:30:00+00:00,0.0036521158811036744,0.5728590420066118,2.3744505431116525,0.0,0.00022792815687979522,0.0,9.761404004929758e-06,0.00021816675287486548,False
2023-01-17 14:30:00+00:00,-0.005777106281064788,0.5695495744368706,2.5689473120304105,1.2613421969948875,0.0011413211461709784,0.0008829395378964212,9.342352396714187e-06,0.00024903925587784295,True
2023-01-18 14:30:00+00:00,-0.002926557481398999,0.5678827548687747,2.5689473120304105,0.0,0.00025838160827455715,0.0,9.342352396714187e-06,0.00024903925587784295,False
2023-01-19 14:30:00+00:00,0.011767999122483304,0.5745655986297439,2.5689473120304105,0.0,0.00025838160827455715,0.0,9.342352396714187e-06,0.00024903925587784295,False
2023-01-20 14:30:00+00:00,0.0009529017809013204,0.5751131032119228,2.5689473120304105,0.0,0.00025838160827455715,0.0,9.342352396714187e-06,0.00024903925587784295,False
2023-01-23 14:30:00+00:00,-0.0009550792493628543,0.5745638246210084,2.5689473120304105,0.0,0.00025838160827455715,0.0,9.342352396714187e-06,0.00024903925587784295,False
2023-01-24 14:30:00+00:00,0.0018623132976861773,0.5756338424719696,2.5689473120304105,0.0,0.00025838160827455715,0.0,9.342352396714187e-06,0.00024903925587784295,False
2023-01-25 14:30:00+00:00,0.0049664466553950995,0.5784926972436467,2.5689473120304105,0.0,0.00025838160827455715,0.0,9.342352396714187e-06,0.00024903925587784295,False
2023-01-26 14:30:00+00:00,-0.004482672666056642,0.5758995038421992,2.5689473120304105,0.0,0.00025838160827455715,0.0,9.342352396714187e-06,0.00024903925587784295,False
2023-01-27 14:30:00+00:00,-0.005848155401348691,0.5725315540481705,2.5689473120304105,0.0,0.00025838160827455715,0.0,9.342352396714187e-06,0.00024903925587784295,False
2023-01-30 14:30:00+00:00,-0.011938382902008058,0.5656964531324616,2.5689473120304105,0.0,0.00025838160827455715,0.0,9.342352396714187e-06,0.00024903925587784295,False
2023-01-31 14:30:00+00:00,0.010958748239758327,0.5718957781424646,2.5689473120304105,0.0,0.00025838160827455715,0.0,9.342352396714187e-06,0.00024903925587784295,False
2023-02-01 14:30:00+00:00,0.014095404936126866,0.579956880716644,2.5689473120304105,0.0,0.00025838160827455715,0.0,9.342352396714187e-06,0.00024903925587784295,False
2023-02-02 14:30:00+00:00,-0.014711955514132433,0.5714245808874258,2.5689473120304105,0.0,0.00025838160827455715,0.0,9.342352396714187e-06,0.00024903925587784295,False
2023-02-03 14:30:00+00:00,-0.03605863323065754,0.5508197915062238,2.5689473120304105,0.0,0.00025838160827455715,0.0,9.342352396714187e-06,0.00024903925587784295,False
2023-02-06 14:30:00+00:00,-0.009185049724756221,0.5457604843318593,2.5689473120304105,0.0,0.00025838160827455715,0.0,9.342352396714187e-06,0.00024903925587784295,False
2023-02-07 14:30:00+00:00,0.007772861050368345,0.5500026047433526,2.5689473120304105,0.0,0.00025838160827455715,0.0,9.342352396714187e-06,0.00024903925587784295,False
2023-02-08 14:30:00+00:00,0.0010046189801657004,0.5505551477992184,2.5689473120304105,0.0,0.00025838160827455715,0.0,9.342352396714187e-06,0.00024903925587784295,False
2023-02-09 14:30:00+00:00,-0.00773436694368659,0.5462969522634037,2.5689473120304105,0.0,0.00025838160827455715,0.0,9.342352396714187e-06,0.00024903925587784295,False
2023-02-10 14:30:00+00:00,-0.0016214240578930838,0.5454111732422501,2.5689473120304105,0.0,0.00025838160827455715,0.0,9.342352396714187e-06,0.00024903925587784295,False
2023-02-13 14:30:00+00:00,-0.00011793064454385127,0.5453468525510482,2.5689473120304105,0.0,0.00025838160827455715,0.0,9.342352396714187e-06,0.00024903925587784295,False
2023-02-14 14:30:00+00:00,-0.002002206896858985,0.5442549553216901,2.5689473120304105,0.0,0.00025838160827455715,0.0,9.342352396714187e-06,0.00024903925587784295,False
2023-02-15 14:30:00+00:00,0.009873469007294793,0.5496286397551254,2.7343055210196536,4.622618312467246,0.003550088199683898,0.003235832818727072,3.896879031878592e-05,0.0002752865906380403,True
2023-02-16 14:30:00+00:00,0.004092444974834549,0.5518779647199165,2.7343055210196536,0.0,0.0003142553809568262,0.0,3.896879031878592e-05,0.0002752865906380403,False
2023-02-17 14:30:00+00:00,-0.0009595291354652943,0.5513484217335465,2.7343055210196536,0.0,0.0003142553809568262,0.0,3.896879031878592e-05,0.0002752865906380403,False
2023-02-21 14:30:00+00:00,0.011479002344769824,0.5576773515594109,2.7343055210196536,0.0,0.0003142553809568262,0.0,3.896879031878592e-05,0.0002752865906380403,False
2023-02-22 14:30:00+00:00,0.0011941757598898034,0.5583433163344828,2.7343055210196536,0.0,0.0003142553809568262,0.0,3.896879031878592e-05,0.0002752865906380403,False
2023-02-23 14:30:00+00:00,-0.008416503769864506,0.5536440177076749,2.7343055210196536,0.0,0.0003142553809568262,0.0,3.896879031878592e-05,0.0002752865906380403,False
2023-02-24 14:30:00+00:00,0.009949301776561097,0.5591523891166362,2.7343055210196536,0.0,0.0003142553809568262,0.0,3.896879031878592e-05,0.0002752865906380403,False
2023-02-27 14:30:00+00:00,-0.004634328642035344,0.5565610931844904,2.7343055210196536,0.0,0.0003142553809568262,0.0,3.896879031878592e-05,0.0002752865906380403,False
2023-02-28 14:30:00+00:00,-0.002871084843387085,0.5549631590654295,2.7343055210196536,0.0,0.0003142553809568262,0.0,3.896879031878592e-05,0.0002752865906380403,False
2023-03-01 14:30:00+00:00,-0.0075100608885029976,0.5507953519499721,2.7343055210196536,0.0,0.0003142553809568262,0.0,3.896879031878592e-05,0.0002752865906380403,False
2023-03-02 14:30:00+00:00,0.008404346503252835,0.5554244269401407,2.7343055210196536,0.0,0.0003142553809568262,0.0,3.896879031878592e-05,0.0002752865906380403,False
2023-03-03 14:30:00+00:00,-0.014885617752733386,0.5471565912301788,2.7343055210196536,0.0,0.0003142553809568262,0.0,3.896879031878592e-05,0.0002752865906380403,False
2023-03-06 14:30:00+00:00,0.0009371662828943611,0.547669367938943,2.7343055210196536,0.0,0.0003142553809568262,0.0,3.896879031878592e-05,0.0002752865906380403,False
2023-03-07 14:30:00+00:00,0.013557151289753454,0.555094204416855,2.7343055210196536,0.0,0.0003142553809568262,0.0,3.896879031878592e-05,0.0002752865906380403,False
2023-03-08 14:30:00+00:00,0.00533021067547961,0.5580529734711346,2.7343055210196536,0.0,0.0003142553809568262,0.0,3.896879031878592e-05,0.0002752865906380403,False
2023-03-09 14:30:00+00:00,-0.0065341585705796824,0.5544065668516907,2.7343055210196536,0.0,0.0003142553809568262,0.0,3.896879031878592e-05,0.0002752865906380403,False
2023-03-10 14:30:00+00:00,-0.03296378573053379,0.5361312275743907,2.7343055210196536,0.0,0.0003142553809568262,0.0,3.896879031878592e-05,0.0002752865906380403,False
2023-03-13 13:30:00+00:00,-0.011296847045178658,0.5300746351003389,2.7343055210196536,0.0,0.0003142553809568262,0.0,3.896879031878592e-05,0.0002752865906380403,False
2023-03-14 13:30:00+00:00,0.016178195403412584,0.5386502861253848,2.7343055210196536,0.0,0.0003142553809568262,0.0,3.896879031878592e-05,0.0002752865906380403,False
2023-03-15 13:30:00+00:00,-0.00032219453486791036,0.5384767359469902,2.7343055210196536,0.0,0.0003142553809568262,0.0,3.896879031878592e-05,0.0002752865906380403,False
2023-03-16 13:30:00+00:00,0.00295753182731859,0.540069298031824,2.7343055210196536,0.0,0.0003142553809568262,0.0,3.896879031878592e-05,0.0002752865906380403,False
2023-03-17 13:30:00+00:00,0.01411056229607812,0.5476899795059013,3.9999999999999996,3.47601281056256,0.002969444505011018,0.002433208967393792,6.0045061426750193e-05,0.00047619047619047614,True
2023-03-20 13:30:00+00:00,-0.016771402875768268,0.5385044502085865,3.9999999999999996,0.0,0.0005362355376172264,0.0,6.0045061426750193e-05,0.00047619047619047614,False
2023-03-21 13:30:00+00:00,-0.025648392477197444,0.5246926767189193,3.9999999999999996,0.0,0.0005362355376172264,0.0,6.0045061426750193e-05,0.00047619047619047614,False
2023-03-22 13:30:00+00:00,0.0035808177335183494,0.5265715055603616,3.9999999999999996,0.0,0.0005362355376172264,0.0,6.0045061426750193e-05,0.00047619047619047614,False
2023-03-23 13:30:00+00:00,0.0025325542989320595,0.5279050764904636,3.9999999999999996,0.0,0.0005362355376172264,0.0,6.0045061426750193e-05,0.00047619047619047614,False
2023-03-24 13:30:00+00:00,-0.006040159803984372,0.5247164454671266,3.9999999999999996,0.0,0.0005362355376172264,0.0,6.0045061426750193e-05,0.00047619047619047614,False
2023-03-27 13:30:00+00:00,-0.01114857332814781,0.5188666056983513,3.9999999999999996,0.0,0.0005362355376172264,0.0,6.0045061426750193e-05,0.00047619047619047614,False
2023-03-28 13:30:00+00:00,-0.008641592396476683,0.5143827719837628,3.9999999999999996,0.0,0.0005362355376172264,0.0,6.0045061426750193e-05,0.00047619047619047614,False
2023-03-29 13:30:00+00:00,-0.016583969768175912,0.5058522636439136,3.9999999999999996,0.0,0.0005362355376172264,0.0,6.0045061426750193e-05,0.00047619047619047614,False
2023-03-30 13:30:00+00:00,-0.023631873913686055,0.4938980267305279,3.9999999999999996,0.0,0.0005362355376172264,0.0,6.0045061426750193e-05,0.00047619047619047614,False
2023-03-31 13:30:00+00:00,-0.024883538422365764,0.48160809620564815,3.9999999999999996,0.0,0.0005362355376172264,0.0,6.0045061426750193e-05,0.00047619047619047614,False
2023-04-03 13:30:00+00:00,-0.022819977285081085,0.4706178103899241,3.9999999999999996,0.0,0.0005362355376172264,0.0,6.0045061426750193e-05,0.00047619047619047614,False
2023-04-04 13:30:00+00:00,0.0014514326832822532,0.47130088046125873,3.9999999999999996,0.0,0.0005362355376172264,0.0,6.0045061426750193e-05,0.00047619047619047614,False
2023-04-05 13:30:00+00:00,0.007723113791846436,0.4749407907912585,3.9999999999999996,0.0,0.0005362355376172264,0.0,6.0045061426750193e-05,0.00047619047619047614,False
2023-04-06 13:30:00+00:00,-0.007088181310379443,0.4715743243544351,3.9999999999999996,0.0,0.0005362355376172264,0.0,6.0045061426750193e-05,0.00047619047619047614,False
2023-04-10 13:30:00+00:00,0.007407684864972558,0.47506759833966505,3.9999999999999996,0.0,0.0005362355376172264,0.0,6.0045061426750193e-05,0.00047619047619047614,False
2023-04-11 13:30:00+00:00,-0.01276725873050528,0.46900228739718275,3.9999999999999996,0.0,0.0005362355376172264,0.0,6.0045061426750193e-05,0.00047619047619047614,False
2023-04-12 13:30:00+00:00,-0.005475455006415155,0.4664342864746337,3.9999999999999996,0.0,0.0005362355376172264,0.0,6.0045061426750193e-05,0.00047619047619047614,False
2023-04-13 13:30:00+00:00,-0.016090424008882054,0.4589291610329765,3.9999999999999996,0.0,0.0005362355376172264,0.0,6.0045061426750193e-05,0.00047619047619047614,False
2023-04-14 13:30:00+00:00,0.011603756341501797,0.46425446319561303,3.9999999999999996,0.0,0.0005362355376172264,0.0,6.0045061426750193e-05,0.00047619047619047614,False
2023-04-17 13:30:00+00:00,0.005559030918423649,0.46683526811053366,3.9999999999999996,0.0,0.0005362355376172264,0.0,6.0045061426750193e-05,0.00047619047619047614,False
2023-04-18 13:30:00+00:00,-0.0019965152963114206,0.46590322435689335,3.9999999999999996,5.105834459279355,0.004089373189217338,0.0035740841214955484,3.9098591531314075e-05,0.00047619047619047614,True
2023-04-19 13:30:00+00:00,0.0034669609306169254,0.4675184926331871,3.9999999999999996,0.0,0.0005152890677217902,0.0,3.9098591531314075e-05,0.00047619047619047614,False
2023-04-20 13:30:00+00:00,-0.005877673731742432,0.4647705714699332,3.9999999999999996,0.0,0.0005152890677217902,0.0,3.9098591531314075e-05,0.00047619047619047614,False
2023-04-21 13:30:00+00:00,0.0024540479430506246,0.46591114073483947,3.9999999999999996,0.0,0.0005152890677217902,0.0,3.9098591531314075e-05,0.00047619047619047614,False
2023-04-24 13:30:00+00:00,0.0003906218295782216,0.46609313579705414,3.9999999999999996,0.0,0.0005152890677217902,0.0,3.9098591531314075e-05,0.00047619047619047614,False
2023-04-25 13:30:00+00:00,-0.018452884390407445,0.4574923730470286,3.9999999999999996,0.0,0.0005152890677217902,0.0,3.9098591531314075e-05,0.00047619047619047614,False
2023-04-26 13:30:00+00:00,0.007399951398290009,0.460877794372665,3.9999999999999996,0.0,0.0005152890677217902,0.0,3.9098591531314075e-05,0.00047619047619047614,False
2023-04-27 13:30:00+00:00,0.009527671902830347,0.46526888678474787,3.9999999999999996,0.0,0.0005152890677217902,0.0,3.9098591531314075e-05,0.00047619047619047614,False
2023-04-28 13:30:00+00:00,-0.0007911139706922795,0.464900806068284,3.9999999999999996,0.0,0.0005152890677217902,0.0,3.9098591531314075e-05,0.00047619047619047614,False
2023-05-01 13:30:00+00:00,0.019522875469430944,0.4739770066107932,3.9999999999999996,0.0,0.0005152890677217902,0.0,3.9098591531314075e-05,0.00047619047619047614,False
2023-05-02 13:30:00+00:00,-0.012818510816581617,0.46790132722474176,3.9999999999999996,0.0,0.0005152890677217902,0.0,3.9098591531314075e-05,0.00047619047619047614,False
2023-05-03 13:30:00+00:00,-0.0061041374002286635,0.4650451932336126,3.9999999999999996,0.0,0.0005152890677217902,0.0,3.9098591531314075e-05,0.00047619047619047614,False
2023-05-04 13:30:00+00:00,-0.0027189622733584237,0.46378075289780374,3.9999999999999996,0.0,0.0005152890677217902,0.0,3.9098591531314075e-05,0.00047619047619047614,False
2023-05-05 13:30:00+00:00,0.002625149950172662,0.46499824691816444,3.9999999999999996,0.0,0.0005152890677217902,0.0,3.9098591531314075e-05,0.00047619047619047614,False
2023-05-08 13:30:00+00:00,0.01062201939586433,0.46993746731597213,3.9999999999999996,0.0,0.0005152890677217902,0.0,3.9098591531314075e-05,0.00047619047619047614,False
2023-05-09 13:30:00+00:00,0.002104925111235946,0.4709266504916361,3.9999999999999996,0.0,0.0005152890677217902,0.0,3.9098591531314075e-05,0.00047619047619047614,False
2023-05-10 13:30:00+00:00,-0.013380621001694184,0.4646253594618102,3.9999999999999996,0.0,0.0005152890677217902,0.0,3.9098591531314075e-05,0.00047619047619047614,False
2023-05-11 13:30:00+00:00,-0.009180480330360856,0.4603598754882842,3.9999999999999996,0.0,0.0005152890677217902,0.0,3.9098591531314075e-05,0.00047619047619047614,False
2023-05-12 13:30:00+00:00,0.008117605445716958,0.46409689532053755,3.9999999999999996,0.0,0.0005152890677217902,0.0,3.9098591531314075e-05,0.00047619047619047614,False
2023-05-15 13:30:00+00:00,0.008686412671981421,0.4681282324730771,3.9999999999999996,0.0,0.0005152890677217902,0.0,3.9098591531314075e-05,0.00047619047619047614,False
2023-05-16 13:30:00+00:00,-0.00020452137118711744,0.4680324902450803,3.9999999999999996,0.0,0.0005152890677217902,0.0,3.9098591531314075e-05,0.00047619047619047614,False
2023-05-17 13:30:00+00:00,-0.012119001252465178,0.46236040390960575,4.000000000000001,3.6701237424346176,0.003091567284066939,0.0025690866197042323,4.629018817223049e-05,0.00047619047619047635,True
2023-05-18 13:30:00+00:00,0.015499823991926825,0.46952690879104086,4.000000000000001,0.0,0.0005224806643627069,0.0,4.629018817223049e-05,0.00047619047619047635,False
2023-05-19 13:30:00+00:00,-0.0002451570313610741,0.4694118009679375,4.000000000000001,0.0,0.0005224806643627069,0.0,4.629018817223049e-05,0.00047619047619047635,False
2023-05-22 13:30:00+00:00,-0.0009225736436440373,0.468978734012349,4.000000000000001,0.0,0.0005224806643627069,0.0,4.629018817223049e-05,0.00047619047619047635,False
2023-05-23 13:30:00+00:00,0.0027964978458270956,0.47029023203175324,4.000000000000001,0.0,0.0005224806643627069,0.0,4.629018817223049e-05,0.00047619047619047635,False
2023-05-24 13:30:00+00:00,0.009690492505360776,0.4748475760006013,4.000000000000001,0.0,0.0005224806643627069,0.0,4.629018817223049e-05,0.00047619047619047635,False
2023-05-25 13:30:00+00:00,0.013565450237982262,0.48128909716346396,4.000000000000001,0.0,0.0005224806643627069,0.0,4.629018817223049e-05,0.00047619047619047635,False
2023-05-26 13:30:00+00:00,-0.017594776876623336,0.4728209228857213,4.000000000000001,0.0,0.0005224806643627069,0.0,4.629018817223049e-05,0.00047619047619047635,False
2023-05-30 13:30:00+00:00,0.010554748631053778,0.47781142887428296,4.000000000000001,0.0,0.0005224806643627069,0.0,4.629018817223049e-05,0.00047619047619047635,False
2023-05-31 13:30:00+00:00,0.005057863571807492,0.48022813389457947,4.000000000000001,0.0,0.0005224806643627069,0.0,4.629018817223049e-05,0.00047619047619047635,False
2023-06-01 13:30:00+00:00,-0.025919187986320282,0.46778101061584604,4.000000000000001,0.0,0.0005224806643627069,0.0,4.629018817223049e-05,0.00047619047619047635,False
2023-06-02 13:30:00+00:00,-0.00893830345372814,0.46359984199306997,4.000000000000001,0.0,0.0005224806643627069,0.0,4.629018817223049e-05,0.00047619047619047635,False
2023-06-05 13:30:00+00:00,0.000773655184089433,0.4639585084141709,4.000000000000001,0.0,0.0005224806643627069,0.0,4.629018817223049e-05,0.00047619047619047635,False
2023-06-06 13:30:00+00:00,-0.004093337050569168,0.4620593698617524,4.000000000000001,0.0,0.0005224806643627069,0.0,4.629018817223049e-05,0.00047619047619047635,False
2023-06-07 13:30:00+00:00,-0.003445880671513326,0.46046716841005414,4.000000000000001,0.0,0.0005224806643627069,0.0,4.629018817223049e-05,0.00047619047619047635,False
2023-06-08 13:30:00+00:00,-0.00911479816653121,0.4562701031076824,4.000000000000001,0.0,0.0005224806643627069,0.0,4.629018817223049e-05,0.00047619047619047635,False
2023-06-09 13:30:00+00:00,0.006589655429338302,0.4592767658698707,4.000000000000001,0.0,0.0005224806643627069,0.0,4.629018817223049e-05,0.00047619047619047635,False
2023-06-12 13:30:00+00:00,0.009462712742659862,0.46362276997467516,4.000000000000001,0.0,0.0005224806643627069,0.0,4.629018817223049e-05,0.00047619047619047635,False
2023-06-13 13:30:00+00:00,-0.01296993774641952,0.45760961151028107,4.000000000000001,0.0,0.0005224806643627069,0.0,4.629018817223049e-05,0.00047619047619047635,False
2023-06-14 13:30:00+00:00,-0.011047456628765915,0.4525541891742148,4.000000000000001,0.0,0.0005224806643627069,0.0,4.629018817223049e-05,0.00047619047619047635,False
2023-06-15 13:30:00+00:00,-0.019216068025238762,0.4438578770899363,4.000000000000001,0.0,0.0005224806643627069,0.0,4.629018817223049e-05,0.00047619047619047635,False
2023-06-16 13:30:00+00:00,-0.0025028505874590775,0.4427469671415134,4.0,5.186124028416571,0.004119738217064929,0.0036302868198915994,1.326092098285367e-05,0.0004761904761904762,True
2023-06-20 13:30:00+00:00,-0.019985724171169065,0.4338983483786015,4.0,0.0,0.0004894513971733298,0.0,1.326092098285367e-05,0.0004761904761904762,False
2023-06-21 13:30:00+00:00,-0.0007820846794535309,0.43355900312789436,4.0,0.0,0.0004894513971733298,0.0,1.326092098285367e-05,0.0004761904761904762,False
2023-06-22 13:30:00+00:00,-0.008907675887342145,0.42969700004999195,4.0,0.0,0.0004894513971733298,0.0,1.326092098285367e-05,0.0004761904761904762,False
2023-06-23 13:30:00+00:00,-0.01852202860780044,0.42173813992238,4.0,0.0,0.0004894513971733298,0.0,1.326092098285367e-05,0.0004761904761904762,False
2023-06-26 13:30:00+00:00,0.004975882663127034,0.4238366594211992,4.0,0.0,0.0004894513971733298,0.0,1.326092098285367e-05,0.0004761904761904762,False
2023-06-27 13:30:00+00:00,0.01586197371182346,0.43055954537104535,4.0,0.0,0.0004894513971733298,0.0,1.326092098285367e-05,0.0004761904761904762,False
2023-06-28 13:30:00+00:00,0.002966355553504717,0.4318367380695712,4.0,0.0,0.0004894513971733298,0.0,1.326092098285367e-05,0.0004761904761904762,False
2023-06-29 13:30:00+00:00,-0.0013588409578154646,0.4312499406227928,4.0,0.0,0.0004894513971733298,0.0,1.326092098285367e-05,0.0004761904761904762,False
2023-06-30 13:30:00+00:00,0.018125482659998783,0.4390665539436768,4.0,0.0,0.0004894513971733298,0.0,1.326092098285367e-05,0.0004761904761904762,False
2023-07-03 13:30:00+00:00,0.0057613532303548735,0.44159617145258095,4.0,0.0,0.0004894513971733298,0.0,1.326092098285367e-05,0.0004761904761904762,False
2023-07-05 13:30:00+00:00,-0.011676533790931568,0.43643985883466885,4.0,0.0,0.0004894513971733298,0.0,1.326092098285367e-05,0.0004761904761904762,False
2023-07-06 13:30:00+00:00,-0.025037425387529493,0.4255125284329519,4.0,0.0,0.0004894513971733298,0.0,1.326092098285367e-05,0.0004761904761904762,False
2023-07-07 13:30:00+00:00,0.0038470227098363957,0.42714948479315334,4.0,0.0,0.0004894513971733298,0.0,1.326092098285367e-05,0.0004761904761904762,False
2023-07-10 13:30:00+00:00,0.006077960945303047,0.42974568267953245,4.0,0.0,0.0004894513971733298,0.0,1.326092098285367e-05,0.0004761904761904762,False
2023-07-11 13:30:00+00:00,0.01551397195212697,0.4364127451471703,4.0,0.0,0.0004894513971733298,0.0,1.326092098285367e-05,0.0004761904761904762,False
2023-07-12 13:30:00+00:00,0.024838749890125106,0.44725269217274377,4.0,0.0,0.0004894513971733298,0.0,1.326092098285367e-05,0.0004761904761904762,False
2023-07-13 13:30:00+00:00,0.022156356265984646,0.45716218216144383,4.0,0.0,0.0004894513971733298,0.0,1.326092098285367e-05,0.0004761904761904762,False
2023-07-14 13:30:00+00:00,-0.0104028438539556,0.45240639536448474,4.0,0.0,0.0004894513971733298,0.0,1.326092098285367e-05,0.0004761904761904762,False
2023-07-17 13:30:00+00:00,-0.0007944063225820767,0.4520470008636306,4.0,0.0,0.0004894513971733298,0.0,1.326092098285367e-05,0.0004761904761904762,False
2023-07-18 13:30:00+00:00,0.006942476189705728,0.4551853264037542,4.0,0.0,0.0004894513971733298,0.0,1.326092098285367e-05,0.0004761904761904762,False
2023-07-19 13:30:00+00:00,-0.004948904578993452,0.452932657657624,4.0,2.268146059063451,0.002093548104118582,0.0015877022413444155,2.9655386583690366e-05,0.0004761904761904762,True
2023-07-20 13:30:00+00:00,-0.011525025370046632,0.44771259728719726,4.0,0.0,0.0005058458627741666,0.0,2.9655386583690366e-05,0.0004761904761904762,False
2023-07-21 13:30:00+00:00,0.0008723853482258538,0.4481031751972867,4.0,0.0,0.0005058458627741666,0.0,2.9655386583690366e-05,0.0004761904761904762,False
2023-07-24 13:30:00+00:00,-0.0057282802264621005,0.4455363146393892,4.0,0.0,0.0005058458627741666,0.0,2.9655386583690366e-05,0.0004761904761904762,False
2023-07-25 13:30:00+00:00,0.0008079416435111243,0.44589628198168285,4.0,0.0,0.0005058458627741666,0.0,2.9655386583690366e-05,0.0004761904761904762,False
2023-07-26 13:30:00+00:00,0.008097786864822756,0.4495070550369874,4.0,0.0,0.0005058458627741666,0.0,2.9655386583690366e-05,0.0004761904761904762,False
2023-07-27 13:30:00+00:00,-0.021410620912370774,0.4398828298841543,4.0,0.0,0.0005058458627741666,0.0,2.9655386583690366e-05,0.0004761904761904762,False
2023-07-28 13:30:00+00:00,0.016157575914857926,0.44699027010165004,4.0,0.0,0.0005058458627741666,0.0,2.9655386583690366e-05,0.0004761904761904762,False
2023-07-31 13:30:00+00:00,0.0005634869374552816,0.44724214328002193,4.0,0.0,0.0005058458627741666,0.0,2.9655386583690366e-05,0.0004761904761904762,False
2023-08-01 13:30:00+00:00,-0.010000202726130086,0.44276963117955276,4.0,0.0,0.0005058458627741666,0.0,2.9655386583690366e-05,0.0004761904761904762,False
2023-08-02 13:30:00+00:00,-0.01715357529605186,0.43517454897230917,4.0,0.0,0.0005058458627741666,0.0,2.9655386583690366e-05,0.0004761904761904762,False
2023-08-03 13:30:00+00:00,-0.0013138059556585464,0.43460281405811835,4.0,0.0,0.0005058458627741666,0.0,2.9655386583690366e-05,0.0004761904761904762,False
2023-08-04 13:30:00+00:00,0.0023644326563083354,0.4356304031442009,4.0,0.0,0.0005058458627741666,0.0,2.9655386583690366e-05,0.0004761904761904762,False
2023-08-07 13:30:00+00:00,0.009108135663332908,0.43959818395511063,4.0,0.0,0.0005058458627741666,0.0,2.9655386583690366e-05,0.0004761904761904762,False
2023-08-08 13:30:00+00:00,-0.012022267652358348,0.43431321692811165,4.0,0.0,0.0005058458627741666,0.0,2.9655386583690366e-05,0.0004761904761904762,False
2023-08-09 13:30:00+00:00,-0.00433612888738034,0.43242997884201856,4.0,0.0,0.0005058458627741666,0.0,2.9655386583690366e-05,0.0004761904761904762,False
2023-08-10 13:30:00+00:00,0.0058604907411083885,0.43496423072919993,4.0,0.0,0.0005058458627741666,0.0,2.9655386583690366e-05,0.0004761904761904762,False
2023-08-11 13:30:00+00:00,-0.00618635728912985,0.4322733865899176,4.0,0.0,0.0005058458627741666,0.0,2.9655386583690366e-05,0.0004761904761904762,False
2023-08-14 13:30:00+00:00,-0.0028831366059349495,0.43102708336526874,4.0,0.0,0.0005058458627741666,0.0,2.9655386583690366e-05,0.0004761904761904762,False
2023-08-15 13:30:00+00:00,-0.010440244746641835,0.4265270551225041,4.0,0.0,0.0005058458627741666,0.0,2.9655386583690366e-05,0.0004761904761904762,False
2023-08-16 13:30:00+00:00,-0.008877289850299404,0.42274065082518697,4.0,0.0,0.0005058458627741666,0.0,2.9655386583690366e-05,0.0004761904761904762,False
2023-08-17 13:30:00+00:00,-0.0015633148811925296,0.4220797740748669,3.999999999999999,5.616570946891024,0.004463742412725882,0.003931599662823716,5.595227371168931e-05,0.0004761904761904761,True
2023-08-18 13:30:00+00:00,-0.0038574369224358873,0.42045162797013713,3.999999999999999,0.0,0.0005321427499021654,0.0,5.595227371168931e-05,0.0004761904761904761,False
2023-08-21 13:30:00+00:00,0.013635494442878223,0.42618469380682306,3.999999999999999,0.0,0.0005321427499021654,0.0,5.595227371168931e-05,0.0004761904761904761,False
2023-08-22 13:30:00+00:00,-0.005164332407074282,0.42398373438119746,3.999999999999999,0.0,0.0005321427499021654,0.0,5.595227371168931e-05,0.0004761904761904761,False
2023-08-23 13:30:00+00:00,-0.037580269933207455,0.4080503111958627,3.999999999999999,0.0,0.0005321427499021654,0.0,5.595227371168931e-05,0.0004761904761904761,False
2023-08-24 13:30:00+00:00,0.015569574081602212,0.4144034807450475,3.999999999999999,0.0,0.0005321427499021654,0.0,5.595227371168931e-05,0.0004761904761904761,False
2023-08-25 13:30:00+00:00,0.0017892708271005637,0.41514496080379354,3.999999999999999,0.0,0.0005321427499021654,0.0,5.595227371168931e-05,0.0004761904761904761,False
2023-08-28 13:30:00+00:00,-0.009571362712103876,0.41117145780583825,3.999999999999999,0.0,0.0005321427499021654,0.0,5.595227371168931e-05,0.0004761904761904761,False
2023-08-29 13:30:00+00:00,-0.02281464524211026,0.4017907268623167,3.999999999999999,0.0,0.0005321427499021654,0.0,5.595227371168931e-05,0.0004761904761904761,False
2023-08-30 13:30:00+00:00,0.00279565615795876,0.4029139955820801,3.999999999999999,0.0,0.0005321427499021654,0.0,5.595227371168931e-05,0.0004761904761904761,False
2023-08-31 13:30:00+00:00,0.0011063967178804295,0.40335977830438013,3.999999999999999,0.0,0.0005321427499021654,0.0,5.595227371168931e-05,0.0004761904761904761,False
2023-09-01 13:30:00+00:00,0.015914059667113983,0.4097788698836299,3.999999999999999,0.0,0.0005321427499021654,0.0,5.595227371168931e-05,0.0004761904761904761,False
2023-09-05 13:30:00+00:00,0.02662143954808045,0.4206877732963176,3.999999999999999,0.0,0.0005321427499021654,0.0,5.595227371168931e-05,0.0004761904761904761,False
2023-09-06 13:30:00+00:00,0.004124708023044462,0.42242298753002966,3.999999999999999,0.0,0.0005321427499021654,0.0,5.595227371168931e-05,0.0004761904761904761,False
2023-09-07 13:30:00+00:00,-0.005250338734854264,0.4202051237561079,3.999999999999999,0.0,0.0005321427499021654,0.0,5.595227371168931e-05,0.0004761904761904761,False
2023-09-08 13:30:00+00:00,0.0007783244834896099,0.42053217969201506,3.999999999999999,0.0,0.0005321427499021654,0.0,5.595227371168931e-05,0.0004761904761904761,False
2023-09-11 13:30:00+00:00,-0.006103892048769991,0.41796529666414106,3.999999999999999,0.0,0.0005321427499021654,0.0,5.595227371168931e-05,0.0004761904761904761,False
2023-09-12 13:30:00+00:00,0.002651580707371247,0.4190735653811264,3.999999999999999,0.0,0.0005321427499021654,0.0,5.595227371168931e-05,0.0004761904761904761,False
2023-09-13 13:30:00+00:00,0.001463738961685185,0.4196869796865871,3.999999999999999,0.0,0.0005321427499021654,0.0,5.595227371168931e-05,0.0004761904761904761,False
2023-09-14 13:30:00+00:00,0.004072906009361436,0.4213963253082033,3.999999999999999,0.0,0.0005321427499021654,0.0,5.595227371168931e-05,0.0004761904761904761,False
2023-09-15 13:30:00+00:00,0.00494212803161811,0.42347891989992986,3.999999999999999,0.0,0.0005321427499021654,0.0,5.595227371168931e-05,0.0004761904761904761,False
2023-09-18 13:30:00+00:00,-0.004397968722103361,0.42161647285573983,3.9999999999999987,3.4811247194029904,0.0029428653776459126,0.002436787303582093,2.988759787334364e-05,0.00047619047619047603,True
2023-09-19 13:30:00+00:00,0.0011227086249095753,0.4220898253062189,3.9999999999999987,0.0,0.0005060780740638196,0.0,2.988759787334364e-05,0.00047619047619047603,False
2023-09-20 13:30:00+00:00,-0.007290996448210522,0.41901236988908547,3.9999999999999987,0.0,0.0005060780740638196,0.0,2.988759787334364e-05,0.00047619047619047603,False
2023-09-21 13:30:00+00:00,-0.004768001805115867,0.41701451815308843,3.9999999999999987,0.0,0.0005060780740638196,0.0,2.988759787334364e-05,0.00047619047619047603,False
2023-09-22 13:30:00+00:00,0.003821384284613344,0.41860809087921425,3.9999999999999987,0.0,0.0005060780740638196,0.0,2.988759787334364e-05,0.00047619047619047603,False
2023-09-25 13:30:00+00:00,0.010877119634083695,0.42316134116350285,3.9999999999999987,0.0,0.0005060780740638196,0.0,2.988759787334364e-05,0.00047619047619047603,False
2023-09-26 13:30:00+00:00,-0.006528363097495157,0.42039879027956445,3.9999999999999987,0.0,0.0005060780740638196,0.0,2.988759787334364e-05,0.00047619047619047603,False
2023-09-27 13:30:00+00:00,0.011467883530609057,0.4252198746428994,3.9999999999999987,0.0,0.0005060780740638196,0.0,2.988759787334364e-05,0.00047619047619047603,False
2023-09-28 13:30:00+00:00,-0.006413689850897955,0.42249264624850214,3.9999999999999987,0.0,0.0005060780740638196,0.0,2.988759787334364e-05,0.00047619047619047603,False
2023-09-29 13:30:00+00:00,-0.007283453878090308,0.4194154405457189,3.9999999999999987,0.0,0.0005060780740638196,0.0,2.988759787334364e-05,0.00047619047619047603,False
2023-10-02 13:30:00+00:00,0.0040088522543914335,0.4210968150800772,3.9999999999999987,0.0,0.0005060780740638196,0.0,2.988759787334364e-05,0.00047619047619047603,False
2023-10-03 13:30:00+00:00,-0.00651424743782298,0.4183536862313664,3.9999999999999987,0.0,0.0005060780740638196,0.0,2.988759787334364e-05,0.00047619047619047603,False
2023-10-04 13:30:00+00:00,-0.01668456918190752,0.4113736352109331,3.9999999999999987,0.0,0.0005060780740638196,0.0,2.988759787334364e-05,0.00047619047619047603,False
2023-10-05 13:30:00+00:00,-0.008638826585960902,0.4078198497143095,3.9999999999999987,0.0,0.0005060780740638196,0.0,2.988759787334364e-05,0.00047619047619047603,False
2023-10-06 13:30:00+00:00,0.014908523538466712,0.41389984154322923,3.9999999999999987,0.0,0.0005060780740638196,0.0,2.988759787334364e-05,0.00047619047619047603,False
2023-10-09 13:30:00+00:00,0.005053383222133511,0.4159914360581275,3.9999999999999987,0.0,0.0005060780740638196,0.0,2.988759787334364e-05,0.00047619047619047603,False
2023-10-10 13:30:00+00:00,0.001972270679400143,0.4168118837703465,3.9999999999999987,0.0,0.0005060780740638196,0.0,2.988759787334364e-05,0.00047619047619047603,False
2023-10-11 13:30:00+00:00,-0.007989058227110511,0.4134819493611536,3.9999999999999987,0.0,0.0005060780740638196,0.0,2.988759787334364e-05,0.00047619047619047603,False
2023-10-12 13:30:00+00:00,0.011287029620526728,0.4181489323711461,3.9999999999999987,0.0,0.0005060780740638196,0.0,2.988759787334364e-05,0.00047619047619047603,False
2023-10-13 13:30:00+00:00,0.006454054710321221,0.42084768845773185,3.9999999999999987,0.0,0.0005060780740638196,0.0,2.988759787334364e-05,0.00047619047619047603,False
2023-10-16 13:30:00+00:00,0.003150850278767871,0.4221737165142277,3.9999999999999987,0.0,0.0005060780740638196,0.0,2.988759787334364e-05,0.00047619047619047603,False
2023-10-17 13:30:00+00:00,0.01145196305833101,0.4270084343199469,3.999999999999999,4.112529842403857,0.0034256478709132248,0.0028787708896827,7.068650504004858e-05,0.0004761904761904761,True
2023-10-18 13:30:00+00:00,0.018676733363616634,0.43498355699175595,3.999999999999999,0.0,0.0005468769812305246,0.0,7.068650504004858e-05,0.0004761904761904761,False
2023-10-19 13:30:00+00:00,0.013604136199556558,0.44090113254563934,3.999999999999999,0.0,0.0005468769812305246,0.0,7.068650504004858e-05,0.0004761904761904761,False
2023-10-20 13:30:00+00:00,-0.0020290270421351635,0.44000653222479624,3.999999999999999,0.0,0.0005468769812305246,0.0,7.068650504004858e-05,0.0004761904761904761,False
2023-10-23 13:30:00+00:00,-0.014498132418227517,0.43362725925571605,3.999999999999999,0.0,0.0005468769812305246,0.0,7.068650504004858e-05,0.0004761904761904761,False
2023-10-24 13:30:00+00:00,-0.008904968820475903,0.4297658220323355,3.999999999999999,0.0,0.0005468769812305246,0.0,7.068650504004858e-05,0.0004761904761904761,False
2023-10-25 13:30:00+00:00,0.026755405159679144,0.44126438072459323,3.999999999999999,0.0,0.0005468769812305246,0.0,7.068650504004858e-05,0.0004761904761904761,False
2023-10-26 13:30:00+00:00,-0.009637668300148223,0.4370116209904993,3.999999999999999,0.0,0.0005468769812305246,0.0,7.068650504004858e-05,0.0004761904761904761,False
2023-10-27 13:30:00+00:00,-0.00406492347746535,0.4352352021924098,3.999999999999999,0.0,0.0005468769812305246,0.0,7.068650504004858e-05,0.0004761904761904761,False
2023-10-30 13:30:00+00:00,-0.0069986535812939284,0.4321891417858807,3.999999999999999,0.0,0.0005468769812305246,0.0,7.068650504004858e-05,0.0004761904761904761,False
2023-10-31 13:30:00+00:00,0.015598415795926147,0.4389306077219413,3.999999999999999,0.0,0.0005468769812305246,0.0,7.068650504004858e-05,0.0004761904761904761,False
2023-11-01 13:30:00+00:00,-0.030144470133381243,0.42569927712684036,3.999999999999999,0.0,0.0005468769812305246,0.0,7.068650504004858e-05,0.0004761904761904761,False
2023-11-02 13:30:00+00:00,-0.03743405249922657,0.4097636280379914,3.999999999999999,0.0,0.0005468769812305246,0.0,7.068650504004858e-05,0.0004761904761904761,False
2023-11-03 13:30:00+00:00,-0.03404479727834212,0.3958133083894,3.999999999999999,0.0,0.0005468769812305246,0.0,7.068650504004858e-05,0.0004761904761904761,False
2023-11-06 14:30:00+00:00,0.014392369585937722,0.401509999810773,3.999999999999999,0.0,0.0005468769812305246,0.0,7.068650504004858e-05,0.0004761904761904761,False
2023-11-07 14:30:00+00:00,-0.004246316118677785,0.3998050614267662,3.999999999999999,0.0,0.0005468769812305246,0.0,7.068650504004858e-05,0.0004761904761904761,False
2023-11-08 14:30:00+00:00,-0.004976689457667356,0.39781535579244154,3.999999999999999,0.0,0.0005468769812305246,0.0,7.068650504004858e-05,0.0004761904761904761,False
2023-11-09 14:30:00+00:00,0.02640485120106331,0.40831961106763903,3.999999999999999,0.0,0.0005468769812305246,0.0,7.068650504004858e-05,0.0004761904761904761,False
2023-11-10 14:30:00+00:00,-0.007603884020105115,0.4052147961019463,3.999999999999999,0.0,0.0005468769812305246,0.0,7.068650504004858e-05,0.0004761904761904761,False
2023-11-13 14:30:00+00:00,-0.0012860869434448488,0.40469365464338886,3.999999999999999,0.0,0.0005468769812305246,0.0,7.068650504004858e-05,0.0004761904761904761,False
2023-11-14 14:30:00+00:00,-0.06257293700538417,0.37937078408490943,3.999999999999999,0.0,0.0005468769812305246,0.0,7.068650504004858e-05,0.0004761904761904761,False
2023-11-15 14:30:00+00:00,0.0006755029988327029,0.3796270501872283,4.0,5.65376050368841,0.004453944372404044,0.003957632352581887,2.0121543631680402e-05,0.0004761904761904762,True
2023-11-16 14:30:00+00:00,0.005286169439785479,0.3816338230984439,4.0,0.0,0.0004963120198221566,0.0,2.0121543631680402e-05,0.0004761904761904762,False
2023-11-17 14:30:00+00:00,0.001049904937214556,0.38203450233352304,4.0,0.0,0.0004963120198221566,0.0,2.0121543631680402e-05,0.0004761904761904762,False
2023-11-20 14:30:00+00:00,0.00042059854929724604,0.382195185490986,4.0,0.0,0.0004963120198221566,0.0,2.0121543631680402e-05,0.0004761904761904762,False
2023-11-21 14:30:00+00:00,-0.0012301998038589316,0.38172500904875917,4.0,0.0,0.0004963120198221566,0.0,2.0121543631680402e-05,0.0004761904761904762,False
2023-11-22 14:30:00+00:00,0.007307194752588593,0.3845143480318121,4.0,0.0,0.0004963120198221566,0.0,2.0121543631680402e-05,0.0004761904761904762,False
2023-11-24 14:30:00+00:00,0.005261636565770593,0.3865375227854797,4.0,0.0,0.0004963120198221566,0.0,2.0121543631680402e-05,0.0004761904761904762,False
2023-11-27 14:30:00+00:00,-0.0007683228112681769,0.38624053718931256,4.0,0.0,0.0004963120198221566,0.0,2.0121543631680402e-05,0.0004761904761904762,False
2023-11-28 14:30:00+00:00,0.0037601446046719497,0.3876928574613306,4.0,0.0,0.0004963120198221566,0.0,2.0121543631680402e-05,0.0004761904761904762,False
2023-11-29 14:30:00+00:00,0.001005497931280612,0.38808268182748024,4.0,0.0,0.0004963120198221566,0.0,2.0121543631680402e-05,0.0004761904761904762,False
2023-11-30 14:30:00+00:00,0.0012287733554611452,0.3885595474866258,4.0,0.0,0.0004963120198221566,0.0,2.0121543631680402e-05,0.0004761904761904762,False
2023-12-01 14:30:00+00:00,0.011619579485437005,0.3930744460334721,4.0,0.0,0.0004963120198221566,0.0,2.0121543631680402e-05,0.0004761904761904762,False
2023-12-04 14:30:00+00:00,-0.016159531045662687,0.38672254731953754,4.0,0.0,0.0004963120198221566,0.0,2.0121543631680402e-05,0.0004761904761904762,False
2023-12-05 14:30:00+00:00,-0.0031701672539231674,0.3854965721636714,4.0,0.0,0.0004963120198221566,0.0,2.0121543631680402e-05,0.0004761904761904762,False
2023-12-06 14:30:00+00:00,0.00438198176013446,0.387185811111487,4.0,0.0,0.0004963120198221566,0.0,2.0121543631680402e-05,0.0004761904761904762,False
2023-12-07 14:30:00+00:00,-0.008305360620033845,0.3839700933232458,4.0,0.0,0.0004963120198221566,0.0,2.0121543631680402e-05,0.0004761904761904762,False
2023-12-08 14:30:00+00:00,-0.0024704746495437012,0.3830215049415078,4.0,0.0,0.0004963120198221566,0.0,2.0121543631680402e-05,0.0004761904761904762,False
2023-12-11 14:30:00+00:00,0.00406590443476232,0.3845788337770588,4.0,0.0,0.0004963120198221566,0.0,2.0121543631680402e-05,0.0004761904761904762,False
2023-12-12 14:30:00+00:00,0.005893213036783154,0.38684523877394467,4.0,0.0,0.0004963120198221566,0.0,2.0121543631680402e-05,0.0004761904761904762,False
2023-12-13 14:30:00+00:00,0.018140668830876085,0.39386287013934396,4.0,0.0,0.0004963120198221566,0.0,2.0121543631680402e-05,0.0004761904761904762,False
2023-12-14 14:30:00+00:00,0.007121781811937885,0.39666787556429994,4.0,0.0,0.0004963120198221566,0.0,2.0121543631680402e-05,0.0004761904761904762,False
2023-12-15 14:30:00+00:00,-0.022042268019836046,0.3879244159362527,4.000000000000001,2.377842875686279,0.002150331163106337,0.0016644900129803952,9.650673935465852e-06,0.00047619047619047635,True
2023-12-18 14:30:00+00:00,-0.0010966163421100444,0.38749901168223355,4.000000000000001,0.0,0.0004858411501259422,0.0,9.650673935465852e-06,0.00047619047619047635,False
2023-12-19 14:30:00+00:00,0.013387554173866577,0.3926866756934492,4.000000000000001,0.0,0.0004858411501259422,0.0,9.650673935465852e-06,0.00047619047619047635,False
2023-12-20 14:30:00+00:00,-0.01342124152708734,0.3874163329744984,4.000000000000001,0.0,0.0004858411501259422,0.0,9.650673935465852e-06,0.00047619047619047635,False
2023-12-21 14:30:00+00:00,0.02410668331712335,0.39675565582539585,4.000000000000001,0.0,0.0004858411501259422,0.0,9.650673935465852e-06,0.00047619047619047635,False
2023-12-22 14:30:00+00:00,2.035334819983325e-05,0.39676373113140917,4.000000000000001,0.0,0.0004858411501259422,0.0,9.650673935465852e-06,0.00047619047619047635,False
2023-12-26 14:30:00+00:00,0.009040388676693394,0.4003506294736522,4.000000000000001,0.0,0.0004858411501259422,0.0,9.650673935465852e-06,0.00047619047619047635,False
2023-12-27 14:30:00+00:00,0.022771830494358984,0.4094673461463361,4.000000000000001,0.0,0.0004858411501259422,0.0,9.650673935465852e-06,0.00047619047619047635,False
2023-12-28 14:30:00+00:00,-0.003434069278254752,0.4080612069124865,4.000000000000001,0.0,0.0004858411501259422,0.0,9.650673935465852e-06,0.00047619047619047635,False
2023-12-29 14:30:00+00:00,-0.008524504663734438,0.4045826872510719,4.000000000000001,0.0,0.0004858411501259422,0.0,9.650673935465852e-06,0.00047619047619047635,False
2024-01-02 14:30:00+00:00,-0.01974784541551967,0.39659305088544217,4.000000000000001,0.0,0.0004858411501259422,0.0,9.650673935465852e-06,0.00047619047619047635,False
2024-01-03 14:30:00+00:00,-0.022495993880412218,0.38767129603970923,4.000000000000001,0.0,0.0004858411501259422,0.0,9.650673935465852e-06,0.00047619047619047635,False
2024-01-04 14:30:00+00:00,-0.0075942875507833876,0.3847272087423988,4.000000000000001,0.0,0.0004858411501259422,0.0,9.650673935465852e-06,0.00047619047619047635,False
2024-01-05 14:30:00+00:00,-0.00550224150179946,0.3826103467275849,4.000000000000001,0.0,0.0004858411501259422,0.0,9.650673935465852e-06,0.00047619047619047635,False
2024-01-08 14:30:00+00:00,0.02361784535374862,0.39164677872734116,4.000000000000001,0.0,0.0004858411501259422,0.0,9.650673935465852e-06,0.00047619047619047635,False
2024-01-09 14:30:00+00:00,-0.012914218657067636,0.3865889665905201,4.000000000000001,0.0,0.0004858411501259422,0.0,9.650673935465852e-06,0.00047619047619047635,False
2024-01-10 14:30:00+00:00,0.005359492113030602,0.38866088710794666,4.000000000000001,0.0,0.0004858411501259422,0.0,9.650673935465852e-06,0.00047619047619047635,False
2024-01-11 14:30:00+00:00,0.004068397279356173,0.39024211400364883,4.000000000000001,0.0,0.0004858411501259422,0.0,9.650673935465852e-06,0.00047619047619047635,False
2024-01-12 14:30:00+00:00,0.006588980430435927,0.39281341165595085,4.000000000000001,0.0,0.0004858411501259422,0.0,9.650673935465852e-06,0.00047619047619047635,False
2024-01-16 14:30:00+00:00,-0.03503894250152521,0.37904964511111006,4.000000000000001,0.0,0.0004858411501259422,0.0,9.650673935465852e-06,0.00047619047619047635,False
2024-01-17 14:30:00+00:00,-0.02123322321171758,0.3710011993881435,4.000000000000001,0.0,0.0004858411501259422,0.0,9.650673935465852e-06,0.00047619047619047635,False
2024-01-18 14:30:00+00:00,0.0022947539693547905,0.3718525558630748,3.999999999999999,3.6913929043959586,0.0030882746588739864,0.002583975033077171,2.810914960633975e-05,0.0004761904761904761,True
2024-01-19 14:30:00+00:00,0.01084271060865585,0.3758844455153872,3.999999999999999,0.0,0.0005042996257968158,0.0,2.810914960633975e-05,0.0004761904761904761,False
2024-01-22 14:30:00+00:00,-0.0009716763016529978,0.37551920750751994,3.999999999999999,0.0,0.0005042996257968158,0.0,2.810914960633975e-05,0.0004761904761904761,False
2024-01-23 14:30:00+00:00,-0.0028700748741656793,0.374441439265286,3.999999999999999,0.0,0.0005042996257968158,0.0,2.810914960633975e-05,0.0004761904761904761,False
2024-01-24 14:30:00+00:00,-0.009086770322474968,0.3710389759074654,3.999999999999999,0.0,0.0005042996257968158,0.0,2.810914960633975e-05,0.0004761904761904761,False
2024-01-25 14:30:00+00:00,0.00273588172819847,0.37205409466210004,3.999999999999999,0.0,0.0005042996257968158,0.0,2.810914960633975e-05,0.0004761904761904761,False
2024-01-26 14:30:00+00:00,-0.0036083349987810895,0.37071159885089094,3.999999999999999,0.0,0.0005042996257968158,0.0,2.810914960633975e-05,0.0004761904761904761,False
2024-01-29 14:30:00+00:00,0.01085349033981205,0.37473511360787537,3.999999999999999,0.0,0.0005042996257968158,0.0,2.810914960633975e-05,0.0004761904761904761,False
2024-01-30 14:30:00+00:00,-0.005990244163479161,0.3724903587807351,3.999999999999999,0.0,0.0005042996257968158,0.0,2.810914960633975e-05,0.0004761904761904761,False
2024-01-31 14:30:00+00:00,-0.010976478676037791,0.3684017263005487,3.999999999999999,0.0,0.0005042996257968158,0.0,2.810914960633975e-05,0.0004761904761904761,False
2024-02-01 14:30:00+00:00,0.020095137545384372,0.3758048096625153,3.999999999999999,0.0,0.0005042996257968158,0.0,2.810914960633975e-05,0.0004761904761904761,False
2024-02-02 14:30:00+00:00,0.016484334269843866,0.38199970176520726,3.999999999999999,0.0,0.0005042996257968158,0.0,2.810914960633975e-05,0.0004761904761904761,False
2024-02-05 14:30:00+00:00,-0.008296203118400057,0.3788305546481949,3.999999999999999,0.0,0.0005042996257968158,0.0,2.810914960633975e-05,0.0004761904761904761,False
2024-02-06 14:30:00+00:00,-0.0028543198855059734,0.37774925106282525,3.999999999999999,0.0,0.0005042996257968158,0.0,2.810914960633975e-05,0.0004761904761904761,False
2024-02-07 14:30:00+00:00,0.003331070603213423,0.37900756048842654,3.999999999999999,0.0,0.0005042996257968158,0.0,2.810914960633975e-05,0.0004761904761904761,False
2024-02-08 14:30:00+00:00,-0.0013856543085550338,0.3784823870292608,3.999999999999999,0.0,0.0005042996257968158,0.0,2.810914960633975e-05,0.0004761904761904761,False
2024-02-09 14:30:00+00:00,0.0024292105216355987,0.37940180042608607,3.999999999999999,0.0,0.0005042996257968158,0.0,2.810914960633975e-05,0.0004761904761904761,False
2024-02-12 14:30:00+00:00,-0.004127236711080297,0.3778359193871176,3.999999999999999,0.0,0.0005042996257968158,0.0,2.810914960633975e-05,0.0004761904761904761,False
2024-02-13 14:30:00+00:00,-0.010484703661103115,0.3738744217398232,3.999999999999999,0.0,0.0005042996257968158,0.0,2.810914960633975e-05,0.0004761904761904761,False
2024-02-14 14:30:00+00:00,0.013178598118261274,0.3788015624906297,3.999999999999999,0.0,0.0005042996257968158,0.0,2.810914960633975e-05,0.0004761904761904761,False
2024-02-15 14:30:00+00:00,0.0070098771679430695,0.3814569149147139,3.999999999999999,0.0,0.0005042996257968158,0.0,2.810914960633975e-05,0.0004761904761904761,False
2024-02-16 14:30:00+00:00,-0.0046632054939702225,0.3796781029333707,4.0,3.6883767965405476,0.0030738246935841183,0.0025818637575783835,1.577045981525842e-05,0.0004761904761904762,True
2024-02-20 14:30:00+00:00,-0.0016774496863198112,0.3790412120187026,4.0,0.0,0.0004919609360057346,0.0,1.577045981525842e-05,0.0004761904761904762,False
2024-02-21 14:30:00+00:00,0.0002462211734114004,0.37913453999069713,4.0,0.0,0.0004919609360057346,0.0,1.577045981525842e-05,0.0004761904761904762,False
2024-02-22 14:30:00+00:00,0.0206853498026288,0.3869770705726634,4.0,0.0,0.0004919609360057346,0.0,1.577045981525842e-05,0.0004761904761904762,False
2024-02-23 14:30:00+00:00,-5.7419095095143416e-05,0.3869548506994485,4.0,0.0,0.0004919609360057346,0.0,1.577045981525842e-05,0.0004761904761904762,False
2024-02-26 14:30:00+00:00,-0.008605496623219073,0.38362491203841614,4.0,0.0,0.0004919609360057346,0.0,1.577045981525842e-05,0.0004761904761904762,False
2024-02-27 14:30:00+00:00,0.004423809037893256,0.3853219953914527,4.0,0.0,0.0004919609360057346,0.0,1.577045981525842e-05,0.0004761904761904762,False
2024-02-28 14:30:00+00:00,-0.005370227757161791,0.38325272851635656,4.0,0.0,0.0004919609360057346,0.0,1.577045981525842e-05,0.0004761904761904762,False
2024-02-29 14:30:00+00:00,0.004756723590731776,0.3850757558113026,4.0,0.0,0.0004919609360057346,0.0,1.577045981525842e-05,0.0004761904761904762,False
2024-03-01 14:30:00+00:00,0.019434443127631214,0.39255948868744694,4.0,0.0,0.0004919609360057346,0.0,1.577045981525842e-05,0.0004761904761904762,False
2024-03-04 14:30:00+00:00,-0.0023798859674850773,0.39162524186891656,4.0,0.0,0.0004919609360057346,0.0,1.577045981525842e-05,0.0004761904761904762,False
2024-03-05 14:30:00+00:00,-0.01086982702498475,0.38736834323118363,4.0,0.0,0.0004919609360057346,0.0,1.577045981525842e-05,0.0004761904761904762,False
2024-03-06 14:30:00+00:00,0.010438708611686609,0.3914119684915658,4.0,0.0,0.0004919609360057346,0.0,1.577045981525842e-05,0.0004761904761904762,False
2024-03-07 14:30:00+00:00,0.0043812762937639645,0.3931268524702134,4.0,0.0,0.0004919609360057346,0.0,1.577045981525842e-05,0.0004761904761904762,False
2024-03-08 14:30:00+00:00,-0.005693874022635095,0.39088843769733295,4.0,0.0,0.0004919609360057346,0.0,1.577045981525842e-05,0.0004761904761904762,False
2024-03-11 13:30:00+00:00,-0.002604951815184639,0.3898701921520186,4.0,0.0,0.0004919609360057346,0.0,1.577045981525842e-05,0.0004761904761904762,False
2024-03-12 13:30:00+00:00,0.011550374174376384,0.39437333875081043,4.0,0.0,0.0004919609360057346,0.0,1.577045981525842e-05,0.0004761904761904762,False
2024-03-13 13:30:00+00:00,-0.00040158193460272066,0.39421496554247915,4.0,0.0,0.0004919609360057346,0.0,1.577045981525842e-05,0.0004761904761904762,False
2024-03-14 13:30:00+00:00,-0.003839642021024974,0.39270132119546536,4.0,0.0,0.0004919609360057346,0.0,1.577045981525842e-05,0.0004761904761904762,False
2024-03-15 13:30:00+00:00,-0.004028429207477569,0.3911193517233465,4.0,0.0,0.0004919609360057346,0.0,1.577045981525842e-05,0.0004761904761904762,False
2024-03-18 13:30:00+00:00,0.008448110504557115,0.39442357122717603,4.0,0.0,0.0004919609360057346,0.0,1.577045981525842e-05,0.0004761904761904762,False
2024-03-19 13:30:00+00:00,0.0022214726397156623,0.3952997723991161,3.9999999999999996,3.0418009645518187,0.0026247125480809244,0.0021292606751862732,1.9261396704175004e-05,0.00047619047619047614,True
2024-03-20 13:30:00+00:00,0.011363102961905881,0.39979160441370526,3.9999999999999996,0.0,0.0004954518728946511,0.0,1.9261396704175004e-05,0.00047619047619047614,False
2024-03-21 13:30:00+00:00,-0.0015224293876796007,0.3991829499261983,3.9999999999999996,0.0,0.0004954518728946511,0.0,1.9261396704175004e-05,0.00047619047619047614,False
2024-03-22 13:30:00+00:00,-0.012910146201290057,0.3940294396815888,3.9999999999999996,0.0,0.0004954518728946511,0.0,1.9261396704175004e-05,0.00047619047619047614,False
2024-03-25 13:30:00+00:00,0.005401096449908837,0.3961576306894127,3.9999999999999996,0.0,0.0004954518728946511,0.0,1.9261396704175004e-05,0.00047619047619047614,False
2024-03-26 13:30:00+00:00,-0.005081391533734185,0.3941445986588033,3.9999999999999996,0.0,0.0004954518728946511,0.0,1.9261396704175004e-05,0.00047619047619047614,False
2024-03-27 13:30:00+00:00,0.005662385669519042,0.39637639738596725,3.9999999999999996,0.0,0.0004954518728946511,0.0,1.9261396704175004e-05,0.00047619047619047614,False
2024-03-28 13:30:00+00:00,0.008444397910140755,0.39972355740768245,3.9999999999999996,0.0,0.0004954518728946511,0.0,1.9261396704175004e-05,0.00047619047619047614,False
2024-04-01 13:30:00+00:00,0.010947635894498072,0.40409958537263524,3.9999999999999996,0.0,0.0004954518728946511,0.0,1.9261396704175004e-05,0.00047619047619047614,False
2024-04-02 13:30:00+00:00,0.008107693383679976,0.40737590090730874,3.9999999999999996,0.0,0.0004954518728946511,0.0,1.9261396704175004e-05,0.00047619047619047614,False
2024-04-03 13:30:00+00:00,0.010045113539720046,0.41146803808526844,3.9999999999999996,0.0,0.0004954518728946511,0.0,1.9261396704175004e-05,0.00047619047619047614,False
2024-04-04 13:30:00+00:00,-0.01119345926461834,0.40686228736226854,3.9999999999999996,0.0,0.0004954518728946511,0.0,1.9261396704175004e-05,0.00047619047619047614,False
2024-04-05 13:30:00+00:00,0.017757871540492833,0.41408729559591884,3.9999999999999996,0.0,0.0004954518728946511,0.0,1.9261396704175004e-05,0.00047619047619047614,False
2024-04-08 13:30:00+00:00,0.00698951984323945,0.4169815669653199,3.9999999999999996,0.0,0.0004954518728946511,0.0,1.9261396704175004e-05,0.00047619047619047614,False
2024-04-09 13:30:00+00:00,-0.003295166190904464,0.41560754340362543,3.9999999999999996,0.0,0.0004954518728946511,0.0,1.9261396704175004e-05,0.00047619047619047614,False
2024-04-10 13:30:00+00:00,-0.003559235915045681,0.4141282981085793,3.9999999999999996,0.0,0.0004954518728946511,0.0,1.9261396704175004e-05,0.00047619047619047614,False
2024-04-11 13:30:00+00:00,0.010075889525377931,0.4183010090896541,3.9999999999999996,0.0,0.0004954518728946511,0.0,1.9261396704175004e-05,0.00047619047619047614,False
2024-04-12 13:30:00+00:00,-0.022438687751737737,0.40891488336045456,3.9999999999999996,0.0,0.0004954518728946511,0.0,1.9261396704175004e-05,0.00047619047619047614,False
2024-04-15 13:30:00+00:00,0.003560981846592584,0.4103710218369026,3.9999999999999996,0.0,0.0004954518728946511,0.0,1.9261396704175004e-05,0.00047619047619047614,False
2024-04-16 13:30:00+00:00,-0.005747384164421714,0.40801246192445967,3.9999999999999996,0.0,0.0004954518728946511,0.0,1.9261396704175004e-05,0.00047619047619047614,False
2024-04-17 13:30:00+00:00,-0.01750692024723058,0.40086942029367195,3.9999999999999996,0.0,0.0004954518728946511,0.0,1.9261396704175004e-05,0.00047619047619047614,False
2024-04-18 13:30:00+00:00,0.004431185868854584,0.4026457472041332,4.000000000000001,3.2841799580886506,0.002817051408210475,0.0022989259706620553,4.193496135794344e-05,0.00047619047619047635,True
2024-04-19 13:30:00+00:00,-0.0018922466536438324,0.4018838421363823,4.000000000000001,0.0,0.0005181254375484198,0.0,4.193496135794344e-05,0.00047619047619047635,False
2024-04-22 13:30:00+00:00,-0.0036552791423373455,0.4004148445105788,4.000000000000001,0.0,0.0005181254375484198,0.0,4.193496135794344e-05,0.00047619047619047635,False
2024-04-23 13:30:00+00:00,-0.0016897845495870128,0.3997382296928995,4.000000000000001,0.0,0.0005181254375484198,0.0,4.193496135794344e-05,0.00047619047619047635,False
2024-04-24 13:30:00+00:00,0.0028919228775382893,0.4008942418243751,4.000000000000001,0.0,0.0005181254375484198,0.0,4.193496135794344e-05,0.00047619047619047635,False
2024-04-25 13:30:00+00:00,0.006203189151345475,0.4033810646360969,4.000000000000001,0.0,0.0005181254375484198,0.0,4.193496135794344e-05,0.00047619047619047635,False
2024-04-26 13:30:00+00:00,0.012611476545257367,0.408468295471556,4.000000000000001,0.0,0.0005181254375484198,0.0,4.193496135794344e-05,0.00047619047619047635,False
2024-04-29 13:30:00+00:00,-0.01630582608792996,0.4018078824831636,4.000000000000001,0.0,0.0005181254375484198,0.0,4.193496135794344e-05,0.00047619047619047635,False
2024-04-30 13:30:00+00:00,0.0024780820566175986,0.4028035953869527,4.000000000000001,0.0,0.0005181254375484198,0.0,4.193496135794344e-05,0.00047619047619047635,False
2024-05-01 13:30:00+00:00,-0.013288985210114582,0.3974507443652745,4.000000000000001,0.0,0.0005181254375484198,0.0,4.193496135794344e-05,0.00047619047619047635,False
2024-05-02 13:30:00+00:00,-0.02160716802165489,0.3888629593514422,4.000000000000001,0.0,0.0005181254375484198,0.0,4.193496135794344e-05,0.00047619047619047635,False
2024-05-03 13:30:00+00:00,-0.009750155504014691,0.3850714850280143,4.000000000000001,0.0,0.0005181254375484198,0.0,4.193496135794344e-05,0.00047619047619047635,False
2024-05-06 13:30:00+00:00,0.010750362764164056,0.38921114318220085,4.000000000000001,0.0,0.0005181254375484198,0.0,4.193496135794344e-05,0.00047619047619047635,False
2024-05-07 13:30:00+00:00,-0.0022191086778726317,0.38834744135684046,4.000000000000001,0.0,0.0005181254375484198,0.0,4.193496135794344e-05,0.00047619047619047635,False
2024-05-08 13:30:00+00:00,0.0068350829808703035,0.39100182834392316,4.000000000000001,0.0,0.0005181254375484198,0.0,4.193496135794344e-05,0.00047619047619047635,False
2024-05-09 13:30:00+00:00,-0.003664587698107031,0.38956896785383666,4.000000000000001,0.0,0.0005181254375484198,0.0,4.193496135794344e-05,0.00047619047619047635,False
2024-05-10 13:30:00+00:00,0.0050446762565891255,0.3915342171762729,4.000000000000001,0.0,0.0005181254375484198,0.0,4.193496135794344e-05,0.00047619047619047635,False
2024-05-13 13:30:00+00:00,-0.0011036184712024141,0.3911021127820894,4.000000000000001,0.0,0.0005181254375484198,0.0,4.193496135794344e-05,0.00047619047619047635,False
2024-05-14 13:30:00+00:00,-0.005656539105315587,0.38888982838696595,4.000000000000001,0.0,0.0005181254375484198,0.0,4.193496135794344e-05,0.00047619047619047635,False
2024-05-15 13:30:00+00:00,-0.013189107073114536,0.38376071880072515,4.000000000000001,0.0,0.0005181254375484198,0.0,4.193496135794344e-05,0.00047619047619047635,False
2024-05-16 13:30:00+00:00,0.004336334582333957,0.3854248336770021,4.000000000000001,0.0,0.0005181254375484198,0.0,4.193496135794344e-05,0.00047619047619047635,False
2024-05-17 13:30:00+00:00,0.005733033162693818,0.38763448703019815,4.000000000000001,4.607526669395512,0.0037097066936758417,0.0032252686685768587,8.24754890850669e-06,0.00047619047619047635,True
2024-05-20 13:30:00+00:00,0.0024073908033517524,0.3885676747293366,4.000000000000001,0.0,0.000484438025098983,0.0,8.24754890850669e-06,0.00047619047619047635,False
2024-05-21 13:30:00+00:00,-0.0038738926149713376,0.3870624052837861,4.000000000000001,0.0,0.000484438025098983,0.0,8.24754890850669e-06,0.00047619047619047635,False
2024-05-22 13:30:00+00:00,-0.018103086262481208,0.38005538117197024,4.000000000000001,0.0,0.000484438025098983,0.0,8.24754890850669e-06,0.00047619047619047635,False
2024-05-23 13:30:00+00:00,-0.019481340708638613,0.3726513928032076,4.000000000000001,0.0,0.000484438025098983,0.0,8.24754890850669e-06,0.00047619047619047635,False
2024-05-24 13:30:00+00:00,0.012464696045794789,0.37729637914554165,4.000000000000001,0.0,0.000484438025098983,0.0,8.24754890850669e-06,0.00047619047619047635,False
2024-05-28 13:30:00+00:00,0.0033131655623187505,0.3785464245157142,4.000000000000001,0.0,0.000484438025098983,0.0,8.24754890850669e-06,0.00047619047619047635,False
2024-05-29 13:30:00+00:00,-0.023251332294710627,0.3697447158103247,4.000000000000001,0.0,0.000484438025098983,0.0,8.24754890850669e-06,0.00047619047619047635,False
2024-05-30 13:30:00+00:00,0.0023886371365989412,0.37062790176957044,4.000000000000001,0.0,0.000484438025098983,0.0,8.24754890850669e-06,0.00047619047619047635,False
2024-05-31 13:30:00+00:00,0.008815656883597981,0.3738952301830588,4.000000000000001,0.0,0.000484438025098983,0.0,8.24754890850669e-06,0.00047619047619047635,False
2024-06-03 13:30:00+00:00,0.0024598508977497525,0.374814956700689,4.000000000000001,0.0,0.000484438025098983,0.0,8.24754890850669e-06,0.00047619047619047635,False
2024-06-04 13:30:00+00:00,-0.0106830999440857,0.37081077105771737,4.000000000000001,0.0,0.000484438025098983,0.0,8.24754890850669e-06,0.00047619047619047635,False
2024-06-05 13:30:00+00:00,0.01868996323749402,0.3777412107368529,4.000000000000001,0.0,0.000484438025098983,0.0,8.24754890850669e-06,0.00047619047619047635,False
2024-06-06 13:30:00+00:00,0.0070765184419474365,0.3804143033809158,4.000000000000001,0.0,0.000484438025098983,0.0,8.24754890850669e-06,0.00047619047619047635,False
2024-06-07 13:30:00+00:00,-0.02683564891998964,0.3702056386912431,4.000000000000001,0.0,0.000484438025098983,0.0,8.24754890850669e-06,0.00047619047619047635,False
2024-06-10 13:30:00+00:00,0.00926157549872569,0.3736343261640361,4.000000000000001,0.0,0.000484438025098983,0.0,8.24754890850669e-06,0.00047619047619047635,False
2024-06-11 13:30:00+00:00,-0.002553732545770966,0.3726801640250938,4.000000000000001,0.0,0.000484438025098983,0.0,8.24754890850669e-06,0.00047619047619047635,False
2024-06-12 13:30:00+00:00,0.018945454760392035,0.3797407592127267,4.000000000000001,0.0,0.000484438025098983,0.0,8.24754890850669e-06,0.00047619047619047635,False
2024-06-13 13:30:00+00:00,-0.0060040905804138985,0.37746076129733835,4.000000000000001,0.0,0.000484438025098983,0.0,8.24754890850669e-06,0.00047619047619047635,False
2024-06-14 13:30:00+00:00,-0.004126457348431582,0.3759031855651384,4.000000000000001,0.0,0.000484438025098983,0.0,8.24754890850669e-06,0.00047619047619047635,False
2024-06-17 13:30:00+00:00,0.005089418911353567,0.37781631434659163,4.000000000000001,0.0,0.000484438025098983,0.0,8.24754890850669e-06,0.00047619047619047635,False
2024-06-18 13:30:00+00:00,0.007996227150773413,0.380837419417375,3.9999999999999996,3.001523828089275,0.002592529182123699,0.0021010666796624925,1.527202627073079e-05,0.00047619047619047614,True
2024-06-20 13:30:00+00:00,0.0037696752428431,0.3822730528089009,3.9999999999999996,0.0,0.0004914625024612069,0.0,1.527202627073079e-05,0.00047619047619047614,False
2024-06-21 13:30:00+00:00,-0.00021458708609613296,0.38219102194840554,3.9999999999999996,0.0,0.0004914625024612069,0.0,1.527202627073079e-05,0.00047619047619047614,False
2024-06-24 13:30:00+00:00,-0.002410006885723478,0.3812699389538482,3.9999999999999996,0.0,0.0004914625024612069,0.0,1.527202627073079e-05,0.00047619047619047614,False
2024-06-25 13:30:00+00:00,0.0022771449536863222,0.3821381458713292,3.9999999999999996,0.0,0.0004914625024612069,0.0,1.527202627073079e-05,0.00047619047619047614,False
2024-06-26 13:30:00+00:00,-0.001170625073068774,0.3816908053763962,3.9999999999999996,0.0,0.0004914625024612069,0.0,1.527202627073079e-05,0.00047619047619047614,False
2024-06-27 13:30:00+00:00,0.0031426614572195714,0.38289033035902775,3.9999999999999996,0.0,0.0004914625024612069,0.0,1.527202627073079e-05,0.00047619047619047614,False
2024-06-28 13:30:00+00:00,-0.011367428278558396,0.37853785199011797,3.9999999999999996,0.0,0.0004914625024612069,0.0,1.527202627073079e-05,0.00047619047619047614,False
2024-07-01 13:30:00+00:00,-0.0003529684931464896,0.3784042400549021,3.9999999999999996,0.0,0.0004914625024612069,0.0,1.527202627073079e-05,0.00047619047619047614,False
2024-07-02 13:30:00+00:00,0.007999280532684306,0.3814312017258585,3.9999999999999996,0.0,0.0004914625024612069,0.0,1.527202627073079e-05,0.00047619047619047614,False
2024-07-03 13:30:00+00:00,0.010958001754237253,0.38561092550349124,3.9999999999999996,0.0,0.0004914625024612069,0.0,1.527202627073079e-05,0.00047619047619047614,False
2024-07-05 13:30:00+00:00,0.005751697158420555,0.3878288427679656,3.9999999999999996,0.0,0.0004914625024612069,0.0,1.527202627073079e-05,0.00047619047619047614,False
2024-07-08 13:30:00+00:00,-0.002352083789115823,0.3869166368339395,3.9999999999999996,0.0,0.0004914625024612069,0.0,1.527202627073079e-05,0.00047619047619047614,False
2024-07-09 13:30:00+00:00,-0.0013385098238332723,0.3863987451145327,3.9999999999999996,0.0,0.0004914625024612069,0.0,1.527202627073079e-05,0.00047619047619047614,False
2024-07-10 13:30:00+00:00,0.009702852736253214,0.39014791523585207,3.9999999999999996,0.0,0.0004914625024612069,0.0,1.527202627073079e-05,0.00047619047619047614,False
2024-07-11 13:30:00+00:00,-0.007534652260857009,0.3872082863642516,3.9999999999999996,0.0,0.0004914625024612069,0.0,1.527202627073079e-05,0.00047619047619047614,False
2024-07-12 13:30:00+00:00,0.0003789841757196934,0.38735503217749123,3.9999999999999996,0.0,0.0004914625024612069,0.0,1.527202627073079e-05,0.00047619047619047614,False
2024-07-15 13:30:00+00:00,-0.005814408621994076,0.3851027917386256,3.9999999999999996,0.0,0.0004914625024612069,0.0,1.527202627073079e-05,0.00047619047619047614,False
2024-07-16 13:30:00+00:00,0.012286184823472823,0.3898342358139617,3.9999999999999996,0.0,0.0004914625024612069,0.0,1.527202627073079e-05,0.00047619047619047614,False
2024-07-17 13:30:00+00:00,-0.018909081408800352,0.38246282851301805,3.9999999999999996,0.0,0.0004914625024612069,0.0,1.527202627073079e-05,0.00047619047619047614,False
2024-07-18 13:30:00+00:00,-0.00413867014123984,0.3808799410245171,3.9999999999999996,0.0,0.0004914625024612069,0.0,1.527202627073079e-05,0.00047619047619047614,False
2024-07-19 13:30:00+00:00,-0.02136508689627491,0.37274240798748026,4.000000000000001,3.305465854772092,0.002798139189290076,0.0023138260983404644,8.122614759135272e-06,0.00047619047619047635,True
2024-07-22 13:30:00+00:00,0.011768731510093876,0.37712911330951077,4.000000000000001,0.0,0.0004843130909496116,0.0,8.122614759135272e-06,0.00047619047619047635,False
2024-07-23 13:30:00+00:00,-0.007671615948397717,0.37423592358924046,4.000000000000001,0.0,0.0004843130909496116,0.0,8.122614759135272e-06,0.00047619047619047635,False
2024-07-24 13:30:00+00:00,-0.028564549310404714,0.36354604309615074,4.000000000000001,0.0,0.0004843130909496116,0.0,8.122614759135272e-06,0.00047619047619047635,False
2024-07-25 13:30:00+00:00,-0.0038582318910459295,0.3621433981588136,4.000000000000001,0.0,0.0004843130909496116,0.0,8.122614759135272e-06,0.00047619047619047635,False
2024-07-26 13:30:00+00:00,0.022732273671304995,0.3703757409940161,4.000000000000001,0.0,0.0004843130909496116,0.0,8.122614759135272e-06,0.00047619047619047635,False
2024-07-29 13:30:00+00:00,-0.0023723793614370053,0.36949706923010495,4.000000000000001,0.0,0.0004843130909496116,0.0,8.122614759135272e-06,0.00047619047619047635,False
2024-07-30 13:30:00+00:00,0.001089086964150075,0.3698994836714951,4.000000000000001,0.0,0.0004843130909496116,0.0,8.122614759135272e-06,0.00047619047619047635,False
2024-07-31 13:30:00+00:00,0.03207084748822843,0.3817624735982981,4.000000000000001,0.0,0.0004843130909496116,0.0,8.122614759135272e-06,0.00047619047619047635,False
2024-08-01 13:30:00+00:00,-0.01651914989883159,0.3754560820711791,4.000000000000001,0.0,0.0004843130909496116,0.0,8.122614759135272e-06,0.00047619047619047635,False
2024-08-02 13:30:00+00:00,-0.004880446060362674,0.37362368891459563,4.000000000000001,0.0,0.0004843130909496116,0.0,8.122614759135272e-06,0.00047619047619047635,False
2024-08-05 13:30:00+00:00,-0.03907185200023492,0.35902551943754274,4.000000000000001,0.0,0.0004843130909496116,0.0,8.122614759135272e-06,0.00047619047619047635,False
2024-08-06 13:30:00+00:00,-0.00034529832905724316,0.35890154852559203,4.000000000000001,0.0,0.0004843130909496116,0.0,8.122614759135272e-06,0.00047619047619047635,False
2024-08-07 13:30:00+00:00,0.0002477463595998019,0.35899046507769394,4.000000000000001,0.0,0.0004843130909496116,0.0,8.122614759135272e-06,0.00047619047619047635,False
2024-08-08 13:30:00+00:00,0.025786142746858587,0.36824744445494856,4.000000000000001,0.0,0.0004843130909496116,0.0,8.122614759135272e-06,0.00047619047619047635,False
2024-08-09 13:30:00+00:00,0.011706135402191535,0.37255819890124914,4.000000000000001,0.0,0.0004843130909496116,0.0,8.122614759135272e-06,0.00047619047619047635,False
2024-08-12 13:30:00+00:00,0.009685622952418241,0.37616665714363867,4.000000000000001,0.0,0.0004843130909496116,0.0,8.122614759135272e-06,0.00047619047619047635,False
2024-08-13 13:30:00+00:00,0.025997021174870415,0.38594586969468203,4.000000000000001,0.0,0.0004843130909496116,0.0,8.122614759135272e-06,0.00047619047619047635,False
2024-08-14 13:30:00+00:00,0.0029713764889188216,0.3870926601778881,4.000000000000001,0.0,0.0004843130909496116,0.0,8.122614759135272e-06,0.00047619047619047635,False
2024-08-15 13:30:00+00:00,0.008189586303642575,0.39026278892592153,4.000000000000001,0.0,0.0004843130909496116,0.0,8.122614759135272e-06,0.00047619047619047635,False
2024-08-16 13:30:00+00:00,0.014241029266146584,0.39582053272450357,4.000000000000001,0.0,0.0004843130909496116,0.0,8.122614759135272e-06,0.00047619047619047635,False
2024-08-19 13:30:00+00:00,0.015566045644868841,0.40198189320406946,3.9999999999999996,1.4069417705223664,0.001469327284428676,0.0009848592393656565,8.277568872543278e-06,0.00047619047619047614,True
2024-08-20 13:30:00+00:00,0.005228359967899806,0.4040835992423182,3.9999999999999996,0.0,0.0004844680450630194,0.0,8.277568872543278e-06,0.00047619047619047614,False
2024-08-21 13:30:00+00:00,0.010456247366848108,0.40830879731288217,3.9999999999999996,0.0,0.0004844680450630194,0.0,8.277568872543278e-06,0.00047619047619047614,False
2024-08-22 13:30:00+00:00,-0.0176474425913042,0.4011031912527786,3.9999999999999996,0.0,0.0004844680450630194,0.0,8.277568872543278e-06,0.00047619047619047614,False
2024-08-23 13:30:00+00:00,0.03048720993426957,0.4133317084498076,3.9999999999999996,0.0,0.0004844680450630194,0.0,8.277568872543278e-06,0.00047619047619047614,False
2024-08-26 13:30:00+00:00,-0.009770081210231176,0.4092934240914894,3.9999999999999996,0.0,0.0004844680450630194,0.0,8.277568872543278e-06,0.00047619047619047614,False
2024-08-27 13:30:00+00:00,0.004357203265307541,0.41107679873540975,3.9999999999999996,0.0,0.0004844680450630194,0.0,8.277568872543278e-06,0.00047619047619047614,False
2024-08-28 13:30:00+00:00,-0.010886587763494661,0.40660157508844025,3.9999999999999996,0.0,0.0004844680450630194,0.0,8.277568872543278e-06,0.00047619047619047614,False
2024-08-29 13:30:00+00:00,-0.005355593914493862,0.40442398216727293,3.9999999999999996,0.0,0.0004844680450630194,0.0,8.277568872543278e-06,0.00047619047619047614,False
2024-08-30 13:30:00+00:00,-0.0026016221247948646,0.4033718237874689,3.9999999999999996,0.0,0.0004844680450630194,0.0,8.277568872543278e-06,0.00047619047619047614,False
2024-09-03 13:30:00+00:00,-0.0064362014577527505,0.40077564146719163,3.9999999999999996,0.0,0.0004844680450630194,0.0,8.277568872543278e-06,0.00047619047619047614,False
2024-09-04 13:30:00+00:00,0.014422022318540664,0.406555636713159,3.9999999999999996,0.0,0.0004844680450630194,0.0,8.277568872543278e-06,0.00047619047619047614,False
2024-09-05 13:30:00+00:00,0.008453696923663155,0.40999253484853887,3.9999999999999996,0.0,0.0004844680450630194,0.0,8.277568872543278e-06,0.00047619047619047614,False
2024-09-06 13:30:00+00:00,-0.011938084492190429,0.40509800932634965,3.9999999999999996,0.0,0.0004844680450630194,0.0,8.277568872543278e-06,0.00047619047619047614,False
2024-09-09 13:30:00+00:00,0.009067946659209519,0.408771416466673,3.9999999999999996,0.0,0.0004844680450630194,0.0,8.277568872543278e-06,0.00047619047619047614,False
2024-09-10 13:30:00+00:00,0.007026016055231645,0.4116434510016876,3.9999999999999996,0.0,0.0004844680450630194,0.0,8.277568872543278e-06,0.00047619047619047614,False
2024-09-11 13:30:00+00:00,0.0026588242673580707,0.41273793859870983,3.9999999999999996,0.0,0.0004844680450630194,0.0,8.277568872543278e-06,0.00047619047619047614,False
2024-09-12 13:30:00+00:00,0.008646158462358737,0.41630653621926156,3.9999999999999996,0.0,0.0004844680450630194,0.0,8.277568872543278e-06,0.00047619047619047614,False
2024-09-13 13:30:00+00:00,0.011796243710226677,0.4212173895786642,3.9999999999999996,0.0,0.0004844680450630194,0.0,8.277568872543278e-06,0.00047619047619047614,False
2024-09-16 13:30:00+00:00,0.012706630313219768,0.4265696432295398,3.9999999999999996,0.0,0.0004844680450630194,0.0,8.277568872543278e-06,0.00047619047619047614,False
2024-09-17 13:30:00+00:00,-0.009119138400906213,0.42267969561530444,3.9999999999999996,0.0,0.0004844680450630194,0.0,8.277568872543278e-06,0.00047619047619047614,False
2024-09-18 13:30:00+00:00,-0.008078245097130466,0.4192651854365435,3.9999999999999996,0.6458683175250922,0.0009377515008830187,0.00045210782226756457,9.453202424977965e-06,0.00047619047619047614,True
2024-09-19 13:30:00+00:00,0.009553300158893049,0.42327055159919275,3.9999999999999996,0.0,0.0004856436786154541,0.0,9.453202424977965e-06,0.00047619047619047614,False
2024-09-20 13:30:00+00:00,-0.0033119227012229327,0.42186871225059225,3.9999999999999996,0.0,0.0004856436786154541,0.0,9.453202424977965e-06,0.00047619047619047614,False
2024-09-23 13:30:00+00:00,-0.00020760955392406025,0.4217811282754274,3.9999999999999996,0.0,0.0004856436786154541,0.0,9.453202424977965e-06,0.00047619047619047614,False
2024-09-24 13:30:00+00:00,0.007584761313025366,0.42498023745973507,3.9999999999999996,0.0,0.0004856436786154541,0.0,9.453202424977965e-06,0.00047619047619047614,False
2024-09-25 13:30:00+00:00,-0.013138440438124434,0.41939665992249037,3.9999999999999996,0.0,0.0004856436786154541,0.0,9.453202424977965e-06,0.00047619047619047614,False
2024-09-26 13:30:00+00:00,0.01606209299616651,0.42613304807644703,3.9999999999999996,0.0,0.0004856436786154541,0.0,9.453202424977965e-06,0.00047619047619047614,False
2024-09-27 13:30:00+00:00,0.003917710897172529,0.4278025141625415,3.9999999999999996,0.0,0.0004856436786154541,0.0,9.453202424977965e-06,0.00047619047619047614,False
2024-09-30 13:30:00+00:00,-0.009174777058076547,0.42387752147021557,3.9999999999999996,0.0,0.0004856436786154541,0.0,9.453202424977965e-06,0.00047619047619047614,False
2024-10-01 13:30:00+00:00,-0.007896028772053906,0.42053057236485986,3.9999999999999996,0.0,0.0004856436786154541,0.0,9.453202424977965e-06,0.00047619047619047614,False
2024-10-02 13:30:00+00:00,-0.01265873954308515,0.41520718537938855,3.9999999999999996,0.0,0.0004856436786154541,0.0,9.453202424977965e-06,0.00047619047619047614,False
2024-10-03 13:30:00+00:00,-0.024011670944347748,0.40523736707032987,3.9999999999999996,0.0,0.0004856436786154541,0.0,9.453202424977965e-06,0.00047619047619047614,False
2024-10-04 13:30:00+00:00,-0.016415094789545972,0.39858535727760436,3.9999999999999996,0.0,0.0004856436786154541,0.0,9.453202424977965e-06,0.00047619047619047614,False
2024-10-07 13:30:00+00:00,-0.01994698719440642,0.39063478026011006,3.9999999999999996,0.0,0.0004856436786154541,0.0,9.453202424977965e-06,0.00047619047619047614,False
2024-10-08 13:30:00+00:00,0.01092738748043554,0.39490339786734713,3.9999999999999996,0.0,0.0004856436786154541,0.0,9.453202424977965e-06,0.00047619047619047614,False
2024-10-09 13:30:00+00:00,-0.006650018315320599,0.3922772830387469,3.9999999999999996,0.0,0.0004856436786154541,0.0,9.453202424977965e-06,0.00047619047619047614,False
2024-10-10 13:30:00+00:00,-0.009282299843571208,0.3886360476757598,3.9999999999999996,0.0,0.0004856436786154541,0.0,9.453202424977965e-06,0.00047619047619047614,False
2024-10-11 13:30:00+00:00,0.00727647260759614,0.3914639472309969,3.9999999999999996,0.0,0.0004856436786154541,0.0,9.453202424977965e-06,0.00047619047619047614,False
2024-10-14 13:30:00+00:00,0.0042432070744546175,0.39312500982128146,3.9999999999999996,0.0,0.0004856436786154541,0.0,9.453202424977965e-06,0.00047619047619047614,False
2024-10-15 13:30:00+00:00,0.011278652832323115,0.3975589303267593,3.9999999999999996,0.0,0.0004856436786154541,0.0,9.453202424977965e-06,0.00047619047619047614,False
2024-10-16 13:30:00+00:00,0.0075047745531005025,0.4005425204704334,3.9999999999999996,0.0,0.0004856436786154541,0.0,9.453202424977965e-06,0.00047619047619047614,False
2024-10-17 13:30:00+00:00,-0.008029435722302566,0.39732639004826703,4.000000000000001,3.1516261955260325,0.0026866713285235485,0.002206138336868223,4.342515464849226e-06,0.00047619047619047635,True
2024-10-18 13:30:00+00:00,0.010777750183483984,0.4016086746215128,4.000000000000001,0.0,0.0004805329916553256,0.0,4.342515464849226e-06,0.00047619047619047635,False
2024-10-21 13:30:00+00:00,-0.017414345682400946,0.39461492233260287,4.000000000000001,0.0,0.0004805329916553256,0.0,4.342515464849226e-06,0.00047619047619047635,False
2024-10-22 13:30:00+00:00,-0.0013367960818190085,0.3940874026506013,4.000000000000001,0.0,0.0004805329916553256,0.0,4.342515464849226e-06,0.00047619047619047635,False
2024-10-23 13:30:00+00:00,-0.007429908501013749,0.39115936930750517,4.000000000000001,0.0,0.0004805329916553256,0.0,4.342515464849226e-06,0.00047619047619047635,False
2024-10-24 13:30:00+00:00,0.006484222074393723,0.3936957335245748,4.000000000000001,0.0,0.0004805329916553256,0.0,4.342515464849226e-06,0.00047619047619047635,False
2024-10-25 13:30:00+00:00,-0.00516137589455678,0.39166372185577125,4.000000000000001,0.0,0.0004805329916553256,0.0,4.342515464849226e-06,0.00047619047619047635,False
2024-10-28 13:30:00+00:00,0.009873874445160065,0.39553096027009926,4.000000000000001,0.0,0.0004805329916553256,0.0,4.342515464849226e-06,0.00047619047619047635,False
2024-10-29 13:30:00+00:00,0.0020081351047117535,0.39632523987641793,4.000000000000001,0.0,0.0004805329916553256,0.0,4.342515464849226e-06,0.00047619047619047635,False
2024-10-30 13:30:00+00:00,-0.005714463481567889,0.3940604537663205,4.000000000000001,0.0,0.0004805329916553256,0.0,4.342515464849226e-06,0.00047619047619047635,False
2024-10-31 13:30:00+00:00,-0.02335014493364593,0.3848590850582586,4.000000000000001,0.0,0.0004805329916553256,0.0,4.342515464849226e-06,0.00047619047619047635,False
2024-11-01 13:30:00+00:00,-0.003449530017783451,0.3835315020917335,4.000000000000001,0.0,0.0004805329916553256,0.0,4.342515464849226e-06,0.00047619047619047635,False
2024-11-04 14:30:00+00:00,0.006680685856216334,0.3860937555731711,4.000000000000001,0.0,0.0004805329916553256,0.0,4.342515464849226e-06,0.00047619047619047635,False
2024-11-05 14:30:00+00:00,0.012967201568065231,0.39110031112585975,4.000000000000001,0.0,0.0004805329916553256,0.0,4.342515464849226e-06,0.00047619047619047635,False
2024-11-06 14:30:00+00:00,-0.008846743463745843,0.3876403470047381,4.000000000000001,0.0,0.0004805329916553256,0.0,4.342515464849226e-06,0.00047619047619047635,False
2024-11-07 14:30:00+00:00,0.02023056433015055,0.39548252998177935,4.000000000000001,0.0,0.0004805329916553256,0.0,4.342515464849226e-06,0.00047619047619047635,False
2024-11-08 14:30:00+00:00,0.006061140686415335,0.39787960523501836,4.000000000000001,0.0,0.0004805329916553256,0.0,4.342515464849226e-06,0.00047619047619047635,False
2024-11-11 14:30:00+00:00,-0.007405654713458326,0.3949330462611207,4.000000000000001,0.0,0.0004805329916553256,0.0,4.342515464849226e-06,0.00047619047619047635,False
2024-11-12 14:30:00+00:00,-0.019540476766124047,0.3872158662464807,4.000000000000001,0.0,0.0004805329916553256,0.0,4.342515464849226e-06,0.00047619047619047635,False
2024-11-13 14:30:00+00:00,-0.001755941100354019,0.3865359379922293,4.000000000000001,0.0,0.0004805329916553256,0.0,4.342515464849226e-06,0.00047619047619047635,False
2024-11-14 14:30:00+00:00,-0.006398655183763104,0.38406262780888456,4.000000000000001,0.0,0.0004805329916553256,0.0,4.342515464849226e-06,0.00047619047619047635,False
2024-11-15 14:30:00+00:00,-0.010517580835294034,0.38002321807508915,4.0,4.321423890582402,0.003546151154024956,0.0030249967234076813,4.4963954426798434e-05,0.0004761904761904762,True
2024-11-18 14:30:00+00:00,-0.015656210066993425,0.3740734947425707,4.0,0.0,0.0005211544306172746,0.0,4.4963954426798434e-05,0.0004761904761904762,False
2024-11-19 14:30:00+00:00,0.0004900784406374684,0.3742568200975579,4.0,0.0,0.0005211544306172746,0.0,4.4963954426798434e-05,0.0004761904761904762,False
2024-11-20 14:30:00+00:00,0.01106334010934867,0.3783973505865405,4.0,0.0,0.0005211544306172746,0.0,4.4963954426798434e-05,0.0004761904761904762,False
2024-11-21 14:30:00+00:00,0.004239354389949012,0.38000151105589464,4.0,0.0,0.0005211544306172746,0.0,4.4963954426798434e-05,0.0004761904761904762,False
2024-11-22 14:30:00+00:00,0.008320372228496159,0.38316326507527065,4.0,0.0,0.0005211544306172746,0.0,4.4963954426798434e-05,0.0004761904761904762,False
2024-11-25 14:30:00+00:00,-0.013316193875275746,0.3780609887516447,4.0,0.0,0.0005211544306172746,0.0,4.4963954426798434e-05,0.0004761904761904762,False
2024-11-26 14:30:00+00:00,0.003919566794902,0.37954282404960343,4.0,0.0,0.0005211544306172746,0.0,4.4963954426798434e-05,0.0004761904761904762,False
2024-11-27 14:30:00+00:00,-0.018562331623731408,0.37249762428418715,4.0,0.0,0.0005211544306172746,0.0,4.4963954426798434e-05,0.0004761904761904762,False
2024-11-29 14:30:00+00:00,-0.007272965515286645,0.36978846190824205,4.0,0.0,0.0005211544306172746,0.0,4.4963954426798434e-05,0.0004761904761904762,False
2024-12-02 14:30:00+00:00,0.0072575293933204235,0.37247221253985185,4.0,0.0,0.0005211544306172746,0.0,4.4963954426798434e-05,0.0004761904761904762,False
2024-12-03 14:30:00+00:00,-0.006251367593523875,0.3701437518208921,4.0,0.0,0.0005211544306172746,0.0,4.4963954426798434e-05,0.0004761904761904762,False
2024-12-04 14:30:00+00:00,0.004993501926205022,0.3719920653585825,4.0,0.0,0.0005211544306172746,0.0,4.4963954426798434e-05,0.0004761904761904762,False
2024-12-05 14:30:00+00:00,-0.012163803499110433,0.3674672269723325,4.0,0.0,0.0005211544306172746,0.0,4.4963954426798434e-05,0.0004761904761904762,False
2024-12-06 14:30:00+00:00,0.006245356448904642,0.36976219078806527,4.0,0.0,0.0005211544306172746,0.0,4.4963954426798434e-05,0.0004761904761904762,False
2024-12-09 14:30:00+00:00,0.00035961729365293195,0.3698951636664116,4.0,0.0,0.0005211544306172746,0.0,4.4963954426798434e-05,0.0004761904761904762,False
2024-12-10 14:30:00+00:00,0.005987101699566355,0.37210976362946013,4.0,0.0,0.0005211544306172746,0.0,4.4963954426798434e-05,0.0004761904761904762,False
2024-12-11 14:30:00+00:00,0.0041637537696678495,0.3736591370605025,4.0,0.0,0.0005211544306172746,0.0,4.4963954426798434e-05,0.0004761904761904762,False
2024-12-12 14:30:00+00:00,0.005362325451690928,0.37566281896141895,4.0,0.0,0.0005211544306172746,0.0,4.4963954426798434e-05,0.0004761904761904762,False
2024-12-13 14:30:00+00:00,-0.0004330831473901025,0.3755001257254257,4.0,0.0,0.0005211544306172746,0.0,4.4963954426798434e-05,0.0004761904761904762,False
2024-12-16 14:30:00+00:00,0.003061957037660562,0.3766498909780331,4.0,0.0,0.0005211544306172746,0.0,4.4963954426798434e-05,0.0004761904761904762,False
2024-12-17 14:30:00+00:00,-0.010786002639564893,0.3725873442597522,4.0,4.199115636454294,0.0034252588537379844,0.0029393809455180056,9.687432029502683e-06,0.0004761904761904762,True
2024-12-18 14:30:00+00:00,-0.028526281647810462,0.3619588127389888,4.0,0.0,0.0004858779082199789,0.0,9.687432029502683e-06,0.0004761904761904762,False
2024-12-19 14:30:00+00:00,0.002214975899090859,0.36276054278566916,4.0,0.0,0.0004858779082199789,0.0,9.687432029502683e-06,0.0004761904761904762,False
2024-12-20 14:30:00+00:00,0.011828349905286284,0.36705140141756964,4.0,0.0,0.0004858779082199789,0.0,9.687432029502683e-06,0.0004761904761904762,False
2024-12-23 14:30:00+00:00,0.0015829846373663177,0.3676324381471374,4.0,0.0,0.0004858779082199789,0.0,9.687432029502683e-06,0.0004761904761904762,False
2024-12-24 14:30:00+00:00,0.013240000896449014,0.3724998919577693,4.0,0.0,0.0004858779082199789,0.0,9.687432029502683e-06,0.0004761904761904762,False
2024-12-26 14:30:00+00:00,0.0014164618359348443,0.3730275238386173,4.0,0.0,0.0004858779082199789,0.0,9.687432029502683e-06,0.0004761904761904762,False
2024-12-27 14:30:00+00:00,-0.010051126164388649,0.3692781771337259,4.0,0.0,0.0004858779082199789,0.0,9.687432029502683e-06,0.0004761904761904762,False
2024-12-30 14:30:00+00:00,-0.0005109963402449684,0.36908947733667824,4.0,0.0,0.0004858779082199789,0.0,9.687432029502683e-06,0.0004761904761904762,False
2024-12-31 14:30:00+00:00,0.0036754414820298702,0.37044604411226223,4.0,0.0,0.0004858779082199789,0.0,9.687432029502683e-06,0.0004761904761904762,False
2025-01-02 14:30:00+00:00,0.01616186227755348,0.3764331420584691,4.0,0.0,0.0004858779082199789,0.0,9.687432029502683e-06,0.0004761904761904762,False
2025-01-03 14:30:00+00:00,0.0025117341455053663,0.37737864203487725,4.0,0.0,0.0004858779082199789,0.0,9.687432029502683e-06,0.0004761904761904762,False
2025-01-06 14:30:00+00:00,0.0007855490581548383,0.3776750914716955,4.0,0.0,0.0004858779082199789,0.0,9.687432029502683e-06,0.0004761904761904762,False
2025-01-07 14:30:00+00:00,-0.0034016136966630076,0.3763903867076569,4.0,0.0,0.0004858779082199789,0.0,9.687432029502683e-06,0.0004761904761904762,False
2025-01-08 14:30:00+00:00,0.0032769232532940513,0.37762378911817557,4.0,0.0,0.0004858779082199789,0.0,9.687432029502683e-06,0.0004761904761904762,False
2025-01-10 14:30:00+00:00,8.107420247130387e-05,0.3776544046657125,4.0,0.0,0.0004858779082199789,0.0,9.687432029502683e-06,0.0004761904761904762,False
2025-01-13 14:30:00+00:00,-0.0002688294296220814,0.377552880047512,4.0,0.0,0.0004858779082199789,0.0,9.687432029502683e-06,0.0004761904761904762,False
2025-01-14 14:30:00+00:00,-0.0007872529018695796,0.37725565044708537,4.0,0.0,0.0004858779082199789,0.0,9.687432029502683e-06,0.0004761904761904762,False
2025-01-15 14:30:00+00:00,0.031406931539500214,0.3891040928335666,4.0,0.0,0.0004858779082199789,0.0,9.687432029502683e-06,0.0004761904761904762,False
2025-01-16 14:30:00+00:00,-0.003253506766495822,0.3878381400346614,4.0,0.0,0.0004858779082199789,0.0,9.687432029502683e-06,0.0004761904761904762,False
2025-01-17 14:30:00+00:00,0.00702488004105805,0.39056265644375193,4.0,0.0,0.0004858779082199789,0.0,9.687432029502683e-06,0.0004761904761904762,False
2025-01-21 14:30:00+00:00,-0.023793095240570526,0.38126996196157553,3.9999999999999996,2.835385306382274,0.002497304711927516,0.001984769714467592,3.634452126944852e-05,0.00047619047619047614,True
2025-01-22 14:30:00+00:00,0.006572062043137061,0.3837756918067715,3.9999999999999996,0.0,0.0005125349974599247,0.0,3.634452126944852e-05,0.00047619047619047614,False
2025-01-23 14:30:00+00:00,-0.0029633424186245785,0.3826384330200035,3.9999999999999996,0.0,0.0005125349974599247,0.0,3.634452126944852e-05,0.00047619047619047614,False
2025-01-24 14:30:00+00:00,-0.00813847019445376,0.3795243415376177,3.9999999999999996,0.0,0.0005125349974599247,0.0,3.634452126944852e-05,0.00047619047619047614,False
2025-01-27 14:30:00+00:00,-0.018706851974851665,0.37242463585962043,3.9999999999999996,0.0,0.0005125349974599247,0.0,3.634452126944852e-05,0.00047619047619047614,False
2025-01-28 14:30:00+00:00,0.011827481629507131,0.376829481398626,3.9999999999999996,0.0,0.0005125349974599247,0.0,3.634452126944852e-05,0.00047619047619047614,False
2025-01-29 14:30:00+00:00,-0.00016783464207474727,0.37676623635749223,3.9999999999999996,0.0,0.0005125349974599247,0.0,3.634452126944852e-05,0.00047619047619047614,False
2025-01-30 14:30:00+00:00,-0.0024944218520481995,0.37582642242440817,3.9999999999999996,0.0,0.0005125349974599247,0.0,3.634452126944852e-05,0.00047619047619047614,False
2025-01-31 14:30:00+00:00,0.008659167050042106,0.37908076619800085,3.9999999999999996,0.0,0.0005125349974599247,0.0,3.634452126944852e-05,0.00047619047619047614,False
2025-02-03 14:30:00+00:00,0.005142222013105654,0.3810300836586892,3.9999999999999996,0.0,0.0005125349974599247,0.0,3.634452126944852e-05,0.00047619047619047614,False
2025-02-04 14:30:00+00:00,-0.009751432183178923,0.3773144946381405,3.9999999999999996,0.0,0.0005125349974599247,0.0,3.634452126944852e-05,0.00047619047619047614,False
2025-02-05 14:30:00+00:00,-0.015471921680718205,0.3714767143280994,3.9999999999999996,0.0,0.0005125349974599247,0.0,3.634452126944852e-05,0.00047619047619047614,False
2025-02-06 14:30:00+00:00,-0.006295165822294107,0.3691382068122831,3.9999999999999996,0.0,0.0005125349974599247,0.0,3.634452126944852e-05,0.00047619047619047614,False
2025-02-07 14:30:00+00:00,0.006530420434150782,0.3715488345010758,3.9999999999999996,0.0,0.0005125349974599247,0.0,3.634452126944852e-05,0.00047619047619047614,False
2025-02-10 14:30:00+00:00,0.015955161406647246,0.37747695612599214,3.9999999999999996,0.0,0.0005125349974599247,0.0,3.634452126944852e-05,0.00047619047619047614,False
2025-02-11 14:30:00+00:00,0.0011775763982808966,0.377921464080421,3.9999999999999996,0.0,0.0005125349974599247,0.0,3.634452126944852e-05,0.00047619047619047614,False
2025-02-12 14:30:00+00:00,0.0005664618049329128,0.3781355421550868,3.9999999999999996,0.0,0.0005125349974599247,0.0,3.634452126944852e-05,0.00047619047619047614,False
2025-02-13 14:30:00+00:00,-0.013859814376131008,0.37289465373179964,3.9999999999999996,0.0,0.0005125349974599247,0.0,3.634452126944852e-05,0.00047619047619047614,False
2025-02-14 14:30:00+00:00,-0.01184755355591453,0.36847676435099797,3.9999999999999996,0.0,0.0005125349974599247,0.0,3.634452126944852e-05,0.00047619047619047614,False
2025-02-18 14:30:00+00:00,0.014632404045234686,0.37386846524826245,3.9999999999999996,0.0,0.0005125349974599247,0.0,3.634452126944852e-05,0.00047619047619047614,False
2025-02-19 14:30:00+00:00,0.0042842797782205715,0.3754702223536399,3.9999999999999996,0.0,0.0005125349974599247,0.0,3.634452126944852e-05,0.00047619047619047614,False
2025-02-20 14:30:00+00:00,0.0020515935647349185,0.3762405346455702,4.0,4.233198837379911,0.0034442468843952304,0.0029632391861659376,4.817222038816663e-06,0.0004761904761904762,True
2025-02-21 14:30:00+00:00,-0.010554464775057957,0.37226951717570456,4.0,0.0,0.00048100769822929284,0.0,4.817222038816663e-06,0.0004761904761904762,False
2025-02-24 14:30:00+00:00,-0.0023873682077051642,0.37138077276570153,4.0,0.0,0.00048100769822929284,0.0,4.817222038816663e-06,0.0004761904761904762,False
2025-02-25 14:30:00+00:00,0.002309750004280677,0.3722385695071868,4.0,0.0,0.00048100769822929284,0.0,4.817222038816663e-06,0.0004761904761904762,False
2025-02-26 14:30:00+00:00,0.004093995640052075,0.37376251258780846,4.0,0.0,0.00048100769822929284,0.0,4.817222038816663e-06,0.0004761904761904762,False
2025-02-27 14:30:00+00:00,-0.017915311522746107,0.3670664407392736,4.0,0.0,0.00048100769822929284,0.0,4.817222038816663e-06,0.0004761904761904762,False
2025-02-28 14:30:00+00:00,0.004789795935292041,0.3688246140851087,4.0,0.0,0.00048100769822929284,0.0,4.817222038816663e-06,0.0004761904761904762,False
2025-03-03 14:30:00+00:00,-0.005019464979492834,0.3669733118511335,4.0,0.0,0.00048100769822929284,0.0,4.817222038816663e-06,0.0004761904761904762,False
2025-03-04 14:30:00+00:00,-0.00495432742747723,0.3651552059070773,4.0,0.0,0.00048100769822929284,0.0,4.817222038816663e-06,0.0004761904761904762,False
2025-03-05 14:30:00+00:00,0.008871337830290078,0.3683946210991681,4.0,0.0,0.00048100769822929284,0.0,4.817222038816663e-06,0.0004761904761904762,False
2025-03-06 14:30:00+00:00,-0.0191120286860176,0.3613538525329462,4.0,0.0,0.00048100769822929284,0.0,4.817222038816663e-06,0.0004761904761904762,False
2025-03-07 14:30:00+00:00,0.008158721819638268,0.3643020380942171,4.0,0.0,0.00048100769822929284,0.0,4.817222038816663e-06,0.0004761904761904762,False
2025-03-10 13:30:00+00:00,-0.024845358182638288,0.3552508234711011,4.0,0.0,0.00048100769822929284,0.0,4.817222038816663e-06,0.0004761904761904762,False
2025-03-11 13:30:00+00:00,-0.007854138067498564,0.3524606344549665,4.0,0.0,0.00048100769822929284,0.0,4.817222038816663e-06,0.0004761904761904762,False
2025-03-12 13:30:00+00:00,0.005128330476295429,0.35426816906833636,4.0,0.0,0.00048100769822929284,0.0,4.817222038816663e-06,0.0004761904761904762,False
2025-03-13 13:30:00+00:00,-0.006013388553096591,0.3521378169157343,4.0,0.0,0.00048100769822929284,0.0,4.817222038816663e-06,0.0004761904761904762,False
2025-03-14 13:30:00+00:00,0.020133322420923378,0.35922752112029893,4.0,0.0,0.00048100769822929284,0.0,4.817222038816663e-06,0.0004761904761904762,False
2025-03-17 13:30:00+00:00,0.016181727664936613,0.3650404430368178,4.0,0.0,0.00048100769822929284,0.0,4.817222038816663e-06,0.0004761904761904762,False
2025-03-18 13:30:00+00:00,-0.0037517101195024497,0.36367091711264893,4.0,0.0,0.00048100769822929284,0.0,4.817222038816663e-06,0.0004761904761904762,False
2025-03-19 13:30:00+00:00,0.018595502726962736,0.3704335606435342,4.0,0.0,0.00048100769822929284,0.0,4.817222038816663e-06,0.0004761904761904762,False
2025-03-20 13:30:00+00:00,-0.005226222648025832,0.3684975923793101,4.0,0.0,0.00048100769822929284,0.0,4.817222038816663e-06,0.0004761904761904762,False
2025-03-21 13:30:00+00:00,-0.014689930104600976,0.3630843885035443,3.9999999999999996,3.096570604512256,0.0026518016697101607,0.0021675994231585794,8.011770361105109e-06,0.00047619047619047614,True
2025-03-24 13:30:00+00:00,-0.01568840268593335,0.35738817440772486,3.9999999999999996,0.0,0.0004842022465515812,0.0,8.011770361105109e-06,0.00047619047619047614,False
2025-03-25 13:30:00+00:00,0.005086463419435024,0.3592060162833884,3.9999999999999996,0.0,0.0004842022465515812,0.0,8.011770361105109e-06,0.00047619047619047614,False
2025-03-26 13:30:00+00:00,-0.01715154225919819,0.3530450791153456,3.9999999999999996,0.0,0.0004842022465515812,0.0,8.011770361105109e-06,0.00047619047619047614,False
2025-03-27 13:30:00+00:00,0.005279797249864054,0.3549090855531369,3.9999999999999996,0.0,0.0004842022465515812,0.0,8.011770361105109e-06,0.00047619047619047614,False
2025-03-28 13:30:00+00:00,0.013114991182997564,0.359563715080932,3.9999999999999996,0.0,0.0004842022465515812,0.0,8.011770361105109e-06,0.00047619047619047614,False
2025-03-31 13:30:00+00:00,0.0056564322913443404,0.3615975628897115,3.9999999999999996,0.0,0.0004842022465515812,0.0,8.011770361105109e-06,0.00047619047619047614,False
2025-04-01 13:30:00+00:00,0.007459473581988911,0.36429489035739887,3.9999999999999996,0.0,0.0004842022465515812,0.0,8.011770361105109e-06,0.00047619047619047614,False
2025-04-02 13:30:00+00:00,0.004720244636049814,0.3660144513595488,3.9999999999999996,0.0,0.0004842022465515812,0.0,8.011770361105109e-06,0.00047619047619047614,False
2025-04-03 13:30:00+00:00,0.010763871167081142,0.3699541837592729,3.9999999999999996,0.0,0.0004842022465515812,0.0,8.011770361105109e-06,0.00047619047619047614,False
2025-04-04 13:30:00+00:00,-0.03847240893982809,0.35572115511268587,3.9999999999999996,0.0,0.0004842022465515812,0.0,8.011770361105109e-06,0.00047619047619047614,False
2025-04-07 13:30:00+00:00,-0.059008711751421694,0.33473050800675863,3.9999999999999996,0.0,0.0004842022465515812,0.0,8.011770361105109e-06,0.00047619047619047614,False
2025-04-08 13:30:00+00:00,-0.01477879380806208,0.32978359484765885,3.9999999999999996,0.0,0.0004842022465515812,0.0,8.011770361105109e-06,0.00047619047619047614,False
2025-04-09 13:30:00+00:00,0.05466951655743572,0.3478127045465536,3.9999999999999996,0.0,0.0004842022465515812,0.0,8.011770361105109e-06,0.00047619047619047614,False
2025-04-10 13:30:00+00:00,-0.007340213424865788,0.3452596850633021,3.9999999999999996,0.0,0.0004842022465515812,0.0,8.011770361105109e-06,0.00047619047619047614,False
2025-04-11 13:30:00+00:00,0.026493117644882144,0.35440669051771917,3.9999999999999996,0.0,0.0004842022465515812,0.0,8.011770361105109e-06,0.00047619047619047614,False
2025-04-14 13:30:00+00:00,0.015742903686478793,0.3599860809123834,3.9999999999999996,0.0,0.0004842022465515812,0.0,8.011770361105109e-06,0.00047619047619047614,False
2025-04-15 13:30:00+00:00,0.0069515681533926146,0.36248854868811853,3.9999999999999996,0.0,0.0004842022465515812,0.0,8.011770361105109e-06,0.00047619047619047614,False
2025-04-16 13:30:00+00:00,0.02287275038730784,0.37077965878051933,3.9999999999999996,0.0,0.0004842022465515812,0.0,8.011770361105109e-06,0.00047619047619047614,False
2025-04-17 13:30:00+00:00,-0.0033389157672203424,0.36954165673165246,3.9999999999999996,0.0,0.0004842022465515812,0.0,8.011770361105109e-06,0.00047619047619047614,False
2025-04-21 13:30:00+00:00,0.002306546942060489,0.3703940219099508,3.9999999999999996,0.0,0.0004842022465515812,0.0,8.011770361105109e-06,0.00047619047619047614,False
2025-04-22 13:30:00+00:00,-0.02806193001636177,0.36000005078863495,3.9999999999999996,4.095648866257031,0.0033797873594310105,0.002866954206379922,3.6642676860612656e-05,0.00047619047619047614,True
2025-04-23 13:30:00+00:00,-0.024724135533181715,0.3510993607409844,3.9999999999999996,0.0,0.0005128331530510888,0.0,3.6642676860612656e-05,0.00047619047619047614,False
2025-04-24 13:30:00+00:00,0.008402761202667074,0.3540495648277,3.9999999999999996,0.0,0.0005128331530510888,0.0,3.6642676860612656e-05,0.00047619047619047614,False
2025-04-25 13:30:00+00:00,-0.011998325126195988,0.34980156303810905,3.9999999999999996,0.0,0.0005128331530510888,0.0,3.6642676860612656e-05,0.00047619047619047614,False
2025-04-28 13:30:00+00:00,0.024596480282407435,0.3584054502861312,3.9999999999999996,0.0,0.0005128331530510888,0.0,3.6642676860612656e-05,0.00047619047619047614,False
2025-04-29 13:30:00+00:00,-0.0010026725587861446,0.3580460869762099,3.9999999999999996,0.0,0.0005128331530510888,0.0,3.6642676860612656e-05,0.00047619047619047614,False
2025-04-30 13:30:00+00:00,0.003987382844098613,0.3594737538008155,3.9999999999999996,0.0,0.0005128331530510888,0.0,3.6642676860612656e-05,0.00047619047619047614,False
2025-05-01 13:30:00+00:00,-0.03220480578626975,0.3478969713743989,3.9999999999999996,0.0,0.0005128331530510888,0.0,3.6642676860612656e-05,0.00047619047619047614,False
2025-05-02 13:30:00+00:00,-0.00032620568442399424,0.3477834854047427,3.9999999999999996,0.0,0.0005128331530510888,0.0,3.6642676860612656e-05,0.00047619047619047614,False
2025-05-05 13:30:00+00:00,0.02369734057138969,0.35602502910348377,3.9999999999999996,0.0,0.0005128331530510888,0.0,3.6642676860612656e-05,0.00047619047619047614,False
2025-05-06 13:30:00+00:00,0.01262279581858805,0.3605190603521639,3.9999999999999996,0.0,0.0005128331530510888,0.0,3.6642676860612656e-05,0.00047619047619047614,False
2025-05-07 13:30:00+00:00,-0.01161699629420136,0.3563309117640639,3.9999999999999996,0.0,0.0005128331530510888,0.0,3.6642676860612656e-05,0.00047619047619047614,False
2025-05-08 13:30:00+00:00,-0.03919546865361596,0.3423643546817011,3.9999999999999996,0.0,0.0005128331530510888,0.0,3.6642676860612656e-05,0.00047619047619047614,False
2025-05-09 13:30:00+00:00,0.001897132289964048,0.34301386515390053,3.9999999999999996,0.0,0.0005128331530510888,0.0,3.6642676860612656e-05,0.00047619047619047614,False
2025-05-12 13:30:00+00:00,-0.0536838246095072,0.3245995689783494,3.9999999999999996,0.0,0.0005128331530510888,0.0,3.6642676860612656e-05,0.00047619047619047614,False
2025-05-13 13:30:00+00:00,0.0057301203857384,0.3264595635857542,3.9999999999999996,0.0,0.0005128331530510888,0.0,3.6642676860612656e-05,0.00047619047619047614,False
2025-05-14 13:30:00+00:00,-0.004403189272235263,0.3250221003375548,3.9999999999999996,0.0,0.0005128331530510888,0.0,3.6642676860612656e-05,0.00047619047619047614,False
2025-05-15 13:30:00+00:00,0.019758036375550986,0.3314438988188822,3.9999999999999996,0.0,0.0005128331530510888,0.0,3.6642676860612656e-05,0.00047619047619047614,False
2025-05-16 13:30:00+00:00,-0.011621600348497529,0.32759199028886127,3.9999999999999996,0.0,0.0005128331530510888,0.0,3.6642676860612656e-05,0.00047619047619047614,False
2025-05-19 13:30:00+00:00,0.018964148137334658,0.3338044933213035,3.9999999999999996,0.0,0.0005128331530510888,0.0,3.6642676860612656e-05,0.00047619047619047614,False
2025-05-20 13:30:00+00:00,0.007444666078122871,0.3362895563094576,3.9999999999999996,0.0,0.0005128331530510888,0.0,3.6642676860612656e-05,0.00047619047619047614,False
2025-05-21 13:30:00+00:00,-0.015397281752530929,0.3311116112605273,4.0,5.11897675775843,0.004072706346947764,0.003583283730430901,1.3232140326386061e-05,0.0004761904761904762,True
2025-05-22 13:30:00+00:00,0.0019085402086104284,0.3317435510841558,4.0,0.0,0.0004894226165168623,0.0,1.3232140326386061e-05,0.0004761904761904762,False
2025-05-23 13:30:00+00:00,0.003791215008008212,0.33300126221383597,4.0,0.0,0.0004894226165168623,0.0,1.3232140326386061e-05,0.0004761904761904762,False
2025-05-27 13:30:00+00:00,0.011128052977307682,0.33670691790126184,4.0,0.0,0.0004894226165168623,0.0,1.3232140326386061e-05,0.0004761904761904762,False
2025-05-28 13:30:00+00:00,-0.007693965315971095,0.334116306553282,4.0,0.0,0.0004894226165168623,0.0,1.3232140326386061e-05,0.0004761904761904762,False
2025-05-29 13:30:00+00:00,0.00746448054190984,0.33661031122228374,4.0,0.0,0.0004894226165168623,0.0,1.3232140326386061e-05,0.0004761904761904762,False
2025-05-30 13:30:00+00:00,0.00025913649062704364,0.33669753923704276,4.0,0.0,0.0004894226165168623,0.0,1.3232140326386061e-05,0.0004761904761904762,False
2025-06-02 13:30:00+00:00,0.005009603739523446,0.338384260488693,4.0,0.0,0.0004894226165168623,0.0,1.3232140326386061e-05,0.0004761904761904762,False
2025-06-03 13:30:00+00:00,-0.0028377279046114525,0.3374240180302229,4.0,0.0,0.0004894226165168623,0.0,1.3232140326386061e-05,0.0004761904761904762,False
2025-06-04 13:30:00+00:00,0.008914883963456695,0.3404321139974457,4.0,0.0,0.0004894226165168623,0.0,1.3232140326386061e-05,0.0004761904761904762,False
2025-06-05 13:30:00+00:00,-0.0073623339148931035,0.3379257390988436,4.0,0.0,0.0004894226165168623,0.0,1.3232140326386061e-05,0.0004761904761904762,False
2025-06-06 13:30:00+00:00,-0.003453442447208273,0.33675873200743545,4.0,0.0,0.0004894226165168623,0.0,1.3232140326386061e-05,0.0004761904761904762,False
2025-06-09 13:30:00+00:00,0.004768662240803874,0.3383646206570203,4.0,0.0,0.0004894226165168623,0.0,1.3232140326386061e-05,0.0004761904761904762,False
2025-06-10 13:30:00+00:00,0.005045990520179271,0.34007200532521964,4.0,0.0,0.0004894226165168623,0.0,1.3232140326386061e-05,0.0004761904761904762,False
2025-06-11 13:30:00+00:00,-0.0022735216518118325,0.33929884425793766,4.0,0.0,0.0004894226165168623,0.0,1.3232140326386061e-05,0.0004761904761904762,False
2025-06-12 13:30:00+00:00,0.0062444671341498155,0.34141758473956135,4.0,0.0,0.0004894226165168623,0.0,1.3232140326386061e-05,0.0004761904761904762,False
2025-06-13 13:30:00+00:00,-0.02096080460068489,0.33426119745859767,4.0,0.0,0.0004894226165168623,0.0,1.3232140326386061e-05,0.0004761904761904762,False
2025-06-16 13:30:00+00:00,0.007902464114727835,0.3369026845764602,4.0,0.0,0.0004894226165168623,0.0,1.3232140326386061e-05,0.0004761904761904762,False
2025-06-17 13:30:00+00:00,-0.016472638029865434,0.3313530086021423,4.0,0.0,0.0004894226165168623,0.0,1.3232140326386061e-05,0.0004761904761904762,False
2025-06-18 13:30:00+00:00,0.0007001934839088648,0.33158501981963906,4.0,0.0,0.0004894226165168623,0.0,1.3232140326386061e-05,0.0004761904761904762,False
2025-06-20 13:30:00+00:00,-0.002505931328274794,0.3307540905304864,4.0,0.0,0.0004894226165168623,0.0,1.3232140326386061e-05,0.0004761904761904762,False
2025-06-23 13:30:00+00:00,-0.007064107859209825,0.32841760796010416,3.9999999999999996,3.313315500644504,0.002807456693968436,0.002319320850451153,1.194536732680725e-05,0.00047619047619047614,True
2025-06-24 13:30:00+00:00,0.0035964168657868015,0.3295987345843932,3.9999999999999996,0.0,0.00048813584351728337,0.0,1.194536732680725e-05,0.00047619047619047614,False
2025-06-25 13:30:00+00:00,0.0007511728260174223,0.32984632019730276,3.9999999999999996,0.0,0.00048813584351728337,0.0,1.194536732680725e-05,0.00047619047619047614,False
2025-06-26 13:30:00+00:00,0.013821662386505063,0.3344053446745009,3.9999999999999996,0.0,0.00048813584351728337,0.0,1.194536732680725e-05,0.00047619047619047614,False
2025-06-27 13:30:00+00:00,-0.008461437957111323,0.3315757945980112,3.9999999999999996,0.0,0.00048813584351728337,0.0,1.194536732680725e-05,0.00047619047619047614,False
2025-06-30 13:30:00+00:00,0.01654017281438978,0.3370601155417309,3.9999999999999996,0.0,0.00048813584351728337,0.0,1.194536732680725e-05,0.00047619047619047614,False
2025-07-01 13:30:00+00:00,0.0038323377848828773,0.3383518437582984,3.9999999999999996,0.0,0.00048813584351728337,0.0,1.194536732680725e-05,0.00047619047619047614,False
2025-07-02 13:30:00+00:00,0.010336932800939844,0.3418493640303021,3.9999999999999996,0.0,0.00048813584351728337,0.0,1.194536732680725e-05,0.00047619047619047614,False
2025-07-03 13:30:00+00:00,-0.00835444589627638,0.33899340201383443,3.9999999999999996,0.0,0.00048813584351728337,0.0,1.194536732680725e-05,0.00047619047619047614,False
2025-07-07 13:30:00+00:00,-0.013736486178020334,0.3343368238326313,3.9999999999999996,0.0,0.00048813584351728337,0.0,1.194536732680725e-05,0.00047619047619047614,False
2025-07-08 13:30:00+00:00,-0.003271825019935605,0.33324293224732987,3.9999999999999996,0.0,0.00048813584351728337,0.0,1.194536732680725e-05,0.00047619047619047614,False
2025-07-09 13:30:00+00:00,0.008020347369616642,0.33591565632242304,3.9999999999999996,0.0,0.00048813584351728337,0.0,1.194536732680725e-05,0.00047619047619047614,False
2025-07-10 13:30:00+00:00,-0.00479315103294021,0.33430556184734045,3.9999999999999996,0.0,0.00048813584351728337,0.0,1.194536732680725e-05,0.00047619047619047614,False
2025-07-11 13:30:00+00:00,-0.0023946979724137965,0.333505000996218,3.9999999999999996,0.0,0.00048813584351728337,0.0,1.194536732680725e-05,0.00047619047619047614,False
2025-07-14 13:30:00+00:00,-0.006888757098474021,0.3312075660532287,3.9999999999999996,0.0,0.00048813584351728337,0.0,1.194536732680725e-05,0.00047619047619047614,False
2025-07-15 13:30:00+00:00,-0.01523311124884669,0.3261622443530801,3.9999999999999996,0.0,0.00048813584351728337,0.0,1.194536732680725e-05,0.00047619047619047614,False
2025-07-16 13:30:00+00:00,0.011283797092260864,0.32984259293751667,3.9999999999999996,0.0,0.00048813584351728337,0.0,1.194536732680725e-05,0.00047619047619047614,False
2025-07-17 13:30:00+00:00,0.0018229758116247565,0.3304438880060854,3.9999999999999996,0.0,0.00048813584351728337,0.0,1.194536732680725e-05,0.00047619047619047614,False
2025-07-18 13:30:00+00:00,0.004502308708675354,0.3319316484007837,3.9999999999999996,0.0,0.00048813584351728337,0.0,1.194536732680725e-05,0.00047619047619047614,False
2025-07-21 13:30:00+00:00,0.015315676553611603,0.3370154061655972,3.9999999999999996,0.0,0.00048813584351728337,0.0,1.194536732680725e-05,0.00047619047619047614,False
2025-07-22 13:30:00+00:00,0.011657761964236492,0.3409442515489562,3.9999999999999996,0.0,0.00048813584351728337,0.0,1.194536732680725e-05,0.00047619047619047614,False
2025-07-23 13:30:00+00:00,0.006783319236264077,0.3432569852489819,3.999999999999999,2.185356350853786,0.0020112463026411152,0.0015297494455976503,5.3063808529887815e-06,0.0004761904761904761,True
2025-07-24 13:30:00+00:00,-0.00951374030573431,0.3399913274331938,3.999999999999999,0.0,0.0004814968570434649,0.0,5.3063808529887815e-06,0.0004761904761904761,False
2025-07-25 13:30:00+00:00,0.0015477462636958148,0.34051754773991755,3.999999999999999,0.0,0.0004814968570434649,0.0,5.3063808529887815e-06,0.0004761904761904761,False
2025-07-28 13:30:00+00:00,-0.022447569064925035,0.3328737565692068,3.999999999999999,0.0,0.0004814968570434649,0.0,5.3063808529887815e-06,0.0004761904761904761,False
2025-07-29 13:30:00+00:00,0.00954476194718355,0.3360509573341246,3.999999999999999,0.0,0.0004814968570434649,0.0,5.3063808529887815e-06,0.0004761904761904761,False
2025-07-30 13:30:00+00:00,-0.02344296279913631,0.32817292724272656,3.999999999999999,0.0,0.0004814968570434649,0.0,5.3063808529887815e-06,0.0004761904761904761,False
2025-07-31 13:30:00+00:00,-0.007444122665844727,0.32572996771672236,3.999999999999999,0.0,0.0004814968570434649,0.0,5.3063808529887815e-06,0.0004761904761904761,False
2025-08-01 13:30:00+00:00,0.012803647164506477,0.3299004992942734,3.999999999999999,0.0,0.0004814968570434649,0.0,5.3063808529887815e-06,0.0004761904761904761,False
2025-08-04 13:30:00+00:00,0.01870409893611222,0.3360709908721463,3.999999999999999,0.0,0.0004814968570434649,0.0,5.3063808529887815e-06,0.0004761904761904761,False
2025-08-05 13:30:00+00:00,0.00031990888093570447,0.3361785029667512,3.999999999999999,0.0,0.0004814968570434649,0.0,5.3063808529887815e-06,0.0004761904761904761,False
2025-08-06 13:30:00+00:00,0.006436511641843294,0.33834231981483415,3.999999999999999,0.0,0.0004814968570434649,0.0,5.3063808529887815e-06,0.0004761904761904761,False
2025-08-07 13:30:00+00:00,0.004607067271531436,0.3399010856430271,3.999999999999999,0.0,0.0004814968570434649,0.0,5.3063808529887815e-06,0.0004761904761904761,False
2025-08-08 13:30:00+00:00,-0.0021192427208202203,0.33918075274147924,3.999999999999999,0.0,0.0004814968570434649,0.0,5.3063808529887815e-06,0.0004761904761904761,False
2025-08-11 13:30:00+00:00,-0.007709303703105386,0.3365659053083473,3.999999999999999,0.0,0.0004814968570434649,0.0,5.3063808529887815e-06,0.0004761904761904761,False
2025-08-12 13:30:00+00:00,0.0155281542581426,0.34179215260400675,3.999999999999999,0.0,0.0004814968570434649,0.0,5.3063808529887815e-06,0.0004761904761904761,False
2025-08-13 13:30:00+00:00,0.016949297071192346,0.3475852893350944,3.999999999999999,0.0,0.0004814968570434649,0.0,5.3063808529887815e-06,0.0004761904761904761,False
2025-08-14 13:30:00+00:00,-0.01530173938298475,0.3422666298243295,3.999999999999999,0.0,0.0004814968570434649,0.0,5.3063808529887815e-06,0.0004761904761904761,False
2025-08-15 13:30:00+00:00,0.0029665312309250327,0.34328197447100683,3.999999999999999,0.0,0.0004814968570434649,0.0,5.3063808529887815e-06,0.0004761904761904761,False
2025-08-18 13:30:00+00:00,-0.005370698611278722,0.3414383104474384,3.999999999999999,0.0,0.0004814968570434649,0.0,5.3063808529887815e-06,0.0004761904761904761,False
2025-08-19 13:30:00+00:00,0.000338211375167041,0.34155378876794956,3.999999999999999,0.0,0.0004814968570434649,0.0,5.3063808529887815e-06,0.0004761904761904761,False
2025-08-20 13:30:00+00:00,0.0032133709157525746,0.34265132777894153,3.999999999999999,0.0,0.0004814968570434649,0.0,5.3063808529887815e-06,0.0004761904761904761,False
2025-08-21 13:30:00+00:00,-0.008896284432901688,0.33960300410570865,3.999999999999999,1.4940738995218248,0.0015292493023351759,0.0010458517296652774,7.207096479422569e-06,0.0004761904761904761,True
2025-08-22 13:30:00+00:00,0.0293337975375697,0.34956484987129594,3.999999999999999,0.0,0.00048339757266989864,0.0,7.207096479422569e-06,0.0004761904761904761,False
2025-08-25 13:30:00+00:00,-0.010777373909396697,0.34579745877865087,3.999999999999999,0.0,0.00048339757266989864,0.0,7.207096479422569e-06,0.0004761904761904761,False
2025-08-26 13:30:00+00:00,0.0039638081458821415,0.347168133562583,3.999999999999999,0.0,0.00048339757266989864,0.0,7.207096479422569e-06,0.0004761904761904761,False
2025-08-27 13:30:00+00:00,0.0010284485661632764,0.3475251781317631,3.999999999999999,0.0,0.00048339757266989864,0.0,7.207096479422569e-06,0.0004761904761904761,False
2025-08-28 13:30:00+00:00,0.005116244561456646,0.34930320193434894,3.999999999999999,0.0,0.00048339757266989864,0.0,7.207096479422569e-06,0.0004761904761904761,False
2025-08-29 13:30:00+00:00,-0.008598255121127144,0.34629980388949083,3.999999999999999,0.0,0.00048339757266989864,0.0,7.207096479422569e-06,0.0004761904761904761,False
2025-09-02 13:30:00+00:00,-0.006958462428194918,0.34389008971523455,3.999999999999999,0.0,0.00048339757266989864,0.0,7.207096479422569e-06,0.0004761904761904761,False
2025-09-03 13:30:00+00:00,0.01208728562057742,0.3480467874517086,3.999999999999999,0.0,0.00048339757266989864,0.0,7.207096479422569e-06,0.0004761904761904761,False
2025-09-04 13:30:00+00:00,0.01424550868806192,0.35300489098620397,3.999999999999999,0.0,0.00048339757266989864,0.0,7.207096479422569e-06,0.0004761904761904761,False
2025-09-05 13:30:00+00:00,0.010996942649729441,0.35688686552745325,3.999999999999999,0.0,0.00048339757266989864,0.0,7.207096479422569e-06,0.0004761904761904761,False
2025-09-08 13:30:00+00:00,0.010655262339925494,0.360689588705322,3.999999999999999,0.0,0.00048339757266989864,0.0,7.207096479422569e-06,0.0004761904761904761,False
2025-09-09 13:30:00+00:00,-0.003607676071875286,0.35938833750677524,3.999999999999999,0.0,0.00048339757266989864,0.0,7.207096479422569e-06,0.0004761904761904761,False
2025-09-10 13:30:00+00:00,0.006651572452158539,0.36177883507216235,3.999999999999999,0.0,0.00048339757266989864,0.0,7.207096479422569e-06,0.0004761904761904761,False
2025-09-11 13:30:00+00:00,0.016081014648075546,0.36759660581832154,3.999999999999999,0.0,0.00048339757266989864,0.0,7.207096479422569e-06,0.0004761904761904761,False
2025-09-12 13:30:00+00:00,-0.004374128441928714,0.36598869104965515,3.999999999999999,0.0,0.00048339757266989864,0.0,7.207096479422569e-06,0.0004761904761904761,False
2025-09-15 13:30:00+00:00,0.010946498547013099,0.36999498572445344,3.999999999999999,0.0,0.00048339757266989864,0.0,7.207096479422569e-06,0.0004761904761904761,False
2025-09-16 13:30:00+00:00,-0.00242734425631967,0.3690968805209881,3.999999999999999,0.0,0.00048339757266989864,0.0,7.207096479422569e-06,0.0004761904761904761,False
2025-09-17 13:30:00+00:00,-0.0046616256549437815,0.36737628903359176,3.999999999999999,0.0,0.00048339757266989864,0.0,7.207096479422569e-06,0.0004761904761904761,False
2025-09-18 13:30:00+00:00,0.00246350488523873,0.3682813223163469,3.999999999999999,0.0,0.00048339757266989864,0.0,7.207096479422569e-06,0.0004761904761904761,False
2025-09-19 13:30:00+00:00,-0.000752533130527655,0.3680041784199493,3.999999999999999,0.0,0.00048339757266989864,0.0,7.207096479422569e-06,0.0004761904761904761,False
2025-09-22 13:30:00+00:00,0.005055681942283693,0.369864690499472,3.9999999999999996,0.750346867198917,0.0010076589145002427,0.0005252428070392418,6.225631270524637e-06,0.00047619047619047614,True
2025-09-23 13:30:00+00:00,0.002338828684227229,0.370729740646895,3.9999999999999996,0.0,0.00048241610746100076,0.0,6.225631270524637e-06,0.00047619047619047614,False
2025-09-24 13:30:00+00:00,-0.009760107512443746,0.36711137852012093,3.9999999999999996,0.0,0.00048241610746100076,0.0,6.225631270524637e-06,0.00047619047619047614,False
2025-09-25 13:30:00+00:00,-0.008102565257277072,0.3641368346189727,3.9999999999999996,0.0,0.00048241610746100076,0.0,6.225631270524637e-06,0.00047619047619047614,False
2025-09-26 13:30:00+00:00,0.0069108621153226675,0.3666533340741345,3.9999999999999996,0.0,0.00048241610746100076,0.0,6.225631270524637e-06,0.00047619047619047614,False
2025-09-29 13:30:00+00:00,0.01065501873879158,0.37056003221933476,3.9999999999999996,0.0,0.00048241610746100076,0.0,6.225631270524637e-06,0.00047619047619047614,False
2025-09-30 13:30:00+00:00,0.0018759194112630368,0.37125517297681326,3.9999999999999996,0.0,0.00048241610746100076,0.0,6.225631270524637e-06,0.00047619047619047614,False
2025-10-01 13:30:00+00:00,0.008641584153681431,0.37446340579658194,3.9999999999999996,0.0,0.00048241610746100076,0.0,6.225631270524637e-06,0.00047619047619047614,False
2025-10-02 13:30:00+00:00,0.0010932425428433388,0.3748727851225368,3.9999999999999996,0.0,0.00048241610746100076,0.0,6.225631270524637e-06,0.00047619047619047614,False
2025-10-03 13:30:00+00:00,0.0022486475533733783,0.3757157418936289,3.9999999999999996,0.0,0.00048241610746100076,0.0,6.225631270524637e-06,0.00047619047619047614,False
2025-10-06 13:30:00+00:00,0.008426315128668899,0.37888164113362627,3.9999999999999996,0.0,0.00048241610746100076,0.0,6.225631270524637e-06,0.00047619047619047614,False
2025-10-07 13:30:00+00:00,-0.0004538075167120321,0.37870970179693564,3.9999999999999996,0.0,0.00048241610746100076,0.0,6.225631270524637e-06,0.00047619047619047614,False
2025-10-08 13:30:00+00:00,0.006728525907752358,0.38125785983699345,3.9999999999999996,0.0,0.00048241610746100076,0.0,6.225631270524637e-06,0.00047619047619047614,False
2025-10-09 13:30:00+00:00,-0.015265107850475072,0.3754379174877404,3.9999999999999996,0.0,0.00048241610746100076,0.0,6.225631270524637e-06,0.00047619047619047614,False
2025-10-10 13:30:00+00:00,-0.024292371110983237,0.36631764026699354,3.9999999999999996,0.0,0.00048241610746100076,0.0,6.225631270524637e-06,0.00047619047619047614,False
2025-10-13 13:30:00+00:00,0.028172628992532447,0.37663777123965547,3.9999999999999996,0.0,0.00048241610746100076,0.0,6.225631270524637e-06,0.00047619047619047614,False
2025-10-14 13:30:00+00:00,0.0030192320759548654,0.37777492807959834,3.9999999999999996,0.0,0.00048241610746100076,0.0,6.225631270524637e-06,0.00047619047619047614,False
2025-10-15 13:30:00+00:00,0.013264057869120926,0.38278575658714914,3.9999999999999996,0.0,0.00048241610746100076,0.0,6.225631270524637e-06,0.00047619047619047614,False
2025-10-16 13:30:00+00:00,0.0053580030526102,0.3848367238394388,3.9999999999999996,0.0,0.00048241610746100076,0.0,6.225631270524637e-06,0.00047619047619047614,False
2025-10-17 13:30:00+00:00,-0.0020183455262778537,0.38405999035953003,3.9999999999999996,0.0,0.00048241610746100076,0.0,6.225631270524637e-06,0.00047619047619047614,False
2025-10-20 13:30:00+00:00,0.021580048960870696,0.3923480237554002,3.9999999999999996,0.0,0.00048241610746100076,0.0,6.225631270524637e-06,0.00047619047619047614,False
2025-10-21 13:30:00+00:00,-0.011843014627371608,0.38770144037104465,4.0,1.43547796502365,0.0014911516968944814,0.001004834575516555,1.0126645187450077e-05,0.0004761904761904762,True
2025-10-22 13:30:00+00:00,-0.004651386752250608,0.3858980910274743,4.0,0.0,0.00048631712137792626,0.0,1.0126645187450077e-05,0.0004761904761904762,False
2025-10-23 13:30:00+00:00,-5.9846825004525534e-05,0.38587499625195104,4.0,0.0,0.00048631712137792626,0.0,1.0126645187450077e-05,0.0004761904761904762,False
2025-10-24 13:30:00+00:00,0.006910738961456119,0.3885416776228012,4.0,0.0,0.00048631712137792626,0.0,1.0126645187450077e-05,0.0004761904761904762,False
2025-10-27 13:30:00+00:00,0.005018916564539847,0.3904917358846363,4.0,0.0,0.00048631712137792626,0.0,1.0126645187450077e-05,0.0004761904761904762,False
2025-10-28 13:30:00+00:00,-0.0017322852339521468,0.389815292816583,4.0,0.0,0.00048631712137792626,0.0,1.0126645187450077e-05,0.0004761904761904762,False
2025-10-29 13:30:00+00:00,-0.011118962630548897,0.38548095114293895,4.0,0.0,0.00048631712137792626,0.0,1.0126645187450077e-05,0.0004761904761904762,False
2025-10-30 13:30:00+00:00,-0.0048994163177676,0.38359231948072064,4.0,0.0,0.00048631712137792626,0.0,1.0126645187450077e-05,0.0004761904761904762,False
2025-10-31 13:30:00+00:00,-0.0031786470596751677,0.38237301488228925,4.0,0.0,0.00048631712137792626,0.0,1.0126645187450077e-05,0.0004761904761904762,False
2025-11-03 14:30:00+00:00,-0.002617610513771518,0.38137211125835085,4.0,0.0,0.00048631712137792626,0.0,1.0126645187450077e-05,0.0004761904761904762,False
2025-11-04 14:30:00+00:00,-0.008556098854831783,0.3781090537739485,4.0,0.0,0.00048631712137792626,0.0,1.0126645187450077e-05,0.0004761904761904762,False
2025-11-05 14:30:00+00:00,0.0011346871957902383,0.3785380892758782,4.0,0.0,0.00048631712137792626,0.0,1.0126645187450077e-05,0.0004761904761904762,False
2025-11-06 14:30:00+00:00,-0.0016202020369601375,0.3779247810925664,4.0,0.0,0.00048631712137792626,0.0,1.0126645187450077e-05,0.0004761904761904762,False
2025-11-07 14:30:00+00:00,0.0013734114047454292,0.37844382729705484,4.0,0.0,0.00048631712137792626,0.0,1.0126645187450077e-05,0.0004761904761904762,False
2025-11-10 14:30:00+00:00,0.016920774994746552,0.38484739014689906,4.0,0.0,0.00048631712137792626,0.0,1.0126645187450077e-05,0.0004761904761904762,False
2025-11-11 14:30:00+00:00,0.007851887618168798,0.38786916860447807,4.0,0.0,0.00048631712137792626,0.0,1.0126645187450077e-05,0.0004761904761904762,False
2025-11-12 14:30:00+00:00,0.006578021394436534,0.39042058029380067,4.0,0.0,0.00048631712137792626,0.0,1.0126645187450077e-05,0.0004761904761904762,False
2025-11-13 14:30:00+00:00,-0.023473109501936932,0.38125619526075455,4.0,0.0,0.00048631712137792626,0.0,1.0126645187450077e-05,0.0004761904761904762,False
2025-11-14 14:30:00+00:00,-0.009207625639164257,0.37774573094218145,4.0,0.0,0.00048631712137792626,0.0,1.0126645187450077e-05,0.0004761904761904762,False
2025-11-17 14:30:00+00:00,-0.007403776440218365,0.37494898599903864,4.0,0.0,0.00048631712137792626,0.0,1.0126645187450077e-05,0.0004761904761904762,False
2025-11-18 14:30:00+00:00,-0.004118956783991239,0.37340458732950726,4.0,0.0,0.00048631712137792626,0.0,1.0126645187450077e-05,0.0004761904761904762,False
2025-11-19 14:30:00+00:00,0.0008083582022774716,0.3737064319904431,4.000000000000001,2.202085556350202,0.0020378857613369173,0.0015414598894451415,2.0235395701299667e-05,0.00047619047619047635,True
2025-11-20 14:30:00+00:00,-0.0067191581611508785,0.37119543936806,4.000000000000001,0.0,0.000496425871891776,0.0,2.0235395701299667e-05,0.00047619047619047635,False
2025-11-21 14:30:00+00:00,-0.003671431828461737,0.36983262061738426,4.000000000000001,0.0,0.000496425871891776,0.0,2.0235395701299667e-05,0.00047619047619047635,False
2025-11-24 14:30:00+00:00,0.011750831495479582,0.37417846142379074,4.000000000000001,0.0,0.000496425871891776,0.0,2.0235395701299667e-05,0.00047619047619047635,False
2025-11-25 14:30:00+00:00,-0.0024172979337788955,0.3732739606021265,4.000000000000001,0.0,0.000496425871891776,0.0,2.0235395701299667e-05,0.00047619047619047635,False
2025-11-26 14:30:00+00:00,0.009259456892877077,0.37673027474955534,4.000000000000001,0.0,0.000496425871891776,0.0,2.0235395701299667e-05,0.00047619047619047635,False
2025-11-28 14:30:00+00:00,0.0043724024654371784,0.3783774911316751,4.000000000000001,0.0,0.000496425871891776,0.0,2.0235395701299667e-05,0.00047619047619047635,False
2025-12-01 14:30:00+00:00,-0.005052021950868187,0.3764659197407635,4.000000000000001,0.0,0.000496425871891776,0.0,2.0235395701299667e-05,0.00047619047619047635,False
2025-12-02 14:30:00+00:00,0.0004549113559605408,0.37663717836278565,4.000000000000001,0.0,0.000496425871891776,0.0,2.0235395701299667e-05,0.00047619047619047635,False
2025-12-03 14:30:00+00:00,0.001305225485248589,0.3771287748066769,4.000000000000001,0.0,0.000496425871891776,0.0,2.0235395701299667e-05,0.00047619047619047635,False
2025-12-04 14:30:00+00:00,0.001565735212218476,0.3777192586089325,4.000000000000001,0.0,0.000496425871891776,0.0,2.0235395701299667e-05,0.00047619047619047635,False
2025-12-05 14:30:00+00:00,0.0019412307606926332,0.37845249885265014,4.000000000000001,0.0,0.000496425871891776,0.0,2.0235395701299667e-05,0.00047619047619047635,False
2025-12-08 14:30:00+00:00,-0.007664591842646824,0.3755518149171148,4.000000000000001,0.0,0.000496425871891776,0.0,2.0235395701299667e-05,0.00047619047619047635,False
2025-12-09 14:30:00+00:00,0.00019696706348179245,0.3756257862552843,4.000000000000001,0.0,0.000496425871891776,0.0,2.0235395701299667e-05,0.00047619047619047635,False
2025-12-10 14:30:00+00:00,0.0064521324430921526,0.37804937357724405,4.000000000000001,0.0,0.000496425871891776,0.0,2.0235395701299667e-05,0.00047619047619047635,False
2025-12-11 14:30:00+00:00,-0.006242680862814286,0.37568933198761445,4.000000000000001,0.0,0.000496425871891776,0.0,2.0235395701299667e-05,0.00047619047619047635,False
2025-12-12 14:30:00+00:00,-0.013095568436738059,0.37076946662961824,4.000000000000001,0.0,0.000496425871891776,0.0,2.0235395701299667e-05,0.00047619047619047635,False
2025-12-15 14:30:00+00:00,-0.0048965890652253674,0.3689539609136002,4.000000000000001,0.0,0.000496425871891776,0.0,2.0235395701299667e-05,0.00047619047619047635,False
2025-12-16 14:30:00+00:00,-0.002963567377150948,0.36786054099136606,4.000000000000001,0.0,0.000496425871891776,0.0,2.0235395701299667e-05,0.00047619047619047635,False
2025-12-17 14:30:00+00:00,0.002773818690571081,0.3688809194354915,4.000000000000001,0.0,0.000496425871891776,0.0,2.0235395701299667e-05,0.00047619047619047635,False
2025-12-18 14:30:00+00:00,0.007345001322149177,0.3715903502764608,4.000000000000001,0.0,0.000496425871891776,0.0,2.0235395701299667e-05,0.00047619047619047635,False
2025-12-19 14:30:00+00:00,0.001595218406111093,0.37218311804275506,4.000000000000001,2.9790588490476906,0.0025787520551007275,0.0020853411943333833,1.7220384576867897e-05,0.00047619047619047635,True
2025-12-22 14:30:00+00:00,0.0012540908519091392,0.3726498694863275,4.000000000000001,0.0,0.0004934108607673442,0.0,1.7220384576867897e-05,0.00047619047619047635,False
2025-12-23 14:30:00+00:00,0.004790229516462789,0.3744349478904469,4.000000000000001,0.0,0.0004934108607673442,0.0,1.7220384576867897e-05,0.00047619047619047635,False
2025-12-24 14:30:00+00:00,0.004096124463122064,0.37596868004034883,4.000000000000001,0.0,0.0004934108607673442,0.0,1.7220384576867897e-05,0.00047619047619047635,False
2025-12-26 14:30:00+00:00,0.005429208586888478,0.3780098924264251,4.000000000000001,0.0,0.0004934108607673442,0.0,1.7220384576867897e-05,0.00047619047619047635,False
2025-12-29 14:30:00+00:00,-0.006372202717559356,0.3756011367626411,4.000000000000001,0.0,0.0004934108607673442,0.0,1.7220384576867897e-05,0.00047619047619047635,False
2025-12-30 14:30:00+00:00,-0.0033534378948826956,0.3743415816772602,4.000000000000001,0.0,0.0004934108607673442,0.0,1.7220384576867897e-05,0.00047619047619047635,False
2025-12-31 14:30:00+00:00,-0.008454133961726425,0.3711768477983161,4.000000000000001,0.0,0.0004934108607673442,0.0,1.7220384576867897e-05,0.00047619047619047635,False
2026-01-02 14:30:00+00:00,0.003786956744874813,0.3725824784656273,4.000000000000001,0.0,0.0004934108607673442,0.0,1.7220384576867897e-05,0.00047619047619047635,False
2026-01-05 14:30:00+00:00,0.01215898372735471,0.3771127027583884,4.000000000000001,0.0,0.0004934108607673442,0.0,1.7220384576867897e-05,0.00047619047619047635,False
2026-01-06 14:30:00+00:00,0.0027895714986496552,0.3781646856057819,4.000000000000001,0.0,0.0004934108607673442,0.0,1.7220384576867897e-05,0.00047619047619047635,False
2026-01-07 14:30:00+00:00,0.0010330471693669892,0.3785553475638015,4.000000000000001,0.0,0.0004934108607673442,0.0,1.7220384576867897e-05,0.00047619047619047635,False
2026-01-08 14:30:00+00:00,-0.009625211973437076,0.3749116720998218,4.000000000000001,0.0,0.0004934108607673442,0.0,1.7220384576867897e-05,0.00047619047619047635,False
2026-01-09 14:30:00+00:00,0.008888559649032126,0.37824409686039945,4.000000000000001,0.0,0.0004934108607673442,0.0,1.7220384576867897e-05,0.00047619047619047635,False
2026-01-12 14:30:00+00:00,0.003685853783153603,0.3796382492957679,4.000000000000001,0.0,0.0004934108607673442,0.0,1.7220384576867897e-05,0.00047619047619047635,False
2026-01-13 14:30:00+00:00,-0.0026583165290313,0.3786290506626125,4.000000000000001,0.0,0.0004934108607673442,0.0,1.7220384576867897e-05,0.00047619047619047635,False
2026-01-14 14:30:00+00:00,0.002862330246906529,0.3797128120466816,4.000000000000001,0.0,0.0004934108607673442,0.0,1.7220384576867897e-05,0.00047619047619047635,False
2026-01-15 14:30:00+00:00,-0.003985808812488809,0.37819934937421107,4.000000000000001,0.0,0.0004934108607673442,0.0,1.7220384576867897e-05,0.00047619047619047635,False
2026-01-16 14:30:00+00:00,-0.010340952511875313,0.3742884078623102,4.000000000000001,0.0,0.0004934108607673442,0.0,1.7220384576867897e-05,0.00047619047619047635,False
2026-01-20 14:30:00+00:00,-0.005822526333416329,0.37210910375123946,4.000000000000001,0.0,0.0004934108607673442,0.0,1.7220384576867897e-05,0.00047619047619047635,False
2026-01-21 14:30:00+00:00,0.013113997604411922,0.37698894164641306,4.000000000000001,0.0,0.0004934108607673442,0.0,1.7220384576867897e-05,0.00047619047619047635,False
2026-01-22 14:30:00+00:00,0.001869060934814213,0.3776935569501013,3.9999999999999996,3.495318939586954,0.0029392817323477057,0.002446723257710868,1.6367998446361912e-05,0.00047619047619047614,True
2026-01-23 14:30:00+00:00,0.0011630084787929873,0.3781328177592198,3.9999999999999996,0.0,0.000492558474636838,0.0,1.6367998446361912e-05,0.00047619047619047614,False
2026-01-26 14:30:00+00:00,3.2081991815038945e-05,0.3781449490131842,3.9999999999999996,0.0,0.000492558474636838,0.0,1.6367998446361912e-05,0.00047619047619047614,False
2026-01-27 14:30:00+00:00,0.01309862113089709,0.3830981264328702,3.9999999999999996,0.0,0.000492558474636838,0.0,1.6367998446361912e-05,0.00047619047619047614,False
2026-01-28 14:30:00+00:00,0.006181747723519941,0.3854663424038314,3.9999999999999996,0.0,0.000492558474636838,0.0,1.6367998446361912e-05,0.00047619047619047614,False
2026-01-29 14:30:00+00:00,0.007209943424657335,0.38824553292467257,3.9999999999999996,0.0,0.000492558474636838,0.0,1.6367998446361912e-05,0.00047619047619047614,False
2026-01-30 14:30:00+00:00,-0.025038068975509677,0.37852461449187114,3.9999999999999996,0.0,0.000492558474636838,0.0,1.6367998446361912e-05,0.00047619047619047614,False
2026-02-02 14:30:00+00:00,-0.012190800211311548,0.373910096541537,3.9999999999999996,0.0,0.000492558474636838,0.0,1.6367998446361912e-05,0.00047619047619047614,False
2026-02-03 14:30:00+00:00,0.013861634859979675,0.3790931017702555,3.9999999999999996,0.0,0.000492558474636838,0.0,1.6367998446361912e-05,0.00047619047619047614,False
2026-02-04 14:30:00+00:00,0.0028771867555763527,0.38018382342179924,3.9999999999999996,0.0,0.000492558474636838,0.0,1.6367998446361912e-05,0.00047619047619047614,False
2026-02-05 14:30:00+00:00,-0.01976776927162249,0.37266843731959387,3.9999999999999996,0.0,0.000492558474636838,0.0,1.6367998446361912e-05,0.00047619047619047614,False
2026-02-06 14:30:00+00:00,0.031176262305263814,0.3842868462743623,3.9999999999999996,0.0,0.000492558474636838,0.0,1.6367998446361912e-05,0.00047619047619047614,False
2026-02-09 14:30:00+00:00,0.011562742304023403,0.38873025604865863,3.9999999999999996,0.0,0.000492558474636838,0.0,1.6367998446361912e-05,0.00047619047619047614,False
2026-02-10 14:30:00+00:00,-0.007504067421970762,0.38581319799830954,3.9999999999999996,0.0,0.000492558474636838,0.0,1.6367998446361912e-05,0.00047619047619047614,False
2026-02-11 14:30:00+00:00,0.005328013207647363,0.3878688158129292,3.9999999999999996,0.0,0.000492558474636838,0.0,1.6367998446361912e-05,0.00047619047619047614,False
2026-02-12 14:30:00+00:00,-0.02557258197074088,0.3779500087266589,3.9999999999999996,0.0,0.000492558474636838,0.0,1.6367998446361912e-05,0.00047619047619047614,False
2026-02-13 14:30:00+00:00,0.008778680034612811,0.38126791092234935,3.9999999999999996,0.0,0.000492558474636838,0.0,1.6367998446361912e-05,0.00047619047619047614,False
2026-02-17 14:30:00+00:00,-0.005155218086204214,0.37930239169227314,3.9999999999999996,0.0,0.000492558474636838,0.0,1.6367998446361912e-05,0.00047619047619047614,False
2026-02-18 14:30:00+00:00,0.0176113308085581,0.38598241158884306,3.9999999999999996,0.0,0.000492558474636838,0.0,1.6367998446361912e-05,0.00047619047619047614,False
2026-02-19 14:30:00+00:00,0.0018495424078061936,0.38669630242774394,3.9999999999999996,0.0,0.000492558474636838,0.0,1.6367998446361912e-05,0.00047619047619047614,False
2026-02-20 14:30:00+00:00,0.015167521476073826,0.3925615268995351,3.9999999999999996,0.0,0.000492558474636838,0.0,1.6367998446361912e-05,0.00047619047619047614,False
2026-02-23 14:30:00+00:00,-0.0026476702474017757,0.3915221534244886,3.999999999999999,3.3563524690229776,0.0028325828459245857,0.0023494467283160844,6.945641418025333e-06,0.0004761904761904761,True
2026-02-24 14:30:00+00:00,0.0011183524221455169,0.3919600131730945,3.999999999999999,0.0,0.0004831361176085014,0.0,6.945641418025333e-06,0.0004761904761904761,False
2026-02-25 14:30:00+00:00,0.004882340801333411,0.3938736955379007,3.999999999999999,0.0,0.0004831361176085014,0.0,6.945641418025333e-06,0.0004761904761904761,False
2026-02-26 14:30:00+00:00,0.0003565610022528903,0.3940141355375427,3.999999999999999,0.0,0.0004831361176085014,0.0,6.945641418025333e-06,0.0004761904761904761,False
2026-02-27 14:30:00+00:00,0.00519038983144883,0.3960592225000839,3.999999999999999,0.0,0.0004831361176085014,0.0,6.945641418025333e-06,0.0004761904761904761,False
2026-03-02 14:30:00+00:00,-0.013417733492073317,0.3907450054055,3.999999999999999,0.0,0.0004831361176085014,0.0,6.945641418025333e-06,0.0004761904761904761,False
2026-03-03 14:30:00+00:00,-0.023100522645474946,0.38171859155952403,3.999999999999999,0.0,0.0004831361176085014,0.0,6.945641418025333e-06,0.0004761904761904761,False
2026-03-04 14:30:00+00:00,0.011025640620093072,0.38592728356806744,3.999999999999999,0.0,0.0004831361176085014,0.0,6.945641418025333e-06,0.0004761904761904761,False
2026-03-05 14:30:00+00:00,-0.01720681696929668,0.3792867034362538,3.999999999999999,0.0,0.0004831361176085014,0.0,6.945641418025333e-06,0.0004761904761904761,False
2026-03-06 14:30:00+00:00,-0.0011265481636395383,0.3788594186970048,3.999999999999999,0.0,0.0004831361176085014,0.0,6.945641418025333e-06,0.0004761904761904761,False
2026-03-09 13:30:00+00:00,0.01435162960779425,0.38429666874756846,3.999999999999999,0.0,0.0004831361176085014,0.0,6.945641418025333e-06,0.0004761904761904761,False
2026-03-10 13:30:00+00:00,-0.0057090160384666985,0.38210271290215925,3.999999999999999,0.0,0.0004831361176085014,0.0,6.945641418025333e-06,0.0004761904761904761,False
2026-03-11 13:30:00+00:00,-0.014408544760865274,0.37659716886006045,3.999999999999999,0.0,0.0004831361176085014,0.0,6.945641418025333e-06,0.0004761904761904761,False
2026-03-12 13:30:00+00:00,-0.01866474995343453,0.36956807687011606,3.999999999999999,0.0,0.0004831361176085014,0.0,6.945641418025333e-06,0.0004761904761904761,False
2026-03-13 13:30:00+00:00,-0.015394714289802621,0.3638786819160688,3.999999999999999,0.0,0.0004831361176085014,0.0,6.945641418025333e-06,0.0004761904761904761,False
2026-03-16 13:30:00+00:00,0.020882668985730934,0.37147743998148613,3.999999999999999,0.0,0.0004831361176085014,0.0,6.945641418025333e-06,0.0004761904761904761,False
2026-03-17 13:30:00+00:00,0.01647808494429417,0.37759867679239,3.999999999999999,0.0,0.0004831361176085014,0.0,6.945641418025333e-06,0.0004761904761904761,False
2026-03-18 13:30:00+00:00,-0.026333642329459606,0.367655128293662,3.999999999999999,0.0,0.0004831361176085014,0.0,6.945641418025333e-06,0.0004761904761904761,False
2026-03-19 13:30:00+00:00,0.006494076879109691,0.37004270896179997,3.999999999999999,0.0,0.0004831361176085014,0.0,6.945641418025333e-06,0.0004761904761904761,False
2026-03-20 13:30:00+00:00,-0.046061626897173906,0.352997939765582,3.999999999999999,0.0,0.0004831361176085014,0.0,6.945641418025333e-06,0.0004761904761904761,False
2026-03-23 13:30:00+00:00,0.016407067402298844,0.3587896007561886,3.999999999999999,0.0,0.0004831361176085014,0.0,6.945641418025333e-06,0.0004761904761904761,False
2026-03-24 13:30:00+00:00,0.010410139375791376,0.36252465050664506,4.000000000000001,6.965387460626292,0.005403303776657047,0.004875771222438405,5.134207802816611e-05,0.00047619047619047635,True
2026-03-25 13:30:00+00:00,-0.004894248376881978,0.3607503648243232,4.000000000000001,0.0,0.0005275325542186425,0.0,5.134207802816611e-05,0.00047619047619047635,False
2026-03-26 13:30:00+00:00,0.019443222021855444,0.36776451426206785,4.000000000000001,0.0,0.0005275325542186425,0.0,5.134207802816611e-05,0.00047619047619047635,False
2026-03-27 13:30:00+00:00,0.018138429906485863,0.37443518512610324,4.000000000000001,0.0,0.0005275325542186425,0.0,5.134207802816611e-05,0.00047619047619047635,False
2026-03-30 13:30:00+00:00,-0.002745562723194319,0.37340714983956863,4.000000000000001,0.0,0.0005275325542186425,0.0,5.134207802816611e-05,0.00047619047619047635,False
2026-03-31 13:30:00+00:00,-0.01671543153341824,0.36716548819233646,4.000000000000001,0.0,0.0005275325542186425,0.0,5.134207802816611e-05,0.00047619047619047635,False
2026-04-01 13:30:00+00:00,-0.004317244998154526,0.3655803448249431,4.000000000000001,0.0,0.0005275325542186425,0.0,5.134207802816611e-05,0.00047619047619047635,False
2026-04-02 13:30:00+00:00,0.015567682437595999,0.37127158353860473,4.000000000000001,0.0,0.0005275325542186425,0.0,5.134207802816611e-05,0.00047619047619047635,False
2026-04-06 13:30:00+00:00,0.002234886295206144,0.37210133331245465,4.000000000000001,0.0,0.0005275325542186425,0.0,5.134207802816611e-05,0.00047619047619047635,False
2026-04-07 13:30:00+00:00,-0.006032975201103849,0.36985645519628296,4.000000000000001,0.0,0.0005275325542186425,0.0,5.134207802816611e-05,0.00047619047619047635,False
2026-04-08 13:30:00+00:00,-0.026766492456322268,0.35995669517834955,4.000000000000001,0.0,0.0005275325542186425,0.0,5.134207802816611e-05,0.00047619047619047635,False
2026-04-09 13:30:00+00:00,0.0034721104793401145,0.3612065045917869,4.000000000000001,0.0,0.0005275325542186425,0.0,5.134207802816611e-05,0.00047619047619047635,False
2026-04-10 13:30:00+00:00,0.00027120930407539194,0.3613044671565247,4.000000000000001,0.0,0.0005275325542186425,0.0,5.134207802816611e-05,0.00047619047619047635,False
2026-04-13 13:30:00+00:00,-0.0009558958429134178,0.3609590977183437,4.000000000000001,0.0,0.0005275325542186425,0.0,5.134207802816611e-05,0.00047619047619047635,False
2026-04-14 13:30:00+00:00,-0.012968981592335772,0.3562778258244484,4.000000000000001,0.0,0.0005275325542186425,0.0,5.134207802816611e-05,0.00047619047619047635,False
2026-04-15 13:30:00+00:00,-7.951030228723949e-05,0.3562494980668188,4.000000000000001,0.0,0.0005275325542186425,0.0,5.134207802816611e-05,0.00047619047619047635,False
2026-04-16 13:30:00+00:00,0.013649534583019988,0.36111213791086544,4.000000000000001,0.0,0.0005275325542186425,0.0,5.134207802816611e-05,0.00047619047619047635,False
2026-04-17 13:30:00+00:00,-0.0231789976987038,0.3527419204972555,4.000000000000001,0.0,0.0005275325542186425,0.0,5.134207802816611e-05,0.00047619047619047635,False
2026-04-20 13:30:00+00:00,0.006905721361563255,0.35517785791275225,4.000000000000001,0.0,0.0005275325542186425,0.0,5.134207802816611e-05,0.00047619047619047635,False
2026-04-21 13:30:00+00:00,0.01851653583504687,0.36175452144660897,4.000000000000001,0.0,0.0005275325542186425,0.0,5.134207802816611e-05,0.00047619047619047635,False
2026-04-22 13:30:00+00:00,-0.0001333706309471712,0.3617062740178356,4.000000000000001,0.0,0.0005275325542186425,0.0,5.134207802816611e-05,0.00047619047619047635,False
2026-04-23 13:30:00+00:00,-0.006756219873932103,0.35926250690079037,3.9999999999999996,5.873195129991048,0.004595565412341354,0.004111236590993734,8.138345157143793e-06,0.00047619047619047614,True
2026-04-24 13:30:00+00:00,0.0067669040243765076,0.3616936018045449,3.9999999999999996,0.0,0.0004843288213476199,0.0,8.138345157143793e-06,0.00047619047619047614,False
2026-04-27 13:30:00+00:00,-0.0053438323573296274,0.3597607718317827,3.9999999999999996,0.0,0.0004843288213476199,0.0,8.138345157143793e-06,0.00047619047619047614,False
2026-04-28 13:30:00+00:00,0.0010962432330271358,0.36015515714341184,3.9999999999999996,0.0,0.0004843288213476199,0.0,8.138345157143793e-06,0.00047619047619047614,False
2026-04-29 13:30:00+00:00,-0.007220978848589967,0.3575544843714687,3.9999999999999996,0.0,0.0004843288213476199,0.0,8.138345157143793e-06,0.00047619047619047614,False
2026-04-30 13:30:00+00:00,0.004651295744747483,0.3592175760231411,3.9999999999999996,0.0,0.0004843288213476199,0.0,8.138345157143793e-06,0.00047619047619047614,False
2026-05-01 13:30:00+00:00,0.001194587063551213,0.3596466926924586,3.9999999999999996,0.0,0.0004843288213476199,0.0,8.138345157143793e-06,0.00047619047619047614,False
2026-05-04 13:30:00+00:00,-0.010442918118835194,0.35589093172896136,3.9999999999999996,0.0,0.0004843288213476199,0.0,8.138345157143793e-06,0.00047619047619047614,False
2026-05-05 13:30:00+00:00,0.012149288748356126,0.360214753421458,3.9999999999999996,0.0,0.0004843288213476199,0.0,8.138345157143793e-06,0.00047619047619047614,False
2026-05-06 13:30:00+00:00,0.014427630594936224,0.3654117988186688,3.9999999999999996,0.0,0.0004843288213476199,0.0,8.138345157143793e-06,0.00047619047619047614,False
2026-05-07 13:30:00+00:00,-0.01369090567424931,0.36040898034878466,3.9999999999999996,0.0,0.0004843288213476199,0.0,8.138345157143793e-06,0.00047619047619047614,False
2026-05-08 13:30:00+00:00,0.014297572450274802,0.36556195385705104,3.9999999999999996,0.0,0.0004843288213476199,0.0,8.138345157143793e-06,0.00047619047619047614,False
2026-05-11 13:30:00+00:00,-0.0005759524100809284,0.36535140756869317,3.9999999999999996,0.0,0.0004843288213476199,0.0,8.138345157143793e-06,0.00047619047619047614,False
2026-05-12 13:30:00+00:00,-0.007379631269607232,0.3626552488970042,3.9999999999999996,0.0,0.0004843288213476199,0.0,8.138345157143793e-06,0.00047619047619047614,False
2026-05-13 13:30:00+00:00,-0.00018663196712318192,0.36258756583451496,3.9999999999999996,0.0,0.0004843288213476199,0.0,8.138345157143793e-06,0.00047619047619047614,False
2026-05-14 13:30:00+00:00,-0.0014184304594402149,0.36207326058692096,3.9999999999999996,0.0,0.0004843288213476199,0.0,8.138345157143793e-06,0.00047619047619047614,False
2026-05-15 13:30:00+00:00,-0.027393767461201014,0.352154709882484,3.9999999999999996,0.0,0.0004843288213476199,0.0,8.138345157143793e-06,0.00047619047619047614,False
2026-05-18 13:30:00+00:00,0.00440429246598272,0.3537057022180797,3.9999999999999996,0.0,0.0004843288213476199,0.0,8.138345157143793e-06,0.00047619047619047614,False
2026-05-19 13:30:00+00:00,-0.01121775499033304,0.34973791831191353,3.9999999999999996,0.0,0.0004843288213476199,0.0,8.138345157143793e-06,0.00047619047619047614,False
2026-05-20 13:30:00+00:00,0.01972816537898096,0.3566376058036715,3.9999999999999996,0.0,0.0004843288213476199,0.0,8.138345157143793e-06,0.00047619047619047614,False
2026-05-21 13:30:00+00:00,0.0035309933831492194,0.35789689082994647,3.9999999999999996,0.0,0.0004843288213476199,0.0,8.138345157143793e-06,0.00047619047619047614,False
2026-05-22 13:30:00+00:00,-0.003987450387020016,0.35646979473409335,4.0,4.935437055806787,0.003958892037716623,0.003454805939064751,2.7895622461395544e-05,0.0004761904761904762,True
2026-05-26 13:30:00+00:00,0.002382360926960606,0.3573190344447095,4.0,0.0,0.0005040860986518718,0.0,2.7895622461395544e-05,0.0004761904761904762,False
2026-05-27 13:30:00+00:00,-0.009463253439400071,0.35393763386303756,4.0,0.0,0.0005040860986518718,0.0,2.7895622461395544e-05,0.0004761904761904762,False
2026-05-28 13:30:00+00:00,-0.0032000194101159916,0.3528050265647053,4.0,0.0,0.0005040860986518718,0.0,2.7895622461395544e-05,0.0004761904761904762,False
2026-05-29 13:30:00+00:00,-0.008607523002364798,0.3497682491831997,4.0,0.0,0.0005040860986518718,0.0,2.7895622461395544e-05,0.0004761904761904762,False
2026-06-01 13:30:00+00:00,0.011491864391638896,0.353787738471314,4.0,0.0,0.0005040860986518718,0.0,2.7895622461395544e-05,0.0004761904761904762,False
2026-06-02 13:30:00+00:00,0.006241137265803642,0.3559957763100717,4.0,0.0,0.0005040860986518718,0.0,2.7895622461395544e-05,0.0004761904761904762,False
2026-06-03 13:30:00+00:00,0.0033856348393745796,0.3572010480130173,4.0,0.0,0.0005040860986518718,0.0,2.7895622461395544e-05,0.0004761904761904762,False
2026-06-04 13:30:00+00:00,-0.0016639291502683483,0.356606690776722,4.0,0.0,0.0005040860986518718,0.0,2.7895622461395544e-05,0.0004761904761904762,False
2026-06-05 13:30:00+00:00,-0.01517599550566966,0.3511948292402028,4.0,0.0,0.0005040860986518718,0.0,2.7895622461395544e-05,0.0004761904761904762,False
2026-06-08 13:30:00+00:00,0.003989068409631338,0.3525957694391507,4.0,0.0,0.0005040860986518718,0.0,2.7895622461395544e-05,0.0004761904761904762,False
2026-06-09 13:30:00+00:00,-0.00010675425334280672,0.3525581283410524,4.0,0.0,0.0005040860986518718,0.0,2.7895622461395544e-05,0.0004761904761904762,False
2026-06-10 13:30:00+00:00,-0.0030891817365568414,0.35146901220990656,4.0,0.0,0.0005040860986518718,0.0,2.7895622461395544e-05,0.0004761904761904762,False
2026-06-11 13:30:00+00:00,-0.0018579965572690317,0.3508159839952338,4.0,0.0,0.0005040860986518718,0.0,2.7895622461395544e-05,0.0004761904761904762,False
2026-06-12 13:30:00+00:00,0.003935013221943635,0.35219644953072415,4.0,0.0,0.0005040860986518718,0.0,2.7895622461395544e-05,0.0004761904761904762,False
2026-06-15 13:30:00+00:00,0.0038731586191583342,0.35356056224486104,4.0,0.0,0.0005040860986518718,0.0,2.7895622461395544e-05,0.0004761904761904762,False
2026-06-16 13:30:00+00:00,-0.015152273371970037,0.3482033159521795,4.0,0.0,0.0005040860986518718,0.0,2.7895622461395544e-05,0.0004761904761904762,False
2026-06-17 13:30:00+00:00,-0.0037742107149076995,0.3468891232661464,4.0,0.0,0.0005040860986518718,0.0,2.7895622461395544e-05,0.0004761904761904762,False
2026-06-18 13:30:00+00:00,0.013841395564058704,0.3516905528381426,4.0,0.0,0.0005040860986518718,0.0,2.7895622461395544e-05,0.0004761904761904762,False
2026-06-22 13:30:00+00:00,0.007063876832803649,0.3541748515866519,4.0,0.0,0.0005040860986518718,0.0,2.7895622461395544e-05,0.0004761904761904762,False
2026-06-23 13:30:00+00:00,-0.012534328643201368,0.34973550759970773,4.0,0.0,0.0005040860986518718,0.0,2.7895622461395544e-05,0.0004761904761904762,False
2026-06-24 13:30:00+00:00,0.01089622033943865,0.3535463027510396,3.9999999999999996,4.140294247690259,0.0033974243016798244,0.0028982059733831814,2.3027852106166797e-05,0.00047619047619047614,True
2026-06-25 13:30:00+00:00,-0.000542376291808727,0.3533545476183708,3.9999999999999996,0.0,0.000499218328296643,0.0,2.3027852106166797e-05,0.00047619047619047614,False
2026-06-26 13:30:00+00:00,-0.000960197904751321,0.3530152573221133,3.9999999999999996,0.0,0.000499218328296643,0.0,2.3027852106166797e-05,0.00047619047619047614,False
2026-06-29 13:30:00+00:00,0.0007606729202015233,0.3532837864687762,3.9999999999999996,0.0,0.000499218328296643,0.0,2.3027852106166797e-05,0.00047619047619047614,False
2026-06-30 13:30:00+00:00,-0.00839663544961781,0.35031739130353723,3.9999999999999996,0.0,0.000499218328296643,0.0,2.3027852106166797e-05,0.00047619047619047614,False
2026-07-01 13:30:00+00:00,-0.0033216524682607067,0.3491537586760392,3.9999999999999996,0.0,0.000499218328296643,0.0,2.3027852106166797e-05,0.00047619047619047614,False
2026-07-02 13:30:00+00:00,-0.007686731268152801,0.34646990756183105,3.9999999999999996,0.0,0.000499218328296643,0.0,2.3027852106166797e-05,0.00047619047619047614,False
2026-07-06 13:30:00+00:00,0.003990023909384752,0.3478523307768851,3.9999999999999996,0.0,0.000499218328296643,0.0,2.3027852106166797e-05,0.00047619047619047614,False
2026-07-07 13:30:00+00:00,-0.008134385804384366,0.3450227657153916,3.9999999999999996,0.0,0.000499218328296643,0.0,2.3027852106166797e-05,0.00047619047619047614,False
2026-07-08 13:30:00+00:00,-0.0070036616893104,0.3426063429892108,3.9999999999999996,0.0,0.000499218328296643,0.0,2.3027852106166797e-05,0.00047619047619047614,False
2026-07-09 13:30:00+00:00,0.003212581976173659,0.3437069939516207,3.9999999999999996,0.0,0.000499218328296643,0.0,2.3027852106166797e-05,0.00047619047619047614,False
2026-07-10 13:30:00+00:00,-0.0020234181203433593,0.34301153099197024,3.9999999999999996,0.0,0.000499218328296643,0.0,2.3027852106166797e-05,0.00047619047619047614,False
2026-07-13 13:30:00+00:00,-0.0036720009332549407,0.34175199233005055,3.9999999999999996,0.0,0.000499218328296643,0.0,2.3027852106166797e-05,0.00047619047619047614,False
2026-07-14 13:30:00+00:00,-0.0010329759107151944,0.3413989707545347,3.9999999999999996,0.0,0.000499218328296643,0.0,2.3027852106166797e-05,0.00047619047619047614,False
2026-07-15 13:30:00+00:00,-0.00014740252809438206,0.34134864768315665,3.9999999999999996,0.0,0.000499218328296643,0.0,2.3027852106166797e-05,0.00047619047619047614,False
2026-07-16 13:30:00+00:00,0.005511341507623819,0.34322993665370405,3.9999999999999996,0.0,0.000499218328296643,0.0,2.3027852106166797e-05,0.00047619047619047614,False
2026-07-17 13:30:00+00:00,-0.003738915219856698,0.34194662901963907,3.9999999999999996,0.0,0.000499218328296643,0.0,2.3027852106166797e-05,0.00047619047619047614,False
2026-07-20 13:30:00+00:00,-0.0039062006790827257,0.3406109168651525,3.9999999999999996,0.0,0.000499218328296643,0.0,2.3027852106166797e-05,0.00047619047619047614,False
2026-07-21 13:30:00+00:00,0.0037625214936786553,0.34189247276083923,3.9999999999999996,0.0,0.000499218328296643,0.0,2.3027852106166797e-05,0.00047619047619047614,False
2026-07-22 13:30:00+00:00,-0.007316646671279611,0.3393909663380781,3.9999999999999996,0.0,0.000499218328296643,0.0,2.3027852106166797e-05,0.00047619047619047614,False
2026-07-23 13:30:00+00:00,-0.002756725447435136,0.3384553586245443,3.9999999999999996,0.0,0.000499218328296643,0.0,2.3027852106166797e-05,0.00047619047619047614,False
2026-07-24 13:30:00+00:00,-0.00036120477198989297,0.33833310693390356,4.000000000000001,4.444500458672002,0.0036277390029473026,0.0031111503210704016,4.039820568642459e-05,0.00047619047619047635,True
2026-07-27 13:30:00+00:00,-0.01588012802010051,0.3329603338823548,4.000000000000001,0.0,0.000516588681876901,0.0,4.039820568642459e-05,0.00047619047619047635,False
2026-07-28 13:30:00+00:00,-0.008361753125052508,0.3301762017699955,4.000000000000001,0.0,0.000516588681876901,0.0,4.039820568642459e-05,0.00047619047619047635,False
2026-07-29 13:30:00+00:00,0.0012935249102705576,0.33060329291176355,4.000000000000001,0.0,0.000516588681876901,0.0,4.039820568642459e-05,0.00047619047619047635,False
2026-07-30 13:30:00+00:00,-0.020890122006002577,0.3236969497872506,4.000000000000001,0.0,0.000516588681876901,0.0,4.039820568642459e-05,0.00047619047619047635,False
2026-07-31 13:30:00+00:00,0.004011122682640046,0.32499533796484364,4.000000000000001,0.0,0.000516588681876901,0.0,4.039820568642459e-05,0.00047619047619047635,False
2026-08-03 13:30:00+00:00,-0.014097708292874652,0.3204136484936711,4.000000000000001,0.0,0.000516588681876901,0.0,4.039820568642459e-05,0.00047619047619047635,False
2026-08-04 13:30:00+00:00,-0.001909759598670379,0.31980173545291535,4.000000000000001,0.0,0.000516588681876901,0.0,4.039820568642459e-05,0.00047619047619047635,False
2026-08-05 13:30:00+00:00,-0.005863289801870765,0.3179266451988137,4.000000000000001,0.0,0.000516588681876901,0.0,4.039820568642459e-05,0.00047619047619047635,False
2026-08-06 13:30:00+00:00,0.01110121958038071,0.3214560186976195,4.000000000000001,0.0,0.000516588681876901,0.0,4.039820568642459e-05,0.00047619047619047635,False
2026-08-07 13:30:00+00:00,-0.006711889310876526,0.31929844148180603,4.000000000000001,0.0,0.000516588681876901,0.0,4.039820568642459e-05,0.00047619047619047635,False
2026-08-10 13:30:00+00:00,0.01975681047430709,0.3256067602749037,4.000000000000001,0.0,0.000516588681876901,0.0,4.039820568642459e-05,0.00047619047619047635,False
2026-08-11 13:30:00+00:00,-0.002551573934795095,0.32477595055239317,4.000000000000001,0.0,0.000516588681876901,0.0,4.039820568642459e-05,0.00047619047619047635,False
2026-08-12 13:30:00+00:00,0.007102040007187692,0.3270825223465887,4.000000000000001,0.0,0.000516588681876901,0.0,4.039820568642459e-05,0.00047619047619047635,False
2026-08-13 13:30:00+00:00,-0.0016990853431144077,0.3265267812268807,4.000000000000001,0.0,0.000516588681876901,0.0,4.039820568642459e-05,0.00047619047619047635,False
2026-08-14 13:30:00+00:00,0.000996354009315254,0.32685211749450493,4.000000000000001,0.0,0.000516588681876901,0.0,4.039820568642459e-05,0.00047619047619047635,False
2026-08-17 13:30:00+00:00,0.004568643324483585,0.3283453882391895,4.000000000000001,0.0,0.000516588681876901,0.0,4.039820568642459e-05,0.00047619047619047635,False
2026-08-18 13:30:00+00:00,-0.005740766161149323,0.3264604341452166,4.000000000000001,0.0,0.000516588681876901,0.0,4.039820568642459e-05,0.00047619047619047635,False
2026-08-19 13:30:00+00:00,-0.018733940804884407,0.3203445436968032,4.000000000000001,0.0,0.000516588681876901,0.0,4.039820568642459e-05,0.00047619047619047635,False
2026-08-20 13:30:00+00:00,0.009740541213326457,0.32346487292714615,4.000000000000001,0.0,0.000516588681876901,0.0,4.039820568642459e-05,0.00047619047619047635,False
2026-08-21 13:30:00+00:00,0.0031071671637829925,0.3244699323589426,4.000000000000001,0.0,0.000516588681876901,0.0,4.039820568642459e-05,0.00047619047619047635,False
2026-08-24 13:30:00+00:00,-0.007101956032304098,0.3221655611655247,3.9999999999999996,5.458432245451801,0.004307605485597633,0.0038209025718162607,1.0512437590895946e-05,0.00047619047619047614,True
2026-08-25 13:30:00+00:00,0.005448364236565785,0.3239208364872321,3.9999999999999996,0.0,0.00048670291378137207,0.0,1.0512437590895946e-05,0.00047619047619047614,False
2026-08-26 13:30:00+00:00,-0.0047396750639469905,0.3223855569758407,3.9999999999999996,0.0,0.00048670291378137207,0.0,1.0512437590895946e-05,0.00047619047619047614,False
2026-08-27 13:30:00+00:00,0.0021070687046088024,0.32306484549376235,3.9999999999999996,0.0,0.00048670291378137207,0.0,1.0512437590895946e-05,0.00047619047619047614,False
2026-08-28 13:30:00+00:00,-0.011562131832727389,0.3193295271596438,3.9999999999999996,0.0,0.00048670291378137207,0.0,1.0512437590895946e-05,0.00047619047619047614,False
2026-08-31 13:30:00+00:00,0.0021122359669646495,0.32000402647222426,3.9999999999999996,0.0,0.00048670291378137207,0.0,1.0512437590895946e-05,0.00047619047619047614,False
2026-09-01 13:30:00+00:00,-0.011291146409696176,0.3163908141576341,3.9999999999999996,0.0,0.00048670291378137207,0.0,1.0512437590895946e-05,0.00047619047619047614,False
2026-09-02 13:30:00+00:00,0.0024441307078230355,0.3171641146621899,3.9999999999999996,0.0,0.00048670291378137207,0.0,1.0512437590895946e-05,0.00047619047619047614,False
2026-09-03 13:30:00+00:00,0.008045193320833033,0.3197157612790781,3.9999999999999996,0.0,0.00048670291378137207,0.0,1.0512437590895946e-05,0.00047619047619047614,False
2026-09-04 13:30:00+00:00,-0.0023342678629965923,0.31896945905223084,3.9999999999999996,0.0,0.00048670291378137207,0.0,1.0512437590895946e-05,0.00047619047619047614,False
2026-09-08 13:30:00+00:00,-0.0065386837604162786,0.3168838186302572,3.9999999999999996,0.0,0.00048670291378137207,0.0,1.0512437590895946e-05,0.00047619047619047614,False
2026-09-09 13:30:00+00:00,-0.003463152482303826,0.3157864016471659,3.9999999999999996,0.0,0.00048670291378137207,0.0,1.0512437590895946e-05,0.00047619047619047614,False
2026-09-10 13:30:00+00:00,-0.011714049879813511,0.31208726398690423,3.9999999999999996,0.0,0.00048670291378137207,0.0,1.0512437590895946e-05,0.00047619047619047614,False
