open_time,net_pnl,active,notional,turnover,trading_cost,financing_cost,equity,rebalanced,position,cost
2016-09-12 00:00:00+00:00,-0.001811000000000007,0.0,0.0,2.0003110967510898,0.0030004666451266346,0.0,0.998189,True,0.0,0.0030004666451266346
2016-09-13 00:00:00+00:00,-0.0013540000000000774,1.0,9981.89,1.0,0.0015,0.0,0.9968374520939999,True,1.0,0.0015
2016-09-14 00:00:00+00:00,-0.0015801395088951287,0.0,0.0,1.0014340535647048,0.001502151080347057,0.0,0.9952623098519998,True,0.0,0.001502151080347057
2016-09-15 00:00:00+00:00,0.0,0.0,0.0,0.0,0.0,0.0,0.9952623098519998,False,0.0,0.0
2016-09-16 00:00:00+00:00,0.0,0.0,0.0,0.0,0.0,0.0,0.9952623098519998,False,0.0,0.0
2016-09-17 00:00:00+00:00,0.0,0.0,0.0,0.0,0.0,0.0,0.9952623098519998,False,0.0,0.0
2016-09-18 00:00:00+00:00,0.0,0.0,0.0,0.0,0.0,0.0,0.9952623098519998,False,0.0,0.0
2016-09-19 00:00:00+00:00,-0.0006770000000000387,1.0,9952.623098519998,1.0,0.0015,0.0,0.9945885172682299,True,1.0,0.0015
2016-09-20 00:00:00+00:00,-0.0019182986882120279,0.0,0.0,1.0010951981467728,0.0015016427972201591,0.0,0.9926805994202436,True,0.0,0.0015016427972201591
2016-09-21 00:00:00+00:00,-0.0037000000000003697,0.0,0.0,2.002204850671477,0.0030033072760072164,0.0,0.9890076812023885,True,0.0,0.0030033072760072164
2016-09-22 00:00:00+00:00,0.0,0.0,0.0,0.0,0.0,0.0,0.9890076812023885,False,0.0,0.0
2016-09-23 00:00:00+00:00,0.0,0.0,0.0,0.0,0.0,0.0,0.9890076812023885,False,0.0,0.0
2016-09-24 00:00:00+00:00,0.00019799999999992046,1.0,9890.076812023884,1.0,0.0015,0.0,0.9892035047232665,True,1.0,0.0015
2016-09-25 00:00:00+00:00,0.000275945362817831,1.0,9890.076812023884,0.0,0.0,0.0,0.9894764708432782,False,1.0,0.0
2016-09-26 00:00:00+00:00,0.0009415537035442068,1.0,9890.076812023884,0.0,0.0,0.0,0.9904081160789707,False,1.0,0.0
2016-09-27 00:00:00+00:00,0.0034640948417041795,1.0,9890.076812023884,0.0,0.0,0.0,0.9938389837250617,False,1.0,0.0
2016-09-28 00:00:00+00:00,0.0016399886554181453,1.0,9890.076812023884,0.0,0.0,0.0,0.9954688683836832,False,1.0,0.0
2016-09-29 00:00:00+00:00,0.0005980926606479198,1.0,9890.076812023884,0.0,0.0,0.0,0.9960642510077671,False,1.0,0.0
2016-09-30 00:00:00+00:00,0.0013702234556440818,1.0,9890.076812023884,0.0,0.0,0.0,0.9974290816078264,False,1.0,0.0
2016-10-01 00:00:00+00:00,0.0041403353395834674,1.0,9974.290816078264,0.008443106944368364,1.2664660416552546e-05,0.0,1.0015587724831356,True,1.0,1.2664660416552546e-05
2016-10-02 00:00:00+00:00,0.003186805556334882,1.0,9974.290816078264,0.0,0.0,0.0,1.0047505455442807,False,1.0,0.0
2016-10-03 00:00:00+00:00,-0.0033922905677578052,1.0,10023.886334790333,1.9935692863953387,0.002990353929593008,0.0,1.0013421397456812,True,1.0,0.002990353929593008
2016-10-04 00:00:00+00:00,0.00039040758551944776,1.0,10023.886334790333,0.0,0.0,0.0,1.0017330713127381,False,1.0,0.0
2016-10-05 00:00:00+00:00,0.0006934535186013946,1.0,10023.886334790333,0.0,0.0,0.0,1.0024277266357393,False,1.0,0.0
2016-10-06 00:00:00+00:00,0.0005089801497741853,1.0,10023.886334790333,0.0,0.0,0.0,1.00293794245018,False,1.0,0.0
2016-10-07 00:00:00+00:00,0.000918496663828261,1.0,10023.886334790333,0.0,0.0,0.0,1.0038591376043473,False,1.0,0.0
2016-10-08 00:00:00+00:00,0.0007918383731067014,1.0,10023.886334790333,0.0,0.0,0.0,1.0046540317906962,False,1.0,0.0
2016-10-09 00:00:00+00:00,0.0009289006844532821,1.0,10023.886334790333,0.0,0.0,0.0,1.005587255608465,False,1.0,0.0
2016-10-10 00:00:00+00:00,0.0031788562696435374,1.0,10023.886334790333,0.0,0.0,0.0,1.0087838729606298,False,1.0,0.0
2016-10-11 00:00:00+00:00,0.002201951549116732,1.0,10023.886334790333,0.0,0.0,0.0,1.0110051661724193,False,1.0,0.0
2016-10-12 00:00:00+00:00,0.003818178933884253,1.0,10023.886334790333,0.0,0.0,0.0,1.0148653647999473,False,1.0,0.0
2016-10-13 00:00:00+00:00,-0.0029107696501643465,0.0,0.0,0.989119683481701,0.0014836795252225513,0.0,1.0119113254970846,True,0.0,0.0014836795252225513
2016-10-14 00:00:00+00:00,-0.0008390000000000342,1.0,10119.113254970845,1.0,0.0015,0.0,1.0110623318949925,True,1.0,0.0015
2016-10-15 00:00:00+00:00,0.003187674458871026,1.0,10119.113254970845,0.0,0.0,0.0,1.0142852694667008,False,1.0,0.0
2016-10-16 00:00:00+00:00,-0.0013109245709564954,0.0,0.0,0.9974743948322845,0.0014962115922484268,0.0,1.0129556179849977,True,0.0,0.0014962115922484268
2016-10-17 00:00:00+00:00,-0.0009069999999999911,1.0,10129.556179849977,1.0,0.0015,0.0,1.0120368672394855,True,1.0,0.0015
2016-10-18 00:00:00+00:00,-0.0022920789155762566,0.0,0.0,1.001699884704343,0.0015025498270565146,0.0,1.0097171988743,True,0.0,0.0015025498270565146
2016-10-19 00:00:00+00:00,-0.001354999999999884,1.0,10097.171988742999,1.0,0.0015,0.0,1.0083490320698252,True,1.0,0.0015
2016-10-20 00:00:00+00:00,-0.002084824937790719,0.0,0.0,1.0019407592506686,0.001502911138876003,0.0,1.0062468008617689,True,0.0,0.001502911138876003
2016-10-21 00:00:00+00:00,-0.001426999999999956,1.0,10062.468008617689,1.0,0.0015,0.0,1.0048108866769392,True,1.0,0.0015
2016-10-22 00:00:00+00:00,0.00018125865610252312,1.0,10062.468008617689,0.0,0.0,0.0,1.0049930173478954,False,1.0,0.0
2016-10-23 00:00:00+00:00,0.00947080061756922,1.0,10062.468008617689,0.0,0.0,0.0,1.0145111058372467,False,1.0,0.0
2016-10-24 00:00:00+00:00,0.011158356418732751,1.0,10062.468008617689,0.0,0.0,0.0,1.0258313823469412,False,1.0,0.0
2016-10-25 00:00:00+00:00,0.004425859496617557,1.0,10062.468008617689,0.0,0.0,0.0,1.0303715679124297,False,1.0,0.0
2016-10-26 00:00:00+00:00,0.003948338582485,1.0,10062.468008617689,0.0,0.0,0.0,1.0344398237283137,False,1.0,0.0
2016-10-27 00:00:00+00:00,0.0020933485600449497,1.0,10062.468008617689,0.0,0.0,0.0,1.0366052668437682,False,1.0,0.0
2016-10-28 00:00:00+00:00,0.0017764058359299728,1.0,10062.468008617689,0.0,0.0,0.0,1.0384466984893452,False,1.0,0.0
2016-10-29 00:00:00+00:00,0.005317829457364143,1.0,10062.468008617689,0.0,0.0,0.0,1.0439689809324746,False,1.0,0.0
2016-10-30 00:00:00+00:00,0.0021108677883503457,1.0,10062.468008617689,0.0,0.0,0.0,1.0461726614263618,False,1.0,0.0
2016-10-31 00:00:00+00:00,-0.002448587545374581,1.0,10444.02673303646,1.9620759289564655,0.0029431138934346984,0.0,1.0436110160772818,True,1.0,0.0029431138934346984
2016-11-01 00:00:00+00:00,0.004336862137500175,1.0,10436.110160772818,0.0007585749998499778,1.137862499774967e-06,0.0,1.0481370131791854,True,1.0,1.137862499774967e-06
2016-11-02 00:00:00+00:00,0.011201420981459487,1.0,10436.110160772818,0.0,0.0,0.0,1.059877637110055,False,1.0,0.0
2016-11-03 00:00:00+00:00,0.007275596283756958,1.0,10436.110160772818,0.0,0.0,0.0,1.06758887890785,False,1.0,0.0
2016-11-04 00:00:00+00:00,0.0009443038059389064,1.0,10436.110160772818,0.0,0.0,0.0,1.0685970071493807,False,1.0,0.0
2016-11-05 00:00:00+00:00,-0.0014395348549604003,0.0,0.0,0.9765931500159896,0.0014648897250239845,0.0,1.0670587245116827,True,0.0,0.0014648897250239845
2016-11-06 00:00:00+00:00,0.0016640000000001098,1.0,10670.587245116827,1.0,0.0015,0.0,1.0688343102292703,True,1.0,0.0015
2016-11-07 00:00:00+00:00,-0.002560738930419748,0.0,0.0,0.9994013585862066,0.00149910203787931,0.0,1.066097304600898,True,0.0,0.00149910203787931
2016-11-08 00:00:00+00:00,-0.0035569999999999213,0.0,0.0,2.0020612399706197,0.0030030918599559297,0.0,1.0623051964884325,True,0.0,0.0030030918599559297
2016-11-09 00:00:00+00:00,0.0007600000000000939,1.0,10623.051964884326,1.0,0.0015,0.0,1.063112548437764,True,1.0,0.0015
2016-11-10 00:00:00+00:00,0.0039789759782562495,1.0,10623.051964884326,0.0,0.0,0.0,1.0673426477301808,False,1.0,0.0
2016-11-11 00:00:00+00:00,0.004061739232559258,1.0,10623.051964884326,0.0,0.0,0.0,1.07167791523705,False,1.0,0.0
2016-11-12 00:00:00+00:00,0.0004718369823051294,1.0,10623.051964884326,0.0,0.0,0.0,1.0721835725105786,False,1.0,0.0
2016-11-13 00:00:00+00:00,0.00032993196267883107,1.0,10623.051964884326,0.0,0.0,0.0,1.072537320141009,False,1.0,0.0
2016-11-14 00:00:00+00:00,0.0003288326835912958,1.0,10623.051964884326,0.0,0.0,0.0,1.0728900054662431,False,1.0,0.0
2016-11-15 00:00:00+00:00,0.00080893972458429,1.0,10623.051964884326,0.0,0.0,0.0,1.0737579088117744,False,1.0,0.0
2016-11-16 00:00:00+00:00,0.0006569177695263662,1.0,10623.051964884326,0.0,0.0,0.0,1.0744632794622426,False,1.0,0.0
2016-11-17 00:00:00+00:00,0.010519603142039369,1.0,10623.051964884326,0.0,0.0,0.0,1.0857662067528797,False,1.0,0.0
2016-11-18 00:00:00+00:00,0.004065219624590943,1.0,10623.051964884326,0.0,0.0,0.0,1.0901800848442893,False,1.0,0.0
2016-11-19 00:00:00+00:00,0.003329630495790603,1.0,10623.051964884326,0.0,0.0,0.0,1.09380998170069,False,1.0,0.0
2016-11-20 00:00:00+00:00,-0.0027432041058332857,1.0,10921.527855941682,1.9712538012445644,0.002956880701866847,0.0,1.0908094376678874,True,1.0,0.002956880701866847
2016-11-21 00:00:00+00:00,-0.0017641699290128487,0.0,0.0,1.0014942293902502,0.0015022413440853755,0.0,1.0888850644596704,True,0.0,0.0015022413440853755
2016-11-22 00:00:00+00:00,-0.003106000000000053,0.0,0.0,2.0016085833849164,0.0030024128750773746,0.0,1.0855029874494584,True,0.0,0.0030024128750773746
2016-11-23 00:00:00+00:00,0.0011760000000000659,1.0,10855.029874494585,1.0,0.0015,0.0,1.0867795389626993,True,1.0,0.0015
2016-11-24 00:00:00+00:00,0.0009169217000808416,1.0,10855.029874494585,0.0,0.0,0.0,1.0877760307051778,False,1.0,0.0
2016-11-25 00:00:00+00:00,-0.0038382561915348834,1.0,10848.212915733404,1.9991287597215228,0.0029986931395822843,0.0,1.0836008676203204,True,1.0,0.0029986931395822843
2016-11-26 00:00:00+00:00,-0.0028241771993492426,0.0,0.0,1.0024519975860955,0.0015036779963791432,0.0,1.080540586756792,True,0.0,0.0015036779963791432
2016-11-27 00:00:00+00:00,-0.0007340000000000124,1.0,10805.40586756792,1.0,0.0014999999999999998,0.0,1.0797474699661125,True,1.0,0.0014999999999999998
2016-11-28 00:00:00+00:00,0.0008296089329564715,1.0,10805.40586756792,0.0,0.0,0.0,1.0806432381125337,False,1.0,0.0
2016-11-29 00:00:00+00:00,-0.0019968103030212347,0.0,0.0,1.000402161668991,0.0015006032425034866,0.0,1.0784853985607805,True,0.0,0.0015006032425034866
2016-11-30 00:00:00+00:00,-0.0037490000000001134,0.0,0.0,2.0022540694020856,0.003003381104103128,0.0,1.074442156801576,True,0.0,0.003003381104103128
2016-12-01 00:00:00+00:00,-0.0005039999999996159,1.0,10744.421568015761,1.0,0.0015,0.0,1.0739006379545484,True,1.0,0.0015
2016-12-02 00:00:00+00:00,0.0035497890937030707,1.0,10744.421568015761,0.0,0.0,0.0,1.0777127587268807,False,1.0,0.0
2016-12-03 00:00:00+00:00,0.0017965313585446285,1.0,10744.421568015761,0.0,0.0,0.0,1.079648903493437,False,1.0,0.0
2016-12-04 00:00:00+00:00,0.0014619155572095366,1.0,10744.421568015761,0.0,0.0,0.0,1.0812272590217784,False,1.0,0.0
2016-12-05 00:00:00+00:00,0.004495610221451729,1.0,10744.421568015761,0.0,0.0,0.0,1.0860880353391489,False,1.0,0.0
2016-12-06 00:00:00+00:00,0.0011871326690007233,1.0,10744.421568015761,0.0,0.0,0.0,1.0873773659273107,False,1.0,0.0
2016-12-07 00:00:00+00:00,-0.003837755343420457,1.0,10846.79441671582,1.9890922902234158,0.002983638435335124,0.0,1.0832042776309088,True,1.0,0.002983638435335124
2016-12-08 00:00:00+00:00,-0.00175739005046871,0.0,0.0,1.0016176124440974,0.001502426418666146,0.0,1.081300665210775,True,0.0,0.001502426418666146
2016-12-09 00:00:00+00:00,-0.0013110000000002842,1.0,10813.00665210775,1.0,0.0015,0.0,1.0798830800386836,True,1.0,0.0015
2016-12-10 00:00:00+00:00,0.00046561041525450264,1.0,10813.00665210775,0.0,0.0,0.0,1.0803858848480066,False,1.0,0.0
2016-12-11 00:00:00+00:00,0.0014782506000077245,1.0,10813.00665210775,0.0,0.0,0.0,1.081982965930523,False,1.0,0.0
2016-12-12 00:00:00+00:00,5.496531688509165e-05,1.0,10813.00665210775,0.0,0.0,0.0,1.0820424374671096,False,1.0,0.0
2016-12-13 00:00:00+00:00,0.0019436666446817075,1.0,10813.00665210775,0.0,0.0,0.0,1.0841455672609446,False,1.0,0.0
2016-12-14 00:00:00+00:00,-0.0018960115934975041,0.0,0.0,0.9977749618351077,0.0014966624427526615,0.0,1.0820900146963788,True,0.0,0.0014966624427526615
2016-12-15 00:00:00+00:00,-0.004952151711999697,1.0,10777.70311357711,3.0024982255781403,0.004503747338367212,0.0,1.0767313407775623,True,1.0,0.004503747338367212
2016-12-16 00:00:00+00:00,0.0024253380258569823,1.0,10777.70311357711,0.0,0.0,0.0,1.079342778241982,False,1.0,0.0
2016-12-17 00:00:00+00:00,0.00039542307772988394,1.0,10777.70311357711,0.0,0.0,0.0,1.0797695752852796,False,1.0,0.0
2016-12-18 00:00:00+00:00,0.00045415753776745227,1.0,10777.70311357711,0.0,0.0,0.0,1.0802599607769476,False,1.0,0.0
2016-12-19 00:00:00+00:00,-0.003598016901956491,1.0,10780.04187515276,1.9982859430358073,0.002997428914553711,0.0,1.0763731671795653,True,1.0,0.002997428914553711
2016-12-20 00:00:00+00:00,-0.003206708559049809,1.0,10747.561608982924,2.001515292637761,0.003002272938956642,0.0,1.0729215521316389,True,1.0,0.003002272938956642
2016-12-21 00:00:00+00:00,-0.002313344795565997,1.0,10713.094178902915,2.0017099188314456,0.0030025648782471687,0.0,1.0704395146429646,True,1.0,0.0030025648782471687
2016-12-22 00:00:00+00:00,0.003927188877368648,1.0,10713.094178902915,0.0,0.0,0.0,1.0746433327987663,False,1.0,0.0
2016-12-23 00:00:00+00:00,0.003900860522055627,1.0,10713.094178902915,0.0,0.0,0.0,1.0788353665509711,False,1.0,0.0
2016-12-24 00:00:00+00:00,0.0071120379335172235,1.0,10713.094178902915,0.0,0.0,0.0,1.0865080846019013,False,1.0,0.0
2016-12-25 00:00:00+00:00,-0.002600112208103744,0.0,0.0,0.9871181086817037,0.0014806771630225556,0.0,1.0836830416669245,True,0.0,0.0014806771630225556
2016-12-26 00:00:00+00:00,0.0031130000000001434,1.0,10836.830416669245,1.0,0.0015000000000000002,0.0,1.0870565469756337,True,1.0,0.0015000000000000002
2016-12-27 00:00:00+00:00,0.005278567818381541,1.0,10836.830416669245,0.0,0.0,0.0,1.09279464868126,False,1.0,0.0
2016-12-28 00:00:00+00:00,0.0072312000698131484,1.0,10836.830416669245,0.0,0.0,0.0,1.1006968654210953,False,1.0,0.0
2016-12-29 00:00:00+00:00,-0.003145994270945973,1.0,10987.646585578033,1.9848170751523757,0.0029772256127285636,0.0,1.0972340793884323,True,1.0,0.0029772256127285636
2016-12-30 00:00:00+00:00,-0.004515110649134235,1.0,10937.652793613654,2.0030593309594265,0.0030045889964391394,0.0,1.0922799461119927,True,1.0,0.0030045889964391394
2016-12-31 00:00:00+00:00,-0.002364210597992078,0.0,0.0,1.0022239349115687,0.001503335902367353,0.0,1.0896975662874204,True,0.0,0.001503335902367353
2017-01-01 00:00:00+00:00,0.0008469999999998201,1.0,10896.975662874205,1.0,0.0015,0.0,1.0906205401260658,True,1.0,0.0015
2017-01-02 00:00:00+00:00,0.005670197342850347,1.0,10896.975662874205,0.0,0.0,0.0,1.0968045738147467,False,1.0,0.0
2017-01-03 00:00:00+00:00,0.004029718178042874,1.0,10896.975662874205,0.0,0.0,0.0,1.1012243871436087,False,1.0,0.0
2017-01-04 00:00:00+00:00,0.0002605311020029699,1.0,10990.384538256361,1.9900284336166134,0.0029850426504249203,0.0,1.1015112903467437,True,1.0,0.0029850426504249203
2017-01-05 00:00:00+00:00,0.011224744325267766,1.0,10990.384538256361,0.0,0.0,0.0,1.1138754729522822,False,1.0,0.0
2017-01-06 00:00:00+00:00,-0.001149481993093282,0.0,0.0,0.9863537952428157,0.0014795306928642238,0.0,1.112595093153575,True,0.0,0.0014795306928642238
2017-01-07 00:00:00+00:00,-0.0021300000000000763,1.0,11125.950931535752,1.0,0.0015,0.0,1.1102252656051579,True,1.0,0.0015
2017-01-08 00:00:00+00:00,-0.0036959007886799844,1.0,11085.563729654275,2.0021345465842244,0.0030032018198763366,0.0,1.1061219831703955,True,1.0,0.0030032018198763366
2017-01-09 00:00:00+00:00,-0.001503301249544009,0.0,0.0,1.0022008330293324,0.0015033012495439986,0.0,1.1044591486109474,True,0.0,0.0015033012495439986
2017-01-10 00:00:00+00:00,-0.0009509999999999241,1.0,11044.591486109473,1.0,0.0014999999999999998,0.0,1.1034088079606184,True,1.0,0.0014999999999999998
2017-01-11 00:00:00+00:00,-0.002053953309597456,0.0,0.0,1.0015052624094014,0.001502257893614102,0.0,1.1011424577876685,True,0.0,0.001502257893614102
2017-01-12 00:00:00+00:00,0.0,0.0,0.0,0.0,0.0,0.0,1.1011424577876685,False,0.0,0.0
2017-01-13 00:00:00+00:00,-0.0038489999999999913,0.0,0.0,2.0023545307928323,0.0030035317961892485,0.0,1.096904160467644,True,0.0,0.0030035317961892485
2017-01-14 00:00:00+00:00,-0.0012240000000000029,1.0,10969.041604676439,1.0,0.0015,0.0,1.0955615497752316,True,1.0,0.0015
2017-01-15 00:00:00+00:00,-0.003316058856039694,0.0,0.0,1.003045245364928,0.001504567868047392,0.0,1.0919286031957627,True,0.0,0.001504567868047392
2017-01-16 00:00:00+00:00,0.00022799999999989495,1.0,10919.286031957627,1.0,0.0015000000000000002,0.0,1.0921775629172912,True,1.0,0.0015000000000000002
2017-01-17 00:00:00+00:00,0.0006938418040687289,1.0,10919.286031957627,0.0,0.0,0.0,1.0929353613679091,False,1.0,0.0
2017-01-18 00:00:00+00:00,-0.0005534896825126756,1.0,10919.286031957627,0.0,0.0,0.0,1.0923304329217387,False,1.0,0.0
2017-01-19 00:00:00+00:00,-0.0014994482030612488,0.0,0.0,0.9996321353741823,0.0014994482030612735,0.0,1.0906925400169452,True,0.0,0.0014994482030612735
2017-01-20 00:00:00+00:00,-0.003195000000000059,0.0,0.0,2.0016978779030454,0.0030025468168545684,0.0,1.087207777351591,True,0.0,0.0030025468168545684
2017-01-21 00:00:00+00:00,0.001238999999999768,1.0,10872.07777351591,1.0,0.0015,0.0,1.0885548277877297,True,1.0,0.0015
2017-01-22 00:00:00+00:00,0.0026577071009021846,1.0,10872.07777351591,0.0,0.0,0.0,1.0914478876832623,False,1.0,0.0
2017-01-23 00:00:00+00:00,-0.0014941727263670934,0.0,0.0,0.9961151509114452,0.0014941727263671678,0.0,1.089817076017235,True,0.0,0.0014941727263671678
2017-01-24 00:00:00+00:00,0.0,0.0,0.0,0.0,0.0,0.0,1.089817076017235,False,0.0,0.0
2017-01-25 00:00:00+00:00,0.0,0.0,0.0,0.0,0.0,0.0,1.089817076017235,False,0.0,0.0
2017-01-26 00:00:00+00:00,-0.0015659999999999563,1.0,10898.17076017235,1.0,0.0015,0.0,1.0881104224761922,True,1.0,0.0015
2017-01-27 00:00:00+00:00,-0.0045128230909604605,0.0,0.0,3.003085754909955,0.004504628632364933,0.0,1.0831999726361268,True,0.0,0.004504628632364933
2017-01-28 00:00:00+00:00,0.0,0.0,0.0,0.0,0.0,0.0,1.0831999726361268,False,0.0,0.0
2017-01-29 00:00:00+00:00,-0.0013430000000000941,1.0,10831.999726361268,1.0,0.0015,0.0,1.0817452350728765,True,1.0,0.0015
2017-01-30 00:00:00+00:00,-0.003414310177568658,1.0,10799.514559181911,2.001501250374311,0.0030022518755614667,0.0,1.078051821307231,True,1.0,0.0030022518755614667
2017-01-31 00:00:00+00:00,-0.0015026431492997094,0.0,0.0,1.0017620995330787,0.001502643149299618,0.0,1.0764318941233535,True,0.0,0.001502643149299618
2017-02-01 00:00:00+00:00,0.0009439999999998339,1.0,10764.318941233536,1.0,0.0015,0.0,1.077448045831406,True,1.0,0.0015
2017-02-02 00:00:00+00:00,-0.0034843836258571237,1.0,10756.439459768551,1.999232589371363,0.002998848884057044,0.0,1.0736938035027992,True,1.0,0.002998848884057044
2017-02-03 00:00:00+00:00,-0.0035736077889212403,1.0,10720.803375838339,2.0018162929390986,0.0030027244394086475,0.0,1.069856842963685,True,1.0,0.0030027244394086475
2017-02-04 00:00:00+00:00,-0.0015031174656237045,0.0,0.0,1.0020783104158024,0.0015031174656237034,0.0,1.0682487224573094,True,0.0,0.0015031174656237034
2017-02-05 00:00:00+00:00,0.003529999999999811,1.0,10682.487224573093,1.0,0.0015000000000000002,0.0,1.0720196404475835,True,1.0,0.0015000000000000002
2017-02-06 00:00:00+00:00,0.002594840214044547,1.0,10682.487224573093,0.0,0.0,0.0,1.0748013601208624,False,1.0,0.0
2017-02-07 00:00:00+00:00,0.00019679287252016842,1.0,10682.487224573093,0.0,0.0,0.0,1.075012873367909,False,1.0,0.0
2017-02-08 00:00:00+00:00,-2.981123525802598e-05,1.0,10682.487224573093,0.0,0.0,0.0,1.0749808259062354,False,1.0,0.0
2017-02-09 00:00:00+00:00,-0.001490606199729294,0.0,0.0,0.9937374664862038,0.0014906061997293058,0.0,1.0733784528225494,True,0.0,0.0014906061997293058
2017-02-10 00:00:00+00:00,-0.005141000000000062,0.0,0.0,2.003654305325691,0.003005481457988536,0.0,1.0678602141965887,True,0.0,0.003005481457988536
2017-02-11 00:00:00+00:00,-0.0008220000000001004,1.0,10678.602141965886,1.0,0.0015,0.0,1.0669824331005189,True,1.0,0.0015
2017-02-12 00:00:00+00:00,-0.0015853031191639388,0.0,0.0,1.0009068215803518,0.0015013602323705277,0.0,1.0652909425212316,True,0.0,0.0015013602323705277
2017-02-13 00:00:00+00:00,-9.499999999995623e-05,1.0,10652.909425212316,1.0,0.0015,0.0,1.065189739881692,True,1.0,0.0015
2017-02-14 00:00:00+00:00,-0.0015001425135388047,0.0,0.0,1.0000950090258574,0.001500142513538786,0.0,1.0635918034679104,True,0.0,0.001500142513538786
2017-02-15 00:00:00+00:00,0.0021060000000001633,1.0,10635.918034679104,1.0,0.0015,0.0,1.0658317278060139,True,1.0,0.0015
2017-02-16 00:00:00+00:00,0.0031972665566315506,1.0,10635.918034679104,0.0,0.0,0.0,1.0692394759443251,False,1.0,0.0
2017-02-17 00:00:00+00:00,0.002596214103112615,1.0,10635.918034679104,0.0,0.0,0.0,1.0720154505513764,False,1.0,0.0
2017-02-18 00:00:00+00:00,0.002502182712913692,1.0,10635.918034679104,0.0,0.0,0.0,1.0746978290797222,False,1.0,0.0
2017-02-19 00:00:00+00:00,-0.0012499480425398612,0.0,0.0,0.9894338360646656,0.0014841507540969984,0.0,1.0733545126319421,True,0.0,0.0014841507540969984
2017-02-20 00:00:00+00:00,-0.0003399999999996739,1.0,10733.54512631942,1.0,0.0014999999999999998,0.0,1.0729895720976474,True,1.0,0.0014999999999999998
2017-02-21 00:00:00+00:00,0.004386491407078363,1.0,10733.54512631942,0.0,0.0,0.0,1.0776962316355385,False,1.0,0.0
2017-02-22 00:00:00+00:00,0.00859324034281328,1.0,10733.54512631942,0.0,0.0,0.0,1.0869571343705267,False,1.0,0.0
2017-02-23 00:00:00+00:00,0.002099394375084218,1.0,10733.54512631942,0.0,0.0,0.0,1.0892390860643821,False,1.0,0.0
2017-02-24 00:00:00+00:00,0.010463155757937992,1.0,10733.54512631942,0.0,0.0,0.0,1.100635964279508,False,1.0,0.0
2017-02-25 00:00:00+00:00,0.0019718807080435496,1.0,10733.54512631942,0.0,0.0,0.0,1.1028062871040498,False,1.0,0.0
2017-02-26 00:00:00+00:00,0.0015913353493490767,1.0,10733.54512631942,0.0,0.0,0.0,1.104561221732203,False,1.0,0.0
2017-02-27 00:00:00+00:00,0.0016403096375963155,1.0,10733.54512631942,0.0,0.0,0.0,1.1063730441495256,False,1.0,0.0
2017-02-28 00:00:00+00:00,0.0022459112772883483,1.0,10733.54512631942,0.0,0.0,0.0,1.1088578598462686,False,1.0,0.0
2017-03-01 00:00:00+00:00,0.00035097308622678014,1.0,11088.578598462685,0.03201794251541728,4.8026913773125916e-05,0.0,1.1092470391115257,True,1.0,4.8026913773125916e-05
2017-03-02 00:00:00+00:00,0.0018533495241974673,1.0,11088.578598462685,0.0,0.0,0.0,1.1113028615836806,False,1.0,0.0
2017-03-03 00:00:00+00:00,-0.0013809550313225172,0.0,0.0,0.9976844013559044,0.0014965266020338568,0.0,1.1097682023056537,True,0.0,0.0014965266020338568
2017-03-04 00:00:00+00:00,-0.0004170000000001117,1.0,11097.682023056537,1.0,0.0015,0.0,1.1093054289652922,True,1.0,0.0015
2017-03-05 00:00:00+00:00,0.005214174310687714,1.0,11097.682023056537,0.0,0.0,0.0,1.1150895408357093,False,1.0,0.0
2017-03-06 00:00:00+00:00,0.006748640269905959,1.0,11097.682023056537,0.0,0.0,0.0,1.1226148790155441,False,1.0,0.0
2017-03-07 00:00:00+00:00,0.0014156128654694289,1.0,11097.682023056537,0.0,0.0,0.0,1.1242040670812457,False,1.0,0.0
2017-03-08 00:00:00+00:00,0.0008835073365658364,1.0,11097.682023056537,0.0,0.0,0.0,1.1251973096223093,False,1.0,0.0
2017-03-09 00:00:00+00:00,-0.0027854963679959654,1.0,11235.326573188508,1.9862876429007508,0.0029794314643511264,0.0,1.1220630766030777,True,1.0,0.0029794314643511264
2017-03-10 00:00:00+00:00,0.0002923824362264238,1.0,11235.326573188508,0.0,0.0,0.0,1.122391148139015,False,1.0,0.0
2017-03-11 00:00:00+00:00,-0.004117183057986695,0.0,0.0,1.0036422176076982,0.0015054633264115474,0.0,1.1177700583194625,True,0.0,0.0015054633264115474
2017-03-12 00:00:00+00:00,0.0,0.0,0.0,0.0,0.0,0.0,1.1177700583194625,False,0.0,0.0
2017-03-13 00:00:00+00:00,0.0,0.0,0.0,0.0,0.0,0.0,1.1177700583194625,False,0.0,0.0
2017-03-14 00:00:00+00:00,-0.0014419999999999433,1.0,11177.700583194626,1.0,0.0015,0.0,1.116158233895366,True,1.0,0.0015
2017-03-15 00:00:00+00:00,0.00015722672093176904,1.0,11177.700583194626,0.0,0.0,0.0,1.1163337237945223,False,1.0,0.0
2017-03-16 00:00:00+00:00,-0.0012045478439794977,1.0,11177.700583194626,0.0,0.0,0.0,1.114989046414364,False,1.0,0.0
2017-03-17 00:00:00+00:00,-0.0033090225440898235,1.0,11133.123913268848,2.0024942055834916,0.0030037413083752375,0.0,1.1112995225233657,True,1.0,0.0030037413083752375
2017-03-18 00:00:00+00:00,-0.0015027169121772932,0.0,0.0,1.001811274784811,0.0015027169121772167,0.0,1.1096295539363754,True,0.0,0.0015027169121772167
2017-03-19 00:00:00+00:00,0.0,0.0,0.0,0.0,0.0,0.0,1.1096295539363754,False,0.0,0.0
2017-03-20 00:00:00+00:00,0.0,0.0,0.0,0.0,0.0,0.0,1.1096295539363754,False,0.0,0.0
2017-03-21 00:00:00+00:00,0.0,0.0,0.0,0.0,0.0,0.0,1.1096295539363754,False,0.0,0.0
2017-03-22 00:00:00+00:00,0.0,0.0,0.0,0.0,0.0,0.0,1.1096295539363754,False,0.0,0.0
2017-03-23 00:00:00+00:00,0.0,0.0,0.0,0.0,0.0,0.0,1.1096295539363754,False,0.0,0.0
2017-03-24 00:00:00+00:00,0.0,0.0,0.0,0.0,0.0,0.0,1.1096295539363754,False,0.0,0.0
2017-03-25 00:00:00+00:00,0.0,0.0,0.0,0.0,0.0,0.0,1.1096295539363754,False,0.0,0.0
2017-03-26 00:00:00+00:00,-0.0014409999999999146,1.0,11096.295539363753,1.0,0.0015,0.0,1.108030577749153,True,1.0,0.0015
2017-03-27 00:00:00+00:00,-0.0024986004832965314,0.0,0.0,1.0024419485867573,0.001503662922880136,0.0,1.1052620520120817,True,0.0,0.001503662922880136
2017-03-28 00:00:00+00:00,0.0,0.0,0.0,0.0,0.0,0.0,1.1052620520120817,False,0.0,0.0
2017-03-29 00:00:00+00:00,0.0,0.0,0.0,0.0,0.0,0.0,1.1052620520120817,False,0.0,0.0
2017-03-30 00:00:00+00:00,0.0,0.0,0.0,0.0,0.0,0.0,1.1052620520120817,False,0.0,0.0
2017-03-31 00:00:00+00:00,-0.004580318249999937,1.0,11018.91002753445,3.001552406229656,0.0045023286093444845,0.0,1.1001996000642185,True,1.0,0.0045023286093444845
2017-04-01 00:00:00+00:00,-0.0027224702217905072,1.0,10985.467635600882,2.001537359847366,0.0030023060397710486,0.0,1.0972043394150177,True,1.0,0.0030023060397710486
2017-04-02 00:00:00+00:00,-0.0015549000879073738,0.0,0.0,1.0012766277003178,0.0015019149415504767,0.0,1.095498296291209,True,0.0,0.0015019149415504767
2017-04-03 00:00:00+00:00,0.0,0.0,0.0,0.0,0.0,0.0,1.095498296291209,False,0.0,0.0
2017-04-04 00:00:00+00:00,0.0,0.0,0.0,0.0,0.0,0.0,1.095498296291209,False,0.0,0.0
2017-04-05 00:00:00+00:00,0.0,0.0,0.0,0.0,0.0,0.0,1.095498296291209,False,0.0,0.0
2017-04-06 00:00:00+00:00,0.0,0.0,0.0,0.0,0.0,0.0,1.095498296291209,False,0.0,0.0
2017-04-07 00:00:00+00:00,0.0,0.0,0.0,0.0,0.0,0.0,1.095498296291209,False,0.0,0.0
2017-04-08 00:00:00+00:00,0.0,0.0,0.0,0.0,0.0,0.0,1.095498296291209,False,0.0,0.0
2017-04-09 00:00:00+00:00,0.0,0.0,0.0,0.0,0.0,0.0,1.095498296291209,False,0.0,0.0
2017-04-10 00:00:00+00:00,0.0010880000000002,1.0,10954.98296291209,1.0,0.0015,0.0,1.0966901984375739,True,1.0,0.0015
2017-04-11 00:00:00+00:00,-0.0009100099092187452,0.0,0.0,0.9983258076206202,0.0014974887114309302,0.0,1.0956921994896527,True,0.0,0.0014974887114309302
2017-04-12 00:00:00+00:00,0.0,0.0,0.0,0.0,0.0,0.0,1.0956921994896527,False,0.0,0.0
2017-04-13 00:00:00+00:00,0.0,0.0,0.0,0.0,0.0,0.0,1.0956921994896527,False,0.0,0.0
2017-04-14 00:00:00+00:00,0.0,0.0,0.0,0.0,0.0,0.0,1.0956921994896527,False,0.0,0.0
2017-04-15 00:00:00+00:00,-0.0009599999999999609,1.0,10956.921994896527,1.0,0.0015,0.0,1.0946403349781426,True,1.0,0.0015
2017-04-16 00:00:00+00:00,-0.004622747877962907,0.0,0.0,3.00258957066753,0.004503884356001295,0.0,1.0895800886924898,True,0.0,0.004503884356001295
2017-04-17 00:00:00+00:00,-0.0009699999999999154,1.0,10895.800886924899,1.0,0.0014999999999999998,0.0,1.0885231960064583,True,1.0,0.0014999999999999998
2017-04-18 00:00:00+00:00,-0.0008738476322032174,0.0,0.0,1.0003431176893673,0.0015005146765340509,0.0,1.08757199258903,True,0.0,0.0015005146765340509
2017-04-19 00:00:00+00:00,-0.002887000000000084,0.0,0.0,2.0013889264409737,0.0030020833896614607,0.0,1.0844321722464252,True,0.0,0.0030020833896614607
2017-04-20 00:00:00+00:00,0.0,0.0,0.0,0.0,0.0,0.0,1.0844321722464252,False,0.0,0.0
2017-04-21 00:00:00+00:00,0.0025090000000000945,1.0,10844.321722464252,1.0,0.0015000000000000002,0.0,1.0871530125665916,True,1.0,0.0015000000000000002
2017-04-22 00:00:00+00:00,0.002897729596442522,1.0,10844.321722464252,0.0,0.0,0.0,1.0903032880269674,False,1.0,0.0
2017-04-23 00:00:00+00:00,-0.0028203103676694985,1.0,10885.432546114114,1.9947368473407203,0.0029921052710110804,0.0,1.0872282943598408,True,1.0,0.0029921052710110804
2017-04-24 00:00:00+00:00,0.00026031445986740565,1.0,10885.432546114114,0.0,0.0,0.0,1.0875113156060396,False,1.0,0.0
2017-04-25 00:00:00+00:00,-0.0015014233493352291,0.0,0.0,1.00094889955678,0.00150142334933517,0.0,1.0858785007241225,True,0.0,0.00150142334933517
2017-04-26 00:00:00+00:00,0.0009239999999997028,1.0,10858.785007241226,1.0,0.0015,0.0,1.0868818524587915,True,1.0,0.0015
2017-04-27 00:00:00+00:00,0.0027934188809537464,1.0,10858.785007241226,0.0,0.0,0.0,1.0899179687468161,False,1.0,0.0
2017-04-28 00:00:00+00:00,0.0036125612720676603,1.0,10858.785007241226,0.0,0.0,0.0,1.0938553641904416,False,1.0,0.0
2017-04-29 00:00:00+00:00,-0.0007355963095103668,1.0,10858.785007241226,0.0,0.0,0.0,1.093050728221405,False,1.0,0.0
2017-04-30 00:00:00+00:00,-0.0014901575096487596,0.0,0.0,0.993438339765847,0.0014901575096487704,0.0,1.091421910470319,True,0.0,0.0014901575096487704
2017-05-01 00:00:00+00:00,0.0010890000000001177,1.0,10914.219104703188,1.0,0.0015,0.0,1.0926104689308211,True,1.0,0.0015
2017-05-02 00:00:00+00:00,0.010808229837706573,1.0,10914.219104703188,0.0,0.0,0.0,1.1044196540021098,False,1.0,0.0
2017-05-03 00:00:00+00:00,0.002135567526329041,1.0,10914.219104703188,0.0,0.0,0.0,1.1067782167506364,False,1.0,0.0
2017-05-04 00:00:00+00:00,-0.0022917550070507,0.0,0.0,0.9869271628015307,0.001480390744202296,0.0,1.1042417522307035,True,0.0,0.001480390744202296
2017-05-05 00:00:00+00:00,-0.003363000000000116,0.0,0.0,2.0018664772471118,0.003002799715870667,0.0,1.1005281872179513,True,0.0,0.003002799715870667
2017-05-06 00:00:00+00:00,-0.005561999999999845,0.0,0.0,2.0040785671397217,0.003006117850709582,0.0,1.0944070494406453,True,0.0,0.003006117850709582
2017-05-07 00:00:00+00:00,-0.0006959999999999189,1.0,10944.070494406453,1.0,0.0015,0.0,1.0936453421342347,True,1.0,0.0015
2017-05-08 00:00:00+00:00,0.007605293284125958,1.0,10944.070494406453,0.0,0.0,0.0,1.1019628357099835,False,1.0,0.0
2017-05-09 00:00:00+00:00,0.009522258328499955,1.0,10944.070494406453,0.0,0.0,0.0,1.1124560105000203,False,1.0,0.0
2017-05-10 00:00:00+00:00,0.0034717439979854436,1.0,10944.070494406453,0.0,0.0,0.0,1.1163181729774965,False,1.0,0.0
2017-05-11 00:00:00+00:00,-0.0024646551394530425,0.0,0.0,0.9813475275439717,0.0014720212913159577,0.0,1.1135668336552027,True,0.0,0.0014720212913159577
2017-05-12 00:00:00+00:00,0.00455799999999984,1.0,11135.668336552028,1.0,0.0015,0.0,1.1186424712830032,True,1.0,0.0015
2017-05-13 00:00:00+00:00,0.007386333093758468,1.0,11135.668336552028,0.0,0.0,0.0,1.1269051371887249,False,1.0,0.0
2017-05-14 00:00:00+00:00,0.005036670757664563,1.0,11135.668336552028,0.0,0.0,0.0,1.1325809873398653,False,1.0,0.0
2017-05-15 00:00:00+00:00,0.0031207138116660094,1.0,11135.668336552028,0.0,0.0,0.0,1.136115448469887,False,1.0,0.0
2017-05-16 00:00:00+00:00,-0.0005056495678995576,1.0,11344.450982194043,1.9801528842468847,0.002970229326370327,0.0,1.1355409721842842,True,1.0,0.002970229326370327
2017-05-17 00:00:00+00:00,0.009136174455476098,1.0,11344.450982194043,0.0,0.0,0.0,1.1459154726075005,False,1.0,0.0
2017-05-18 00:00:00+00:00,0.011137389851214152,1.0,11344.450982194043,0.0,0.0,0.0,1.1586779799624687,False,1.0,0.0
2017-05-19 00:00:00+00:00,0.010809106672371449,1.0,11344.450982194043,0.0,0.0,0.0,1.1712022538468108,False,1.0,0.0
2017-05-20 00:00:00+00:00,-0.0030424071654328033,1.0,11692.759660700342,1.968801679514592,0.002953202519271888,0.0,1.1676389797175362,True,1.0,0.002953202519271888
2017-05-21 00:00:00+00:00,0.011059483276587123,1.0,11692.759660700342,0.0,0.0,0.0,1.1805524634868136,False,1.0,0.0
2017-05-22 00:00:00+00:00,0.005564337528871421,1.0,11692.759660700342,0.0,0.0,0.0,1.187121455864195,False,1.0,0.0
2017-05-23 00:00:00+00:00,0.005354282933863308,1.0,11692.759660700342,0.0,0.0,0.0,1.1934776400157516,False,1.0,0.0
2017-05-24 00:00:00+00:00,-0.0014619650983934696,1.0,11914.325763510951,1.9799607819695058,0.002969941172954259,0.0,1.1917328173603354,True,1.0,0.002969941172954259
2017-05-25 00:00:00+00:00,0.007754045980413071,1.0,11914.325763510951,0.0,0.0,0.0,1.2009735684225145,False,1.0,0.0
2017-05-26 00:00:00+00:00,0.002232125141863772,0.0,0.0,0.9883786439049657,0.0014825679658574487,0.0,1.2036542917193043,True,0.0,0.0014825679658574487
2017-05-27 00:00:00+00:00,0.0,0.0,0.0,0.0,0.0,0.0,1.2036542917193043,False,0.0,0.0
2017-05-28 00:00:00+00:00,0.0017640000000000988,1.0,12036.542917193043,1.0,0.0015,0.0,1.2057775378898972,True,1.0,0.0015
2017-05-29 00:00:00+00:00,-0.004924153413378818,1.0,12010.303253633563,2.000680462714646,0.003001020694071969,0.0,1.1998401043109213,True,1.0,0.003001020694071969
2017-05-30 00:00:00+00:00,0.007594526175439764,1.0,12010.303253633563,0.0,0.0,0.0,1.2089523213894529,False,1.0,0.0
2017-05-31 00:00:00+00:00,0.0006755441110433136,0.0,0.0,0.9913003481446824,0.0014869505222170237,0.0,1.2097690220106998,True,0.0,0.0014869505222170237
2017-06-01 00:00:00+00:00,-0.0013000000000000789,1.0,12097.690220106999,1.0,0.0015,0.0,1.208196322282086,True,1.0,0.0015
2017-06-02 00:00:00+00:00,0.0012726544507863924,1.0,12097.690220106999,0.0,0.0,0.0,1.2097339387090618,False,1.0,0.0
2017-06-03 00:00:00+00:00,0.006793197002713303,1.0,12097.690220106999,0.0,0.0,0.0,1.2179518996755803,False,1.0,0.0
2017-06-04 00:00:00+00:00,-0.0023686110349595557,1.0,12161.372461425643,1.9932814443106825,0.002989922166466024,0.0,1.2150670453659589,True,1.0,0.002989922166466024
2017-06-05 00:00:00+00:00,0.0038493874609655254,1.0,12161.372461425643,0.0,0.0,0.0,1.219744309214623,False,1.0,0.0
2017-06-06 00:00:00+00:00,0.01121673117533395,1.0,12161.372461425643,0.0,0.0,0.0,1.2334258532337268,False,1.0,0.0
2017-06-07 00:00:00+00:00,0.01109231169691638,1.0,12161.372461425643,0.0,0.0,0.0,1.2471073972528306,False,1.0,0.0
2017-06-08 00:00:00+00:00,0.002817255764695936,1.0,12161.372461425643,0.0,0.0,0.0,1.2506208177569367,False,1.0,0.0
2017-06-09 00:00:00+00:00,0.006081557438822216,1.0,12161.372461425643,0.0,0.0,0.0,1.2582265400943122,False,1.0,0.0
2017-06-10 00:00:00+00:00,0.0008244660543255122,1.0,12161.372461425643,0.0,0.0,0.0,1.2592639051652719,False,1.0,0.0
2017-06-11 00:00:00+00:00,0.009084833629818823,1.0,12161.372461425643,0.0,0.0,0.0,1.2707041082397348,False,1.0,0.0
2017-06-12 00:00:00+00:00,0.008816416220598144,1.0,12161.372461425643,0.0,0.0,0.0,1.2819071645512001,False,1.0,0.0
2017-06-13 00:00:00+00:00,-0.0033564782972085316,0.0,0.0,0.9505314896824559,0.001425797234523684,0.0,1.277604470974348,True,0.0,0.001425797234523684
2017-06-14 00:00:00+00:00,-0.003790999999999989,1.0,12776.044709743479,1.0,0.0014999999999999998,0.0,1.2727610724248841,True,1.0,0.0014999999999999998
2017-06-15 00:00:00+00:00,-0.0015057081395570826,0.0,0.0,1.0038054263713738,0.0015057081395570607,0.0,1.2708446657184227,True,0.0,0.0015057081395570607
2017-06-16 00:00:00+00:00,0.0,0.0,0.0,0.0,0.0,0.0,1.2708446657184227,False,0.0,0.0
2017-06-17 00:00:00+00:00,0.0,0.0,0.0,0.0,0.0,0.0,1.2708446657184227,False,0.0,0.0
2017-06-18 00:00:00+00:00,-0.0019959999999999978,1.0,12708.446657184226,1.0,0.0015,0.0,1.2683080597656486,True,1.0,0.0015
2017-06-19 00:00:00+00:00,-0.0027810761479912793,1.0,12664.01792767071,2.0019999919840004,0.003002999987976,0.0,1.2647807984723292,True,1.0,0.003002999987976
2017-06-20 00:00:00+00:00,0.000869112463953492,1.0,12664.01792767071,0.0,0.0,0.0,1.265880035228451,False,1.0,0.0
2017-06-21 00:00:00+00:00,0.00391961488133119,1.0,12664.01792767071,0.0,0.0,0.0,1.2708417974525121,False,1.0,0.0
2017-06-22 00:00:00+00:00,0.001733920873417949,1.0,12664.01792767071,0.0,0.0,0.0,1.273045336571927,False,1.0,0.0
2017-06-23 00:00:00+00:00,-0.0029746221521896876,1.0,12710.634177662465,1.9948457044054753,0.002992268556608213,0.0,1.2692585077130185,True,1.0,0.002992268556608213
2017-06-24 00:00:00+00:00,0.00042560435818850273,1.0,12710.634177662465,0.0,0.0,0.0,1.269798709665569,False,1.0,0.0
2017-06-25 00:00:00+00:00,-0.0015014939865165555,0.0,0.0,1.000995991011056,0.0015014939865165841,0.0,1.2678921145389197,True,0.0,0.0015014939865165841
2017-06-26 00:00:00+00:00,-0.003313999999999928,1.0,12678.921145389197,1.0,0.0015,0.0,1.2636903200713376,True,1.0,0.0015
2017-06-27 00:00:00+00:00,-0.004747100834164408,1.0,12617.884818995293,2.0033250191133414,0.0030049875286700125,0.0,1.2576914546988014,True,1.0,0.0030049875286700125
2017-06-28 00:00:00+00:00,-0.0015048863660305223,0.0,0.0,1.0032575773536674,0.001504886366030501,0.0,1.2557987719759522,True,0.0,0.001504886366030501
2017-06-29 00:00:00+00:00,0.0,0.0,0.0,0.0,0.0,0.0,1.2557987719759522,False,0.0,0.0
2017-06-30 00:00:00+00:00,0.0,0.0,0.0,0.0,0.0,0.0,1.2557987719759522,False,0.0,0.0
2017-07-01 00:00:00+00:00,0.0,0.0,0.0,0.0,0.0,0.0,1.2557987719759522,True,0.0,0.0
2017-07-02 00:00:00+00:00,0.0,0.0,0.0,0.0,0.0,0.0,1.2557987719759522,False,0.0,0.0
2017-07-03 00:00:00+00:00,0.0,0.0,0.0,0.0,0.0,0.0,1.2557987719759522,False,0.0,0.0
2017-07-04 00:00:00+00:00,0.0012110000000000731,1.0,12557.987719759521,1.0,0.0015,0.0,1.257319544288815,True,1.0,0.0015
2017-07-05 00:00:00+00:00,-0.001008778369394947,1.0,12557.987719759521,0.0,0.0,0.0,1.2560511875291194,False,1.0,0.0
2017-07-06 00:00:00+00:00,-0.0031362405546486727,1.0,12541.674893711554,1.999799040392881,0.002999698560589322,0.0,1.252111908856076,True,1.0,0.002999698560589322
2017-07-07 00:00:00+00:00,-0.0057380890900187165,1.0,12502.306576220191,2.001641690731108,0.0030024625360966627,0.0,1.2449271791723864,True,1.0,0.0030024625360966627
2017-07-08 00:00:00+00:00,-0.0015063901068331775,0.0,0.0,1.0042600712221244,0.0015063901068331866,0.0,1.2430518331859535,True,0.0,0.0015063901068331866
2017-07-09 00:00:00+00:00,-0.003463000000000105,0.0,0.0,2.001966860948041,0.0030029502914220617,0.0,1.2387471446876304,True,0.0,0.0030029502914220617
2017-07-10 00:00:00+00:00,0.0,0.0,0.0,0.0,0.0,0.0,1.2387471446876304,False,0.0,0.0
2017-07-11 00:00:00+00:00,0.0,0.0,0.0,0.0,0.0,0.0,1.2387471446876304,False,0.0,0.0
2017-07-12 00:00:00+00:00,0.0,0.0,0.0,0.0,0.0,0.0,1.2387471446876304,False,0.0,0.0
2017-07-13 00:00:00+00:00,-0.003563000000000094,0.0,0.0,2.0020672647672146,0.0030031008971508222,0.0,1.2343334886111084,True,0.0,0.0030031008971508222
2017-07-14 00:00:00+00:00,0.0,0.0,0.0,0.0,0.0,0.0,1.2343334886111084,False,0.0,0.0
2017-07-15 00:00:00+00:00,0.0,0.0,0.0,0.0,0.0,0.0,1.2343334886111084,False,0.0,0.0
2017-07-16 00:00:00+00:00,0.0019059999999999633,1.0,12343.334886111083,1.0,0.0015,0.0,1.236686128240401,True,1.0,0.0015
2017-07-17 00:00:00+00:00,0.004665108303573362,1.0,12343.334886111083,0.0,0.0,0.0,1.2424554029661694,False,1.0,0.0
2017-07-18 00:00:00+00:00,-0.0009000774901148922,0.0,0.0,0.9928770996868463,0.0014893156495302696,0.0,1.241337096825488,True,0.0,0.0014893156495302696
2017-07-19 00:00:00+00:00,-0.003286000000000122,0.0,0.0,2.001789195503169,0.0030026837932547526,0.0,1.2372580631253194,True,0.0,0.0030026837932547526
2017-07-20 00:00:00+00:00,0.0,0.0,0.0,0.0,0.0,0.0,1.2372580631253194,False,0.0,0.0
2017-07-21 00:00:00+00:00,0.00018500000000010175,1.0,12372.580631253193,1.0,0.0015,0.0,1.2374869558669976,True,1.0,0.0015
2017-07-22 00:00:00+00:00,0.0055359758444686324,1.0,12372.580631253193,0.0,0.0,0.0,1.2443376537625226,False,1.0,0.0
2017-07-23 00:00:00+00:00,0.003568580581910341,1.0,12372.580631253193,0.0,0.0,0.0,1.2487781729510792,False,1.0,0.0
2017-07-24 00:00:00+00:00,-0.0028840817151501996,1.0,12469.222858563913,1.9907748949530917,0.0029861623424296373,0.0,1.2451765946561923,True,1.0,0.0029861623424296373
2017-07-25 00:00:00+00:00,0.00288804326056491,1.0,12469.222858563913,0.0,0.0,0.0,1.2487727185286024,False,1.0,0.0
2017-07-26 00:00:00+00:00,-0.002005024543577316,0.0,0.0,0.9990249516471923,0.0014985374274707885,0.0,1.2462688985786026,True,0.0,0.0014985374274707885
2017-07-27 00:00:00+00:00,0.0,0.0,0.0,0.0,0.0,0.0,1.2462688985786026,False,0.0,0.0
2017-07-28 00:00:00+00:00,0.0,0.0,0.0,0.0,0.0,0.0,1.2462688985786026,False,0.0,0.0
2017-07-29 00:00:00+00:00,0.0,0.0,0.0,0.0,0.0,0.0,1.2462688985786026,False,0.0,0.0
2017-07-30 00:00:00+00:00,0.0,0.0,0.0,0.0,0.0,0.0,1.2462688985786026,False,0.0,0.0
2017-07-31 00:00:00+00:00,0.0,0.0,0.0,0.0,0.0,0.0,1.2462688985786026,False,0.0,0.0
2017-08-01 00:00:00+00:00,0.0,0.0,0.0,0.0,0.0,0.0,1.2462688985786026,True,0.0,0.0
2017-08-02 00:00:00+00:00,0.0,0.0,0.0,0.0,0.0,0.0,1.2462688985786026,False,0.0,0.0
2017-08-03 00:00:00+00:00,0.0,0.0,0.0,0.0,0.0,0.0,1.2462688985786026,False,0.0,0.0
2017-08-04 00:00:00+00:00,-0.0013000000000000789,1.0,12462.688985786026,1.0,0.0015,0.0,1.2446487490104503,True,1.0,0.0015
2017-08-05 00:00:00+00:00,0.0007316218584161316,1.0,12427.631441669007,2.0013147262355475,0.003001972089353321,0.0,1.2455593612412763,True,1.0,0.003001972089353321
2017-08-06 00:00:00+00:00,0.009327014218009522,1.0,12427.631441669007,0.0,0.0,0.0,1.2571767111129488,False,1.0,0.0
2017-08-07 00:00:00+00:00,0.003969956445149192,1.0,12427.631441669007,0.0,0.0,0.0,1.262167647899923,False,1.0,0.0
2017-08-08 00:00:00+00:00,0.0011963206493805778,1.0,12427.631441669007,0.0,0.0,0.0,1.2636776051200858,False,1.0,0.0
2017-08-09 00:00:00+00:00,-0.00297917289927796,1.0,12616.792419842654,1.9835539936718134,0.00297533099050772,0.0,1.2599128910454873,True,1.0,0.00297533099050772
2017-08-10 00:00:00+00:00,1.0014019627524462e-05,1.0,12616.792419842654,0.0,0.0,0.0,1.2599255078379075,False,1.0,0.0
2017-08-11 00:00:00+00:00,-0.0015020879021840905,0.0,0.0,1.0013919347893572,0.0015020879021840356,0.0,1.2580329889749309,True,0.0,0.0015020879021840356
2017-08-12 00:00:00+00:00,-0.0021579999999998822,1.0,12580.32988974931,1.0,0.0015,0.0,1.2553181537847231,True,1.0,0.0015
2017-08-13 00:00:00+00:00,-0.00038792312410185215,1.0,12534.311043012607,2.0021626670354626,0.0030032440005531937,0.0,1.2548311868447652,True,1.0,0.0030032440005531937
2017-08-14 00:00:00+00:00,0.0056906435511534514,1.0,12534.311043012607,0.0,0.0,0.0,1.2619719838459695,False,1.0,0.0
2017-08-15 00:00:00+00:00,0.004810223139527281,1.0,12534.311043012607,0.0,0.0,0.0,1.2680423506841008,False,1.0,0.0
2017-08-16 00:00:00+00:00,0.0007551966723899906,1.0,12534.311043012607,0.0,0.0,0.0,1.268999972047787,False,1.0,0.0
2017-08-17 00:00:00+00:00,0.0032134364478808575,1.0,12671.198253913351,1.9877313884243804,0.0029815970826365707,0.0,1.2730778228103252,True,1.0,0.0029815970826365707
2017-08-18 00:00:00+00:00,0.0011744776062951878,1.0,12671.198253913351,0.0,0.0,0.0,1.2745730242042872,False,1.0,0.0
2017-08-19 00:00:00+00:00,-0.0019038018375914234,0.0,0.0,0.9945627255792581,0.001491844088368887,0.0,1.2721464897386625,True,0.0,0.001491844088368887
2017-08-20 00:00:00+00:00,0.004983999999999655,1.0,12721.464897386626,1.0,0.0015,0.0,1.27848686784352,True,1.0,0.0015
2017-08-21 00:00:00+00:00,0.0026487983888301425,1.0,12721.464897386626,0.0,0.0,0.0,1.2818733217992042,False,1.0,0.0
2017-08-22 00:00:00+00:00,-0.0011938716573083319,0.0,0.0,0.9921195940643469,0.0014881793910965205,0.0,1.2803429295720488,True,0.0,0.0014881793910965205
2017-08-23 00:00:00+00:00,0.00039600000000006297,1.0,12803.429295720487,1.0,0.0015,0.0,1.2808499453721593,True,1.0,0.0015
2017-08-24 00:00:00+00:00,0.004511213559430294,1.0,12803.429295720487,0.0,0.0,0.0,1.286628133013318,False,1.0,0.0
2017-08-25 00:00:00+00:00,0.0025355529704680357,1.0,12803.429295720487,0.0,0.0,0.0,1.2898904467978676,False,1.0,0.0
2017-08-26 00:00:00+00:00,0.001019398346530087,1.0,12803.429295720487,0.0,0.0,0.0,1.2912053589865384,False,1.0,0.0
2017-08-27 00:00:00+00:00,-0.0026107077554031743,1.0,12892.848445921803,1.9915873727297604,0.0029873810590946405,0.0,1.287834399142014,True,1.0,0.0029873810590946405
2017-08-28 00:00:00+00:00,-0.000359404329871027,1.0,12892.848445921803,0.0,0.0,0.0,1.2873715458828054,False,1.0,0.0
2017-08-29 00:00:00+00:00,-0.0029001261872619866,1.0,12854.376186159172,2.0014862055290052,0.0030022293082935074,0.0,1.2836380059498549,True,1.0,0.0030022293082935074
2017-08-30 00:00:00+00:00,0.008530943320648854,1.0,12854.376186159172,0.0,0.0,0.0,1.2945886490228438,False,1.0,0.0
2017-08-31 00:00:00+00:00,0.0028050309844218635,1.0,12854.376186159172,0.0,0.0,0.0,1.2982200102954338,False,1.0,0.0
2017-09-01 00:00:00+00:00,-0.0012347691357144086,0.0,0.0,1.0095809299407759,0.001514371394911164,0.0,1.296617008295354,True,0.0,0.001514371394911164
2017-09-02 00:00:00+00:00,-0.000684000000000129,1.0,12966.17008295354,1.0,0.0015000000000000002,0.0,1.29573012226168,True,1.0,0.0015000000000000002
2017-09-03 00:00:00+00:00,-0.0015010267022643742,0.0,0.0,1.0006844681762326,0.001501026702264349,0.0,1.2937851967492369,True,0.0,0.001501026702264349
2017-09-04 00:00:00+00:00,-0.009743291900000006,1.0,12851.815251908543,3.0051766597979594,0.00450776498969694,0.0,1.28117946992141,True,1.0,0.00450776498969694
2017-09-05 00:00:00+00:00,-0.0015046855909301993,0.0,0.0,1.003123727286771,0.0015046855909301563,0.0,1.2792516976336237,True,0.0,0.0015046855909301563
2017-09-06 00:00:00+00:00,-0.0029970000000001384,1.0,12792.516976336237,1.0,0.0015,0.0,1.2754177802958155,True,1.0,0.0015
2017-09-07 00:00:00+00:00,-0.002867455358710025,1.0,12734.989027493652,2.003006009009,0.0030045090135135,0.0,1.2717605767471123,True,1.0,0.0030045090135135
2017-09-08 00:00:00+00:00,0.0003004100597314707,1.0,12734.989027493652,0.0,0.0,0.0,1.2721426264179367,False,1.0,0.0
2017-09-09 00:00:00+00:00,-0.004044307187154428,0.0,0.0,1.003618043045178,0.001505427064567767,0.0,1.2669976908508294,True,0.0,0.001505427064567767
2017-09-10 00:00:00+00:00,-0.00505000000000011,1.0,12669.976908508293,1.0,0.0015,0.0,1.2605993525120327,True,1.0,0.0015
2017-09-11 00:00:00+00:00,-0.0029055027890849683,1.0,12586.988559757563,2.0050756319413034,0.003007613447911955,0.0,1.2569366775773902,True,1.0,0.003007613447911955
2017-09-12 00:00:00+00:00,-0.000252353294612373,1.0,12586.988559757563,0.0,0.0,0.0,1.2566194854656845,False,1.0,0.0
2017-09-13 00:00:00+00:00,-0.0015024821004299138,0.0,0.0,1.0016547336199402,0.0015024821004299101,0.0,1.2547314371817206,True,0.0,0.0015024821004299101
2017-09-14 00:00:00+00:00,-0.003266999999999909,1.0,12547.314371817207,1.0,0.0015000000000000002,0.0,1.250632229576448,True,1.0,0.0015000000000000002
2017-09-15 00:00:00+00:00,-0.005201345361295351,0.0,0.0,3.0054845677775566,0.004508226851666335,0.0,1.2441272594304542,True,0.0,0.004508226851666335
2017-09-16 00:00:00+00:00,0.0,0.0,0.0,0.0,0.0,0.0,1.2441272594304542,False,0.0,0.0
2017-09-17 00:00:00+00:00,-0.0014000000000001789,1.0,12441.272594304543,1.0,0.0015,0.0,1.2423854812672515,True,1.0,0.0015
2017-09-18 00:00:00+00:00,0.0018996595233327085,1.0,12441.272594304543,0.0,0.0,0.0,1.244745590678391,False,1.0,0.0
2017-09-19 00:00:00+00:00,0.0002728643864000624,1.0,12441.272594304543,0.0,0.0,0.0,1.2450852374202155,False,1.0,0.0
2017-09-20 00:00:00+00:00,-0.0026019964627237435,0.0,0.0,1.0003341115932722,0.0015005011673899084,0.0,1.2418455300366587,True,0.0,0.0015005011673899084
2017-09-21 00:00:00+00:00,-0.0033600000000000296,0.0,0.0,2.0018634660468475,0.0030027951990702706,0.0,1.2376729290557353,True,0.0,0.0030027951990702706
2017-09-22 00:00:00+00:00,0.0,0.0,0.0,0.0,0.0,0.0,1.2376729290557353,False,0.0,0.0
2017-09-23 00:00:00+00:00,0.0,0.0,0.0,0.0,0.0,0.0,1.2376729290557353,False,0.0,0.0
2017-09-24 00:00:00+00:00,-0.00332700000000008,0.0,0.0,2.0018303440385585,0.0030027455160578378,0.0,1.233555191220767,True,0.0,0.0030027455160578378
2017-09-25 00:00:00+00:00,0.0,0.0,0.0,0.0,0.0,0.0,1.233555191220767,False,0.0,0.0
2017-09-26 00:00:00+00:00,0.002555000000000085,1.0,12335.55191220767,1.0,0.0015,0.0,1.236706924734336,True,1.0,0.0015
2017-09-27 00:00:00+00:00,0.00199889282882193,1.0,12335.55191220767,0.0,0.0,0.0,1.2391789693375423,False,1.0,0.0
2017-09-28 00:00:00+00:00,0.0009138338315617389,1.0,12335.55191220767,0.0,0.0,0.0,1.2403113730030828,False,1.0,0.0
2017-09-29 00:00:00+00:00,0.0032969426451323613,1.0,12335.55191220767,0.0,0.0,0.0,1.2444006084619796,False,1.0,0.0
2017-09-30 00:00:00+00:00,0.006245093141103553,1.0,12335.55191220767,0.0,0.0,0.0,1.2521720061666706,False,1.0,0.0
2017-10-01 00:00:00+00:00,-0.0016913014268657989,0.0,0.0,1.0150589559405985,0.001522588433910898,0.0,1.2500542058659594,True,0.0,0.001522588433910898
2017-10-02 00:00:00+00:00,-0.0007650000000000157,1.0,12500.542058659594,1.0,0.0015000000000000002,0.0,1.249097914398472,True,1.0,0.0015000000000000002
2017-10-03 00:00:00+00:00,-0.0011018429098260674,1.0,12500.542058659594,0.0,0.0,0.0,1.2477216047178135,False,1.0,0.0
2017-10-04 00:00:00+00:00,-0.0015028042326981073,0.0,0.0,1.0018694884654766,0.001502804232698215,0.0,1.2458465234090146,True,0.0,0.001502804232698215
2017-10-05 00:00:00+00:00,0.0,0.0,0.0,0.0,0.0,0.0,1.2458465234090146,False,0.0,0.0
2017-10-06 00:00:00+00:00,-0.0008979999999999544,1.0,12458.465234090147,1.0,0.0015,0.0,1.2447277532309935,True,1.0,0.0015
2017-10-07 00:00:00+00:00,0.0009328376882442591,1.0,12458.465234090147,0.0,0.0,0.0,1.2458888821908107,False,1.0,0.0
2017-10-08 00:00:00+00:00,0.003898867438507203,1.0,12458.465234090147,0.0,0.0,0.0,1.2507464377855824,False,1.0,0.0
2017-10-09 00:00:00+00:00,-0.0006135867632601766,0.0,0.0,0.9952060922536143,0.0014928091383804214,0.0,1.2499789963271624,True,0.0,0.0014928091383804214
2017-10-10 00:00:00+00:00,0.00695699999999988,1.0,12499.789963271623,1.0,0.0015,0.0,1.2586751002046106,True,1.0,0.0015
2017-10-11 00:00:00+00:00,0.008461135877698922,1.0,12499.789963271623,0.0,0.0,0.0,1.269324921253318,False,1.0,0.0
2017-10-12 00:00:00+00:00,0.005232023965092036,1.0,12499.789963271623,0.0,0.0,0.0,1.275966059660804,False,1.0,0.0
2017-10-13 00:00:00+00:00,0.010887645842925453,1.0,12499.789963271623,0.0,0.0,0.0,1.2898583262259842,False,1.0,0.0
2017-10-14 00:00:00+00:00,0.010902176946693043,1.0,12499.789963271623,0.0,0.0,0.0,1.3039205899346646,False,1.0,0.0
2017-10-15 00:00:00+00:00,0.0107846013148587,1.0,12499.789963271623,0.0,0.0,0.0,1.3179828536433453,False,1.0,0.0
2017-10-16 00:00:00+00:00,0.002239179669272673,1.0,12499.789963271623,0.0,0.0,0.0,1.3209340540536738,False,1.0,0.0
2017-10-17 00:00:00+00:00,0.004010352348913893,1.0,12499.789963271623,0.0,0.0,0.0,1.3262314650401081,False,1.0,0.0
2017-10-18 00:00:00+00:00,0.000566445146714889,1.0,12499.789963271623,0.0,0.0,0.0,1.3269827024169008,False,1.0,0.0
2017-10-19 00:00:00+00:00,-0.000582131823165688,1.0,13251.0773392241,1.941970829047366,0.002912956243571049,0.0,1.3262102235570334,True,1.0,0.002912956243571049
2017-10-20 00:00:00+00:00,0.0006574529991045797,1.0,13251.0773392241,0.0,0.0,0.0,1.3270821444459544,False,1.0,0.0
2017-10-21 00:00:00+00:00,0.00943793747316457,1.0,13251.0773392241,0.0,0.0,0.0,1.339607062746989,False,1.0,0.0
2017-10-22 00:00:00+00:00,-0.0010613863109851795,1.0,13251.0773392241,0.0,0.0,0.0,1.3381852221484904,False,1.0,0.0
2017-10-23 00:00:00+00:00,-0.0036910600493726964,1.0,13361.975605476067,1.9902274453419206,0.0029853411680128812,0.0,1.3332459001363572,True,1.0,0.0029853411680128812
2017-10-24 00:00:00+00:00,-0.0015033208357261296,0.0,0.0,1.0022138904840792,0.001503320835726119,0.0,1.3312416037955357,True,0.0,0.001503320835726119
2017-10-25 00:00:00+00:00,-0.0030290000000000594,0.0,0.0,2.0015313414210327,0.0030022970121315494,0.0,1.327209272977639,True,0.0,0.0030022970121315494
2017-10-26 00:00:00+00:00,0.0,0.0,0.0,0.0,0.0,0.0,1.327209272977639,False,0.0,0.0
2017-10-27 00:00:00+00:00,-0.0015840000000000298,1.0,13272.09272977639,1.0,0.0014999999999999998,0.0,1.3251069734892424,True,1.0,0.0014999999999999998
2017-10-28 00:00:00+00:00,-0.001502379769555029,0.0,0.0,1.0015865130366501,0.001502379769554975,0.0,1.323116159579776,True,0.0,0.001502379769554975
2017-10-29 00:00:00+00:00,0.0,0.0,0.0,0.0,0.0,0.0,1.323116159579776,False,0.0,0.0
2017-10-30 00:00:00+00:00,0.00513499999999989,1.0,13231.16159579776,1.0,0.0015,0.0,1.3299103610592182,True,1.0,0.0015
2017-10-31 00:00:00+00:00,0.001217746869823566,1.0,13231.16159579776,0.0,0.0,0.0,1.331529855238544,False,1.0,0.0
2017-11-01 00:00:00+00:00,0.0004655217720515026,1.0,13315.298552385439,0.006318818632317202,9.478227948475802e-06,0.0,1.332149711376294,True,1.0,9.478227948475802e-06
2017-11-02 00:00:00+00:00,-0.002711737627094646,0.0,0.0,1.000748037369596,0.001501122056054394,0.0,1.3285372708790317,True,0.0,0.001501122056054394
2017-11-03 00:00:00+00:00,-0.003014000000000183,0.0,0.0,2.001516295671647,0.0030022744435074704,0.0,1.324533059544602,True,0.0,0.0030022744435074704
2017-11-04 00:00:00+00:00,-0.0042000000000000925,0.0,0.0,2.002707309736288,0.003004060964604432,0.0,1.3189700206945147,True,0.0,0.003004060964604432
2017-11-05 00:00:00+00:00,-0.0009430000000000271,1.0,13189.700206945146,1.0,0.0015,0.0,1.3177262319649996,True,1.0,0.0015
2017-11-06 00:00:00+00:00,-0.0005525210273285008,1.0,13189.700206945146,0.0,0.0,0.0,1.3169981605135765,False,1.0,0.0
2017-11-07 00:00:00+00:00,-0.001502245857557094,0.0,0.0,1.0014972383713652,0.0015022458575570477,0.0,1.3150197054825348,True,0.0,0.0015022458575570477
2017-11-08 00:00:00+00:00,-0.0009879999999999889,1.0,13150.197054825347,1.0,0.0014999999999999998,0.0,1.313720466013518,True,1.0,0.0014999999999999998
2017-11-09 00:00:00+00:00,0.0008348248069092179,1.0,13150.197054825347,0.0,0.0,0.0,1.3148171924478904,False,1.0,0.0
2017-11-10 00:00:00+00:00,-0.0015002310355795023,0.0,0.0,1.000154023719653,0.0015002310355794791,0.0,1.3128446628896666,True,0.0,0.0015002310355794791
2017-11-11 00:00:00+00:00,-0.005267999999999828,0.0,0.0,2.0037822515237416,0.003005673377285612,0.0,1.3059285972055639,True,0.0,0.003005673377285612
2017-11-12 00:00:00+00:00,-0.0041120000000000045,1.0,13059.285972055639,1.0,0.0014999999999999998,0.0,1.3005586188138547,True,1.0,0.0014999999999999998
2017-11-13 00:00:00+00:00,-0.0058166912303388996,0.0,0.0,3.0069539362654343,0.004510430904398152,0.0,1.2929936709012582,True,0.0,0.004510430904398152
2017-11-14 00:00:00+00:00,0.0,0.0,0.0,0.0,0.0,0.0,1.2929936709012582,False,0.0,0.0
2017-11-15 00:00:00+00:00,-0.003185999999999911,1.0,12929.936709012582,1.0,0.0015,0.0,1.2888741930657668,True,1.0,0.0015
2017-11-16 00:00:00+00:00,-0.0026890095885491183,1.0,12869.34702559415,2.0031961830391625,0.003004794274558744,0.0,1.2854083980021795,True,1.0,0.003004794274558744
2017-11-17 00:00:00+00:00,0.005463479686908412,1.0,12869.34702559415,0.0,0.0,0.0,1.2924312006740462,False,1.0,0.0
2017-11-18 00:00:00+00:00,-0.00038037541659563523,0.0,0.0,0.9946398856561988,0.001491959828484298,0.0,1.2919395916176686,True,0.0,0.001491959828484298
2017-11-19 00:00:00+00:00,0.0026559999999997697,1.0,12919.395916176685,1.0,0.0015,0.0,1.2953709831730047,True,1.0,0.0015
2017-11-20 00:00:00+00:00,0.009023034819519493,1.0,12919.395916176685,0.0,0.0,0.0,1.3070591606583697,False,1.0,0.0
2017-11-21 00:00:00+00:00,0.0031797869532856904,1.0,12919.395916176685,0.0,0.0,0.0,1.3112153303246037,False,1.0,0.0
2017-11-22 00:00:00+00:00,0.00040988452291790267,1.0,12919.395916176685,0.0,0.0,0.0,1.3117527771947166,False,1.0,0.0
2017-11-23 00:00:00+00:00,-0.0014773434606869529,0.0,0.0,0.9848956404579374,0.001477343460686906,0.0,1.30981486780729,True,0.0,0.001477343460686906
2017-11-24 00:00:00+00:00,0.0,0.0,0.0,0.0,0.0,0.0,1.30981486780729,False,0.0,0.0
2017-11-25 00:00:00+00:00,0.0011910000000001641,1.0,13098.148678072901,1.0,0.0015,0.0,1.3113748573148487,True,1.0,0.0015
2017-11-26 00:00:00+00:00,-0.00019576684169131386,1.0,13098.148678072901,0.0,0.0,0.0,1.3111181336007585,False,1.0,0.0
2017-11-27 00:00:00+00:00,0.003373179791108072,1.0,13091.534112990475,1.9990059890409042,0.002998508983561356,0.0,1.3155407707927758,True,1.0,0.002998508983561356
2017-11-28 00:00:00+00:00,0.003162569821838934,1.0,13091.534112990475,0.0,0.0,0.0,1.319701260333884,False,1.0,0.0
2017-11-29 00:00:00+00:00,0.007653337063281196,1.0,13091.534112990475,0.0,0.0,0.0,1.3298013789020562,False,1.0,0.0
2017-11-30 00:00:00+00:00,0.003888667929417222,1.0,13091.534112990475,0.0,0.0,0.0,1.3349725348766874,False,1.0,0.0
2017-12-01 00:00:00+00:00,-0.006571760232867541,1.0,13280.58697636706,2.0230331613183843,0.0030345497419775767,0.0,1.3261994154600145,True,1.0,0.0030345497419775767
2017-12-02 00:00:00+00:00,0.0064880833166434115,1.0,13280.58697636706,0.0,0.0,0.0,1.3348039077620026,False,1.0,0.0
2017-12-03 00:00:00+00:00,0.0026793913712255257,1.0,13280.58697636706,0.0,0.0,0.0,1.3383803698347383,False,1.0,0.0
2017-12-04 00:00:00+00:00,0.002232647860825443,0.0,0.0,0.9886092442873217,0.0014829138664309825,0.0,1.3413685019044208,True,0.0,0.0014829138664309825
2017-12-05 00:00:00+00:00,0.001822999999999908,1.0,13413.685019044207,1.0,0.0014999999999999998,0.0,1.3438138166833924,True,1.0,0.0014999999999999998
2017-12-06 00:00:00+00:00,0.0017488119158772797,1.0,13413.685019044207,0.0,0.0,0.0,1.3461638942987288,False,1.0,0.0
2017-12-07 00:00:00+00:00,-0.0033181376578731436,0.0,0.0,0.9982580397206875,0.0014973870595810313,0.0,1.3416971371873871,True,0.0,0.0014973870595810313
2017-12-08 00:00:00+00:00,-0.00274822075000003,1.0,13350.060935642336,3.003499201716385,0.004505248802574578,0.0,1.3380098572747532,True,1.0,0.004505248802574578
2017-12-09 00:00:00+00:00,0.01122474432526821,1.0,13350.060935642336,0.0,0.0,0.0,1.3530286758273509,False,1.0,0.0
2017-12-10 00:00:00+00:00,0.006525900345337954,1.0,13350.060935642336,0.0,0.0,0.0,1.3618584061301848,False,1.0,0.0
2017-12-11 00:00:00+00:00,0.011028179203501187,1.0,13350.060935642336,0.0,0.0,0.0,1.3768772246827825,False,1.0,0.0
2017-12-12 00:00:00+00:00,0.010907885091975489,1.0,13350.060935642336,0.0,0.0,0.0,1.3918960432353804,False,1.0,0.0
2017-12-13 00:00:00+00:00,0.00822739767545766,1.0,13350.060935642336,0.0,0.0,0.0,1.4033477255059745,False,1.0,0.0
2017-12-14 00:00:00+00:00,0.007913873012731942,1.0,13350.060935642336,0.0,0.0,0.0,1.4144536411983355,False,1.0,0.0
2017-12-15 00:00:00+00:00,0.008754038419610533,1.0,13350.060935642336,0.0,0.0,0.0,1.4268358227161437,False,1.0,0.0
2017-12-16 00:00:00+00:00,0.010525961230779757,1.0,13350.060935642336,0.0,0.0,0.0,1.4418546412687416,False,1.0,0.0
2017-12-17 00:00:00+00:00,0.010416319456018064,1.0,13350.060935642336,0.0,0.0,0.0,1.4568734598213393,False,1.0,0.0
2017-12-18 00:00:00+00:00,0.007969496538946075,1.0,13350.060935642336,0.0,0.0,0.0,1.4684840078170678,False,1.0,0.0
2017-12-19 00:00:00+00:00,0.007162837971132374,1.0,13350.060935642336,0.0,0.0,0.0,1.4790025208282604,False,1.0,0.0
2017-12-20 00:00:00+00:00,-0.0026492469278665,0.0,0.0,0.9038101926290654,0.001355715288943598,0.0,1.4750842779436495,True,0.0,0.001355715288943598
2017-12-21 00:00:00+00:00,0.003735000000000044,1.0,14750.842779436494,1.0,0.0015,0.0,1.480593717721769,True,1.0,0.0015
2017-12-22 00:00:00+00:00,0.0032677947864723222,1.0,14750.842779436494,0.0,0.0,0.0,1.485431994153424,False,1.0,0.0
2017-12-23 00:00:00+00:00,-0.00501482103047135,0.0,0.0,0.9965469647670822,0.0014948204471506232,0.0,1.4779828185498085,True,0.0,0.0014948204471506232
2017-12-24 00:00:00+00:00,0.0,0.0,0.0,0.0,0.0,0.0,1.4779828185498085,False,0.0,0.0
2017-12-25 00:00:00+00:00,0.0,0.0,0.0,0.0,0.0,0.0,1.4779828185498085,False,0.0,0.0
2017-12-26 00:00:00+00:00,0.0,0.0,0.0,0.0,0.0,0.0,1.4779828185498085,False,0.0,0.0
2017-12-27 00:00:00+00:00,0.005999999999999783,1.0,14779.828185498085,1.0,0.0015,0.0,1.4868507154611073,True,1.0,0.0015
2017-12-28 00:00:00+00:00,0.0023141153081509547,1.0,14779.828185498085,0.0,0.0,0.0,1.490291459462691,False,1.0,0.0
2017-12-29 00:00:00+00:00,0.00010801162320195346,1.0,14880.744852348664,1.9917407827611653,0.002987611174141748,0.0,1.4904524282622718,True,1.0,0.002987611174141748
2017-12-30 00:00:00+00:00,-0.002172528299776988,0.0,0.0,0.9990788493009445,0.0014986182739514168,0.0,1.4872143781824005,True,0.0,0.0014986182739514168
2017-12-31 00:00:00+00:00,0.0,0.0,0.0,0.0,0.0,0.0,1.4872143781824005,False,0.0,0.0
2018-01-01 00:00:00+00:00,0.0006079999999999419,1.0,14872.143781824007,1.0,0.0015,0.0,1.4881186045243355,True,1.0,0.0015
2018-01-02 00:00:00+00:00,-0.0028640355663756,1.0,14851.932538424508,1.9998590198781971,0.0029997885298172957,0.0,1.4838565799139927,True,1.0,0.0029997885298172957
2018-01-03 00:00:00+00:00,0.009806826143529124,1.0,14851.932538424508,0.0,0.0,0.0,1.4984085034151409,False,1.0,0.0
2018-01-04 00:00:00+00:00,0.003854700871644079,1.0,14851.932538424508,0.0,0.0,0.0,1.5041844199793342,False,1.0,0.0
2018-01-05 00:00:00+00:00,0.005207412812368251,1.0,14851.932538424508,0.0,0.0,0.0,1.5120173292000993,False,1.0,0.0
2018-01-06 00:00:00+00:00,0.002243480498712813,1.0,14851.932538424508,0.0,0.0,0.0,1.5154095105918755,False,1.0,0.0
2018-01-07 00:00:00+00:00,0.007833624901381286,1.0,14851.932538424508,0.0,0.0,0.0,1.5272806602698379,False,1.0,0.0
2018-01-08 00:00:00+00:00,0.0053912235082240745,1.0,14851.932538424508,0.0,0.0,0.0,1.5355145716691405,False,1.0,0.0
2018-01-09 00:00:00+00:00,-0.000573566422473859,0.0,0.0,0.9663805858005836,0.0014495708787008756,0.0,1.534633852069612,True,0.0,0.0014495708787008756
2018-01-10 00:00:00+00:00,-0.001194999999999946,1.0,15346.33852069612,1.0,0.0015,0.0,1.532799964616389,True,1.0,0.0015
2018-01-11 00:00:00+00:00,0.0015278257517734595,1.0,15346.33852069612,0.0,0.0,0.0,1.5351418158746473,False,1.0,0.0
2018-01-12 00:00:00+00:00,0.000513829922295761,1.0,15346.33852069612,0.0,0.0,0.0,1.5359306176746113,False,1.0,0.0
2018-01-13 00:00:00+00:00,0.001225177884687234,1.0,15336.28666896507,1.9991557134221578,0.0029987335701332374,0.0,1.5378124058998006,True,1.0,0.0029987335701332374
2018-01-14 00:00:00+00:00,0.001208702659145855,1.0,15336.28666896507,0.0,0.0,0.0,1.5396711638440792,False,1.0,0.0
2018-01-15 00:00:00+00:00,-0.0027901738350897265,1.0,15373.707208437345,1.9960754626770525,0.0029941131940155784,0.0,1.5353752136480794,True,1.0,0.0029941131940155784
2018-01-16 00:00:00+00:00,-0.0005947720140739854,0.0,0.0,1.0003921537242597,0.0015005882305863896,0.0,1.5344620154398985,True,0.0,0.0015005882305863896
2018-01-17 00:00:00+00:00,0.0,0.0,0.0,0.0,0.0,0.0,1.5344620154398985,False,0.0,0.0
2018-01-18 00:00:00+00:00,-0.004102000000000161,0.0,0.0,2.0026087880665493,0.0030039131820998235,0.0,1.5281676522525638,True,0.0,0.0030039131820998235
2018-01-19 00:00:00+00:00,0.0,0.0,0.0,0.0,0.0,0.0,1.5281676522525638,False,0.0,0.0
2018-01-20 00:00:00+00:00,-0.003453999999999846,0.0,0.0,2.001957825591205,0.0030029367383868077,0.0,1.5228893611816836,True,0.0,0.0030029367383868077
2018-01-21 00:00:00+00:00,-0.0038849999999999163,0.0,0.0,2.00239070182385,0.003003586052735775,0.0,1.516972936013493,True,0.0,0.003003586052735775
2018-01-22 00:00:00+00:00,0.0,0.0,0.0,0.0,0.0,0.0,1.516972936013493,False,0.0,0.0
2018-01-23 00:00:00+00:00,0.0,0.0,0.0,0.0,0.0,0.0,1.516972936013493,False,0.0,0.0
2018-01-24 00:00:00+00:00,-0.0012560000000001459,1.0,15169.72936013493,1.0,0.0015,0.0,1.51506761800586,True,1.0,0.0015
2018-01-25 00:00:00+00:00,0.0003003772738561228,1.0,15169.72936013493,0.0,0.0,0.0,1.515522709886664,False,1.0,0.0
2018-01-26 00:00:00+00:00,-0.00016015310636963154,1.0,15169.72936013493,0.0,0.0,0.0,1.5152799942169017,False,1.0,0.0
2018-01-27 00:00:00+00:00,-0.0012121113562735264,1.0,15130.045348128813,2.001117246847482,0.003001675870271223,0.0,1.513443306127977,True,1.0,0.003001675870271223
2018-01-28 00:00:00+00:00,0.008327585000349913,1.0,15130.045348128813,0.0,0.0,0.0,1.5260466339029684,False,1.0,0.0
2018-01-29 00:00:00+00:00,0.009095595962800518,1.0,15130.045348128813,0.0,0.0,0.0,1.5399269375053417,False,1.0,0.0
2018-01-30 00:00:00+00:00,0.0012419016028781815,1.0,15130.045348128813,0.0,0.0,0.0,1.5418393752373452,False,1.0,0.0
2018-01-31 00:00:00+00:00,-0.0041175281485450466,0.0,0.0,0.983901405207987,0.0014758521078119804,0.0,1.5354908082092702,True,0.0,0.0014758521078119804
2018-02-01 00:00:00+00:00,0.0,0.0,0.0,0.0,0.0,0.0,1.5354908082092702,True,0.0,0.0
2018-02-02 00:00:00+00:00,-0.0005930000000000657,1.0,15354.908082092703,1.0,0.0015,0.0,1.5345802621600024,True,1.0,0.0015
2018-02-03 00:00:00+00:00,-0.0022113113076054347,0.0,0.0,1.0013047000241313,0.0015019570500361971,0.0,1.5311868274738598,True,0.0,0.0015019570500361971
2018-02-04 00:00:00+00:00,0.0,0.0,0.0,0.0,0.0,0.0,1.5311868274738598,False,0.0,0.0
2018-02-05 00:00:00+00:00,-0.004978999999999956,0.0,0.0,2.003491145695876,0.0030052367185438144,0.0,1.5235630482598674,True,0.0,0.0030052367185438144
2018-02-06 00:00:00+00:00,0.0,0.0,0.0,0.0,0.0,0.0,1.5235630482598674,False,0.0,0.0
2018-02-07 00:00:00+00:00,0.0,0.0,0.0,0.0,0.0,0.0,1.5235630482598674,False,0.0,0.0
2018-02-08 00:00:00+00:00,0.0,0.0,0.0,0.0,0.0,0.0,1.5235630482598674,False,0.0,0.0
2018-02-09 00:00:00+00:00,-0.0038960000000001216,0.0,0.0,2.0024017546040316,0.0030036026319060468,0.0,1.517627246623847,True,0.0,0.0030036026319060468
2018-02-10 00:00:00+00:00,-0.002723000000000031,1.0,15176.27246623847,1.0,0.0015,0.0,1.51349474763129,True,1.0,0.0015
2018-02-11 00:00:00+00:00,-0.0015040956524615678,0.0,0.0,1.0027304349744355,0.0015040956524616533,0.0,1.5112183067613545,True,0.0,0.0015040956524616533
2018-02-12 00:00:00+00:00,-0.00031800000000004047,1.0,15112.183067613545,1.0,0.0015,0.0,1.5107377393398043,True,1.0,0.0015
2018-02-13 00:00:00+00:00,-0.0003831218327426944,1.0,15112.183067613545,0.0,0.0,0.0,1.5101589427283146,False,1.0,0.0
2018-02-14 00:00:00+00:00,-0.002875985288687377,1.0,15078.921152681725,2.0007014917457138,0.003001052237618571,0.0,1.5058157478254484,True,1.0,0.003001052237618571
2018-02-15 00:00:00+00:00,-0.00012617374124157532,1.0,15078.921152681725,0.0,0.0,0.0,1.5056257534189246,False,1.0,0.0
2018-02-16 00:00:00+00:00,-0.001502257893614023,0.0,0.0,1.0015052624094012,0.0015022578936141019,0.0,1.5033639152460223,True,0.0,0.0015022578936141019
2018-02-17 00:00:00+00:00,-0.001770999999999967,1.0,15033.639152460224,1.0,0.0015,0.0,1.5007014577521216,True,1.0,0.0015
2018-02-18 00:00:00+00:00,-0.002900557487309996,1.0,14984.464118792526,2.001774142005492,0.003002661213008238,0.0,1.4963485869026216,True,1.0,0.003002661213008238
2018-02-19 00:00:00+00:00,-0.0015481674344082208,0.0,0.0,1.0014480939438428,0.001502172140915764,0.0,1.4940319887498565,True,0.0,0.001502172140915764
2018-02-20 00:00:00+00:00,0.0004780000000002005,1.0,14940.319887498565,1.0,0.0015,0.0,1.4947461360404788,True,1.0,0.0015
2018-02-21 00:00:00+00:00,-0.0017501634218842765,0.0,0.0,0.9997730515173056,0.0014996595772759586,0.0,1.4921300860281779,True,0.0,0.0014996595772759586
2018-02-22 00:00:00+00:00,-0.0015520000000001088,1.0,14921.300860281779,1.0,0.0015,0.0,1.4898143001346622,True,1.0,0.0015
2018-02-23 00:00:00+00:00,-0.002986099153886812,1.0,14875.761050056199,2.0015544124481197,0.003002331618672179,0.0,1.4853655669135815,True,1.0,0.003002331618672179
2018-02-24 00:00:00+00:00,-0.001502232317223462,0.0,0.0,1.0014882114822627,0.0015022323172233939,0.0,1.483134202756073,True,0.0,0.0015022323172233939
2018-02-25 00:00:00+00:00,0.0,0.0,0.0,0.0,0.0,0.0,1.483134202756073,False,0.0,0.0
2018-02-26 00:00:00+00:00,0.0,0.0,0.0,0.0,0.0,0.0,1.483134202756073,False,0.0,0.0
2018-02-27 00:00:00+00:00,-0.0010029999999999761,1.0,14831.34202756073,1.0,0.0015,0.0,1.4816466191507087,True,1.0,0.0015
2018-02-28 00:00:00+00:00,0.002233239939659626,1.0,14831.34202756073,0.0,0.0,0.0,1.4849554915570575,False,1.0,0.0
2018-03-01 00:00:00+00:00,0.0002981602592015964,1.0,14849.554915570576,0.0012264938655332353,1.839740798299853e-06,0.0,1.4853982462713229,True,1.0,1.839740798299853e-06
2018-03-02 00:00:00+00:00,0.003911833646665919,1.0,14849.554915570576,0.0,0.0,0.0,1.4912088771097858,False,1.0,0.0
2018-03-03 00:00:00+00:00,0.0024944952806074117,1.0,14849.554915570576,0.0,0.0,0.0,1.494928690616136,False,1.0,0.0
2018-03-04 00:00:00+00:00,0.0019419575021990543,1.0,14849.554915570576,0.0,0.0,0.0,1.4978317786021305,False,1.0,0.0
2018-03-05 00:00:00+00:00,0.003689011985872126,1.0,14849.554915570576,0.0,0.0,0.0,1.5033572979862142,False,1.0,0.0
2018-03-06 00:00:00+00:00,0.0017068484603410816,1.0,14849.554915570576,0.0,0.0,0.0,1.5059233010756248,False,1.0,0.0
2018-03-07 00:00:00+00:00,0.0014564349057242243,1.0,14849.554915570576,0.0,0.0,0.0,1.5081165803366545,False,1.0,0.0
2018-03-08 00:00:00+00:00,-0.002203629635424309,0.0,0.0,0.9853584015979059,0.001478037602396859,0.0,1.50479324994655,True,0.0,0.001478037602396859
2018-03-09 00:00:00+00:00,0.0,0.0,0.0,0.0,0.0,0.0,1.50479324994655,False,0.0,0.0
2018-03-10 00:00:00+00:00,0.0,0.0,0.0,0.0,0.0,0.0,1.50479324994655,False,0.0,0.0
2018-03-11 00:00:00+00:00,0.0,0.0,0.0,0.0,0.0,0.0,1.50479324994655,False,0.0,0.0
2018-03-12 00:00:00+00:00,-0.001290999999999931,1.0,15047.9324994655,1.0,0.0015,0.0,1.5028505618608692,True,1.0,0.0015
2018-03-13 00:00:00+00:00,-0.0016140837821627674,0.0,0.0,1.0014049711745578,0.0015021074567618368,0.0,1.5004248351419553,True,0.0,0.0015021074567618368
2018-03-14 00:00:00+00:00,-0.0024850000000000705,1.0,15004.248351419554,1.0,0.0014999999999999998,0.0,1.4966962794266276,True,1.0,0.0014999999999999998
2018-03-15 00:00:00+00:00,-0.0015037367859130901,0.0,0.0,1.0024911906086627,0.0015037367859129938,0.0,1.4944456421739145,True,0.0,0.0015037367859129938
2018-03-16 00:00:00+00:00,0.0,0.0,0.0,0.0,0.0,0.0,1.4944456421739145,False,0.0,0.0
2018-03-17 00:00:00+00:00,0.0,0.0,0.0,0.0,0.0,0.0,1.4944456421739145,False,0.0,0.0
2018-03-18 00:00:00+00:00,0.0,0.0,0.0,0.0,0.0,0.0,1.4944456421739145,False,0.0,0.0
2018-03-19 00:00:00+00:00,-0.003214999999999857,0.0,0.0,2.0017179462778665,0.0030025769194167995,0.0,1.4896409994343256,True,0.0,0.0030025769194167995
2018-03-20 00:00:00+00:00,-0.0013999999999999568,1.0,14896.409994343256,1.0,0.0015,0.0,1.4875555020351177,True,1.0,0.0015
2018-03-21 00:00:00+00:00,-0.0014209893851392374,0.0,0.0,1.0013207420587755,0.0015019811130881633,0.0,1.4854417014569203,True,0.0,0.0015019811130881633
2018-03-22 00:00:00+00:00,-0.0012599999999999278,1.0,14854.417014569202,1.0,0.0015,0.0,1.4835700449130846,True,1.0,0.0015
2018-03-23 00:00:00+00:00,0.00034343272523407187,1.0,14854.417014569202,0.0,0.0,0.0,1.4840795514166847,False,1.0,0.0
2018-03-24 00:00:00+00:00,0.0003002753524983248,1.0,14854.417014569202,0.0,0.0,0.0,1.4845251839271218,False,1.0,0.0
2018-03-25 00:00:00+00:00,-0.0011887334485376488,0.0,0.0,1.0003050930533808,0.0015004576395800714,0.0,1.4827604791857911,True,0.0,0.0015004576395800714
2018-03-26 00:00:00+00:00,-0.0013999999999999568,1.0,14827.604791857912,1.0,0.0015,0.0,1.480684614514931,True,1.0,0.0015
2018-03-27 00:00:00+00:00,-0.001838574003605098,0.0,0.0,1.0017390189368744,0.0015026085284053116,0.0,1.4779622662751462,True,0.0,0.0015026085284053116
2018-03-28 00:00:00+00:00,0.0,0.0,0.0,0.0,0.0,0.0,1.4779622662751462,False,0.0,0.0
2018-03-29 00:00:00+00:00,-0.0013000000000000789,1.0,14779.62266275146,1.0,0.0015,0.0,1.4760409153289884,True,1.0,0.0015
2018-03-30 00:00:00+00:00,-0.005056573545609289,0.0,0.0,1.0048736371401297,0.0015073104557101944,0.0,1.468577205884299,True,0.0,0.0015073104557101944
2018-03-31 00:00:00+00:00,0.0,0.0,0.0,0.0,0.0,0.0,1.468577205884299,False,0.0,0.0
2018-04-01 00:00:00+00:00,0.0,0.0,0.0,0.0,0.0,0.0,1.468577205884299,True,0.0,0.0
2018-04-02 00:00:00+00:00,-0.0015079999999999538,1.0,14685.77205884299,1.0,0.0015,0.0,1.4663625914578255,True,1.0,0.0015
2018-04-03 00:00:00+00:00,-0.0034683074556430826,1.0,14641.597256489991,2.0015102774984674,0.0030022654162477017,0.0,1.4612767951491963,True,1.0,0.0030022654162477017
2018-04-04 00:00:00+00:00,-0.00263825046215993,1.0,14590.805555607227,2.001972884609797,0.0030029593269146953,0.0,1.45742158096905,True,1.0,0.0030029593269146953
2018-04-05 00:00:00+00:00,-0.001536747281659423,0.0,0.0,1.0011733751957295,0.0015017600627935943,0.0,1.4551818923162643,True,0.0,0.0015017600627935943
2018-04-06 00:00:00+00:00,0.0,0.0,0.0,0.0,0.0,0.0,1.4551818923162643,False,0.0,0.0
2018-04-07 00:00:00+00:00,0.0,0.0,0.0,0.0,0.0,0.0,1.4551818923162643,False,0.0,0.0
2018-04-08 00:00:00+00:00,-0.0013000000000000789,1.0,14551.818923162642,1.0,0.0015,0.0,1.453290155856253,True,1.0,0.0015
2018-04-09 00:00:00+00:00,-0.00012816661660175477,1.0,14551.818923162642,0.0,0.0,0.0,1.4531038925740363,False,1.0,0.0
2018-04-10 00:00:00+00:00,-0.001502145063150162,0.0,0.0,1.0014300421001192,0.0015021450631501787,0.0,1.4509211197355618,True,0.0,0.0015021450631501787
2018-04-11 00:00:00+00:00,0.0,0.0,0.0,0.0,0.0,0.0,1.4509211197355618,False,0.0,0.0
2018-04-12 00:00:00+00:00,0.0,0.0,0.0,0.0,0.0,0.0,1.4509211197355618,False,0.0,0.0
2018-04-13 00:00:00+00:00,-0.0014960000000000528,1.0,14509.211197355618,1.0,0.0015,0.0,1.4487505417404374,True,1.0,0.0015
2018-04-14 00:00:00+00:00,-0.0029001442157466917,1.0,14465.74160060834,2.001498241369088,0.0030022473620536323,0.0,1.4445489562367488,True,1.0,0.0030022473620536323
2018-04-15 00:00:00+00:00,-0.001586220708992503,0.0,0.0,1.001486205529005,0.0015022293082935076,0.0,1.4422575827672126,True,0.0,0.0015022293082935076
2018-04-16 00:00:00+00:00,-0.0013000000000000789,1.0,14422.575827672126,1.0,0.0015,0.0,1.4403826479096151,True,1.0,0.0015
2018-04-17 00:00:00+00:00,0.0003023931110444078,1.0,14422.575827672126,0.0,0.0,0.0,1.4408182096996107,False,1.0,0.0
2018-04-18 00:00:00+00:00,0.0003002996990995044,1.0,14422.575827672126,0.0,0.0,0.0,1.4412508869744407,False,1.0,0.0
2018-04-19 00:00:00+00:00,-5.8040512277757195e-05,1.0,14422.575827672126,0.0,0.0,0.0,1.44116723603464,False,1.0,0.0
2018-04-20 00:00:00+00:00,-0.0015011348579526684,0.0,0.0,1.0007565719684086,0.001501134857952613,0.0,1.439003849660489,True,0.0,0.001501134857952613
2018-04-21 00:00:00+00:00,-0.00047699999999983866,1.0,14390.038496604891,1.0,0.0015,0.0,1.438317444824201,True,1.0,0.0015
2018-04-22 00:00:00+00:00,0.00030014316829118926,1.0,14390.038496604891,0.0,0.0,0.0,1.438749145979099,False,1.0,0.0
2018-04-23 00:00:00+00:00,0.0003000531094004,1.0,14390.038496604891,0.0,0.0,0.0,1.4391808471339973,False,1.0,0.0
2018-04-24 00:00:00+00:00,0.00027196654811434406,1.0,14390.038496604891,0.0,0.0,0.0,1.4395722561811048,False,1.0,0.0
2018-04-25 00:00:00+00:00,0.0018565527566611895,1.0,14374.13750406614,1.9996051559633945,0.002999407733945092,0.0,1.4422448980217306,True,1.0,0.002999407733945092
2018-04-26 00:00:00+00:00,0.0030138703816473544,1.0,14374.13750406614,0.0,0.0,0.0,1.4465916372029604,False,1.0,0.0
2018-04-27 00:00:00+00:00,0.001204310477600501,1.0,14374.13750406614,0.0,0.0,0.0,1.4483337826684533,False,1.0,0.0
2018-04-28 00:00:00+00:00,0.000903138854125185,1.0,14374.13750406614,0.0,0.0,0.0,1.4496418291813233,False,1.0,0.0
2018-04-29 00:00:00+00:00,0.003799676154949916,1.0,14374.13750406614,0.0,0.0,0.0,1.4551499986728815,False,1.0,0.0
2018-04-30 00:00:00+00:00,0.0010816534777380316,1.0,14374.13750406614,0.0,0.0,0.0,1.4567239667295768,False,1.0,0.0
2018-05-01 00:00:00+00:00,0.0017391161200435157,1.0,14567.239667295768,0.013255919971108298,1.9883879956662447e-05,0.0,1.4592573788625696,True,1.0,1.9883879956662447e-05
2018-05-02 00:00:00+00:00,0.00029947917094630405,1.0,14567.239667295768,0.0,0.0,0.0,1.4596943960525888,False,1.0,0.0
2018-05-03 00:00:00+00:00,0.002487926828298903,1.0,14567.239667295768,0.0,0.0,0.0,1.4633260089016455,False,1.0,0.0
2018-05-04 00:00:00+00:00,0.008242643383051806,1.0,14567.239667295768,0.0,0.0,0.0,1.4753876833461663,False,1.0,0.0
2018-05-05 00:00:00+00:00,0.004495404357366839,1.0,14567.239667295768,0.0,0.0,0.0,1.4820201475666859,False,1.0,0.0
2018-05-06 00:00:00+00:00,0.008377523334498038,1.0,14567.239667295768,0.0,0.0,0.0,1.4944358059351222,False,1.0,0.0
2018-05-07 00:00:00+00:00,0.004414711437665142,1.0,14567.239667295768,0.0,0.0,0.0,1.5010333087804404,False,1.0,0.0
2018-05-08 00:00:00+00:00,0.0006143143296994946,1.0,14567.239667295768,0.0,0.0,0.0,1.5019554150513803,False,1.0,0.0
2018-05-09 00:00:00+00:00,0.0023597301061908382,1.0,14567.239667295768,0.0,0.0,0.0,1.5054996244624332,False,1.0,0.0
2018-05-10 00:00:00+00:00,0.0009076103763761001,1.0,14567.239667295768,0.0,0.0,0.0,1.5068660315432258,False,1.0,0.0
2018-05-11 00:00:00+00:00,0.0005935687027576186,1.0,14567.239667295768,0.0,0.0,0.0,1.5077604600587977,False,1.0,0.0
2018-05-12 00:00:00+00:00,0.00028984523841546483,1.0,14567.239667295768,0.0,0.0,0.0,1.508197477248817,False,1.0,0.0
2018-05-13 00:00:00+00:00,-0.003278402277379855,1.0,15058.53608386349,1.965972539166546,0.0029489588087498186,0.0,1.503252999204666,True,1.0,0.0029489588087498186
2018-05-14 00:00:00+00:00,-0.0031521126946235656,1.0,15009.942187920864,2.0017299876887384,0.0030025949815331073,0.0,1.498514576342642,True,1.0,0.0030025949815331073
2018-05-15 00:00:00+00:00,-0.002800528873699304,1.0,14962.630850144538,2.00165473361994,0.00300248210042991,0.0,1.4943179430039353,True,1.0,0.00300248210042991
2018-05-16 00:00:00+00:00,-0.0015139681586060494,0.0,0.0,1.0013137236053702,0.0015019705854080552,0.0,1.4920555932193935,True,0.0,0.0015019705854080552
2018-05-17 00:00:00+00:00,-0.0013000000000000789,1.0,14920.555932193934,1.0,0.0015,0.0,1.490115920948208,True,1.0,0.0015
2018-05-18 00:00:00+00:00,0.0005647341544006146,1.0,14920.555932193934,0.0,0.0,0.0,1.4909574403027839,False,1.0,0.0
2018-05-19 00:00:00+00:00,-0.0028860227807667727,1.0,14887.193569129548,2.000736542094982,0.003001104813142473,0.0,1.4866545031649163,True,1.0,0.003001104813142473
2018-05-20 00:00:00+00:00,0.000300416677932569,1.0,14887.193569129548,0.0,0.0,0.0,1.4871011189719905,False,1.0,0.0
2018-05-21 00:00:00+00:00,0.0003263547476108908,1.0,14887.193569129548,0.0,0.0,0.0,1.4875864414823443,False,1.0,0.0
2018-05-22 00:00:00+00:00,0.0011218537306889598,1.0,14887.193569129548,0.0,0.0,0.0,1.4892552958814438,False,1.0,0.0
2018-05-23 00:00:00+00:00,0.0010126354512376423,1.0,14887.193569129548,0.0,0.0,0.0,1.4907633685899966,False,1.0,0.0
2018-05-24 00:00:00+00:00,-0.0016257678207819426,0.0,0.0,0.9987565480976182,0.0014981348221464273,0.0,1.4883397334769424,True,0.0,0.0014981348221464273
2018-05-25 00:00:00+00:00,0.0,0.0,0.0,0.0,0.0,0.0,1.4883397334769424,False,0.0,0.0
2018-05-26 00:00:00+00:00,-0.0013000000000000789,1.0,14883.397334769423,1.0,0.0015,0.0,1.486404891823422,True,1.0,0.0015
2018-05-27 00:00:00+00:00,-0.0017693000901173317,0.0,0.0,1.0015694593427902,0.0015023541890141854,0.0,1.4837749955143682,True,0.0,0.0015023541890141854
2018-05-28 00:00:00+00:00,0.0,0.0,0.0,0.0,0.0,0.0,1.4837749955143682,False,0.0,0.0
2018-05-29 00:00:00+00:00,-0.0007669999999999622,1.0,14837.749955143683,1.0,0.0015,0.0,1.482636940092809,True,1.0,0.0015
2018-05-30 00:00:00+00:00,0.0003622778671241722,1.0,14837.749955143683,0.0,0.0,0.0,1.4831740666411855,False,1.0,0.0
2018-05-31 00:00:00+00:00,0.000231093592905518,1.0,14837.749955143683,0.0,0.0,0.0,1.4835168186651493,False,1.0,0.0
2018-06-01 00:00:00+00:00,0.0002997389545780216,1.0,14835.168186651494,0.00017403028126856588,2.610454219028488e-07,0.0,1.483961486445475,True,1.0,2.610454219028488e-07
2018-06-02 00:00:00+00:00,0.00029991010525853845,1.0,14835.168186651494,0.0,0.0,0.0,1.4844065414910748,False,1.0,0.0
2018-06-03 00:00:00+00:00,-0.003447160658086701,1.0,14821.590135107972,1.9994156027652497,0.0029991234041478747,0.0,1.4792895536606403,True,1.0,0.0029991234041478747
2018-06-04 00:00:00+00:00,-0.002900805559563291,1.0,14770.66315140374,2.001939755366389,0.003002909633049584,0.0,1.4749984222991777,True,1.0,0.003002909633049584
2018-06-05 00:00:00+00:00,0.0003004205888244016,1.0,14770.66315140374,0.0,0.0,0.0,1.47544154219372,False,1.0,0.0
2018-06-06 00:00:00+00:00,0.0008138952848135705,1.0,14770.66315140374,0.0,0.0,0.0,1.4766423971079292,False,1.0,0.0
2018-06-07 00:00:00+00:00,0.0005711639240462141,1.0,14770.66315140374,0.0,0.0,0.0,1.4774858019738746,False,1.0,0.0
2018-06-08 00:00:00+00:00,0.0005098552011228996,1.0,14770.66315140374,0.0,0.0,0.0,1.4782391057945963,False,1.0,0.0
2018-06-09 00:00:00+00:00,0.0007663914851609999,1.0,14770.66315140374,0.0,0.0,0.0,1.479372015658309,False,1.0,0.0
2018-06-10 00:00:00+00:00,0.0009914523428926625,1.0,14770.66315140374,0.0,0.0,0.0,1.4808387425092437,False,1.0,0.0
2018-06-11 00:00:00+00:00,-0.002358975177397027,0.0,0.0,0.9983138479108778,0.0014974707718663168,0.0,1.4773454806739366,True,0.0,0.0014974707718663168
2018-06-12 00:00:00+00:00,0.0,0.0,0.0,0.0,0.0,0.0,1.4773454806739366,False,0.0,0.0
2018-06-13 00:00:00+00:00,-0.0013969999999999816,1.0,14773.454806739366,1.0,0.0015,0.0,1.4752816290374353,True,1.0,0.0015
2018-06-14 00:00:00+00:00,-0.0015591781719060949,0.0,0.0,1.0014561171944005,0.0015021841757916008,0.0,1.472981402124026,True,0.0,0.0015021841757916008
2018-06-15 00:00:00+00:00,0.0,0.0,0.0,0.0,0.0,0.0,1.472981402124026,False,0.0,0.0
2018-06-16 00:00:00+00:00,0.0,0.0,0.0,0.0,0.0,0.0,1.472981402124026,False,0.0,0.0
2018-06-17 00:00:00+00:00,0.0,0.0,0.0,0.0,0.0,0.0,1.472981402124026,False,0.0,0.0
2018-06-18 00:00:00+00:00,-0.001546999999999965,1.0,14729.81402124026,1.0,0.0015000000000000002,0.0,1.4707026998949402,True,1.0,0.0015000000000000002
2018-06-19 00:00:00+00:00,-0.0029002208416419872,1.0,14684.93227791754,2.0015493969170306,0.0030023240953755462,0.0,1.4664373372728456,True,1.0,0.0030023240953755462
2018-06-20 00:00:00+00:00,-0.0018716202683757288,0.0,0.0,1.0017721349066497,0.0015026582023599747,0.0,1.463692723430103,True,0.0,0.0015026582023599747
2018-06-21 00:00:00+00:00,0.0,0.0,0.0,0.0,0.0,0.0,1.463692723430103,False,0.0,0.0
2018-06-22 00:00:00+00:00,-0.001722999999999919,1.0,14636.927234301029,1.0,0.0015,0.0,1.4611707808676329,True,1.0,0.0015
2018-06-23 00:00:00+00:00,-0.001502588960779483,0.0,0.0,1.0017259738529487,0.0015025889607794228,0.0,1.4589752417824877,True,0.0,0.0015025889607794228
2018-06-24 00:00:00+00:00,0.0,0.0,0.0,0.0,0.0,0.0,1.4589752417824877,False,0.0,0.0
2018-06-25 00:00:00+00:00,-0.0013799999999998258,1.0,14589.752417824877,1.0,0.0015000000000000002,0.0,1.456961855948828,True,1.0,0.0015000000000000002
2018-06-26 00:00:00+00:00,-0.0032449630490077874,1.0,14542.70046627739,2.0017279807668227,0.0030025919711502346,0.0,1.4522340685624602,True,1.0,0.0030025919711502346
2018-06-27 00:00:00+00:00,0.0003004205888244016,1.0,14542.70046627739,0.0,0.0,0.0,1.4526703495764486,False,1.0,0.0
2018-06-28 00:00:00+00:00,0.00026729402342584585,1.0,14542.70046627739,0.0,0.0,0.0,1.4530586396788983,False,1.0,0.0
2018-06-29 00:00:00+00:00,-0.0015262713840631381,0.0,0.0,1.000858736796171,0.0015012881051942564,0.0,1.450840877857791,True,0.0,0.0015012881051942564
2018-06-30 00:00:00+00:00,-0.0012999999999999678,1.0,14508.40877857791,1.0,0.0015,0.0,1.448954784716576,True,1.0,0.0015
2018-07-01 00:00:00+00:00,0.00029804746170047913,1.0,14489.54784716576,0.0013016921998596953,1.9525382997895428e-06,0.0,1.4493866420122794,True,1.0,1.9525382997895428e-06
2018-07-02 00:00:00+00:00,0.00031690554710617214,1.0,14489.54784716576,0.0,0.0,0.0,1.4498459606790346,False,1.0,0.0
2018-07-03 00:00:00+00:00,-0.0014541056560072319,0.0,0.0,0.9993403879135829,0.0014990105818703746,0.0,1.447737731467272,True,0.0,0.0014990105818703746
2018-07-04 00:00:00+00:00,-0.0013249999999999096,1.0,14477.37731467272,1.0,0.0015,0.0,1.4458194789730778,True,1.0,0.0015
2018-07-05 00:00:00+00:00,0.00030039802738635046,1.0,14477.37731467272,0.0,0.0,0.0,1.4462538002925178,False,1.0,0.0
2018-07-06 00:00:00+00:00,0.00030030781551104724,1.0,14477.37731467272,0.0,0.0,0.0,1.446688121611958,False,1.0,0.0
2018-07-07 00:00:00+00:00,0.00030021765780197107,1.0,14477.37731467272,0.0,0.0,0.0,1.447122442931398,False,1.0,0.0
2018-07-08 00:00:00+00:00,0.0003001275542104942,1.0,14477.37731467272,0.0,0.0,0.0,1.4475567642508382,False,1.0,0.0
2018-07-09 00:00:00+00:00,-0.0029899699462433427,1.0,14452.519657823424,2.0002170470992207,0.003000325570648831,0.0,1.4432286130302472,True,1.0,0.003000325570648831
2018-07-10 00:00:00+00:00,0.0003004205888244016,1.0,14452.519657823424,0.0,0.0,0.0,1.4436621886199819,False,1.0,0.0
2018-07-11 00:00:00+00:00,0.0003003303633999366,1.0,14452.519657823424,0.0,0.0,0.0,1.4440957642097165,False,1.0,0.0
2018-07-12 00:00:00+00:00,-0.0017253803042435178,0.0,0.0,1.0010250496508424,0.0015015375744762637,0.0,1.4416041498207077,True,0.0,0.0015015375744762637
2018-07-13 00:00:00+00:00,-0.001634999999999942,1.0,14416.041498207078,1.0,0.0015,0.0,1.439247127035751,True,1.0,0.0015
2018-07-14 00:00:00+00:00,-0.0029003530772814257,1.0,14370.847208110199,2.0016376776028806,0.003002456516404321,0.0,1.4350728022018844,True,1.0,0.003002456516404321
2018-07-15 00:00:00+00:00,-0.004001715822151142,1.0,14322.805465893485,2.0018464029205827,0.003002769604380874,0.0,1.4293300486633744,True,1.0,0.003002769604380874
2018-07-16 00:00:00+00:00,-0.0015030963785398477,0.0,0.0,1.0020642523598615,0.0015030963785397922,0.0,1.4271816278434903,True,0.0,0.0015030963785397922
2018-07-17 00:00:00+00:00,-0.0030239999999998046,0.0,0.0,2.0015263261210086,0.0030022894891815126,0.0,1.422865830600892,True,0.0,0.0030022894891815126
2018-07-18 00:00:00+00:00,-0.0010779999999999124,1.0,14228.658306008918,1.0,0.0014999999999999998,0.0,1.4213319812355039,True,1.0,0.0014999999999999998
2018-07-19 00:00:00+00:00,0.0003003237490011301,1.0,14228.658306008918,0.0,0.0,0.0,1.421758840984684,False,1.0,0.0
2018-07-20 00:00:00+00:00,0.00030023358172615033,1.0,14228.658306008918,0.0,0.0,0.0,1.422185700733864,False,1.0,0.0
2018-07-21 00:00:00+00:00,0.00030014346857787366,1.0,14228.658306008918,0.0,0.0,0.0,1.422612560483044,False,1.0,0.0
2018-07-22 00:00:00+00:00,0.00030005340950678416,1.0,14228.658306008918,0.0,0.0,0.0,1.423039420232224,False,1.0,0.0
2018-07-23 00:00:00+00:00,0.00029996340446469816,1.0,14228.658306008918,0.0,0.0,0.0,1.4234662799814042,False,1.0,0.0
2018-07-24 00:00:00+00:00,-0.001566339004939965,0.0,0.0,0.999645125980278,0.001499467688970417,0.0,1.4212366492248525,True,0.0,0.001499467688970417
2018-07-25 00:00:00+00:00,-0.0007970000000000477,1.0,14212.366492248524,1.0,0.0015,0.0,1.4201039236154203,True,1.0,0.0015
2018-07-26 00:00:00+00:00,0.0018905067338670367,1.0,14212.366492248524,0.0,0.0,0.0,1.422788639645806,False,1.0,0.0
2018-07-27 00:00:00+00:00,0.0018559732771814552,1.0,14212.366492248524,0.0,0.0,0.0,1.4254292973400657,False,1.0,0.0
2018-07-28 00:00:00+00:00,0.0018056732638715989,1.0,14212.366492248524,0.0,0.0,0.0,1.428003156911812,False,1.0,0.0
2018-07-29 00:00:00+00:00,0.002035309889615533,1.0,14212.366492248524,0.0,0.0,0.0,1.4309095858594767,False,1.0,0.0
2018-07-30 00:00:00+00:00,0.0023142492198098275,1.0,14212.366492248524,0.0,0.0,0.0,1.4342210672521705,False,1.0,0.0
2018-07-31 00:00:00+00:00,0.002626008783751521,1.0,14212.366492248524,0.0,0.0,0.0,1.4379873443726165,False,1.0,0.0
2018-08-01 00:00:00+00:00,0.00028252693751418256,1.0,14379.873443726165,0.01164870832369687,1.7473062485545303e-05,0.0,1.4383936145332066,True,1.0,1.7473062485545303e-05
2018-08-02 00:00:00+00:00,0.0002999152658582638,1.0,14379.873443726165,0.0,0.0,0.0,1.4388250107365181,False,1.0,0.0
2018-08-03 00:00:00+00:00,0.0002998253436605758,1.0,14379.873443726165,0.0,0.0,0.0,1.43925640693983,False,1.0,0.0
2018-08-04 00:00:00+00:00,0.00029973547536887857,1.0,14379.873443726165,0.0,0.0,0.0,1.4396878031431415,False,1.0,0.0
2018-08-05 00:00:00+00:00,-0.001980657818775322,0.0,0.0,0.9993009620583564,0.0014989514430875344,0.0,1.4368362742392506,True,0.0,0.0014989514430875344
2018-08-06 00:00:00+00:00,0.0,0.0,0.0,0.0,0.0,0.0,1.4368362742392506,False,0.0,0.0
2018-08-07 00:00:00+00:00,-0.0011999999999999789,1.0,14368.362742392506,1.0,0.0015,0.0,1.4351120707101634,True,1.0,0.0015
2018-08-08 00:00:00+00:00,-0.0017911493792550637,0.0,0.0,1.0014912204272162,0.0015022368306408242,0.0,1.4325415706155493,True,0.0,0.0015022368306408242
2018-08-09 00:00:00+00:00,0.0,0.0,0.0,0.0,0.0,0.0,1.4325415706155493,False,0.0,0.0
2018-08-10 00:00:00+00:00,0.0,0.0,0.0,0.0,0.0,0.0,1.4325415706155493,False,0.0,0.0
2018-08-11 00:00:00+00:00,0.0,0.0,0.0,0.0,0.0,0.0,1.4325415706155493,False,0.0,0.0
2018-08-12 00:00:00+00:00,-0.0013999999999999568,1.0,14325.415706155494,1.0,0.0015,0.0,1.4305360124166877,True,1.0,0.0015
2018-08-13 00:00:00+00:00,-6.809533346674446e-05,1.0,14325.415706155494,0.0,0.0,0.0,1.4304385995898858,False,1.0,0.0
2018-08-14 00:00:00+00:00,-0.005626999627453055,0.0,0.0,3.0041080986134743,0.004506162147920212,0.0,1.422389522122899,True,0.0,0.004506162147920212
2018-08-15 00:00:00+00:00,0.0,0.0,0.0,0.0,0.0,0.0,1.422389522122899,False,0.0,0.0
2018-08-16 00:00:00+00:00,0.0,0.0,0.0,0.0,0.0,0.0,1.422389522122899,False,0.0,0.0
2018-08-17 00:00:00+00:00,0.0,0.0,0.0,0.0,0.0,0.0,1.422389522122899,False,0.0,0.0
2018-08-18 00:00:00+00:00,0.0,0.0,0.0,0.0,0.0,0.0,1.422389522122899,False,0.0,0.0
2018-08-19 00:00:00+00:00,0.0,0.0,0.0,0.0,0.0,0.0,1.422389522122899,False,0.0,0.0
2018-08-20 00:00:00+00:00,-0.0014000000000000679,1.0,14223.89522122899,1.0,0.0015,0.0,1.4203981767919267,True,1.0,0.0015
2018-08-21 00:00:00+00:00,-0.002063889445223399,0.0,0.0,1.0019648530768839,0.001502947279615326,0.0,1.4174666319868312,True,0.0,0.001502947279615326
2018-08-22 00:00:00+00:00,0.0,0.0,0.0,0.0,0.0,0.0,1.4174666319868312,False,0.0,0.0
2018-08-23 00:00:00+00:00,-0.003658999999999968,0.0,0.0,2.00216367136648,0.0030032455070497207,0.0,1.4122801215803915,True,0.0,0.0030032455070497207
2018-08-24 00:00:00+00:00,0.0,0.0,0.0,0.0,0.0,0.0,1.4122801215803915,False,0.0,0.0
2018-08-25 00:00:00+00:00,0.0,0.0,0.0,0.0,0.0,0.0,1.4122801215803915,False,0.0,0.0
2018-08-26 00:00:00+00:00,-0.0013699999999999823,1.0,14122.801215803915,1.0,0.0015,0.0,1.4103452978138264,True,1.0,0.0015
2018-08-27 00:00:00+00:00,-0.0017724282266705638,0.0,0.0,1.0016426940181897,0.0015024640410272849,0.0,1.407845561998629,True,0.0,0.0015024640410272849
2018-08-28 00:00:00+00:00,-0.0012999999999999678,1.0,14078.455619986291,1.0,0.0015,0.0,1.406015362768031,True,1.0,0.0015
2018-08-29 00:00:00+00:00,0.0003003905076601754,1.0,14078.455619986291,0.0,0.0,0.0,1.4064377164366304,False,1.0,0.0
2018-08-30 00:00:00+00:00,0.0003163163163164562,1.0,14078.455619986291,0.0,0.0,0.0,1.406882595634222,False,1.0,0.0
2018-08-31 00:00:00+00:00,0.0003002053404528304,1.0,14078.455619986291,0.0,0.0,0.0,1.4073049493028216,False,1.0,0.0
2018-09-01 00:00:00+00:00,0.00032142377873101147,1.0,14073.049493028215,0.0003841475126449547,5.762212689674321e-07,0.0,1.4077572905774534,True,1.0,5.762212689674321e-07
2018-09-02 00:00:00+00:00,0.0005128351625842686,1.0,14073.049493028215,0.0,0.0,0.0,1.408479238016446,False,1.0,0.0
2018-09-03 00:00:00+00:00,0.00029974988157133176,1.0,14073.049493028215,0.0,0.0,0.0,1.408901429501237,False,1.0,0.0
2018-09-04 00:00:00+00:00,0.0002996600585043474,1.0,14073.049493028215,0.0,0.0,0.0,1.409323620986028,False,1.0,0.0
2018-09-05 00:00:00+00:00,0.00029957028925386986,1.0,14073.049493028215,0.0,0.0,0.0,1.409745812470819,False,1.0,0.0
2018-09-06 00:00:00+00:00,-0.0016241829784210404,0.0,0.0,0.9983951558858585,0.0014975927338287877,0.0,1.4074561273183035,True,0.0,0.0014975927338287877
2018-09-07 00:00:00+00:00,0.0,0.0,0.0,0.0,0.0,0.0,1.4074561273183035,False,0.0,0.0
2018-09-08 00:00:00+00:00,0.0,0.0,0.0,0.0,0.0,0.0,1.4074561273183035,False,0.0,0.0
2018-09-09 00:00:00+00:00,0.0,0.0,0.0,0.0,0.0,0.0,1.4074561273183035,False,0.0,0.0
2018-09-10 00:00:00+00:00,0.0,0.0,0.0,0.0,0.0,0.0,1.4074561273183035,False,0.0,0.0
2018-09-11 00:00:00+00:00,0.0,0.0,0.0,0.0,0.0,0.0,1.4074561273183035,False,0.0,0.0
2018-09-12 00:00:00+00:00,-0.0013999999999999568,1.0,14074.561273183035,1.0,0.0015,0.0,1.405485688740058,True,1.0,0.0015
2018-09-13 00:00:00+00:00,-0.0015131183657119962,0.0,0.0,1.0014129937341587,0.0015021194906012383,0.0,1.40335902253168,True,0.0,0.0015021194906012383
2018-09-14 00:00:00+00:00,0.0,0.0,0.0,0.0,0.0,0.0,1.40335902253168,False,0.0,0.0
2018-09-15 00:00:00+00:00,0.0,0.0,0.0,0.0,0.0,0.0,1.40335902253168,False,0.0,0.0
2018-09-16 00:00:00+00:00,0.0,0.0,0.0,0.0,0.0,0.0,1.40335902253168,False,0.0,0.0
2018-09-17 00:00:00+00:00,0.0,0.0,0.0,0.0,0.0,0.0,1.40335902253168,False,0.0,0.0
2018-09-18 00:00:00+00:00,-0.00308200000000014,0.0,0.0,2.001584506689583,0.0030023767600343746,0.0,1.399033870024237,True,0.0,0.0030023767600343746
2018-09-19 00:00:00+00:00,0.0,0.0,0.0,0.0,0.0,0.0,1.399033870024237,False,0.0,0.0
2018-09-20 00:00:00+00:00,-0.0031640000000000557,0.0,0.0,2.0016667735111224,0.0030025001602666836,0.0,1.3946073268594805,True,0.0,0.0030025001602666836
2018-09-21 00:00:00+00:00,-0.003105999999999942,0.0,0.0,2.0016085833849164,0.0030024128750773746,0.0,1.3902756765022548,True,0.0,0.0030024128750773746
2018-09-22 00:00:00+00:00,-0.0013800000000001589,1.0,13902.756765022548,1.0,0.0015000000000000002,0.0,1.3883570960686817,True,1.0,0.0015000000000000002
2018-09-23 00:00:00+00:00,0.0003004145721094975,1.0,13902.756765022548,0.0,0.0,0.0,1.3887741787716323,False,1.0,0.0
2018-09-24 00:00:00+00:00,0.0003113362431423905,1.0,13902.756765022548,0.0,0.0,0.0,1.3892065545070242,False,1.0,0.0
2018-09-25 00:00:00+00:00,0.00030023087754504907,1.0,13902.756765022548,0.0,0.0,0.0,1.3896236372099748,False,1.0,0.0
2018-09-26 00:00:00+00:00,-4.602158412259083e-05,1.0,13902.756765022548,0.0,0.0,0.0,1.3895596845288558,False,1.0,0.0
2018-09-27 00:00:00+00:00,-0.002898671815985243,1.0,13874.742710141025,2.0005152653616616,0.0030007728980424924,0.0,1.3855318070346827,True,1.0,0.0030007728980424924
2018-09-28 00:00:00+00:00,0.0003004205888244016,1.0,13874.742710141025,0.0,0.0,0.0,1.385948049315987,False,1.0,0.0
2018-09-29 00:00:00+00:00,0.0003003303633999366,1.0,13874.742710141025,0.0,0.0,0.0,1.3863642915972911,False,1.0,0.0
2018-09-30 00:00:00+00:00,0.0003592874299438442,1.0,13874.742710141025,0.0,0.0,0.0,1.3868623948605854,False,1.0,0.0
2018-10-01 00:00:00+00:00,0.0005263382081497348,1.0,13868.623948605853,0.00044119456680393734,6.61791850205906e-07,0.0,1.3875923535284465,True,1.0,6.61791850205906e-07
2018-10-02 00:00:00+00:00,0.00029984218160317155,1.0,13868.623948605853,0.0,0.0,0.0,1.3880084122469045,False,1.0,0.0
2018-10-03 00:00:00+00:00,0.00029975230321865887,1.0,13868.623948605853,0.0,0.0,0.0,1.3884244709653626,False,1.0,0.0
2018-10-04 00:00:00+00:00,0.0005014352143588585,1.0,13868.623948605853,0.0,0.0,0.0,1.3891206758875823,False,1.0,0.0
2018-10-05 00:00:00+00:00,0.0006319709375761651,1.0,13868.623948605853,0.0,0.0,0.0,1.3899985597835292,False,1.0,0.0
2018-10-06 00:00:00+00:00,0.0007423213603450218,1.0,13868.623948605853,0.0,0.0,0.0,1.3910303854053054,False,1.0,0.0
2018-10-07 00:00:00+00:00,0.00029910110003572576,1.0,13868.623948605853,0.0,0.0,0.0,1.3914464441237635,False,1.0,0.0
2018-10-08 00:00:00+00:00,0.0005113099476936611,1.0,13868.623948605853,0.0,0.0,0.0,1.392157904532327,False,1.0,0.0
2018-10-09 00:00:00+00:00,0.0006744248179493262,1.0,13868.623948605853,0.0,0.0,0.0,1.3930968103736476,False,1.0,0.0
2018-10-10 00:00:00+00:00,0.001024394998024869,1.0,13868.623948605853,0.0,0.0,0.0,1.394523891777959,False,1.0,0.0
2018-10-11 00:00:00+00:00,0.0002983518037311672,1.0,13868.623948605853,0.0,0.0,0.0,1.394939950496417,False,1.0,0.0
2018-10-12 00:00:00+00:00,0.00029826281648159814,1.0,13868.623948605853,0.0,0.0,0.0,1.3953560092148751,False,1.0,0.0
2018-10-13 00:00:00+00:00,-0.001410362463278969,0.0,0.0,0.9938329305435811,0.0014907493958153718,0.0,1.3933880514765677,True,0.0,0.0014907493958153718
2018-10-14 00:00:00+00:00,-0.0016490000000000116,1.0,13933.880514765679,1.0,0.0015,0.0,1.3910903545796829,True,1.0,0.0015
2018-10-15 00:00:00+00:00,-0.0015024775855385641,0.0,0.0,1.0016517236923688,0.001502477585538553,0.0,1.389000272502468,True,0.0,0.001502477585538553
2018-10-16 00:00:00+00:00,-0.0029210000000001735,0.0,0.0,2.001423022114425,0.003002134533171637,0.0,1.3849430027064882,True,0.0,0.003002134533171637
2018-10-17 00:00:00+00:00,-0.0029489999999999794,0.0,0.0,2.001451102647737,0.003002176653971605,0.0,1.3808588057915068,True,0.0,0.003002176653971605
2018-10-18 00:00:00+00:00,-0.001200000000000201,1.0,13808.588057915067,1.0,0.0015,0.0,1.3792017752245567,True,1.0,0.0015
2018-10-19 00:00:00+00:00,0.0003003604325189091,1.0,13808.588057915067,0.0,0.0,0.0,1.3796160328662939,False,1.0,0.0
2018-10-20 00:00:00+00:00,0.00030027024321888085,1.0,13808.588057915067,0.0,0.0,0.0,1.3800302905080313,False,1.0,0.0
2018-10-21 00:00:00+00:00,0.00030018010806465156,1.0,13808.588057915067,0.0,0.0,0.0,1.3804445481497685,False,1.0,0.0
2018-10-22 00:00:00+00:00,0.0003000900270078155,1.0,13808.588057915067,0.0,0.0,0.0,1.3808588057915059,False,1.0,0.0
2018-10-23 00:00:00+00:00,0.00029999999999996696,1.0,13808.588057915067,0.0,0.0,0.0,1.381273063433243,False,1.0,0.0
2018-10-24 00:00:00+00:00,0.000299910026991812,1.0,13808.588057915067,0.0,0.0,0.0,1.3816873210749803,False,1.0,0.0
2018-10-25 00:00:00+00:00,0.00029982010793538905,1.0,13808.588057915067,0.0,0.0,0.0,1.3821015787167177,False,1.0,0.0
2018-10-26 00:00:00+00:00,0.00029973024278140414,1.0,13808.588057915067,0.0,0.0,0.0,1.3825158363584549,False,1.0,0.0
2018-10-27 00:00:00+00:00,0.0003875349580502174,1.0,13808.588057915067,0.0,0.0,0.0,1.383051609575102,False,1.0,0.0
2018-10-28 00:00:00+00:00,0.00029952435532365485,1.0,13808.588057915067,0.0,0.0,0.0,1.3834658672168392,False,1.0,0.0
2018-10-29 00:00:00+00:00,0.0009601871666291562,1.0,13808.588057915067,0.0,0.0,0.0,1.3847942533880104,False,1.0,0.0
2018-10-30 00:00:00+00:00,0.0009163882933638234,1.0,13808.588057915067,0.0,0.0,0.0,1.3860632626305327,False,1.0,0.0
2018-10-31 00:00:00+00:00,0.00068740915489518,1.0,13808.588057915067,0.0,0.0,0.0,1.3870160552065287,False,1.0,0.0
2018-11-01 00:00:00+00:00,0.000293341191626606,1.0,13870.160552065287,0.004439205582306774,6.658808373460161e-06,0.0,1.3874229241489682,True,1.0,6.658808373460161e-06
2018-11-02 00:00:00+00:00,0.00029991202344992196,1.0,13870.160552065287,0.0,0.0,0.0,1.3878390289655302,False,1.0,0.0
2018-11-03 00:00:00+00:00,0.00029982210319601243,1.0,13870.160552065287,0.0,0.0,0.0,1.3882551337820923,False,1.0,0.0
2018-11-04 00:00:00+00:00,0.00029973223684631733,1.0,13870.160552065287,0.0,0.0,0.0,1.3886712385986544,False,1.0,0.0
2018-11-05 00:00:00+00:00,0.0008619713740536383,1.0,13870.160552065287,0.0,0.0,0.0,1.3898682334542976,False,1.0,0.0
2018-11-06 00:00:00+00:00,0.0010927529271438363,1.0,13870.160552065287,0.0,0.0,0.0,1.391387016034749,False,1.0,0.0
2018-11-07 00:00:00+00:00,0.0004406114828845453,1.0,13870.160552065287,0.0,0.0,0.0,1.3920000771311503,False,1.0,0.0
2018-11-08 00:00:00+00:00,0.001813483534913951,1.0,13870.160552065287,0.0,0.0,0.0,1.3945244463516262,False,1.0,0.0
2018-11-09 00:00:00+00:00,0.0017893138337192749,1.0,13870.160552065287,0.0,0.0,0.0,1.3970196882349428,False,1.0,0.0
2018-11-10 00:00:00+00:00,0.0008310064976069231,1.0,13870.160552065287,0.0,0.0,0.0,1.3981806206731509,False,1.0,0.0
2018-11-11 00:00:00+00:00,0.0002976044800002686,1.0,13870.160552065287,0.0,0.0,0.0,1.398596725489713,False,1.0,0.0
2018-11-12 00:00:00+00:00,0.00029751593792437525,1.0,13870.160552065287,0.0,0.0,0.0,1.399012830306275,False,1.0,0.0
2018-11-13 00:00:00+00:00,0.0018004274883625104,1.0,13870.160552065287,0.0,0.0,0.0,1.40153165146253,False,1.0,0.0
2018-11-14 00:00:00+00:00,0.0007897351521815033,1.0,13870.160552065287,0.0,0.0,0.0,1.402638490274585,False,1.0,0.0
2018-11-15 00:00:00+00:00,-0.0036825224927187206,0.0,0.0,0.9910416365124551,0.0014865624547686826,0.0,1.3974732424849958,True,0.0,0.0014865624547686826
2018-11-16 00:00:00+00:00,0.0,0.0,0.0,0.0,0.0,0.0,1.3974732424849958,False,0.0,0.0
2018-11-17 00:00:00+00:00,-0.0014020000000000143,1.0,13974.732424849957,1.0,0.0015000000000000002,0.0,1.3955139849990317,True,1.0,0.0015000000000000002
2018-11-18 00:00:00+00:00,-0.0030678896522926546,1.0,13932.82220230783,2.0015012503743113,0.003002251875561467,0.0,1.3912327020848236,True,1.0,0.003002251875561467
2018-11-19 00:00:00+00:00,-0.0017255382667905605,0.0,0.0,1.0016968745054122,0.0015025453117581183,0.0,1.3888320768193658,True,0.0,0.0015025453117581183
2018-11-20 00:00:00+00:00,-0.0025399999999999867,1.0,13888.320768193658,1.0,0.0015,0.0,1.3853044433442447,True,1.0,0.0015
2018-11-21 00:00:00+00:00,-0.0015038197020431632,0.0,0.0,1.002546468028793,0.0015038197020431894,0.0,1.3832211952290157,True,0.0,0.0015038197020431894
2018-11-22 00:00:00+00:00,0.0,0.0,0.0,0.0,0.0,0.0,1.3832211952290157,False,0.0,0.0
2018-11-23 00:00:00+00:00,0.0,0.0,0.0,0.0,0.0,0.0,1.3832211952290157,False,0.0,0.0
2018-11-24 00:00:00+00:00,-0.0013000000000000789,1.0,13832.211952290158,1.0,0.0015,0.0,1.3814230076752179,True,1.0,0.0015
2018-11-25 00:00:00+00:00,-0.003907079202963959,0.0,0.0,1.003715755727704,0.0015055736335915562,0.0,1.3760256785714342,True,0.0,0.0015055736335915562
2018-11-26 00:00:00+00:00,0.0,0.0,0.0,0.0,0.0,0.0,1.3760256785714342,False,0.0,0.0
2018-11-27 00:00:00+00:00,0.0,0.0,0.0,0.0,0.0,0.0,1.3760256785714342,False,0.0,0.0
2018-11-28 00:00:00+00:00,0.0,0.0,0.0,0.0,0.0,0.0,1.3760256785714342,False,0.0,0.0
2018-11-29 00:00:00+00:00,0.0,0.0,0.0,0.0,0.0,0.0,1.3760256785714342,False,0.0,0.0
2018-11-30 00:00:00+00:00,0.0,0.0,0.0,0.0,0.0,0.0,1.3760256785714342,False,0.0,0.0
2018-12-01 00:00:00+00:00,0.0,0.0,0.0,0.0,0.0,0.0,1.3760256785714342,True,0.0,0.0
2018-12-02 00:00:00+00:00,-0.00302200000000008,0.0,0.0,2.001524320015063,0.0030022864800225944,0.0,1.3718673289707914,True,0.0,0.0030022864800225944
2018-12-03 00:00:00+00:00,0.0,0.0,0.0,0.0,0.0,0.0,1.3718673289707914,False,0.0,0.0
2018-12-04 00:00:00+00:00,0.0,0.0,0.0,0.0,0.0,0.0,1.3718673289707914,False,0.0,0.0
2018-12-05 00:00:00+00:00,0.0,0.0,0.0,0.0,0.0,0.0,1.3718673289707914,False,0.0,0.0
2018-12-06 00:00:00+00:00,0.0,0.0,0.0,0.0,0.0,0.0,1.3718673289707914,False,0.0,0.0
2018-12-07 00:00:00+00:00,-0.0032209999999999184,0.0,0.0,2.001723966947116,0.003002585950420674,0.0,1.3674485443041766,True,0.0,0.003002585950420674
2018-12-08 00:00:00+00:00,0.0,0.0,0.0,0.0,0.0,0.0,1.3674485443041766,False,0.0,0.0
2018-12-09 00:00:00+00:00,0.0,0.0,0.0,0.0,0.0,0.0,1.3674485443041766,False,0.0,0.0
2018-12-10 00:00:00+00:00,0.0,0.0,0.0,0.0,0.0,0.0,1.3674485443041766,False,0.0,0.0
2018-12-11 00:00:00+00:00,-0.003010000000000068,0.0,0.0,2.001512283548158,0.0030022684253222364,0.0,1.363332524185821,True,0.0,0.0030022684253222364
2018-12-12 00:00:00+00:00,0.0,0.0,0.0,0.0,0.0,0.0,1.363332524185821,False,0.0,0.0
2018-12-13 00:00:00+00:00,-0.0014359999999998818,1.0,13633.32524185821,1.0,0.0015,0.0,1.3613747786810904,True,1.0,0.0015
2018-12-14 00:00:00+00:00,-0.0015812707047320185,0.0,0.0,1.0015172987075418,0.001502275948061313,0.0,1.3592220766254008,True,0.0,0.001502275948061313
2018-12-15 00:00:00+00:00,-0.0019810000000000105,1.0,13592.22076625401,1.0,0.0015,0.0,1.356529457691606,True,1.0,0.0015
2018-12-16 00:00:00+00:00,-0.002900873229868317,1.0,13544.906245766679,2.0019849321505903,0.003002977398225885,0.0,1.3525943377022607,True,1.0,0.003002977398225885
2018-12-17 00:00:00+00:00,-0.0015892249148806714,0.0,0.0,1.0014892144619048,0.001502233821692857,0.0,1.3504447610810575,True,0.0,0.001502233821692857
2018-12-18 00:00:00+00:00,0.0,0.0,0.0,0.0,0.0,0.0,1.3504447610810575,False,0.0,0.0
2018-12-19 00:00:00+00:00,-0.003747000000000167,0.0,0.0,2.002252060379673,0.00300337809056951,0.0,1.3453846445612865,True,0.0,0.00300337809056951
2018-12-20 00:00:00+00:00,0.0,0.0,0.0,0.0,0.0,0.0,1.3453846445612865,False,0.0,0.0
2018-12-21 00:00:00+00:00,0.0,0.0,0.0,0.0,0.0,0.0,1.3453846445612865,False,0.0,0.0
2018-12-22 00:00:00+00:00,-0.0014000000000000679,1.0,13453.846445612866,1.0,0.0015,0.0,1.3435011060589008,True,1.0,0.0015
2018-12-23 00:00:00+00:00,-0.0017814940917283417,0.0,0.0,1.00168182378213,0.0015025227356731952,0.0,1.3411076667762263,True,0.0,0.0015025227356731952
2018-12-24 00:00:00+00:00,0.0,0.0,0.0,0.0,0.0,0.0,1.3411076667762263,False,0.0,0.0
2018-12-25 00:00:00+00:00,-0.0035359999999999836,0.0,0.0,2.0020401537530415,0.003003060230629562,0.0,1.3363655100665055,True,0.0,0.003003060230629562
2018-12-26 00:00:00+00:00,-0.003202999999999956,0.0,0.0,2.0017059051564816,0.0030025588577347224,0.0,1.3320851313377624,True,0.0,0.0030025588577347224
2018-12-27 00:00:00+00:00,-0.0012999999999998568,1.0,13320.851313377625,1.0,0.0015,0.0,1.3303534206670236,True,1.0,0.0015
2018-12-28 00:00:00+00:00,-0.0021527986382295916,0.0,0.0,1.0019538099293621,0.0015029307148940435,0.0,1.3274894376346473,True,0.0,0.0015029307148940435
2018-12-29 00:00:00+00:00,-0.0013999999999998458,1.0,13274.894376346474,1.0,0.0015,0.0,1.325630952421959,True,1.0,0.0015
2018-12-30 00:00:00+00:00,-0.0021209693570999333,0.0,0.0,1.0020220805585671,0.0015030331208378505,0.0,1.3228193297930488,True,0.0,0.0015030331208378505
2018-12-31 00:00:00+00:00,-0.0013999999999999568,1.0,13228.19329793049,1.0,0.0015000000000000002,0.0,1.3209673827313386,True,1.0,0.0015000000000000002
2019-01-01 00:00:00+00:00,0.0002978970558782379,1.0,13209.673827313387,0.0014019627478469598,2.1029441217704397e-06,0.0,1.3213608950255655,True,1.0,2.1029441217704397e-06
2019-01-02 00:00:00+00:00,-0.0029533588589691906,1.0,13193.054697780355,1.9997581614441564,0.0029996372421662344,0.0,1.3174584421203464,True,1.0,0.0029996372421662344
2019-01-03 00:00:00+00:00,-0.0017554576406969558,0.0,0.0,1.0016557369331505,0.0015024836053997258,0.0,1.3151456996318254,True,0.0,0.0015024836053997258
2019-01-04 00:00:00+00:00,0.0,0.0,0.0,0.0,0.0,0.0,1.3151456996318254,False,0.0,0.0
2019-01-05 00:00:00+00:00,-0.003077999999999914,0.0,0.0,2.0015804940195627,0.0030023707410293445,0.0,1.3110976811683586,True,0.0,0.0030023707410293445
2019-01-06 00:00:00+00:00,-0.0031650000000001954,0.0,0.0,2.0016677768484525,0.0030025016652726793,0.0,1.3069480570074605,True,0.0,0.0030025016652726793
2019-01-07 00:00:00+00:00,-0.0013000000000000789,1.0,13069.480570074606,1.0,0.0015,0.0,1.3052490245333508,True,1.0,0.0015
2019-01-08 00:00:00+00:00,-0.0029128485030539553,1.0,13032.716121230984,2.0013147262355475,0.003001972089353321,0.0,1.301447031866126,True,1.0,0.003001972089353321
2019-01-09 00:00:00+00:00,-0.001908672140997436,0.0,0.0,1.0018092675371721,0.0015027139013057582,0.0,1.2989629961734195,True,0.0,0.0015027139013057582
2019-01-10 00:00:00+00:00,-0.0029689999999999994,0.0,0.0,2.0014711611357083,0.003002206741703562,0.0,1.2951063750377805,True,0.0,0.003002206741703562
2019-01-11 00:00:00+00:00,0.0,0.0,0.0,0.0,0.0,0.0,1.2951063750377805,False,0.0,0.0
2019-01-12 00:00:00+00:00,0.0,0.0,0.0,0.0,0.0,0.0,1.2951063750377805,False,0.0,0.0
2019-01-13 00:00:00+00:00,0.0,0.0,0.0,0.0,0.0,0.0,1.2951063750377805,False,0.0,0.0
2019-01-14 00:00:00+00:00,-0.0016519999999999868,1.0,12951.063750377805,1.0,0.0015,0.0,1.292966859306218,True,1.0,0.0015
2019-01-15 00:00:00+00:00,-0.0015024821004298028,0.0,0.0,1.0016547336199402,0.0015024821004299103,0.0,1.2910241997436616,True,0.0,0.0015024821004299103
2019-01-16 00:00:00+00:00,-0.0030280000000000307,0.0,0.0,2.0015303383570098,0.0030022955075355144,0.0,1.2871149784668376,True,0.0,0.0030022955075355144
2019-01-17 00:00:00+00:00,-0.0031359999999999166,0.0,0.0,2.001638680881923,0.003002458021322884,0.0,1.2830785858943656,True,0.0,0.003002458021322884
2019-01-18 00:00:00+00:00,0.0,0.0,0.0,0.0,0.0,0.0,1.2830785858943656,False,0.0,0.0
2019-01-19 00:00:00+00:00,-0.0033209999999999074,0.0,0.0,2.0018243220905267,0.0030027364831357903,0.0,1.2788174819106106,True,0.0,0.0030027364831357903
2019-01-20 00:00:00+00:00,-0.0011999999999999789,1.0,12788.174819106105,1.0,0.0015,0.0,1.2772829009323177,True,1.0,0.0015
2019-01-21 00:00:00+00:00,-0.0026742090508611316,0.0,0.0,1.0023766350015888,0.0015035649525023834,0.0,1.2738671794381344,True,0.0,0.0015035649525023834
2019-01-22 00:00:00+00:00,0.0,0.0,0.0,0.0,0.0,0.0,1.2738671794381344,False,0.0,0.0
2019-01-23 00:00:00+00:00,-0.003690999999999889,0.0,0.0,2.002195811021949,0.003003293716532924,0.0,1.2691653356788284,True,0.0,0.003003293716532924
2019-01-24 00:00:00+00:00,-0.0035009999999999764,0.0,0.0,2.00200501202907,0.0030030075180436057,0.0,1.2647219878386167,True,0.0,0.0030030075180436057
2019-01-25 00:00:00+00:00,-0.0031469999999999,0.0,0.0,2.001649717084037,0.003002474575626056,0.0,1.2607419077428887,True,0.0,0.003002474575626056
2019-01-26 00:00:00+00:00,0.0,0.0,0.0,0.0,0.0,0.0,1.2607419077428887,False,0.0,0.0
2019-01-27 00:00:00+00:00,-0.003218000000000165,0.0,0.0,2.001720956603445,0.0030025814349051673,0.0,1.2566848402837718,True,0.0,0.0030025814349051673
2019-01-28 00:00:00+00:00,-0.003018000000000076,0.0,0.0,2.001520307827282,0.003002280461740923,0.0,1.2528921654357954,True,0.0,0.003002280461740923
2019-01-29 00:00:00+00:00,-0.0011999999999999789,1.0,12528.921654357953,1.0,0.0015,0.0,1.2513886948372723,True,1.0,0.0015
2019-01-30 00:00:00+00:00,-0.0015098117741290107,0.0,0.0,1.001209461028923,0.0015018141915433846,0.0,1.249499333451795,True,0.0,0.0015018141915433846
2019-01-31 00:00:00+00:00,-0.003351000000000104,0.0,0.0,2.0018544325546586,0.003002781648831988,0.0,1.245312261185398,True,0.0,0.003002781648831988
2019-02-01 00:00:00+00:00,-0.0011999999999998678,1.0,12453.12261185398,1.0,0.0015,0.0,1.2438178864719758,True,1.0,0.0015
2019-02-02 00:00:00+00:00,0.00030036043251913114,1.0,12453.12261185398,0.0,0.0,0.0,1.2441914801503315,False,1.0,0.0
2019-02-03 00:00:00+00:00,-0.0016334701231107696,0.0,0.0,1.00103306612424,0.0015015495991863598,0.0,1.242159130540077,True,0.0,0.0015015495991863598
2019-02-04 00:00:00+00:00,-0.003058000000000005,0.0,0.0,2.0015604311517343,0.003002340646727602,0.0,1.2383606079188856,True,0.0,0.003002340646727602
2019-02-05 00:00:00+00:00,0.0,0.0,0.0,0.0,0.0,0.0,1.2383606079188856,False,0.0,0.0
2019-02-06 00:00:00+00:00,-0.003125999999999962,0.0,0.0,2.001628648181944,0.003002442972272916,0.0,1.2344894926585313,True,0.0,0.003002442972272916
2019-02-07 00:00:00+00:00,-0.001254999999999895,1.0,12344.894926585312,1.0,0.0015,0.0,1.232940208345245,True,1.0,0.0015
2019-02-08 00:00:00+00:00,0.0002853581244461889,1.0,12344.894926585312,0.0,0.0,0.0,1.2332920378506527,False,1.0,0.0
2019-02-09 00:00:00+00:00,0.0003002912825440518,1.0,12344.894926585312,0.0,0.0,0.0,1.2336623846984505,False,1.0,0.0
2019-02-10 00:00:00+00:00,0.0003002011347601474,1.0,12344.894926585312,0.0,0.0,0.0,1.2340327315462483,False,1.0,0.0
2019-02-11 00:00:00+00:00,0.00030011104108540465,1.0,12344.894926585312,0.0,0.0,0.0,1.234403078394046,False,1.0,0.0
2019-02-12 00:00:00+00:00,0.0003000210014703075,1.0,12344.894926585312,0.0,0.0,0.0,1.2347734252418436,False,1.0,0.0
2019-02-13 00:00:00+00:00,0.0002999310158664503,1.0,12344.894926585312,0.0,0.0,0.0,1.2351437720896414,False,1.0,0.0
2019-02-14 00:00:00+00:00,0.00031683207899835253,1.0,12344.894926585312,0.0,0.0,0.0,1.2355351052588144,False,1.0,0.0
2019-02-15 00:00:00+00:00,0.0002997461150406888,1.0,12344.894926585312,0.0,0.0,0.0,1.235905452106612,False,1.0,0.0
2019-02-16 00:00:00+00:00,0.0002996562942303438,1.0,12344.894926585312,0.0,0.0,0.0,1.2362757989544098,False,1.0,0.0
2019-02-17 00:00:00+00:00,0.00029057953141808923,1.0,12344.894926585312,0.0,0.0,0.0,1.2366350353967734,False,1.0,0.0
2019-02-18 00:00:00+00:00,-0.0016860696110160278,0.0,0.0,0.9984533956900745,0.0014976800935351119,0.0,1.2345499826436732,True,0.0,0.0014976800935351119
2019-02-19 00:00:00+00:00,-0.0012999999999999678,1.0,12345.499826436733,1.0,0.0015,0.0,1.2329450676662368,True,1.0,0.0015
2019-02-20 00:00:00+00:00,0.0003003905076601754,1.0,12345.499826436733,0.0,0.0,0.0,1.23331543266103,False,1.0,0.0
2019-02-21 00:00:00+00:00,-0.0031123141141141675,1.0,12312.006485407614,2.001214473155938,0.003001821709733907,0.0,1.2294769676328043,True,1.0,0.003001821709733907
2019-02-22 00:00:00+00:00,0.000265371520128177,1.0,12312.006485407614,0.0,0.0,0.0,1.2298032358046678,False,1.0,0.0
2019-02-23 00:00:00+00:00,-0.0014806805724496552,0.0,0.0,1.0011152423800111,0.0015016728635700168,0.0,1.2279822900454762,True,0.0,0.0015016728635700168
2019-02-24 00:00:00+00:00,-0.0012919999999999598,1.0,12279.822900454761,1.0,0.0015,0.0,1.2263957369267373,True,1.0,0.0015
2019-02-25 00:00:00+00:00,-0.001566023302106312,0.0,0.0,1.0013578412327118,0.0015020367618490676,0.0,1.2244751726251062,True,0.0,0.0015020367618490676
2019-02-26 00:00:00+00:00,0.0,0.0,0.0,0.0,0.0,0.0,1.2244751726251062,False,0.0,0.0
2019-02-27 00:00:00+00:00,-0.0016129999999999756,1.0,12244.751726251061,1.0,0.0014999999999999998,0.0,1.222500094171662,True,1.0,0.0014999999999999998
2019-02-28 00:00:00+00:00,-0.0015024234089585642,0.0,0.0,1.0016156059724335,0.00150242340895865,0.0,1.2206633814127243,True,0.0,0.00150242340895865
2019-03-01 00:00:00+00:00,0.0,0.0,0.0,0.0,0.0,0.0,1.2206633814127243,True,0.0,0.0
2019-03-02 00:00:00+00:00,0.0,0.0,0.0,0.0,0.0,0.0,1.2206633814127243,False,0.0,0.0
2019-03-03 00:00:00+00:00,0.0,0.0,0.0,0.0,0.0,0.0,1.2206633814127243,False,0.0,0.0
2019-03-04 00:00:00+00:00,-0.0013999999999999568,1.0,12206.633814127243,1.0,0.0015000000000000002,0.0,1.2189544526787466,True,1.0,0.0015000000000000002
2019-03-05 00:00:00+00:00,-3.3046264770741907e-05,1.0,12206.633814127243,0.0,0.0,0.0,1.2189141707871598,False,1.0,0.0
2019-03-06 00:00:00+00:00,-0.0028001997862936445,1.0,12170.831757150409,2.0014350564358727,0.003002152584653809,0.0,1.2155009675866115,True,1.0,0.003002152584653809
2019-03-07 00:00:00+00:00,-0.0015189746670671855,0.0,0.0,1.0013187367763343,0.0015019781051645016,0.0,1.2136546524090517,True,0.0,0.0015019781051645016
2019-03-08 00:00:00+00:00,-0.00305399999999989,0.0,0.0,2.00155641867462,0.0030023346280119304,0.0,1.2099481511005947,True,0.0,0.0030023346280119304
2019-03-09 00:00:00+00:00,0.0,0.0,0.0,0.0,0.0,0.0,1.2099481511005947,False,0.0,0.0
2019-03-10 00:00:00+00:00,0.0,0.0,0.0,0.0,0.0,0.0,1.2099481511005947,False,0.0,0.0
2019-03-11 00:00:00+00:00,0.0,0.0,0.0,0.0,0.0,0.0,1.2099481511005947,False,0.0,0.0
2019-03-12 00:00:00+00:00,-0.0031000000000001027,0.0,0.0,2.001602564102564,0.003002403846153846,0.0,1.2061973118321827,True,0.0,0.003002403846153846
2019-03-13 00:00:00+00:00,-0.003533999999999926,0.0,0.0,2.002038145588126,0.003003057218382189,0.0,1.2019346105321678,True,0.0,0.003003057218382189
2019-03-14 00:00:00+00:00,0.0,0.0,0.0,0.0,0.0,0.0,1.2019346105321678,False,0.0,0.0
2019-03-15 00:00:00+00:00,-0.003346999999999989,0.0,0.0,2.0018504177215317,0.0030027756265822974,0.0,1.1979117353907167,True,0.0,0.0030027756265822974
2019-03-16 00:00:00+00:00,0.0,0.0,0.0,0.0,0.0,0.0,1.1979117353907167,False,0.0,0.0
2019-03-17 00:00:00+00:00,-0.003178999999999821,0.0,0.0,2.00168182378213,0.003002522735673195,0.0,1.1941035739839094,True,0.0,0.003002522735673195
2019-03-18 00:00:00+00:00,-0.0031359999999998056,0.0,0.0,2.001638680881923,0.003002458021322884,0.0,1.190358865175896,True,0.0,0.003002458021322884
2019-03-19 00:00:00+00:00,-0.0014140000000001374,1.0,11903.58865175896,1.0,0.0015,0.0,1.1886756977405373,True,1.0,0.0015
2019-03-20 00:00:00+00:00,-0.0017144241958129136,0.0,0.0,1.0016286481819439,0.001502442972272916,0.0,1.186637803363356,True,0.0,0.001502442972272916
2019-03-21 00:00:00+00:00,-0.003610999999999809,0.0,0.0,2.0021154657481945,0.003003173198622292,0.0,1.1823528542554111,True,0.0,0.003003173198622292
2019-03-22 00:00:00+00:00,0.0,0.0,0.0,0.0,0.0,0.0,1.1823528542554111,False,0.0,0.0
2019-03-23 00:00:00+00:00,0.0,0.0,0.0,0.0,0.0,0.0,1.1823528542554111,False,0.0,0.0
2019-03-24 00:00:00+00:00,-0.003138000000000196,0.0,0.0,2.0016406874460366,0.0030024610311690557,0.0,1.1786426309987574,True,0.0,0.0030024610311690557
2019-03-25 00:00:00+00:00,0.0,0.0,0.0,0.0,0.0,0.0,1.1786426309987574,False,0.0,0.0
2019-03-26 00:00:00+00:00,0.0,0.0,0.0,0.0,0.0,0.0,1.1786426309987574,False,0.0,0.0
2019-03-27 00:00:00+00:00,0.0,0.0,0.0,0.0,0.0,0.0,1.1786426309987574,False,0.0,0.0
2019-03-28 00:00:00+00:00,-0.001338999999999868,1.0,11786.426309987575,1.0,0.0015,0.0,1.1770644285158502,True,1.0,0.0015
2019-03-29 00:00:00+00:00,-0.0017753772301112303,0.0,0.0,1.0016146027396162,0.0015024219041094244,0.0,1.1749746951310895,True,0.0,0.0015024219041094244
2019-03-30 00:00:00+00:00,0.0,0.0,0.0,0.0,0.0,0.0,1.1749746951310895,False,0.0,0.0
2019-03-31 00:00:00+00:00,0.0,0.0,0.0,0.0,0.0,0.0,1.1749746951310895,False,0.0,0.0
2019-04-01 00:00:00+00:00,0.0,0.0,0.0,0.0,0.0,0.0,1.1749746951310895,True,0.0,0.0
2019-04-02 00:00:00+00:00,0.0,0.0,0.0,0.0,0.0,0.0,1.1749746951310895,False,0.0,0.0
2019-04-03 00:00:00+00:00,-0.0011799999999998478,1.0,11749.746951310895,1.0,0.0015000000000000002,0.0,1.1735882249908351,True,1.0,0.0015000000000000002
2019-04-04 00:00:00+00:00,0.0002152539997199998,1.0,11749.746951310895,0.0,0.0,0.0,1.1738408445502884,False,1.0,0.0
2019-04-05 00:00:00+00:00,0.0005315129099581206,1.0,11749.746951310895,0.0,0.0,0.0,1.1744647561134032,False,1.0,0.0
2019-04-06 00:00:00+00:00,0.0003001302565315278,1.0,11749.746951310895,0.0,0.0,0.0,1.1748172485219428,False,1.0,0.0
2019-04-07 00:00:00+00:00,0.00030004020538765275,1.0,11749.746951310895,0.0,0.0,0.0,1.1751697409304822,False,1.0,0.0
2019-04-08 00:00:00+00:00,0.0002999502082654537,1.0,11749.746951310895,0.0,0.0,0.0,1.1755222333390218,False,1.0,0.0
2019-04-09 00:00:00+00:00,-0.003032948645931177,1.0,11735.999747377873,1.9996701088640738,0.0029995051632961105,0.0,1.1719569347731544,True,1.0,0.0029995051632961105
2019-04-10 00:00:00+00:00,0.0003004205888244016,1.0,11735.999747377873,0.0,0.0,0.0,1.1723090147655757,False,1.0,0.0
2019-04-11 00:00:00+00:00,-0.001664831314445725,0.0,0.0,1.0012645971862462,0.0015018968957793693,0.0,1.1703573180075868,True,0.0,0.0015018968957793693
2019-04-12 00:00:00+00:00,-0.0011999999999999789,1.0,11703.573180075868,1.0,0.0015000000000000002,0.0,1.1689528892259775,True,1.0,0.0015000000000000002
2019-04-13 00:00:00+00:00,-0.001475770925110087,0.0,0.0,1.001175379895998,0.0015017630698439973,0.0,1.1672277825392343,True,0.0,0.0015017630698439973
2019-04-14 00:00:00+00:00,-0.0013999999999999568,1.0,11672.277825392342,1.0,0.0015,0.0,1.1655936636436794,True,1.0,0.0015
2019-04-15 00:00:00+00:00,0.00027338273583055184,1.0,11672.277825392342,0.0,0.0,0.0,1.1659123168283128,False,1.0,0.0
2019-04-16 00:00:00+00:00,-0.0016879022658535803,0.0,0.0,1.001314726235547,0.0015019720893533204,0.0,1.1639443707869517,True,0.0,0.0015019720893533204
2019-04-17 00:00:00+00:00,-0.0013000000000000789,1.0,11639.443707869517,1.0,0.0015,0.0,1.1624312431049286,True,1.0,0.0015
2019-04-18 00:00:00+00:00,0.0003003905076597313,1.0,11639.443707869517,0.0,0.0,0.0,1.1627804264161645,False,1.0,0.0
2019-04-19 00:00:00+00:00,9.809809809802061e-05,1.0,11639.443707869517,0.0,0.0,0.0,1.1628944929645015,False,1.0,0.0
2019-04-20 00:00:00+00:00,-0.0028992523255977343,1.0,11611.48576408321,2.0009028143385335,0.0030013542215078007,0.0,1.1595229684013493,True,1.0,0.0030013542215078007
2019-04-21 00:00:00+00:00,-0.0029759999999999787,1.0,11576.929982449297,2.0014781817963314,0.003002217272694497,0.0,1.156072228047387,True,1.0,0.003002217272694497
2019-04-22 00:00:00+00:00,0.00024434207891044224,1.0,11576.929982449297,0.0,0.0,0.0,1.1563547051389587,False,1.0,0.0
2019-04-23 00:00:00+00:00,-0.0015788251218408211,0.0,0.0,1.0012345221658303,0.0015018517832487456,0.0,1.1545290232807266,True,0.0,0.0015018517832487456
2019-04-24 00:00:00+00:00,0.0,0.0,0.0,0.0,0.0,0.0,1.1545290232807266,False,0.0,0.0
2019-04-25 00:00:00+00:00,0.0,0.0,0.0,0.0,0.0,0.0,1.1545290232807266,False,0.0,0.0
2019-04-26 00:00:00+00:00,0.0,0.0,0.0,0.0,0.0,0.0,1.1545290232807266,False,0.0,0.0
2019-04-27 00:00:00+00:00,0.0,0.0,0.0,0.0,0.0,0.0,1.1545290232807266,False,0.0,0.0
2019-04-28 00:00:00+00:00,0.0,0.0,0.0,0.0,0.0,0.0,1.1545290232807266,False,0.0,0.0
2019-04-29 00:00:00+00:00,0.0,0.0,0.0,0.0,0.0,0.0,1.1545290232807266,False,0.0,0.0
2019-04-30 00:00:00+00:00,0.0,0.0,0.0,0.0,0.0,0.0,1.1545290232807266,False,0.0,0.0
2019-05-01 00:00:00+00:00,0.0,0.0,0.0,0.0,0.0,0.0,1.1545290232807266,True,0.0,0.0
2019-05-02 00:00:00+00:00,0.0,0.0,0.0,0.0,0.0,0.0,1.1545290232807266,False,0.0,0.0
2019-05-03 00:00:00+00:00,0.0,0.0,0.0,0.0,0.0,0.0,1.1545290232807266,False,0.0,0.0
2019-05-04 00:00:00+00:00,-0.0030439999999998246,0.0,0.0,2.001546387622489,0.0030023195814337334,0.0,1.15101463693386,True,0.0,0.0030023195814337334
2019-05-05 00:00:00+00:00,0.0,0.0,0.0,0.0,0.0,0.0,1.15101463693386,False,0.0,0.0
2019-05-06 00:00:00+00:00,-0.003295000000000048,0.0,0.0,2.0017982278189352,0.003002697341728403,0.0,1.147222043705163,True,0.0,0.003002697341728403
2019-05-07 00:00:00+00:00,-0.0014000000000000679,1.0,11472.22043705163,1.0,0.0015,0.0,1.1456159328439757,True,1.0,0.0015
2019-05-08 00:00:00+00:00,-0.0016533146404968946,0.0,0.0,1.0015534093378833,0.0015023301140068249,0.0,1.1437218692498183,True,0.0,0.0015023301140068249
2019-05-09 00:00:00+00:00,0.0,0.0,0.0,0.0,0.0,0.0,1.1437218692498183,False,0.0,0.0
2019-05-10 00:00:00+00:00,0.0,0.0,0.0,0.0,0.0,0.0,1.1437218692498183,False,0.0,0.0
2019-05-11 00:00:00+00:00,0.0,0.0,0.0,0.0,0.0,0.0,1.1437218692498183,False,0.0,0.0
2019-05-12 00:00:00+00:00,-0.0012999999999999678,1.0,11437.218692498183,1.0,0.0015000000000000002,0.0,1.1422350308197937,True,1.0,0.0015000000000000002
2019-05-13 00:00:00+00:00,0.0003003905076601754,1.0,11437.218692498183,0.0,0.0,0.0,1.1425781473805685,False,1.0,0.0
2019-05-14 00:00:00+00:00,0.0006106106106107401,1.0,11437.218692498183,0.0,0.0,0.0,1.143275817720811,False,1.0,0.0
2019-05-15 00:00:00+00:00,0.0005472134132311623,1.0,11437.218692498183,0.0,0.0,0.0,1.1439014335832909,False,1.0,0.0
2019-05-16 00:00:00+00:00,0.000998843181620357,1.0,11437.218692498183,0.0,0.0,0.0,1.1450440117306713,False,1.0,0.0
2019-05-17 00:00:00+00:00,0.001068764508228126,1.0,11437.218692498183,0.0,0.0,0.0,1.1462677941307686,False,1.0,0.0
2019-05-18 00:00:00+00:00,-0.0015365795738685462,0.0,0.0,0.9978187681727742,0.0014967281522591613,0.0,1.144506462452124,True,0.0,0.0014967281522591613
2019-05-19 00:00:00+00:00,0.0,0.0,0.0,0.0,0.0,0.0,1.144506462452124,False,0.0,0.0
2019-05-20 00:00:00+00:00,-0.0007190000000002472,1.0,11445.06462452124,1.0,0.0015,0.0,1.1436835623056205,True,1.0,0.0015
2019-05-21 00:00:00+00:00,0.0005794166005359536,1.0,11445.06462452124,0.0,0.0,0.0,1.1443462315473805,False,1.0,0.0
2019-05-22 00:00:00+00:00,0.0008821234972893333,1.0,11445.06462452124,0.0,0.0,0.0,1.145355686247263,False,1.0,0.0
2019-05-23 00:00:00+00:00,0.0002997775650466217,1.0,11445.06462452124,0.0,0.0,0.0,1.1456990381859984,False,1.0,0.0
2019-05-24 00:00:00+00:00,0.0003586263113835031,1.0,11445.06462452124,0.0,0.0,0.0,1.1461099160060184,False,1.0,0.0
2019-05-25 00:00:00+00:00,0.0017854985165783877,1.0,11445.06462452124,0.0,0.0,0.0,1.148156293560883,False,1.0,0.0
2019-05-26 00:00:00+00:00,0.001505199917463118,1.0,11445.06462452124,0.0,0.0,0.0,1.1498844983191856,False,1.0,0.0
2019-05-27 00:00:00+00:00,0.005297108885347956,1.0,11445.06462452124,0.0,0.0,0.0,1.1559755617123557,False,1.0,0.0
2019-05-28 00:00:00+00:00,0.0041929821261144085,1.0,11445.06462452124,0.0,0.0,0.0,1.1608225465808406,False,1.0,0.0
2019-05-29 00:00:00+00:00,0.002665007650928475,1.0,11445.06462452124,0.0,0.0,0.0,1.1639161475488486,False,1.0,0.0
2019-05-30 00:00:00+00:00,0.0024248765191121624,1.0,11445.06462452124,0.0,0.0,0.0,1.1667385004852557,False,1.0,0.0
2019-05-31 00:00:00+00:00,0.0005287294308065071,1.0,11445.06462452124,0.0,0.0,0.0,1.1673553894685171,False,1.0,0.0
2019-06-01 00:00:00+00:00,0.0003276401402403373,1.0,11673.553894685172,0.01957323983983671,2.935985975975507e-05,0.0,1.167737861952033,True,1.0,2.935985975975507e-05
2019-06-02 00:00:00+00:00,0.00107264855727629,1.0,11673.553894685172,0.0,0.0,0.0,1.1689904342849329,False,1.0,0.0
2019-06-03 00:00:00+00:00,0.0007130013417009362,1.0,11673.553894685172,0.0,0.0,0.0,1.1698239260330134,False,1.0,0.0
2019-06-04 00:00:00+00:00,0.0001816159476273338,1.0,11673.553894685172,0.0,0.0,0.0,1.1700363847138968,False,1.0,0.0
2019-06-05 00:00:00+00:00,-0.0028944677453875967,1.0,11682.85351629694,1.9977086223296934,0.0029965629334945407,0.0,1.1666497521374126,True,1.0,0.0029965629334945407
2019-06-06 00:00:00+00:00,-0.0015611856599239138,0.0,0.0,1.0014611317912834,0.001502191697686925,0.0,1.1648283952742218,True,0.0,0.001502191697686925
2019-06-07 00:00:00+00:00,-0.0013999999999998458,1.0,11648.283952742218,1.0,0.0015,0.0,1.163197635520838,True,1.0,0.0015
2019-06-08 00:00:00+00:00,-0.0016873623072299893,0.0,0.0,1.0015875162131977,0.0015023812743197968,0.0,1.161234899674801,True,0.0,0.0015023812743197968
2019-06-09 00:00:00+00:00,-0.0015779999999999683,1.0,11612.34899674801,1.0,0.0015,0.0,1.1594024710031143,True,1.0,0.0015
2019-06-10 00:00:00+00:00,-0.001502370741029324,0.0,0.0,1.001580494019563,0.0015023707410293443,0.0,1.157660618653602,True,0.0,0.0015023707410293443
2019-06-11 00:00:00+00:00,-0.0012999999999999678,1.0,11576.60618653602,1.0,0.0015,0.0,1.1561556598493523,True,1.0,0.0015
2019-06-12 00:00:00+00:00,0.00020126164013234416,1.0,11576.60618653602,0.0,0.0,0.0,1.1563883496337017,False,1.0,0.0
2019-06-13 00:00:00+00:00,0.00030033006273888496,1.0,11576.60618653602,0.0,0.0,0.0,1.1567356478192978,False,1.0,0.0
2019-06-14 00:00:00+00:00,0.0003002398916731597,1.0,11576.60618653602,0.0,0.0,0.0,1.157082946004894,False,1.0,0.0
2019-06-15 00:00:00+00:00,-0.002903722722638724,1.0,11552.121664451497,2.0006153784577516,0.003000923067686627,0.0,1.1537230979626019,True,1.0,0.003000923067686627
2019-06-16 00:00:00+00:00,0.0030389171642246637,1.0,11552.121664451497,0.0,0.0,0.0,1.1572291668877628,False,1.0,0.0
2019-06-17 00:00:00+00:00,0.0015782443853031847,1.0,11552.121664451497,0.0,0.0,0.0,1.1590555573229124,False,1.0,0.0
2019-06-18 00:00:00+00:00,0.0018289151991324193,1.0,11552.121664451497,0.0,0.0,0.0,1.1611753716483393,False,1.0,0.0
2019-06-19 00:00:00+00:00,0.001985749560767136,1.0,11552.121664451497,0.0,0.0,0.0,1.1634811751325638,False,1.0,0.0
2019-06-20 00:00:00+00:00,0.0015429555243569038,1.0,11552.121664451497,0.0,0.0,0.0,1.1652763748392196,False,1.0,0.0
2019-06-21 00:00:00+00:00,0.0012937290326673345,1.0,11552.121664451497,0.0,0.0,0.0,1.1667839267164306,False,1.0,0.0
2019-06-22 00:00:00+00:00,0.004204879719846399,1.0,11552.121664451497,0.0,0.0,0.0,1.1716901127873232,False,1.0,0.0
2019-06-23 00:00:00+00:00,0.00782143505044064,1.0,11552.121664451497,0.0,0.0,0.0,1.1808544109037324,False,1.0,0.0
2019-06-24 00:00:00+00:00,0.0037399835843776597,1.0,11552.121664451497,0.0,0.0,0.0,1.1852707870160524,False,1.0,0.0
2019-06-25 00:00:00+00:00,0.0026295783707921405,1.0,11552.121664451497,0.0,0.0,0.0,1.1883875494411216,False,1.0,0.0
2019-06-26 00:00:00+00:00,0.0017682202508364497,1.0,11552.121664451497,0.0,0.0,0.0,1.1904888803718852,False,1.0,0.0
2019-06-27 00:00:00+00:00,0.004744128546573023,1.0,11552.121664451497,0.0,0.0,0.0,1.1961367126536353,False,1.0,0.0
2019-06-28 00:00:00+00:00,0.004411710735484631,1.0,11552.121664451497,0.0,0.0,0.0,1.2014137218299568,False,1.0,0.0
2019-06-29 00:00:00+00:00,0.0009961595932281853,1.0,11552.121664451497,0.0,0.0,0.0,1.2026105216343939,False,1.0,0.0
2019-06-30 00:00:00+00:00,0.0017626773483951919,1.0,11552.121664451497,0.0,0.0,0.0,1.2047303359598207,False,1.0,0.0
2019-07-01 00:00:00+00:00,0.0015933453275354115,1.0,12047.303359598207,0.04110311497653072,6.165467246479608e-05,0.0,1.206649887411562,True,1.0,6.165467246479608e-05
2019-07-02 00:00:00+00:00,0.0008346700823242958,1.0,12047.303359598207,0.0,0.0,0.0,1.2076570419724244,False,1.0,0.0
2019-07-03 00:00:00+00:00,0.0004678633982397873,1.0,12047.303359598207,0.0,0.0,0.0,1.2082220604999896,False,1.0,0.0
2019-07-04 00:00:00+00:00,0.00029913300924011565,1.0,12047.303359598207,0.0,0.0,0.0,1.2085834796007775,False,1.0,0.0
2019-07-05 00:00:00+00:00,0.00018141975696783774,1.0,12047.303359598207,0.0,0.0,0.0,1.2088027405219222,False,1.0,0.0
2019-07-06 00:00:00+00:00,-0.0027930031338325723,1.0,12069.956450179825,1.99663104291082,0.00299494656436623,0.0,1.205426550679459,True,1.0,0.00299494656436623
2019-07-07 00:00:00+00:00,0.00046660658856523263,1.0,12069.956450179825,0.0,0.0,0.0,1.2059890106500373,False,1.0,0.0
2019-07-08 00:00:00+00:00,0.0013571318479610461,1.0,12069.956450179825,0.0,0.0,0.0,1.2076256967446817,False,1.0,0.0
2019-07-09 00:00:00+00:00,0.0023017984612030418,1.0,12069.956450179825,0.0,0.0,0.0,1.210405407715158,False,1.0,0.0
2019-07-10 00:00:00+00:00,0.0028609179069130075,1.0,12069.956450179825,0.0,0.0,0.0,1.2138682782207146,False,1.0,0.0
2019-07-11 00:00:00+00:00,0.0006841047077938978,1.0,12069.956450179825,0.0,0.0,0.0,1.2146986912244868,False,1.0,0.0
2019-07-12 00:00:00+00:00,0.00029809754148990564,1.0,12069.956450179825,0.0,0.0,0.0,1.2150607899179922,False,1.0,0.0
2019-07-13 00:00:00+00:00,0.0002980087058275238,1.0,12069.956450179825,0.0,0.0,0.0,1.2154228886114975,False,1.0,0.0
2019-07-14 00:00:00+00:00,-0.001652462506777641,0.0,0.0,0.9932281703346587,0.0014898422555019882,0.0,1.2134144478581876,True,0.0,0.0014898422555019882
2019-07-15 00:00:00+00:00,-0.0031240000000000157,0.0,0.0,2.0016266416660655,0.0030024399624990986,0.0,1.2096237411230788,True,0.0,0.0030024399624990986
2019-07-16 00:00:00+00:00,-0.0013999999999999568,1.0,12096.237411230788,1.0,0.0015,0.0,1.2079302678855066,True,1.0,0.0015
2019-07-17 00:00:00+00:00,-0.0019757660725013837,0.0,0.0,1.0018765147120556,0.0015028147720680836,0.0,1.2055436802442707,True,0.0,0.0015028147720680836
2019-07-18 00:00:00+00:00,-0.004751301599999813,1.0,12014.978756533712,3.001859451141318,0.004502789176711978,0.0,1.1998157786274566,True,1.0,0.004502789176711978
2019-07-19 00:00:00+00:00,0.0003004205888244016,1.0,12014.978756533712,0.0,0.0,0.0,1.2001762279901529,False,1.0,0.0
2019-07-20 00:00:00+00:00,0.0003003303633999366,1.0,12014.978756533712,0.0,0.0,0.0,1.200536677352849,False,1.0,0.0
2019-07-21 00:00:00+00:00,8.106485188164037e-05,1.0,12014.978756533712,0.0,0.0,0.0,1.2006339986807772,False,1.0,0.0
2019-07-22 00:00:00+00:00,-0.0015010792759995173,0.0,0.0,1.0007195173329617,0.0015010792759994427,0.0,1.198831751867297,True,0.0,0.0015010792759994427
2019-07-23 00:00:00+00:00,-0.0011999999999998678,1.0,11988.317518672971,1.0,0.0015,0.0,1.1973931537650566,True,1.0,0.0015
2019-07-24 00:00:00+00:00,-2.903484181004945e-05,1.0,11988.317518672971,0.0,0.0,0.0,1.1973583876442526,False,1.0,0.0
2019-07-25 00:00:00+00:00,-0.002899743184373582,1.0,11955.601400164516,2.0012305122996157,0.003001845768449424,0.0,1.1938863558204287,True,1.0,0.003001845768449424
2019-07-26 00:00:00+00:00,0.0001902663729220766,1.0,11955.601400164516,0.0,0.0,0.0,1.1941135122470317,False,1.0,0.0
2019-07-27 00:00:00+00:00,-0.002799864836452115,1.0,11923.20172037007,2.0012114658737072,0.0030018171988105604,0.0,1.190770155813359,True,1.0,0.0030018171988105604
2019-07-28 00:00:00+00:00,-0.0018534094322618655,0.0,0.0,1.0016537303087396,0.0015024805954631096,0.0,1.1885631711749185,True,0.0,0.0015024805954631096
2019-07-29 00:00:00+00:00,-0.001218999999999859,1.0,11885.631711749185,1.0,0.0015000000000000002,0.0,1.1871143126692565,True,1.0,0.0015000000000000002
2019-07-30 00:00:00+00:00,0.00030036614633255354,1.0,11885.631711749185,0.0,0.0,0.0,1.1874708816206092,False,1.0,0.0
2019-07-31 00:00:00+00:00,0.00030027595360149206,1.0,11885.631711749185,0.0,0.0,0.0,1.187827450571962,False,1.0,0.0
2019-08-01 00:00:00+00:00,0.0002990709249024448,1.0,11878.274505719619,0.0006193833983230312,9.290750974845468e-07,0.0,1.1881826952262293,True,1.0,9.290750974845468e-07
2019-08-02 00:00:00+00:00,0.00029991030554743503,1.0,11878.274505719619,0.0,0.0,0.0,1.188539043461401,False,1.0,0.0
2019-08-03 00:00:00+00:00,0.0002998203863240345,1.0,11878.274505719619,0.0,0.0,0.0,1.1888953916965728,False,1.0,0.0
2019-08-04 00:00:00+00:00,0.00029973052100351616,1.0,11878.274505719619,0.0,0.0,0.0,1.1892517399317444,False,1.0,0.0
2019-08-05 00:00:00+00:00,0.0007820622518923681,1.0,11878.274505719619,0.0,0.0,0.0,1.1901818088255425,False,1.0,0.0
2019-08-06 00:00:00+00:00,0.0026926629510544142,1.0,11878.274505719619,0.0,0.0,0.0,1.1933865672871855,False,1.0,0.0
2019-08-07 00:00:00+00:00,0.0017577734953719837,1.0,11878.274505719619,0.0,0.0,0.0,1.1954842705648958,False,1.0,0.0
2019-08-08 00:00:00+00:00,0.002460141751782663,1.0,11878.274505719619,0.0,0.0,0.0,1.1984253313325122,False,1.0,0.0
2019-08-09 00:00:00+00:00,0.0025591669311317844,1.0,11878.274505719619,0.0,0.0,0.0,1.2014923018098889,False,1.0,0.0
2019-08-10 00:00:00+00:00,0.001656938462410107,1.0,11878.274505719619,0.0,0.0,0.0,1.2034831006170474,False,1.0,0.0
2019-08-11 00:00:00+00:00,0.0002960974150687523,1.0,11878.274505719619,0.0,0.0,0.0,1.2038394488522193,False,1.0,0.0
2019-08-12 00:00:00+00:00,0.0003177171502799503,1.0,11878.274505719619,0.0,0.0,0.0,1.2042219292913035,False,1.0,0.0
2019-08-13 00:00:00+00:00,0.0006648240512918679,1.0,11878.274505719619,0.0,0.0,0.0,1.2050225249929891,False,1.0,0.0
2019-08-14 00:00:00+00:00,0.0004317499570007932,1.0,11878.274505719619,0.0,0.0,0.0,1.2055427934163396,False,1.0,0.0
2019-08-15 00:00:00+00:00,0.0001133100853503155,1.0,11878.274505719619,0.0,0.0,0.0,1.2056793935731556,False,1.0,0.0
2019-08-16 00:00:00+00:00,-0.004516293270937943,0.0,0.0,2.986738842178551,0.004480108263267826,0.0,1.2002341918410526,True,0.0,0.004480108263267826
2019-08-17 00:00:00+00:00,-0.0013999999999999568,1.0,12002.341918410526,1.0,0.0015,0.0,1.198553863972475,True,1.0,0.0015
2019-08-18 00:00:00+00:00,-0.0015942319246945447,0.0,0.0,1.0014942293902502,0.0015022413440853755,0.0,1.1966430911390642,True,0.0,0.0015022413440853755
2019-08-19 00:00:00+00:00,-0.0011999999999998678,1.0,11966.430911390642,1.0,0.0015000000000000002,0.0,1.1952071194296976,True,1.0,0.0015000000000000002
2019-08-20 00:00:00+00:00,0.00030036043251913114,1.0,11966.430911390642,0.0,0.0,0.0,1.1955661123570396,False,1.0,0.0
2019-08-21 00:00:00+00:00,0.0003002702432191029,1.0,11966.430911390642,0.0,0.0,0.0,1.1959251052843813,False,1.0,0.0
2019-08-22 00:00:00+00:00,-0.0030856495897538805,1.0,11939.063683896298,2.000787619856827,0.0030011814297852403,0.0,1.1922348994738843,True,1.0,0.0030011814297852403
2019-08-23 00:00:00+00:00,0.0003004205888244016,1.0,11939.063683896298,0.0,0.0,0.0,1.192593071384401,False,1.0,0.0
2019-08-24 00:00:00+00:00,0.00029832816097696835,1.0,11939.063683896298,0.0,0.0,0.0,1.1929488554821812,False,1.0,0.0
2019-08-25 00:00:00+00:00,-0.0017243829551301104,0.0,0.0,1.0010260517029956,0.0015015390775544935,0.0,1.1908917548094458,True,0.0,0.0015015390775544935
2019-08-26 00:00:00+00:00,-0.0011430000000000051,1.0,11908.917548094458,1.0,0.0015,0.0,1.1895305655336985,True,1.0,0.0015
2019-08-27 00:00:00+00:00,0.00043649891826347265,1.0,11908.917548094458,0.0,0.0,0.0,1.1900497943387955,False,1.0,0.0
2019-08-28 00:00:00+00:00,0.0003002122500608273,1.0,11908.917548094458,0.0,0.0,0.0,1.1904070618652385,False,1.0,0.0
2019-08-29 00:00:00+00:00,-0.001763717833158207,0.0,0.0,1.0006704492009644,0.0015010056738014466,0.0,1.1883075197015094,True,0.0,0.0015010056738014466
2019-08-30 00:00:00+00:00,-0.0050292497160000504,1.0,11844.051178068097,3.0017871883440055,0.004502680782516008,0.0,1.18233122444553,True,1.0,0.004502680782516008
2019-08-31 00:00:00+00:00,-0.0029005274235186507,1.0,11805.546167688197,2.0017540713789845,0.003002631107068477,0.0,1.1789018403053433,True,1.0,0.003002631107068477
2019-09-01 00:00:00+00:00,0.0002978970558782379,1.0,11789.018403053433,0.0014019627478470324,2.102944121770549e-06,0.0,1.1792530316927397,True,1.0,2.102944121770549e-06
2019-09-02 00:00:00+00:00,0.0001289615827244628,1.0,11789.018403053433,0.0,0.0,0.0,1.179405110030139,False,1.0,0.0
2019-09-03 00:00:00+00:00,-0.0024040015075667,1.0,11776.36757269681,1.999573285107453,0.0029993599276611797,0.0,1.1765698183675948,True,1.0,0.0029993599276611797
2019-09-04 00:00:00+00:00,0.000542491497296238,1.0,11776.36757269681,0.0,0.0,0.0,1.1772080974900347,False,1.0,0.0
2019-09-05 00:00:00+00:00,0.00040614783781278696,1.0,11776.36757269681,0.0,0.0,0.0,1.1776862180134862,False,1.0,0.0
2019-09-06 00:00:00+00:00,0.0007289693832859268,1.0,11776.36757269681,0.0,0.0,0.0,1.1785447152095359,False,1.0,0.0
2019-09-07 00:00:00+00:00,0.0003417365211419998,1.0,11776.36757269681,0.0,0.0,0.0,1.1789474669805218,False,1.0,0.0
2019-09-08 00:00:00+00:00,0.00032463867715204486,1.0,11776.36757269681,0.0,0.0,0.0,1.1793301989266345,False,1.0,0.0
2019-09-09 00:00:00+00:00,0.0007049862298016407,1.0,11776.36757269681,0.0,0.0,0.0,1.180161610477267,False,1.0,0.0
2019-09-10 00:00:00+00:00,0.00043905865823656853,1.0,11776.36757269681,0.0,0.0,0.0,1.1806797706504655,False,1.0,0.0
2019-09-11 00:00:00+00:00,0.000299226797954244,1.0,11776.36757269681,0.0,0.0,0.0,1.1810330616776463,False,1.0,0.0
2019-09-12 00:00:00+00:00,0.00036893598860898713,1.0,11776.36757269681,0.0,0.0,0.0,1.1814687872778358,False,1.0,0.0
2019-09-13 00:00:00+00:00,0.0004156474830898649,1.0,11776.36757269681,0.0,0.0,0.0,1.1819598618056173,False,1.0,0.0
2019-09-14 00:00:00+00:00,0.0006127505925743737,1.0,11776.36757269681,0.0,0.0,0.0,1.182684108411338,False,1.0,0.0
2019-09-15 00:00:00+00:00,0.0004988618779908638,1.0,11776.36757269681,0.0,0.0,0.0,1.1832741044267299,False,1.0,0.0
2019-09-16 00:00:00+00:00,0.0007334887891661257,1.0,11776.36757269681,0.0,0.0,0.0,1.1841420227168376,False,1.0,0.0
2019-09-17 00:00:00+00:00,0.0005479729971633596,1.0,11776.36757269681,0.0,0.0,0.0,1.1847909005700932,False,1.0,0.0
2019-09-18 00:00:00+00:00,0.00058544343115563,1.0,11776.36757269681,0.0,0.0,0.0,1.185484528620125,False,1.0,0.0
2019-09-19 00:00:00+00:00,0.00035066318056475865,1.0,11776.36757269681,0.0,0.0,0.0,1.185900234395441,False,1.0,0.0
2019-09-20 00:00:00+00:00,0.000683205943891485,1.0,11776.36757269681,0.0,0.0,0.0,1.1867104484844426,False,1.0,0.0
2019-09-21 00:00:00+00:00,0.0002977061739295461,1.0,11776.36757269681,0.0,0.0,0.0,1.1870637395116233,False,1.0,0.0
2019-09-22 00:00:00+00:00,0.00029761757134116884,1.0,11776.36757269681,0.0,0.0,0.0,1.187417030538804,False,1.0,0.0
2019-09-23 00:00:00+00:00,0.00029752902147661686,1.0,11776.36757269681,0.0,0.0,0.0,1.187770321565985,False,1.0,0.0
2019-09-24 00:00:00+00:00,0.0002974405242885947,1.0,11776.36757269681,0.0,0.0,0.0,1.1881236125931656,False,1.0,0.0
2019-09-25 00:00:00+00:00,-0.0017742007423890982,0.0,0.0,0.9914585842962891,0.0014871878764444336,0.0,1.186015642797653,True,0.0,0.0014871878764444336
2019-09-26 00:00:00+00:00,-0.0011999999999999789,1.0,11860.15642797653,1.0,0.0015,0.0,1.1845924240262957,True,1.0,0.0015
2019-09-27 00:00:00+00:00,0.0003003604325189091,1.0,11860.15642797653,0.0,0.0,0.0,1.1849482287191349,False,1.0,0.0
2019-09-28 00:00:00+00:00,-0.0016204584125713017,0.0,0.0,1.0010200394201691,0.001501530059130254,0.0,1.1830280693934456,True,0.0,0.001501530059130254
2019-09-29 00:00:00+00:00,-0.004480680999999875,1.0,11793.78427799367,3.0015875162131977,0.004502381274319797,0.0,1.1777272980004478,True,1.0,0.004502381274319797
2019-09-30 00:00:00+00:00,-0.001650310434608504,0.0,0.0,1.0015504000192297,0.0015023256000288444,0.0,1.1757836823514345,True,0.0,0.0015023256000288444
2019-10-01 00:00:00+00:00,-0.001475000000000004,1.0,11757.836823514344,1.0,0.0015000000000000002,0.0,1.174049401419966,True,1.0,0.0015000000000000002
2019-10-02 00:00:00+00:00,-0.0018797726646803126,0.0,0.0,1.0018554362679681,0.0015027831544019523,0.0,1.1718424554481925,True,0.0,0.0015027831544019523
2019-10-03 00:00:00+00:00,-0.0014419999999999433,1.0,11718.424554481926,1.0,0.0014999999999999998,0.0,1.1701526586274362,True,1.0,0.0014999999999999998
2019-10-04 00:00:00+00:00,-0.0015021661235502526,0.0,0.0,1.001444082366773,0.0015021661235501593,0.0,1.1683948949442637,True,0.0,0.0015021661235501593
2019-10-05 00:00:00+00:00,-0.004704242212000054,1.0,11646.081270897494,3.001744036367316,0.004502616054550973,0.0,1.1628984823591817,True,1.0,0.004502616054550973
2019-10-06 00:00:00+00:00,0.0002183204944861128,1.0,11646.081270897494,0.0,0.0,0.0,1.1631523669308872,False,1.0,0.0
2019-10-07 00:00:00+00:00,0.00025131414267853813,1.0,11646.081270897494,0.0,0.0,0.0,1.1634446835707868,False,1.0,0.0
2019-10-08 00:00:00+00:00,0.0002582579997416623,1.0,11646.081270897494,0.0,0.0,0.0,1.163745152467576,False,1.0,0.0
2019-10-09 00:00:00+00:00,0.00030022246484651127,1.0,11646.081270897494,0.0,0.0,0.0,1.164094534905703,False,1.0,0.0
2019-10-10 00:00:00+00:00,0.0003001323583702309,1.0,11646.081270897494,0.0,0.0,0.0,1.1644439173438301,False,1.0,0.0
2019-10-11 00:00:00+00:00,0.0003000423059653645,1.0,11646.081270897494,0.0,0.0,0.0,1.164793299781957,False,1.0,0.0
2019-10-12 00:00:00+00:00,0.00028595453322943776,1.0,11646.081270897494,0.0,0.0,0.0,1.1651263777063048,False,1.0,0.0
2019-10-13 00:00:00+00:00,0.0002918701177976324,1.0,11646.081270897494,0.0,0.0,0.0,1.165466443279415,False,1.0,0.0
2019-10-14 00:00:00+00:00,0.0002987797992879404,1.0,11646.081270897494,0.0,0.0,0.0,1.165814661109415,False,1.0,0.0
2019-10-15 00:00:00+00:00,0.0002996895216555995,1.0,11646.081270897494,0.0,0.0,0.0,1.166164043547542,False,1.0,0.0
2019-10-16 00:00:00+00:00,0.0002995997347543522,1.0,11646.081270897494,0.0,0.0,0.0,1.1665134259856689,False,1.0,0.0
2019-10-17 00:00:00+00:00,0.00029951000163741526,1.0,11646.081270897494,0.0,0.0,0.0,1.166862808423796,False,1.0,0.0
2019-10-18 00:00:00+00:00,-9.781063860370143e-05,1.0,11646.081270897494,0.0,0.0,0.0,1.1667486768273414,False,1.0,0.0
2019-10-19 00:00:00+00:00,-0.0027953016355937166,1.0,11650.017646367067,1.9981653720461783,0.0029972480580692674,0.0,1.163487262342679,True,1.0,0.0029972480580692674
2019-10-20 00:00:00+00:00,-0.0014348653249223187,0.0,0.0,1.0012345221658303,0.0015018517832487456,0.0,1.1618178148139546,True,0.0,0.0015018517832487456
2019-10-21 00:00:00+00:00,-0.0011999999999997568,1.0,11618.178148139546,1.0,0.0015,0.0,1.1604236334361782,True,1.0,0.0015
2019-10-22 00:00:00+00:00,0.00030036043251913114,1.0,11618.178148139546,0.0,0.0,0.0,1.1607721787806227,False,1.0,0.0
2019-10-23 00:00:00+00:00,9.908918026235725e-05,1.0,11618.178148139546,0.0,0.0,0.0,1.1608871987442893,False,1.0,0.0
2019-10-24 00:00:00+00:00,-0.0015012024631729792,0.0,0.0,1.0008016421153338,0.0015012024631730007,0.0,1.1591444720220685,True,0.0,0.0015012024631730007
2019-10-25 00:00:00+00:00,0.0,0.0,0.0,0.0,0.0,0.0,1.1591444720220685,False,0.0,0.0
2019-10-26 00:00:00+00:00,-0.0010909999999999531,1.0,11591.444720220685,1.0,0.0015000000000000002,0.0,1.1578798454030925,True,1.0,0.0015000000000000002
2019-10-27 00:00:00+00:00,0.0003003276574744529,1.0,11591.444720220685,0.0,0.0,0.0,1.1582275887446989,False,1.0,0.0
2019-10-28 00:00:00+00:00,0.0005534377692753001,1.0,11591.444720220685,0.0,0.0,0.0,1.1588685956377272,False,1.0,0.0
2019-10-29 00:00:00+00:00,0.0008752082995748811,1.0,11591.444720220685,0.0,0.0,0.0,1.1598828470507463,False,1.0,0.0
2019-10-30 00:00:00+00:00,0.00029980902165305245,1.0,11591.444720220685,0.0,0.0,0.0,1.1602305903923527,False,1.0,0.0
2019-10-31 00:00:00+00:00,0.0002997191631439744,1.0,11591.444720220685,0.0,0.0,0.0,1.1605783337339592,False,1.0,0.0
2019-11-01 00:00:00+00:00,0.0002981467924179082,1.0,11605.783337339592,0.0012354717214799935,1.8532075822199902e-06,0.0,1.1609243564415117,True,1.0,1.8532075822199902e-06
2019-11-02 00:00:00+00:00,0.00029991058262202053,1.0,11605.783337339592,0.0,0.0,0.0,1.161272529941632,False,1.0,0.0
2019-11-03 00:00:00+00:00,0.0002998206632318645,1.0,11605.783337339592,0.0,0.0,0.0,1.1616207034417525,False,1.0,0.0
2019-11-04 00:00:00+00:00,0.00039264734504662613,1.0,11605.783337339592,0.0,0.0,0.0,1.16207681072691,False,1.0,0.0
2019-11-05 00:00:00+00:00,0.0006961012311283987,1.0,11605.783337339592,0.0,0.0,0.0,1.1628857338255225,False,1.0,0.0
2019-11-06 00:00:00+00:00,0.0006706666163180941,1.0,11605.783337339592,0.0,0.0,0.0,1.163665642465792,False,1.0,0.0
2019-11-07 00:00:00+00:00,0.0005405620256615506,1.0,11605.783337339592,0.0,0.0,0.0,1.164294675922676,False,1.0,0.0
2019-11-08 00:00:00+00:00,0.0004675029868104197,1.0,11605.783337339592,0.0,0.0,0.0,1.1648389871611973,False,1.0,0.0
2019-11-09 00:00:00+00:00,0.00029890268436916223,1.0,11605.783337339592,0.0,0.0,0.0,1.1651871606613176,False,1.0,0.0
2019-11-10 00:00:00+00:00,0.0002988133682513272,1.0,11605.783337339592,0.0,0.0,0.0,1.165535334161438,False,1.0,0.0
2019-11-11 00:00:00+00:00,0.0002987241054950296,1.0,11605.783337339592,0.0,0.0,0.0,1.1658835076615583,False,1.0,0.0
2019-11-12 00:00:00+00:00,0.00029863489605275184,1.0,11605.783337339592,0.0,0.0,0.0,1.1662316811616786,False,1.0,0.0
2019-11-13 00:00:00+00:00,0.00031048756947194,1.0,11605.783337339592,0.0,0.0,0.0,1.166593781601804,False,1.0,0.0
2019-11-14 00:00:00+00:00,0.00029845307390741205,1.0,11605.783337339592,0.0,0.0,0.0,1.1669419551019242,False,1.0,0.0
2019-11-15 00:00:00+00:00,0.00029836402624683345,1.0,11605.783337339592,0.0,0.0,0.0,1.1672901286020445,False,1.0,0.0
2019-11-16 00:00:00+00:00,0.00029827503170731795,1.0,11605.783337339592,0.0,0.0,0.0,1.167638302102165,False,1.0,0.0
2019-11-17 00:00:00+00:00,0.0002981860902417921,1.0,11605.783337339592,0.0,0.0,0.0,1.1679864756022853,False,1.0,0.0
2019-11-18 00:00:00+00:00,0.00039348830637964127,1.0,11605.783337339592,0.0,0.0,0.0,1.1684460646224442,False,1.0,0.0
2019-11-19 00:00:00+00:00,0.0002979799501769964,1.0,11605.783337339592,0.0,0.0,0.0,1.1687942381225644,False,1.0,0.0
2019-11-20 00:00:00+00:00,0.0002978911845763488,1.0,11605.783337339592,0.0,0.0,0.0,1.1691424116226847,False,1.0,0.0
2019-11-21 00:00:00+00:00,0.0002978024718451877,1.0,11605.783337339592,0.0,0.0,0.0,1.1694905851228052,False,1.0,0.0
2019-11-22 00:00:00+00:00,-0.0014181101241884653,0.0,0.0,0.9923094560520891,0.001488464184078134,0.0,1.1678321186838996,True,0.0,0.001488464184078134
2019-11-23 00:00:00+00:00,-0.003422999999999954,0.0,0.0,2.0019267050538185,0.0030028900575807278,0.0,1.1638346293416446,True,0.0,0.0030028900575807278
2019-11-24 00:00:00+00:00,-0.0015849999999999476,1.0,11638.346293416445,1.0,0.0014999999999999998,0.0,1.161989951454138,True,1.0,0.0014999999999999998
2019-11-25 00:00:00+00:00,-0.0031668768047355966,1.0,11602.441995101257,2.001587516213198,0.0030023812743197966,0.0,1.158310072429542,True,1.0,0.0030023812743197966
2019-11-26 00:00:00+00:00,-0.003152022537570187,1.0,11565.69706130277,2.0016697835291435,0.003002504675293715,0.0,1.1546590529757497,True,1.0,0.003002504675293715
2019-11-27 00:00:00+00:00,-0.0029003786254893082,1.0,11529.241984165543,2.00165473361994,0.00300248210042991,0.0,1.1513101045387713,True,1.0,0.00300248210042991
2019-11-28 00:00:00+00:00,0.00013218505908274558,1.0,11529.241984165543,0.0,0.0,0.0,1.1514622905329621,False,1.0,0.0
2019-11-29 00:00:00+00:00,-0.0015019044147980276,0.0,0.0,1.001269609865309,0.0015019044147979636,0.0,1.1497329042353372,True,0.0,0.0015019044147979636
2019-11-30 00:00:00+00:00,-0.002909999999999968,0.0,0.0,2.001411990907179,0.0030021179863607686,0.0,1.1463871814840123,True,0.0,0.0030021179863607686
2019-12-01 00:00:00+00:00,-0.003054000000000112,0.0,0.0,2.00155641867462,0.0030023346280119313,0.0,1.1428861150317602,True,0.0,0.0030023346280119313
2019-12-02 00:00:00+00:00,-0.0013150000000000661,1.0,11428.861150317602,1.0,0.0015,0.0,1.1413832197904934,True,1.0,0.0015
2019-12-03 00:00:00+00:00,-0.002934869353199532,1.0,11396.288896039196,2.001351824963701,0.0030020277374455517,0.0,1.138033409158474,True,1.0,0.0030020277374455517
2019-12-04 00:00:00+00:00,-3.004205888235134e-05,1.0,11396.288896039196,0.0,0.0,0.0,1.1379992202917857,False,1.0,0.0
2019-12-05 00:00:00+00:00,-0.0048870557897793265,0.0,0.0,3.0033256266924475,0.004504988440038672,0.0,1.1324377546134945,True,0.0,0.004504988440038672
2019-12-06 00:00:00+00:00,-0.0013420000000000654,1.0,11324.377546134945,1.0,0.0015,0.0,1.1309180231468032,True,1.0,0.0015
2019-12-07 00:00:00+00:00,0.000295396421998273,1.0,11324.377546134945,0.0,0.0,0.0,1.1312520922844143,False,1.0,0.0
2019-12-08 00:00:00+00:00,0.00018419284991377793,1.0,11324.377546134945,0.0,0.0,0.0,1.131460460831263,False,1.0,0.0
2019-12-09 00:00:00+00:00,0.0002972565323873244,1.0,11324.377546134945,0.0,0.0,0.0,1.1317967948443832,False,1.0,0.0
2019-12-10 00:00:00+00:00,0.0003001698961613286,1.0,11324.377546134945,0.0,0.0,0.0,1.1321365261707672,False,1.0,0.0
2019-12-11 00:00:00+00:00,-0.001407374361580449,0.0,0.0,1.0001730299341787,0.001500259544901268,0.0,1.130543186250026,True,0.0,0.001500259544901268
2019-12-12 00:00:00+00:00,-0.004448725799999886,1.0,11270.916379024047,3.0015554155603654,0.004502333123340548,0.0,1.1255137096093413,True,1.0,0.004502333123340548
2019-12-13 00:00:00+00:00,0.00029341077508515667,1.0,11270.916379024047,0.0,0.0,0.0,1.1258439474592465,False,1.0,0.0
2019-12-14 00:00:00+00:00,-0.0015457111021899284,0.0,0.0,1.0011523263276032,0.001501728489491405,0.0,1.1241037179703253,True,0.0,0.001501728489491405
2019-12-15 00:00:00+00:00,0.0,0.0,0.0,0.0,0.0,0.0,1.1241037179703253,False,0.0,0.0
2019-12-16 00:00:00+00:00,-0.0012100000000000444,1.0,11241.037179703253,1.0,0.0015,0.0,1.1227435524715812,True,1.0,0.0015
2019-12-17 00:00:00+00:00,-0.0014978123529472143,0.0,0.0,1.001207456192168,0.001501811184288252,0.0,1.1210618933094973,True,0.0,0.001501811184288252
2019-12-18 00:00:00+00:00,-0.003198000000000145,0.0,0.0,2.001700888108007,0.0030025513321620114,0.0,1.1174767373746934,True,0.0,0.0030025513321620114
2019-12-19 00:00:00+00:00,-0.004789126746999939,1.0,11137.544223624984,3.0018343587107994,0.0045027515380661985,0.0,1.112124999642582,True,1.0,0.0045027515380661985
2019-12-20 00:00:00+00:00,-0.003059104670132373,1.0,11102.772810558827,2.0016246351582265,0.00300243695273734,0.0,1.1087228928624044,True,1.0,0.00300243695273734
2019-12-21 00:00:00+00:00,-0.0030438168636088836,1.0,11070.308302860754,2.0014260306676706,0.0030021390460015064,0.0,1.1053481434240406,True,1.0,0.0030021390460015064
2019-12-22 00:00:00+00:00,-0.0028003305023635017,1.0,11036.875971786116,2.001522313917154,0.0030022834708757313,0.0,1.1022528033022794,True,1.0,0.0030022834708757313
2019-12-23 00:00:00+00:00,0.0003003905076601754,1.0,11036.875971786116,0.0,0.0,0.0,1.102583909581433,False,1.0,0.0
2019-12-24 00:00:00+00:00,0.00030030030030037125,1.0,11036.875971786116,0.0,0.0,0.0,1.1029150158605865,False,1.0,0.0
2019-12-25 00:00:00+00:00,0.0003002101471030194,1.0,11036.875971786116,0.0,0.0,0.0,1.10324612213974,False,1.0,0.0
2019-12-26 00:00:00+00:00,0.00030012004801927006,1.0,11036.875971786116,0.0,0.0,0.0,1.1035772284188938,False,1.0,0.0
2019-12-27 00:00:00+00:00,0.00030003000300005134,1.0,11036.875971786116,0.0,0.0,0.0,1.1039083346980474,False,1.0,0.0
2019-12-28 00:00:00+00:00,0.00029994001199762366,1.0,11036.875971786116,0.0,0.0,0.0,1.104239440977201,False,1.0,0.0
2019-12-29 00:00:00+00:00,0.00029985007496247107,1.0,11036.875971786116,0.0,0.0,0.0,1.1045705472563545,False,1.0,0.0
2019-12-30 00:00:00+00:00,0.0002997601918464099,1.0,11036.875971786116,0.0,0.0,0.0,1.104901653535508,False,1.0,0.0
2019-12-31 00:00:00+00:00,0.00029967036260125646,1.0,11036.875971786116,0.0,0.0,0.0,1.1052327598146616,False,1.0,0.0
2020-01-01 00:00:00+00:00,0.0002979029358900487,1.0,11052.327598146616,0.0013980427401637278,2.0970641102455915e-06,0.0,1.105562011898652,True,1.0,2.0970641102455915e-06
2020-01-02 00:00:00+00:00,0.0002999106557353137,1.0,11052.327598146616,0.0,0.0,0.0,1.1058935817265967,False,1.0,0.0
2020-01-03 00:00:00+00:00,-0.0014991036815076297,0.0,0.0,0.9994024543384153,0.001499103681507623,0.0,1.1042357325868746,True,0.0,0.001499103681507623
2020-01-04 00:00:00+00:00,-0.0011999999999998678,1.0,11042.357325868747,1.0,0.0015,0.0,1.1029106497077705,True,1.0,0.0015
2020-01-05 00:00:00+00:00,0.00030036043251913114,1.0,11042.357325868747,0.0,0.0,0.0,1.103241920427547,False,1.0,0.0
2020-01-06 00:00:00+00:00,0.0003002702432191029,1.0,11042.357325868747,0.0,0.0,0.0,1.1035731911473232,False,1.0,0.0
2020-01-07 00:00:00+00:00,0.00030018010806509565,1.0,11042.357325868747,0.0,0.0,0.0,1.1039044618670997,False,1.0,0.0
2020-01-08 00:00:00+00:00,0.00030009002700848164,1.0,11042.357325868747,0.0,0.0,0.0,1.104235732586876,False,1.0,0.0
2020-01-09 00:00:00+00:00,0.000300000000000189,1.0,11042.357325868747,0.0,0.0,0.0,1.1045670033066524,False,1.0,0.0
2020-01-10 00:00:00+00:00,0.0002999100269922561,1.0,11042.357325868747,0.0,0.0,0.0,1.1048982740264286,False,1.0,0.0
2020-01-11 00:00:00+00:00,0.0002998201079356111,1.0,11042.357325868747,0.0,0.0,0.0,1.1052295447462048,False,1.0,0.0
2020-01-12 00:00:00+00:00,0.00029973024278184823,1.0,11042.357325868747,0.0,0.0,0.0,1.1055608154659813,False,1.0,0.0
2020-01-13 00:00:00+00:00,0.00029964043148233976,1.0,11042.357325868747,0.0,0.0,0.0,1.1058920861857575,False,1.0,0.0
2020-01-14 00:00:00+00:00,0.00048227658512267624,1.0,11042.357325868747,0.0,0.0,0.0,1.1064254320445972,False,1.0,0.0
2020-01-15 00:00:00+00:00,0.0007664800700213359,1.0,11042.357325868747,0.0,0.0,0.0,1.1072734850872241,False,1.0,0.0
2020-01-16 00:00:00+00:00,0.0005205679176587541,1.0,11042.357325868747,0.0,0.0,0.0,1.1078498961396346,False,1.0,0.0
2020-01-17 00:00:00+00:00,0.0010256430702311192,1.0,11042.357325868747,0.0,0.0,0.0,1.1089861547084665,False,1.0,0.0
2020-01-18 00:00:00+00:00,0.0005167768260943006,1.0,11042.357325868747,0.0,0.0,0.0,1.1095592530536793,False,1.0,0.0
2020-01-19 00:00:00+00:00,0.00039310484155863357,1.0,11042.357325868747,0.0,0.0,0.0,1.109995426168051,False,1.0,0.0
2020-01-20 00:00:00+00:00,0.00029844331964512527,1.0,11042.357325868747,0.0,0.0,0.0,1.1103266968878274,False,1.0,0.0
2020-01-21 00:00:00+00:00,0.0004127234176285466,1.0,11042.357325868747,0.0,0.0,0.0,1.1107849547168511,False,1.0,0.0
2020-01-22 00:00:00+00:00,0.0005189222720050068,1.0,11042.357325868747,0.0,0.0,0.0,1.1113613657692616,False,1.0,0.0
2020-01-23 00:00:00+00:00,0.00029807651226687604,1.0,11042.357325868747,0.0,0.0,0.0,1.111692636489038,False,1.0,0.0
2020-01-24 00:00:00+00:00,0.0005373711327407715,1.0,11042.357325868747,0.0,0.0,0.0,1.1122900280203676,False,1.0,0.0
2020-01-25 00:00:00+00:00,0.0002978276451566231,1.0,11042.357325868747,0.0,0.0,0.0,1.1126212987401438,False,1.0,0.0
2020-01-26 00:00:00+00:00,0.00029773897026008633,1.0,11042.357325868747,0.0,0.0,0.0,1.1129525694599203,False,1.0,0.0
2020-01-27 00:00:00+00:00,0.0002976503481519899,1.0,11042.357325868747,0.0,0.0,0.0,1.1132838401796965,False,1.0,0.0
2020-01-28 00:00:00+00:00,0.0011247835238064052,1.0,11042.357325868747,0.0,0.0,0.0,1.1145360435004503,False,1.0,0.0
2020-01-29 00:00:00+00:00,0.0014970356514432126,1.0,11042.357325868747,0.0,0.0,0.0,1.1162045436923889,False,1.0,0.0
2020-01-30 00:00:00+00:00,0.001470065955112343,1.0,11042.357325868747,0.0,0.0,0.0,1.1178454379910128,False,1.0,0.0
2020-01-31 00:00:00+00:00,0.0010421554342725514,1.0,11042.357325868747,0.0,0.0,0.0,1.119010406688892,False,1.0,0.0
2020-02-01 00:00:00+00:00,0.0004631949910200994,1.0,11190.10406688892,0.013203339319904115,1.9805008979856173e-05,0.0,1.1195287267041696,True,1.0,1.9805008979856173e-05
2020-02-02 00:00:00+00:00,0.0005637388789752062,1.0,11190.10406688892,0.0,0.0,0.0,1.1201598485735422,False,1.0,0.0
2020-02-03 00:00:00+00:00,0.0007542252635870383,1.0,11190.10406688892,0.0,0.0,0.0,1.1210047014305922,False,1.0,0.0
2020-02-04 00:00:00+00:00,0.0003114449443799572,1.0,11190.10406688892,0.0,0.0,0.0,1.121353832677479,False,1.0,0.0
2020-02-05 00:00:00+00:00,0.0006915517557766204,1.0,11190.10406688892,0.0,0.0,0.0,1.1221293068893141,False,1.0,0.0
2020-02-06 00:00:00+00:00,0.0024362098082255645,1.0,11190.10406688892,0.0,0.0,0.0,1.1248630493128553,False,1.0,0.0
2020-02-07 00:00:00+00:00,0.001539945783277874,1.0,11190.10406688892,0.0,0.0,0.0,1.1265952774224097,False,1.0,0.0
2020-02-08 00:00:00+00:00,0.0008184523702434721,1.0,11190.10406688892,0.0,0.0,0.0,1.1275173419975213,False,1.0,0.0
2020-02-09 00:00:00+00:00,0.0013566862069134267,1.0,11190.10406688892,0.0,0.0,0.0,1.1290470292234651,False,1.0,0.0
2020-02-10 00:00:00+00:00,0.0018811277979771113,1.0,11190.10406688892,0.0,0.0,0.0,1.131170910975361,False,1.0,0.0
2020-02-11 00:00:00+00:00,0.001035744364034974,1.0,11190.10406688892,0.0,0.0,0.0,1.1323425148711639,False,1.0,0.0
2020-02-12 00:00:00+00:00,0.002244261431691985,1.0,11190.10406688892,0.0,0.0,0.0,1.1348837875047544,False,1.0,0.0
2020-02-13 00:00:00+00:00,0.001832998558036092,1.0,11190.10406688892,0.0,0.0,0.0,1.136964027850789,False,1.0,0.0
2020-02-14 00:00:00+00:00,0.0016052451340609064,1.0,11190.10406688892,0.0,0.0,0.0,1.1387891338240987,False,1.0,0.0
2020-02-15 00:00:00+00:00,0.0006013706563865462,1.0,11190.10406688892,0.0,0.0,0.0,1.1394739681929922,False,1.0,0.0
2020-02-16 00:00:00+00:00,0.00029461236621197706,1.0,11190.10406688892,0.0,0.0,0.0,1.1398096713149986,False,1.0,0.0
2020-02-17 00:00:00+00:00,0.0011044709824867827,1.0,11190.10406688892,0.0,0.0,0.0,1.1410685580225237,False,1.0,0.0
2020-02-18 00:00:00+00:00,0.000600169344846746,1.0,11190.10406688892,0.0,0.0,0.0,1.1417533923914172,False,1.0,0.0
2020-02-19 00:00:00+00:00,0.0013525112966787933,1.0,11190.10406688892,0.0,0.0,0.0,1.143297626752648,False,1.0,0.0
2020-02-20 00:00:00+00:00,0.00041695042663869586,1.0,11190.10406688892,0.0,0.0,0.0,1.1437743251858972,False,1.0,0.0
2020-02-21 00:00:00+00:00,0.00029350468410949127,1.0,11190.10406688892,0.0,0.0,0.0,1.1441100283079038,False,1.0,0.0
2020-02-22 00:00:00+00:00,0.0002934185643868048,1.0,11190.10406688892,0.0,0.0,0.0,1.1444457314299101,False,1.0,0.0
2020-02-23 00:00:00+00:00,0.0002933324951870375,1.0,11190.10406688892,0.0,0.0,0.0,1.1447814345519165,False,1.0,0.0
2020-02-24 00:00:00+00:00,0.0002932464764662246,1.0,11190.10406688892,0.0,0.0,0.0,1.145117137673923,False,1.0,0.0
2020-02-25 00:00:00+00:00,0.00036254182844985827,1.0,11190.10406688892,0.0,0.0,0.0,1.1455322905348044,False,1.0,0.0
2020-02-26 00:00:00+00:00,0.001475039794217592,1.0,11190.10406688892,0.0,0.0,0.0,1.1472219962489048,False,1.0,0.0
2020-02-27 00:00:00+00:00,0.0003121308093037012,1.0,11190.10406688892,0.0,0.0,0.0,1.147580079579045,False,1.0,0.0
2020-02-28 00:00:00+00:00,0.0002925313256827433,1.0,11190.10406688892,0.0,0.0,0.0,1.1479157827010515,False,1.0,0.0
2020-02-29 00:00:00+00:00,0.0004269708331532396,1.0,11190.10406688892,0.0,0.0,0.0,1.1484059092591812,False,1.0,0.0
2020-03-01 00:00:00+00:00,0.000261604818035277,1.0,11484.059092591811,0.025596787976519313,3.839518196477897e-05,0.0,1.1487063377781037,True,1.0,3.839518196477897e-05
2020-03-02 00:00:00+00:00,0.0006088407243332039,1.0,11484.059092591811,0.0,0.0,0.0,1.1494057169768426,False,1.0,0.0
2020-03-03 00:00:00+00:00,0.00029973904574309707,1.0,11484.059092591811,0.0,0.0,0.0,1.1497502387496206,False,1.0,0.0
2020-03-04 00:00:00+00:00,0.000299649229168919,1.0,11484.059092591811,0.0,0.0,0.0,1.1500947605223986,False,1.0,0.0
2020-03-05 00:00:00+00:00,0.00029955946640569664,1.0,11484.059092591811,0.0,0.0,0.0,1.1504392822951766,False,1.0,0.0
2020-03-06 00:00:00+00:00,0.00029946975740502424,1.0,11484.059092591811,0.0,0.0,0.0,1.1507838040679546,False,1.0,0.0
2020-03-07 00:00:00+00:00,0.00029938010211827404,1.0,11484.059092591811,0.0,0.0,0.0,1.1511283258407325,False,1.0,0.0
2020-03-08 00:00:00+00:00,0.0002992905004979285,1.0,11484.059092591811,0.0,0.0,0.0,1.1514728476135105,False,1.0,0.0
2020-03-09 00:00:00+00:00,0.00029920095249491574,1.0,11484.059092591811,0.0,0.0,0.0,1.1518173693862885,False,1.0,0.0
2020-03-10 00:00:00+00:00,0.00015553795819212013,1.0,11484.059092591811,0.0,0.0,0.0,1.151996520708133,False,1.0,0.0
2020-03-11 00:00:00+00:00,-0.0028403105081703517,1.0,11502.739118442443,1.9968831403702982,0.0029953247105554475,0.0,1.14872449288499,True,1.0,0.0029953247105554475
2020-03-12 00:00:00+00:00,-0.001493011085932916,1.0,11502.739118442443,0.0,0.0,0.0,1.1470094344824304,False,1.0,0.0
2020-03-13 00:00:00+00:00,-0.0015042691157505228,0.0,0.0,1.002846077167,0.0015042691157505,0.0,1.145284023614664,True,0.0,0.0015042691157505
2020-03-14 00:00:00+00:00,0.0,0.0,0.0,0.0,0.0,0.0,1.145284023614664,False,0.0,0.0
2020-03-15 00:00:00+00:00,0.0,0.0,0.0,0.0,0.0,0.0,1.145284023614664,False,0.0,0.0
2020-03-16 00:00:00+00:00,0.0,0.0,0.0,0.0,0.0,0.0,1.145284023614664,False,0.0,0.0
2020-03-17 00:00:00+00:00,0.0,0.0,0.0,0.0,0.0,0.0,1.145284023614664,False,0.0,0.0
2020-03-18 00:00:00+00:00,0.0,0.0,0.0,0.0,0.0,0.0,1.145284023614664,False,0.0,0.0
2020-03-19 00:00:00+00:00,0.0,0.0,0.0,0.0,0.0,0.0,1.145284023614664,False,0.0,0.0
2020-03-20 00:00:00+00:00,0.0,0.0,0.0,0.0,0.0,0.0,1.145284023614664,False,0.0,0.0
2020-03-21 00:00:00+00:00,0.0,0.0,0.0,0.0,0.0,0.0,1.145284023614664,False,0.0,0.0
2020-03-22 00:00:00+00:00,0.0,0.0,0.0,0.0,0.0,0.0,1.145284023614664,False,0.0,0.0
2020-03-23 00:00:00+00:00,0.0,0.0,0.0,0.0,0.0,0.0,1.145284023614664,False,0.0,0.0
2020-03-24 00:00:00+00:00,0.0,0.0,0.0,0.0,0.0,0.0,1.145284023614664,False,0.0,0.0
2020-03-25 00:00:00+00:00,0.0,0.0,0.0,0.0,0.0,0.0,1.145284023614664,False,0.0,0.0
2020-03-26 00:00:00+00:00,0.0,0.0,0.0,0.0,0.0,0.0,1.145284023614664,False,0.0,0.0
2020-03-27 00:00:00+00:00,-0.005493837340000085,1.0,11414.072371947283,3.0018885599354785,0.004502832839903218,0.0,1.138992019480824,True,1.0,0.004502832839903218
2020-03-28 00:00:00+00:00,-0.0015031807304256573,0.0,0.0,1.002120486950387,0.0015031807304255807,0.0,1.137279908625032,True,0.0,0.0015031807304255807
2020-03-29 00:00:00+00:00,0.0,0.0,0.0,0.0,0.0,0.0,1.137279908625032,False,0.0,0.0
2020-03-30 00:00:00+00:00,0.0,0.0,0.0,0.0,0.0,0.0,1.137279908625032,False,0.0,0.0
2020-03-31 00:00:00+00:00,-0.0015999999999997128,1.0,11372.79908625032,1.0,0.0015,0.0,1.135460260771232,True,1.0,0.0015
2020-04-01 00:00:00+00:00,-0.0015024038461537437,0.0,0.0,1.0016025641025639,0.001502403846153846,0.0,1.1337543409082946,True,0.0,0.001502403846153846
2020-04-02 00:00:00+00:00,-0.0013999999999999568,1.0,11337.543409082946,1.0,0.0014999999999999998,0.0,1.132167084831023,True,1.0,0.0014999999999999998
2020-04-03 00:00:00+00:00,-0.0017264169837772902,0.0,0.0,1.0016266416660657,0.0015024399624990984,0.0,1.1302124923472971,True,0.0,0.0015024399624990984
2020-04-04 00:00:00+00:00,0.0,0.0,0.0,0.0,0.0,0.0,1.1302124923472971,False,0.0,0.0
2020-04-05 00:00:00+00:00,-0.0014000000000000679,1.0,11302.124923472971,1.0,0.0015,0.0,1.1286301948580109,True,1.0,0.0015
2020-04-06 00:00:00+00:00,0.00020729020628884598,1.0,11302.124923472971,0.0,0.0,0.0,1.1288641488439268,False,1.0,0.0
2020-04-07 00:00:00+00:00,0.00014216960834279035,1.0,11302.124923472971,0.0,0.0,0.0,1.1290246390178402,False,1.0,0.0
2020-04-08 00:00:00+00:00,-0.002899475949222685,1.0,11273.293202793193,2.001052105763157,0.0030015781586447353,0.0,1.1257510592309283,True,1.0,0.0030015781586447353
2020-04-09 00:00:00+00:00,-0.0015191267774883332,0.0,0.0,1.001419010738216,0.001502128516107324,0.0,1.1240409006520646,True,0.0,0.001502128516107324
2020-04-10 00:00:00+00:00,0.0,0.0,0.0,0.0,0.0,0.0,1.1240409006520646,False,0.0,0.0
2020-04-11 00:00:00+00:00,0.0,0.0,0.0,0.0,0.0,0.0,1.1240409006520646,False,0.0,0.0
2020-04-12 00:00:00+00:00,0.0,0.0,0.0,0.0,0.0,0.0,1.1240409006520646,False,0.0,0.0
2020-04-13 00:00:00+00:00,0.0,0.0,0.0,0.0,0.0,0.0,1.1240409006520646,False,0.0,0.0
2020-04-14 00:00:00+00:00,0.0,0.0,0.0,0.0,0.0,0.0,1.1240409006520646,False,0.0,0.0
2020-04-15 00:00:00+00:00,-0.0032040000000000957,0.0,0.0,2.0017069085722072,0.0030025603628583107,0.0,1.1204394736063754,True,0.0,0.0030025603628583107
2020-04-16 00:00:00+00:00,0.0,0.0,0.0,0.0,0.0,0.0,1.1204394736063754,False,0.0,0.0
2020-04-17 00:00:00+00:00,-0.0012169999999999126,1.0,11204.394736063754,1.0,0.0015,0.0,1.1190758987669966,True,1.0,0.0015
2020-04-18 00:00:00+00:00,-0.001610960538976025,0.0,0.0,1.0013277606105695,0.0015019916409158543,0.0,1.1172731116539638,True,0.0,0.0015019916409158543
2020-04-19 00:00:00+00:00,-0.002917999999999976,0.0,0.0,2.0014200135792555,0.0030021300203688832,0.0,1.1140129087141575,True,0.0,0.0030021300203688832
2020-04-20 00:00:00+00:00,-0.0013999999999999568,1.0,11140.129087141575,1.0,0.0015000000000000002,0.0,1.1124532906419577,True,1.0,0.0015000000000000002
2020-04-21 00:00:00+00:00,-0.0019887842980172987,0.0,0.0,1.0018895637171705,0.001502834345575756,0.0,1.1102408610052514,True,0.0,0.001502834345575756
2020-04-22 00:00:00+00:00,0.0,0.0,0.0,0.0,0.0,0.0,1.1102408610052514,False,0.0,0.0
2020-04-23 00:00:00+00:00,-0.0015159999999999618,1.0,11102.408610052515,1.0,0.0014999999999999998,0.0,1.1085577358599676,True,1.0,0.0014999999999999998
2020-04-24 00:00:00+00:00,-0.0028003244919299064,1.0,11068.923745684597,2.0015183017454463,0.003002277452618169,0.0,1.1054534144815205,True,1.0,0.003002277452618169
2020-04-25 00:00:00+00:00,0.0002713527585860298,1.0,11068.923745684597,0.0,0.0,0.0,1.1057533823150285,False,1.0,0.0
2020-04-26 00:00:00+00:00,-0.00165270062894729,0.0,0.0,1.0011813940449734,0.0015017720910674602,0.0,1.1039259030046158,True,0.0,0.0015017720910674602
2020-04-27 00:00:00+00:00,-0.004687098459999928,1.0,11004.794463354354,3.001624635158227,0.00450243695273734,0.0,1.0987516936046888,True,1.0,0.00450243695273734
2020-04-28 00:00:00+00:00,-0.00290025540097949,1.0,10971.009744351857,2.0015724687759784,0.0030023587031639673,0.0,1.0955650330709765,True,1.0,0.0030023587031639673
2020-04-29 00:00:00+00:00,-0.003122999999999987,1.0,10936.747280920246,2.0016256384111415,0.0030024384576167124,0.0,1.0921435834726958,True,1.0,0.0030024384576167124
2020-04-30 00:00:00+00:00,0.0003004205888244016,1.0,10936.747280920246,0.0,0.0,0.0,1.0924716858911234,False,1.0,0.0
2020-05-01 00:00:00+00:00,0.0002983481830016732,1.0,10924.716858911233,0.0011012113324657708,1.6518169986986563e-06,0.0,1.0927976228335896,True,1.0,1.6518169986986563e-06
2020-05-02 00:00:00+00:00,0.000299910522240765,1.0,10924.716858911233,0.0,0.0,0.0,1.093125364339357,False,1.0,0.0
2020-05-03 00:00:00+00:00,0.0002998206028872463,1.0,10924.716858911233,0.0,0.0,0.0,1.0934531058451247,False,1.0,0.0
2020-05-04 00:00:00+00:00,-0.0030882199667542354,1.0,10917.586822603074,1.9991533692080614,0.0029987300538120926,0.0,1.0900762821309442,True,1.0,0.0029987300538120926
2020-05-05 00:00:00+00:00,-0.002800362057931216,1.0,10884.386441075538,2.0015433783460312,0.003002315067519047,0.0,1.087023673870214,True,1.0,0.003002315067519047
2020-05-06 00:00:00+00:00,0.00023931110443586867,1.0,10884.386441075538,0.0,0.0,0.0,1.0872838107061553,False,1.0,0.0
2020-05-07 00:00:00+00:00,0.0003003186380747813,1.0,10884.386441075538,0.0,0.0,0.0,1.0876103422993875,False,1.0,0.0
2020-05-08 00:00:00+00:00,0.00030022847386845797,1.0,10884.386441075538,0.0,0.0,0.0,1.0879368738926194,False,1.0,0.0
2020-05-09 00:00:00+00:00,0.0003001383637857291,1.0,10884.386441075538,0.0,0.0,0.0,1.0882634054858513,False,1.0,0.0
2020-05-10 00:00:00+00:00,-0.001574253454805996,0.0,0.0,1.000235055237982,0.0015003525828569727,0.0,1.0865502030600263,True,0.0,0.0015003525828569727
2020-05-11 00:00:00+00:00,-0.00130000000000019,1.0,10865.502030600263,1.0,0.0015000000000000002,0.0,1.085137687796048,True,1.0,0.0015000000000000002
2020-05-12 00:00:00+00:00,-0.001997596875938923,0.0,0.0,1.0017982278189352,0.001502697341728403,0.0,1.0829700201409431,True,0.0,0.001502697341728403
2020-05-13 00:00:00+00:00,-0.004463704799999801,1.0,10796.474681191508,3.0015704624851764,0.004502355693727765,0.0,1.078135961663784,True,1.0,0.004502355693727765
2020-05-14 00:00:00+00:00,0.0002853995593832259,1.0,10796.474681191508,0.0,0.0,0.0,1.0784436611921981,False,1.0,0.0
2020-05-15 00:00:00+00:00,0.00030033487338387843,1.0,10796.474681191508,0.0,0.0,0.0,1.078767555432634,False,1.0,0.0
2020-05-16 00:00:00+00:00,0.00030024469943001897,1.0,10796.474681191508,0.0,0.0,0.0,1.0790914496730697,False,1.0,0.0
2020-05-17 00:00:00+00:00,0.00030015457960841374,1.0,10796.474681191508,0.0,0.0,0.0,1.0794153439135055,False,1.0,0.0
2020-05-18 00:00:00+00:00,0.0005051085983485137,1.0,10796.474681191508,0.0,0.0,0.0,1.0799605658849056,False,1.0,0.0
2020-05-19 00:00:00+00:00,0.0002999130252228088,1.0,10796.474681191508,0.0,0.0,0.0,1.0802844601253414,False,1.0,0.0
2020-05-20 00:00:00+00:00,0.0002998231043684907,1.0,10796.474681191508,0.0,0.0,0.0,1.0806083543657772,False,1.0,0.0
2020-05-21 00:00:00+00:00,0.00022579903885522334,1.0,10796.474681191508,0.0,0.0,0.0,1.080852354693572,False,1.0,0.0
2020-05-22 00:00:00+00:00,0.00023274026186781427,1.0,10796.474681191508,0.0,0.0,0.0,1.0811039125536437,False,1.0,0.0
2020-05-23 00:00:00+00:00,-0.0015938498964895853,0.0,0.0,0.9987485680442404,0.0014981228520663608,0.0,1.0793807951945256,True,0.0,0.0014981228520663608
2020-05-24 00:00:00+00:00,-0.0012839999999998408,1.0,10793.807951945257,1.0,0.0015,0.0,1.0779948702534958,True,1.0,0.0015
2020-05-25 00:00:00+00:00,-0.0016941753211121569,0.0,0.0,1.0014781817963316,0.0015022172726944973,0.0,1.0761685579480265,True,0.0,0.0015022172726944973
2020-05-26 00:00:00+00:00,-0.0014049999999999896,1.0,10761.685579480265,1.0,0.0015,0.0,1.0746565411241096,True,1.0,0.0015
2020-05-27 00:00:00+00:00,-0.0030090080563190957,1.0,10729.249859143712,2.001516295671647,0.0030022744435074704,0.0,1.071422890934091,True,1.0,0.0030022744435074704
2020-05-28 00:00:00+00:00,0.0003004205888244016,1.0,10729.249859143712,0.0,0.0,0.0,1.0717447684298653,False,1.0,0.0
2020-05-29 00:00:00+00:00,0.00030033036339971453,1.0,10729.249859143712,0.0,0.0,0.0,1.0720666459256396,False,1.0,0.0
2020-05-30 00:00:00+00:00,0.000300240192153689,1.0,10729.249859143712,0.0,0.0,0.0,1.0723885234214139,False,1.0,0.0
2020-05-31 00:00:00+00:00,0.0003001500750372532,1.0,10729.249859143712,0.0,0.0,0.0,1.072710400917188,False,1.0,0.0
2020-06-01 00:00:00+00:00,0.0002996999399877964,1.0,10727.10400917188,0.00020004000800189674,3.000600120028451e-07,0.0,1.073031892159967,True,1.0,3.000600120028451e-07
2020-06-02 00:00:00+00:00,0.0026112174182963965,1.0,10727.10400917188,0.0,0.0,0.0,1.0758338117271626,False,1.0,0.0
2020-06-03 00:00:00+00:00,0.0002991290260327961,1.0,10727.10400917188,0.0,0.0,0.0,1.0761556248474378,False,1.0,0.0
2020-06-04 00:00:00+00:00,0.0002990395746160779,1.0,10727.10400917188,0.0,0.0,0.0,1.0764774379677127,False,1.0,0.0
2020-06-05 00:00:00+00:00,0.00029895017668235546,1.0,10727.10400917188,0.0,0.0,0.0,1.0767992510879876,False,1.0,0.0
2020-06-06 00:00:00+00:00,0.0002988608321836672,1.0,10727.10400917188,0.0,0.0,0.0,1.0771210642082625,False,1.0,0.0
2020-06-07 00:00:00+00:00,0.00029877154107227355,1.0,10727.10400917188,0.0,0.0,0.0,1.0774428773285376,False,1.0,0.0
2020-06-08 00:00:00+00:00,-0.003088041006494846,1.0,10755.860156245499,1.995836705544892,0.0029937550583173382,0.0,1.0741156895411912,True,1.0,0.0029937550583173382
2020-06-09 00:00:00+00:00,0.0003004106613739843,1.0,10755.860156245499,0.0,0.0,0.0,1.0744383653458784,False,1.0,0.0
2020-06-10 00:00:00+00:00,0.000300320441911639,1.0,10755.860156245499,0.0,0.0,0.0,1.0747610411505657,False,1.0,0.0
2020-06-11 00:00:00+00:00,0.00030023027662218205,1.0,10755.860156245499,0.0,0.0,0.0,1.075083716955253,False,1.0,0.0
2020-06-12 00:00:00+00:00,-0.0016347634345238449,0.0,0.0,1.0006013614182125,0.001500902042127319,0.0,1.0733262094057225,True,0.0,0.001500902042127319
2020-06-13 00:00:00+00:00,-0.0011999999999998678,1.0,10733.262094057225,1.0,0.0015000000000000002,0.0,1.0720382179544357,True,1.0,0.0015000000000000002
2020-06-14 00:00:00+00:00,-0.003003678814577526,1.0,10703.16602714549,2.0013057026362375,0.0030019585539543567,0.0,1.0688181594707484,True,1.0,0.0030019585539543567
2020-06-15 00:00:00+00:00,0.0001742439415182151,1.0,10703.16602714549,0.0,0.0,0.0,1.0690043945596208,False,1.0,0.0
2020-06-16 00:00:00+00:00,-0.0027998888637470465,1.0,10673.989196555489,2.001227504921033,0.00300184125738155,0.0,1.0660113010599965,True,1.0,0.00300184125738155
2020-06-17 00:00:00+00:00,0.00029838790427527684,1.0,10673.989196555489,0.0,0.0,0.0,1.0663293859380538,False,1.0,0.0
2020-06-18 00:00:00+00:00,0.0003003009015032365,1.0,10673.989196555489,0.0,0.0,0.0,1.0666496056139503,False,1.0,0.0
2020-06-19 00:00:00+00:00,0.0003002107479450622,1.0,10673.989196555489,0.0,0.0,0.0,1.0669698252898467,False,1.0,0.0
2020-06-20 00:00:00+00:00,0.00030012064850049036,1.0,10673.989196555489,0.0,0.0,0.0,1.067290044965743,False,1.0,0.0
2020-06-21 00:00:00+00:00,0.0003000306031211153,1.0,10673.989196555489,0.0,0.0,0.0,1.0676102646416394,False,1.0,0.0
2020-06-22 00:00:00+00:00,0.00029994061175897535,1.0,10673.989196555489,0.0,0.0,0.0,1.067930484317536,False,1.0,0.0
2020-06-23 00:00:00+00:00,0.00036981583171558086,1.0,10673.989196555489,0.0,0.0,0.0,1.0683254219178082,False,1.0,0.0
2020-06-24 00:00:00+00:00,0.00029973982583109127,1.0,10673.989196555489,0.0,0.0,0.0,1.0686456415937047,False,1.0,0.0
2020-06-25 00:00:00+00:00,0.00027667684144883076,1.0,10673.989196555489,0.0,0.0,0.0,1.0689413110944492,False,1.0,0.0
2020-06-26 00:00:00+00:00,0.00029956712550349707,1.0,10673.989196555489,0.0,0.0,0.0,1.0692615307703457,False,1.0,0.0
2020-06-27 00:00:00+00:00,0.0002994774119158272,1.0,10673.989196555489,0.0,0.0,0.0,1.069581750446242,False,1.0,0.0
2020-06-28 00:00:00+00:00,-0.0015149020253582002,0.0,0.0,0.9979771004174562,0.0014969656506261843,0.0,1.0679614388862049,True,0.0,0.0014969656506261843
2020-06-29 00:00:00+00:00,-0.001202999999999954,1.0,10679.614388862048,1.0,0.0015000000000000002,0.0,1.0666766812752249,True,1.0,0.0015000000000000002
2020-06-30 00:00:00+00:00,0.00030036133468547277,1.0,10679.614388862048,0.0,0.0,0.0,1.0669970697068907,False,1.0,0.0
2020-07-01 00:00:00+00:00,-0.0015063557242188663,0.0,0.0,1.0009101719105942,0.0015013652578658913,0.0,1.065389792563213,True,0.0,0.0015013652578658913
2020-07-02 00:00:00+00:00,-0.0011999999999997568,1.0,10653.897925632129,1.0,0.0015,0.0,1.0641113248121374,True,1.0,0.0015
2020-07-03 00:00:00+00:00,-0.0029816832198635845,1.0,10624.258781603025,2.001283645633702,0.0030019254684505534,0.0,1.0609384819308783,True,1.0,0.0030019254684505534
2020-07-04 00:00:00+00:00,-0.0014650510715001897,0.0,0.0,1.001364860304595,0.0015020472904568928,0.0,1.0593841528711296,True,0.0,0.0015020472904568928
2020-07-05 00:00:00+00:00,-0.0013759999999999328,1.0,10593.841528711297,1.0,0.0015,0.0,1.057926440276779,True,1.0,0.0015
2020-07-06 00:00:00+00:00,-0.002800114157080147,1.0,10563.373640474723,2.0013778959848754,0.003002066843977313,0.0,1.0549641254742106,True,1.0,0.003002066843977313
2020-07-07 00:00:00+00:00,0.0003003905076601754,1.0,10563.373640474723,0.0,0.0,0.0,1.0552810266834247,False,1.0,0.0
2020-07-08 00:00:00+00:00,0.0003003003003001492,1.0,10563.373640474723,0.0,0.0,0.0,1.0555979278926388,False,1.0,0.0
2020-07-09 00:00:00+00:00,0.00030021014710279736,1.0,10563.373640474723,0.0,0.0,0.0,1.055914829101853,False,1.0,0.0
2020-07-10 00:00:00+00:00,0.00030012004801882597,1.0,10563.373640474723,0.0,0.0,0.0,1.056231730311067,False,1.0,0.0
2020-07-11 00:00:00+00:00,0.00030003000300005134,1.0,10563.373640474723,0.0,0.0,0.0,1.0565486315202812,False,1.0,0.0
2020-07-12 00:00:00+00:00,0.00029994001199762366,1.0,10563.373640474723,0.0,0.0,0.0,1.0568655327294953,False,1.0,0.0
2020-07-13 00:00:00+00:00,0.00029985007496247107,1.0,10563.373640474723,0.0,0.0,0.0,1.0571824339387095,False,1.0,0.0
2020-07-14 00:00:00+00:00,0.0002997601918464099,1.0,10563.373640474723,0.0,0.0,0.0,1.0574993351479236,False,1.0,0.0
2020-07-15 00:00:00+00:00,0.00029967036260125646,1.0,10563.373640474723,0.0,0.0,0.0,1.0578162363571377,False,1.0,0.0
2020-07-16 00:00:00+00:00,0.0002995805871779389,1.0,10563.373640474723,0.0,0.0,0.0,1.0581331375663519,False,1.0,0.0
2020-07-17 00:00:00+00:00,0.0002994908655284956,1.0,10563.373640474723,0.0,0.0,0.0,1.058450038775566,False,1.0,0.0
2020-07-18 00:00:00+00:00,0.00022055888223571074,1.0,10563.373640474723,0.0,0.0,0.0,1.0586834893330204,False,1.0,0.0
2020-07-19 00:00:00+00:00,0.0002993351765727681,1.0,10563.373640474723,0.0,0.0,0.0,1.0590003905422345,False,1.0,0.0
2020-07-20 00:00:00+00:00,0.0002992456018375833,1.0,10563.373640474723,0.0,0.0,0.0,1.0593172917514486,False,1.0,0.0
2020-07-21 00:00:00+00:00,0.0002991560806961946,1.0,10563.373640474723,0.0,0.0,0.0,1.0596341929606627,False,1.0,0.0
2020-07-22 00:00:00+00:00,0.0002990666131001962,1.0,10563.373640474723,0.0,0.0,0.0,1.0599510941698769,False,1.0,0.0
2020-07-23 00:00:00+00:00,0.00029897719900207065,1.0,10563.373640474723,0.0,0.0,0.0,1.060267995379091,False,1.0,0.0
2020-07-24 00:00:00+00:00,0.00029888783835341215,1.0,10563.373640474723,0.0,0.0,0.0,1.0605848965883051,False,1.0,0.0
2020-07-25 00:00:00+00:00,0.0002987985311062591,1.0,10563.373640474723,0.0,0.0,0.0,1.0609017977975193,False,1.0,0.0
2020-07-26 00:00:00+00:00,0.0007417947050794016,1.0,10563.373640474723,0.0,0.0,0.0,1.0616887691337347,False,1.0,0.0
2020-07-27 00:00:00+00:00,0.0013581197652692278,1.0,10563.373640474723,0.0,0.0,0.0,1.0631306696356595,False,1.0,0.0
2020-07-28 00:00:00+00:00,0.0018809039069744848,1.0,10563.373640474723,0.0,0.0,0.0,1.0651303162658015,False,1.0,0.0
2020-07-29 00:00:00+00:00,0.0017305945311230087,1.0,10563.373640474723,0.0,0.0,0.0,1.0669736249660642,False,1.0,0.0
2020-07-30 00:00:00+00:00,0.0008949883621813814,1.0,10563.373640474723,0.0,0.0,0.0,1.067928553943163,False,1.0,0.0
2020-07-31 00:00:00+00:00,0.001102897901328781,1.0,10563.373640474723,0.0,0.0,0.0,1.0691063701040762,False,1.0,0.0
2020-08-01 00:00:00+00:00,0.0011020845618165964,1.0,10691.06370104076,0.011943625455492058,1.791543818323809e-05,0.0,1.0702846157295076,True,1.0,1.791543818323809e-05
2020-08-02 00:00:00+00:00,0.0009499530713854565,1.0,10691.06370104076,0.0,0.0,0.0,1.0713013358874766,False,1.0,0.0
2020-08-03 00:00:00+00:00,0.0004440882492711129,1.0,10691.06370104076,0.0,0.0,0.0,1.0717770882221727,False,1.0,0.0
2020-08-04 00:00:00+00:00,0.000432918532896176,1.0,10691.06370104076,0.0,0.0,0.0,1.0722410803867977,False,1.0,0.0
2020-08-05 00:00:00+00:00,0.0002991229462270262,1.0,10691.06370104076,0.0,0.0,0.0,1.0725618122978287,False,1.0,0.0
2020-08-06 00:00:00+00:00,0.0002990334984460663,1.0,10691.06370104076,0.0,0.0,0.0,1.0728825442088596,False,1.0,0.0
2020-08-07 00:00:00+00:00,0.00029894410414454953,1.0,10691.06370104076,0.0,0.0,0.0,1.0732032761198906,False,1.0,0.0
2020-08-08 00:00:00+00:00,-0.001425537220823947,0.0,0.0,0.9961140747611421,0.001494171112141713,0.0,1.0716733849042717,True,0.0,0.001494171112141713
2020-08-09 00:00:00+00:00,-0.0011999999999998678,1.0,10716.733849042717,1.0,0.0015000000000000002,0.0,1.0703873768423866,True,1.0,0.0015000000000000002
2020-08-10 00:00:00+00:00,0.0006577893472168306,1.0,10716.733849042717,0.0,0.0,0.0,1.0710914662562687,False,1.0,0.0
2020-08-11 00:00:00+00:00,0.0003001629885026613,1.0,10716.733849042717,0.0,0.0,0.0,1.07141296827174,False,1.0,0.0
2020-08-12 00:00:00+00:00,0.00030007291771894096,1.0,10716.733849042717,0.0,0.0,0.0,1.0717344702872111,False,1.0,0.0
2020-08-13 00:00:00+00:00,0.0002999829009746602,1.0,10716.733849042717,0.0,0.0,0.0,1.0720559723026823,False,1.0,0.0
2020-08-14 00:00:00+00:00,0.0005777937276392198,1.0,10716.733849042717,0.0,0.0,0.0,1.072675399519157,False,1.0,0.0
2020-08-15 00:00:00+00:00,0.0006683750693103896,1.0,10716.733849042717,0.0,0.0,0.0,1.0733923490136579,False,1.0,0.0
2020-08-16 00:00:00+00:00,0.0007178485708922988,1.0,10716.733849042717,0.0,0.0,0.0,1.0741628821774043,False,1.0,0.0
2020-08-17 00:00:00+00:00,0.0007821829889165244,1.0,10716.733849042717,0.0,0.0,0.0,1.075003074111169,False,1.0,0.0
2020-08-18 00:00:00+00:00,0.0017226477334919554,1.0,10716.733849042717,0.0,0.0,0.0,1.0768549257202835,False,1.0,0.0
2020-08-19 00:00:00+00:00,0.0002985564794222295,1.0,10716.733849042717,0.0,0.0,0.0,1.0771764277357547,False,1.0,0.0
2020-08-20 00:00:00+00:00,0.00029846737005478907,1.0,10716.733849042717,0.0,0.0,0.0,1.077497929751226,False,1.0,0.0
2020-08-21 00:00:00+00:00,0.0002983783138639229,1.0,10716.733849042717,0.0,0.0,0.0,1.0778194317666971,False,1.0,0.0
2020-08-22 00:00:00+00:00,0.0003022665016132464,1.0,10716.733849042717,0.0,0.0,0.0,1.078145220475708,False,1.0,0.0
2020-08-23 00:00:00+00:00,0.0002981991751809243,1.0,10716.733849042717,0.0,0.0,0.0,1.0784667224911793,False,1.0,0.0
2020-08-24 00:00:00+00:00,0.00029811027894166564,1.0,10716.733849042717,0.0,0.0,0.0,1.0787882245066505,False,1.0,0.0
2020-08-25 00:00:00+00:00,0.0002980214356882449,1.0,10716.733849042717,0.0,0.0,0.0,1.0791097265221217,False,1.0,0.0
2020-08-26 00:00:00+00:00,-0.0013992903244387511,0.0,0.0,0.9930190758964488,0.0014895286138446734,0.0,1.0775997387227916,True,0.0,0.0014895286138446734
2020-08-27 00:00:00+00:00,-0.0011999999999999789,1.0,10775.997387227915,1.0,0.0015,0.0,1.0763066190363242,True,1.0,0.0015
2020-08-28 00:00:00+00:00,0.00030036043251913114,1.0,10775.997387227915,0.0,0.0,0.0,1.0766298989579408,False,1.0,0.0
2020-08-29 00:00:00+00:00,0.00030027024321888085,1.0,10775.997387227915,0.0,0.0,0.0,1.0769531788795577,False,1.0,0.0
2020-08-30 00:00:00+00:00,0.00030018010806509565,1.0,10775.997387227915,0.0,0.0,0.0,1.0772764588011745,False,1.0,0.0
2020-08-31 00:00:00+00:00,0.00030009002700803755,1.0,10775.997387227915,0.0,0.0,0.0,1.0775997387227914,False,1.0,0.0
2020-09-01 00:00:00+00:00,0.0004530000000000367,1.0,10775.997387227913,1.6880009693597235e-16,2.5320014540395854e-19,0.0,1.0780878914044327,True,1.0,2.5320014540395854e-19
2020-09-02 00:00:00+00:00,0.0005267613770962853,1.0,10775.997387227913,0.0,0.0,0.0,1.0786557864667397,False,1.0,0.0
2020-09-03 00:00:00+00:00,0.00029970628783781983,1.0,10775.997387227913,0.0,0.0,0.0,1.0789790663883565,False,1.0,0.0
2020-09-04 00:00:00+00:00,-0.0019445110258868858,0.0,0.0,0.9991676933114715,0.0014987515399672072,0.0,1.0768809796970633,True,0.0,0.0014987515399672072
2020-09-05 00:00:00+00:00,-0.0030210000000000514,0.0,0.0,2.0015233169651037,0.0030022849754476554,0.0,1.0736277222573984,True,0.0,0.0030022849754476554
2020-09-06 00:00:00+00:00,-0.0029839999999998756,0.0,0.0,2.0014862055290052,0.0030022293082935074,0.0,1.0704240171341823,True,0.0,0.0030022293082935074
2020-09-07 00:00:00+00:00,-0.004533482075000039,1.0,10671.453083697004,3.0015654467933377,0.004502348170190008,0.0,1.065571269039855,True,1.0,0.004502348170190008
2020-09-08 00:00:00+00:00,0.00030044315365174157,1.0,10671.453083697004,0.0,0.0,0.0,1.0658914126323664,False,1.0,0.0
2020-09-09 00:00:00+00:00,-0.0030406303406503854,1.0,10641.402271813316,2.0013177341381256,0.003001976601207188,0.0,1.0626504308632776,True,1.0,0.003001976601207188
2020-09-10 00:00:00+00:00,0.0003004205888244016,1.0,10641.402271813316,0.0,0.0,0.0,1.062969672931432,False,1.0,0.0
2020-09-11 00:00:00+00:00,-0.0014966463109420403,0.0,0.0,1.0010962003393715,0.0015016443005090574,0.0,1.061378783291796,True,0.0,0.0015016443005090574
2020-09-12 00:00:00+00:00,-0.0012120000000001019,1.0,10613.78783291796,1.0,0.0015,0.0,1.0600923922064462,True,1.0,0.0015
2020-09-13 00:00:00+00:00,0.00021025482885250746,1.0,10613.78783291796,0.0,0.0,0.0,1.0603152817509376,False,1.0,0.0
2020-09-14 00:00:00+00:00,-0.0018298334931603488,0.0,0.0,1.0013317712557703,0.0015019976568836555,0.0,1.05837508133508,True,0.0,0.0015019976568836555
2020-09-15 00:00:00+00:00,-0.0014539999999999553,1.0,10583.7508133508,1.0,0.0015,0.0,1.0568362039668189,True,1.0,0.0015
2020-09-16 00:00:00+00:00,-0.004542610024976468,0.0,0.0,3.003003507913061,0.004504505261869592,0.0,1.0520354092319213,True,0.0,0.004504505261869592
2020-09-17 00:00:00+00:00,-0.0013170000000000126,1.0,10520.354092319212,1.0,0.0015,0.0,1.0506498785979628,True,1.0,0.0015
2020-09-18 00:00:00+00:00,-0.0029188737567377165,1.0,10490.518368113395,2.001337787283811,0.003002006680925717,0.0,1.0475831642398037,True,1.0,0.003002006680925717
2020-09-19 00:00:00+00:00,-0.0016493090326458182,0.0,0.0,1.0015493969170308,0.0015023240953755462,0.0,1.0458553758645752,True,0.0,0.0015023240953755462
2020-09-20 00:00:00+00:00,-0.001526999999999945,1.0,10458.553758645752,1.0,0.0015,0.0,1.0442583547056299,True,1.0,0.0015
2020-09-21 00:00:00+00:00,-0.0015022940029425502,0.0,0.0,1.0015293352949954,0.0015022940029424934,0.0,1.042689571641833,True,0.0,0.0015022940029424934
2020-09-22 00:00:00+00:00,-0.003106999999999971,0.0,0.0,2.0016095866056753,0.0030024143799085128,0.0,1.039449935142742,True,0.0,0.0030024143799085128
2020-09-23 00:00:00+00:00,-0.003094999999999959,0.0,0.0,2.0015975480892023,0.003002396322133803,0.0,1.0362328375934753,True,0.0,0.003002396322133803
2020-09-24 00:00:00+00:00,-0.0030569999999999764,0.0,0.0,2.0015594280294415,0.0030023391420441626,0.0,1.033065073808952,True,0.0,0.0030023391420441626
2020-09-25 00:00:00+00:00,-0.0013000000000000789,1.0,10330.65073808952,1.0,0.0015,0.0,1.0317220892130003,True,1.0,0.0015
2020-09-26 00:00:00+00:00,0.00021527986382330333,1.0,10330.65073808952,0.0,0.0,0.0,1.0319441982038693,False,1.0,0.0
2020-09-27 00:00:00+00:00,0.00021323135602124843,1.0,10330.65073808952,0.0,0.0,0.0,1.0321642410645906,False,1.0,0.0
2020-09-28 00:00:00+00:00,0.0003002618283143299,1.0,10330.65073808952,0.0,0.0,0.0,1.0324741605867331,False,1.0,0.0
2020-09-29 00:00:00+00:00,0.0002601488051166001,1.0,10330.65073808952,0.0,0.0,0.0,1.0327427575059236,False,1.0,0.0
2020-09-30 00:00:00+00:00,0.00030009362921235017,1.0,10330.65073808952,0.0,0.0,0.0,1.0330526770280661,False,1.0,0.0
2020-10-01 00:00:00+00:00,-0.0030257387750154408,1.0,10313.708486746933,2.0001400345349243,0.0030002100518023867,0.0,1.0299269294865487,True,1.0,0.0030002100518023867
2020-10-02 00:00:00+00:00,-0.0016122571600239999,0.0,0.0,1.0015122835481576,0.0015022684253222362,0.0,1.0282664224201825,True,0.0,0.0015022684253222362
2020-10-03 00:00:00+00:00,0.0,0.0,0.0,0.0,0.0,0.0,1.0282664224201825,False,0.0,0.0
2020-10-04 00:00:00+00:00,0.0,0.0,0.0,0.0,0.0,0.0,1.0282664224201825,False,0.0,0.0
2020-10-05 00:00:00+00:00,-0.0047031034930001825,1.0,10250.201853246019,3.0016597502060915,0.004502489625309138,0.0,1.0234303790171635,True,1.0,0.004502489625309138
2020-10-06 00:00:00+00:00,-0.0015023301140068002,0.0,0.0,1.001553409337883,0.0015023301140068247,0.0,1.0218928487391765,True,0.0,0.0015023301140068247
2020-10-07 00:00:00+00:00,-0.0030930000000001234,0.0,0.0,2.0015955416979248,0.0030023933125468876,0.0,1.0187321341580262,True,0.0,0.0030023933125468876
2020-10-08 00:00:00+00:00,0.0,0.0,0.0,0.0,0.0,0.0,1.0187321341580262,False,0.0,0.0
2020-10-09 00:00:00+00:00,-0.0011999999999999789,1.0,10187.321341580262,1.0,0.0015,0.0,1.0175096555970367,True,1.0,0.0015
2020-10-10 00:00:00+00:00,0.00030036043251913114,1.0,10187.321341580262,0.0,0.0,0.0,1.017815275237284,False,1.0,0.0
2020-10-11 00:00:00+00:00,0.00030027024321888085,1.0,10187.321341580262,0.0,0.0,0.0,1.0181208948775315,False,1.0,0.0
2020-10-12 00:00:00+00:00,0.0002991795077047499,1.0,10187.321341580262,0.0,0.0,0.0,1.0184254957856447,False,1.0,0.0
2020-10-13 00:00:00+00:00,0.0003000903271883626,1.0,10187.321341580262,0.0,0.0,0.0,1.0187311154258922,False,1.0,0.0
2020-10-14 00:00:00+00:00,0.00030000030000043587,1.0,10187.321341580262,0.0,0.0,0.0,1.0190367350661396,False,1.0,0.0
2020-10-15 00:00:00+00:00,0.00024392706580744772,1.0,10187.321341580262,0.0,0.0,0.0,1.0192853057068743,False,1.0,0.0
2020-10-16 00:00:00+00:00,0.0002668550976818729,1.0,10187.321341580262,0.0,0.0,0.0,1.0195573071866944,False,1.0,0.0
2020-10-17 00:00:00+00:00,-0.0016736443480782626,0.0,0.0,0.9993654029691145,0.0014990481044536716,0.0,1.0178509308619796,True,0.0,0.0014990481044536716
2020-10-18 00:00:00+00:00,-0.003073999999999799,0.0,0.0,2.0015764813816945,0.003002364722072542,0.0,1.01472205710051,True,0.0,0.003002364722072542
2020-10-19 00:00:00+00:00,-0.0044317496000000345,1.0,10116.413609351528,3.0015383629254533,0.004502307544388181,0.0,1.0102250630298437,True,1.0,0.004502307544388181
2020-10-20 00:00:00+00:00,-0.0014259963949527776,0.0,0.0,1.001325755300017,0.0015019886329500254,0.0,1.0087844857318722,True,0.0,0.0015019886329500254
2020-10-21 00:00:00+00:00,-0.0012820000000001164,1.0,10087.844857318722,1.0,0.0015,0.0,1.0074912240211638,True,1.0,0.0015
2020-10-22 00:00:00+00:00,0.0003003850936900143,1.0,10087.844857318722,0.0,0.0,0.0,1.0077938593668831,False,1.0,0.0
2020-10-23 00:00:00+00:00,-0.0029053698732155464,1.0,10062.74629931371,2.000988977109384,0.0030014834656640764,0.0,1.004865845449467,True,1.0,0.0030014834656640764
2020-10-24 00:00:00+00:00,0.0003004205888244016,1.0,10062.74629931371,0.0,0.0,0.0,1.0051677278384465,False,1.0,0.0
2020-10-25 00:00:00+00:00,0.0003003303633999366,1.0,10062.74629931371,0.0,0.0,0.0,1.005469610227426,False,1.0,0.0
2020-10-26 00:00:00+00:00,0.00030024019215391107,1.0,10062.74629931371,0.0,0.0,0.0,1.0057714926164056,False,1.0,0.0
2020-10-27 00:00:00+00:00,0.0003001500750376973,1.0,10062.74629931371,0.0,0.0,0.0,1.0060733750053852,False,1.0,0.0
2020-10-28 00:00:00+00:00,0.0003000600120026675,1.0,10062.74629931371,0.0,0.0,0.0,1.0063752573943647,False,1.0,0.0
2020-10-29 00:00:00+00:00,-0.001550844915508609,0.0,0.0,0.9999510024008817,0.0014999265036013227,0.0,1.0048145254433412,True,0.0,0.0014999265036013227
2020-10-30 00:00:00+00:00,-0.0012799999999998368,1.0,10048.145254433412,1.0,0.0015,0.0,1.0035283628507738,True,1.0,0.0015
2020-10-31 00:00:00+00:00,0.00019625120153787812,1.0,10048.145254433412,0.0,0.0,0.0,1.0037253064977607,False,1.0,0.0
2020-11-01 00:00:00+00:00,-0.0014466277644966663,0.0,0.0,1.001031806944083,0.0015015477104161244,0.0,1.0022732896014532,True,0.0,0.0015015477104161244
2020-11-02 00:00:00+00:00,-0.0030050000000000354,0.0,0.0,2.001507268439001,0.0030022609026585014,0.0,0.9992614583662007,True,0.0,0.0030022609026585014
2020-11-03 00:00:00+00:00,-0.0013999999999999568,1.0,9992.614583662007,1.0,0.0015,0.0,0.9978624923244881,True,1.0,0.0015
2020-11-04 00:00:00+00:00,-0.0029999999999998916,1.0,9962.636739911022,2.00150225338007,0.003002253380070105,0.0,0.9948689048475148,True,1.0,0.003002253380070105
2020-11-05 00:00:00+00:00,0.0003004205888244016,1.0,9962.636739911022,0.0,0.0,0.0,0.9951677839497121,False,1.0,0.0
2020-11-06 00:00:00+00:00,0.0003003303633999366,1.0,9962.636739911022,0.0,0.0,0.0,0.9954666630519093,False,1.0,0.0
2020-11-07 00:00:00+00:00,0.0004323458767012678,1.0,9962.636739911022,0.0,0.0,0.0,0.9958970489590736,False,1.0,0.0
2020-11-08 00:00:00+00:00,0.0007782864093990316,1.0,9962.636739911022,0.0,0.0,0.0,0.9966721420974387,False,1.0,0.0
2020-11-09 00:00:00+00:00,0.00029987705040945833,1.0,9962.636739911022,0.0,0.0,0.0,0.996971021199636,False,1.0,0.0
2020-11-10 00:00:00+00:00,0.00029978715112277676,1.0,9962.636739911022,0.0,0.0,0.0,0.9972699003018334,False,1.0,0.0
2020-11-11 00:00:00+00:00,0.0002996973057212138,1.0,9962.636739911022,0.0,0.0,0.0,0.9975687794040307,False,1.0,0.0
2020-11-12 00:00:00+00:00,0.0002996075141565857,1.0,9962.636739911022,0.0,0.0,0.0,0.9978676585062279,False,1.0,0.0
2020-11-13 00:00:00+00:00,0.00029951777638004273,1.0,9962.636739911022,0.0,0.0,0.0,0.9981665376084253,False,1.0,0.0
2020-11-14 00:00:00+00:00,0.0002585062530566784,1.0,9962.636739911022,0.0,0.0,0.0,0.998424569899989,False,1.0,0.0
2020-11-15 00:00:00+00:00,0.0002993507083135505,1.0,9962.636739911022,0.0,0.0,0.0,0.9987234490021863,False,1.0,0.0
2020-11-16 00:00:00+00:00,0.00029926112428402263,1.0,9962.636739911022,0.0,0.0,0.0,0.9990223281043836,False,1.0,0.0
2020-11-17 00:00:00+00:00,0.00029917159385628445,1.0,9962.636739911022,0.0,0.0,0.0,0.9993212072065809,False,1.0,0.0
2020-11-18 00:00:00+00:00,0.00032201174595170023,1.0,9962.636739911022,0.0,0.0,0.0,0.9996430003732801,False,1.0,0.0
2020-11-19 00:00:00+00:00,0.00029898584003063,1.0,9962.636739911022,0.0,0.0,0.0,0.9999418794754774,False,1.0,0.0
2020-11-20 00:00:00+00:00,0.00043339988761470494,1.0,9962.636739911022,0.0,0.0,0.0,1.0003752541736635,False,1.0,0.0
2020-11-21 00:00:00+00:00,0.0002987669886378441,1.0,9962.636739911022,0.0,0.0,0.0,1.0006741332758606,False,1.0,0.0
2020-11-22 00:00:00+00:00,0.000492818293415187,1.0,9962.636739911022,0.0,0.0,0.0,1.0011672837944863,False,1.0,0.0
2020-11-23 00:00:00+00:00,0.0012428825321768588,1.0,9962.636739911022,0.0,0.0,0.0,1.0024116171233013,False,1.0,0.0
2020-11-24 00:00:00+00:00,0.0009451673721465603,1.0,9962.636739911022,0.0,0.0,0.0,1.003359063877267,False,1.0,0.0
2020-11-25 00:00:00+00:00,0.0010544899227697968,1.0,9962.636739911022,0.0,0.0,0.0,1.0044170958990453,False,1.0,0.0
2020-11-26 00:00:00+00:00,0.0004919736873425506,1.0,9962.636739911022,0.0,0.0,0.0,1.004911242681345,False,1.0,0.0
2020-11-27 00:00:00+00:00,0.0004996629258040564,1.0,9962.636739911022,0.0,0.0,0.0,1.0054133595730363,False,1.0,0.0
2020-11-28 00:00:00+00:00,0.00029726987348199785,1.0,9962.636739911022,0.0,0.0,0.0,1.0057122386752337,False,1.0,0.0
2020-11-29 00:00:00+00:00,0.0002971815303660641,1.0,9962.636739911022,0.0,0.0,0.0,1.006011117777431,False,1.0,0.0
2020-11-30 00:00:00+00:00,0.0002970932397421411,1.0,9962.636739911022,0.0,0.0,0.0,1.0063099968796283,False,1.0,0.0
2020-12-01 00:00:00+00:00,0.0019810250078211578,1.0,10063.099968796283,0.009983328119245339,1.4974992178868011e-05,0.0,1.0083035221490673,True,1.0,1.4974992178868011e-05
2020-12-02 00:00:00+00:00,0.0002994068675079564,1.0,10063.099968796283,0.0,0.0,0.0,1.008605415148131,False,1.0,0.0
2020-12-03 00:00:00+00:00,0.0002993172498675367,1.0,10063.099968796283,0.0,0.0,0.0,1.0089073081471949,False,1.0,0.0
2020-12-04 00:00:00+00:00,0.0002992276858597709,1.0,10063.099968796283,0.0,0.0,0.0,1.0092092011462586,False,1.0,0.0
2020-12-05 00:00:00+00:00,0.00023731628584555686,1.0,10063.099968796283,0.0,0.0,0.0,1.009448702925516,False,1.0,0.0
2020-12-06 00:00:00+00:00,0.0002990672019178575,1.0,10063.099968796283,0.0,0.0,0.0,1.0097505959245796,False,1.0,0.0
2020-12-07 00:00:00+00:00,0.0006447954283059776,1.0,10063.099968796283,0.0,0.0,0.0,1.0104016784925607,False,1.0,0.0
2020-12-08 00:00:00+00:00,0.00029878513218029035,1.0,10063.099968796283,0.0,0.0,0.0,1.0107035714916244,False,1.0,0.0
2020-12-09 00:00:00+00:00,0.000298695886290945,1.0,10063.099968796283,0.0,0.0,0.0,1.0110054644906883,False,1.0,0.0
2020-12-10 00:00:00+00:00,0.00029860669369963233,1.0,10063.099968796283,0.0,0.0,0.0,1.011307357489752,False,1.0,0.0
2020-12-11 00:00:00+00:00,0.00029851755435972294,1.0,10063.099968796283,0.0,0.0,0.0,1.011609250488816,False,1.0,0.0
2020-12-12 00:00:00+00:00,0.0002984284682232552,1.0,10063.099968796283,0.0,0.0,0.0,1.0119111434878796,False,1.0,0.0
2020-12-13 00:00:00+00:00,0.00029833943524226747,1.0,10063.099968796283,0.0,0.0,0.0,1.0122130364869433,False,1.0,0.0
2020-12-14 00:00:00+00:00,0.0005666758652032033,1.0,10063.099968796283,0.0,0.0,0.0,1.0127866331851647,False,1.0,0.0
2020-12-15 00:00:00+00:00,0.0002980815397557457,1.0,10063.099968796283,0.0,0.0,0.0,1.0130885261842284,False,1.0,0.0
2020-12-16 00:00:00+00:00,0.0002979927136288474,1.0,10063.099968796283,0.0,0.0,0.0,1.0133904191832923,False,1.0,0.0
2020-12-17 00:00:00+00:00,0.001693087394750048,1.0,10063.099968796283,0.0,0.0,0.0,1.015106177727972,False,1.0,0.0
2020-12-18 00:00:00+00:00,0.0010557714751329161,1.0,10063.099968796283,0.0,0.0,0.0,1.0161778978746485,False,1.0,0.0
2020-12-19 00:00:00+00:00,0.0004802902616829474,1.0,10063.099968796283,0.0,0.0,0.0,1.0166659582231352,False,1.0,0.0
2020-12-20 00:00:00+00:00,0.0013085338454725814,1.0,10063.099968796283,0.0,0.0,0.0,1.01799630003901,False,1.0,0.0
2020-12-21 00:00:00+00:00,0.0008995534631364155,1.0,10063.099968796283,0.0,0.0,0.0,1.0189120421361704,False,1.0,0.0
2020-12-22 00:00:00+00:00,0.0003387577284941212,1.0,10063.099968796283,0.0,0.0,0.0,1.0192572064651,False,1.0,0.0
2020-12-23 00:00:00+00:00,0.0006140989870753177,1.0,10063.099968796283,0.0,0.0,0.0,1.019883131283159,False,1.0,0.0
2020-12-24 00:00:00+00:00,0.0003976366666953446,1.0,10063.099968796283,0.0,0.0,0.0,1.0202886742119015,False,1.0,0.0
2020-12-25 00:00:00+00:00,0.0007762175427028506,1.0,10063.099968796283,0.0,0.0,0.0,1.0210806401794459,False,1.0,0.0
2020-12-26 00:00:00+00:00,0.0010870443360508908,1.0,10063.099968796283,0.0,0.0,0.0,1.0221906001060042,False,1.0,0.0
2020-12-27 00:00:00+00:00,0.002125458092685939,1.0,10063.099968796283,0.0,0.0,0.0,1.0243632233892672,False,1.0,0.0
2020-12-28 00:00:00+00:00,0.0015393834228965009,1.0,10063.099968796283,0.0,0.0,0.0,1.0259401111543776,False,1.0,0.0
2020-12-29 00:00:00+00:00,0.000959287161353739,1.0,10063.099968796283,0.0,0.0,0.0,1.0269242823313258,False,1.0,0.0
2020-12-30 00:00:00+00:00,0.0018422612325794674,1.0,10063.099968796283,0.0,0.0,0.0,1.0288161451254594,False,1.0,0.0
2020-12-31 00:00:00+00:00,0.0008910711709770869,1.0,10063.099968796283,0.0,0.0,0.0,1.0297328935326164,False,1.0,0.0
2021-01-01 00:00:00+00:00,0.0002658801372665831,1.0,10297.328935326164,0.02274657515565343,3.4119862733480145e-05,0.0,1.0300066790556965,True,1.0,3.4119862733480145e-05
2021-01-02 00:00:00+00:00,0.0002999202571607462,1.0,10297.328935326164,0.0,0.0,0.0,1.0303155989237562,False,1.0,0.0
2021-01-03 00:00:00+00:00,0.0019918728387247064,1.0,10297.328935326164,0.0,0.0,0.0,1.0323678565805667,False,1.0,0.0
2021-01-04 00:00:00+00:00,0.0031389677577531305,1.0,10297.328935326164,0.0,0.0,0.0,1.035608425996514,False,1.0,0.0
2021-01-05 00:00:00+00:00,0.00046435047186577094,1.0,10297.328935326164,0.0,0.0,0.0,1.0360893112577934,False,1.0,0.0
2021-01-06 00:00:00+00:00,0.0027380980489397633,1.0,10297.328935326164,0.0,0.0,0.0,1.038926225379476,False,1.0,0.0
2021-01-07 00:00:00+00:00,0.0018524614462491762,1.0,10297.328935326164,0.0,0.0,0.0,1.0408507961574884,False,1.0,0.0
2021-01-08 00:00:00+00:00,0.0026345550251782868,1.0,10297.328935326164,0.0,0.0,0.0,1.043592974852966,False,1.0,0.0
2021-01-09 00:00:00+00:00,0.0013074025188055671,1.0,10297.328935326164,0.0,0.0,0.0,1.0449573709368967,False,1.0,0.0
2021-01-10 00:00:00+00:00,0.0019156769459720557,1.0,10297.328935326164,0.0,0.0,0.0,1.046959171681924,False,1.0,0.0
2021-01-11 00:00:00+00:00,0.0024391949992266238,1.0,10297.328935326164,0.0,0.0,0.0,1.0495129092578848,False,1.0,0.0
2021-01-12 00:00:00+00:00,0.0013029713789594055,1.0,10297.328935326164,0.0,0.0,0.0,1.050880394540496,False,1.0,0.0
2021-01-13 00:00:00+00:00,0.0010210312045357828,1.0,10297.328935326164,0.0,0.0,0.0,1.051953376215557,False,1.0,0.0
2021-01-14 00:00:00+00:00,0.0016611541536293295,1.0,10297.328935326164,0.0,0.0,0.0,1.0537008329358817,False,1.0,0.0
2021-01-15 00:00:00+00:00,0.0017903285277809378,1.0,10297.328935326164,0.0,0.0,0.0,1.0555873035968335,False,1.0,0.0
2021-01-16 00:00:00+00:00,0.00040581094737479617,1.0,10297.328935326164,0.0,0.0,0.0,1.0560156724805432,False,1.0,0.0
2021-01-17 00:00:00+00:00,0.0003578658743184082,1.0,10297.328935326164,0.0,0.0,0.0,1.0563935844524694,False,1.0,0.0
2021-01-18 00:00:00+00:00,0.0009572168141980253,1.0,10297.328935326164,0.0,0.0,0.0,1.0574047821539183,False,1.0,0.0
2021-01-19 00:00:00+00:00,0.0023245331006120917,1.0,10297.328935326164,0.0,0.0,0.0,1.0598627545707806,False,1.0,0.0
2021-01-20 00:00:00+00:00,0.0007568545272511606,1.0,10297.328935326164,0.0,0.0,0.0,1.0606649164948425,False,1.0,0.0
2021-01-21 00:00:00+00:00,0.0002912511418600161,1.0,10297.328935326164,0.0,0.0,0.0,1.0609738363629022,False,1.0,0.0
2021-01-22 00:00:00+00:00,-0.0015422110439901049,0.0,0.0,0.9706383075402687,0.001455957461310403,0.0,1.0593375907950788,True,0.0,0.001455957461310403
2021-01-23 00:00:00+00:00,-0.0044796824000000735,1.0,10560.705936650666,3.00158651303665,0.004502379769554975,0.0,1.0545920948339356,True,1.0,0.004502379769554975
2021-01-24 00:00:00+00:00,0.0003004205888244016,1.0,10560.705936650666,0.0,0.0,0.0,1.0549089160120353,False,1.0,0.0
2021-01-25 00:00:00+00:00,0.0007408148963861105,1.0,10560.705936650666,0.0,0.0,0.0,1.0556904082513476,False,1.0,0.0
2021-01-26 00:00:00+00:00,0.0006242247208996243,1.0,10560.705936650666,0.0,0.0,0.0,1.0563493963017947,False,1.0,0.0
2021-01-27 00:00:00+00:00,-0.00016295697935730935,1.0,10560.705936650666,0.0,0.0,0.0,1.0561772567950274,False,1.0,0.0
2021-01-28 00:00:00+00:00,-0.00459819448535681,0.0,0.0,3.001504583934666,0.004502256875901999,0.0,1.051320748357273,True,0.0,0.004502256875901999
2021-01-29 00:00:00+00:00,-0.000460000000000127,1.0,10513.20748357273,1.0,0.0015,0.0,1.0508371408130286,True,1.0,0.0015
2021-01-30 00:00:00+00:00,0.0013986433759527461,1.0,10513.20748357273,0.0,0.0,0.0,1.052306887219232,False,1.0,0.0
2021-01-31 00:00:00+00:00,0.0002997188637057224,1.0,10513.20748357273,0.0,0.0,0.0,1.0526222834437389,False,1.0,0.0
2021-02-01 00:00:00+00:00,0.00026914529612342974,1.0,10526.222834437389,0.0012364692510667104,1.8547038766000655e-06,0.0,1.0529055917799224,True,1.0,1.8547038766000655e-06
2021-02-02 00:00:00+00:00,0.0005648479738247225,1.0,10526.222834437389,0.0,0.0,0.0,1.053500323370068,False,1.0,0.0
2021-02-03 00:00:00+00:00,0.0009861773847732458,1.0,10526.222834437389,0.0,0.0,0.0,1.054539261563827,False,1.0,0.0
2021-02-04 00:00:00+00:00,0.0010540803664984555,1.0,10526.222834437389,0.0,0.0,0.0,1.0556508306951435,False,1.0,0.0
2021-02-05 00:00:00+00:00,0.0009123749646620105,1.0,10526.222834437389,0.0,0.0,0.0,1.0566139800844943,False,1.0,0.0
2021-02-06 00:00:00+00:00,0.0019595690295219903,1.0,10526.222834437389,0.0,0.0,0.0,1.058684488116028,False,1.0,0.0
2021-02-07 00:00:00+00:00,0.001970650736082824,1.0,10526.222834437389,0.0,0.0,0.0,1.0607707854818134,False,1.0,0.0
2021-02-08 00:00:00+00:00,0.0006172219948574753,1.0,10526.222834437389,0.0,0.0,0.0,1.0614255165421154,False,1.0,0.0
2021-02-09 00:00:00+00:00,0.0045638320097949325,1.0,10526.222834437389,0.0,0.0,0.0,1.0662696842905235,False,1.0,0.0
2021-02-10 00:00:00+00:00,0.0016693565497809537,1.0,10526.222834437389,0.0,0.0,0.0,1.0680496685718266,False,1.0,0.0
2021-02-11 00:00:00+00:00,0.0005095322217254505,1.0,10526.222834437389,0.0,0.0,0.0,1.068593874292367,False,1.0,0.0
2021-02-12 00:00:00+00:00,0.0027039722363808583,1.0,10526.222834437389,0.0,0.0,0.0,1.07148332246042,False,1.0,0.0
2021-02-13 00:00:00+00:00,0.0019716713070441205,1.0,10526.222834437389,0.0,0.0,0.0,1.0735959353832918,False,1.0,0.0
2021-02-14 00:00:00+00:00,0.001895237124915461,1.0,10526.222834437389,0.0,0.0,0.0,1.0756306542571883,False,1.0,0.0
2021-02-15 00:00:00+00:00,0.0015824114212361629,1.0,10526.222834437389,0.0,0.0,0.0,1.0773327444895167,False,1.0,0.0
2021-02-16 00:00:00+00:00,0.0032477583996808335,1.0,10526.222834437389,0.0,0.0,0.0,1.0808316609596837,False,1.0,0.0
2021-02-17 00:00:00+00:00,0.0033365824423354784,1.0,10526.222834437389,0.0,0.0,0.0,1.084437944902762,False,1.0,0.0
2021-02-18 00:00:00+00:00,0.004880486583886512,1.0,10526.222834437389,0.0,0.0,0.0,1.0897305297439173,False,1.0,0.0
2021-02-19 00:00:00+00:00,0.002559760394876154,1.0,10526.222834437389,0.0,0.0,0.0,1.092519978795043,False,1.0,0.0
2021-02-20 00:00:00+00:00,0.0022545456294309485,1.0,10526.222834437389,0.0,0.0,0.0,1.0949831149383016,False,1.0,0.0
2021-02-21 00:00:00+00:00,0.0016428851348146978,1.0,10526.222834437389,0.0,0.0,0.0,1.0967820464207068,False,1.0,0.0
2021-02-22 00:00:00+00:00,0.0028753719770389097,1.0,10526.222834437389,0.0,0.0,0.0,1.0999357027819041,False,1.0,0.0
2021-02-23 00:00:00+00:00,0.00042968639355089877,1.0,10526.222834437389,0.0,0.0,0.0,1.1004083301871703,False,1.0,0.0
2021-02-24 00:00:00+00:00,0.00037784683244757034,1.0,10526.222834437389,0.0,0.0,0.0,1.1008241159891305,False,1.0,0.0
2021-02-25 00:00:00+00:00,0.00028686388719711964,1.0,10526.222834437389,0.0,0.0,0.0,1.1011399026741635,False,1.0,0.0
2021-02-26 00:00:00+00:00,0.0002867816199068063,1.0,10526.222834437389,0.0,0.0,0.0,1.1014556893591965,False,1.0,0.0
2021-02-27 00:00:00+00:00,0.000286699399788537,1.0,10526.222834437389,0.0,0.0,0.0,1.1017714760442294,False,1.0,0.0
2021-02-28 00:00:00+00:00,0.00028661722680167756,1.0,10526.222834437389,0.0,0.0,0.0,1.1020872627292626,False,1.0,0.0
2021-03-01 00:00:00+00:00,0.00023267550452898966,1.0,11020.872627292625,0.044882996980680226,6.732449547102034e-05,0.0,1.102343691439153,True,1.0,6.732449547102034e-05
2021-03-02 00:00:00+00:00,0.00029993021358598604,1.0,11020.872627292625,0.0,0.0,0.0,1.1026743176179714,False,1.0,0.0
2021-03-03 00:00:00+00:00,0.0002998402824261337,1.0,11020.872627292625,0.0,0.0,0.0,1.10300494379679,False,1.0,0.0
2021-03-04 00:00:00+00:00,0.0004905914964781211,1.0,11020.872627292625,0.0,0.0,0.0,1.10354606864279,False,1.0,0.0
2021-03-05 00:00:00+00:00,0.00029960342228885217,1.0,11020.872627292625,0.0,0.0,0.0,1.1038766948216086,False,1.0,0.0
2021-03-06 00:00:00+00:00,0.00029951368696323755,1.0,11020.872627292625,0.0,0.0,0.0,1.104207321000427,False,1.0,0.0
2021-03-07 00:00:00+00:00,0.0003972358471311388,1.0,11020.872627292625,0.0,0.0,0.0,1.1046459517309932,False,1.0,0.0
2021-03-08 00:00:00+00:00,0.0008919292297553394,1.0,11020.872627292625,0.0,0.0,0.0,1.1056312177438732,False,1.0,0.0
2021-03-09 00:00:00+00:00,0.001419435555852555,1.0,11020.872627292625,0.0,0.0,0.0,1.1072005900059998,False,1.0,0.0
2021-03-10 00:00:00+00:00,0.0004220418627076672,1.0,11020.872627292625,0.0,0.0,0.0,1.1076678750053968,False,1.0,0.0
2021-03-11 00:00:00+00:00,0.001624772678387787,1.0,11020.872627292625,0.0,0.0,0.0,1.1094675835054335,False,1.0,0.0
2021-03-12 00:00:00+00:00,0.0016747845115860915,1.0,11020.872627292625,0.0,0.0,0.0,1.1113257026303953,False,1.0,0.0
2021-03-13 00:00:00+00:00,0.0013576195161373317,1.0,11020.872627292625,0.0,0.0,0.0,1.1128344600930715,False,1.0,0.0
2021-03-14 00:00:00+00:00,0.0032255455266985145,1.0,11020.872627292625,0.0,0.0,0.0,1.1164239583077809,False,1.0,0.0
2021-03-15 00:00:00+00:00,0.0009328646662667417,1.0,11020.872627292625,0.0,0.0,0.0,1.1174654307710599,False,1.0,0.0
2021-03-16 00:00:00+00:00,0.00029587150502763393,1.0,11020.872627292625,0.0,0.0,0.0,1.1177960569498784,False,1.0,0.0
2021-03-17 00:00:00+00:00,0.00029578399097296426,1.0,11020.872627292625,0.0,0.0,0.0,1.118126683128697,False,1.0,0.0
2021-03-18 00:00:00+00:00,0.0015524067755376958,1.0,11020.872627292625,0.0,0.0,0.0,1.1198624705674955,False,1.0,0.0
2021-03-19 00:00:00+00:00,0.0006180319630169073,1.0,11020.872627292625,0.0,0.0,0.0,1.1205545813684894,False,1.0,0.0
2021-03-20 00:00:00+00:00,0.00029505584495037596,1.0,11020.872627292625,0.0,0.0,0.0,1.120885207547308,False,1.0,0.0
2021-03-21 00:00:00+00:00,0.0008239462167476397,1.0,11020.872627292625,0.0,0.0,0.0,1.121808756673475,False,1.0,0.0
2021-03-22 00:00:00+00:00,0.00026034127732188495,1.0,11020.872627292625,0.0,0.0,0.0,1.1221008097980982,False,1.0,0.0
2021-03-23 00:00:00+00:00,0.0002602735173817816,1.0,11020.872627292625,0.0,0.0,0.0,1.1223928629227213,False,1.0,0.0
2021-03-24 00:00:00+00:00,0.0002945725955147971,1.0,11020.872627292625,0.0,0.0,0.0,1.12272348910154,False,1.0,0.0
2021-03-25 00:00:00+00:00,0.0006400159097716962,1.0,11020.872627292625,0.0,0.0,0.0,1.1234420499968394,False,1.0,0.0
2021-03-26 00:00:00+00:00,0.0002942974929767139,1.0,11020.872627292625,0.0,0.0,0.0,1.123772676175658,False,1.0,0.0
2021-03-27 00:00:00+00:00,0.0002942109074441923,1.0,11020.872627292625,0.0,0.0,0.0,1.1241033023544766,False,1.0,0.0
2021-03-28 00:00:00+00:00,0.0002941243728458165,1.0,11020.872627292625,0.0,0.0,0.0,1.1244339285332952,False,1.0,0.0
2021-03-29 00:00:00+00:00,0.0006527641138818208,1.0,11020.872627292625,0.0,0.0,0.0,1.1251679186502728,False,1.0,0.0
2021-03-30 00:00:00+00:00,0.0019922764018021066,1.0,11020.872627292625,0.0,0.0,0.0,1.1274095641426642,False,1.0,0.0
2021-03-31 00:00:00+00:00,0.0021271257225166096,1.0,11020.872627292625,0.0,0.0,0.0,1.1298077060263632,False,1.0,0.0
2021-04-01 00:00:00+00:00,0.002717196688495127,1.0,11298.077060263631,0.024535541003341127,3.6803311505011686e-05,0.0,1.1328776157838139,True,1.0,3.6803311505011686e-05
2021-04-02 00:00:00+00:00,0.00279839620709299,1.0,11298.077060263631,0.0,0.0,0.0,1.136047856206924,False,1.0,0.0
2021-04-03 00:00:00+00:00,0.0013744088694831458,1.0,11298.077060263631,0.0,0.0,0.0,1.1376092504566522,False,1.0,0.0
2021-04-04 00:00:00+00:00,0.0007259869175411104,1.0,11298.077060263631,0.0,0.0,0.0,1.1384351398897574,False,1.0,0.0
2021-04-05 00:00:00+00:00,0.0005934681603987357,1.0,11298.077060263631,0.0,0.0,0.0,1.139110764897961,False,1.0,0.0
2021-04-06 00:00:00+00:00,0.0032978448964742224,1.0,11298.077060263631,0.0,0.0,0.0,1.1428673755204988,False,1.0,0.0
2021-04-07 00:00:00+00:00,0.0004982407373192999,1.0,11298.077060263631,0.0,0.0,0.0,1.143436798604336,False,1.0,0.0
2021-04-08 00:00:00+00:00,0.0002964241768512732,1.0,11298.077060263631,0.0,0.0,0.0,1.1437757409161435,False,1.0,0.0
2021-04-09 00:00:00+00:00,0.0006400864848896681,1.0,11298.077060263631,0.0,0.0,0.0,1.1445078563096485,False,1.0,0.0
2021-04-10 00:00:00+00:00,0.00359620901714508,1.0,11298.077060263631,0.0,0.0,0.0,1.1486237457827027,False,1.0,0.0
2021-04-11 00:00:00+00:00,0.002685278838067573,1.0,11298.077060263631,0.0,0.0,0.0,1.1517081208201547,False,1.0,0.0
2021-04-12 00:00:00+00:00,0.0032235147559427357,1.0,11298.077060263631,0.0,0.0,0.0,1.1554206689421573,False,1.0,0.0
2021-04-13 00:00:00+00:00,0.003102662041266191,1.0,11298.077060263631,0.0,0.0,0.0,1.1590055487933788,False,1.0,0.0
2021-04-14 00:00:00+00:00,0.002718739090928457,1.0,11298.077060263631,0.0,0.0,0.0,1.1621565824854867,False,1.0,0.0
2021-04-15 00:00:00+00:00,0.0012852018479061478,1.0,11298.077060263631,0.0,0.0,0.0,1.1636501882728534,False,1.0,0.0
2021-04-16 00:00:00+00:00,0.0010194628104585046,1.0,11298.077060263631,0.0,0.0,0.0,1.164836486364181,False,1.0,0.0
2021-04-17 00:00:00+00:00,0.00029097844699688125,1.0,11298.077060263631,0.0,0.0,0.0,1.1651754286759886,False,1.0,0.0
2021-04-18 00:00:00+00:00,-0.0013904723791532403,0.0,0.0,0.9695839604545324,0.0014543759406817989,0.0,1.1635552844255466,True,0.0,0.0014543759406817989
2021-04-19 00:00:00+00:00,-0.0011999999999999789,1.0,11635.552844255466,1.0,0.0015,0.0,1.1621590180842358,True,1.0,0.0015
2021-04-20 00:00:00+00:00,0.00030036043251913114,1.0,11635.552844255466,0.0,0.0,0.0,1.1625080846695635,False,1.0,0.0
2021-04-21 00:00:00+00:00,0.00030027024321888085,1.0,11635.552844255466,0.0,0.0,0.0,1.162857151254891,False,1.0,0.0
2021-04-22 00:00:00+00:00,0.00030018010806509565,1.0,11635.552844255466,0.0,0.0,0.0,1.1632062178402187,False,1.0,0.0
2021-04-23 00:00:00+00:00,0.0005361608482548075,1.0,11635.552844255466,0.0,0.0,0.0,1.163829883472671,False,1.0,0.0
2021-04-24 00:00:00+00:00,0.00029992921670496386,1.0,11635.552844255466,0.0,0.0,0.0,1.1641789500579987,False,1.0,0.0
2021-04-25 00:00:00+00:00,0.00029983928614263355,1.0,11635.552844255466,0.0,0.0,0.0,1.1645280166433263,False,1.0,0.0
2021-04-26 00:00:00+00:00,0.0002997494094936215,1.0,11635.552844255466,0.0,0.0,0.0,1.164877083228654,False,1.0,0.0
2021-04-27 00:00:00+00:00,0.000299659586709744,1.0,11635.552844255466,0.0,0.0,0.0,1.1652261498139815,False,1.0,0.0
2021-04-28 00:00:00+00:00,0.00029956981774148517,1.0,11635.552844255466,0.0,0.0,0.0,1.1655752163993092,False,1.0,0.0
2021-04-29 00:00:00+00:00,0.0002855043644236499,1.0,11635.552844255466,0.0,0.0,0.0,1.1659079932106549,False,1.0,0.0
2021-04-30 00:00:00+00:00,0.0002993946240701373,1.0,11635.552844255466,0.0,0.0,0.0,1.1662570597959825,False,1.0,0.0
2021-05-01 00:00:00+00:00,0.0002965250687902987,1.0,11662.570597959824,0.002316620806487085,3.474931209730628e-06,0.0,1.1666028842508656,True,1.0,3.474931209730628e-06
2021-05-02 00:00:00+00:00,0.00029991106884952323,1.0,11662.570597959824,0.0,0.0,0.0,1.1669527613688047,False,1.0,0.0
2021-05-03 00:00:00+00:00,0.000493705492297325,1.0,11662.570597959824,0.0,0.0,0.0,1.1675288923563438,False,1.0,0.0
2021-05-04 00:00:00+00:00,0.00034662200001989163,1.0,11662.570597959824,0.0,0.0,0.0,1.1679335835560933,False,1.0,0.0
2021-05-05 00:00:00+00:00,0.0002995693615330808,1.0,11662.570597959824,0.0,0.0,0.0,1.1682834606740322,False,1.0,0.0
2021-05-06 00:00:00+00:00,0.00029947964660648196,1.0,11662.570597959824,0.0,0.0,0.0,1.168633337791971,False,1.0,0.0
2021-05-07 00:00:00+00:00,0.0002993899853995785,1.0,11662.570597959824,0.0,0.0,0.0,1.16898321490991,False,1.0,0.0
2021-05-08 00:00:00+00:00,0.0005377430122281979,1.0,11662.570597959824,0.0,0.0,0.0,1.1696118274651401,False,1.0,0.0
2021-05-09 00:00:00+00:00,0.000986163276612606,1.0,11662.570597959824,0.0,0.0,0.0,1.1707652556972783,False,1.0,0.0
2021-05-10 00:00:00+00:00,0.0006763854152214144,1.0,11662.570597959824,0.0,0.0,0.0,1.1715571442408799,False,1.0,0.0
2021-05-11 00:00:00+00:00,0.00029864281026203976,1.0,11662.570597959824,0.0,0.0,0.0,1.1719070213588187,False,1.0,0.0
2021-05-12 00:00:00+00:00,0.0002985536493613772,1.0,11662.570597959824,0.0,0.0,0.0,1.1722568984767576,False,1.0,0.0
2021-05-13 00:00:00+00:00,-0.00145949160883041,0.0,0.0,0.9948491436192457,0.0014922737154288688,0.0,1.1705459993700371,True,0.0,0.0014922737154288688
2021-05-14 00:00:00+00:00,-0.0011999999999998678,1.0,11705.459993700371,1.0,0.0014999999999999998,0.0,1.1691413441707932,True,1.0,0.0014999999999999998
2021-05-15 00:00:00+00:00,0.00030036043251913114,1.0,11705.459993700371,0.0,0.0,0.0,1.1694925079706042,False,1.0,0.0
2021-05-16 00:00:00+00:00,0.00030027024321888085,1.0,11705.459993700371,0.0,0.0,0.0,1.169843671770415,False,1.0,0.0
2021-05-17 00:00:00+00:00,0.00030018010806509565,1.0,11705.459993700371,0.0,0.0,0.0,1.170194835570226,False,1.0,0.0
2021-05-18 00:00:00+00:00,0.00030009002700803755,1.0,11705.459993700371,0.0,0.0,0.0,1.1705459993700371,False,1.0,0.0
2021-05-19 00:00:00+00:00,0.0002329999999999277,1.0,11705.459993700371,0.0,0.0,0.0,1.1708187365878904,False,1.0,0.0
2021-05-20 00:00:00+00:00,-0.004024062393462424,0.0,0.0,1.0022972653321414,0.001503445897998212,0.0,1.1661072889404258,True,0.0,0.001503445897998212
2021-05-21 00:00:00+00:00,0.0,0.0,0.0,0.0,0.0,0.0,1.1661072889404258,False,0.0,0.0
2021-05-22 00:00:00+00:00,-0.003362000000000087,0.0,0.0,2.0018654735116788,0.0030027982102675183,0.0,1.162186836235008,True,0.0,0.0030027982102675183
2021-05-23 00:00:00+00:00,-0.0030519999999998326,0.0,0.0,2.0015544124481197,0.003002331618672179,0.0,1.158639842010819,True,0.0,0.003002331618672179
2021-05-24 00:00:00+00:00,0.0,0.0,0.0,0.0,0.0,0.0,1.158639842010819,False,0.0,0.0
2021-05-25 00:00:00+00:00,-0.003106000000000053,0.0,0.0,2.0016085833849164,0.0030024128750773746,0.0,1.1550411066615331,True,0.0,0.0030024128750773746
2021-05-26 00:00:00+00:00,-0.0012379999999998503,1.0,11550.411066615332,1.0,0.0015,0.0,1.1536111657714863,True,1.0,0.0015
2021-05-27 00:00:00+00:00,-0.0016820824180334704,0.0,0.0,1.0014200135792553,0.001502130020368883,0.0,1.151670696712295,True,0.0,0.001502130020368883
2021-05-28 00:00:00+00:00,-0.0030119999999997926,0.0,0.0,2.001514289605884,0.003002271434408826,0.0,1.1482018645737977,True,0.0,0.003002271434408826
2021-05-29 00:00:00+00:00,-0.0014000000000000679,1.0,11482.018645737977,1.0,0.0015000000000000002,0.0,1.1465943819633944,True,1.0,0.0015000000000000002
2021-05-30 00:00:00+00:00,0.0002203084318042059,1.0,11482.018645737977,0.0,0.0,0.0,1.1468469863736004,False,1.0,0.0
2021-05-31 00:00:00+00:00,7.408742315928585e-05,1.0,11482.018645737977,0.0,0.0,0.0,1.1469319533115785,False,1.0,0.0
2021-06-01 00:00:00+00:00,-0.002954475920367905,1.0,11452.09650514718,2.001107224590397,0.003001660836885596,0.0,1.143543370473219,True,1.0,0.003001660836885596
2021-06-02 00:00:00+00:00,-0.0015021856801646916,0.0,0.0,1.0014571201097597,0.0015021856801646397,0.0,1.1418255559974468,True,0.0,0.0015021856801646397
2021-06-03 00:00:00+00:00,-0.00313399999999997,0.0,0.0,2.0016366743258485,0.003002455011488773,0.0,1.138247074704951,True,0.0,0.003002455011488773
2021-06-04 00:00:00+00:00,0.0,0.0,0.0,0.0,0.0,0.0,1.138247074704951,False,0.0,0.0
2021-06-05 00:00:00+00:00,0.0,0.0,0.0,0.0,0.0,0.0,1.138247074704951,False,0.0,0.0
2021-06-06 00:00:00+00:00,0.0,0.0,0.0,0.0,0.0,0.0,1.138247074704951,False,0.0,0.0
2021-06-07 00:00:00+00:00,-0.002998000000000167,0.0,0.0,2.0015002473705614,0.003002250371055842,0.0,1.1348346099749853,True,0.0,0.003002250371055842
2021-06-08 00:00:00+00:00,0.0,0.0,0.0,0.0,0.0,0.0,1.1348346099749853,False,0.0,0.0
2021-06-09 00:00:00+00:00,-0.0030360000000000387,0.0,0.0,2.0015383629254533,0.0030023075443881804,0.0,1.1313892520991011,True,0.0,0.0030023075443881804
2021-06-10 00:00:00+00:00,0.0,0.0,0.0,0.0,0.0,0.0,1.1313892520991011,False,0.0,0.0
2021-06-11 00:00:00+00:00,-0.003097999999999934,0.0,0.0,2.001600557691191,0.0030024008365367857,0.0,1.1278842081960982,True,0.0,0.0030024008365367857
2021-06-12 00:00:00+00:00,-0.0030730000000001034,0.0,0.0,2.0015754782272515,0.003002363217340877,0.0,1.1244182200243114,True,0.0,0.003002363217340877
2021-06-13 00:00:00+00:00,-0.0015609999999999236,1.0,11244.182200243114,1.0,0.0015,0.0,1.1226630031828535,True,1.0,0.0015
2021-06-14 00:00:00+00:00,-0.002900241877570875,1.0,11209.763758528172,2.0015634405306684,0.0030023451607960024,0.0,1.1194070089266233,True,1.0,0.0030023451607960024
2021-06-15 00:00:00+00:00,-0.001599238934508418,0.0,0.0,1.0014992443688202,0.0015022488665532303,0.0,1.1176168096543861,True,0.0,0.0015022488665532303
2021-06-16 00:00:00+00:00,-0.003322000000000158,0.0,0.0,2.001825325743505,0.0030027379886152575,0.0,1.1139040866127141,True,0.0,0.0030027379886152575
2021-06-17 00:00:00+00:00,0.0,0.0,0.0,0.0,0.0,0.0,1.1139040866127141,False,0.0,0.0
2021-06-18 00:00:00+00:00,0.0,0.0,0.0,0.0,0.0,0.0,1.1139040866127141,False,0.0,0.0
2021-06-19 00:00:00+00:00,-0.0035569999999999213,0.0,0.0,2.0020612399706197,0.0030030918599559297,0.0,1.1099419297766329,True,0.0,0.0030030918599559297
2021-06-20 00:00:00+00:00,-0.0015650000000000386,1.0,11099.419297766328,1.0,0.0014999999999999998,0.0,1.1082048706565324,True,1.0,0.0014999999999999998
2021-06-21 00:00:00+00:00,-0.0035652473220592062,1.0,11065.399577618673,2.0015674530640455,0.0030023511795960675,0.0,1.1042538462091311,True,1.0,0.0030023511795960675
2021-06-22 00:00:00+00:00,-0.00150310541578913,0.0,0.0,1.0020702771926802,0.0015031054157890202,0.0,1.1025940362724882,True,0.0,0.0015031054157890202
2021-06-23 00:00:00+00:00,-0.003651000000000182,0.0,0.0,2.0021556367747024,0.003003233455162054,0.0,1.0985684654460572,True,0.0,0.003003233455162054
2021-06-24 00:00:00+00:00,0.0,0.0,0.0,0.0,0.0,0.0,1.0985684654460572,False,0.0,0.0
2021-06-25 00:00:00+00:00,0.0,0.0,0.0,0.0,0.0,0.0,1.0985684654460572,False,0.0,0.0
2021-06-26 00:00:00+00:00,-0.003223000000000198,0.0,0.0,2.001725973852949,0.003002588960779423,0.0,1.0950277792819245,True,0.0,0.003002588960779423
2021-06-27 00:00:00+00:00,0.0,0.0,0.0,0.0,0.0,0.0,1.0950277792819245,False,0.0,0.0
2021-06-28 00:00:00+00:00,-0.0014000000000000679,1.0,10950.277792819244,1.0,0.0015,0.0,1.0934947403909296,True,1.0,0.0015
2021-06-29 00:00:00+00:00,0.0002583617063889321,1.0,10950.277792819244,0.0,0.0,0.0,1.0937772575579843,False,1.0,0.0
2021-06-30 00:00:00+00:00,-3.0034299169590106e-05,1.0,10950.277792819244,0.0,0.0,0.0,1.0937444067246058,False,1.0,0.0
2021-07-01 00:00:00+00:00,-0.0015017600627936778,0.0,0.0,1.0011733751957295,0.0015017600627935945,0.0,1.0921018650556829,True,0.0,0.0015017600627935945
2021-07-02 00:00:00+00:00,0.0,0.0,0.0,0.0,0.0,0.0,1.0921018650556829,False,0.0,0.0
2021-07-03 00:00:00+00:00,-0.003189999999999804,0.0,0.0,2.00169286093498,0.00300253929140247,0.0,1.0886180601061555,True,0.0,0.00300253929140247
2021-07-04 00:00:00+00:00,-0.0029610000000002135,0.0,0.0,2.001463137644098,0.003002194706466147,0.0,1.0853946620301809,True,0.0,0.003002194706466147
2021-07-05 00:00:00+00:00,-0.004863568121999728,1.0,10819.886935807304,3.001640687446036,0.0045024610311690545,0.0,1.0801157711521423,True,1.0,0.0045024610311690545
2021-07-06 00:00:00+00:00,-0.0030452794837864117,1.0,10784.927881117712,2.0017340015566947,0.0030026010023350416,0.0,1.0768265167541384,True,1.0,0.0030026010023350416
2021-07-07 00:00:00+00:00,-0.0015023210860780623,0.0,0.0,1.0015473907186603,0.0015023210860779905,0.0,1.0752087775719708,True,0.0,0.0015023210860779905
2021-07-08 00:00:00+00:00,-0.0035970000000000724,0.0,0.0,2.0021014066497447,0.0030031521099746165,0.0,1.0713412515990446,True,0.0,0.0030031521099746165
2021-07-09 00:00:00+00:00,-0.0013999999999998458,1.0,10713.412515990445,1.0,0.0015,0.0,1.069841373846806,True,1.0,0.0015
2021-07-10 00:00:00+00:00,0.0003004205888244016,1.0,10713.412515990445,0.0,0.0,0.0,1.0701627762222858,False,1.0,0.0
2021-07-11 00:00:00+00:00,-0.002956532385624211,1.0,10684.946978935463,2.001158340199611,0.003001737510299416,0.0,1.0669988053164952,True,1.0,0.003001737510299416
2021-07-12 00:00:00+00:00,0.0003004205888239575,1.0,10684.946978935463,0.0,0.0,0.0,1.067319353725863,False,1.0,0.0
2021-07-13 00:00:00+00:00,-0.0018630493542897142,0.0,0.0,1.0014631376440983,0.0015021947064661476,0.0,1.0653308850930832,True,0.0,0.0015021947064661476
2021-07-14 00:00:00+00:00,-0.003098000000000045,0.0,0.0,2.001600557691191,0.0030024008365367857,0.0,1.0620304900110646,True,0.0,0.0030024008365367857
2021-07-15 00:00:00+00:00,-0.0014620000000000744,1.0,10620.304900110646,1.0,0.0015,0.0,1.0604778014346685,True,1.0,0.0015
2021-07-16 00:00:00+00:00,-0.0018276720565466587,0.0,0.0,1.0017901990857663,0.0015026852986286493,0.0,1.0585395957903982,True,0.0,0.0015026852986286493
2021-07-17 00:00:00+00:00,-0.0030729999999998814,0.0,0.0,2.0015754782272515,0.003002363217340877,0.0,1.0552867036125344,True,0.0,0.003002363217340877
2021-07-18 00:00:00+00:00,-0.0012999999999998568,1.0,10552.867036125344,1.0,0.0015,0.0,1.0539148308978383,True,1.0,0.0015
2021-07-19 00:00:00+00:00,-0.0019144888354859502,0.0,0.0,1.001714935970381,0.0015025724039555717,0.0,1.0518971227205314,True,0.0,0.0015025724039555717
2021-07-20 00:00:00+00:00,-0.003066000000000013,0.0,0.0,2.001568456202413,0.0030023526843036196,0.0,1.0486720061422703,True,0.0,0.0030023526843036196
2021-07-21 00:00:00+00:00,-0.003111000000000197,0.0,0.0,2.0016135995088087,0.003002420399263213,0.0,1.0454095875311613,True,0.0,0.003002420399263213
2021-07-22 00:00:00+00:00,-0.0013190000000000701,1.0,10454.095875311614,1.0,0.0015,0.0,1.0440306922852078,True,1.0,0.0015
2021-07-23 00:00:00+00:00,-0.0028329789722647547,1.0,10424.62577903911,2.0013207420587755,0.0030019811130881633,0.0,1.041072975287565,True,1.0,0.0030019811130881633
2021-07-24 00:00:00+00:00,-0.0014339114039014778,0.0,0.0,1.0012666022518486,0.001501899903377773,0.0,1.0395801688760067,True,0.0,0.001501899903377773
2021-07-25 00:00:00+00:00,0.0,0.0,0.0,0.0,0.0,0.0,1.0395801688760067,False,0.0,0.0
2021-07-26 00:00:00+00:00,-0.0014530000000000376,1.0,10395.801688760066,1.0,0.0015,0.0,1.0380696588906297,True,1.0,0.0015
2021-07-27 00:00:00+00:00,-0.001515201587907411,0.0,0.0,1.0014681523112885,0.0015022022284669327,0.0,1.0364967740951203,True,0.0,0.0015022022284669327
2021-07-28 00:00:00+00:00,-0.0013480000000000159,1.0,10364.967740951202,1.0,0.0015,0.0,1.0350995764436401,True,1.0,0.0015
2021-07-29 00:00:00+00:00,-0.0015170449766285232,0.0,0.0,1.001364860304595,0.0015020472904568925,0.0,1.033529283830886,True,0.0,0.0015020472904568925
2021-07-30 00:00:00+00:00,-0.004601246754999733,1.0,10303.82187161621,3.0015473907186605,0.00450232108607799,0.0,1.0287737605674618,True,1.0,0.00450232108607799
2021-07-31 00:00:00+00:00,-0.002900241877570764,1.0,10272.281872867194,2.0015634405306684,0.0030023451607960024,0.0,1.025790067824518,True,1.0,0.0030023451607960024
2021-08-01 00:00:00+00:00,9.08970558783917e-05,1.0,10257.90067824518,0.0014019627478469726,2.1029441217704587e-06,0.0,1.0258833091216324,True,1.0,2.1029441217704587e-06
2021-08-02 00:00:00+00:00,-0.00477194861357233,0.0,0.0,3.001689274555919,0.004502533911833879,0.0,1.0209878466869824,True,0.0,0.004502533911833879
2021-08-03 00:00:00+00:00,-0.0013760000000000439,1.0,10209.878466869824,1.0,0.0015,0.0,1.0195829674099413,True,1.0,0.0015
2021-08-04 00:00:00+00:00,0.00030041336879516045,1.0,10209.878466869824,0.0,0.0,0.0,1.0198892637639472,False,1.0,0.0
2021-08-05 00:00:00+00:00,0.00028530699032147666,1.0,10209.878466869824,0.0,0.0,0.0,1.0201802453002529,False,1.0,0.0
2021-08-06 00:00:00+00:00,-0.003168921216682441,1.0,10183.73096811617,2.0010621269166586,0.0030015931903749882,0.0,1.0169473744760806,True,1.0,0.0030015931903749882
2021-08-07 00:00:00+00:00,5.007009813717822e-05,1.0,10183.73096811617,0.0,0.0,0.0,1.016998293130921,False,1.0,0.0
2021-08-08 00:00:00+00:00,-0.0028110585790815934,1.0,10154.707334857036,2.0013518249637015,0.0030020277374455517,0.0,1.014139451354104,True,1.0,0.0030020277374455517
2021-08-09 00:00:00+00:00,0.0003003938162933206,1.0,10154.707334857036,0.0,0.0,0.0,1.0144440925741498,False,1.0,0.0
2021-08-10 00:00:00+00:00,0.0002722752702983833,1.0,10154.707334857036,0.0,0.0,0.0,1.0147203006136578,False,1.0,0.0
2021-08-11 00:00:00+00:00,-0.003032919127235134,1.0,10130.610214351422,2.00087376279492,0.00300131064419238,0.0,1.011642736005133,True,1.0,0.00300131064419238
2021-08-12 00:00:00+00:00,-0.0014590426597235195,0.0,0.0,1.001358843951242,0.001502038265926863,0.0,1.010166706096902,True,0.0,0.001502038265926863
2021-08-13 00:00:00+00:00,-0.001375000000000015,1.0,10101.667060969019,1.0,0.0015,0.0,1.0087777268760187,True,1.0,0.0015
2021-08-14 00:00:00+00:00,0.00030041306796846357,1.0,10101.667060969019,0.0,0.0,0.0,1.0090807768878478,False,1.0,0.0
2021-08-15 00:00:00+00:00,-0.003194281396501353,1.0,10073.665239876012,2.0012736200446968,0.0030019104300670453,0.0,1.0058574889346679,True,1.0,0.0030019104300670453
2021-08-16 00:00:00+00:00,-0.0030031573296798175,1.0,10042.426803967157,2.0016035673112653,0.0030024053509668984,0.0,1.0028367406441605,True,1.0,0.0030024053509668984
2021-08-17 00:00:00+00:00,-0.001657320248347638,0.0,0.0,1.0015574217908847,0.001502336132686327,0.0,1.001174719008104,True,0.0,0.001502336132686327
2021-08-18 00:00:00+00:00,-0.0013539999999998553,1.0,10011.74719008104,1.0,0.0015,0.0,0.9998191284385671,True,1.0,0.0015
2021-08-19 00:00:00+00:00,-0.0014049022376299014,0.0,0.0,1.0012585820376212,0.0015018878730564318,0.0,0.9984144803077987,True,0.0,0.0015018878730564318
2021-08-20 00:00:00+00:00,-0.0011999999999999789,1.0,9984.144803077987,1.0,0.0015,0.0,0.9972163829314291,True,1.0,0.0015
2021-08-21 00:00:00+00:00,0.0003003604325189091,1.0,9984.144803077987,0.0,0.0,0.0,0.9975159072755214,False,1.0,0.0
2021-08-22 00:00:00+00:00,0.00030027024321888085,1.0,9984.144803077987,0.0,0.0,0.0,0.9978154316196136,False,1.0,0.0
2021-08-23 00:00:00+00:00,0.00030018010806465156,1.0,9984.144803077987,0.0,0.0,0.0,0.9981149559637059,False,1.0,0.0
2021-08-24 00:00:00+00:00,0.0003000900270078155,1.0,9984.144803077987,0.0,0.0,0.0,0.9984144803077981,False,1.0,0.0
2021-08-25 00:00:00+00:00,-0.0015009999999999746,0.0,0.0,1.0000010000010005,0.0015000015000015006,0.0,0.996915860172856,True,0.0,0.0015000015000015006
2021-08-26 00:00:00+00:00,-0.0012670000000000181,1.0,9969.15860172856,1.0,0.0015,0.0,0.995652767778017,True,1.0,0.0015
2021-08-27 00:00:00+00:00,0.0003003805821975014,1.0,9969.15860172856,0.0,0.0,0.0,0.9959518425360687,False,1.0,0.0
2021-08-28 00:00:00+00:00,0.0002642555351026754,1.0,9969.15860172856,0.0,0.0,0.0,0.9962150283231543,False,1.0,0.0
2021-08-29 00:00:00+00:00,0.0002801969784758107,1.0,9969.15860172856,0.0,0.0,0.0,0.9964941647640028,False,1.0,0.0
2021-08-30 00:00:00+00:00,0.00028612102919511884,1.0,9969.15860172856,0.0,0.0,0.0,0.9967792827000121,False,1.0,0.0
2021-08-31 00:00:00+00:00,0.0003000411056315322,1.0,9969.15860172856,0.0,0.0,0.0,0.9970783574580638,False,1.0,0.0
2021-09-01 00:00:00+00:00,0.0002997555398469576,1.0,9970.783574580639,0.00016297343532965632,2.4446015299448447e-07,0.0,0.9973772372193733,True,1.0,2.4446015299448447e-07
2021-09-02 00:00:00+00:00,0.00037788672636018816,1.0,9970.783574580639,0.0,0.0,0.0,0.9977541328384923,False,1.0,0.0
2021-09-03 00:00:00+00:00,0.0003917344997725891,1.0,9970.783574580639,0.0,0.0,0.0,0.9981449875546158,False,1.0,0.0
2021-09-04 00:00:00+00:00,0.00046949775217841605,1.0,9970.783574580639,0.0,0.0,0.0,0.9986136143826209,False,1.0,0.0
2021-09-05 00:00:00+00:00,0.0002995387834985319,1.0,9970.783574580639,0.0,0.0,0.0,0.998912737889858,False,1.0,0.0
2021-09-06 00:00:00+00:00,0.0004312066851122065,1.0,9970.783574580639,0.0,0.0,0.0,0.9993434757402798,False,1.0,0.0
2021-09-07 00:00:00+00:00,0.0002993200180905209,1.0,9970.783574580639,0.0,0.0,0.0,0.999642599247517,False,1.0,0.0
2021-09-08 00:00:00+00:00,-0.0019160723303696114,0.0,0.0,0.9978538602820419,0.001496780790423063,0.0,0.99772721172284,True,0.0,0.001496780790423063
2021-09-09 00:00:00+00:00,-0.004444687605999698,1.0,9947.120800890138,3.0015243200150628,0.004502286480022594,0.0,0.9932926259507269,True,1.0,0.004502286480022594
2021-09-10 00:00:00+00:00,-0.0029520419638823236,1.0,9917.488328024288,2.001481190681017,0.003002221786021526,0.0,0.9903603844365054,True,1.0,0.003002221786021526
2021-09-11 00:00:00+00:00,-0.002966000000000024,1.0,9888.073057643367,2.0014681523112885,0.0030022022284669327,0.0,0.9874229755362667,True,1.0,0.0030022022284669327
2021-09-12 00:00:00+00:00,0.0002613659122772116,1.0,9888.073057643367,0.0,0.0,0.0,0.9876810542430712,False,1.0,0.0
2021-09-13 00:00:00+00:00,9.410718808711138e-05,1.0,9888.073057643367,0.0,0.0,0.0,0.9877740021298131,False,1.0,0.0
2021-09-14 00:00:00+00:00,-0.0028994669429551756,1.0,9862.907911711667,2.0010460931673597,0.0030015691397510397,0.0,0.9849099840635271,True,1.0,0.0030015691397510397
2021-09-15 00:00:00+00:00,-0.001495093130382208,0.0,0.0,1.0013949431558158,0.0015020924147337237,0.0,0.9834374519123088,True,0.0,0.0015020924147337237
2021-09-16 00:00:00+00:00,0.0,0.0,0.0,0.0,0.0,0.0,0.9834374519123088,False,0.0,0.0
2021-09-17 00:00:00+00:00,-0.0012650000000000716,1.0,9834.374519123088,1.0,0.0015,0.0,0.9821934035356399,True,1.0,0.0015
2021-09-18 00:00:00+00:00,-0.001716170956259755,0.0,0.0,1.0014811906810173,0.0015022217860215256,0.0,0.9805077917430621,True,0.0,0.0015022217860215256
2021-09-19 00:00:00+00:00,-0.003054999999999919,0.0,0.0,2.001557421790885,0.003002336132686327,0.0,0.977512340439287,True,0.0,0.003002336132686327
2021-09-20 00:00:00+00:00,-0.0013999999999998458,1.0,9775.12340439287,1.0,0.0015,0.0,0.9761438231626722,True,1.0,0.0015
2021-09-21 00:00:00+00:00,-0.0015932305227316368,0.0,0.0,1.001493226400563,0.0015022398396008446,0.0,0.9745886010290334,True,0.0,0.0015022398396008446
2021-09-22 00:00:00+00:00,0.0,0.0,0.0,0.0,0.0,0.0,0.9745886010290334,False,0.0,0.0
2021-09-23 00:00:00+00:00,0.0,0.0,0.0,0.0,0.0,0.0,0.9745886010290334,False,0.0,0.0
2021-09-24 00:00:00+00:00,0.0,0.0,0.0,0.0,0.0,0.0,0.9745886010290334,False,0.0,0.0
2021-09-25 00:00:00+00:00,0.0,0.0,0.0,0.0,0.0,0.0,0.9745886010290334,False,0.0,0.0
2021-09-26 00:00:00+00:00,0.0,0.0,0.0,0.0,0.0,0.0,0.9745886010290334,False,0.0,0.0
2021-09-27 00:00:00+00:00,-0.0014199999999998658,1.0,9745.886010290335,1.0,0.0015,0.0,0.9732046852155724,True,1.0,0.0015
2021-09-28 00:00:00+00:00,-0.0016353221574636478,0.0,0.0,1.0015554155603652,0.0015023331233405476,0.0,0.971613182030092,True,0.0,0.0015023331233405476
2021-09-29 00:00:00+00:00,-0.0031120000000001147,0.0,0.0,2.0016146027396164,0.0030024219041094244,0.0,0.9685895218076143,True,0.0,0.0030024219041094244
2021-09-30 00:00:00+00:00,-0.0031409999999998384,0.0,0.0,2.001643697307281,0.0030024655459609216,0.0,0.9655471821196167,True,0.0,0.0030024655459609216
2021-10-01 00:00:00+00:00,-0.002923000000000231,0.0,0.0,2.00142502781458,0.0030021375417218707,0.0,0.9627248877062808,True,0.0,0.0030021375417218707
2021-10-02 00:00:00+00:00,-0.0011999999999999789,1.0,9627.248877062808,1.0,0.0015,0.0,0.9615696178410331,True,1.0,0.0015
2021-10-03 00:00:00+00:00,0.0002773327993590424,1.0,9627.248877062808,0.0,0.0,0.0,0.9618362926349276,False,1.0,0.0
2021-10-04 00:00:00+00:00,0.0003002771558144879,1.0,9627.248877062808,0.0,0.0,0.0,0.9621251101012395,False,1.0,0.0
2021-10-05 00:00:00+00:00,0.0003001870165111331,1.0,9627.248877062808,0.0,0.0,0.0,0.9624139275675512,False,1.0,0.0
2021-10-06 00:00:00+00:00,0.0002020652670811085,1.0,9627.248877062808,0.0,0.0,0.0,0.9626083979948679,False,1.0,0.0
2021-10-07 00:00:00+00:00,0.0003000363043927923,1.0,9627.248877062808,0.0,0.0,0.0,0.9628972154611796,False,1.0,0.0
2021-10-08 00:00:00+00:00,0.0002999463096104993,1.0,9627.248877062808,0.0,0.0,0.0,0.9631860329274914,False,1.0,0.0
2021-10-09 00:00:00+00:00,0.00029985636879925615,1.0,9627.248877062808,0.0,0.0,0.0,0.9634748503938032,False,1.0,0.0
2021-10-10 00:00:00+00:00,0.0002997664819104351,1.0,9627.248877062808,0.0,0.0,0.0,0.9637636678601149,False,1.0,0.0
2021-10-11 00:00:00+00:00,0.0002996766488956304,1.0,9627.248877062808,0.0,0.0,0.0,0.9640524853264267,False,1.0,0.0
2021-10-12 00:00:00+00:00,0.00029958686970643633,1.0,9627.248877062808,0.0,0.0,0.0,0.9643413027927386,False,1.0,0.0
2021-10-13 00:00:00+00:00,0.0002994971442946692,1.0,9627.248877062808,0.0,0.0,0.0,0.9646301202590503,False,1.0,0.0
2021-10-14 00:00:00+00:00,0.0005688741979619216,1.0,9627.248877062808,0.0,0.0,0.0,0.9651788734450428,False,1.0,0.0
2021-10-15 00:00:00+00:00,0.00046282027112898305,1.0,9627.248877062808,0.0,0.0,0.0,0.9656255777929386,False,1.0,0.0
2021-10-16 00:00:00+00:00,0.0006071705949970418,1.0,9627.248877062808,0.0,0.0,0.0,0.9662118772495516,False,1.0,0.0
2021-10-17 00:00:00+00:00,0.00043442650719094367,1.0,9627.248877062808,0.0,0.0,0.0,0.9666316253005917,False,1.0,0.0
2021-10-18 00:00:00+00:00,0.0007150981317809446,1.0,9627.248877062808,0.0,0.0,0.0,0.9673228617699647,False,1.0,0.0
2021-10-19 00:00:00+00:00,0.00029857401052568733,1.0,9627.248877062808,0.0,0.0,0.0,0.9676116792362766,False,1.0,0.0
2021-10-20 00:00:00+00:00,0.0002984848906946169,1.0,9627.248877062808,0.0,0.0,0.0,0.9679004967025883,False,1.0,0.0
2021-10-21 00:00:00+00:00,0.0013656582214014445,1.0,9627.248877062808,0.0,0.0,0.0,0.969222317973409,False,1.0,0.0
2021-10-22 00:00:00+00:00,0.00029798887309540056,1.0,9627.248877062808,0.0,0.0,0.0,0.9695111354397208,False,1.0,0.0
2021-10-23 00:00:00+00:00,0.0002979001021796712,1.0,9627.248877062808,0.0,0.0,0.0,0.9697999529060326,False,1.0,0.0
2021-10-24 00:00:00+00:00,0.0004516805992762496,1.0,9627.248877062808,0.0,0.0,0.0,0.9702379927299389,False,1.0,0.0
2021-10-25 00:00:00+00:00,0.00029767692924398403,1.0,9627.248877062808,0.0,0.0,0.0,0.9705268101962506,False,1.0,0.0
2021-10-26 00:00:00+00:00,0.0003700015077809926,1.0,9627.248877062808,0.0,0.0,0.0,0.9708859065793651,False,1.0,0.0
2021-10-27 00:00:00+00:00,0.0002974782766487216,1.0,9627.248877062808,0.0,0.0,0.0,0.9711747240456768,False,1.0,0.0
2021-10-28 00:00:00+00:00,0.00029738980964055806,1.0,9627.248877062808,0.0,0.0,0.0,0.9714635415119887,False,1.0,0.0
2021-10-29 00:00:00+00:00,0.0005668546602493052,1.0,9627.248877062808,0.0,0.0,0.0,0.9720142201477567,False,1.0,0.0
2021-10-30 00:00:00+00:00,0.0006348740998110003,1.0,9627.248877062808,0.0,0.0,0.0,0.9726313268007764,False,1.0,0.0
2021-10-31 00:00:00+00:00,0.00029694444169492407,1.0,9627.248877062808,0.0,0.0,0.0,0.9729201442670881,False,1.0,0.0
2021-11-01 00:00:00+00:00,0.0004382814593455464,1.0,9729.201442670881,0.010479027102977217,1.5718540654465826e-05,0.0,0.9733465571277442,True,1.0,1.5718540654465826e-05
2021-11-02 00:00:00+00:00,0.000664708670513825,1.0,9729.201442670881,0.0,0.0,0.0,0.973993549023682,False,1.0,0.0
2021-11-03 00:00:00+00:00,0.0007981194496089472,1.0,9729.201442670881,0.0,0.0,0.0,0.9747709122189513,False,1.0,0.0
2021-11-04 00:00:00+00:00,0.00029943039910351743,1.0,9729.201442670881,0.0,0.0,0.0,0.9750627882622317,False,1.0,0.0
2021-11-05 00:00:00+00:00,0.0002993407673781423,1.0,9729.201442670881,0.0,0.0,0.0,0.9753546643055121,False,1.0,0.0
2021-11-06 00:00:00+00:00,0.0002992511892976335,1.0,9729.201442670881,0.0,0.0,0.0,0.9756465403487924,False,1.0,0.0
2021-11-07 00:00:00+00:00,0.0002991616648135853,1.0,9729.201442670881,0.0,0.0,0.0,0.9759384163920728,False,1.0,0.0
2021-11-08 00:00:00+00:00,0.0007646279090147701,1.0,9729.201442670881,0.0,0.0,0.0,0.9766846461427258,False,1.0,0.0
2021-11-09 00:00:00+00:00,0.0009772188651633318,1.0,9729.201442670881,0.0,0.0,0.0,0.9776390808042519,False,1.0,0.0
2021-11-10 00:00:00+00:00,0.0013604016690076381,1.0,9729.201442670881,0.0,0.0,0.0,0.9789690626414649,False,1.0,0.0
2021-11-11 00:00:00+00:00,0.000605237070781639,1.0,9729.201442670881,0.0,0.0,0.0,0.9795615710093237,False,1.0,0.0
2021-11-12 00:00:00+00:00,0.0002979660002173645,1.0,9729.201442670881,0.0,0.0,0.0,0.9798534470526041,False,1.0,0.0
2021-11-13 00:00:00+00:00,0.0002978772429265142,1.0,9729.201442670881,0.0,0.0,0.0,0.9801453230958845,False,1.0,0.0
2021-11-14 00:00:00+00:00,0.000297788538498045,1.0,9729.201442670881,0.0,0.0,0.0,0.9804371991391648,False,1.0,0.0
2021-11-15 00:00:00+00:00,0.00029769988688377325,1.0,9729.201442670881,0.0,0.0,0.0,0.9807290751824452,False,1.0,0.0
2021-11-16 00:00:00+00:00,0.0001944393748509743,1.0,9729.201442670881,0.0,0.0,0.0,0.9809197675307217,False,1.0,0.0
2021-11-17 00:00:00+00:00,-0.0027858330623597993,1.0,9794.60387314321,1.9918447731114939,0.002987767159667241,0.0,0.9781870888108124,True,1.0,0.002987767159667241
2021-11-18 00:00:00+00:00,0.0003003905076601754,1.0,9794.60387314321,0.0,0.0,0.0,0.9784809269270066,False,1.0,0.0
2021-11-19 00:00:00+00:00,0.00030030030030037125,1.0,9794.60387314321,0.0,0.0,0.0,0.9787747650432009,False,1.0,0.0
2021-11-20 00:00:00+00:00,-0.0015090563394376533,0.0,0.0,1.0007085016191466,0.0015010627524287196,0.0,0.9772977387791308,True,0.0,0.0015010627524287196
2021-11-21 00:00:00+00:00,-0.001200000000000201,1.0,9772.977387791309,1.0,0.0015,0.0,0.9761249814925957,True,1.0,0.0015
2021-11-22 00:00:00+00:00,0.000300360432518465,1.0,9772.977387791309,0.0,0.0,0.0,0.9764181708142292,False,1.0,0.0
2021-11-23 00:00:00+00:00,0.0003002702432186588,1.0,9772.977387791309,0.0,0.0,0.0,0.9767113601358628,False,1.0,0.0
2021-11-24 00:00:00+00:00,0.0003001801080644295,1.0,9772.977387791309,0.0,0.0,0.0,0.9770045494574963,False,1.0,0.0
2021-11-25 00:00:00+00:00,0.0003000900270078155,1.0,9772.977387791309,0.0,0.0,0.0,0.9772977387791297,False,1.0,0.0
2021-11-26 00:00:00+00:00,0.00029999999999996696,1.0,9772.977387791309,0.0,0.0,0.0,0.9775909281007633,False,1.0,0.0
2021-11-27 00:00:00+00:00,0.00029991002699159,1.0,9772.977387791309,0.0,0.0,0.0,0.9778841174223968,False,1.0,0.0
2021-11-28 00:00:00+00:00,0.00022686388167092453,1.0,9772.977387791309,0.0,0.0,0.0,0.9781059640090994,False,1.0,0.0
2021-11-29 00:00:00+00:00,0.0002997521050087659,1.0,9772.977387791309,0.0,0.0,0.0,0.9783991533307329,False,1.0,0.0
2021-11-30 00:00:00+00:00,0.00029966228060951394,1.0,9772.977387791309,0.0,0.0,0.0,0.9786923426523665,False,1.0,0.0
2021-12-01 00:00:00+00:00,0.0002978625501408594,1.0,9786.923426523665,0.0014249665726985014,2.137449859047752e-06,0.0,0.9789838584493524,True,1.0,2.137449859047752e-06
2021-12-02 00:00:00+00:00,0.0002999106678438501,1.0,9786.923426523665,0.0,0.0,0.0,0.9792774661521482,False,1.0,0.0
2021-12-03 00:00:00+00:00,0.00029982074840306794,1.0,9786.923426523665,0.0,0.0,0.0,0.979571073854944,False,1.0,0.0
2021-12-04 00:00:00+00:00,-0.0006634043540747481,1.0,9786.923426523665,0.0,0.0,0.0,0.9789212221394229,False,1.0,0.0
2021-12-05 00:00:00+00:00,-0.0014996492881931278,0.0,0.0,0.9997661921287637,0.0014996492881931456,0.0,0.9774531836254444,True,0.0,0.0014996492881931456
2021-12-06 00:00:00+00:00,0.0,0.0,0.0,0.0,0.0,0.0,0.9774531836254444,False,0.0,0.0
2021-12-07 00:00:00+00:00,-0.0030679999999999596,0.0,0.0,2.0015704624851764,0.0030023556937277653,0.0,0.9744543572580816,True,0.0,0.0030023556937277653
2021-12-08 00:00:00+00:00,-0.0013000000000000789,1.0,9744.543572580817,1.0,0.0015,0.0,0.973187566593646,True,1.0,0.0015
2021-12-09 00:00:00+00:00,0.0002973866025834937,1.0,9744.543572580817,0.0,0.0,0.0,0.9734769795377517,False,1.0,0.0
2021-12-10 00:00:00+00:00,0.0002702710818951459,1.0,9744.543572580817,0.0,0.0,0.0,0.9737400822142114,False,1.0,0.0
2021-12-11 00:00:00+00:00,0.00015611443187868446,1.0,9744.543572580817,0.0,0.0,0.0,0.9738920970939436,False,1.0,0.0
2021-12-12 00:00:00+00:00,-0.0045522793531866945,0.0,0.0,3.00213575803037,0.004503203637045554,0.0,0.9694586682081111,True,0.0,0.004503203637045554
2021-12-13 00:00:00+00:00,-0.0030610000000000914,0.0,0.0,2.0015634405306684,0.0030023451607960024,0.0,0.9664911552247261,True,0.0,0.0030023451607960024
2021-12-14 00:00:00+00:00,0.0,0.0,0.0,0.0,0.0,0.0,0.9664911552247261,False,0.0,0.0
2021-12-15 00:00:00+00:00,-0.0012220000000002784,1.0,9664.91155224726,1.0,0.0015,0.0,0.9653101030330413,True,1.0,0.0015
2021-12-16 00:00:00+00:00,0.00022327283940959397,1.0,9664.91155224726,0.0,0.0,0.0,0.9655256305606564,False,1.0,0.0
2021-12-17 00:00:00+00:00,0.0001791789998208948,1.0,9664.91155224726,0.0,0.0,0.0,0.9656986324774416,False,1.0,0.0
2021-12-18 00:00:00+00:00,-0.0028991292860144346,1.0,9642.488957446045,2.0008206729518205,0.003001231009427731,0.0,0.9628989472905621,True,1.0,0.003001231009427731
2021-12-19 00:00:00+00:00,-0.0029479999999998396,1.0,9614.062899999495,2.00145009974443,0.0030021751496166448,0.0,0.9600603211939497,True,1.0,0.0030021751496166448
2021-12-20 00:00:00+00:00,-0.001508111355898234,0.0,0.0,1.0014079796193447,0.0015021119694290169,0.0,0.9586124433212099,True,0.0,0.0015021119694290169
2021-12-21 00:00:00+00:00,-0.0012000000000000899,1.0,9586.124433212099,1.0,0.0015,0.0,0.9574621083892243,True,1.0,0.0015
2021-12-22 00:00:00+00:00,-0.0014217060472566656,0.0,0.0,1.0011212558065035,0.001501681883709755,0.0,0.9561008787197083,True,0.0,0.001501681883709755
2021-12-23 00:00:00+00:00,-0.002935000000000021,0.0,0.0,2.0014370621842343,0.003002155593276352,0.0,0.953294722640666,True,0.0,0.003002155593276352
2021-12-24 00:00:00+00:00,-0.0029160000000000297,0.0,0.0,2.0014180078991854,0.0030021270118487783,0.0,0.9505149152294456,True,0.0,0.0030021270118487783
2021-12-25 00:00:00+00:00,-0.0030720000000000747,0.0,0.0,2.0015744750748174,0.0030023617126122264,0.0,0.9475949334098607,True,0.0,0.0030023617126122264
2021-12-26 00:00:00+00:00,-0.003043000000000018,0.0,0.0,2.0015453845283275,0.003002318076792491,0.0,0.9447114020274945,True,0.0,0.003002318076792491
2021-12-27 00:00:00+00:00,-0.0013440000000000119,1.0,9447.114020274945,1.0,0.0015,0.0,0.9434417099031697,True,1.0,0.0015
2021-12-28 00:00:00+00:00,-0.0014849958344013148,0.0,0.0,1.0013287632688577,0.0015019931449032865,0.0,0.9420407028939629,True,0.0,0.0015019931449032865
2021-12-29 00:00:00+00:00,-0.001206999999999958,1.0,9420.40702893963,1.0,0.0015,0.0,0.94090365976557,True,1.0,0.0015
2021-12-30 00:00:00+00:00,-0.0015028138963727455,0.0,0.0,1.0012094610289228,0.0015018141915433842,0.0,0.9394896566705263,True,0.0,0.0015018141915433842
2021-12-31 00:00:00+00:00,-0.001466999999999996,1.0,9394.896566705263,1.0,0.0015,0.0,0.9381114253441907,True,1.0,0.0015
2022-01-01 00:00:00+00:00,-0.0029130811190015704,1.0,9367.021908591849,2.001469155250753,0.0030022037328761293,0.0,0.9353786306635007,True,1.0,0.0030022037328761293
2022-01-02 00:00:00+00:00,-0.003238755910100921,1.0,9338.040342806664,2.001596544892559,0.0030023948173388383,0.0,0.9323491675952571,True,1.0,0.0030023948173388383
2022-01-03 00:00:00+00:00,-0.0028842614072724926,1.0,9309.484615438361,2.0015604311517343,0.0030023406467276016,0.0,0.9296600288730595,True,1.0,0.0030023406467276016
2022-01-04 00:00:00+00:00,-0.001601216083058854,0.0,0.0,1.0014852025553895,0.0015022278038330844,0.0,0.9281714422830509,True,0.0,0.0015022278038330844
2022-01-05 00:00:00+00:00,-0.0012010000000002297,1.0,9281.71442283051,1.0,0.0015,0.0,0.927056708380869,True,1.0,0.0015
2022-01-06 00:00:00+00:00,-0.0014307182926697193,0.0,0.0,1.0011312783445292,0.001501696917516794,0.0,0.9257303513898465,True,0.0,0.001501696917516794
2022-01-07 00:00:00+00:00,-0.0013999999999999568,1.0,9257.303513898465,1.0,0.0015,0.0,0.9244343288979008,True,1.0,0.0015
2022-01-08 00:00:00+00:00,-5.407570598825462e-05,1.0,9257.303513898465,0.0,0.0,0.0,0.9243843394589257,False,1.0,0.0
2022-01-09 00:00:00+00:00,-0.004581551439793219,0.0,0.0,3.0030426302310502,0.004504563945346576,0.0,0.9201492250575553,True,0.0,0.004504563945346576
2022-01-10 00:00:00+00:00,-0.003050999999999915,0.0,0.0,2.001553409337883,0.003002330114006825,0.0,0.9173418497719047,True,0.0,0.003002330114006825
2022-01-11 00:00:00+00:00,-0.0014480000000000048,1.0,9173.418497719047,1.0,0.0015,0.0,0.9160135387734349,True,1.0,0.0015
2022-01-12 00:00:00+00:00,-0.001723495621660076,0.0,0.0,1.0016717902178736,0.0015025076853268104,0.0,0.9144347934499776,True,0.0,0.0015025076853268104
2022-01-13 00:00:00+00:00,0.0,0.0,0.0,0.0,0.0,0.0,0.9144347934499776,False,0.0,0.0
2022-01-14 00:00:00+00:00,-0.0030719999999999636,0.0,0.0,2.0015744750748174,0.0030023617126122264,0.0,0.9116256497644992,True,0.0,0.0030023617126122264
2022-01-15 00:00:00+00:00,-0.003143000000000118,0.0,0.0,2.001645703891494,0.0030024685558372407,0.0,0.9087604103472893,True,0.0,0.0030024685558372407
2022-01-16 00:00:00+00:00,0.0,0.0,0.0,0.0,0.0,0.0,0.9087604103472893,False,0.0,0.0
2022-01-17 00:00:00+00:00,-0.0031079999999998886,0.0,0.0,2.001610589828444,0.0030024158847426663,0.0,0.90593598299193,True,0.0,0.0030024158847426663
2022-01-18 00:00:00+00:00,-0.0012380000000001834,1.0,9059.3598299193,1.0,0.0015,0.0,0.904814434244986,True,1.0,0.0015
2022-01-19 00:00:00+00:00,0.0001782206371487849,1.0,9059.3598299193,0.0,0.0,0.0,0.9049756908499584,False,1.0,0.0
2022-01-20 00:00:00+00:00,-0.002799639617994898,1.0,9036.167868754706,2.0010611247922796,0.00300159168718842,0.0,0.9024420850525326,True,1.0,0.00300159168718842
2022-01-21 00:00:00+00:00,-0.0014568939621507626,0.0,0.0,1.00125657700414,0.0015018848655062099,0.0,0.901127322627629,True,0.0,0.0015018848655062099
2022-01-22 00:00:00+00:00,-0.0031320000000001347,0.0,0.0,2.0016346677778136,0.0030024520016667207,0.0,0.8983049918531592,True,0.0,0.0030024520016667207
2022-01-23 00:00:00+00:00,0.0,0.0,0.0,0.0,0.0,0.0,0.8983049918531592,False,0.0,0.0
2022-01-24 00:00:00+00:00,0.0,0.0,0.0,0.0,0.0,0.0,0.8983049918531592,False,0.0,0.0
2022-01-25 00:00:00+00:00,0.0,0.0,0.0,0.0,0.0,0.0,0.8983049918531592,False,0.0,0.0
2022-01-26 00:00:00+00:00,-0.0032209999999998074,0.0,0.0,2.001723966947116,0.003002585950420674,0.0,0.8954115514744002,True,0.0,0.003002585950420674
2022-01-27 00:00:00+00:00,0.0,0.0,0.0,0.0,0.0,0.0,0.8954115514744002,False,0.0,0.0
2022-01-28 00:00:00+00:00,-0.0012279999999998958,1.0,8954.115514744002,1.0,0.0015,0.0,0.8943119860891898,True,1.0,0.0015
2022-01-29 00:00:00+00:00,-0.0015509045107391373,0.0,0.0,1.0012786328141032,0.001501917949221155,0.0,0.892924993595956,True,0.0,0.001501917949221155
2022-01-30 00:00:00+00:00,-0.0015290000000000026,1.0,8929.24993595956,1.0,0.0015,0.0,0.8915597112807478,True,1.0,0.0015
2022-01-31 00:00:00+00:00,-0.0015022970121314483,0.0,0.0,1.0015313414210327,0.0015022970121315493,0.0,0.8902203237903539,True,0.0,0.0015022970121315493
2022-02-01 00:00:00+00:00,-0.003159000000000023,0.0,0.0,2.001661756854622,0.003002492635281933,0.0,0.8874081177875002,True,0.0,0.003002492635281933
2022-02-02 00:00:00+00:00,0.0,0.0,0.0,0.0,0.0,0.0,0.8874081177875002,False,0.0,0.0
2022-02-03 00:00:00+00:00,-0.0014649999999999386,1.0,8874.081177875001,1.0,0.0015,0.0,0.8861080648949415,True,1.0,0.0015
2022-02-04 00:00:00+00:00,-0.0015162212641521844,0.0,0.0,1.0014811906810173,0.0015022217860215258,0.0,0.8847645290046112,True,0.0,0.0015022217860215258
2022-02-05 00:00:00+00:00,-0.001442999999999972,1.0,8847.645290046112,1.0,0.0015,0.0,0.8834878137892576,True,1.0,0.0015
2022-02-06 00:00:00+00:00,-0.004534605544800896,0.0,0.0,3.0029844512635777,0.0045044766768953665,0.0,0.8794815450500848,True,0.0,0.0045044766768953665
2022-02-07 00:00:00+00:00,-0.0030079999999998996,0.0,0.0,2.0015102774984674,0.0030022654162477017,0.0,0.8768360645625742,True,0.0,0.0030022654162477017
2022-02-08 00:00:00+00:00,0.0,0.0,0.0,0.0,0.0,0.0,0.8768360645625742,False,0.0,0.0
2022-02-09 00:00:00+00:00,-0.0030449999999998534,0.0,0.0,2.0015473907186605,0.0030023210860779907,0.0,0.8741660987459813,True,0.0,0.0030023210860779907
2022-02-10 00:00:00+00:00,-0.00309399999999993,0.0,0.0,2.001596544892559,0.0030023948173388383,0.0,0.8714614288364612,True,0.0,0.0030023948173388383
2022-02-11 00:00:00+00:00,-0.0013510000000001021,1.0,8714.614288364612,1.0,0.0015,0.0,0.8702840844461031,True,1.0,0.0015
2022-02-12 00:00:00+00:00,-0.002899926400567132,1.0,8689.768923028483,2.0013528276701824,0.003002029241505274,0.0,0.8677603246536244,True,1.0,0.003002029241505274
2022-02-13 00:00:00+00:00,-0.001540156218705957,0.0,0.0,1.0014400708218416,0.0015021601062327624,0.0,0.8664238381932627,True,0.0,0.0015021601062327624
2022-02-14 00:00:00+00:00,-0.0011999999999999789,1.0,8664.238381932628,1.0,0.0015,0.0,0.8653841295874308,True,1.0,0.0015
2022-02-15 00:00:00+00:00,0.00016419703644365846,1.0,8664.238381932628,0.0,0.0,0.0,0.8655262230968945,False,1.0,0.0
2022-02-16 00:00:00+00:00,-0.0028475315146493374,1.0,8642.265873396045,2.001037074409088,0.0030015556116136316,0.0,0.8630616098998708,True,1.0,0.0030015556116136316
2022-02-17 00:00:00+00:00,-0.0015971529621929825,0.0,0.0,1.0014450852580272,0.001502167627887041,0.0,0.8616831684930641,True,0.0,0.001502167627887041
2022-02-18 00:00:00+00:00,0.0,0.0,0.0,0.0,0.0,0.0,0.8616831684930641,False,0.0,0.0
2022-02-19 00:00:00+00:00,-0.0014439999999998898,1.0,8616.831684930641,1.0,0.0015,0.0,0.8604388979977603,True,1.0,0.0015
2022-02-20 00:00:00+00:00,0.00012518076101897258,1.0,8616.831684930641,0.0,0.0,0.0,0.8605466083938219,False,1.0,0.0
2022-02-21 00:00:00+00:00,-0.0029997281414183563,1.0,8592.540836410824,2.001320742058775,0.003001981113088163,0.0,0.8579652025156209,True,1.0,0.003001981113088163
2022-02-22 00:00:00+00:00,-0.0029560660991485577,1.0,8566.763213901593,2.00150225338007,0.003002253380070105,0.0,0.8554290006662153,True,1.0,0.003002253380070105
2022-02-23 00:00:00+00:00,-0.0015352353026004684,0.0,0.0,1.001491220427216,0.001502236830640824,0.0,0.8541157158655244,True,0.0,0.001502236830640824
2022-02-24 00:00:00+00:00,0.0,0.0,0.0,0.0,0.0,0.0,0.8541157158655244,False,0.0,0.0
2022-02-25 00:00:00+00:00,-0.004602510200000021,1.0,8513.765667647436,3.0017099188314456,0.004502564878247168,0.0,0.850184639571273,True,1.0,0.004502564878247168
2022-02-26 00:00:00+00:00,-0.0015421590226317727,0.0,0.0,1.00144207659029,0.001502163114885435,0.0,0.8488735196584551,True,0.0,0.001502163114885435
2022-02-27 00:00:00+00:00,0.0,0.0,0.0,0.0,0.0,0.0,0.8488735196584551,False,0.0,0.0
2022-02-28 00:00:00+00:00,-0.003118999999999983,0.0,0.0,2.0016216254115413,0.0030024324381173117,0.0,0.8462258831506406,True,0.0,0.0030024324381173117
2022-03-01 00:00:00+00:00,-0.0011999999999998678,1.0,8462.258831506406,1.0,0.0015,0.0,0.84521041209086,True,1.0,0.0015
2022-03-02 00:00:00+00:00,0.0002142571085306244,1.0,8462.258831506406,0.0,0.0,0.0,0.8453915044298543,False,1.0,0.0
2022-03-03 00:00:00+00:00,0.0002752714176179616,1.0,8462.258831506406,0.0,0.0,0.0,0.8456242165477208,False,1.0,0.0
2022-03-04 00:00:00+00:00,0.00030021345176423075,1.0,8462.258831506406,0.0,0.0,0.0,0.8458780843126662,False,1.0,0.0
2022-03-05 00:00:00+00:00,6.602713715331276e-05,1.0,8462.258831506406,0.0,0.0,0.0,0.8459339352209542,False,1.0,0.0
2022-03-06 00:00:00+00:00,-0.0015005176785991559,0.0,0.0,1.0003451190660773,0.0015005176785991157,0.0,0.844664596396228,True,0.0,0.0015005176785991157
2022-03-07 00:00:00+00:00,-0.001200000000000201,1.0,8446.64596396228,1.0,0.0015,0.0,0.8436509988805525,True,1.0,0.0015
2022-03-08 00:00:00+00:00,-0.0014467360832999265,0.0,0.0,1.0011463125278446,0.0015017194687917668,0.0,0.84243045853876,True,0.0,0.0015017194687917668
2022-03-09 00:00:00+00:00,-0.0030009999999999204,0.0,0.0,2.001503256387838,0.003002254884581757,0.0,0.8399023247326851,True,0.0,0.003002254884581757
2022-03-10 00:00:00+00:00,-0.0013100000000001444,1.0,8399.023247326852,1.0,0.0015,0.0,0.8388020526872854,True,1.0,0.0015
2022-03-11 00:00:00+00:00,-0.0015019675775266306,0.0,0.0,1.0013117183510398,0.0015019675775265599,0.0,0.8375421992001862,True,0.0,0.0015019675775265599
2022-03-12 00:00:00+00:00,0.0,0.0,0.0,0.0,0.0,0.0,0.8375421992001862,False,0.0,0.0
2022-03-13 00:00:00+00:00,0.0,0.0,0.0,0.0,0.0,0.0,0.8375421992001862,False,0.0,0.0
2022-03-14 00:00:00+00:00,-0.0031890000000001084,0.0,0.0,2.0016918575473976,0.0030025377863210963,0.0,0.8348712771269368,True,0.0,0.0030025377863210963
2022-03-15 00:00:00+00:00,-0.0013299999999999423,1.0,8348.712771269367,1.0,0.0015,0.0,0.8337608983283581,True,1.0,0.0015
2022-03-16 00:00:00+00:00,-0.003034692090480018,1.0,8325.085914126677,2.00133177125577,0.0030019976568836553,0.0,0.8312306907248495,True,1.0,0.0030019976568836553
2022-03-17 00:00:00+00:00,-0.0029581156775649875,1.0,8299.819278377305,2.0015373598473656,0.0030023060397710486,0.0,0.8287718141869431,True,1.0,0.0030023060397710486
2022-03-18 00:00:00+00:00,-0.0015021901933017778,0.0,0.0,1.0014601288678893,0.0015021901933018342,0.0,0.8275268412951866,True,0.0,0.0015021901933018342
2022-03-19 00:00:00+00:00,-0.0030799999999999716,0.0,0.0,2.001582500350554,0.0030023737505258307,0.0,0.8249780586239974,True,0.0,0.0030023737505258307
2022-03-20 00:00:00+00:00,-0.003139000000000003,0.0,0.0,2.001641690731108,0.0030024625360966627,0.0,0.8223884524979767,True,0.0,0.0030024625360966627
2022-03-21 00:00:00+00:00,-0.0015090000000002046,1.0,8223.884524979767,1.0,0.0015,0.0,0.821147468323157,True,1.0,0.0015
2022-03-22 00:00:00+00:00,-0.002954082624680665,1.0,8199.1388564441,2.0015112805223083,0.0030022669207834625,0.0,0.8187217308546831,True,1.0,0.0030022669207834625
2022-03-23 00:00:00+00:00,-0.0015662773672918684,0.0,0.0,1.0015203078272816,0.0015022804617409228,0.0,0.8174393855375354,True,0.0,0.0015022804617409228
2022-03-24 00:00:00+00:00,-0.003039000000000014,0.0,0.0,2.001541372171772,0.0030023120582576583,0.0,0.8149551872448867,True,0.0,0.0030023120582576583
2022-03-25 00:00:00+00:00,-0.0012780000000001124,1.0,8149.5518724488675,1.0,0.0015,0.0,0.8139136745155878,True,1.0,0.0015
2022-03-26 00:00:00+00:00,-0.0014228183618666401,0.0,0.0,1.0012004393267526,0.0015018006589901291,0.0,0.8127556231945128,True,0.0,0.0015018006589901291
2022-03-27 00:00:00+00:00,-0.0013079999999999758,1.0,8127.556231945128,1.0,0.0015,0.0,0.8116925388393744,True,1.0,0.0015
2022-03-28 00:00:00+00:00,0.0003003929139313577,1.0,8127.556231945128,0.0,0.0,0.0,0.8119363655263329,False,1.0,0.0
2022-03-29 00:00:00+00:00,8.508576645271937e-05,1.0,8127.556231945128,0.0,0.0,0.0,0.8120054497543044,False,1.0,0.0
2022-03-30 00:00:00+00:00,-0.0028373769249018244,1.0,8107.8631631951275,2.0009238527160567,0.0030013857790740853,0.0,0.8097014842282773,True,1.0,0.0030013857790740853
2022-03-31 00:00:00+00:00,0.00018624920143173185,1.0,8107.8631631951275,0.0,0.0,0.0,0.8098522904831127,False,1.0,0.0
2022-04-01 00:00:00+00:00,-0.003131279169603318,1.0,8086.361110086334,2.001153328634587,0.0030017299929518807,0.0,0.8073164168754674,True,1.0,0.0030017299929518807
2022-04-02 00:00:00+00:00,-0.0028074882969006953,1.0,8061.034627089544,2.0016346677778136,0.00300245200166672,0.0,0.8050498854831938,True,1.0,0.00300245200166672
2022-04-03 00:00:00+00:00,0.000300392613145517,1.0,8061.034627089544,0.0,0.0,0.0,0.8052917165220065,False,1.0,0.0
2022-04-04 00:00:00+00:00,0.0003003024045213909,1.0,8061.034627089544,0.0,0.0,0.0,0.8055335475608192,False,1.0,0.0
2022-04-05 00:00:00+00:00,0.00030021225006060526,1.0,8061.034627089544,0.0,0.0,0.0,0.8057753785996319,False,1.0,0.0
2022-04-06 00:00:00+00:00,0.0002521026057604736,1.0,8061.034627089544,0.0,0.0,0.0,0.8059785166722345,False,1.0,0.0
2022-04-07 00:00:00+00:00,0.0003000465072084957,1.0,8061.034627089544,0.0,0.0,0.0,0.8062203477110472,False,1.0,0.0
2022-04-08 00:00:00+00:00,0.0002009708592256576,1.0,8061.034627089544,0.0,0.0,0.0,0.8063823745070517,False,1.0,0.0
2022-04-09 00:00:00+00:00,-0.001423507466416618,0.0,0.0,0.9995781780088802,0.0014993672670133202,0.0,0.8052344831761542,True,0.0,0.0014993672670133202
2022-04-10 00:00:00+00:00,-0.0030610000000000914,0.0,0.0,2.0015634405306684,0.0030023451607960024,0.0,0.802769660423152,True,0.0,0.0030023451607960024
2022-04-11 00:00:00+00:00,-0.003003000000000089,0.0,0.0,2.0015052624094016,0.0030022578936141023,0.0,0.8003589431329012,True,0.0,0.0030022578936141023
2022-04-12 00:00:00+00:00,-0.003025999999999973,0.0,0.0,2.0015283322349906,0.003002292498352486,0.0,0.797937056970981,True,0.0,0.003002292498352486
2022-04-13 00:00:00+00:00,-0.0013649999999999496,1.0,7979.37056970981,1.0,0.0015,0.0,0.7968478728882157,True,1.0,0.0015
2022-04-14 00:00:00+00:00,-0.0015401022395570285,0.0,0.0,1.0014049711745578,0.0015021074567618366,0.0,0.7956206456945943,True,0.0,0.0015021074567618366
2022-04-15 00:00:00+00:00,-0.0014059999999999073,1.0,7956.2064569459435,1.0,0.0015,0.0,0.7945020030667477,True,1.0,0.0015
2022-04-16 00:00:00+00:00,-0.003055782830659881,1.0,7933.0379837433165,2.001413996563147,0.003002120994844721,0.0,0.7920741774868514,True,1.0,0.003002120994844721
2022-04-17 00:00:00+00:00,-0.003006066102458904,1.0,7908.842217892899,2.0015524062296564,0.003002328609344484,0.0,0.7896931501512752,True,1.0,0.003002328609344484
2022-04-18 00:00:00+00:00,-0.0015022624071852064,0.0,0.0,1.001508271456814,0.001502262407185221,0.0,0.7885068238185913,True,0.0,0.001502262407185221
2022-04-19 00:00:00+00:00,-0.0015979999999998773,1.0,7885.068238185913,1.0,0.0015,0.0,0.7872467899141293,True,1.0,0.0015
2022-04-20 00:00:00+00:00,-0.004587758417951782,0.0,0.0,3.003193089817271,0.004504789634725906,0.0,0.7836350918266951,True,0.0,0.004504789634725906
2022-04-21 00:00:00+00:00,-0.003041999999999878,0.0,0.0,2.0015443814361746,0.003002316572154262,0.0,0.7812512738773584,True,0.0,0.003002316572154262
2022-04-22 00:00:00+00:00,-0.0030720000000000747,0.0,0.0,2.0015744750748174,0.0030023617126122264,0.0,0.778851269964007,True,0.0,0.0030023617126122264
2022-04-23 00:00:00+00:00,-0.0030449999999999644,0.0,0.0,2.0015473907186605,0.0030023210860779907,0.0,0.7764796678469666,True,0.0,0.0030023210860779907
2022-04-24 00:00:00+00:00,0.0,0.0,0.0,0.0,0.0,0.0,0.7764796678469666,False,0.0,0.0
2022-04-25 00:00:00+00:00,-0.0015209999999999946,1.0,7764.796678469666,1.0,0.0015,0.0,0.7752986422721714,True,1.0,0.0015
2022-04-26 00:00:00+00:00,-0.0028632373610262274,1.0,7741.339227704009,2.0015233169651037,0.003002284975447656,0.0,0.7730787782336649,True,1.0,0.003002284975447656
2022-04-27 00:00:00+00:00,-0.0016893025193337463,0.0,0.0,1.001552406229656,0.0015023286093444838,0.0,0.7717728143059512,True,0.0,0.0015023286093444838
2022-04-28 00:00:00+00:00,-0.0032040000000000957,0.0,0.0,2.0017069085722072,0.0030025603628583107,0.0,0.7693000542089149,True,0.0,0.0030025603628583107
2022-04-29 00:00:00+00:00,-0.0013000000000000789,1.0,7693.000542089149,1.0,0.0015,0.0,0.7682999641384433,True,1.0,0.0015
2022-04-30 00:00:00+00:00,-0.0014699108841496056,0.0,0.0,1.0012696098653093,0.001501904414797964,0.0,0.7671706316588646,True,0.0,0.001501904414797964
2022-05-01 00:00:00+00:00,-0.0030609999999999804,0.0,0.0,2.0015634405306684,0.0030023451607960024,0.0,0.7648223223553567,True,0.0,0.0030023451607960024
2022-05-02 00:00:00+00:00,-0.003078999999999943,0.0,0.0,2.0015814971840538,0.00300237224577608,0.0,0.7624674344248247,True,0.0,0.00300237224577608
2022-05-03 00:00:00+00:00,-0.0011999999999998678,1.0,7624.674344248247,1.0,0.0015,0.0,0.761552473503515,True,1.0,0.0015
2022-05-04 00:00:00+00:00,0.00030036043251913114,1.0,7624.674344248247,0.0,0.0,0.0,0.7617812137338426,False,1.0,0.0
2022-05-05 00:00:00+00:00,0.0003002702432191029,1.0,7624.674344248247,0.0,0.0,0.0,0.7620099539641702,False,1.0,0.0
2022-05-06 00:00:00+00:00,-0.0015689413648187767,0.0,0.0,1.0006684465222764,0.0015010026697834147,0.0,0.760814405026992,True,0.0,0.0015010026697834147
2022-05-07 00:00:00+00:00,-0.0013850000000000806,1.0,7608.144050269921,1.0,0.0015,0.0,0.7597606770760297,True,1.0,0.0015
2022-05-08 00:00:00+00:00,-0.0015020803813281525,0.0,0.0,1.0013869208854262,0.0015020803813281395,0.0,0.7586194554684892,True,0.0,0.0015020803813281395
2022-05-09 00:00:00+00:00,0.0,0.0,0.0,0.0,0.0,0.0,0.7586194554684892,False,0.0,0.0
2022-05-10 00:00:00+00:00,-0.003167000000000142,0.0,0.0,2.0016697835291435,0.0030025046752937146,0.0,0.7562169076530204,True,0.0,0.0030025046752937146
2022-05-11 00:00:00+00:00,0.0,0.0,0.0,0.0,0.0,0.0,0.7562169076530204,False,0.0,0.0
2022-05-12 00:00:00+00:00,-0.0030810000000001114,0.0,0.0,2.001583503519064,0.0030023752552785954,0.0,0.7538870033605414,True,0.0,0.0030023752552785954
2022-05-13 00:00:00+00:00,0.0,0.0,0.0,0.0,0.0,0.0,0.7538870033605414,False,0.0,0.0
2022-05-14 00:00:00+00:00,0.0,0.0,0.0,0.0,0.0,0.0,0.7538870033605414,False,0.0,0.0
2022-05-15 00:00:00+00:00,-0.0015650000000000386,1.0,7538.8700336054135,1.0,0.0015,0.0,0.7527071702002821,True,1.0,0.0015
2022-05-16 00:00:00+00:00,-0.0015023511795960731,0.0,0.0,1.0015674530640453,0.0015023511795960681,0.0,0.7515763396952412,True,0.0,0.0015023511795960681
2022-05-17 00:00:00+00:00,0.0,0.0,0.0,0.0,0.0,0.0,0.7515763396952412,False,0.0,0.0
2022-05-18 00:00:00+00:00,0.0,0.0,0.0,0.0,0.0,0.0,0.7515763396952412,False,0.0,0.0
2022-05-19 00:00:00+00:00,0.0,0.0,0.0,0.0,0.0,0.0,0.7515763396952412,False,0.0,0.0
2022-05-20 00:00:00+00:00,-0.0014000000000000679,1.0,7515.763396952412,1.0,0.0015,0.0,0.7505241328196678,True,1.0,0.0015
2022-05-21 00:00:00+00:00,-0.003070000000000128,1.0,7492.690003323767,2.0015724687759784,0.0030023587031639677,0.0,0.7482200237319114,True,1.0,0.0030023587031639677
2022-05-22 00:00:00+00:00,-0.0014400160224314895,0.0,0.0,1.0013397926425556,0.0015020096889638334,0.0,0.7471425749094336,True,0.0,0.0015020096889638334
2022-05-23 00:00:00+00:00,-0.004452628999999875,1.0,7449.011471847053,3.00150225338007,0.004502253380070105,0.0,0.7438158262132573,True,1.0,0.004502253380070105
2022-05-24 00:00:00+00:00,-0.0015893156328772307,0.0,0.0,1.001546387622489,0.0015023195814337336,0.0,0.7426336680926751,True,0.0,0.0015023195814337336
2022-05-25 00:00:00+00:00,-0.0015240000000000808,1.0,7426.336680926751,1.0,0.0015,0.0,0.7415018943825018,True,1.0,0.0015
2022-05-26 00:00:00+00:00,-0.003034983474815678,1.0,7403.879438803628,2.0015263261210086,0.003002289489181513,0.0,0.7392514483865064,True,1.0,0.003002289489181513
2022-05-27 00:00:00+00:00,-0.001502306039770973,0.0,0.0,1.0015373598473658,0.0015023060397710486,0.0,0.7381408664706859,True,0.0,0.0015023060397710486
2022-05-28 00:00:00+00:00,0.0,0.0,0.0,0.0,0.0,0.0,0.7381408664706859,False,0.0,0.0
2022-05-29 00:00:00+00:00,-0.003043000000000129,0.0,0.0,2.0015453845283275,0.003002318076792491,0.0,0.7358947038140156,True,0.0,0.003002318076792491
2022-05-30 00:00:00+00:00,-0.0014219999999997013,1.0,7358.947038140155,1.0,0.0015000000000000002,0.0,0.734848261545192,True,1.0,0.0015000000000000002
2022-05-31 00:00:00+00:00,0.0002072947731670549,1.0,7358.947038140155,0.0,0.0,0.0,0.7350005917488814,False,1.0,0.0
2022-06-01 00:00:00+00:00,-0.0031104022979466794,1.0,7338.57059661206,2.0012723058543997,0.0030019084587815993,0.0,0.7327144442193135,True,1.0,0.0030019084587815993
2022-06-02 00:00:00+00:00,-0.001502339142044118,0.0,0.0,1.0015594280294418,0.0015023391420441628,0.0,0.7316136586298218,True,0.0,0.0015023391420441628
2022-06-03 00:00:00+00:00,0.0,0.0,0.0,0.0,0.0,0.0,0.7316136586298218,False,0.0,0.0
2022-06-04 00:00:00+00:00,0.0,0.0,0.0,0.0,0.0,0.0,0.7316136586298218,False,0.0,0.0
2022-06-05 00:00:00+00:00,0.0,0.0,0.0,0.0,0.0,0.0,0.7316136586298218,False,0.0,0.0
2022-06-06 00:00:00+00:00,0.0,0.0,0.0,0.0,0.0,0.0,0.7316136586298218,False,0.0,0.0
2022-06-07 00:00:00+00:00,-0.003201999999999927,0.0,0.0,2.001704901742766,0.003002557352614149,0.0,0.729271031694889,True,0.0,0.003002557352614149
2022-06-08 00:00:00+00:00,-0.0014579999999999593,1.0,7292.710316948891,1.0,0.0015,0.0,0.728207754530678,True,1.0,0.0015
2022-06-09 00:00:00+00:00,-0.0029110706029390476,1.0,7271.138479831357,2.0014601288678895,0.0030021901933018342,0.0,0.7260878903436314,True,1.0,0.0030021901933018342
2022-06-10 00:00:00+00:00,-0.0016703568735486618,0.0,0.0,1.0015814971840535,0.0015023722457760803,0.0,0.7248750644451956,True,0.0,0.0015023722457760803
2022-06-11 00:00:00+00:00,-0.0030170000000000474,0.0,0.0,2.0015193047853597,0.0030022789571780392,0.0,0.7226881163757644,True,0.0,0.0030022789571780392
2022-06-12 00:00:00+00:00,-0.00301499999999999,0.0,0.0,2.001517298707542,0.003002275948061313,0.0,0.7205092117048915,True,0.0,0.003002275948061313
2022-06-13 00:00:00+00:00,0.0,0.0,0.0,0.0,0.0,0.0,0.7205092117048915,False,0.0,0.0
2022-06-14 00:00:00+00:00,-0.003190000000000137,0.0,0.0,2.0016928609349804,0.00300253929140247,0.0,0.7182107873195528,True,0.0,0.00300253929140247
2022-06-15 00:00:00+00:00,-0.003286999999999929,0.0,0.0,2.0017901990857663,0.0030026852986286493,0.0,0.7158500284616335,True,0.0,0.0030026852986286493
2022-06-16 00:00:00+00:00,-0.003138999999999892,0.0,0.0,2.001641690731108,0.0030024625360966627,0.0,0.7136029752222924,True,0.0,0.0030024625360966627
2022-06-17 00:00:00+00:00,0.0,0.0,0.0,0.0,0.0,0.0,0.7136029752222924,False,0.0,0.0
2022-06-18 00:00:00+00:00,-0.0015880000000000338,1.0,7136.029752222924,1.0,0.0015000000000000002,0.0,0.7124697736976393,True,1.0,0.0015000000000000002
2022-06-19 00:00:00+00:00,-0.0029002824485283574,1.0,7113.993692348059,2.001590525754899,0.0030023857886323484,0.0,0.7104034101178771,True,1.0,0.0030023857886323484
2022-06-20 00:00:00+00:00,-0.0015441618265571444,0.0,0.0,1.001444082366773,0.0015021661235501596,0.0,0.709306432290517,True,0.0,0.0015021661235501596
2022-06-21 00:00:00+00:00,-0.0015170000000001016,1.0,7093.06432290517,1.0,0.0015,0.0,0.7082304144327323,True,1.0,0.0015
2022-06-22 00:00:00+00:00,-0.0029001757666380357,1.0,7071.664547842965,2.0015193047853597,0.0030022789571780397,0.0,0.7061764217475984,True,1.0,0.0030022789571780397
2022-06-23 00:00:00+00:00,0.0002112958141395893,1.0,7071.664547842965,0.0,0.0,0.0,0.7063256338695578,False,1.0,0.0
2022-06-24 00:00:00+00:00,-0.0031324810079185195,1.0,7051.764883805333,2.0013157288677323,0.0030019735933015986,0.0,0.7041130822360554,True,1.0,0.0030019735933015986
2022-06-25 00:00:00+00:00,-0.004508742095079343,0.0,0.0,3.0030235640744842,0.004504535346111727,0.0,0.7009384179424817,True,0.0,0.004504535346111727
2022-06-26 00:00:00+00:00,-0.0013249999999999096,1.0,7009.3841794248165,1.0,0.0015,0.0,0.7000096745387079,True,1.0,0.0015
2022-06-27 00:00:00+00:00,-0.002983881042381009,1.0,6988.9938808468705,2.001410988082208,0.0030021164821233117,0.0,0.6979209289413685,True,1.0,0.0030021164821233117
2022-06-28 00:00:00+00:00,-0.0016202683757260417,0.0,0.0,1.0015203078272819,0.001502280461740923,0.0,0.6967901097314474,True,0.0,0.001502280461740923
2022-06-29 00:00:00+00:00,-0.0030010000000001424,0.0,0.0,2.0015032563878385,0.0030022548845817574,0.0,0.6946990426121432,True,0.0,0.0030022548845817574
2022-06-30 00:00:00+00:00,0.0,0.0,0.0,0.0,0.0,0.0,0.6946990426121432,False,0.0,0.0
2022-07-01 00:00:00+00:00,-0.0014000000000000679,1.0,6946.990426121432,1.0,0.0015,0.0,0.6937264639524862,True,1.0,0.0015
2022-07-02 00:00:00+00:00,-0.003217960432605693,1.0,6924.787844719548,2.0016988813026892,0.003002548321954034,0.0,0.6914940796404356,True,1.0,0.003002548321954034
2022-07-03 00:00:00+00:00,-0.0029120333113688,1.0,6904.47051718314,2.001436059309049,0.0030021540889635743,0.0,0.6894804258459084,True,1.0,0.0030021540889635743
2022-07-04 00:00:00+00:00,-0.001423993591027406,0.0,0.0,1.0013237499974967,0.001501985624996245,0.0,0.688498610138365,True,0.0,0.001501985624996245
2022-07-05 00:00:00+00:00,-0.0029319999999999347,0.0,0.0,2.0014340535647044,0.003002151080347057,0.0,0.6864799322134393,True,0.0,0.003002151080347057
2022-07-06 00:00:00+00:00,-0.001362999999999892,1.0,6864.799322134393,1.0,0.0015,0.0,0.6855442600658325,True,1.0,0.0015
2022-07-07 00:00:00+00:00,0.00016222110736929807,1.0,6864.799322134393,0.0,0.0,0.0,0.685655469814851,False,1.0,0.0
2022-07-08 00:00:00+00:00,-0.0029106846212301196,1.0,6846.257499165309,2.001202444135407,0.00300180366620311,0.0,0.6836597429833987,True,1.0,0.00300180366620311
2022-07-09 00:00:00+00:00,-0.0015021194906011948,0.0,0.0,1.001412993734159,0.0015021194906012383,0.0,0.6826328043585239,True,0.0,0.0015021194906012383
2022-07-10 00:00:00+00:00,-0.003001999999999949,0.0,0.0,2.001504259397615,0.003002256389096423,0.0,0.6805835406798396,True,0.0,0.003002256389096423
2022-07-11 00:00:00+00:00,0.0,0.0,0.0,0.0,0.0,0.0,0.6805835406798396,False,0.0,0.0
2022-07-12 00:00:00+00:00,-0.001200000000000201,1.0,6805.835406798396,1.0,0.0015,0.0,0.6797668404310236,True,1.0,0.0015
2022-07-13 00:00:00+00:00,0.00029235082098488796,1.0,6805.835406798396,0.0,0.0,0.0,0.679965570824902,False,1.0,0.0
2022-07-14 00:00:00+00:00,-0.0015043659642955953,0.0,0.0,1.0009118306777478,0.001501367746016622,0.0,0.6789426537632602,True,0.0,0.001501367746016622
2022-07-15 00:00:00+00:00,-0.0030040000000000067,0.0,0.0,2.0015062654231963,0.0030022593981347953,0.0,0.6769031100313553,True,0.0,0.0030022593981347953
2022-07-16 00:00:00+00:00,0.0,0.0,0.0,0.0,0.0,0.0,0.6769031100313553,False,0.0,0.0
2022-07-17 00:00:00+00:00,-0.001378999999999908,1.0,6769.031100313553,1.0,0.0015000000000000002,0.0,0.6759696606426221,True,1.0,0.0015000000000000002
2022-07-18 00:00:00+00:00,0.00030041427127991405,1.0,6769.031100313553,0.0,0.0,0.0,0.6761727315756314,False,1.0,0.0
2022-07-19 00:00:00+00:00,0.00020722359425828785,1.0,6769.031100313553,0.0,0.0,0.0,0.6763128505194079,False,1.0,0.0
2022-07-20 00:00:00+00:00,0.0003002618283143299,1.0,6769.031100313553,0.0,0.0,0.0,0.6765159214524173,False,1.0,0.0
2022-07-21 00:00:00+00:00,0.0002161236227120611,1.0,6769.031100313553,0.0,0.0,0.0,0.6766621325241841,False,1.0,0.0
2022-07-22 00:00:00+00:00,0.0003001068380343863,1.0,6769.031100313553,0.0,0.0,0.0,0.6768652034571934,False,1.0,0.0
2022-07-23 00:00:00+00:00,0.0001320073924138132,1.0,6769.031100313553,0.0,0.0,0.0,0.6769545546677175,False,1.0,0.0
2022-07-24 00:00:00+00:00,0.00020998404121286285,1.0,6769.031100313553,0.0,0.0,0.0,0.677096704320824,False,1.0,0.0
2022-07-25 00:00:00+00:00,0.00019194510370024176,1.0,6769.031100313553,0.0,0.0,0.0,0.67722666971795,False,1.0,0.0
2022-07-26 00:00:00+00:00,-0.0014992833425622187,0.0,0.0,0.9995222283748373,0.001499283342562256,0.0,0.676211315052903,True,0.0,0.001499283342562256
2022-07-27 00:00:00+00:00,-0.003026000000000084,0.0,0.0,2.0015283322349906,0.003002292498352486,0.0,0.6741650996135528,True,0.0,0.003002292498352486
2022-07-28 00:00:00+00:00,-0.0013999999999999568,1.0,6741.650996135528,1.0,0.0015,0.0,0.6732212684740938,True,1.0,0.0015
2022-07-29 00:00:00+00:00,0.0003004205888244016,1.0,6741.650996135528,0.0,0.0,0.0,0.6734235180039779,False,1.0,0.0
2022-07-30 00:00:00+00:00,0.0001822004204625749,1.0,6741.650996135528,0.0,0.0,0.0,0.6735462160521076,False,1.0,0.0
2022-07-31 00:00:00+00:00,0.00021519755135224194,1.0,6741.650996135528,0.0,0.0,0.0,0.6736911615485246,False,1.0,0.0
2022-08-01 00:00:00+00:00,0.00022894475816537252,1.0,6736.911615485245,0.0007034945566732005,1.055241835009801e-06,0.0,0.6738453996085833,True,1.0,1.055241835009801e-06
2022-08-02 00:00:00+00:00,0.00023194689697381143,1.0,6736.911615485245,0.0,0.0,0.0,0.6740016959580627,False,1.0,0.0
2022-08-03 00:00:00+00:00,0.00015492858648014085,1.0,6736.911615485245,0.0,0.0,0.0,0.6741061180881027,False,1.0,0.0
2022-08-04 00:00:00+00:00,0.00020087627131371022,1.0,6736.911615485245,0.0,0.0,0.0,0.674241530011574,False,1.0,0.0
2022-08-05 00:00:00+00:00,-0.0029685178075989915,1.0,6731.824875056197,1.9992556097714334,0.0029988834146571497,0.0,0.6722400320231119,True,1.0,0.0029988834146571497
2022-08-06 00:00:00+00:00,0.00024033647105947686,1.0,6731.824875056197,0.0,0.0,0.0,0.6724015958201133,False,1.0,0.0
2022-08-07 00:00:00+00:00,0.00011313123222955745,1.0,6731.824875056197,0.0,0.0,0.0,0.6724776654412014,False,1.0,0.0
2022-08-08 00:00:00+00:00,0.00020721695615333324,1.0,6731.824875056197,0.0,0.0,0.0,0.6726170142161152,False,1.0,0.0
2022-08-09 00:00:00+00:00,0.00019616477841388757,1.0,6731.824875056197,0.0,0.0,0.0,0.6727489579836663,False,1.0,0.0
2022-08-10 00:00:00+00:00,-0.0015009666225048734,0.0,0.0,1.0006444150032616,0.0015009666225048925,0.0,0.6717391842524079,True,0.0,0.0015009666225048925
2022-08-11 00:00:00+00:00,-0.0012000000000000899,1.0,6717.391842524079,1.0,0.0015,0.0,0.670933097231305,True,1.0,0.0015
2022-08-12 00:00:00+00:00,0.00022527032438945938,1.0,6717.391842524079,0.0,0.0,0.0,0.6710842385477618,False,1.0,0.0
2022-08-13 00:00:00+00:00,0.00023923325242103388,1.0,6717.391842524079,0.0,0.0,0.0,0.671244784212798,False,1.0,0.0
2022-08-14 00:00:00+00:00,0.00011108175617247085,1.0,6717.391842524079,0.0,0.0,0.0,0.67131934726225,False,1.0,0.0
2022-08-15 00:00:00+00:00,-0.002996705314821768,1.0,6702.956167454494,2.000649421474537,0.0030009741322118057,0.0,0.6693076010063665,True,1.0,0.0030009741322118057
2022-08-16 00:00:00+00:00,0.00016924947372420895,1.0,6702.956167454494,0.0,0.0,0.0,0.6694208809655966,False,1.0,0.0
2022-08-17 00:00:00+00:00,-0.001510971818222795,0.0,0.0,1.0013157288677321,0.0015019735933015984,0.0,0.6684094048799276,True,0.0,0.0015019735933015984
2022-08-18 00:00:00+00:00,-0.003147000000000122,0.0,0.0,2.0016497170840375,0.003002474575626056,0.0,0.6663059204827705,True,0.0,0.003002474575626056
2022-08-19 00:00:00+00:00,-0.0031399999999999206,0.0,0.0,2.00164269401819,0.0030024640410272847,0.0,0.6642137198924546,True,0.0,0.0030024640410272847
2022-08-20 00:00:00+00:00,0.0,0.0,0.0,0.0,0.0,0.0,0.6642137198924546,False,0.0,0.0
2022-08-21 00:00:00+00:00,0.0,0.0,0.0,0.0,0.0,0.0,0.6642137198924546,False,0.0,0.0
2022-08-22 00:00:00+00:00,-0.001483000000000012,1.0,6642.137198924545,1.0,0.0015,0.0,0.663228690945854,True,1.0,0.0015
2022-08-23 00:00:00+00:00,8.011881620428873e-05,1.0,6642.137198924545,0.0,0.0,0.0,0.6632818280434454,False,1.0,0.0
2022-08-24 00:00:00+00:00,-0.0031356500089626538,1.0,6622.855074636067,2.0014049711745576,0.003002107456761837,0.0,0.6612020083733963,True,1.0,0.003002107456761837
2022-08-25 00:00:00+00:00,-0.0015024580213228722,0.0,0.0,1.0016386808819229,0.0015024580213228843,0.0,0.6602085801122008,True,0.0,0.0015024580213228843
2022-08-26 00:00:00+00:00,-0.003067000000000153,0.0,0.0,2.0015694593427904,0.003002354189014185,0.0,0.6581837203969967,True,0.0,0.003002354189014185
2022-08-27 00:00:00+00:00,-0.003229999999999955,0.0,0.0,2.0017329980866903,0.003002599497130035,0.0,0.6560577869801144,True,0.0,0.003002599497130035
2022-08-28 00:00:00+00:00,0.0,0.0,0.0,0.0,0.0,0.0,0.6560577869801144,False,0.0,0.0
2022-08-29 00:00:00+00:00,0.0,0.0,0.0,0.0,0.0,0.0,0.6560577869801144,False,0.0,0.0
2022-08-30 00:00:00+00:00,0.0,0.0,0.0,0.0,0.0,0.0,0.6560577869801144,False,0.0,0.0
2022-08-31 00:00:00+00:00,-0.003065999999999902,0.0,0.0,2.001568456202413,0.0030023526843036196,0.0,0.6540463138052335,True,0.0,0.0030023526843036196
2022-09-01 00:00:00+00:00,-0.003014000000000072,0.0,0.0,2.001516295671647,0.0030022744435074704,0.0,0.6520750182154246,True,0.0,0.0030022744435074704
2022-09-02 00:00:00+00:00,0.0,0.0,0.0,0.0,0.0,0.0,0.6520750182154246,False,0.0,0.0
2022-09-03 00:00:00+00:00,-0.001583000000000001,1.0,6520.7501821542455,1.0,0.0014999999999999998,0.0,0.6510427834615895,True,1.0,0.0014999999999999998
2022-09-04 00:00:00+00:00,-0.0015023782647932693,0.0,0.0,1.0015855098621118,0.0015023782647931674,0.0,0.6500646709342663,True,0.0,0.0015023782647931674
2022-09-05 00:00:00+00:00,0.0,0.0,0.0,0.0,0.0,0.0,0.6500646709342663,False,0.0,0.0
2022-09-06 00:00:00+00:00,0.0,0.0,0.0,0.0,0.0,0.0,0.6500646709342663,False,0.0,0.0
2022-09-07 00:00:00+00:00,-0.003206000000000042,0.0,0.0,2.001708915409689,0.003002563373114534,0.0,0.6479805635992512,True,0.0,0.003002563373114534
2022-09-08 00:00:00+00:00,-0.0030599999999998406,0.0,0.0,2.0015624374023475,0.0030023436561035215,0.0,0.6459977430746375,True,0.0,0.0030023436561035215
2022-09-09 00:00:00+00:00,-0.00459634052000002,1.0,6439.977340620784,3.0015985512878554,0.0045023978269317835,0.0,0.6430285174723149,True,1.0,0.0045023978269317835
2022-09-10 00:00:00+00:00,-0.002900157737394715,1.0,6420.625208712218,2.001507268439001,0.0030022609026585014,0.0,0.6411636333420021,True,1.0,0.0030022609026585014
2022-09-11 00:00:00+00:00,-0.0015311436010415624,0.0,0.0,1.0014310449632526,0.0015021465674448788,0.0,0.64018191974759,True,0.0,0.0015021465674448788
2022-09-12 00:00:00+00:00,0.0,0.0,0.0,0.0,0.0,0.0,0.64018191974759,False,0.0,0.0
2022-09-13 00:00:00+00:00,-0.003158000000000105,0.0,0.0,2.001660753529352,0.0030024911302940277,0.0,0.638160225245027,True,0.0,0.0030024911302940277
2022-09-14 00:00:00+00:00,-0.0030810000000001114,0.0,0.0,2.001583503519064,0.003002375255278595,0.0,0.6361940535910471,True,0.0,0.003002375255278595
2022-09-15 00:00:00+00:00,0.0,0.0,0.0,0.0,0.0,0.0,0.6361940535910471,False,0.0,0.0
2022-09-16 00:00:00+00:00,0.0,0.0,0.0,0.0,0.0,0.0,0.6361940535910471,False,0.0,0.0
2022-09-17 00:00:00+00:00,-0.0031480000000001507,0.0,0.0,2.0016507203871985,0.0030024760805807973,0.0,0.6341913147103424,True,0.0,0.0030024760805807973
2022-09-18 00:00:00+00:00,0.0,0.0,0.0,0.0,0.0,0.0,0.6341913147103424,False,0.0,0.0
2022-09-19 00:00:00+00:00,-0.003070000000000128,0.0,0.0,2.0015724687759784,0.0030023587031639673,0.0,0.6322443473741816,True,0.0,0.0030023587031639673
2022-09-20 00:00:00+00:00,0.0,0.0,0.0,0.0,0.0,0.0,0.6322443473741816,False,0.0,0.0
2022-09-21 00:00:00+00:00,-0.001526999999999945,1.0,6322.443473741816,1.0,0.0015,0.0,0.6312789102557412,True,1.0,0.0015
2022-09-22 00:00:00+00:00,-0.004679513703425231,0.0,0.0,3.0032141691855996,0.004504821253778399,0.0,0.6283248319445163,True,0.0,0.004504821253778399
2022-09-23 00:00:00+00:00,-0.0030680000000001817,0.0,0.0,2.001570462485177,0.0030023556937277653,0.0,0.6263971313601104,True,0.0,0.0030023556937277653
2022-09-24 00:00:00+00:00,0.0,0.0,0.0,0.0,0.0,0.0,0.6263971313601104,False,0.0,0.0
2022-09-25 00:00:00+00:00,-0.00315500000000013,0.0,0.0,2.001657743565601,0.003002486615348402,0.0,0.6244208484106691,True,0.0,0.003002486615348402
2022-09-26 00:00:00+00:00,-0.003097999999999823,0.0,0.0,2.0016005576911904,0.0030024008365367857,0.0,0.622486392622293,True,0.0,0.0030024008365367857
2022-09-27 00:00:00+00:00,-0.0013890000000000846,1.0,6224.86392622293,1.0,0.0015,0.0,0.6216217590229407,True,1.0,0.0015
2022-09-28 00:00:00+00:00,-0.004501574130467034,0.0,0.0,3.0028971974277505,0.0045043457961416265,0.0,0.6188234825935875,True,0.0,0.0045043457961416265
2022-09-29 00:00:00+00:00,-0.00131099999999984,1.0,6188.234825935875,1.0,0.0015000000000000002,0.0,0.6180122050079073,True,1.0,0.0015000000000000002
2022-09-30 00:00:00+00:00,-0.0015540373429565602,0.0,0.0,1.001364860304595,0.0015020472904568928,0.0,0.6170517909629222,True,0.0,0.0015020472904568928
2022-10-01 00:00:00+00:00,0.0,0.0,0.0,0.0,0.0,0.0,0.6170517909629222,True,0.0,0.0
2022-10-02 00:00:00+00:00,-0.003006999999999871,0.0,0.0,2.0015092744766365,0.003002263911714955,0.0,0.6151963162274967,True,0.0,0.003002263911714955
2022-10-03 00:00:00+00:00,0.0,0.0,0.0,0.0,0.0,0.0,0.6151963162274967,False,0.0,0.0
2022-10-04 00:00:00+00:00,-0.001630999999999938,1.0,6151.963162274967,1.0,0.0015,0.0,0.6141929310357296,True,1.0,0.0015
2022-10-05 00:00:00+00:00,-0.0015024504967601215,0.0,0.0,1.0016336645068107,0.0015024504967602159,0.0,0.6132701365613884,True,0.0,0.0015024504967602159
2022-10-06 00:00:00+00:00,-0.0029559999999998476,0.0,0.0,2.0014581230271276,0.003002187184540691,0.0,0.6114573100377131,True,0.0,0.003002187184540691
2022-10-07 00:00:00+00:00,-0.004531441401000258,1.0,6096.027600163686,3.001535353697218,0.004502303030545827,0.0,0.6086865270680639,True,1.0,0.004502303030545827
2022-10-08 00:00:00+00:00,-0.001502257893614134,0.0,0.0,1.0015052624094014,0.001502257893614102,0.0,0.6077721229280394,True,0.0,0.001502257893614102
2022-10-09 00:00:00+00:00,-0.0030769999999998854,0.0,0.0,2.0015794908570816,0.0030023692362856225,0.0,0.6059020081057899,True,0.0,0.0030023692362856225
2022-10-10 00:00:00+00:00,0.0,0.0,0.0,0.0,0.0,0.0,0.6059020081057899,False,0.0,0.0
2022-10-11 00:00:00+00:00,-0.003077999999999914,0.0,0.0,2.0015804940195627,0.0030023707410293445,0.0,0.6040370417248403,True,0.0,0.0030023707410293445
2022-10-12 00:00:00+00:00,-0.002958999999999934,0.0,0.0,2.0014611317912836,0.003002191697686925,0.0,0.6022496961183766,True,0.0,0.003002191697686925
2022-10-13 00:00:00+00:00,-0.0015610000000001456,1.0,6022.496961183766,1.0,0.0015,0.0,0.6013095843427357,True,1.0,0.0015
2022-10-14 00:00:00+00:00,-0.002957156243896697,1.0,6004.062097985581,2.001563440530669,0.003002345160796003,0.0,0.5995314179508817,True,1.0,0.003002345160796003
2022-10-15 00:00:00+00:00,0.0002463589449828163,1.0,6004.062097985581,0.0,0.0,0.0,0.5996791178784922,False,1.0,0.0
2022-10-16 00:00:00+00:00,-0.0015308538640292912,0.0,0.0,1.001241539508991,0.0015018623092634869,0.0,0.5987610967837101,True,0.0,0.0015018623092634869
2022-10-17 00:00:00+00:00,-0.0015599999999998948,1.0,5987.610967837101,1.0,0.0015,0.0,0.5978270294727276,True,1.0,0.0015
2022-10-18 00:00:00+00:00,-0.0029002403749849304,1.0,5969.28887827552,2.001562437402348,0.0030023436561035215,0.0,0.5960931873845934,True,1.0,0.0030023436561035215
2022-10-19 00:00:00+00:00,0.0003004205888244016,1.0,5969.28887827552,0.0,0.0,0.0,0.5962722660509417,False,1.0,0.0
2022-10-20 00:00:00+00:00,-0.001517669436380098,0.0,0.0,1.0011172468474818,0.0015016758702712228,0.0,0.5953673218569951,True,0.0,0.0015016758702712228
2022-10-21 00:00:00+00:00,-0.002990999999999744,0.0,0.0,2.001493226400563,0.003002239839600845,0.0,0.593586578197321,True,0.0,0.003002239839600845
2022-10-22 00:00:00+00:00,-0.001214999999999966,1.0,5935.86578197321,1.0,0.0014999999999999998,0.0,0.5928653705048113,True,1.0,0.0014999999999999998
2022-10-23 00:00:00+00:00,-0.0015318612113718322,0.0,0.0,1.0012465519571867,0.00150186982793578,0.0,0.5919571830401694,True,0.0,0.00150186982793578
2022-10-24 00:00:00+00:00,-0.0013180000000000414,1.0,5919.571830401694,1.0,0.0015,0.0,0.5911769834729225,True,1.0,0.0015
2022-10-25 00:00:00+00:00,-1.001319739568629e-06,1.0,5919.571830401694,0.0,0.0,0.0,0.5911763915157394,False,1.0,0.0
2022-10-26 00:00:00+00:00,-0.0029138573117942768,1.0,5902.884557411791,2.0013207420587755,0.0030019811130881633,0.0,0.5894537878647611,True,1.0,0.0030019811130881633
2022-10-27 00:00:00+00:00,0.0001452053203232495,1.0,5902.884557411791,0.0,0.0,0.0,0.5895393796908436,False,1.0,0.0
2022-10-28 00:00:00+00:00,0.0003003811837221093,1.0,5902.884557411791,0.0,0.0,0.0,0.5897164662275659,False,1.0,0.0
2022-10-29 00:00:00+00:00,-0.001614564513013006,0.0,0.0,1.0010831719920954,0.0015016247579881434,0.0,0.5887643309484554,True,0.0,0.0015016247579881434
2022-10-30 00:00:00+00:00,-0.0014720000000000288,1.0,5887.643309484554,1.0,0.0015,0.0,0.5878976698532994,True,1.0,0.0015
2022-10-31 00:00:00+00:00,-0.0028002583803358183,1.0,5870.145233568766,2.001474169978208,0.0030022112549673123,0.0,0.5862514044765127,True,1.0,0.0030022112549673123
2022-11-01 00:00:00+00:00,-0.0014699525382998457,0.0,0.0,1.0012716456409825,0.0015019074684614738,0.0,0.5853896427364206,True,0.0,0.0015019074684614738
2022-11-02 00:00:00+00:00,-0.0013859999999998873,1.0,5853.896427364206,1.0,0.0015,0.0,0.5845782926915879,True,1.0,0.0015
2022-11-03 00:00:00+00:00,-0.0014870610666385398,0.0,0.0,1.0013728822215258,0.0015020593233322887,0.0,0.5837089890721243,True,0.0,0.0015020593233322887
2022-11-04 00:00:00+00:00,-0.0029760000000000897,0.0,0.0,2.0014781817963314,0.0030022172726944974,0.0,0.5819718711206456,True,0.0,0.0030022172726944974
2022-11-05 00:00:00+00:00,-0.0012270000000000891,1.0,5819.718711206457,1.0,0.0015,0.0,0.5812577916347806,True,1.0,0.0015
2022-11-06 00:00:00+00:00,0.0003003685522136035,1.0,5819.718711206457,0.0,0.0,0.0,0.5814323831961169,False,1.0,0.0
2022-11-07 00:00:00+00:00,0.00021519948992709814,1.0,5819.718711206457,0.0,0.0,0.0,0.5815575071484079,False,1.0,0.0
2022-11-08 00:00:00+00:00,-0.001488059498362726,0.0,0.0,1.0006994889427707,0.001501049233414156,0.0,0.5806921149760514,True,0.0,0.001501049233414156
2022-11-09 00:00:00+00:00,-0.0032689999999999664,0.0,0.0,2.0017721349066497,0.0030026582023599748,0.0,0.5787938324521947,True,0.0,0.0030026582023599748
2022-11-10 00:00:00+00:00,-0.0045319999999999805,0.0,0.0,2.003041220982017,0.003004561831473026,0.0,0.5761707388035214,True,0.0,0.003004561831473026
2022-11-11 00:00:00+00:00,0.0,0.0,0.0,0.0,0.0,0.0,0.5761707388035214,False,0.0,0.0
2022-11-12 00:00:00+00:00,-0.00343899999999997,0.0,0.0,2.001942767025262,0.003002914150537893,0.0,0.5741892876327762,True,0.0,0.003002914150537893
2022-11-13 00:00:00+00:00,0.0,0.0,0.0,0.0,0.0,0.0,0.5741892876327762,False,0.0,0.0
2022-11-14 00:00:00+00:00,-0.002343000000000095,1.0,5741.892876327762,1.0,0.0015,0.0,0.5728439621318525,True,1.0,0.0015
2022-11-15 00:00:00+00:00,-0.004562915960094394,0.0,0.0,3.0039149524691418,0.0045058724287037125,0.0,0.5702301232743974,True,0.0,0.0045058724287037125
2022-11-16 00:00:00+00:00,-0.0014000000000000679,1.0,5702.301232743974,1.0,0.0015,0.0,0.5694318011018132,True,1.0,0.0015
2022-11-17 00:00:00+00:00,0.00030042058882417955,1.0,5702.301232743974,0.0,0.0,0.0,0.5696028701387954,False,1.0,0.0
2022-11-18 00:00:00+00:00,0.00030033036339927044,1.0,5702.301232743974,0.0,0.0,0.0,0.5697739391757777,False,1.0,0.0
2022-11-19 00:00:00+00:00,-0.0014811849479584582,0.0,0.0,1.000780608874923,0.0015011709133123843,0.0,0.5689299985933315,True,0.0,0.0015011709133123843
2022-11-20 00:00:00+00:00,-0.004440736999999917,1.0,5671.976067476148,3.0015473907186605,0.00450232108607799,0.0,0.5664035300981681,True,1.0,0.00450232108607799
2022-11-21 00:00:00+00:00,0.0003004205888244016,1.0,5671.976067476148,0.0,0.0,0.0,0.5665736893801926,False,1.0,0.0
2022-11-22 00:00:00+00:00,-0.001763940334367775,0.0,0.0,1.0013638575740156,0.0015020457863610234,0.0,0.5655742871971032,True,0.0,0.0015020457863610234
2022-11-23 00:00:00+00:00,-0.003219000000000083,0.0,0.0,2.001721960049325,0.003002582940073987,0.0,0.5637537035666158,True,0.0,0.003002582940073987
2022-11-24 00:00:00+00:00,-0.0031649999999999734,0.0,0.0,2.0016677768484525,0.0030025016652726784,0.0,0.5619694230948274,True,0.0,0.0030025016652726784
2022-11-25 00:00:00+00:00,-0.0013000000000000789,1.0,5619.694230948275,1.0,0.0015000000000000002,0.0,0.5612388628448042,True,1.0,0.0015000000000000002
2022-11-26 00:00:00+00:00,-0.00017422649444287508,1.0,5619.694230948275,0.0,0.0,0.0,0.5611410801651856,False,1.0,0.0
2022-11-27 00:00:00+00:00,-0.001502214263824908,0.0,0.0,1.0014761758832522,0.0015022142638248784,0.0,0.5602981260305433,True,0.0,0.0015022142638248784
2022-11-28 00:00:00+00:00,-0.0012999999999999678,1.0,5602.981260305433,1.0,0.0015,0.0,0.5595697384667037,True,1.0,0.0015
2022-11-29 00:00:00+00:00,-8.511064383676104e-05,1.0,5602.981260305433,0.0,0.0,0.0,0.5595221131259912,False,1.0,0.0
2022-11-30 00:00:00+00:00,-0.0028999774687941127,1.0,5586.816659369454,2.001386920885426,0.003002080381328139,0.0,0.5578995116046337,True,1.0,0.003002080381328139
2022-12-01 00:00:00+00:00,-0.0015171029441218842,0.0,0.0,1.0014190659844844,0.0015021285989767267,0.0,0.5570531206130542,True,0.0,0.0015021285989767267
2022-12-02 00:00:00+00:00,-0.002902999999999989,0.0,0.0,2.0014049711745576,0.003002107456761837,0.0,0.5554359954039146,True,0.0,0.003002107456761837
2022-12-03 00:00:00+00:00,-0.0013999999999999568,1.0,5554.359954039146,1.0,0.0015,0.0,0.5546583850103491,True,1.0,0.0015
2022-12-04 00:00:00+00:00,0.000174243941517771,1.0,5554.359954039146,0.0,0.0,0.0,0.5547550308735494,False,1.0,0.0
2022-12-05 00:00:00+00:00,-0.0015829406852800876,0.0,0.0,1.0013087104846035,0.0015019630657269053,0.0,0.5538768865648158,True,0.0,0.0015019630657269053
2022-12-06 00:00:00+00:00,0.0,0.0,0.0,0.0,0.0,0.0,0.5538768865648158,False,0.0,0.0
2022-12-07 00:00:00+00:00,-0.0016080000000001649,1.0,5538.768865648158,1.0,0.0014999999999999998,0.0,0.5529862525312195,True,1.0,0.0014999999999999998
2022-12-08 00:00:00+00:00,-0.00466865172397235,0.0,0.0,3.003284386743089,0.004504926580114633,0.0,0.5504045523100066,True,0.0,0.004504926580114633
2022-12-09 00:00:00+00:00,-0.003141999999999867,0.0,0.0,2.0016447005983826,0.0030024670508975743,0.0,0.5486751812066486,True,0.0,0.0030024670508975743
2022-12-10 00:00:00+00:00,-0.0016609999999999125,1.0,5486.751812066486,1.0,0.0015000000000000002,0.0,0.5477638317306645,True,1.0,0.0015000000000000002
2022-12-11 00:00:00+00:00,-0.0015024956452667215,0.0,0.0,1.001663763511192,0.001502495645266788,0.0,0.5469408189588545,True,0.0,0.001502495645266788
2022-12-12 00:00:00+00:00,0.0,0.0,0.0,0.0,0.0,0.0,0.5469408189588545,False,0.0,0.0
2022-12-13 00:00:00+00:00,-0.0030559999999999476,0.0,0.0,2.0015584249091587,0.003002337637363738,0.0,0.5452693678161162,True,0.0,0.003002337637363738
2022-12-14 00:00:00+00:00,-0.0013419999999999543,1.0,5452.693678161162,1.0,0.0015,0.0,0.544537616324507,True,1.0,0.0015
2022-12-15 00:00:00+00:00,-0.0029959073076067932,1.0,5436.673664134725,2.001440070821842,0.0030021601062327624,0.0,0.5429062321004936,True,1.0,0.0030021601062327624
2022-12-16 00:00:00+00:00,-0.0001281794512317802,1.0,5436.673664134725,0.0,0.0,0.0,0.5428366426775927,False,1.0,0.0
2022-12-17 00:00:00+00:00,-0.001502295507535556,0.0,0.0,1.0015303383570096,0.0015022955075355145,0.0,0.5420211416279724,True,0.0,0.0015022955075355145
2022-12-18 00:00:00+00:00,-0.003166000000000113,0.0,0.0,2.001668780187793,0.00300250317028169,0.0,0.5403051026935782,True,0.0,0.00300250317028169
2022-12-19 00:00:00+00:00,0.0,0.0,0.0,0.0,0.0,0.0,0.5403051026935782,False,0.0,0.0
2022-12-20 00:00:00+00:00,-0.0015559999999998908,1.0,5403.051026935782,1.0,0.0015,0.0,0.539464387953787,True,1.0,0.0015
2022-12-21 00:00:00+00:00,-0.0015023376373636266,0.0,0.0,1.0015584249091587,0.001502337637363738,0.0,0.5386539302997466,True,0.0,0.001502337637363738
2022-12-22 00:00:00+00:00,-0.0012999999999999678,1.0,5386.539302997467,1.0,0.0014999999999999998,0.0,0.537953680190357,True,1.0,0.0014999999999999998
2022-12-23 00:00:00+00:00,0.00017022128767396616,1.0,5386.539302997467,0.0,0.0,0.0,0.538045251358508,False,1.0,0.0
2022-12-24 00:00:00+00:00,-0.0032690389139728993,1.0,5372.372704630584,2.001131278344529,0.0030016969175167938,0.0,0.5362863604943388,True,1.0,0.0030016969175167938
2022-12-25 00:00:00+00:00,-0.003187124720755996,1.0,5354.805045886441,2.0017731384550657,0.0030026597076825987,0.0,0.5345771489774029,True,1.0,0.0030026597076825987
2022-12-26 00:00:00+00:00,-0.0028425183744977822,1.0,5337.7392822052,2.001689850778263,0.0030025347761673945,0.0,0.533057603608848,True,1.0,0.0030025347761673945
2022-12-27 00:00:00+00:00,-0.0015691057399028763,0.0,0.0,1.0014109880822077,0.0015021164821233117,0.0,0.5322211798633265,True,0.0,0.0015021164821233117
2022-12-28 00:00:00+00:00,-0.003082999999999836,0.0,0.0,2.0015855098621116,0.0030023782647931674,0.0,0.530580341965808,True,0.0,0.0030023782647931674
2022-12-29 00:00:00+00:00,-0.0011999999999999789,1.0,5305.803419658079,1.0,0.0015,0.0,0.529943645555449,True,1.0,0.0015
2022-12-30 00:00:00+00:00,-0.0016289547456949105,0.0,0.0,1.0013287632688577,0.0015019931449032865,0.0,0.5290803913390706,True,0.0,0.0015019931449032865
2022-12-31 00:00:00+00:00,-0.0011999999999998678,1.0,5290.803913390706,1.0,0.0015,0.0,0.5284454948694638,True,1.0,0.0015
2023-01-01 00:00:00+00:00,-3.9802162595026225e-05,1.0,5284.454948694638,0.0012014417300759163,1.8021625951138747e-06,0.0,0.5284244615959544,True,1.0,1.8021625951138747e-06
2023-01-02 00:00:00+00:00,-0.0029239206204800805,1.0,5276.317933536502,2.00003980374687,0.0030000597056203055,0.0,0.5268793904163279,True,1.0,0.0030000597056203055
2023-01-03 00:00:00+00:00,-0.002969933905749733,1.0,5260.879427262974,2.0014280363798775,0.0030021420545698167,0.0,0.5253145934504897,True,1.0,0.0030021420545698167
2023-01-04 00:00:00+00:00,-0.0015022082461217945,0.0,0.0,1.0014721640811994,0.001502208246121799,0.0,0.5245254615364002,True,0.0,0.001502208246121799
2023-01-05 00:00:00+00:00,-0.0029410000000000824,0.0,0.0,2.001443079477527,0.003002164619216291,0.0,0.5229828321540216,True,0.0,0.003002164619216291
2023-01-06 00:00:00+00:00,-0.003086000000000144,0.0,0.0,2.0015885193917553,0.003002382779087633,0.0,0.5213689071339943,True,0.0,0.003002382779087633
2023-01-07 00:00:00+00:00,-0.0013999999999998458,1.0,5213.6890713399425,1.0,0.0015,0.0,0.5206389906640068,True,1.0,0.0015
2023-01-08 00:00:00+00:00,0.0003004205888244016,1.0,5213.6890713399425,0.0,0.0,0.0,0.520795401336147,False,1.0,0.0
2023-01-09 00:00:00+00:00,0.0003003303633999366,1.0,5213.6890713399425,0.0,0.0,0.0,0.5209518120082873,False,1.0,0.0
2023-01-10 00:00:00+00:00,0.00017614091273032706,1.0,5213.6890713399425,0.0,0.0,0.0,0.5210435729359428,False,1.0,0.0
2023-01-11 00:00:00+00:00,0.0003001873168859692,1.0,5213.6890713399425,0.0,0.0,0.0,0.5211999836080832,False,1.0,0.0
2023-01-12 00:00:00+00:00,0.00030009723150303813,1.0,5213.6890713399425,0.0,0.0,0.0,0.5213563942802234,False,1.0,0.0
2023-01-13 00:00:00+00:00,0.00030000720017309135,1.0,5213.6890713399425,0.0,0.0,0.0,0.5215128049523637,False,1.0,0.0
2023-01-14 00:00:00+00:00,0.00020794260784007257,1.0,5213.6890713399425,0.0,0.0,0.0,0.5216212496850476,False,1.0,0.0
2023-01-15 00:00:00+00:00,0.000299854870242644,1.0,5213.6890713399425,0.0,0.0,0.0,0.5217776603571879,False,1.0,0.0
2023-01-16 00:00:00+00:00,0.00029976498425243747,1.0,5213.6890713399425,0.0,0.0,0.0,0.5219340710293282,False,1.0,0.0
2023-01-17 00:00:00+00:00,0.0002996751521353591,1.0,5213.6890713399425,0.0,0.0,0.0,0.5220904817014684,False,1.0,0.0
2023-01-18 00:00:00+00:00,-0.0014869420721720372,0.0,0.0,0.9986069433140755,0.0014979104149711131,0.0,0.5213141633987459,True,0.0,0.0014979104149711131
2023-01-19 00:00:00+00:00,-0.001350999999999991,1.0,5213.1416339874595,1.0,0.0015,0.0,0.5206098679639942,True,1.0,0.0015
2023-01-20 00:00:00+00:00,-0.0016342078147577599,0.0,0.0,1.0014852025553898,0.0015022278038330846,0.0,0.5197590832493274,True,0.0,0.0015022278038330846
2023-01-21 00:00:00+00:00,-0.0012999999999998568,1.0,5197.590832493274,1.0,0.0015,0.0,0.5190833964411034,True,1.0,0.0015
2023-01-22 00:00:00+00:00,0.0003003905076601754,1.0,5197.590832493274,0.0,0.0,0.0,0.5192393241660782,False,1.0,0.0
2023-01-23 00:00:00+00:00,0.00022522522522550048,1.0,5197.590832493274,0.0,0.0,0.0,0.5193562699598093,False,1.0,0.0
2023-01-24 00:00:00+00:00,0.00030023268032763895,1.0,5197.590832493274,0.0,0.0,0.0,0.5195121976847842,False,1.0,0.0
2023-01-25 00:00:00+00:00,0.0003001425677195968,1.0,5197.590832493274,0.0,0.0,0.0,0.519668125409759,False,1.0,0.0
2023-01-26 00:00:00+00:00,0.0003000525091891859,1.0,5197.590832493274,0.0,0.0,0.0,0.5198240531347339,False,1.0,0.0
2023-01-27 00:00:00+00:00,0.0002799650043745494,1.0,5197.590832493274,0.0,0.0,0.0,0.5199695856780437,False,1.0,0.0
2023-01-28 00:00:00+00:00,-0.0029102701405929743,1.0,5191.8319018508755,1.9996081536037866,0.00299941223040568,0.0,0.5184563337188284,True,1.0,0.00299941223040568
2023-01-29 00:00:00+00:00,0.00027738834368129517,1.0,5191.8319018508755,0.0,0.0,0.0,0.5186001474625096,False,1.0,0.0
2023-01-30 00:00:00+00:00,0.0003003372787637737,1.0,5191.8319018508755,0.0,0.0,0.0,0.518755902419565,False,1.0,0.0
2023-01-31 00:00:00+00:00,-0.00147421327752717,0.0,0.0,1.0007966341207604,0.0015011949511811405,0.0,0.5179911455804225,True,0.0,0.0015011949511811405
2023-02-01 00:00:00+00:00,-0.0030809999999998894,0.0,0.0,2.001583503519064,0.0030023752552785954,0.0,0.5163952148608892,True,0.0,0.0030023752552785954
2023-02-02 00:00:00+00:00,-0.00130000000000019,1.0,5163.9521486088925,1.0,0.0015,0.0,0.51572390108157,True,1.0,0.0015
2023-02-03 00:00:00+00:00,0.00027836187043139837,1.0,5163.9521486088925,0.0,0.0,0.0,0.5158674589513013,False,1.0,0.0
2023-02-04 00:00:00+00:00,-0.0029164259873589726,1.0,5150.840874103573,2.001040080643789,0.003001560120965684,0.0,0.5143629696879828,True,1.0,0.003001560120965684
2023-02-05 00:00:00+00:00,-0.0015321450030041373,0.0,0.0,1.0014320478283947,0.001502148071742592,0.0,0.5135748910342449,True,0.0,0.001502148071742592
2023-02-06 00:00:00+00:00,-0.0013999999999999568,1.0,5135.74891034245,1.0,0.0015,0.0,0.512855886186797,True,1.0,0.0015
2023-02-07 00:00:00+00:00,8.01121570197516e-05,1.0,5135.74891034245,0.0,0.0,0.0,0.5128969721780798,False,1.0,0.0
2023-02-08 00:00:00+00:00,-0.0029018768374253767,1.0,5121.266098415284,2.0013217447030076,0.003001982617054512,0.0,0.5114086083345306,True,1.0,0.003001982617054512
2023-02-09 00:00:00+00:00,-0.001668339011293929,0.0,0.0,1.001570462485177,0.0015023556937277653,0.0,0.5105554054025346,True,0.0,0.0015023556937277653
2023-02-10 00:00:00+00:00,-0.0017019999999999813,1.0,5105.554054025346,1.0,0.0015,0.0,0.5096864401025395,True,1.0,0.0015
2023-02-11 00:00:00+00:00,-0.002984327557502997,1.0,5089.206069944356,2.001704901742766,0.003002557352614149,0.0,0.5081653688136558,True,1.0,0.003002557352614149
2023-02-12 00:00:00+00:00,-0.001502229308293468,0.0,0.0,1.0014862055290052,0.0015022293082935078,0.0,0.5074019879031642,True,0.0,0.0015022293082935078
2023-02-13 00:00:00+00:00,0.0,0.0,0.0,0.0,0.0,0.0,0.5074019879031642,False,0.0,0.0
2023-02-14 00:00:00+00:00,-0.003119000000000094,0.0,0.0,2.0016216254115413,0.003002432438117312,0.0,0.5058194011028941,True,0.0,0.003002432438117312
2023-02-15 00:00:00+00:00,-0.0015279999999999738,1.0,5058.1940110289415,1.0,0.0015,0.0,0.5050465090580089,True,1.0,0.0015
2023-02-16 00:00:00+00:00,-0.002710477729971572,1.0,5042.8777995635455,2.0015303383570098,0.0030022955075355144,0.0,0.5036775917426074,True,1.0,0.0030022955075355144
2023-02-17 00:00:00+00:00,0.0005366493457081845,1.0,5042.8777995635455,0.0,0.0,0.0,0.5039478899926639,False,1.0,0.0
2023-02-18 00:00:00+00:00,0.00030020233637428895,1.0,5042.8777995635455,0.0,0.0,0.0,0.5040991763266507,False,1.0,0.0
2023-02-19 00:00:00+00:00,0.0003001122419783453,1.0,5042.8777995635455,0.0,0.0,0.0,0.5042504626606376,False,1.0,0.0
2023-02-20 00:00:00+00:00,0.0003000222016424914,1.0,5042.8777995635455,0.0,0.0,0.0,0.5044017489946243,False,1.0,0.0
2023-02-21 00:00:00+00:00,0.00029993221531920966,1.0,5042.8777995635455,0.0,0.0,0.0,0.5045530353286112,False,1.0,0.0
2023-02-22 00:00:00+00:00,0.00029984228295920623,1.0,5042.8777995635455,0.0,0.0,0.0,0.5047043216625979,False,1.0,0.0
2023-02-23 00:00:00+00:00,0.0002997524045138533,1.0,5042.8777995635455,0.0,0.0,0.0,0.5048556079965848,False,1.0,0.0
2023-02-24 00:00:00+00:00,0.0002996625799347452,1.0,5042.8777995635455,0.0,0.0,0.0,0.5050068943305716,False,1.0,0.0
2023-02-25 00:00:00+00:00,-0.0014419437881582065,0.0,0.0,0.998520193073866,0.0014977802896107989,0.0,0.5042787027763146,True,0.0,0.0014977802896107989
2023-02-26 00:00:00+00:00,-0.0012290000000001466,1.0,5042.787027763146,1.0,0.0015,0.0,0.5036589442506025,True,1.0,0.0015
2023-02-27 00:00:00+00:00,0.0003003691536895836,1.0,5042.787027763146,0.0,0.0,0.0,0.5038102278614353,False,1.0,0.0
2023-02-28 00:00:00+00:00,0.0003002789591528554,1.0,5042.787027763146,0.0,0.0,0.0,0.5039615114722681,False,1.0,0.0
2023-03-01 00:00:00+00:00,0.0001800559061650997,1.0,5039.615114722681,0.000629395890015286,9.44093835022929e-07,0.0,0.5040522527188885,True,1.0,9.44093835022929e-07
2023-03-02 00:00:00+00:00,0.0002999459929522441,1.0,5039.615114722681,0.0,0.0,0.0,0.5042034411723301,False,1.0,0.0
2023-03-03 00:00:00+00:00,-0.0015192706651442345,0.0,0.0,0.9995401556479453,0.001499310233471918,0.0,0.5034374196748922,True,0.0,0.001499310233471918
2023-03-04 00:00:00+00:00,-0.001371000000000011,1.0,5034.374196748922,1.0,0.0015,0.0,0.502747206972518,True,1.0,0.0015
2023-03-05 00:00:00+00:00,-0.0016272309336100577,0.0,0.0,1.0014982413690883,0.0015022473620536325,0.0,0.5019291211655462,True,0.0,0.0015022473620536325
2023-03-06 00:00:00+00:00,-0.0032570000000000654,0.0,0.0,2.001760092482492,0.003002640138723738,0.0,0.50029433801791,True,0.0,0.003002640138723738
2023-03-07 00:00:00+00:00,-0.0014230000000001741,1.0,5002.9433801791,1.0,0.0015,0.0,0.4995824191749104,True,1.0,0.0015
2023-03-08 00:00:00+00:00,0.0002303277563973083,1.0,5002.9433801791,0.0,0.0,0.0,0.4996974868726545,False,1.0,0.0
2023-03-09 00:00:00+00:00,-0.0015468453865463694,0.0,0.0,1.0012395345437657,0.0015018593018156486,0.0,0.4989245321204167,True,0.0,0.0015018593018156486
2023-03-10 00:00:00+00:00,-0.0035749999999996618,0.0,0.0,2.002079314577749,0.003003118971866623,0.0,0.49714087691808634,True,0.0,0.003003118971866623
2023-03-11 00:00:00+00:00,-0.004251000000000116,0.0,0.0,2.0027585888780033,0.003004137883317005,0.0,0.4950275310503075,True,0.0,0.003004137883317005
2023-03-12 00:00:00+00:00,0.0,0.0,0.0,0.0,0.0,0.0,0.4950275310503075,False,0.0,0.0
2023-03-13 00:00:00+00:00,0.0,0.0,0.0,0.0,0.0,0.0,0.4950275310503075,False,0.0,0.0
2023-03-14 00:00:00+00:00,-0.004600347323999832,1.0,4934.889854838031,3.001610589828444,0.004502415884742666,0.0,0.4927502324725339,True,1.0,0.004502415884742666
2023-03-15 00:00:00+00:00,0.00030044977331056266,1.0,4934.889854838031,0.0,0.0,0.0,0.49289827916817913,False,1.0,0.0
2023-03-16 00:00:00+00:00,-0.0018091655711884869,0.0,0.0,1.001506265423196,0.0015022593981347942,0.0,0.49200654457141,True,0.0,0.0015022593981347942
2023-03-17 00:00:00+00:00,-0.0012999999999999678,1.0,4920.0654457141,1.0,0.0015,0.0,0.49136693606346715,True,1.0,0.0015
2023-03-18 00:00:00+00:00,0.0003003905076601754,1.0,4920.0654457141,0.0,0.0,0.0,0.49151453802683853,False,1.0,0.0
2023-03-19 00:00:00+00:00,0.0003003003003001492,1.0,4920.0654457141,0.0,0.0,0.0,0.4916621399902099,False,1.0,0.0
2023-03-20 00:00:00+00:00,-0.0014089862904034245,0.0,0.0,1.0006083698888926,0.001500912554833339,0.0,0.49096939477545337,True,0.0,0.001500912554833339
2023-03-21 00:00:00+00:00,-0.0030799999999998606,0.0,0.0,2.001582500350554,0.0030023737505258307,0.0,0.4894572090395451,True,0.0,0.0030023737505258307
2023-03-22 00:00:00+00:00,0.0,0.0,0.0,0.0,0.0,0.0,0.4894572090395451,False,0.0,0.0
2023-03-23 00:00:00+00:00,-0.0031280000000001307,0.0,0.0,2.001630654705861,0.0030024459820587918,0.0,0.4879261868896693,True,0.0,0.0030024459820587918
2023-03-24 00:00:00+00:00,-0.0012739999999998863,1.0,4879.261868896693,1.0,0.0015,0.0,0.4873045689275719,True,1.0,0.0015
2023-03-25 00:00:00+00:00,0.00017722578565071423,1.0,4879.261868896693,0.0,0.0,0.0,0.48739093186265137,False,1.0,0.0
2023-03-26 00:00:00+00:00,-0.003125300072179371,1.0,4866.156171516836,2.001187408266204,0.003001781112399306,0.0,0.4858676889481215,True,1.0,0.003001781112399306
2023-03-27 00:00:00+00:00,-0.0028992073186486778,1.0,4851.37765522394,2.0015393660055505,0.003002309049008326,0.0,0.4844590577884282,True,1.0,0.003002309049008326
2023-03-28 00:00:00+00:00,-0.0014440201842373934,0.0,0.0,1.0013428006957328,0.0015020142010435994,0.0,0.4837594891305449,True,0.0,0.0015020142010435994
2023-03-29 00:00:00+00:00,-0.0012659999999997673,1.0,4837.594891305449,1.0,0.0015,0.0,0.4831470496173057,True,1.0,0.0015
2023-03-30 00:00:00+00:00,0.0003003802814363077,1.0,4837.594891305449,0.0,0.0,0.0,0.48329217746404485,False,1.0,0.0
2023-03-31 00:00:00+00:00,0.0001821759819986557,1.0,4837.594891305449,0.0,0.0,0.0,0.4833802216910666,False,1.0,0.0
2023-04-01 00:00:00+00:00,0.00029882307729245383,1.0,4833.802216910666,0.0007846151382682648,1.1769227074023972e-06,0.0,0.48352466685641465,True,1.0,1.1769227074023972e-06
2023-04-02 00:00:00+00:00,0.0002999103798573266,1.0,4833.802216910666,0.0,0.0,0.0,0.4836696809229219,False,1.0,0.0
2023-04-03 00:00:00+00:00,-0.0016230280933224872,0.0,0.0,0.9995254022726611,0.0014992881034089918,0.0,0.4828846714428956,True,0.0,0.0014992881034089918
2023-04-04 00:00:00+00:00,-0.003246000000000082,0.0,0.0,2.0017490538480187,0.003002623580772028,0.0,0.4813172277993919,True,0.0,0.003002623580772028
2023-04-05 00:00:00+00:00,-0.001200000000000201,1.0,4813.172277993919,1.0,0.0015,0.0,0.48073964712603257,True,1.0,0.0015
2023-04-06 00:00:00+00:00,7.408890668791912e-05,1.0,4813.172277993919,0.0,0.0,0.0,0.48077526460088965,False,1.0,0.0
2023-04-07 00:00:00+00:00,-0.0015016909039577975,0.0,0.0,1.001127269305238,0.001501690903957857,0.0,0.48005328875919057,True,0.0,0.001501690903957857
2023-04-08 00:00:00+00:00,-0.003127000000000324,0.0,0.0,2.0016296514428977,0.0030024444771643466,0.0,0.4785521621252405,True,0.0,0.0030024444771643466
2023-04-09 00:00:00+00:00,-0.0030049999999999244,0.0,0.0,2.0015072684390005,0.003002260902658501,0.0,0.4771141128780541,True,0.0,0.003002260902658501
2023-04-10 00:00:00+00:00,-0.001314999999999955,1.0,4771.141128780541,1.0,0.0015,0.0,0.47648670781961944,True,1.0,0.0015
2023-04-11 00:00:00+00:00,0.0003003950194504501,1.0,4771.141128780541,0.0,0.0,0.0,0.47662984205348274,False,1.0,0.0
2023-04-12 00:00:00+00:00,0.00030030480938147974,1.0,4771.141128780541,0.0,0.0,0.0,0.47677297628734605,False,1.0,0.0
2023-04-13 00:00:00+00:00,0.0001771266455516951,1.0,4771.141128780541,0.0,0.0,0.0,0.47685742548532545,False,1.0,0.0
2023-04-14 00:00:00+00:00,0.00026814426161259064,1.0,4771.141128780541,0.0,0.0,0.0,0.47698529206757667,False,1.0,0.0
2023-04-15 00:00:00+00:00,-0.002904297760395247,1.0,4762.667582135823,2.0002760761970313,0.003000414114295547,0.0,0.4755999847520833,True,1.0,0.003000414114295547
2023-04-16 00:00:00+00:00,0.0003004205888244016,1.0,4762.667582135823,0.0,0.0,0.0,0.47574286477954736,False,1.0,0.0
2023-04-17 00:00:00+00:00,0.00013014315747339467,1.0,4762.667582135823,0.0,0.0,0.0,0.47580477945811517,False,1.0,0.0
2023-04-18 00:00:00+00:00,-0.004567845440076712,0.0,0.0,3.0025444137379522,0.004503816620606929,0.0,0.47363137676590067,True,0.0,0.004503816620606929
2023-04-19 00:00:00+00:00,-0.0013970000000000926,1.0,4736.313767659007,1.0,0.0015,0.0,0.47296971373255875,True,1.0,0.0015
2023-04-20 00:00:00+00:00,-0.001502098431508836,0.0,0.0,1.0013989543392119,0.0015020984315088177,0.0,0.47225926666740986,True,0.0,0.0015020984315088177
2023-04-21 00:00:00+00:00,-0.0013319999999999999,1.0,4722.592666674099,1.0,0.0015,0.0,0.47163021732420896,True,1.0,0.0015
2023-04-22 00:00:00+00:00,0.0003004001329773853,1.0,4722.592666674099,0.0,0.0,0.0,0.4717718951042092,False,1.0,0.0
2023-04-23 00:00:00+00:00,-0.003040395488143832,1.0,4709.96917647608,2.00117437754486,0.00300176156631729,0.0,0.47033752196290135,True,1.0,0.00300176156631729
2023-04-24 00:00:00+00:00,-0.002931980225315378,1.0,4696.220776449946,2.001421016422303,0.003002131524633455,0.0,0.46895850164928227,True,1.0,0.003002131524633455
2023-04-25 00:00:00+00:00,-0.0016212908840190776,0.0,0.0,1.0015343506251577,0.0015023015259377367,0.0,0.46819818350557496,True,0.0,0.0015023015259377367
2023-04-26 00:00:00+00:00,-0.0013379999999999503,1.0,4681.98183505575,1.0,0.0015,0.0,0.4675717343360445,True,1.0,0.0015
2023-04-27 00:00:00+00:00,-0.001627177163044169,0.0,0.0,1.0014651435049478,0.0015021977152574217,0.0,0.4668109122878479,True,0.0,0.0015021977152574217
2023-04-28 00:00:00+00:00,-0.0031010000000001314,0.0,0.0,2.0016035673112653,0.0030024053509668984,0.0,0.46536333164884325,True,0.0,0.0030024053509668984
2023-04-29 00:00:00+00:00,0.0,0.0,0.0,0.0,0.0,0.0,0.46536333164884325,False,0.0,0.0
2023-04-30 00:00:00+00:00,-0.0014000000000000679,1.0,4653.633316488433,1.0,0.0015,0.0,0.46471182298453484,True,1.0,0.0015
2023-05-01 00:00:00+00:00,-0.001578102944121862,0.0,0.0,1.0014800717925152,0.0015022201076887727,0.0,0.46397845988851477,True,0.0,0.0015022201076887727
2023-05-02 00:00:00+00:00,-0.003054999999999919,0.0,0.0,2.001557421790885,0.003002336132686327,0.0,0.4625610056935554,True,0.0,0.003002336132686327
2023-05-03 00:00:00+00:00,-0.003046999999999689,0.0,0.0,2.0015493969170306,0.003002324095375546,0.0,0.4611515823092072,True,0.0,0.003002324095375546
2023-05-04 00:00:00+00:00,-0.001200000000000201,1.0,4611.515823092072,1.0,0.0015,0.0,0.46059820041043614,True,1.0,0.0015
2023-05-05 00:00:00+00:00,-0.0014697637164596822,0.0,0.0,1.001169365819277,0.0015017540487289155,0.0,0.4599212298876062,True,0.0,0.0015017540487289155
2023-05-06 00:00:00+00:00,0.0,0.0,0.0,0.0,0.0,0.0,0.4599212298876062,False,0.0,0.0
2023-05-07 00:00:00+00:00,0.0,0.0,0.0,0.0,0.0,0.0,0.4599212298876062,False,0.0,0.0
2023-05-08 00:00:00+00:00,0.0,0.0,0.0,0.0,0.0,0.0,0.4599212298876062,False,0.0,0.0
2023-05-09 00:00:00+00:00,0.0,0.0,0.0,0.0,0.0,0.0,0.4599212298876062,False,0.0,0.0
2023-05-10 00:00:00+00:00,-0.0013939999999998953,1.0,4599.212298876062,1.0,0.0015,0.0,0.4592800996931429,True,1.0,0.0015
2023-05-11 00:00:00+00:00,-0.0015731930310853848,0.0,0.0,1.0014671493738327,0.0015022007240607488,0.0,0.45855756344098947,True,0.0,0.0015022007240607488
2023-05-12 00:00:00+00:00,-0.0031000000000001027,0.0,0.0,2.001602564102564,0.0030024038461538465,0.0,0.45713603499432237,True,0.0,0.0030024038461538465
2023-05-13 00:00:00+00:00,-0.0029610000000001024,0.0,0.0,2.001463137644098,0.003002194706466147,0.0,0.4557824551947042,True,0.0,0.003002194706466147
2023-05-14 00:00:00+00:00,-0.003226000000000062,0.0,0.0,2.0017289842267756,0.003002593476340163,0.0,0.45431210099424607,True,0.0,0.003002593476340163
2023-05-15 00:00:00+00:00,0.0,0.0,0.0,0.0,0.0,0.0,0.45431210099424607,False,0.0,0.0
2023-05-16 00:00:00+00:00,-0.0015529999999999156,1.0,4543.121009942461,1.0,0.0015,0.0,0.45360655430140207,True,1.0,0.0015
2023-05-17 00:00:00+00:00,-0.00286528243862727,1.0,4529.250861499107,2.0015554155603654,0.003002333123340548,0.0,0.45230684340731603,True,1.0,0.003002333123340548
2023-05-18 00:00:00+00:00,-0.0014189368487986798,0.0,0.0,1.0012836456337024,0.0015019254684505538,0.0,0.4516650485602416,True,0.0,0.0015019254684505538
2023-05-19 00:00:00+00:00,-0.0012939999999999063,1.0,4516.650485602416,1.0,0.0015,0.0,0.45108059398740463,True,1.0,0.0015
2023-05-20 00:00:00+00:00,-0.0015880549430965507,0.0,0.0,1.0013819070317038,0.0015020728605475559,0.0,0.45036425322038803,True,0.0,0.0015020728605475559
2023-05-21 00:00:00+00:00,0.0,0.0,0.0,0.0,0.0,0.0,0.45036425322038803,False,0.0,0.0
2023-05-22 00:00:00+00:00,-0.001354999999999995,1.0,4503.64253220388,1.0,0.0015,0.0,0.4497540096572744,True,1.0,0.0015
2023-05-23 00:00:00+00:00,0.0002743717737530016,1.0,4503.64253220388,0.0,0.0,0.0,0.4498774094626567,False,1.0,0.0
2023-05-24 00:00:00+00:00,3.203462943424107e-05,1.0,4503.64253220388,0.0,0.0,0.0,0.44989182111875964,False,1.0,0.0
2023-05-25 00:00:00+00:00,-0.002899472947121451,1.0,4492.16274738929,2.001050101556533,0.0030015751523348,0.0,0.4485873719542946,True,1.0,0.0030015751523348
2023-05-26 00:00:00+00:00,-0.001502102944121786,0.0,0.0,1.001401962747847,0.0015021029441217703,0.0,0.4479135475421862,True,0.0,0.0015021029441217703
2023-05-27 00:00:00+00:00,-0.003118999999999872,0.0,0.0,2.0016216254115413,0.0030024324381173117,0.0,0.44651650518740216,True,0.0,0.0030024324381173117
2023-05-28 00:00:00+00:00,-0.00130000000000019,1.0,4465.165051874022,1.0,0.0015,0.0,0.44593603373065843,True,1.0,0.0015
2023-05-29 00:00:00+00:00,0.00030039050765950925,1.0,4465.165051874022,0.0,0.0,0.0,0.44606998868221454,False,1.0,0.0
2023-05-30 00:00:00+00:00,0.0002832832832828647,1.0,4465.165051874022,0.0,0.0,0.0,0.44619635285318243,False,1.0,0.0
2023-05-31 00:00:00+00:00,0.0003002152543372105,1.0,4465.165051874022,0.0,0.0,0.0,0.44633030780473854,False,1.0,0.0
2023-06-01 00:00:00+00:00,-0.0014386257609423359,0.0,0.0,1.0003558034890516,0.0015005337052335776,0.0,0.44568820552604127,True,0.0,0.0015005337052335776
2023-06-02 00:00:00+00:00,-0.0015340000000002574,1.0,4456.882055260413,1.0,0.0015,0.0,0.4450045198187642,True,1.0,0.0015
2023-06-03 00:00:00+00:00,-0.0030080390599179774,1.0,4443.359875104751,2.0015363567712874,0.003002304535156931,0.0,0.44366592884130934,True,1.0,0.003002304535156931
2023-06-04 00:00:00+00:00,-0.00150226541624765,0.0,0.0,1.0015102774984677,0.0015022654162477015,0.0,0.4429994248600437,True,0.0,0.0015022654162477015
2023-06-05 00:00:00+00:00,-0.002910999999999664,0.0,0.0,2.0014129937341587,0.003002119490601238,0.0,0.4417098535342762,True,0.0,0.003002119490601238
2023-06-06 00:00:00+00:00,-0.003007000000000093,0.0,0.0,2.0015092744766365,0.0030022639117149546,0.0,0.4403816320046986,True,0.0,0.0030022639117149546
2023-06-07 00:00:00+00:00,-0.0013000000000000789,1.0,4403.816320046986,1.0,0.0015,0.0,0.4398091358830925,True,1.0,0.0015
2023-06-08 00:00:00+00:00,0.0002072694502854855,1.0,4403.816320046986,0.0,0.0,0.0,0.4399002948809175,False,1.0,0.0
2023-06-09 00:00:00+00:00,0.00016317835394086266,1.0,4403.816320046986,0.0,0.0,0.0,0.4399720770869343,False,1.0,0.0
2023-06-10 00:00:00+00:00,-4.504188895693151e-05,1.0,4403.816320046986,0.0,0.0,0.0,0.43995225991349407,False,1.0,0.0
2023-06-11 00:00:00+00:00,-0.001501463927329083,0.0,0.0,1.0009759515527639,0.001501463927329146,0.0,0.439291687465487,True,0.0,0.001501463927329146
2023-06-12 00:00:00+00:00,-0.0014160000000000839,1.0,4392.91687465487,1.0,0.0015,0.0,0.43866965043603584,True,1.0,0.0015
2023-06-13 00:00:00+00:00,0.00030042540236996373,1.0,4392.91687465487,0.0,0.0,0.0,0.4388014379422756,False,1.0,0.0
2023-06-14 00:00:00+00:00,0.00026029048418041434,1.0,4392.91687465487,0.0,0.0,0.0,0.43891565378101666,False,1.0,0.0
2023-06-15 00:00:00+00:00,-0.0014952799596453792,0.0,0.0,1.000850723114647,0.0015012760846719706,0.0,0.43825935199994326,True,0.0,0.0015012760846719706
2023-06-16 00:00:00+00:00,-0.0011999999999998678,1.0,4382.593519999433,1.0,0.0015,0.0,0.43773344077754345,True,1.0,0.0015
2023-06-17 00:00:00+00:00,0.00030036043251913114,1.0,4382.593519999433,0.0,0.0,0.0,0.4378649185831436,False,1.0,0.0
2023-06-18 00:00:00+00:00,0.0002652387148436297,1.0,4382.593519999433,0.0,0.0,0.0,0.43798105731142367,False,1.0,0.0
2023-06-19 00:00:00+00:00,0.00022214105957307773,1.0,4382.593519999433,0.0,0.0,0.0,0.43807835088756775,False,1.0,0.0
2023-06-20 00:00:00+00:00,0.000300123951191944,1.0,4382.593519999433,0.0,0.0,0.0,0.4382098286931679,False,1.0,0.0
2023-06-21 00:00:00+00:00,-0.0029410139345746877,1.0,4375.3359451303195,2.0001560243397956,0.0030002340365096938,0.0,0.4369210474807137,True,1.0,0.0030002340365096938
2023-06-22 00:00:00+00:00,0.0003004205888244016,1.0,4375.3359451303195,0.0,0.0,0.0,0.4370523075590677,False,1.0,0.0
2023-06-23 00:00:00+00:00,0.0003003303633999366,1.0,4375.3359451303195,0.0,0.0,0.0,0.43718356763742167,False,1.0,0.0
2023-06-24 00:00:00+00:00,0.00019815852682136814,1.0,4375.3359451303195,0.0,0.0,0.0,0.43727019928913535,False,1.0,0.0
2023-06-25 00:00:00+00:00,0.00026515962609496846,1.0,4375.3359451303195,0.0,0.0,0.0,0.4373861456916813,False,1.0,0.0
2023-06-26 00:00:00+00:00,0.00028509607737814413,1.0,4375.3359451303195,0.0,0.0,0.0,0.43751084276611757,False,1.0,0.0
2023-06-27 00:00:00+00:00,-0.0014410749358965136,0.0,0.0,0.9999930000489989,0.0014999895000734986,0.0,0.43688035685642423,True,0.0,0.0014999895000734986
2023-06-28 00:00:00+00:00,-0.004461707600000198,1.0,4355.408816823024,3.0015684562024134,0.00450235268430362,0.0,0.4349311244479471,True,1.0,0.00450235268430362
2023-06-29 00:00:00+00:00,-0.001416983777288272,0.0,0.0,1.0013167315019251,0.0015019750972528878,0.0,0.43431483410036664,True,0.0,0.0015019750972528878
2023-06-30 00:00:00+00:00,-0.0011999999999998678,1.0,4343.148341003666,1.0,0.0015,0.0,0.4337936562994462,True,1.0,0.0015
2023-07-01 00:00:00+00:00,0.0002981978374048122,1.0,4337.936562994462,0.0012014417300759885,1.8021625951139827e-06,0.0,0.43392301262963473,True,1.0,1.8021625951139827e-06
2023-07-02 00:00:00+00:00,0.0002999105673173741,1.0,4337.936562994462,0.0,0.0,0.0,0.4340531507265247,False,1.0,0.0
2023-07-03 00:00:00+00:00,0.0002768343982617605,1.0,4337.936562994462,0.0,0.0,0.0,0.4341733115693197,False,1.0,0.0
2023-07-04 00:00:00+00:00,0.00027276127991759935,1.0,4337.936562994462,0.0,0.0,0.0,0.43429173723748943,False,1.0,0.0
2023-07-05 00:00:00+00:00,-0.0014273611070636516,0.0,0.0,0.9987822867958994,0.0014981734301938493,0.0,0.4336718461026376,True,0.0,0.0014981734301938493
2023-07-06 00:00:00+00:00,-0.0012719999999999398,1.0,4336.718461026376,1.0,0.0015,0.0,0.433120215514395,True,1.0,0.0015
2023-07-07 00:00:00+00:00,-0.001634078547912976,0.0,0.0,1.0014059739874783,0.0015021089609812176,0.0,0.43241246306155556,True,0.0,0.0015021089609812176
2023-07-08 00:00:00+00:00,-0.0014000000000001789,1.0,4324.124630615555,1.0,0.0015,0.0,0.4318070856132693,True,1.0,0.0015
2023-07-09 00:00:00+00:00,-0.0015261365912279112,0.0,0.0,1.001426030667671,0.0015021390460015066,0.0,0.4311480890195634,True,0.0,0.0015021390460015066
2023-07-10 00:00:00+00:00,-0.002929999999999988,0.0,0.0,2.001432047828395,0.003002148071742592,0.0,0.4298848251187361,True,0.0,0.003002148071742592
2023-07-11 00:00:00+00:00,-0.0011999999999998678,1.0,4298.848251187361,1.0,0.0015,0.0,0.4293689633285937,True,1.0,0.0015
2023-07-12 00:00:00+00:00,0.00030036043251913114,1.0,4298.848251187361,0.0,0.0,0.0,0.42949792877612947,False,1.0,0.0
2023-07-13 00:00:00+00:00,0.00013812431188098273,1.0,4298.848251187361,0.0,0.0,0.0,0.4295572528819959,False,1.0,0.0
2023-07-14 00:00:00+00:00,0.0003002287743261167,1.0,4298.848251187361,0.0,0.0,0.0,0.4296862183295317,False,1.0,0.0
2023-07-15 00:00:00+00:00,-0.0015907349195328768,0.0,0.0,1.0005523048722884,0.0015008284573084327,0.0,0.42900270145759284,True,0.0,0.0015008284573084327
2023-07-16 00:00:00+00:00,-0.0013739999999999863,1.0,4290.027014575929,1.0,0.0015,0.0,0.42841325174579015,True,1.0,0.0015
2023-07-17 00:00:00+00:00,-0.0015861794105099802,0.0,0.0,1.0014601288678893,0.0015021901933018342,0.0,0.4277337114666813,True,0.0,0.0015021901933018342
2023-07-18 00:00:00+00:00,-0.00302200000000008,0.0,0.0,2.001524320015063,0.0030022864800225944,0.0,0.42644110019062903,True,0.0,0.0030022864800225944
2023-07-19 00:00:00+00:00,-0.0012980000000000214,1.0,4264.41100190629,1.0,0.0015,0.0,0.42588757964258156,True,1.0,0.0015
2023-07-20 00:00:00+00:00,0.0002142781330165544,1.0,4264.41100190629,0.0,0.0,0.0,0.42597883803802233,False,1.0,0.0
2023-07-21 00:00:00+00:00,1.0010851763775364e-05,1.0,4264.41100190629,0.0,0.0,0.0,0.4259831024490243,False,1.0,0.0
2023-07-22 00:00:00+00:00,-0.0030802386823449712,1.0,4253.434407987384,2.0010751547161654,0.0030016127320742474,0.0,0.42467097281883553,True,1.0,0.0030016127320742474
2023-07-23 00:00:00+00:00,-0.004550788503624226,0.0,0.0,3.003138919079429,0.0045047083786191435,0.0,0.42273838503790867,True,0.0,0.0045047083786191435
2023-07-24 00:00:00+00:00,-0.00149100000000002,1.0,4227.383850379087,1.0,0.0015,0.0,0.4221080821058171,True,1.0,0.0015
2023-07-25 00:00:00+00:00,-0.004564632470012708,0.0,0.0,3.0030626857433536,0.00450459402861503,0.0,0.4201813138483821,True,0.0,0.00450459402861503
2023-07-26 00:00:00+00:00,-0.003042999999999796,0.0,0.0,2.001545384528327,0.003002318076792491,0.0,0.4189027021103415,True,0.0,0.003002318076792491
2023-07-27 00:00:00+00:00,-0.0012750000000003592,1.0,4189.027021103415,1.0,0.0015,0.0,0.41836860116515073,True,1.0,0.0015
2023-07-28 00:00:00+00:00,0.00015820170717661952,1.0,4189.027021103415,0.0,0.0,0.0,0.4184347877920841,False,1.0,0.0
2023-07-29 00:00:00+00:00,-0.0014075722582124195,0.0,0.0,1.001024047600696,0.0015015360714010439,0.0,0.41784581059291687,True,0.0,0.0015015360714010439
2023-07-30 00:00:00+00:00,-0.0014760000000001439,1.0,4178.458105929169,1.0,0.0015,0.0,0.4172290701764817,True,1.0,0.0015
2023-07-31 00:00:00+00:00,-0.0015042202290580509,0.0,0.0,1.0014801877174464,0.0015022202815761696,0.0,0.4166014657689711,True,0.0,0.0015022202815761696
2023-08-01 00:00:00+00:00,-0.0030130000000001544,0.0,0.0,2.001515292637761,0.0030022729389566414,0.0,0.4153462455526092,True,0.0,0.0030022729389566414
2023-08-02 00:00:00+00:00,-0.0013000000000000789,1.0,4153.462455526092,1.0,0.0015,0.0,0.41480629543339076,True,1.0,0.0015
2023-08-03 00:00:00+00:00,0.00030039050765995334,1.0,4153.462455526092,0.0,0.0,0.0,0.41493089930705646,False,1.0,0.0
2023-08-04 00:00:00+00:00,0.00030030030029992716,1.0,4153.462455526092,0.0,0.0,0.0,0.4150555031807222,False,1.0,0.0
2023-08-05 00:00:00+00:00,0.00030021014710279736,1.0,4153.462455526092,0.0,0.0,0.0,0.4151801070543879,False,1.0,0.0
2023-08-06 00:00:00+00:00,0.00030012004801882597,1.0,4153.462455526092,0.0,0.0,0.0,0.41530471092805366,False,1.0,0.0
2023-08-07 00:00:00+00:00,0.00030003000300005134,1.0,4153.462455526092,0.0,0.0,0.0,0.41542931480171935,False,1.0,0.0
2023-08-08 00:00:00+00:00,0.00029994001199762366,1.0,4153.462455526092,0.0,0.0,0.0,0.4155539186753851,False,1.0,0.0
2023-08-09 00:00:00+00:00,0.00029985007496247107,1.0,4153.462455526092,0.0,0.0,0.0,0.41567852254905086,False,1.0,0.0
2023-08-10 00:00:00+00:00,0.0002997601918464099,1.0,4153.462455526092,0.0,0.0,0.0,0.41580312642271655,False,1.0,0.0
2023-08-11 00:00:00+00:00,0.0002996703626010344,1.0,4153.462455526092,0.0,0.0,0.0,0.4159277302963823,False,1.0,0.0
2023-08-12 00:00:00+00:00,0.00029958058717771685,1.0,4153.462455526092,0.0,0.0,0.0,0.416052334170048,False,1.0,0.0
2023-08-13 00:00:00+00:00,0.0002545672356990547,1.0,4153.462455526092,0.0,0.0,0.0,0.4161582474626639,False,1.0,0.0
2023-08-14 00:00:00+00:00,0.00021557854394660403,1.0,4153.462455526092,0.0,0.0,0.0,0.4162479622517032,False,1.0,0.0
2023-08-15 00:00:00+00:00,0.00029935011090920227,1.0,4153.462455526092,0.0,0.0,0.0,0.41637256612536894,False,1.0,0.0
2023-08-16 00:00:00+00:00,0.0002992605272369442,1.0,4153.462455526092,0.0,0.0,0.0,0.4164971699990347,False,1.0,0.0
2023-08-17 00:00:00+00:00,-0.0016274902245876355,0.0,0.0,0.997367945990533,0.0014960519189857993,0.0,0.41581932492629275,True,0.0,0.0014960519189857993
2023-08-18 00:00:00+00:00,0.0,0.0,0.0,0.0,0.0,0.0,0.41581932492629275,False,0.0,0.0
2023-08-19 00:00:00+00:00,-0.0030519999999997216,0.0,0.0,2.0015544124481193,0.003002331618672179,0.0,0.4145502443466178,True,0.0,0.003002331618672179
2023-08-20 00:00:00+00:00,0.0,0.0,0.0,0.0,0.0,0.0,0.4145502443466178,False,0.0,0.0
2023-08-21 00:00:00+00:00,0.0,0.0,0.0,0.0,0.0,0.0,0.4145502443466178,False,0.0,0.0
2023-08-22 00:00:00+00:00,-0.0014969999999998596,1.0,4145.502443466178,1.0,0.0015,0.0,0.413929662630831,True,1.0,0.0015
2023-08-23 00:00:00+00:00,0.0002323478246935018,1.0,4145.502443466178,0.0,0.0,0.0,0.4140258382875193,False,1.0,0.0
2023-08-24 00:00:00+00:00,7.008866215763021e-05,1.0,4145.502443466178,0.0,0.0,0.0,0.4140548568046235,False,1.0,0.0
2023-08-25 00:00:00+00:00,-0.004565187138630522,0.0,0.0,3.002766892218709,0.004504150338328063,0.0,0.4121646188976515,True,0.0,0.004504150338328063
2023-08-26 00:00:00+00:00,-0.0030049999999998134,0.0,0.0,2.001507268439001,0.003002260902658501,0.0,0.41092606421786415,True,0.0,0.003002260902658501
2023-08-27 00:00:00+00:00,-0.0011999999999999789,1.0,4109.260642178641,1.0,0.0015,0.0,0.41043295294080273,True,1.0,0.0015
2023-08-28 00:00:00+00:00,-0.0015738886663999585,0.0,0.0,1.0012736200446968,0.001501910430067045,0.0,0.4097869771678522,True,0.0,0.001501910430067045
2023-08-29 00:00:00+00:00,-0.003054000000000112,0.0,0.0,2.00155641867462,0.0030023346280119304,0.0,0.40853548773958154,True,0.0,0.0030023346280119304
2023-08-30 00:00:00+00:00,-0.0012999999999999678,1.0,4085.3548773958155,1.0,0.0015,0.0,0.40800439160552016,True,1.0,0.0015
2023-08-31 00:00:00+00:00,-0.003027764422749657,1.0,4073.5931407037933,2.001380904266984,0.0030020713564004762,0.0,0.40676905042429135,True,1.0,0.0030020713564004762
2023-09-01 00:00:00+00:00,-0.0016401766539716478,0.0,0.0,1.0015912989539573,0.001502386948430936,0.0,0.40610187732422726,True,0.0,0.001502386948430936
2023-09-02 00:00:00+00:00,-0.0014400000000001079,1.0,4061.0187732422723,1.0,0.0015,0.0,0.4055170906208803,True,1.0,0.0015
2023-09-03 00:00:00+00:00,-0.0030218768226245585,1.0,4049.0793780489394,2.00144207659029,0.0030021631148854353,0.0,0.4042916679235549,True,1.0,0.0030021631148854353
2023-09-04 00:00:00+00:00,-0.0028003335075985625,1.0,4036.843060168476,2.001524320015063,0.0030022864800225944,0.0,0.40315951641902564,True,1.0,0.0030022864800225944
2023-09-05 00:00:00+00:00,0.0001942525282865315,1.0,4036.843060168476,0.0,0.0,0.0,0.4032378311743929,False,1.0,0.0
2023-09-06 00:00:00+00:00,0.00029232330958017805,1.0,4036.843060168476,0.0,0.0,0.0,0.4033557069917498,False,1.0,0.0
2023-09-07 00:00:00+00:00,0.0003002443989403858,1.0,4036.843060168476,0.0,0.0,0.0,0.40347681228355475,False,1.0,0.0
2023-09-08 00:00:00+00:00,0.00030015427929930283,1.0,4036.843060168476,0.0,0.0,0.0,0.4035979175753598,False,1.0,0.0
2023-09-09 00:00:00+00:00,0.00020404366534454432,1.0,4036.843060168476,0.0,0.0,0.0,0.4036802691737872,False,1.0,0.0
2023-09-10 00:00:00+00:00,0.00023800238002369412,1.0,4036.843060168476,0.0,0.0,0.0,0.40377634603861917,False,1.0,0.0
2023-09-11 00:00:00+00:00,-0.0029325054327613564,1.0,4031.6920484236985,1.9997760501647637,0.0029996640752471453,0.0,0.4025922697102404,True,1.0,0.0029996640752471453
2023-09-12 00:00:00+00:00,-0.0015472140633246978,0.0,0.0,1.0014781817963314,0.0015022172726944971,0.0,0.4019693732887589,True,0.0,0.0015022172726944971
2023-09-13 00:00:00+00:00,-0.0014199999999999768,1.0,4019.6937328875892,1.0,0.0015,0.0,0.40139857677868884,True,1.0,0.0015
2023-09-14 00:00:00+00:00,-0.002900030042660706,1.0,4007.956227187557,2.00142201926736,0.0030021330289010397,0.0,0.40023450884694944,True,1.0,0.0030021330289010397
2023-09-15 00:00:00+00:00,0.00016623272581628434,1.0,4007.956227187557,0.0,0.0,0.0,0.4003010409203208,False,1.0,0.0
2023-09-16 00:00:00+00:00,-0.0015388990013676107,0.0,0.0,1.0012726174968383,0.0015019089262452575,0.0,0.39968501804820206,True,0.0,0.0015019089262452575
2023-09-17 00:00:00+00:00,-0.0031160000000000077,0.0,0.0,2.0016186156829434,0.0030024279235244156,0.0,0.39843959953196384,True,0.0,0.0030024279235244156
2023-09-18 00:00:00+00:00,0.0,0.0,0.0,0.0,0.0,0.0,0.39843959953196384,False,0.0,0.0
2023-09-19 00:00:00+00:00,-0.0030360000000000387,0.0,0.0,2.0015383629254533,0.0030023075443881804,0.0,0.39722993690778485,True,0.0,0.0030023075443881804
2023-09-20 00:00:00+00:00,-0.0030039999999998956,0.0,0.0,2.0015062654231963,0.003002259398134795,0.0,0.39603665817731387,True,0.0,0.003002259398134795
2023-09-21 00:00:00+00:00,-0.001463000000000103,1.0,3960.366581773139,1.0,0.0015,0.0,0.39545725654640046,True,1.0,0.0015
2023-09-22 00:00:00+00:00,8.612600234148005e-05,1.0,3960.366581773139,0.0,0.0,0.0,0.3954913156990037,False,1.0,0.0
2023-09-23 00:00:00+00:00,-0.0028001156592626364,1.0,3948.9726071173773,2.00137889874357,0.003002068348115355,0.0,0.3943838942728125,True,1.0,0.003002068348115355
2023-09-24 00:00:00+00:00,0.0003003905076601754,1.0,3948.9726071173773,0.0,0.0,0.0,0.394502363451026,False,1.0,0.0
2023-09-25 00:00:00+00:00,-0.001673673673673659,0.0,0.0,1.0011733751957292,0.0015017600627935939,0.0,0.393842095231116,True,0.0,0.0015017600627935939
2023-09-26 00:00:00+00:00,-0.003001999999999949,0.0,0.0,2.001504259397615,0.0030022563890964226,0.0,0.39265978126123224,True,0.0,0.0030022563890964226
2023-09-27 00:00:00+00:00,-0.0012010000000001186,1.0,3926.5978126123223,1.0,0.0015,0.0,0.39218819686393747,True,1.0,0.0015
2023-09-28 00:00:00+00:00,0.00025530662325445874,1.0,3926.5978126123223,0.0,0.0,0.0,0.39228832510815903,False,1.0,0.0
2023-09-29 00:00:00+00:00,0.00022421210465073393,1.0,3926.5978126123223,0.0,0.0,0.0,0.39237628089916154,False,1.0,0.0
2023-09-30 00:00:00+00:00,0.0002741979709348641,1.0,3926.5978126123223,0.0,0.0,0.0,0.39248386967922705,False,1.0,0.0
2023-10-01 00:00:00+00:00,-0.0015286723011910253,0.0,0.0,1.0004768739172714,0.0015007153108759072,0.0,0.3918838904589842,True,0.0,0.0015007153108759072
2023-10-02 00:00:00+00:00,-0.0012969999999998816,1.0,3918.838904589842,1.0,0.0015,0.0,0.3913756170530589,True,1.0,0.0015
2023-10-03 00:00:00+00:00,0.00023730778820119092,1.0,3918.838904589842,0.0,0.0,0.0,0.3914684935350976,False,1.0,0.0
2023-10-04 00:00:00+00:00,-0.001448535447574284,0.0,0.0,1.0010080150711769,0.0015015120226067654,0.0,0.39090143754560347,True,0.0,0.0015015120226067654
2023-10-05 00:00:00+00:00,-0.0015040000000000608,1.0,3909.0143754560345,1.0,0.0015,0.0,0.39031352178353484,True,1.0,0.0015
2023-10-06 00:00:00+00:00,-0.0015022593981347532,0.0,0.0,1.0015062654231965,0.0015022593981347948,0.0,0.3897271696272165,True,0.0,0.0015022593981347948
2023-10-07 00:00:00+00:00,-0.0015450000000001296,1.0,3897.2716962721647,1.0,0.0015,0.0,0.3891250411501424,True,1.0,0.0015
2023-10-08 00:00:00+00:00,-0.0015023210860780623,0.0,0.0,1.0015473907186605,0.0015023210860779905,0.0,0.38854045039570156,True,0.0,0.0015023210860779905
2023-10-09 00:00:00+00:00,-0.001535000000000064,1.0,3885.4045039570155,1.0,0.0015,0.0,0.38794404080434414,True,1.0,0.0015
2023-10-10 00:00:00+00:00,-0.002800353041919279,1.0,3873.612301287506,2.001537359847366,0.0030023060397710486,0.0,0.3868576605295832,True,1.0,0.0030023060397710486
2023-10-11 00:00:00+00:00,-0.0015770501652148106,0.0,0.0,1.0013768932281888,0.0015020653398422833,0.0,0.3862475665921304,True,0.0,0.0015020653398422833
2023-10-12 00:00:00+00:00,-0.0013360000000000039,1.0,3862.475665921304,1.0,0.0014999999999999998,0.0,0.38573153984316333,True,1.0,0.0014999999999999998
2023-10-13 00:00:00+00:00,0.00030040133618491893,1.0,3862.475665921304,0.0,0.0,0.0,0.3858474141131409,False,1.0,0.0
2023-10-14 00:00:00+00:00,0.00014815348701224806,1.0,3862.475665921304,0.0,0.0,0.0,0.3859045787529965,False,1.0,0.0
2023-10-15 00:00:00+00:00,-0.0015233527372305877,0.0,0.0,1.0009108288542576,0.0015013662432813864,0.0,0.38531670995664324,True,0.0,0.0015013662432813864
2023-10-16 00:00:00+00:00,-0.002974000000000143,0.0,0.0,2.001476175883252,0.003002214263824878,0.0,0.3841707780612322,True,0.0,0.003002214263824878
2023-10-17 00:00:00+00:00,-0.0015139999999997933,1.0,3841.7077806123216,1.0,0.0015,0.0,0.38358914350324747,True,1.0,0.0015
2023-10-18 00:00:00+00:00,-0.0029770555841543977,1.0,3830.1288733615565,2.001516295671647,0.0030022744435074704,0.0,0.3824471773015602,True,1.0,0.0030022744435074704
2023-10-19 00:00:00+00:00,-0.0015102306106117291,0.0,0.0,1.0014872085046294,0.001502230812756944,0.0,0.3818695938674572,True,0.0,0.001502230812756944
2023-10-20 00:00:00+00:00,-0.003013999999999961,0.0,0.0,2.001516295671647,0.0030022744435074704,0.0,0.38071863891154073,True,0.0,0.0030022744435074704
2023-10-21 00:00:00+00:00,-0.0015129999999997645,1.0,3807.1863891154076,1.0,0.0015,0.0,0.3801426116108676,True,1.0,0.0015
2023-10-22 00:00:00+00:00,-0.0028003199841359905,1.0,3795.715336525003,2.0015152926377606,0.0030022729389566414,0.0,0.379078090658752,True,1.0,0.0030022729389566414
2023-10-23 00:00:00+00:00,0.00026133974166397955,1.0,3795.715336525003,0.0,0.0,0.0,0.37917715882903524,False,1.0,0.0
2023-10-24 00:00:00+00:00,0.0002983099440319048,1.0,3795.715336525003,0.0,0.0,0.0,0.3792902711460637,False,1.0,0.0
2023-10-25 00:00:00+00:00,0.00035726473316732843,1.0,3795.715336525003,0.0,0.0,0.0,0.3794257781835776,False,1.0,0.0
2023-10-26 00:00:00+00:00,0.000548210512836933,1.0,3795.715336525003,0.0,0.0,0.0,0.37963378338401915,False,1.0,0.0
2023-10-27 00:00:00+00:00,0.00029995080806743957,1.0,3795.715336525003,0.0,0.0,0.0,0.3797476548441149,False,1.0,0.0
2023-10-28 00:00:00+00:00,0.00029986086455879857,1.0,3795.715336525003,0.0,0.0,0.0,0.37986152630421055,False,1.0,0.0
2023-10-29 00:00:00+00:00,0.0009033098712583065,1.0,3795.715336525003,0.0,0.0,0.0,0.3802046589706324,False,1.0,0.0
2023-10-30 00:00:00+00:00,0.0007357727310846052,1.0,3795.715336525003,0.0,0.0,0.0,0.3804844031909343,False,1.0,0.0
2023-10-31 00:00:00+00:00,0.0003910595018978835,1.0,3795.715336525003,0.0,0.0,0.0,0.380633195232126,False,1.0,0.0
2023-11-01 00:00:00+00:00,0.0006818162020825191,1.0,3806.3319523212604,0.002789198611482917,4.183797917224376e-06,0.0,0.3808927171116858,True,1.0,4.183797917224376e-06
2023-11-02 00:00:00+00:00,0.0009573472651238646,1.0,3806.3319523212604,0.0,0.0,0.0,0.38125736371271823,False,1.0,0.0
2023-11-03 00:00:00+00:00,0.0002995088605182161,1.0,3806.3319523212604,0.0,0.0,0.0,0.38137155367128794,False,1.0,0.0
2023-11-04 00:00:00+00:00,0.0002994191818197489,1.0,3806.3319523212604,0.0,0.0,0.0,0.38148574362985765,False,1.0,0.0
2023-11-05 00:00:00+00:00,0.00029932955680900264,1.0,3806.3319523212604,0.0,0.0,0.0,0.38159993358842736,False,1.0,0.0
2023-11-06 00:00:00+00:00,0.0006523431682519121,1.0,3806.3319523212604,0.0,0.0,0.0,0.38184886769810916,False,1.0,0.0
2023-11-07 00:00:00+00:00,0.00029904490553578356,1.0,3806.3319523212604,0.0,0.0,0.0,0.3819630576566789,False,1.0,0.0
2023-11-08 00:00:00+00:00,0.0003218754264200374,1.0,3806.3319523212604,0.0,0.0,0.0,0.38208600217873884,False,1.0,0.0
2023-11-09 00:00:00+00:00,0.0006833916197930279,1.0,3806.3319523212604,0.0,0.0,0.0,0.3823471165506681,False,1.0,0.0
2023-11-10 00:00:00+00:00,0.0013130874087410316,1.0,3806.3319523212604,0.0,0.0,0.0,0.3828491717351793,False,1.0,0.0
2023-11-11 00:00:00+00:00,0.00030124619999227775,1.0,3806.3319523212604,0.0,0.0,0.0,0.38296450359333467,False,1.0,0.0
2023-11-12 00:00:00+00:00,0.000512858833904728,1.0,3806.3319523212604,0.0,0.0,0.0,0.38316091032207444,False,1.0,0.0
2023-11-13 00:00:00+00:00,0.000788761976685759,1.0,3806.3319523212604,0.0,0.0,0.0,0.38346313307908875,False,1.0,0.0
2023-11-14 00:00:00+00:00,0.0003295498573809841,1.0,3806.3319523212604,0.0,0.0,0.0,0.3835895032999059,False,1.0,0.0
2023-11-15 00:00:00+00:00,0.0002976879126965759,1.0,3806.3319523212604,0.0,0.0,0.0,0.3837036932584756,False,1.0,0.0
2023-11-16 00:00:00+00:00,0.00029759932097594977,1.0,3806.3319523212604,0.0,0.0,0.0,0.3838178832170453,False,1.0,0.0
2023-11-17 00:00:00+00:00,0.00029751078196937897,1.0,3806.3319523212604,0.0,0.0,0.0,0.383932073175615,False,1.0,0.0
2023-11-18 00:00:00+00:00,0.00029742229562934597,1.0,3806.3319523212604,0.0,0.0,0.0,0.3840462631341847,False,1.0,0.0
2023-11-19 00:00:00+00:00,0.0002973338619096655,1.0,3806.3319523212604,0.0,0.0,0.0,0.38416045309275443,False,1.0,0.0
2023-11-20 00:00:00+00:00,0.00029724548076326407,1.0,3806.3319523212604,0.0,0.0,0.0,0.38427464305132414,False,1.0,0.0
2023-11-21 00:00:00+00:00,0.0002971571521421801,1.0,3806.3319523212604,0.0,0.0,0.0,0.38438883300989385,False,1.0,0.0
2023-11-22 00:00:00+00:00,0.00021785050906752979,1.0,3806.3319523212604,0.0,0.0,0.0,0.38447257231284493,False,1.0,0.0
2023-11-23 00:00:00+00:00,0.00029700417349087793,1.0,3806.3319523212604,0.0,0.0,0.0,0.38458676227141464,False,1.0,0.0
2023-11-24 00:00:00+00:00,0.0002969159882033612,1.0,3806.3319523212604,0.0,0.0,0.0,0.38470095222998435,False,1.0,0.0
2023-11-25 00:00:00+00:00,0.0002968278552670789,1.0,3806.3319523212604,0.0,0.0,0.0,0.38481514218855406,False,1.0,0.0
2023-11-26 00:00:00+00:00,0.00029673977463628987,1.0,3806.3319523212604,0.0,0.0,0.0,0.38492933214712377,False,1.0,0.0
2023-11-27 00:00:00+00:00,0.00015920310382822045,1.0,3806.3319523212604,0.0,0.0,0.0,0.38499061409155616,False,1.0,0.0
2023-11-28 00:00:00+00:00,0.0002066344863791425,1.0,3806.3319523212604,0.0,0.0,0.0,0.3850701664293597,False,1.0,0.0
2023-11-29 00:00:00+00:00,0.0001453061924217014,1.0,3806.3319523212604,0.0,0.0,0.0,0.38512611950905884,False,1.0,0.0
2023-11-30 00:00:00+00:00,0.00017493509825317055,1.0,3806.3319523212604,0.0,0.0,0.0,0.38519349158461497,False,1.0,0.0
2023-12-01 00:00:00+00:00,0.00039224153658312666,1.0,3851.9349158461496,0.011838975611266702,1.7758463416900054e-05,0.0,0.38534458047163594,True,1.0,1.7758463416900054e-05
2023-12-02 00:00:00+00:00,0.0004288317943579312,1.0,3851.9349158461496,0.0,0.0,0.0,0.38550982847952575,False,1.0,0.0
2023-12-03 00:00:00+00:00,0.0005095815104974033,1.0,3851.9349158461496,0.0,0.0,0.0,0.38570627716023387,False,1.0,0.0
2023-12-04 00:00:00+00:00,0.0009856878114431478,1.0,3851.9349158461496,0.0,0.0,0.0,0.38608646313642786,False,1.0,0.0
2023-12-05 00:00:00+00:00,0.0005557117259944455,1.0,3851.9349158461496,0.0,0.0,0.0,0.38630101591124044,False,1.0,0.0
2023-12-06 00:00:00+00:00,0.0004088245307283245,1.0,3851.9349158461496,0.0,0.0,0.0,0.3864589452427902,False,1.0,0.0
2023-12-07 00:00:00+00:00,-0.0028989671309195275,1.0,3858.788438444637,1.9967314767406523,0.002995097215110979,0.0,0.38533861346308146,True,1.0,0.002995097215110979
2023-12-08 00:00:00+00:00,0.00030042058882417955,1.0,3858.788438444637,0.0,0.0,0.0,0.3854543771162347,False,1.0,0.0
2023-12-09 00:00:00+00:00,0.00030033036339927044,1.0,3858.788438444637,0.0,0.0,0.0,0.385570140769388,False,1.0,0.0
2023-12-10 00:00:00+00:00,0.000300240192153467,1.0,3858.788438444637,0.0,0.0,0.0,0.38568590442254125,False,1.0,0.0
2023-12-11 00:00:00+00:00,0.00030015007503703117,1.0,3858.788438444637,0.0,0.0,0.0,0.38580166807569455,False,1.0,0.0
2023-12-12 00:00:00+00:00,0.00030006001200222343,1.0,3858.788438444637,0.0,0.0,0.0,0.3859174317288478,False,1.0,0.0
2023-12-13 00:00:00+00:00,0.0002999700029995278,1.0,3858.788438444637,0.0,0.0,0.0,0.3860331953820011,False,1.0,0.0
2023-12-14 00:00:00+00:00,0.0002998800479805386,1.0,3858.788438444637,0.0,0.0,0.0,0.38614895903515434,False,1.0,0.0
2023-12-15 00:00:00+00:00,0.00029979014689707206,1.0,3858.788438444637,0.0,0.0,0.0,0.38626472268830764,False,1.0,0.0
2023-12-16 00:00:00+00:00,0.0002997002997005005,1.0,3858.788438444637,0.0,0.0,0.0,0.3863804863414609,False,1.0,0.0
2023-12-17 00:00:00+00:00,0.0003365624687907687,1.0,3858.788438444637,0.0,0.0,0.0,0.38651052751183645,False,1.0,0.0
2023-12-18 00:00:00+00:00,0.0003434377923339227,1.0,3858.788438444637,0.0,0.0,0.0,0.38664326983411895,False,1.0,0.0
2023-12-19 00:00:00+00:00,0.0002994068749804235,1.0,3858.788438444637,0.0,0.0,0.0,0.3867590334872722,False,1.0,0.0
2023-12-20 00:00:00+00:00,0.00029931725733578496,1.0,3858.788438444637,0.0,0.0,0.0,0.3868747971404255,False,1.0,0.0
2023-12-21 00:00:00+00:00,0.0002992276933233562,1.0,3858.788438444637,0.0,0.0,0.0,0.38699056079357874,False,1.0,0.0
2023-12-22 00:00:00+00:00,0.00029913818289495353,1.0,3858.788438444637,0.0,0.0,0.0,0.38710632444673204,False,1.0,0.0
2023-12-23 00:00:00+00:00,0.0002990487260023933,1.0,3858.788438444637,0.0,0.0,0.0,0.3872220880998853,False,1.0,0.0
2023-12-24 00:00:00+00:00,0.00029895932259771385,1.0,3858.788438444637,0.0,0.0,0.0,0.38733785175303853,False,1.0,0.0
2023-12-25 00:00:00+00:00,0.00029886997263339765,1.0,3858.788438444637,0.0,0.0,0.0,0.38745361540619183,False,1.0,0.0
2023-12-26 00:00:00+00:00,0.0005955694809482992,1.0,3858.788438444637,0.0,0.0,0.0,0.3876843709548108,False,1.0,0.0
2023-12-27 00:00:00+00:00,0.0003931604024767221,1.0,3858.788438444637,0.0,0.0,0.0,0.38783679309812935,False,1.0,0.0
2023-12-28 00:00:00+00:00,0.0012108561160668607,1.0,3858.788438444637,0.0,0.0,0.0,0.38830640765108804,False,1.0,0.0
2023-12-29 00:00:00+00:00,0.00045016799315522604,1.0,3858.788438444637,0.0,0.0,0.0,0.38848121076734954,False,1.0,0.0
2023-12-30 00:00:00+00:00,0.00029799035305888566,1.0,3858.788438444637,0.0,0.0,0.0,0.38859697442050284,False,1.0,0.0
2023-12-31 00:00:00+00:00,0.00047564952474776767,1.0,3858.788438444637,0.0,0.0,0.0,0.38878181038670434,False,1.0,0.0
2024-01-01 00:00:00+00:00,0.0006337997594101363,1.0,3887.818103867043,0.007466827060024144,1.1200240590036217e-05,0.0,0.3890282202045904,True,1.0,1.1200240590036217e-05
2024-01-02 00:00:00+00:00,0.001634963760362096,1.0,3887.818103867043,0.0,0.0,0.0,0.38966426724638303,False,1.0,0.0
2024-01-03 00:00:00+00:00,0.0004539695799568033,1.0,3887.818103867043,0.0,0.0,0.0,0.389841162970109,False,1.0,0.0
2024-01-04 00:00:00+00:00,0.00029918478137958004,1.0,3887.818103867043,0.0,0.0,0.0,0.389957797513225,False,1.0,0.0
2024-01-05 00:00:00+00:00,0.0002552279864480589,1.0,3887.818103867043,0.0,0.0,0.0,0.39005732565668405,False,1.0,0.0
2024-01-06 00:00:00+00:00,-0.001512039301822421,0.0,0.0,0.9967468179752994,0.0014951202269629493,0.0,0.3894675436503274,True,0.0,0.0014951202269629493
2024-01-07 00:00:00+00:00,-0.0014199999999999768,1.0,3894.675436503274,1.0,0.0015,0.0,0.3889144997383439,True,1.0,0.0015
2024-01-08 00:00:00+00:00,-0.0016032766528470965,0.0,0.0,1.0015233169651039,0.0015022849754476558,0.0,0.38829096220095977,True,0.0,0.0015022849754476558
2024-01-09 00:00:00+00:00,-0.0012999999999999678,1.0,3882.9096220095976,1.0,0.0015,0.0,0.3877861839500985,True,1.0,0.0015
2024-01-10 00:00:00+00:00,0.0003003905076601754,1.0,3882.9096220095976,0.0,0.0,0.0,0.3879026712387589,False,1.0,0.0
2024-01-11 00:00:00+00:00,0.0003003003003005933,1.0,3882.9096220095976,0.0,0.0,0.0,0.3880191585274192,False,1.0,0.0
2024-01-12 00:00:00+00:00,0.0003002101471030194,1.0,3882.9096220095976,0.0,0.0,0.0,0.38813564581607957,False,1.0,0.0
2024-01-13 00:00:00+00:00,-0.0016596638655460572,0.0,0.0,1.000559312655774,0.001500838968983661,0.0,0.3874914711097882,True,0.0,0.001500838968983661
2024-01-14 00:00:00+00:00,-0.0013089999999997826,1.0,3874.914711097882,1.0,0.0015,0.0,0.3869842447741055,True,1.0,0.0015
2024-01-15 00:00:00+00:00,0.000286374864697736,1.0,3874.914711097882,0.0,0.0,0.0,0.38709506733484284,False,1.0,0.0
2024-01-16 00:00:00+00:00,0.00027327956499489936,1.0,3874.914711097882,0.0,0.0,0.0,0.3872008525064558,False,1.0,0.0
2024-01-17 00:00:00+00:00,0.00016712534400786794,1.0,3874.914711097882,0.0,0.0,0.0,0.3872655635821311,False,1.0,0.0
2024-01-18 00:00:00+00:00,0.0002271324181999379,1.0,3874.914711097882,0.0,0.0,0.0,0.387353524146073,False,1.0,0.0
2024-01-19 00:00:00+00:00,-0.0014515167399592466,0.0,0.0,1.0003070942779437,0.0015004606414169156,0.0,0.3867912740214927,True,0.0,0.0015004606414169156
2024-01-20 00:00:00+00:00,-0.0011999999999999789,1.0,3867.912740214927,1.0,0.0015,0.0,0.38632712449266693,True,1.0,0.0015
2024-01-21 00:00:00+00:00,0.0002773327993590424,1.0,3867.912740214927,0.0,0.0,0.0,0.3864342656755709,False,1.0,0.0
2024-01-22 00:00:00+00:00,0.000300277155814932,1.0,3867.912740214927,0.0,0.0,0.0,0.3865503030577774,False,1.0,0.0
2024-01-23 00:00:00+00:00,0.0003001870165115772,1.0,3867.912740214927,0.0,0.0,0.0,0.3866663404399838,False,1.0,0.0
2024-01-24 00:00:00+00:00,0.0003000969313089463,1.0,3867.912740214927,0.0,0.0,0.0,0.3867823778221903,False,1.0,0.0
2024-01-25 00:00:00+00:00,0.0002810064631484366,1.0,3867.912740214927,0.0,0.0,0.0,0.3868910661701903,False,1.0,0.0
2024-01-26 00:00:00+00:00,0.0002999226199642546,1.0,3867.912740214927,0.0,0.0,0.0,0.3870071035523968,False,1.0,0.0
2024-01-27 00:00:00+00:00,0.00017790073139201112,1.0,3867.912740214927,0.0,0.0,0.0,0.38707595239917264,False,1.0,0.0
2024-01-28 00:00:00+00:00,-0.0045003911281297215,0.0,0.0,3.000772812754419,0.004501159219131628,0.0,0.385333959217083,True,0.0,0.004501159219131628
2024-01-29 00:00:00+00:00,-0.0011999999999998678,1.0,3853.33959217083,1.0,0.0015,0.0,0.3848715584660225,True,1.0,0.0015
2024-01-30 00:00:00+00:00,0.0003003604325189091,1.0,3853.33959217083,0.0,0.0,0.0,0.3849871586537876,False,1.0,0.0
2024-01-31 00:00:00+00:00,-0.0015804223801419992,0.0,0.0,1.0009799593802333,0.0015014699390703502,0.0,0.38437871633218385,True,0.0,0.0015014699390703502
2024-02-01 00:00:00+00:00,-0.003038999999999903,0.0,0.0,2.001541372171772,0.0030023120582576583,0.0,0.38321058941325037,True,0.0,0.0030023120582576583
2024-02-02 00:00:00+00:00,-0.0011999999999998678,1.0,3832.1058941325036,1.0,0.0015,0.0,0.3827507367059545,True,1.0,0.0015
2024-02-03 00:00:00+00:00,0.00024028834601508287,1.0,3832.1058941325036,0.0,0.0,0.0,0.3828427072474137,False,1.0,0.0
2024-02-04 00:00:00+00:00,-0.0014133568225495052,0.0,0.0,1.0008727610476333,0.0015013091415714498,0.0,0.38230161389516226,True,0.0,0.0015013091415714498
2024-02-05 00:00:00+00:00,-0.0030330000000000634,0.0,0.0,2.001535353697218,0.0030023030305458267,0.0,0.3811420931002182,True,0.0,0.0030023030305458267
2024-02-06 00:00:00+00:00,-0.0011999999999998678,1.0,3811.420931002182,1.0,0.0015,0.0,0.38068472258849795,True,1.0,0.0015
2024-02-07 00:00:00+00:00,0.0003003604325189091,1.0,3811.420931002182,0.0,0.0,0.0,0.380799065216428,False,1.0,0.0
2024-02-08 00:00:00+00:00,0.00030027024321888085,1.0,3811.420931002182,0.0,0.0,0.0,0.380913407844358,False,1.0,0.0
2024-02-09 00:00:00+00:00,0.0003001801080648736,1.0,3811.420931002182,0.0,0.0,0.0,0.38102775047228804,False,1.0,0.0
2024-02-10 00:00:00+00:00,0.00030009002700803755,1.0,3811.420931002182,0.0,0.0,0.0,0.3811420931002181,False,1.0,0.0
2024-02-11 00:00:00+00:00,0.00029999999999996696,1.0,3811.420931002182,0.0,0.0,0.0,0.38125643572814816,False,1.0,0.0
2024-02-12 00:00:00+00:00,0.000299910026991812,1.0,3811.420931002182,0.0,0.0,0.0,0.3813707783560782,False,1.0,0.0
2024-02-13 00:00:00+00:00,0.00029982010793538905,1.0,3811.420931002182,0.0,0.0,0.0,0.3814851209840082,False,1.0,0.0
2024-02-14 00:00:00+00:00,0.000338695174343151,1.0,3811.420931002182,0.0,0.0,0.0,0.3816143281535692,False,1.0,0.0
2024-02-15 00:00:00+00:00,0.00047141591568045094,1.0,3811.420931002182,0.0,0.0,0.0,0.3817942272215125,False,1.0,0.0
2024-02-16 00:00:00+00:00,0.000839563506839891,1.0,3811.420931002182,0.0,0.0,0.0,0.3821147677218098,False,1.0,0.0
2024-02-17 00:00:00+00:00,0.0004019741619385453,1.0,3811.420931002182,0.0,0.0,0.0,0.3822683679853292,False,1.0,0.0
2024-02-18 00:00:00+00:00,0.00030808959524608603,1.0,3811.420931002182,0.0,0.0,0.0,0.38238614089209716,False,1.0,0.0
2024-02-19 00:00:00+00:00,0.000848231372799324,1.0,3811.420931002182,0.0,0.0,0.0,0.3827104928133254,False,1.0,0.0
2024-02-20 00:00:00+00:00,0.0003844181194383456,1.0,3811.420931002182,0.0,0.0,0.0,0.38285761366126214,False,1.0,0.0
2024-02-21 00:00:00+00:00,0.00040418078229875753,1.0,3811.420931002182,0.0,0.0,0.0,0.3830123573510608,False,1.0,0.0
2024-02-22 00:00:00+00:00,0.0004915877787696754,1.0,3811.420931002182,0.0,0.0,0.0,0.3832006415450523,False,1.0,0.0
2024-02-23 00:00:00+00:00,0.00029838840422868884,1.0,3811.420931002182,0.0,0.0,0.0,0.3833149841729824,False,1.0,0.0
2024-02-24 00:00:00+00:00,0.00029829939514836035,1.0,3811.420931002182,0.0,0.0,0.0,0.3834293268009124,False,1.0,0.0
2024-02-25 00:00:00+00:00,0.00043638127596268284,1.0,3811.420931002182,0.0,0.0,0.0,0.3835966481797834,False,1.0,0.0
2024-02-26 00:00:00+00:00,0.0003487540240849629,1.0,3811.420931002182,0.0,0.0,0.0,0.38373042905446153,False,1.0,0.0
2024-02-27 00:00:00+00:00,0.0015027945223986539,1.0,3811.420931002182,0.0,0.0,0.0,0.3843070970413222,False,1.0,0.0
2024-02-28 00:00:00+00:00,0.0006505974388677505,1.0,3811.420931002182,0.0,0.0,0.0,0.3845571262543959,False,1.0,0.0
2024-02-29 00:00:00+00:00,0.0021636140183953767,1.0,3811.420931002182,0.0,0.0,0.0,0.3853891594436337,False,1.0,0.0
2024-03-01 00:00:00+00:00,0.001710469697164374,1.0,3853.891594436337,0.011020201890335413,1.653030283550312e-05,0.0,0.3860483559224777,True,1.0,1.653030283550312e-05
2024-03-02 00:00:00+00:00,0.00043126233883805654,1.0,3853.891594436337,0.0,0.0,0.0,0.38621484403935735,False,1.0,0.0
2024-03-03 00:00:00+00:00,0.0006985034774660281,1.0,3853.891594436337,0.0,0.0,0.0,0.38648461645096793,False,1.0,0.0
2024-03-04 00:00:00+00:00,0.0018866372906716222,1.0,3853.891594436337,0.0,0.0,0.0,0.3872137727406353,False,1.0,0.0
2024-03-05 00:00:00+00:00,0.0017556877495519263,1.0,3853.891594436337,0.0,0.0,0.0,0.38789359921789385,False,1.0,0.0
2024-03-06 00:00:00+00:00,0.0008445119645892341,1.0,3853.891594436337,0.0,0.0,0.0,0.38822118000342093,False,1.0,0.0
2024-03-07 00:00:00+00:00,0.0004248777983737462,1.0,3853.891594436337,0.0,0.0,0.0,0.38838612656366284,False,1.0,0.0
2024-03-08 00:00:00+00:00,0.000552701930188304,1.0,3853.891594436337,0.0,0.0,0.0,0.3886007883254729,False,1.0,0.0
2024-03-09 00:00:00+00:00,0.00043933878356017253,1.0,3853.891594436337,0.0,0.0,0.0,0.3887715157231065,False,1.0,0.0
2024-03-10 00:00:00+00:00,0.0010428474806871701,1.0,3853.891594436337,0.0,0.0,0.0,0.38917694511884116,False,1.0,0.0
2024-03-11 00:00:00+00:00,0.0018131792229516552,1.0,3853.891594436337,0.0,0.0,0.0,0.3898825926697824,False,1.0,0.0
2024-03-12 00:00:00+00:00,0.002205287517021759,1.0,3853.891594436337,0.0,0.0,0.0,0.39074239588450116,False,1.0,0.0
2024-03-13 00:00:00+00:00,0.001181587198819889,1.0,3853.891594436337,0.0,0.0,0.0,0.39120409209751467,False,1.0,0.0
2024-03-14 00:00:00+00:00,0.0007033869670620696,1.0,3853.891594436337,0.0,0.0,0.0,0.3914792599573574,False,1.0,0.0
2024-03-15 00:00:00+00:00,0.0006201993190544375,1.0,3853.891594436337,0.0,0.0,0.0,0.3917220551278069,False,1.0,0.0
2024-03-16 00:00:00+00:00,0.0002951499572707572,1.0,3853.891594436337,0.0,0.0,0.0,0.39183767187563995,False,1.0,0.0
2024-03-17 00:00:00+00:00,0.0002950628694775581,1.0,3853.891594436337,0.0,0.0,0.0,0.391953288623473,False,1.0,0.0
2024-03-18 00:00:00+00:00,0.00029497583306192787,1.0,3853.891594436337,0.0,0.0,0.0,0.39206890537130606,False,1.0,0.0
2024-03-19 00:00:00+00:00,0.00029488884797834736,1.0,3853.891594436337,0.0,0.0,0.0,0.3921845221191391,False,1.0,0.0
2024-03-20 00:00:00+00:00,0.00029480191418151946,1.0,3853.891594436337,0.0,0.0,0.0,0.3923001388669722,False,1.0,0.0
2024-03-21 00:00:00+00:00,0.0002947150316261471,1.0,3853.891594436337,0.0,0.0,0.0,0.39241575561480524,False,1.0,0.0
2024-03-22 00:00:00+00:00,0.00029462820026648906,1.0,3853.891594436337,0.0,0.0,0.0,0.39253137236263835,False,1.0,0.0
2024-03-23 00:00:00+00:00,0.00030435946739348907,1.0,3853.891594436337,0.0,0.0,0.0,0.3926508430020659,False,1.0,0.0
2024-03-24 00:00:00+00:00,0.0004161585452227001,1.0,3853.891594436337,0.0,0.0,0.0,0.39281424800566994,False,1.0,0.0
2024-03-25 00:00:00+00:00,0.0006082805806260083,1.0,3853.891594436337,0.0,0.0,0.0,0.393053189284525,False,1.0,0.0
2024-03-26 00:00:00+00:00,0.0008795096578411155,1.0,3853.891594436337,0.0,0.0,0.0,0.3933988833605459,False,1.0,0.0
2024-03-27 00:00:00+00:00,0.0011432395161594666,1.0,3853.891594436337,0.0,0.0,0.0,0.39384863250961666,False,1.0,0.0
2024-03-28 00:00:00+00:00,0.0014726741115407282,1.0,3853.891594436337,0.0,0.0,0.0,0.3944286431945793,False,1.0,0.0
2024-03-29 00:00:00+00:00,0.0009184571560090227,1.0,3853.891594436337,0.0,0.0,0.0,0.3947909090044563,False,1.0,0.0
2024-03-30 00:00:00+00:00,0.0011294466192259822,1.0,3853.891594436337,0.0,0.0,0.0,0.39523680426193253,False,1.0,0.0
2024-03-31 00:00:00+00:00,0.0015201562533999624,1.0,3853.891594436337,0.0,0.0,0.0,0.3958376259615052,False,1.0,0.0
2024-04-01 00:00:00+00:00,0.0017354062404659754,1.0,3958.376259615052,0.02639583968929618,3.9593759533944276e-05,0.0,0.3965245650478101,True,1.0,3.9593759533944276e-05
2024-04-02 00:00:00+00:00,0.0002994802800528884,1.0,3958.376259615052,0.0,0.0,0.0,0.3966433163355986,False,1.0,0.0
2024-04-03 00:00:00+00:00,0.00029939061846717685,1.0,3958.376259615052,0.0,0.0,0.0,0.396762067623387,False,1.0,0.0
2024-04-04 00:00:00+00:00,0.0002963080004465546,1.0,3958.376259615052,0.0,0.0,0.0,0.39687963139829757,False,1.0,0.0
2024-04-05 00:00:00+00:00,0.0002992123515386247,1.0,3958.376259615052,0.0,0.0,0.0,0.39699838268608606,False,1.0,0.0
2024-04-06 00:00:00+00:00,0.0002861608601079091,1.0,3958.376259615052,0.0,0.0,0.0,0.397111988084737,False,1.0,0.0
2024-04-07 00:00:00+00:00,0.0002950501138221373,1.0,3958.376259615052,0.0,0.0,0.0,0.39722915602202163,False,1.0,0.0
2024-04-08 00:00:00+00:00,0.00029894907256489134,1.0,3958.376259615052,0.0,0.0,0.0,0.39734790730981007,False,1.0,0.0
2024-04-09 00:00:00+00:00,0.00029885972872611966,1.0,3958.376259615052,0.0,0.0,0.0,0.39746665859759855,False,1.0,0.0
2024-04-10 00:00:00+00:00,0.0002987704382737544,1.0,3958.376259615052,0.0,0.0,0.0,0.39758540988538704,False,1.0,0.0
2024-04-11 00:00:00+00:00,0.0002986812011605,1.0,3958.376259615052,0.0,0.0,0.0,0.3977041611731755,False,1.0,0.0
2024-04-12 00:00:00+00:00,0.00029859201733817287,1.0,3958.376259615052,0.0,0.0,0.0,0.39782291246096396,False,1.0,0.0
2024-04-13 00:00:00+00:00,0.00019104184752594122,1.0,3958.376259615052,0.0,0.0,0.0,0.3978989132851486,False,1.0,0.0
2024-04-14 00:00:00+00:00,-0.0014922293555418298,0.0,0.0,0.994819570361163,0.0014922293555417446,0.0,0.3973051568462063,True,0.0,0.0014922293555417446
2024-04-15 00:00:00+00:00,0.0,0.0,0.0,0.0,0.0,0.0,0.3973051568462063,False,0.0,0.0
2024-04-16 00:00:00+00:00,-0.0013740000000000974,1.0,3973.051568462063,1.0,0.0015,0.0,0.39675925956069963,True,1.0,0.0015
2024-04-17 00:00:00+00:00,-0.0030747868671554546,1.0,3961.3747699023534,2.0014410737050614,0.003002161610557592,0.0,0.3955393093999801,True,1.0,0.003002161610557592
2024-04-18 00:00:00+00:00,-0.0015022684253221952,0.0,0.0,1.0015122835481578,0.0015022684253222366,0.0,0.3949451031844948,True,0.0,0.0015022684253222366
2024-04-19 00:00:00+00:00,-0.003178000000000014,0.0,0.0,2.0016808204166594,0.003002521230624989,0.0,0.39368996764657443,True,0.0,0.003002521230624989
2024-04-20 00:00:00+00:00,-0.003101999999999938,0.0,0.0,2.0016045705219763,0.0030024068557829645,0.0,0.39246874136693477,True,0.0,0.0030024068557829645
2024-04-21 00:00:00+00:00,-0.0015159999999999618,1.0,3924.6874136693477,1.0,0.0015,0.0,0.3918737587550225,True,1.0,0.0015
2024-04-22 00:00:00+00:00,-0.0028003244919297954,1.0,3912.850556429721,2.0015183017454463,0.003002277452618169,0.0,0.3907763850706363,True,1.0,0.003002277452618169
2024-04-23 00:00:00+00:00,-0.001502953839992105,0.0,0.0,1.0013026948059425,0.0015019540422089139,0.0,0.39018906620211613,True,0.0,0.0015019540422089139
2024-04-24 00:00:00+00:00,-0.0012999999999999678,1.0,3901.8906620211615,1.0,0.0015,0.0,0.3896818204160534,True,1.0,0.0015
2024-04-25 00:00:00+00:00,0.0002823670772003073,1.0,3901.8906620211615,0.0,0.0,0.0,0.38979185373272246,False,1.0,0.0
2024-04-26 00:00:00+00:00,0.0002622669877938577,1.0,3901.8906620211615,0.0,0.0,0.0,0.3898940832680674,False,1.0,0.0
2024-04-27 00:00:00+00:00,-0.0014300811413429093,0.0,0.0,1.0006854695466392,0.0015010282043199587,0.0,0.3893365030924646,True,0.0,0.0015010282043199587
2024-04-28 00:00:00+00:00,-0.0011999999999998678,1.0,3893.365030924646,1.0,0.0015,0.0,0.3888692992887537,True,1.0,0.0015
2024-04-29 00:00:00+00:00,-0.0014937925510611905,0.0,0.0,1.001193422559691,0.0015017901338395365,0.0,0.3882884092261398,True,0.0,0.0015017901338395365
2024-04-30 00:00:00+00:00,-0.0014480000000000048,1.0,3882.8840922613977,1.0,0.0015,0.0,0.3877261676095803,True,1.0,0.0015
2024-05-01 00:00:00+00:00,-0.004500664117642272,0.0,0.0,3.0029553621538314,0.0045044330432307475,0.0,0.3859811423595489,True,0.0,0.0045044330432307475
2024-05-02 00:00:00+00:00,-0.0030130000000001544,0.0,0.0,2.001515292637761,0.003002272938956642,0.0,0.38481818117761957,True,0.0,0.003002272938956642
2024-05-03 00:00:00+00:00,0.0,0.0,0.0,0.0,0.0,0.0,0.38481818117761957,False,0.0,0.0
2024-05-04 00:00:00+00:00,-0.0013340000000000574,1.0,3848.1818117761954,1.0,0.0015,0.0,0.3843048337239286,True,1.0,0.0015
2024-05-05 00:00:00+00:00,0.00018825112700349145,1.0,3848.1818117761954,0.0,0.0,0.0,0.38437717954199,False,1.0,0.0
2024-05-06 00:00:00+00:00,-0.0014756911420488183,0.0,0.0,1.0011212558065032,0.0015016818837097548,0.0,0.38380995754293423,True,0.0,0.0015016818837097548
2024-05-07 00:00:00+00:00,-0.004464609961999932,1.0,3826.5430576077247,3.0015132865760163,0.004502269929864025,0.0,0.3820963957829732,True,1.0,0.004502269929864025
2024-05-08 00:00:00+00:00,-0.0015162106351059856,0.0,0.0,1.001474169978208,0.001502211254967312,0.0,0.3815170571640514,True,0.0,0.001502211254967312
2024-05-09 00:00:00+00:00,-0.0014969999999999706,1.0,3815.170571640514,1.0,0.0015,0.0,0.3809459261294768,True,1.0,0.0015
2024-05-10 00:00:00+00:00,-0.003021962443778392,1.0,3803.736505437307,2.00149924436882,0.00300224886655323,0.0,0.37979472184760316,True,1.0,0.00300224886655323
2024-05-11 00:00:00+00:00,-0.002964087132615756,1.0,3792.2416137178757,2.001524320015063,0.0030022864800225944,0.0,0.3786689771995393,True,1.0,0.0030022864800225944
2024-05-12 00:00:00+00:00,-0.0014801669644359805,0.0,0.0,1.0014440823667727,0.0015021661235501593,0.0,0.37810848388903184,True,0.0,0.0015021661235501593
2024-05-13 00:00:00+00:00,-0.001200000000000201,1.0,3781.084838890318,1.0,0.0015,0.0,0.37765475370836493,True,1.0,0.0015
2024-05-14 00:00:00+00:00,0.0001972366840208295,1.0,3781.084838890318,0.0,0.0,0.0,0.3777292410796911,False,1.0,0.0
2024-05-15 00:00:00+00:00,0.00018918975732651333,1.0,3781.084838890318,0.0,0.0,0.0,0.37780070358314605,False,1.0,0.0
2024-05-16 00:00:00+00:00,-0.0014651926668308723,0.0,0.0,1.0007786057552779,0.0015011679086329168,0.0,0.3772471527627325,True,0.0,0.0015011679086329168
2024-05-17 00:00:00+00:00,-0.0013969999999999816,1.0,3772.471527627325,1.0,0.0015,0.0,0.376720138490323,True,1.0,0.0015
2024-05-18 00:00:00+00:00,-0.0015481627834084133,0.0,0.0,1.0014450852580272,0.001502167627887041,0.0,0.3761369143921518,True,0.0,0.001502167627887041
2024-05-19 00:00:00+00:00,-0.0012019999999999254,1.0,3761.369143921518,1.0,0.0015,0.0,0.37568479782105246,True,1.0,0.0015
2024-05-20 00:00:00+00:00,-0.001458753421612835,0.0,0.0,1.001160344839669,0.001501740517259504,0.0,0.37513676633678306,True,0.0,0.001501740517259504
2024-05-21 00:00:00+00:00,-0.0011999999999998678,1.0,3751.3676633678306,1.0,0.0015,0.0,0.3746866022171789,True,1.0,0.0015
2024-05-22 00:00:00+00:00,0.0003003604325189091,1.0,3751.3676633678306,0.0,0.0,0.0,0.3747991432470799,False,1.0,0.0
2024-05-23 00:00:00+00:00,0.00030027024321888085,1.0,3751.3676633678306,0.0,0.0,0.0,0.37491168427698096,False,1.0,0.0
2024-05-24 00:00:00+00:00,0.0003001801080648736,1.0,3751.3676633678306,0.0,0.0,0.0,0.37502422530688195,False,1.0,0.0
2024-05-25 00:00:00+00:00,0.00030009002700803755,1.0,3751.3676633678306,0.0,0.0,0.0,0.37513676633678295,False,1.0,0.0
2024-05-26 00:00:00+00:00,0.00029999999999996696,1.0,3751.3676633678306,0.0,0.0,0.0,0.375249307366684,False,1.0,0.0
2024-05-27 00:00:00+00:00,0.000299910026991812,1.0,3751.3676633678306,0.0,0.0,0.0,0.375361848396585,False,1.0,0.0
2024-05-28 00:00:00+00:00,0.00034879072556481816,1.0,3751.3676633678306,0.0,0.0,0.0,0.37549277112803653,False,1.0,0.0
2024-05-29 00:00:00+00:00,0.00029971556992380854,1.0,3751.3676633678306,0.0,0.0,0.0,0.3756053121579375,False,1.0,0.0
2024-05-30 00:00:00+00:00,0.00029962576741637825,1.0,3751.3676633678306,0.0,0.0,0.0,0.37571785318783857,False,1.0,0.0
2024-05-31 00:00:00+00:00,0.00029953601870702506,1.0,3751.3676633678306,0.0,0.0,0.0,0.37583039421773956,False,1.0,0.0
2024-06-01 00:00:00+00:00,0.00029723161873684845,1.0,3758.3039421773956,0.0018455875086958603,2.7683812630437907e-06,0.0,0.37594210289418345,True,1.0,2.7683812630437907e-06
2024-06-02 00:00:00+00:00,0.0002999108570103104,1.0,3758.3039421773956,0.0,0.0,0.0,0.37605485201244876,False,1.0,0.0
2024-06-03 00:00:00+00:00,0.0002998209374560634,1.0,3758.3039421773956,0.0,0.0,0.0,0.37616760113071407,False,1.0,0.0
2024-06-04 00:00:00+00:00,0.0002997310718051427,1.0,3758.3039421773956,0.0,0.0,0.0,0.3762803502489794,False,1.0,0.0
2024-06-05 00:00:00+00:00,0.00029964126000936453,1.0,3758.3039421773956,0.0,0.0,0.0,0.3763930993672447,False,1.0,0.0
2024-06-06 00:00:00+00:00,0.0002995515020198791,1.0,3758.3039421773956,0.0,0.0,0.0,0.37650584848551,False,1.0,0.0
2024-06-07 00:00:00+00:00,0.0003054510337443528,1.0,3758.3039421773956,0.0,0.0,0.0,0.3766208525861406,False,1.0,0.0
2024-06-08 00:00:00+00:00,0.000299370354803985,1.0,3758.3039421773956,0.0,0.0,0.0,0.3767336017044059,False,1.0,0.0
2024-06-09 00:00:00+00:00,0.00029928075901697326,1.0,3758.3039421773956,0.0,0.0,0.0,0.3768463508226712,False,1.0,0.0
2024-06-10 00:00:00+00:00,0.00029919121684285344,1.0,3758.3039421773956,0.0,0.0,0.0,0.3769590999409365,False,1.0,0.0
2024-06-11 00:00:00+00:00,6.181435716801076e-05,1.0,3758.3039421773956,0.0,0.0,0.0,0.37698240142537803,False,1.0,0.0
2024-06-12 00:00:00+00:00,-0.0027934721619076175,1.0,3764.1865583405142,1.9969441353143205,0.0029954162029714806,0.0,0.37592931158146714,True,1.0,0.0029954162029714806
2024-06-13 00:00:00+00:00,9.211975568246267e-05,1.0,3764.1865583405142,0.0,0.0,0.0,0.3759639420978039,False,1.0,0.0
2024-06-14 00:00:00+00:00,-0.004522271203614148,0.0,0.0,3.0027367902059177,0.004504105185308877,0.0,0.3742637311888578,True,0.0,0.004504105185308877
2024-06-15 00:00:00+00:00,-0.003077999999999914,0.0,0.0,2.0015804940195627,0.003002370741029344,0.0,0.37311174742425857,True,0.0,0.003002370741029344
2024-06-16 00:00:00+00:00,-0.0030280000000001417,0.0,0.0,2.0015303383570098,0.003002295507535515,0.0,0.37198196505305786,True,0.0,0.003002295507535515
2024-06-17 00:00:00+00:00,-0.00451546696400007,1.0,3708.5932348252772,3.001520307827282,0.004502280461740922,0.0,0.37030229277865695,True,1.0,0.004502280461740922
2024-06-18 00:00:00+00:00,-0.0045536654935712795,0.0,0.0,3.003062684306774,0.004504594026460161,0.0,0.3686160600058404,True,0.0,0.004504594026460161
2024-06-19 00:00:00+00:00,0.0,0.0,0.0,0.0,0.0,0.0,0.3686160600058404,False,0.0,0.0
2024-06-20 00:00:00+00:00,-0.004474689400000176,1.0,3674.8109115708244,3.0015814971840538,0.004502372245776081,0.0,0.36696661762946253,True,1.0,0.004502372245776081
2024-06-21 00:00:00+00:00,-8.511916683362486e-05,1.0,3674.8109115708244,0.0,0.0,0.0,0.36693538173671414,False,1.0,0.0
2024-06-22 00:00:00+00:00,-0.004528677551163485,0.0,0.0,3.0030205560597363,0.004504530834089604,0.0,0.36527364971071546,True,0.0,0.004504530834089604
2024-06-23 00:00:00+00:00,0.0,0.0,0.0,0.0,0.0,0.0,0.36527364971071546,False,0.0,0.0
2024-06-24 00:00:00+00:00,-0.0030319999999999236,0.0,0.0,2.0015343506251577,0.0030023015259377367,0.0,0.3641661400047926,True,0.0,0.0030023015259377367
2024-06-25 00:00:00+00:00,-0.0031880000000000797,0.0,0.0,2.0016908541618252,0.0030025362812427375,0.0,0.3630051783504573,True,0.0,0.0030025362812427375
2024-06-26 00:00:00+00:00,-0.0012510000000002242,1.0,3630.051783504573,1.0,0.0015,0.0,0.3625510588723408,True,1.0,0.0015
2024-06-27 00:00:00+00:00,0.00029737201238733135,1.0,3630.051783504573,0.0,0.0,0.0,0.36265887141031083,False,1.0,0.0
2024-06-28 00:00:00+00:00,0.0003002864732952748,1.0,3630.051783504573,0.0,0.0,0.0,0.3627677729638159,False,1.0,0.0
2024-06-29 00:00:00+00:00,0.0002921910929747362,1.0,3630.051783504573,0.0,0.0,0.0,0.3628737704758942,False,1.0,0.0
2024-06-30 00:00:00+00:00,0.000300108639327501,1.0,3630.051783504573,0.0,0.0,0.0,0.36298267202939927,False,1.0,0.0
2024-07-01 00:00:00+00:00,0.0002899069942337018,1.0,3629.826720293993,6.200384423913919e-05,9.30057663587088e-08,0.0,0.3630879032448062,True,1.0,9.30057663587088e-08
2024-07-02 00:00:00+00:00,0.00029991305310828054,1.0,3629.826720293993,0.0,0.0,0.0,0.363196798046415,False,1.0,0.0
2024-07-03 00:00:00+00:00,0.00019388562551325705,1.0,3629.826720293993,0.0,0.0,0.0,0.36326721668478873,False,1.0,0.0
2024-07-04 00:00:00+00:00,-0.0014748438595829638,0.0,0.0,0.9991927451925714,0.0014987891177888572,0.0,0.36273145426087333,True,0.0,0.0014987891177888572
2024-07-05 00:00:00+00:00,-0.0012039999999997608,1.0,3627.3145426087335,1.0,0.0015,0.0,0.36229472558994325,True,1.0,0.0015
2024-07-06 00:00:00+00:00,0.00010112175058774042,1.0,3627.3145426087335,0.0,0.0,0.0,0.3623313614668236,False,1.0,0.0
2024-07-07 00:00:00+00:00,-0.0015016563269286687,0.0,0.0,1.0011042179524015,0.0015016563269286023,0.0,0.3617872642854323,True,0.0,0.0015016563269286023
2024-07-08 00:00:00+00:00,-0.0011999999999999789,1.0,3617.8726428543227,1.0,0.0015,0.0,0.36135311956828975,True,1.0,0.0015
2024-07-09 00:00:00+00:00,0.0002022426912295927,1.0,3617.8726428543227,0.0,0.0,0.0,0.3614262005956754,False,1.0,0.0
2024-07-10 00:00:00+00:00,-0.0014774745195705874,0.0,0.0,1.0009749496009115,0.0015014624244013672,0.0,0.36089220259359006,True,0.0,0.0015014624244013672
2024-07-11 00:00:00+00:00,-0.0013820000000002164,1.0,3608.922025935901,1.0,0.0015,0.0,0.36039344956960573,True,1.0,0.0015
2024-07-12 00:00:00+00:00,0.0002653667368304191,1.0,3608.922025935901,0.0,0.0,0.0,0.36048908600329305,False,1.0,0.0
2024-07-13 00:00:00+00:00,-0.0030953209835384854,1.0,3599.3403379570414,2.0011563355675808,0.003001734503351371,0.0,0.35937325657105046,True,1.0,0.003001734503351371
2024-07-14 00:00:00+00:00,-0.002900237369822145,1.0,3588.3335552035687,2.0015604311517343,0.003002340646727602,0.0,0.35833098882262837,True,1.0,0.003002340646727602
2024-07-15 00:00:00+00:00,0.000278389745643981,1.0,3588.3335552035687,0.0,0.0,0.0,0.358430744495463,False,1.0,0.0
2024-07-16 00:00:00+00:00,0.0003003369780893994,1.0,3588.3335552035687,0.0,0.0,0.0,0.3585383945021191,False,1.0,0.0
2024-07-17 00:00:00+00:00,0.0003002468028718841,1.0,3588.3335552035687,0.0,0.0,0.0,0.35864604450877524,False,1.0,0.0
2024-07-18 00:00:00+00:00,0.00030015668178773325,1.0,3588.3335552035687,0.0,0.0,0.0,0.3587536945154313,False,1.0,0.0
2024-07-19 00:00:00+00:00,0.0003000666147883191,1.0,3588.3335552035687,0.0,0.0,0.0,0.35886134452208746,False,1.0,0.0
2024-07-20 00:00:00+00:00,0.0002999766018247918,1.0,3588.3335552035687,0.0,0.0,0.0,0.35896899452874353,False,1.0,0.0
2024-07-21 00:00:00+00:00,0.0002998866428489677,1.0,3588.3335552035687,0.0,0.0,0.0,0.35907664453539967,False,1.0,0.0
2024-07-22 00:00:00+00:00,0.00029979673781177496,1.0,3588.3335552035687,0.0,0.0,0.0,0.35918429454205575,False,1.0,0.0
2024-07-23 00:00:00+00:00,0.00026374206026513747,1.0,3588.3335552035687,0.0,0.0,0.0,0.3592790265479131,False,1.0,0.0
2024-07-24 00:00:00+00:00,0.00029962786219539517,1.0,3588.3335552035687,0.0,0.0,0.0,0.3593866765545692,False,1.0,0.0
2024-07-25 00:00:00+00:00,0.00029953811223082383,1.0,3588.3335552035687,0.0,0.0,0.0,0.3594943265612253,False,1.0,0.0
2024-07-26 00:00:00+00:00,0.00021660102091969335,1.0,3588.3335552035687,0.0,0.0,0.0,0.35957219339937324,False,1.0,0.0
2024-07-27 00:00:00+00:00,-0.002985508038947815,1.0,3590.0128953074036,1.9980358654168597,0.0029970537981252898,0.0,0.3584986877253973,True,1.0,0.0029970537981252898
2024-07-28 00:00:00+00:00,-0.0014650510714999676,0.0,0.0,1.0013648603045953,0.0015020472904568928,0.0,0.3579734688388138,True,0.0,0.0015020472904568928
2024-07-29 00:00:00+00:00,-0.0013000000000000789,1.0,3579.7346883881382,1.0,0.0015,0.0,0.3575081033293233,True,1.0,0.0015
2024-07-30 00:00:00+00:00,-0.0014368679283068841,0.0,0.0,1.0012365271109822,0.0015018547906664734,0.0,0.3569944114015396,True,0.0,0.0015018547906664734
2024-07-31 00:00:00+00:00,-0.0011999999999998678,1.0,3569.944114015396,1.0,0.0015,0.0,0.35656601810785776,True,1.0,0.0015
2024-08-01 00:00:00+00:00,0.0002981978374048122,1.0,3565.6601810785774,0.0012014417300760909,1.8021625951141364e-06,0.0,0.3566723453233496,True,1.0,1.8021625951141364e-06
2024-08-02 00:00:00+00:00,0.0002999105673173741,1.0,3565.6601810785774,0.0,0.0,0.0,0.35677931512878197,False,1.0,0.0
2024-08-03 00:00:00+00:00,0.0002848296155399943,1.0,3565.6601810785774,0.0,0.0,0.0,0.35688093644394275,False,1.0,0.0
2024-08-04 00:00:00+00:00,0.0002277988085848115,1.0,3565.6601810785774,0.0,0.0,0.0,0.35696223349607137,False,1.0,0.0
2024-08-05 00:00:00+00:00,-0.001546281775035463,0.0,0.0,0.9989379313516848,0.0014984068970275274,0.0,0.3564102693000404,True,0.0,0.0014984068970275274
2024-08-06 00:00:00+00:00,0.0,0.0,0.0,0.0,0.0,0.0,0.3564102693000404,False,0.0,0.0
2024-08-07 00:00:00+00:00,0.0,0.0,0.0,0.0,0.0,0.0,0.3564102693000404,False,0.0,0.0
2024-08-08 00:00:00+00:00,-0.001200000000000201,1.0,3564.102693000404,1.0,0.0015000000000000002,0.0,0.3559825769768803,True,1.0,0.0015000000000000002
2024-08-09 00:00:00+00:00,-0.0029016992390868968,1.0,3554.4724875239167,2.0012034465427444,0.003001805169814117,0.0,0.3549496226041383,True,1.0,0.003001805169814117
2024-08-10 00:00:00+00:00,0.00030042058882417955,1.0,3554.4724875239167,0.0,0.0,0.0,0.35505625677876396,False,1.0,0.0
2024-08-11 00:00:00+00:00,0.00030033036339927044,1.0,3554.4724875239167,0.0,0.0,0.0,0.3551628909533896,False,1.0,0.0
2024-08-12 00:00:00+00:00,0.000300240192153467,1.0,3554.4724875239167,0.0,0.0,0.0,0.35526952512801524,False,1.0,0.0
2024-08-13 00:00:00+00:00,-0.0030455169584792108,1.0,3546.841035093201,2.000647418880016,0.0030009711283200237,0.0,0.3541875457644071,True,1.0,0.0030009711283200237
2024-08-14 00:00:00+00:00,0.0002823953534949464,1.0,3546.841035093201,0.0,0.0,0.0,0.3542875666815967,False,1.0,0.0
2024-08-15 00:00:00+00:00,0.00027230443635994916,1.0,3546.841035093201,0.0,0.0,0.0,0.35438404075775126,False,1.0,0.0
2024-08-16 00:00:00+00:00,-0.0015473090234336961,0.0,0.0,1.0008927963743657,0.0015013391945615485,0.0,0.35383569913372587,True,0.0,0.0015013391945615485
2024-08-17 00:00:00+00:00,-0.0012889999999998736,1.0,3538.3569913372585,1.0,0.0015,0.0,0.3533796049175425,True,1.0,0.0015
2024-08-18 00:00:00+00:00,0.00030038719909963874,1.0,3538.3569913372585,0.0,0.0,0.0,0.3534857556272827,False,1.0,0.0
2024-08-19 00:00:00+00:00,-0.0014374216099724002,0.0,0.0,1.0009258564171857,0.0015013887846257784,0.0,0.35297764756332667,True,0.0,0.0015013887846257784
2024-08-20 00:00:00+00:00,-0.0013999999999999568,1.0,3529.7764756332667,1.0,0.0015,0.0,0.35248347885673803,True,1.0,0.0015
2024-08-21 00:00:00+00:00,-0.0015161225716001647,0.0,0.0,1.0014160022271492,0.0015021240033407236,0.0,0.35194907069832715,True,0.0,0.0015021240033407236
2024-08-22 00:00:00+00:00,-0.0012939999999997953,1.0,3519.4907069832716,1.0,0.0015,0.0,0.3514936486008436,True,1.0,0.0015
2024-08-23 00:00:00+00:00,0.0002803627894494287,1.0,3519.4907069832716,0.0,0.0,0.0,0.3515921943406391,False,1.0,0.0
2024-08-24 00:00:00+00:00,0.0002993034937428529,1.0,3519.4907069832716,0.0,0.0,0.0,0.35169742711277796,False,1.0,0.0
2024-08-25 00:00:00+00:00,0.00030021465347740417,1.0,3519.4907069832716,0.0,0.0,0.0,0.3518030118339875,False,1.0,0.0
2024-08-26 00:00:00+00:00,0.00012605231170947917,1.0,3519.4907069832716,0.0,0.0,0.0,0.3518473574168955,False,1.0,0.0
2024-08-27 00:00:00+00:00,0.00011003179919000239,1.0,3519.4907069832716,0.0,0.0,0.0,0.3518860718146723,False,1.0,0.0
2024-08-28 00:00:00+00:00,-0.0014882663996855783,0.0,0.0,1.0001670278936579,0.0015002505418404868,0.0,0.3513623715974732,True,0.0,0.0015002505418404868
2024-08-29 00:00:00+00:00,-0.003091000000000066,0.0,0.0,2.0015935353146856,0.0030023903029720287,0.0,0.3502763105068654,True,0.0,0.0030023903029720287
2024-08-30 00:00:00+00:00,0.0,0.0,0.0,0.0,0.0,0.0,0.3502763105068654,False,0.0,0.0
2024-08-31 00:00:00+00:00,-0.0030049999999999244,0.0,0.0,2.001507268439001,0.003002260902658501,0.0,0.34922373019379227,True,0.0,0.003002260902658501
2024-09-01 00:00:00+00:00,-0.0013920000000000599,1.0,3492.237301937923,1.0,0.0015,0.0,0.34873761076136256,True,1.0,0.0015
2024-09-02 00:00:00+00:00,-0.0016012289106437372,0.0,0.0,1.0014932264005632,0.0015022398396008448,0.0,0.3481792020167827,True,0.0,0.0015022398396008448
2024-09-03 00:00:00+00:00,-0.001200000000000201,1.0,3481.792020167827,1.0,0.0015,0.0,0.3477613869743625,True,1.0,0.0015
2024-09-04 00:00:00+00:00,-0.0015278334000801141,0.0,0.0,1.0012275049210335,0.00150184125738155,0.0,0.34723006551208485,True,0.0,0.00150184125738155
2024-09-05 00:00:00+00:00,-0.0013579999999999703,1.0,3472.3006551208487,1.0,0.0015,0.0,0.34675852708311944,True,1.0,0.0015
2024-09-06 00:00:00+00:00,0.00013918901868725797,1.0,3472.3006551208487,0.0,0.0,0.0,0.34680679206222564,False,1.0,0.0
2024-09-07 00:00:00+00:00,-0.0015018307316618795,0.0,0.0,1.0012204877745974,0.001501830731661896,0.0,0.3462859469639575,True,0.0,0.001501830731661896
2024-09-08 00:00:00+00:00,0.0,0.0,0.0,0.0,0.0,0.0,0.3462859469639575,False,0.0,0.0
2024-09-09 00:00:00+00:00,-0.0030690000000000994,0.0,0.0,2.001571465629573,0.0030023571984443597,0.0,0.34522319539272506,True,0.0,0.0030023571984443597
2024-09-10 00:00:00+00:00,-0.0014520000000000088,1.0,3452.2319539272507,1.0,0.0015,0.0,0.3447219313130148,True,1.0,0.0015
2024-09-11 00:00:00+00:00,0.00019328064349433127,1.0,3452.2319539272507,0.0,0.0,0.0,0.34478855938972564,False,1.0,0.0
2024-09-12 00:00:00+00:00,-0.0015018908806186948,0.0,0.0,1.0012605870791327,0.001501890880618699,0.0,0.34427072459663655,True,0.0,0.001501890880618699
2024-09-13 00:00:00+00:00,0.0,0.0,0.0,0.0,0.0,0.0,0.34427072459663655,False,0.0,0.0
2024-09-14 00:00:00+00:00,-0.00442276219999993,1.0,3432.2861711328255,3.0015293352949954,0.004502294002942493,0.0,0.34274809704932396,True,1.0,0.004502294002942493
2024-09-15 00:00:00+00:00,0.00014620468656101338,1.0,3432.2861711328255,0.0,0.0,0.0,0.3427982084274225,False,1.0,0.0
2024-09-16 00:00:00+00:00,-0.001539931073566203,0.0,0.0,1.0012936714234792,0.0015019405071352188,0.0,0.34227032281430225,True,0.0,0.0015019405071352188
2024-09-17 00:00:00+00:00,-0.0011999999999998678,1.0,3422.7032281430224,1.0,0.0015,0.0,0.3418595984269251,True,1.0,0.0015
2024-09-18 00:00:00+00:00,0.00030036043251913114,1.0,3422.7032281430224,0.0,0.0,0.0,0.3419622795237694,False,1.0,0.0
2024-09-19 00:00:00+00:00,0.0002612351116004774,1.0,3422.7032281430224,0.0,0.0,0.0,0.3420516120780239,False,1.0,0.0
2024-09-20 00:00:00+00:00,0.00024515665510271845,1.0,3422.7032281430224,0.0,0.0,0.0,0.34213546830711344,False,1.0,0.0
2024-09-21 00:00:00+00:00,0.00030011824658915387,1.0,3422.7032281430224,0.0,0.0,0.0,0.34223814940395775,False,1.0,0.0
2024-09-22 00:00:00+00:00,-0.0015051414832994991,0.0,0.0,1.0000990098019704,0.0015001485147029556,0.0,0.3417230325681222,True,0.0,0.0015001485147029556
2024-09-23 00:00:00+00:00,-0.0030719999999999636,0.0,0.0,2.0015744750748174,0.0030023617126122264,0.0,0.34067325941207294,True,0.0,0.0030023617126122264
2024-09-24 00:00:00+00:00,-0.0030050000000001464,0.0,0.0,2.001507268439001,0.0030022609026585014,0.0,0.3396495362675396,True,0.0,0.0030022609026585014
2024-09-25 00:00:00+00:00,-0.0012619999999998743,1.0,3396.495362675396,1.0,0.0015,0.0,0.33922089855276993,True,1.0,0.0015
2024-09-26 00:00:00+00:00,-0.0014548360030358642,0.0,0.0,1.0012164780207953,0.001501824717031193,0.0,0.3387273877765732,True,0.0,0.001501824717031193
2024-09-27 00:00:00+00:00,-0.003018999999999994,0.0,0.0,2.0015213108712135,0.00300228196630682,0.0,0.3377047697928757,True,0.0,0.00300228196630682
2024-09-28 00:00:00+00:00,-0.0013000000000000789,1.0,3377.0476979287573,1.0,0.0015,0.0,0.33726575359214495,True,1.0,0.0015
2024-09-29 00:00:00+00:00,0.0003003905076597313,1.0,3377.0476979287573,0.0,0.0,0.0,0.3373670650230827,False,1.0,0.0
2024-09-30 00:00:00+00:00,0.00020020020020017348,1.0,3377.0476979287573,0.0,0.0,0.0,0.33743460597704134,False,1.0,0.0
2024-10-01 00:00:00+00:00,0.00029879903923180073,1.0,3374.3460597704134,0.0008006405124102049,1.2009607686153074e-06,0.0,0.3375354311131108,True,1.0,1.2009607686153074e-06
2024-10-02 00:00:00+00:00,-0.0015245444675777708,0.0,0.0,0.9997262759061623,0.0014995894138592435,0.0,0.3370208433389958,True,0.0,0.0014995894138592435
2024-10-03 00:00:00+00:00,-0.0012590000000001211,1.0,3370.208433389958,1.0,0.0015,0.0,0.33659653409723195,True,1.0,0.0015
2024-10-04 00:00:00+00:00,0.00012115253103672785,1.0,3370.208433389958,0.0,0.0,0.0,0.336637313619276,False,1.0,0.0
2024-10-05 00:00:00+00:00,-0.0027997567231510256,1.0,3361.3178235426753,2.001139296519439,0.0030017089447791586,0.0,0.33569481103720694,True,1.0,0.0030017089447791586
2024-10-06 00:00:00+00:00,0.0003003905076601754,1.0,3361.3178235426753,0.0,0.0,0.0,0.3357956505719132,False,1.0,0.0
2024-10-07 00:00:00+00:00,0.0003003003003001492,1.0,3361.3178235426753,0.0,0.0,0.0,0.3358964901066195,False,1.0,0.0
2024-10-08 00:00:00+00:00,-0.0014139897928551193,0.0,0.0,1.000613375999488,0.0015009200639992321,0.0,0.3354215358981528,True,0.0,0.0015009200639992321
2024-10-09 00:00:00+00:00,-0.0012569999999999526,1.0,3354.2153589815284,1.0,0.0015,0.0,0.33499991102752885,True,1.0,0.0015
2024-10-10 00:00:00+00:00,-0.0015259180790252458,0.0,0.0,1.001282643065767,0.0015019239645986506,0.0,0.3344887286068201,True,0.0,0.0015019239645986506
2024-10-11 00:00:00+00:00,-0.0031089999999999174,0.0,0.0,2.0016115930532226,0.003002417389579834,0.0,0.33344880314958153,True,0.0,0.003002417389579834
2024-10-12 00:00:00+00:00,-0.0011999999999999789,1.0,3334.4880314958154,1.0,0.0015,0.0,0.33304866458580207,True,1.0,0.0015
2024-10-13 00:00:00+00:00,0.00030036043251913114,1.0,3334.4880314958154,0.0,0.0,0.0,0.33314869922674695,False,1.0,0.0
2024-10-14 00:00:00+00:00,0.00030027024321888085,1.0,3334.4880314958154,0.0,0.0,0.0,0.3332487338676918,False,1.0,0.0
2024-10-15 00:00:00+00:00,0.00030018010806509565,1.0,3334.4880314958154,0.0,0.0,0.0,0.3333487685086367,False,1.0,0.0
2024-10-16 00:00:00+00:00,0.00030009002700803755,1.0,3334.4880314958154,0.0,0.0,0.0,0.3334488031495816,False,1.0,0.0
2024-10-17 00:00:00+00:00,0.00029999999999996696,1.0,3334.4880314958154,0.0,0.0,0.0,0.33354883779052646,False,1.0,0.0
2024-10-18 00:00:00+00:00,0.00029991002699203406,1.0,3334.4880314958154,0.0,0.0,0.0,0.33364887243147134,False,1.0,0.0
2024-10-19 00:00:00+00:00,0.00029982010793538905,1.0,3334.4880314958154,0.0,0.0,0.0,0.3337489070724162,False,1.0,0.0
2024-10-20 00:00:00+00:00,0.00029973024278140414,1.0,3334.4880314958154,0.0,0.0,0.0,0.33384894171336116,False,1.0,0.0
2024-10-21 00:00:00+00:00,0.00029964043148233976,1.0,3334.4880314958154,0.0,0.0,0.0,0.33394897635430604,False,1.0,0.0
2024-10-22 00:00:00+00:00,0.00029955067398912405,1.0,3334.4880314958154,0.0,0.0,0.0,0.3340490109952509,False,1.0,0.0
2024-10-23 00:00:00+00:00,0.0002994609702535733,1.0,3334.4880314958154,0.0,0.0,0.0,0.3341490456361958,False,1.0,0.0
2024-10-24 00:00:00+00:00,0.0002993713202275039,1.0,3334.4880314958154,0.0,0.0,0.0,0.3342490802771407,False,1.0,0.0
2024-10-25 00:00:00+00:00,0.0002992817238627321,1.0,3334.4880314958154,0.0,0.0,0.0,0.33434911491808555,False,1.0,0.0
2024-10-26 00:00:00+00:00,0.0002991921811108522,1.0,3334.4880314958154,0.0,0.0,0.0,0.33444914955903043,False,1.0,0.0
2024-10-27 00:00:00+00:00,0.0002991026919243467,1.0,3334.4880314958154,0.0,0.0,0.0,0.33454918419997537,False,1.0,0.0
2024-10-28 00:00:00+00:00,0.0002990132562543657,1.0,3334.4880314958154,0.0,0.0,0.0,0.33464921884092025,False,1.0,0.0
2024-10-29 00:00:00+00:00,0.0005261060183341382,1.0,3334.4880314958154,0.0,0.0,0.0,0.3348252798089832,False,1.0,0.0
2024-10-30 00:00:00+00:00,0.0006791962777652483,1.0,3334.4880314958154,0.0,0.0,0.0,0.33505269189273124,False,1.0,0.0
2024-10-31 00:00:00+00:00,0.00029856390760429896,1.0,3334.4880314958154,0.0,0.0,0.0,0.3351527265336761,False,1.0,0.0
2024-11-01 00:00:00+00:00,0.00029237396901815593,1.0,3351.527265336761,0.00508402065445632,7.62603098168448e-06,0.0,0.33525071646656,True,1.0,7.62603098168448e-06
2024-11-02 00:00:00+00:00,0.0002999123134466153,1.0,3351.527265336761,0.0,0.0,0.0,0.3353512622845201,False,1.0,0.0
2024-11-03 00:00:00+00:00,0.00029982239301884483,1.0,3351.527265336761,0.0,0.0,0.0,0.33545180810248015,False,1.0,0.0
2024-11-04 00:00:00+00:00,0.00029973252649551085,1.0,3351.527265336761,0.0,0.0,0.0,0.33555235392044025,False,1.0,0.0
2024-11-05 00:00:00+00:00,0.00029964271382776353,1.0,3351.527265336761,0.0,0.0,0.0,0.3356528997384003,False,1.0,0.0
2024-11-06 00:00:00+00:00,0.0003205216618151763,1.0,3351.527265336761,0.0,0.0,0.0,0.3357604837636176,False,1.0,0.0
2024-11-07 00:00:00+00:00,0.00029945697252120596,1.0,3351.527265336761,0.0,0.0,0.0,0.33586102958157765,False,1.0,0.0
2024-11-08 00:00:00+00:00,0.00029936732488811124,1.0,3351.527265336761,0.0,0.0,0.0,0.33596157539953775,False,1.0,0.0
2024-11-09 00:00:00+00:00,0.00029927773091475984,1.0,3351.527265336761,0.0,0.0,0.0,0.3360621212174978,False,1.0,0.0
2024-11-10 00:00:00+00:00,0.0006053574388833471,1.0,3351.527265336761,0.0,0.0,0.0,0.3362655589225037,False,1.0,0.0
2024-11-11 00:00:00+00:00,0.0006697760928959795,1.0,3351.527265336761,0.0,0.0,0.0,0.33649078155473433,False,1.0,0.0
2024-11-12 00:00:00+00:00,0.0010348684182655,1.0,3351.527265336761,0.0,0.0,0.0,0.3368390052376028,False,1.0,0.0
2024-11-13 00:00:00+00:00,0.0006537109358144555,1.0,3351.527265336761,0.0,0.0,0.0,0.3370592005789354,False,1.0,0.0
2024-11-14 00:00:00+00:00,0.00036094679962084264,1.0,3351.527265336761,0.0,0.0,0.0,0.3371808610186671,False,1.0,0.0
2024-11-15 00:00:00+00:00,0.0002981955074683462,1.0,3351.527265336761,0.0,0.0,0.0,0.33728140683662716,False,1.0,0.0
2024-11-16 00:00:00+00:00,0.00029810661341556077,1.0,3351.527265336761,0.0,0.0,0.0,0.33738195265458726,False,1.0,0.0
2024-11-17 00:00:00+00:00,0.00044901344366898854,1.0,3351.527265336761,0.0,0.0,0.0,0.33753344168698046,False,1.0,0.0
2024-11-18 00:00:00+00:00,0.0010902555074090436,1.0,3351.527265336761,0.0,0.0,0.0,0.33790143938071443,False,1.0,0.0
2024-11-19 00:00:00+00:00,0.0008391180788311914,1.0,3351.527265336761,0.0,0.0,0.0,0.3381849785873619,False,1.0,0.0
2024-11-20 00:00:00+00:00,0.0005500237296263144,1.0,3351.527265336761,0.0,0.0,0.0,0.3383709883505881,False,1.0,0.0
2024-11-21 00:00:00+00:00,0.000297146686393468,1.0,3351.527265336761,0.0,0.0,0.0,0.3384715341685482,False,1.0,0.0
2024-11-22 00:00:00+00:00,0.0004455876247040358,1.0,3351.527265336761,0.0,0.0,0.0,0.3386223528954883,False,1.0,0.0
2024-11-23 00:00:00+00:00,0.0003622498540407637,1.0,3351.527265336761,0.0,0.0,0.0,0.3387450187933996,False,1.0,0.0
2024-11-24 00:00:00+00:00,0.0002968185873795104,1.0,3351.527265336761,0.0,0.0,0.0,0.3388455646113597,False,1.0,0.0
2024-11-25 00:00:00+00:00,0.000738858975497747,1.0,3351.527265336761,0.0,0.0,0.0,0.33909592369808034,False,1.0,0.0
2024-11-26 00:00:00+00:00,0.00035976720429986564,1.0,3351.527265336761,0.0,0.0,0.0,0.33921791929053857,False,1.0,0.0
2024-11-27 00:00:00+00:00,0.0006333182461506492,1.0,3351.527265336761,0.0,0.0,0.0,0.3394327521882466,False,1.0,0.0
2024-11-28 00:00:00+00:00,0.0002962171956355508,1.0,3351.527265336761,0.0,0.0,0.0,0.3395332980062067,False,1.0,0.0
2024-11-29 00:00:00+00:00,0.0008429819111719361,1.0,3351.527265336761,0.0,0.0,0.0,0.33981951843466646,False,1.0,0.0
2024-11-30 00:00:00+00:00,0.0004191634118986265,1.0,3351.527265336761,0.0,0.0,0.0,0.3399619583434433,False,1.0,0.0
2024-12-01 00:00:00+00:00,0.0002957804266401354,1.0,3399.6195834344326,0.014146382239946602,2.1219573359919904e-05,0.0,0.34006251243652347,True,1.0,2.1219573359919904e-05
2024-12-02 00:00:00+00:00,0.0004748595458410332,1.0,3399.6195834344326,0.0,0.0,0.0,0.3402239943667366,False,1.0,0.0
2024-12-03 00:00:00+00:00,0.0003537273538791741,1.0,3399.6195834344326,0.0,0.0,0.0,0.3403443408999901,False,1.0,0.0
2024-12-04 00:00:00+00:00,0.0010308405307479784,1.0,3399.6195834344326,0.0,0.0,0.0,0.3406951816410006,False,1.0,0.0
2024-12-05 00:00:00+00:00,0.002329974756051456,1.0,3399.6195834344326,0.0,0.0,0.0,0.3414889928137326,False,1.0,0.0
2024-12-06 00:00:00+00:00,0.0008452035313215589,1.0,3399.6195834344326,0.0,0.0,0.0,0.3417776205163661,False,1.0,0.0
2024-12-07 00:00:00+00:00,0.0006037753683305613,1.0,3399.6195834344326,0.0,0.0,0.0,0.3419839774250806,False,1.0,0.0
2024-12-08 00:00:00+00:00,0.0005815411211025356,1.0,3399.6195834344326,0.0,0.0,0.0,0.3421828551707115,False,1.0,0.0
2024-12-09 00:00:00+00:00,0.00046893654054613876,1.0,3399.6195834344326,0.0,0.0,0.0,0.34234331721504957,False,1.0,0.0
2024-12-10 00:00:00+00:00,0.000349551468713738,1.0,3399.6195834344326,0.0,0.0,0.0,0.3424629838243864,False,1.0,0.0
2024-12-11 00:00:00+00:00,0.00029780908396004335,1.0,3399.6195834344326,0.0,0.0,0.0,0.3425649724118894,False,1.0,0.0
2024-12-12 00:00:00+00:00,0.0002997052229152253,1.0,3399.6195834344326,0.0,0.0,0.0,0.3426676409233091,False,1.0,0.0
2024-12-13 00:00:00+00:00,0.0003244180281474218,1.0,3399.6195834344326,0.0,0.0,0.0,0.34277880848368736,False,1.0,0.0
2024-12-14 00:00:00+00:00,0.0002975346928655309,1.0,3399.6195834344326,0.0,0.0,0.0,0.34288079707119035,False,1.0,0.0
2024-12-15 00:00:00+00:00,0.0002974461923042071,1.0,3399.6195834344326,0.0,0.0,0.0,0.3429827856586934,False,1.0,0.0
2024-12-16 00:00:00+00:00,0.0005471382496502475,1.0,3399.6195834344326,0.0,0.0,0.0,0.3431704446596989,False,1.0,0.0
2024-12-17 00:00:00+00:00,0.0002971951375476678,1.0,3399.6195834344326,0.0,0.0,0.0,0.3432724332472019,False,1.0,0.0
2024-12-18 00:00:00+00:00,0.0002971068388399889,1.0,3399.6195834344326,0.0,0.0,0.0,0.34337442183470496,False,1.0,0.0
2024-12-19 00:00:00+00:00,0.00029701859258501884,1.0,3399.6195834344326,0.0,0.0,0.0,0.34347641042220795,False,1.0,0.0
2024-12-20 00:00:00+00:00,0.0002969303987359062,1.0,3399.6195834344326,0.0,0.0,0.0,0.34357839900971093,False,1.0,0.0
2024-12-21 00:00:00+00:00,0.00014743165443231732,1.0,3399.6195834344326,0.0,0.0,0.0,0.3436290533415041,False,1.0,0.0
2024-12-22 00:00:00+00:00,-0.0027820633085126056,1.0,3431.1911040398895,1.98932833250739,0.0029839924987610854,0.0,0.3426730555604638,True,1.0,0.0029839924987610854
2024-12-23 00:00:00+00:00,0.0003003905076601754,1.0,3431.1911040398895,0.0,0.0,0.0,0.34277599129358505,False,1.0,0.0
2024-12-24 00:00:00+00:00,0.0003003003003005933,1.0,3431.1911040398895,0.0,0.0,0.0,0.3428789270267063,False,1.0,0.0
2024-12-25 00:00:00+00:00,0.00015210647453245407,1.0,3431.1911040398895,0.0,0.0,0.0,0.34293108113148774,False,1.0,0.0
2024-12-26 00:00:00+00:00,0.0003001644901408085,1.0,3431.1911040398895,0.0,0.0,0.0,0.343034016864609,False,1.0,0.0
2024-12-27 00:00:00+00:00,0.0003000744184560311,1.0,3431.1911040398895,0.0,0.0,0.0,0.3431369525977302,False,1.0,0.0
2024-12-28 00:00:00+00:00,0.00013499298036490082,1.0,3431.1911040398895,0.0,0.0,0.0,0.3431832736776348,False,1.0,0.0
2024-12-29 00:00:00+00:00,-0.0028596769344132467,1.0,3426.685950120288,1.9998130349624612,0.002999719552443692,0.0,0.34220188038562244,True,1.0,0.002999719552443692
2024-12-30 00:00:00+00:00,-0.0029319417046017593,1.0,3416.76912098064,2.0013959459486523,0.0030020939189229785,0.0,0.34119856442112667,True,1.0,0.0030020939189229785
2024-12-31 00:00:00+00:00,0.0003004205888244016,1.0,3416.76912098064,0.0,0.0,0.0,0.34130106749475614,False,1.0,0.0
2025-01-01 00:00:00+00:00,0.00029834818300145116,1.0,3413.0106749475613,0.0011012113324656814,1.651816998698522e-06,0.0,0.34140289404809965,True,1.0,1.651816998698522e-06
2025-01-02 00:00:00+00:00,0.000299910522240765,1.0,3413.0106749475613,0.0,0.0,0.0,0.3415052843683481,False,1.0,0.0
2025-01-03 00:00:00+00:00,0.0002998206028872463,1.0,3413.0106749475613,0.0,0.0,0.0,0.3416076746885966,False,1.0,0.0
2025-01-04 00:00:00+00:00,0.0002997307374368319,1.0,3413.0106749475613,0.0,0.0,0.0,0.34171006500884504,False,1.0,0.0
2025-01-05 00:00:00+00:00,0.0002996409258411159,1.0,3413.0106749475613,0.0,0.0,0.0,0.34181245532909355,False,1.0,0.0
2025-01-06 00:00:00+00:00,0.0002995511680516927,1.0,3413.0106749475613,0.0,0.0,0.0,0.341914845649342,False,1.0,0.0
2025-01-07 00:00:00+00:00,0.00029946146402037854,1.0,3413.0106749475613,0.0,0.0,0.0,0.34201723596959044,False,1.0,0.0
2025-01-08 00:00:00+00:00,0.00029937181369876775,1.0,3413.0106749475613,0.0,0.0,0.0,0.34211962628983894,False,1.0,0.0
2025-01-09 00:00:00+00:00,0.00027334442489546085,1.0,3413.0106749475613,0.0,0.0,0.0,0.34221314278233256,False,1.0,0.0
2025-01-10 00:00:00+00:00,-0.0014591007746956874,0.0,0.0,0.9972979725501591,0.0014959469588252388,0.0,0.34171381932058775,True,0.0,0.0014959469588252388
2025-01-11 00:00:00+00:00,-0.0013959999999998418,1.0,3417.1381932058775,1.0,0.0015,0.0,0.34123678682881625,True,1.0,0.0015
2025-01-12 00:00:00+00:00,-0.0030139935349747793,1.0,3406.852607244328,2.001512283548158,0.0030022684253222364,0.0,0.3402083013594186,True,1.0,0.0030022684253222364
2025-01-13 00:00:00+00:00,0.00020729020628862393,1.0,3406.852607244328,0.0,0.0,0.0,0.34027882320838854,False,1.0,0.0
2025-01-14 00:00:00+00:00,0.000207247245964437,1.0,3406.852607244328,0.0,0.0,0.0,0.34034934505735853,False,1.0,0.0
2025-01-15 00:00:00+00:00,0.00021621318620157481,1.0,3406.852607244328,0.0,0.0,0.0,0.340422933073675,False,1.0,0.0
2025-01-16 00:00:00+00:00,0.0002812165367334085,1.0,3406.852607244328,0.0,0.0,0.0,0.34051866563193856,False,1.0,0.0
2025-01-17 00:00:00+00:00,0.00030014677177137017,1.0,3406.852607244328,0.0,0.0,0.0,0.34062087121015594,False,1.0,0.0
2025-01-18 00:00:00+00:00,0.0003000567107180885,1.0,3406.852607244328,0.0,0.0,0.0,0.34072307678837327,False,1.0,0.0
2025-01-19 00:00:00+00:00,0.0002999667036958087,1.0,3406.852607244328,0.0,0.0,0.0,0.34082528236659065,False,1.0,0.0
2025-01-20 00:00:00+00:00,0.00047580444437356206,1.0,3406.852607244328,0.0,0.0,0.0,0.3409874485506955,False,1.0,0.0
2025-01-21 00:00:00+00:00,0.000345693369980804,1.0,3406.852607244328,0.0,0.0,0.0,0.3411053256509062,False,1.0,0.0
2025-01-22 00:00:00+00:00,0.00029963055552495454,1.0,3406.852607244328,0.0,0.0,0.0,0.3412075312291235,False,1.0,0.0
2025-01-23 00:00:00+00:00,0.0002995408039474512,1.0,3406.852607244328,0.0,0.0,0.0,0.3413097368073409,False,1.0,0.0
2025-01-24 00:00:00+00:00,0.0002994511061225058,1.0,3406.852607244328,0.0,0.0,0.0,0.3414119423855582,False,1.0,0.0
2025-01-25 00:00:00+00:00,0.0002993614620014906,1.0,3406.852607244328,0.0,0.0,0.0,0.34151414796377555,False,1.0,0.0
2025-01-26 00:00:00+00:00,0.000299271871536666,1.0,3406.852607244328,0.0,0.0,0.0,0.34161635354199293,False,1.0,0.0
2025-01-27 00:00:00+00:00,0.00029918233467940425,1.0,3406.852607244328,0.0,0.0,0.0,0.34171855912021026,False,1.0,0.0
2025-01-28 00:00:00+00:00,-0.0014007515206377885,0.0,0.0,0.9968817538738817,0.0014953226308108225,0.0,0.34123989632889246,True,0.0,0.0014953226308108225
2025-01-29 00:00:00+00:00,-0.001200000000000201,1.0,3412.3989632889247,1.0,0.0015,0.0,0.34083040845329776,True,1.0,0.0015
2025-01-30 00:00:00+00:00,0.00030036043251868705,1.0,3412.3989632889247,0.0,0.0,0.0,0.3409327804221964,False,1.0,0.0
2025-01-31 00:00:00+00:00,0.00022119907917117487,1.0,3412.3989632889247,0.0,0.0,0.0,0.34100819443928504,False,1.0,0.0
2025-02-01 00:00:00+00:00,0.00023198080796871245,1.0,3410.0819443928503,0.0006794613542598965,1.0191920313898447e-06,0.0,0.341087301795755,True,1.0,1.0191920313898447e-06
2025-02-02 00:00:00+00:00,0.00023594526522674464,1.0,3410.0819443928503,0.0,0.0,0.0,0.3411677797296427,False,1.0,0.0
2025-02-03 00:00:00+00:00,-2.9985967142875936e-05,1.0,3410.0819443928503,0.0,0.0,0.0,0.34115754948380955,False,1.0,0.0
2025-02-04 00:00:00+00:00,-0.004532788311407798,0.0,0.0,3.0011025800228968,0.0045016538700343445,0.0,0.3396111545311608,True,0.0,0.0045016538700343445
2025-02-05 00:00:00+00:00,-0.0011999999999998678,1.0,3396.111545311608,1.0,0.0015,0.0,0.33920362114572344,True,1.0,0.0015
2025-02-06 00:00:00+00:00,0.00029034841810182677,1.0,3396.111545311608,0.0,0.0,0.0,0.3393021083805375,False,1.0,0.0
2025-02-07 00:00:00+00:00,-0.0015123762623987513,0.0,0.0,1.00092184902295,0.001501382773534425,0.0,0.33878895592604097,True,0.0,0.001501382773534425
2025-02-08 00:00:00+00:00,-0.0012539999999998663,1.0,3387.8895592604094,1.0,0.0015,0.0,0.33836411457530974,True,1.0,0.0015
2025-02-09 00:00:00+00:00,-0.0014568268608835533,0.0,0.0,1.0012104634503112,0.0015018156951754668,0.0,0.3378711766444374,True,0.0,0.0015018156951754668
2025-02-10 00:00:00+00:00,-0.0013000000000000789,1.0,3378.711766444374,1.0,0.0015000000000000002,0.0,0.33743194411479965,True,1.0,0.0015000000000000002
2025-02-11 00:00:00+00:00,0.00022228897566844985,1.0,3378.711766444374,0.0,0.0,0.0,0.33750695151601473,False,1.0,0.0
2025-02-12 00:00:00+00:00,0.00020121691183105916,1.0,3378.711766444374,0.0,0.0,0.0,0.33757486362252026,False,1.0,0.0
2025-02-13 00:00:00+00:00,0.0003002633309412417,1.0,3378.711766444374,0.0,0.0,0.0,0.3376762249755136,False,1.0,0.0
2025-02-14 00:00:00+00:00,0.00023013278661787595,1.0,3378.711766444374,0.0,0.0,0.0,0.33775393534614184,False,1.0,0.0
2025-02-15 00:00:00+00:00,0.0003001041361354595,1.0,3378.711766444374,0.0,0.0,0.0,0.3378552966991352,False,1.0,0.0
2025-02-16 00:00:00+00:00,0.0003000141006628265,1.0,3378.711766444374,0.0,0.0,0.0,0.33795665805212854,False,1.0,0.0
2025-02-17 00:00:00+00:00,0.00028892690149362465,1.0,3378.711766444374,0.0,0.0,0.0,0.3380543028221788,False,1.0,0.0
2025-02-18 00:00:00+00:00,0.0002998374880813781,1.0,3378.711766444374,0.0,0.0,0.0,0.3381556641751722,False,1.0,0.0
2025-02-19 00:00:00+00:00,0.00018684267846480473,1.0,3378.711766444374,0.0,0.0,0.0,0.3382188460852047,False,1.0,0.0
2025-02-20 00:00:00+00:00,0.00029269881292148803,1.0,3378.711766444374,0.0,0.0,0.0,0.33831784233996154,False,1.0,0.0
2025-02-21 00:00:00+00:00,0.0002996039236129455,1.0,3378.711766444374,0.0,0.0,0.0,0.3384192036929549,False,1.0,0.0
2025-02-22 00:00:00+00:00,0.00029951418798734863,1.0,3378.711766444374,0.0,0.0,0.0,0.33852056504594824,False,1.0,0.0
2025-02-23 00:00:00+00:00,0.0002994245060992107,1.0,3378.711766444374,0.0,0.0,0.0,0.3386219263989416,False,1.0,0.0
2025-02-24 00:00:00+00:00,0.00024246125109983474,1.0,3378.711766444374,0.0,0.0,0.0,0.3387040290948662,False,1.0,0.0
2025-02-25 00:00:00+00:00,0.0002094836228698771,1.0,3378.711766444374,0.0,0.0,0.0,0.33877498204196155,False,1.0,0.0
2025-02-26 00:00:00+00:00,0.0002722716732739272,1.0,3378.711766444374,0.0,0.0,0.0,0.3388672208731855,False,1.0,0.0
2025-02-27 00:00:00+00:00,0.0002871534715660484,1.0,3378.711766444374,0.0,0.0,0.0,0.3389645277720591,False,1.0,0.0
2025-02-28 00:00:00+00:00,0.000299032331375626,1.0,3378.711766444374,0.0,0.0,0.0,0.3390658891250524,False,1.0,0.0
2025-03-01 00:00:00+00:00,7.071468886010734e-05,1.0,3390.6588912505244,0.00352354075987401,5.285311139811015e-06,0.0,0.339089866063905,True,1.0,5.285311139811015e-06
2025-03-02 00:00:00+00:00,-0.0014998939354670116,0.0,0.0,0.9999292903113536,0.0014998939354670304,0.0,0.3385812672302174,True,0.0,0.0014998939354670304
2025-03-03 00:00:00+00:00,-0.0013999999999999568,1.0,3385.812672302174,1.0,0.0015,0.0,0.3381072534560951,True,1.0,0.0015
2025-03-04 00:00:00+00:00,0.0003004205888244016,1.0,3385.812672302174,0.0,0.0,0.0,0.33820882783626427,False,1.0,0.0
2025-03-05 00:00:00+00:00,-0.0014856341976174914,0.0,0.0,1.0010851763311428,0.0015016277644967144,0.0,0.3377063732356946,True,0.0,0.0015016277644967144
2025-03-06 00:00:00+00:00,-0.002986999999999962,0.0,0.0,2.0014892144619045,0.003002233821692857,0.0,0.3366976442988396,True,0.0,0.003002233821692857
2025-03-07 00:00:00+00:00,-0.0013780000000001014,1.0,3366.976442988396,1.0,0.0015,0.0,0.33623367494499573,True,1.0,0.0015
2025-03-08 00:00:00+00:00,0.00012517248768828537,1.0,3366.976442988396,0.0,0.0,0.0,0.3362757621505331,False,1.0,0.0
2025-03-09 00:00:00+00:00,-0.003081505880868751,1.0,3357.7071568408487,2.0012545719786896,0.003001881857968034,0.0,0.33523952641187266,True,1.0,0.003001881857968034
2025-03-10 00:00:00+00:00,-0.0045098516012331835,0.0,0.0,3.0030987962954674,0.0045046481944432,0.0,0.3337276458968874,True,0.0,0.0045046481944432
2025-03-11 00:00:00+00:00,-0.00174300000000005,1.0,3337.276458968874,1.0,0.0015,0.0,0.3331459586100891,True,1.0,0.0015
2025-03-12 00:00:00+00:00,-0.004545040584739146,0.0,0.0,3.003295440270596,0.004504943160405894,0.0,0.33163179670756443,True,0.0,0.004504943160405894
2025-03-13 00:00:00+00:00,-0.003025999999999973,0.0,0.0,2.0015283322349906,0.003002292498352486,0.0,0.3306282788907274,True,0.0,0.003002292498352486
2025-03-14 00:00:00+00:00,0.0,0.0,0.0,0.0,0.0,0.0,0.3306282788907274,False,0.0,0.0
2025-03-15 00:00:00+00:00,-0.003021999999999969,0.0,0.0,2.001524320015063,0.0030022864800225944,0.0,0.3296291202319196,True,0.0,0.0030022864800225944
2025-03-16 00:00:00+00:00,-0.001526999999999945,1.0,3296.2912023191957,1.0,0.0015,0.0,0.32912577656532543,True,1.0,0.0015
2025-03-17 00:00:00+00:00,-0.0015022940029424392,0.0,0.0,1.0015293352949954,0.001502294002942493,0.0,0.3286313328849776,True,0.0,0.001502294002942493
2025-03-18 00:00:00+00:00,-0.0013439999999999008,1.0,3286.3133288497756,1.0,0.0015,0.0,0.32818965237358017,True,1.0,0.0015
2025-03-19 00:00:00+00:00,-0.002873954939438539,1.0,3276.967053742527,2.001345808766983,0.0030020187131504744,0.0,0.32724645010106845,True,1.0,0.0030020187131504744
2025-03-20 00:00:00+00:00,0.0002643632350853853,1.0,3276.967053742527,0.0,0.0,0.0,0.3273329620312873,False,1.0,0.0
2025-03-21 00:00:00+00:00,8.10900099108558e-05,1.0,3276.967053742527,0.0,0.0,0.0,0.32735950546442266,False,1.0,0.0
2025-03-22 00:00:00+00:00,-0.0015015450898974159,0.0,0.0,1.0010300599316695,0.0015015450898975043,0.0,0.3268679604063613,True,0.0,0.0015015450898975043
2025-03-23 00:00:00+00:00,-0.0013170000000001236,1.0,3268.6796040636127,1.0,0.0015,0.0,0.32643747530250605,True,1.0,0.0015
2025-03-24 00:00:00+00:00,0.00021027693472319697,1.0,3268.6796040636127,0.0,0.0,0.0,0.3265061175741914,False,1.0,0.0
2025-03-25 00:00:00+00:00,-0.0015887587559428873,0.0,0.0,1.0011954273402444,0.0015017931410103665,0.0,0.3259873781210265,True,0.0,0.0015017931410103665
2025-03-26 00:00:00+00:00,-0.004451721599999847,1.0,3249.9116069348865,3.0015584249091587,0.0045023376373637385,0.0,0.3245361730685178,True,1.0,0.0045023376373637385
2025-03-27 00:00:00+00:00,-0.0015681954736630477,0.0,0.0,1.0014681523112883,0.0015022022284669324,0.0,0.3240272369108718,True,0.0,0.0015022022284669324
2025-03-28 00:00:00+00:00,-0.0014719999999998068,1.0,3240.272369108718,1.0,0.0014999999999999998,0.0,0.32355026881813903,True,1.0,0.0014999999999999998
2025-03-29 00:00:00+00:00,-0.0015542879118062292,0.0,0.0,1.0015263261210083,0.0015022894891815125,0.0,0.3230473785464533,True,0.0,0.0015022894891815125
2025-03-30 00:00:00+00:00,0.0,0.0,0.0,0.0,0.0,0.0,0.3230473785464533,False,0.0,0.0
2025-03-31 00:00:00+00:00,0.0,0.0,0.0,0.0,0.0,0.0,0.3230473785464533,False,0.0,0.0
2025-04-01 00:00:00+00:00,-0.0012699999999998823,1.0,3230.473785464533,1.0,0.0015,0.0,0.32263710837569937,True,1.0,0.0015
2025-04-02 00:00:00+00:00,0.0002553242618124063,1.0,3230.473785464533,0.0,0.0,0.0,0.3227194854572288,False,1.0,0.0
2025-04-03 00:00:00+00:00,0.0003003048093817018,1.0,3230.473785464533,0.0,0.0,0.0,0.32281639967079273,False,1.0,0.0
2025-04-04 00:00:00+00:00,0.00029521107591956586,1.0,3230.473785464533,0.0,0.0,0.0,0.32291169864746394,False,1.0,0.0
2025-04-05 00:00:00+00:00,-0.0014255987514755208,0.0,0.0,1.0003451190660773,0.001500517678599116,0.0,0.32245135613303527,True,0.0,0.001500517678599116
2025-04-06 00:00:00+00:00,-0.0029409999999998604,0.0,0.0,2.001443079477527,0.003002164619216291,0.0,0.32150302669464803,True,0.0,0.003002164619216291
2025-04-07 00:00:00+00:00,-0.0030439999999999356,0.0,0.0,2.001546387622489,0.0030023195814337334,0.0,0.32052437148138957,True,0.0,0.0030023195814337334
2025-04-08 00:00:00+00:00,-0.00303399999999987,0.0,0.0,2.001536356771287,0.003002304535156931,0.0,0.31955190053831506,True,0.0,0.003002304535156931
2025-04-09 00:00:00+00:00,-0.0013350000000000861,1.0,3195.5190053831507,1.0,0.0015,0.0,0.31912529875109646,True,1.0,0.0015
2025-04-10 00:00:00+00:00,-0.004509481137318305,0.0,0.0,3.0028510742133347,0.004504276611320002,0.0,0.3176862092359373,True,0.0,0.004504276611320002
2025-04-11 00:00:00+00:00,-0.0014479999999998938,1.0,3176.862092359373,1.0,0.0015000000000000002,0.0,0.3172261996049637,True,1.0,0.0015000000000000002
2025-04-12 00:00:00+00:00,0.00023834512373932526,1.0,3176.862092359373,0.0,0.0,0.0,0.31730180892276183,False,1.0,0.0
2025-04-13 00:00:00+00:00,-0.0015308523313209976,0.0,0.0,1.0012405370253743,0.0015018608055380616,0.0,0.31681606670884005,True,0.0,0.0015018608055380616
2025-04-14 00:00:00+00:00,-0.0013800000000000479,1.0,3168.1606670884007,1.0,0.0015,0.0,0.3163788605367818,True,1.0,0.0015
2025-04-15 00:00:00+00:00,-0.0015020728605475986,0.0,0.0,1.0013819070317038,0.0015020728605475559,0.0,0.3159036364367186,True,0.0,0.0015020728605475559
2025-04-16 00:00:00+00:00,-0.00143099999999996,1.0,3159.036364367186,1.0,0.0015,0.0,0.3154515783329776,True,1.0,0.0015
2025-04-17 00:00:00+00:00,0.0002163095389502434,1.0,3159.036364367186,0.0,0.0,0.0,0.315519813518448,False,1.0,0.0
2025-04-18 00:00:00+00:00,0.00020925424390627612,1.0,3159.036364367186,0.0,0.0,0.0,0.3155858373784632,False,1.0,0.0
2025-04-19 00:00:00+00:00,0.00011711782052747921,1.0,3159.036364367186,0.0,0.0,0.0,0.31562279810392635,False,1.0,0.0
2025-04-20 00:00:00+00:00,0.00019617439904084932,1.0,3159.036364367186,0.0,0.0,0.0,0.3156847152166679,False,1.0,0.0
2025-04-21 00:00:00+00:00,-0.0027990888685860416,1.0,3152.1085976201284,2.0006934805820435,0.003001040220873065,0.0,0.3148010856443222,True,1.0,0.003001040220873065
2025-04-22 00:00:00+00:00,0.00022128767397622262,1.0,3152.1085976201284,0.0,0.0,0.0,0.3148707472443296,False,1.0,0.0
2025-04-23 00:00:00+00:00,-0.003084426336016577,1.0,3143.471820062649,2.0012415395089915,0.003001862309263487,0.0,0.31389955161908795,True,1.0,0.003001862309263487
2025-04-24 00:00:00+00:00,-0.0015221675666148293,0.0,0.0,1.0014460881512905,0.0015021691322269356,0.0,0.31342174390243843,True,0.0,0.0015021691322269356
2025-04-25 00:00:00+00:00,-0.0030970000000001274,0.0,0.0,2.001599554488518,0.0030023993317327773,0.0,0.3124510767615726,True,0.0,0.0030023993317327773
2025-04-26 00:00:00+00:00,-0.0030439999999998246,0.0,0.0,2.001546387622489,0.0030023195814337334,0.0,0.3114999756839104,True,0.0,0.0030023195814337334
2025-04-27 00:00:00+00:00,-0.0012889999999999846,1.0,3114.999756839104,1.0,0.0015,0.0,0.3110984522152539,True,1.0,0.0015
2025-04-28 00:00:00+00:00,-0.0015780340859367081,0.0,0.0,1.0013668657717785,0.0015020502986576676,0.0,0.310607528253576,True,0.0,0.0015020502986576676
2025-04-29 00:00:00+00:00,-0.003001999999999949,0.0,0.0,2.001504259397615,0.0030022563890964235,0.0,0.3096750844537588,True,0.0,0.0030022563890964235
2025-04-30 00:00:00+00:00,-0.003006000000000175,0.0,0.0,2.0015082714568138,0.0030022624071852208,0.0,0.30874420114989076,True,0.0,0.0030022624071852208
2025-05-01 00:00:00+00:00,-0.001316000000000206,1.0,3087.4420114989075,1.0,0.0015000000000000002,0.0,0.30833789378117743,True,1.0,0.0015000000000000002
2025-05-02 00:00:00+00:00,0.00027536237688763343,1.0,3087.4420114989075,0.0,0.0,0.0,0.3084227984364936,False,1.0,0.0
2025-05-03 00:00:00+00:00,-0.0015736381573220326,0.0,0.0,1.0011142401492865,0.0015016713602239299,0.0,0.30793745255228594,True,0.0,0.0015016713602239299
2025-05-04 00:00:00+00:00,0.0,0.0,0.0,0.0,0.0,0.0,0.30793745255228594,False,0.0,0.0
2025-05-05 00:00:00+00:00,0.0,0.0,0.0,0.0,0.0,0.0,0.30793745255228594,False,0.0,0.0
2025-05-06 00:00:00+00:00,-0.0013000000000000789,1.0,3079.3745255228596,1.0,0.0015,0.0,0.30753713386396797,True,1.0,0.0015
2025-05-07 00:00:00+00:00,0.0003003905076601754,1.0,3079.3745255228596,0.0,0.0,0.0,0.3076295150997337,False,1.0,0.0
2025-05-08 00:00:00+00:00,0.00030030030030037125,1.0,3079.3745255228596,0.0,0.0,0.0,0.3077218963354994,False,1.0,0.0
2025-05-09 00:00:00+00:00,0.00027519263484432344,1.0,3079.3745255228596,0.0,0.0,0.0,0.30780657913495124,False,1.0,0.0
2025-05-10 00:00:00+00:00,0.0003001275542104942,1.0,3079.3745255228596,0.0,0.0,0.0,0.30789896037071696,False,1.0,0.0
2025-05-11 00:00:00+00:00,0.0003000375046882109,1.0,3079.3745255228596,0.0,0.0,0.0,0.3079913416064826,False,1.0,0.0
2025-05-12 00:00:00+00:00,0.0002999475091856052,1.0,3079.3745255228596,0.0,0.0,0.0,0.30808372284224833,False,1.0,0.0
2025-05-13 00:00:00+00:00,0.00029985756765538163,1.0,3079.3745255228596,0.0,0.0,0.0,0.30817610407801405,False,1.0,0.0
2025-05-14 00:00:00+00:00,0.00029976768004802423,1.0,3079.3745255228596,0.0,0.0,0.0,0.3082684853137797,False,1.0,0.0
2025-05-15 00:00:00+00:00,-0.0014204729915339165,0.0,0.0,0.9988483278779565,0.0014982724918169348,0.0,0.30783059825625037,True,0.0,0.0014982724918169348
2025-05-16 00:00:00+00:00,-0.0012140000000000484,1.0,3078.3059825625037,1.0,0.0015,0.0,0.3074568919099673,True,1.0,0.0015
2025-05-17 00:00:00+00:00,0.0002092540343978655,1.0,3078.3059825625037,0.0,0.0,0.0,0.3075212285050028,False,1.0,0.0
2025-05-18 00:00:00+00:00,0.00025325452079338895,1.0,3078.3059825625037,0.0,0.0,0.0,0.30759910964636167,False,1.0,0.0
2025-05-19 00:00:00+00:00,0.0003002257697788391,1.0,3078.3059825625037,0.0,0.0,0.0,0.30769145882583854,False,1.0,0.0
2025-05-20 00:00:00+00:00,0.0002751243562089112,1.0,3078.3059825625037,0.0,0.0,0.0,0.307776112240359,False,1.0,0.0
2025-05-21 00:00:00+00:00,0.0003000531094004,1.0,3078.3059825625037,0.0,0.0,0.0,0.30786846141983587,False,1.0,0.0
2025-05-22 00:00:00+00:00,0.0002999631045381701,1.0,3078.3059825625037,0.0,0.0,0.0,0.30796081059931274,False,1.0,0.0
2025-05-23 00:00:00+00:00,0.0002998731536560939,1.0,3078.3059825625037,0.0,0.0,0.0,0.3080531597787896,False,1.0,0.0
2025-05-24 00:00:00+00:00,0.00021584394482787594,1.0,3078.3059825625037,0.0,0.0,0.0,0.308119651188013,False,1.0,0.0
2025-05-25 00:00:00+00:00,0.00021979361379642626,1.0,3078.3059825625037,0.0,0.0,0.0,0.30818737391962936,False,1.0,0.0
2025-05-26 00:00:00+00:00,0.0001658078287267717,1.0,3078.3059825625037,0.0,0.0,0.0,0.3082384737989399,False,1.0,0.0
2025-05-27 00:00:00+00:00,-0.0028849343869372657,1.0,3077.7672790155552,1.998676753301875,0.0029980151299528125,0.0,0.3073492260265003,True,1.0,0.0029980151299528125
2025-05-28 00:00:00+00:00,0.00010815022065657764,1.0,3077.7672790155552,0.0,0.0,0.0,0.30738246591311363,False,1.0,0.0
2025-05-29 00:00:00+00:00,-0.0029437551863937816,1.0,3069.208008212613,2.0012826430657675,0.003001923964598651,0.0,0.3064776071848754,True,1.0,0.003001923964598651
2025-05-30 00:00:00+00:00,-0.0014410809208498243,0.0,0.0,1.0013849153379124,0.0015020773730068688,0.0,0.3060359481524936,True,0.0,0.0015020773730068688
2025-05-31 00:00:00+00:00,-0.0012660000000002114,1.0,3060.3594815249357,1.0,0.0014999999999999998,0.0,0.3056485066421325,True,1.0,0.0014999999999999998
2025-06-01 00:00:00+00:00,0.00025709859281852765,1.0,3056.485066421325,0.0012676047876612458,1.9014071814918687e-06,0.0,0.30572708844308727,True,1.0,1.9014071814918687e-06
2025-06-02 00:00:00+00:00,0.0002459367700027304,1.0,3056.485066421325,0.0,0.0,0.0,0.30580227797572124,False,1.0,0.0
2025-06-03 00:00:00+00:00,0.0002038974194953358,1.0,3056.485066421325,0.0,0.0,0.0,0.30586463027107624,False,1.0,0.0
2025-06-04 00:00:00+00:00,-0.0014159987492770032,0.0,0.0,0.9992105251701335,0.0014988157877552004,0.0,0.30543152633716436,True,0.0,0.0014988157877552004
2025-06-05 00:00:00+00:00,-0.0013460000000001804,1.0,3054.3152633716436,1.0,0.0015,0.0,0.3050204155027145,True,1.0,0.0015
2025-06-06 00:00:00+00:00,-0.0014179085048474649,0.0,0.0,1.0012635946564565,0.0015018953919846848,0.0,0.3045879244614211,True,0.0,0.0015018953919846848
2025-06-07 00:00:00+00:00,-0.0014000000000000679,1.0,3045.8792446142106,1.0,0.0015,0.0,0.30416150136717507,True,1.0,0.0015
2025-06-08 00:00:00+00:00,-0.002954000000000123,1.0,3036.88171732562,2.001456117194401,0.0030021841757916015,0.0,0.30326300829213637,True,1.0,0.0030021841757916015
2025-06-09 00:00:00+00:00,0.0001341878630083393,1.0,3036.88171732562,0.0,0.0,0.0,0.30330370250714855,False,1.0,0.0
2025-06-10 00:00:00+00:00,0.00018523450688578968,1.0,3036.88171732562,0.0,0.0,0.0,0.30335988481891907,False,1.0,0.0
2025-06-11 00:00:00+00:00,0.00030032465094742555,1.0,3036.88171732562,0.0,0.0,0.0,0.30345099127043884,False,1.0,0.0
2025-06-12 00:00:00+00:00,0.00029022666702660516,1.0,3036.88171732562,0.0,0.0,0.0,0.3035390608402413,False,1.0,0.0
2025-06-13 00:00:00+00:00,0.00024111838912910244,1.0,3036.88171732562,0.0,0.0,0.0,0.30361224968962885,False,1.0,0.0
2025-06-14 00:00:00+00:00,0.00016004001000258228,1.0,3036.88171732562,0.0,0.0,0.0,0.303660839797106,False,1.0,0.0
2025-06-15 00:00:00+00:00,-0.001615145363082826,0.0,0.0,1.0002050420336168,0.0015003075630504255,0.0,0.30317038339975794,True,0.0,0.0015003075630504255
2025-06-16 00:00:00+00:00,-0.0029359999999999387,0.0,0.0,2.001438065061428,0.0030021570975921424,0.0,0.3022802751540963,True,0.0,0.0030021570975921424
2025-06-17 00:00:00+00:00,-0.0014059999999999073,1.0,3022.8027515409626,1.0,0.0015,0.0,0.30185526908722965,True,1.0,0.0015
2025-06-18 00:00:00+00:00,-0.004570495979347,0.0,0.0,3.002983457846596,0.004504475186769894,0.0,0.30047564079352174,True,0.0,0.004504475186769894
2025-06-19 00:00:00+00:00,0.0,0.0,0.0,0.0,0.0,0.0,0.30047564079352174,False,0.0,0.0
2025-06-20 00:00:00+00:00,-0.0030290000000000594,0.0,0.0,2.0015313414210327,0.0030022970121315494,0.0,0.2995655000775581,True,0.0,0.0030022970121315494
2025-06-21 00:00:00+00:00,-0.003214999999999968,0.0,0.0,2.0017179462778665,0.0030025769194168,0.0,0.2986023969948088,True,0.0,0.0030025769194168
2025-06-22 00:00:00+00:00,-0.001386999999999916,1.0,2986.023969948088,1.0,0.0015,0.0,0.29818823547017703,True,1.0,0.0015
2025-06-23 00:00:00+00:00,-0.001520108390337338,0.0,0.0,1.0014069768024072,0.001502110465203611,0.0,0.29773495703153896,True,0.0,0.001502110465203611
2025-06-24 00:00:00+00:00,-0.0014000000000000679,1.0,2977.3495703153894,1.0,0.0014999999999999998,0.0,0.2973181280916948,True,1.0,0.0014999999999999998
2025-06-25 00:00:00+00:00,0.00020428600040078848,1.0,2977.3495703153894,0.0,0.0,0.0,0.2973788660229292,False,1.0,0.0
2025-06-26 00:00:00+00:00,-0.0015438464403425556,0.0,0.0,1.0012395345437652,0.0015018593018156477,0.0,0.2969197587191866,True,0.0,0.0015018593018156477
2025-06-27 00:00:00+00:00,-0.0015020000000000033,1.0,2969.1975871918658,1.0,0.0015000000000000002,0.0,0.29647378524159035,True,1.0,0.0015000000000000002
2025-06-28 00:00:00+00:00,-0.0015022563890965124,0.0,0.0,1.0015042593976153,0.001502256389096423,0.0,0.29602840560351157,True,0.0,0.001502256389096423
2025-06-29 00:00:00+00:00,-0.0011999999999999789,1.0,2960.2840560351156,1.0,0.0015,0.0,0.2956731715167873,True,1.0,0.0015
2025-06-30 00:00:00+00:00,0.00023628354024829434,1.0,2960.2840560351156,0.0,0.0,0.0,0.2957430342205097,False,1.0,0.0
2025-07-01 00:00:00+00:00,-0.001532447395289016,0.0,0.0,1.0009973786408626,0.001501496067961294,0.0,0.2952898235780436,True,0.0,0.001501496067961294
2025-07-02 00:00:00+00:00,-0.0014759999999999218,1.0,2952.898235780436,1.0,0.0015,0.0,0.2948539757984424,True,1.0,0.0015
2025-07-03 00:00:00+00:00,0.0003004434545388346,1.0,2952.898235780436,0.0,0.0,0.0,0.29494256274551583,False,1.0,0.0
2025-07-04 00:00:00+00:00,0.0003003532153815769,1.0,2952.898235780436,0.0,0.0,0.0,0.29503114969258926,False,1.0,0.0
2025-07-05 00:00:00+00:00,0.0003002630304147491,1.0,2952.898235780436,0.0,0.0,0.0,0.2951197366396627,False,1.0,0.0
2025-07-06 00:00:00+00:00,-0.0014758500896515647,0.0,0.0,1.0005513037683762,0.0015008269556525645,0.0,0.2946841841498851,True,0.0,0.0015008269556525645
2025-07-07 00:00:00+00:00,-0.0012999999999999678,1.0,2946.841841498851,1.0,0.0014999999999999998,0.0,0.29430109471049026,True,1.0,0.0014999999999999998
2025-07-08 00:00:00+00:00,5.6072894763170567e-05,1.0,2946.841841498851,0.0,0.0,0.0,0.29431759702480265,False,1.0,0.0
2025-07-09 00:00:00+00:00,-0.0027999158953736503,1.0,2938.755707485778,2.0012455494635324,0.003001868324195299,0.0,0.2934935325066047,True,1.0,0.003001868324195299
2025-07-10 00:00:00+00:00,0.0003003905076601754,1.0,2938.755707485778,0.0,0.0,0.0,0.2935816951778293,False,1.0,0.0
2025-07-11 00:00:00+00:00,0.0003003003003005933,1.0,2938.755707485778,0.0,0.0,0.0,0.2936698578490539,False,1.0,0.0
2025-07-12 00:00:00+00:00,0.0003002101471030194,1.0,2938.755707485778,0.0,0.0,0.0,0.29375802052027855,False,1.0,0.0
2025-07-13 00:00:00+00:00,0.0003001200480194921,1.0,2938.755707485778,0.0,0.0,0.0,0.29384618319150313,False,1.0,0.0
2025-07-14 00:00:00+00:00,0.0005670567056705877,1.0,2938.755707485778,0.0,0.0,0.0,0.2940128106401176,False,1.0,0.0
2025-07-15 00:00:00+00:00,0.0005167586736993801,1.0,2938.755707485778,0.0,0.0,0.0,0.2941647443101946,False,1.0,0.0
2025-07-16 00:00:00+00:00,0.0005594495016905121,1.0,2938.755707485778,0.0,0.0,0.0,0.2943293146298139,False,1.0,0.0
2025-07-17 00:00:00+00:00,0.00033747893252811245,1.0,2938.755707485778,0.0,0.0,0.0,0.2944286445727269,False,1.0,0.0
2025-07-18 00:00:00+00:00,0.0003124120405397779,1.0,2938.755707485778,0.0,0.0,0.0,0.29452062762637127,False,1.0,0.0
2025-07-19 00:00:00+00:00,0.0002993429422419869,1.0,2938.755707485778,0.0,0.0,0.0,0.29460879029759585,False,1.0,0.0
2025-07-20 00:00:00+00:00,0.0002992533628598526,1.0,2938.755707485778,0.0,0.0,0.0,0.2946969529688205,False,1.0,0.0
2025-07-21 00:00:00+00:00,0.00029916383707573324,1.0,2938.755707485778,0.0,0.0,0.0,0.29478511564004506,False,1.0,0.0
2025-07-22 00:00:00+00:00,0.000299074364840779,1.0,2938.755707485778,0.0,0.0,0.0,0.2948732783112697,False,1.0,0.0
2025-07-23 00:00:00+00:00,0.0009109074691422414,1.0,2938.755707485778,0.0,0.0,0.0,0.2951418805829339,False,1.0,0.0
2025-07-24 00:00:00+00:00,0.0003733910579313271,1.0,2938.755707485778,0.0,0.0,0.0,0.2952520839219646,False,1.0,0.0
2025-07-25 00:00:00+00:00,0.00048771554040860643,1.0,2938.755707485778,0.0,0.0,0.0,0.29539608295163144,False,1.0,0.0
2025-07-26 00:00:00+00:00,0.00029845578974430076,1.0,2938.755707485778,0.0,0.0,0.0,0.295484245622856,False,1.0,0.0
2025-07-27 00:00:00+00:00,0.00033218163771531195,1.0,2938.755707485778,0.0,0.0,0.0,0.29558240006348613,False,1.0,0.0
2025-07-28 00:00:00+00:00,0.0002982676614227131,1.0,2938.755707485778,0.0,0.0,0.0,0.2956705627347107,False,1.0,0.0
2025-07-29 00:00:00+00:00,0.000470128455394736,1.0,2938.755707485778,0.0,0.0,0.0,0.2958095658796748,False,1.0,0.0
2025-07-30 00:00:00+00:00,0.0002980386079214359,1.0,2938.755707485778,0.0,0.0,0.0,0.2958977285508994,False,1.0,0.0
2025-07-31 00:00:00+00:00,0.00029794980737563037,1.0,2938.755707485778,0.0,0.0,0.0,0.29598589122212404,False,1.0,0.0
2025-08-01 00:00:00+00:00,0.00028930529865034416,1.0,2959.85891222124,0.0071298008997411925,1.069470134961179e-05,0.0,0.29607152150878036,True,1.0,1.069470134961179e-05
2025-08-02 00:00:00+00:00,-0.0016125334855181528,0.0,0.0,0.9998237257794286,0.0014997355886691428,0.0,0.2955940962662391,True,0.0,0.0014997355886691428
2025-08-03 00:00:00+00:00,-0.003173999999999899,0.0,0.0,2.001676806974876,0.003002515210462314,0.0,0.29465588060469006,True,0.0,0.003002515210462314
2025-08-04 00:00:00+00:00,-0.0014500000000000624,1.0,2946.558806046901,1.0,0.0015,0.0,0.29422862957781326,True,1.0,0.0015
2025-08-05 00:00:00+00:00,0.00030043563166581855,1.0,2946.558806046901,0.0,0.0,0.0,0.2943170263419947,False,1.0,0.0
2025-08-06 00:00:00+00:00,0.00030034539720680264,1.0,2946.558806046901,0.0,0.0,0.0,0.2944054231061761,False,1.0,0.0
2025-08-07 00:00:00+00:00,0.00030025521693466395,1.0,2946.558806046901,0.0,0.0,0.0,0.29449381987035755,False,1.0,0.0
2025-08-08 00:00:00+00:00,0.00030016509080010856,1.0,2946.558806046901,0.0,0.0,0.0,0.294582216634539,False,1.0,0.0
2025-08-09 00:00:00+00:00,0.0003000750187545087,1.0,2946.558806046901,0.0,0.0,0.0,0.2946706133987204,False,1.0,0.0
2025-08-10 00:00:00+00:00,0.0002999850007501248,1.0,2946.558806046901,0.0,0.0,0.0,0.2947590101629018,False,1.0,0.0
2025-08-11 00:00:00+00:00,0.00029989503673721885,1.0,2946.558806046901,0.0,0.0,0.0,0.2948474069270832,False,1.0,0.0
2025-08-12 00:00:00+00:00,0.00036476290411258105,1.0,2946.558806046901,0.0,0.0,0.0,0.294954956323504,False,1.0,0.0
2025-08-13 00:00:00+00:00,0.000299695808754219,1.0,2946.558806046901,0.0,0.0,0.0,0.2950433530876854,False,1.0,0.0
2025-08-14 00:00:00+00:00,0.000299606018086207,1.0,2946.558806046901,0.0,0.0,0.0,0.29513174985186685,False,1.0,0.0
2025-08-15 00:00:00+00:00,0.000299516281205614,1.0,2946.558806046901,0.0,0.0,0.0,0.2952201466160483,False,1.0,0.0
2025-08-16 00:00:00+00:00,0.0002565087856756243,1.0,2946.558806046901,0.0,0.0,0.0,0.29529587317736367,False,1.0,0.0
2025-08-17 00:00:00+00:00,-0.0015556211907736817,0.0,0.0,0.9978914553548346,0.001496837183032252,0.0,0.29483650465950095,True,0.0,0.001496837183032252
2025-08-18 00:00:00+00:00,-0.0015280000000000848,1.0,2948.3650465950095,1.0,0.0015,0.0,0.2943859944803812,True,1.0,0.0015
2025-08-19 00:00:00+00:00,-0.001502295507535556,0.0,0.0,1.0015303383570096,0.0015022955075355143,0.0,0.29394373972339194,True,0.0,0.0015022955075355143
2025-08-20 00:00:00+00:00,-0.0012999999999999678,1.0,2939.4373972339195,1.0,0.0015,0.0,0.2935616128617516,True,1.0,0.0015
2025-08-21 00:00:00+00:00,0.00010013016922005846,1.0,2939.4373972339195,0.0,0.0,0.0,0.2935910072357239,False,1.0,0.0
2025-08-22 00:00:00+00:00,-0.0027998498197836508,1.0,2931.5009162613883,2.0012014417300756,0.003001802162595114,0.0,0.29276899650702487,True,1.0,0.003001802162595114
2025-08-23 00:00:00+00:00,0.0003003905076601754,1.0,2931.5009162613883,0.0,0.0,0.0,0.2928569415345127,False,1.0,0.0
2025-08-24 00:00:00+00:00,0.00030030030030037125,1.0,2931.5009162613883,0.0,0.0,0.0,0.2929448865620005,False,1.0,0.0
2025-08-25 00:00:00+00:00,0.0003002101471030194,1.0,2931.5009162613883,0.0,0.0,0.0,0.29303283158948834,False,1.0,0.0
2025-08-26 00:00:00+00:00,0.00030012004801927006,1.0,2931.5009162613883,0.0,0.0,0.0,0.29312077661697616,False,1.0,0.0
2025-08-27 00:00:00+00:00,0.00030003000300005134,1.0,2931.5009162613883,0.0,0.0,0.0,0.293208721644464,False,1.0,0.0
2025-08-28 00:00:00+00:00,0.00029994001199762366,1.0,2931.5009162613883,0.0,0.0,0.0,0.2932966666719518,False,1.0,0.0
2025-08-29 00:00:00+00:00,0.00029985007496247107,1.0,2931.5009162613883,0.0,0.0,0.0,0.2933846116994397,False,1.0,0.0
2025-08-30 00:00:00+00:00,0.0002997601918464099,1.0,2931.5009162613883,0.0,0.0,0.0,0.2934725567269275,False,1.0,0.0
2025-08-31 00:00:00+00:00,0.0002986714613926189,1.0,2931.5009162613883,0.0,0.0,0.0,0.29356020860432375,False,1.0,0.0
2025-09-01 00:00:00+00:00,0.0002979044317001911,1.0,2935.6020860432373,0.0013970455332986715,2.095568299948007e-06,0.0,0.2936476614914378,True,1.0,2.095568299948007e-06
2025-09-02 00:00:00+00:00,0.0002999106552867836,1.0,2935.6020860432373,0.0,0.0,0.0,0.29373572955401916,False,1.0,0.0
2025-09-03 00:00:00+00:00,0.0002938243211365599,1.0,2935.6020860432373,0.0,0.0,0.0,0.29382203625534886,False,1.0,0.0
2025-09-04 00:00:00+00:00,0.0002997326671061451,1.0,2935.6020860432373,0.0,0.0,0.0,0.2939101043179302,False,1.0,0.0
2025-09-05 00:00:00+00:00,0.00020675356950450308,1.0,2935.6020860432373,0.0,0.0,0.0,0.2939708712811113,False,1.0,0.0
2025-09-06 00:00:00+00:00,0.00029958091493065275,1.0,2935.6020860432373,0.0,0.0,0.0,0.2940589393436927,False,1.0,0.0
2025-09-07 00:00:00+00:00,0.000296496281154246,1.0,2935.6020860432373,0.0,0.0,0.0,0.2941461267256482,False,1.0,0.0
2025-09-08 00:00:00+00:00,0.00029940242138071227,1.0,2935.6020860432373,0.0,0.0,0.0,0.2942341947882296,False,1.0,0.0
2025-09-09 00:00:00+00:00,0.0002394502451210645,1.0,2935.6020860432373,0.0,0.0,0.0,0.29430464923829464,False,1.0,0.0
2025-09-10 00:00:00+00:00,0.00029924115303403553,1.0,2935.6020860432373,0.0,0.0,0.0,0.29439271730087596,False,1.0,0.0
2025-09-11 00:00:00+00:00,-0.001449888255470877,0.0,0.0,0.9971263770749411,0.0014956895656124116,0.0,0.2939658807575653,True,0.0,0.0014956895656124116
2025-09-12 00:00:00+00:00,-0.0013299999999998313,1.0,2939.658807575653,1.0,0.0015000000000000002,0.0,0.2935749061361577,True,1.0,0.0015000000000000002
2025-09-13 00:00:00+00:00,-0.0029488914255961785,1.0,2931.1955298686426,2.001380904266984,0.0030020713564004762,0.0,0.2927091856126826,True,1.0,0.0030020713564004762
2025-09-14 00:00:00+00:00,0.0002413378730221627,1.0,2931.1955298686426,0.0,0.0,0.0,0.29277982742495245,False,1.0,0.0
2025-09-15 00:00:00+00:00,-0.0014096337655343794,0.0,0.0,1.0010681397050654,0.0015016022095575982,0.0,0.29236711509434693,True,0.0,0.0015016022095575982
2025-09-16 00:00:00+00:00,-0.0014049999999998786,1.0,2923.6711509434695,1.0,0.0014999999999999998,0.0,0.2919563392976394,True,1.0,0.0014999999999999998
2025-09-17 00:00:00+00:00,-0.0028870270379884877,1.0,2915.1778862499787,2.001406976802407,0.003002110465203611,0.0,0.291113453452175,True,1.0,0.003002110465203611
2025-09-18 00:00:00+00:00,0.0002914041775941012,1.0,2915.1778862499787,0.0,0.0,0.0,0.2911982851286648,False,1.0,0.0
2025-09-19 00:00:00+00:00,0.000300329160759949,1.0,2915.1778862499787,0.0,0.0,0.0,0.29128574046525224,False,1.0,0.0
2025-09-20 00:00:00+00:00,0.0003002389902360125,1.0,2915.1778862499787,0.0,0.0,0.0,0.2913731958018397,False,1.0,0.0
2025-09-21 00:00:00+00:00,0.00015607741439738199,1.0,2915.1778862499787,0.0,0.0,0.0,0.2914186725768651,False,1.0,0.0
2025-09-22 00:00:00+00:00,-0.002798559510233334,1.0,2909.8139589392763,2.000340115639318,0.0030005101734589773,0.0,0.29060312007926553,True,1.0,0.0030005101734589773
2025-09-23 00:00:00+00:00,0.00022829678582159119,1.0,2909.8139589392763,0.0,0.0,0.0,0.29066946383752934,False,1.0,0.0
2025-09-24 00:00:00+00:00,0.0002062210689859345,1.0,2909.8139589392763,0.0,0.0,0.0,0.2907294060050835,False,1.0,0.0
2025-09-25 00:00:00+00:00,-0.0029081934955671462,1.0,2902.903150786796,2.0008757662955086,0.0030013136494432624,0.0,0.28988390863756947,True,1.0,0.0030013136494432624
2025-09-26 00:00:00+00:00,0.00020428600040078848,1.0,2902.903150786796,0.0,0.0,0.0,0.28994312786184556,False,1.0,0.0
2025-09-27 00:00:00+00:00,-0.001624943432345094,0.0,0.0,1.0013207420587753,0.001501981113088163,0.0,0.28947198668047286,True,0.0,0.001501981113088163
2025-09-28 00:00:00+00:00,0.0,0.0,0.0,0.0,0.0,0.0,0.28947198668047286,False,0.0,0.0
2025-09-29 00:00:00+00:00,0.0,0.0,0.0,0.0,0.0,0.0,0.28947198668047286,False,0.0,0.0
2025-09-30 00:00:00+00:00,0.0,0.0,0.0,0.0,0.0,0.0,0.28947198668047286,False,0.0,0.0
2025-10-01 00:00:00+00:00,-0.0013560000000000239,1.0,2894.7198668047286,1.0,0.0015,0.0,0.2890794626665341,True,1.0,0.0015
2025-10-02 00:00:00+00:00,-0.00152106256083262,0.0,0.0,1.0013768932281888,0.0015020653398422831,0.0,0.28863975471876646,True,0.0,0.0015020653398422831
2025-10-03 00:00:00+00:00,-0.0013620000000000854,1.0,2886.3975471876647,1.0,0.0015,0.0,0.28824662737283946,True,1.0,0.0015
2025-10-04 00:00:00+00:00,0.0003004091572720302,1.0,2886.3975471876647,0.0,0.0,0.0,0.28833321929925504,False,1.0,0.0
2025-10-05 00:00:00+00:00,0.0003003189387127403,1.0,2886.3975471876647,0.0,0.0,0.0,0.2884198112256706,False,1.0,0.0
2025-10-06 00:00:00+00:00,0.00030022877432567263,1.0,2886.3975471876647,0.0,0.0,0.0,0.2885064031520862,False,1.0,0.0
2025-10-07 00:00:00+00:00,0.0003001386640628656,1.0,2886.3975471876647,0.0,0.0,0.0,0.2885929950785018,False,1.0,0.0
2025-10-08 00:00:00+00:00,0.0003000486078741371,1.0,2886.3975471876647,0.0,0.0,0.0,0.28867958700491736,False,1.0,0.0
2025-10-09 00:00:00+00:00,0.00029195970955964157,1.0,2886.3975471876647,0.0,0.0,0.0,0.2887638698132952,False,1.0,0.0
2025-10-10 00:00:00+00:00,0.0002998710554462658,1.0,2886.3975471876647,0.0,0.0,0.0,0.2888504617397108,False,1.0,0.0
2025-10-11 00:00:00+00:00,-0.0016248138858633299,0.0,0.0,0.9993963645957856,0.0014990945468936784,0.0,0.288381133498538,True,0.0,0.0014990945468936784
2025-10-12 00:00:00+00:00,-0.0012720000000000509,1.0,2883.81133498538,1.0,0.0015,0.0,0.2880143126967279,True,1.0,0.0015
2025-10-13 00:00:00+00:00,-0.001481884957666324,0.0,0.0,1.001253569468975,0.0015018803542034627,0.0,0.28758750861915006,True,0.0,0.0015018803542034627
2025-10-14 00:00:00+00:00,-0.0030890000000002305,0.0,0.0,2.0015915289394846,0.003002387293409228,0.0,0.28669915080502545,True,0.0,0.003002387293409228
2025-10-15 00:00:00+00:00,-0.0012780000000001124,1.0,2866.9915080502547,1.0,0.0015,0.0,0.2863327492902966,True,1.0,0.0015
2025-10-16 00:00:00+00:00,0.00014818938603511356,1.0,2866.9915080502547,0.0,0.0,0.0,0.28637518076461577,False,1.0,0.0
2025-10-17 00:00:00+00:00,0.0003003393835032675,1.0,2866.9915080502547,0.0,0.0,0.0,0.2864611905098572,False,1.0,0.0
2025-10-18 00:00:00+00:00,-0.001507251018345257,0.0,0.0,1.0008366994807663,0.0015012550492211495,0.0,0.28602942158874484,True,0.0,0.0015012550492211495
2025-10-19 00:00:00+00:00,-0.003018999999999994,0.0,0.0,2.0015213108712135,0.00300228196630682,0.0,0.28516589876496845,True,0.0,0.00300228196630682
2025-10-20 00:00:00+00:00,-0.003042999999999907,0.0,0.0,2.001545384528327,0.0030023180767924907,0.0,0.2842981389350267,True,0.0,0.0030023180767924907
2025-10-21 00:00:00+00:00,-0.003002999999999978,0.0,0.0,2.0015052624094016,0.0030022578936141023,0.0,0.2834443916238048,True,0.0,0.0030022578936141023
2025-10-22 00:00:00+00:00,-0.0012720000000000509,1.0,2834.443916238048,1.0,0.0015,0.0,0.2830838503576594,True,1.0,0.0015
2025-10-23 00:00:00+00:00,0.00030038208601346206,1.0,2834.443916238048,0.0,0.0,0.0,0.2831688836751466,False,1.0,0.0
2025-10-24 00:00:00+00:00,0.0001621576172043948,1.0,2834.443916238048,0.0,0.0,0.0,0.2832148016665897,False,1.0,0.0
2025-10-25 00:00:00+00:00,-0.0014141454578208146,0.0,0.0,1.000723523107206,0.001501085284660809,0.0,0.2828142947412252,True,0.0,0.001501085284660809
2025-10-26 00:00:00+00:00,-0.0012520000000000309,1.0,2828.1429474122524,1.0,0.0015,0.0,0.2824602112442092,True,1.0,0.0015
2025-10-27 00:00:00+00:00,0.00023829834953370543,1.0,2828.1429474122524,0.0,0.0,0.0,0.28252752104635764,False,1.0,0.0
2025-10-28 00:00:00+00:00,0.00020721011105240272,1.0,2828.1429474122524,0.0,0.0,0.0,0.28258606360536903,False,1.0,0.0
2025-10-29 00:00:00+00:00,-0.0014431646338595172,0.0,0.0,1.0007495614215047,0.0015011243421322574,0.0,0.2821782453923522,True,0.0,0.0015011243421322574
2025-10-30 00:00:00+00:00,-0.0030000000000001137,0.0,0.0,2.00150225338007,0.0030022533800701055,0.0,0.2813317106561751,True,0.0,0.0030022533800701055
2025-10-31 00:00:00+00:00,-0.0011999999999998678,1.0,2813.317106561751,1.0,0.0015,0.0,0.2809941126033877,True,1.0,0.0015
2025-11-01 00:00:00+00:00,0.0002981978374048122,1.0,2809.941126033877,0.001201441730076113,1.8021625951141695e-06,0.0,0.2810779044400895,True,1.0,1.8021625951141695e-06
2025-11-02 00:00:00+00:00,0.0002999105673173741,1.0,2809.941126033877,0.0,0.0,0.0,0.28116220267387054,False,1.0,0.0
2025-11-03 00:00:00+00:00,0.000299820647936766,1.0,2809.941126033877,0.0,0.0,0.0,0.2812465009076515,False,1.0,0.0
2025-11-04 00:00:00+00:00,0.0002857433459444447,1.0,2809.941126033877,0.0,0.0,0.0,0.28132686522385614,False,1.0,0.0
2025-11-05 00:00:00+00:00,0.00029964516084857173,1.0,2809.941126033877,0.0,0.0,0.0,0.2814111634576371,False,1.0,0.0
2025-11-06 00:00:00+00:00,0.0001228177142142961,1.0,2809.941126033877,0.0,0.0,0.0,0.2814457257334873,False,1.0,0.0
2025-11-07 00:00:00+00:00,0.0002995186143308626,1.0,2809.941126033877,0.0,0.0,0.0,0.28153002396726834,False,1.0,0.0
2025-11-08 00:00:00+00:00,0.00026948603681353767,1.0,2809.941126033877,0.0,0.0,0.0,0.28160589237767125,False,1.0,0.0
2025-11-09 00:00:00+00:00,0.00022750467730836554,1.0,2809.941126033877,0.0,0.0,0.0,0.2816699590353448,False,1.0,0.0
2025-11-10 00:00:00+00:00,0.00020750091923793512,1.0,2809.941126033877,0.0,0.0,0.0,0.2817284058107663,False,1.0,0.0
2025-11-11 00:00:00+00:00,0.0002992180839500591,1.0,2809.941126033877,0.0,0.0,0.0,0.28181270404454734,False,1.0,0.0
2025-11-12 00:00:00+00:00,0.00029912857926972514,1.0,2809.941126033877,0.0,0.0,0.0,0.2818970022783283,False,1.0,0.0
2025-11-13 00:00:00+00:00,0.00021032418677791043,1.0,2809.941126033877,0.0,0.0,0.0,0.28195629203608763,False,1.0,0.0
2025-11-14 00:00:00+00:00,0.000298976246184246,1.0,2809.941126033877,0.0,0.0,0.0,0.28204059026986866,False,1.0,0.0
2025-11-15 00:00:00+00:00,0.0002988868861051319,1.0,2809.941126033877,0.0,0.0,0.0,0.28212488850364964,False,1.0,0.0
2025-11-16 00:00:00+00:00,0.00015238676550777264,1.0,2809.941126033877,0.0,0.0,0.0,0.282167880602878,False,1.0,0.0
2025-11-17 00:00:00+00:00,0.00029875205356777457,1.0,2809.941126033877,0.0,0.0,0.0,0.282252178836659,False,1.0,0.0
2025-11-18 00:00:00+00:00,0.00029866282743484796,1.0,2809.941126033877,0.0,0.0,0.0,0.28233647707044,False,1.0,0.0
2025-11-19 00:00:00+00:00,0.00011445323425673948,1.0,2809.941126033877,0.0,0.0,0.0,0.2823687913933894,False,1.0,0.0
2025-11-20 00:00:00+00:00,-0.002790756922209092,1.0,2819.473002244843,1.9951316192443997,0.0029926974288665992,0.0,0.2815807687341925,True,1.0,0.0029926974288665992
2025-11-21 00:00:00+00:00,0.0003003905076601754,1.0,2819.473002244843,0.0,0.0,0.0,0.28166535292425987,False,1.0,0.0
2025-11-22 00:00:00+00:00,-0.0014584584584584892,0.0,0.0,1.000957916726307,0.0015014368750894604,0.0,0.2812545557078328,True,0.0,0.0015014368750894604
2025-11-23 00:00:00+00:00,-0.003069999999999906,0.0,0.0,2.0015724687759784,0.0030023587031639673,0.0,0.28039110422180974,True,0.0,0.0030023587031639673
2025-11-24 00:00:00+00:00,0.0,0.0,0.0,0.0,0.0,0.0,0.28039110422180974,False,0.0,0.0
2025-11-25 00:00:00+00:00,0.0,0.0,0.0,0.0,0.0,0.0,0.28039110422180974,False,0.0,0.0
2025-11-26 00:00:00+00:00,-0.003082999999999947,0.0,0.0,2.001585509862112,0.0030023782647931674,0.0,0.2795266584474939,True,0.0,0.0030023782647931674
2025-11-27 00:00:00+00:00,-0.00308200000000014,0.0,0.0,2.001584506689583,0.003002376760034374,0.0,0.2786651572861587,True,0.0,0.003002376760034374
2025-11-28 00:00:00+00:00,-0.0030520000000001657,0.0,0.0,2.0015544124481197,0.003002331618672179,0.0,0.2778146712261213,True,0.0,0.003002331618672179
2025-11-29 00:00:00+00:00,-0.0030210000000001624,0.0,0.0,2.001523316965104,0.0030022849754476563,0.0,0.27697539310434716,True,0.0,0.0030022849754476563
2025-11-30 00:00:00+00:00,-0.0044456608990002255,1.0,2761.425280972823,3.0015092744766365,0.004502263911714955,0.0,0.27574405442923794,True,1.0,0.004502263911714955
2025-12-01 00:00:00+00:00,-0.0030089119932078523,1.0,2752.997845351593,2.00155626524553,0.0030023343978682945,0.0,0.27491436483681003,True,1.0,0.0030023343978682945
2025-12-02 00:00:00+00:00,-0.001502102944121786,0.0,0.0,1.001401962747847,0.0015021029441217705,0.0,0.2745014151600073,True,0.0,0.0015021029441217705
2025-12-03 00:00:00+00:00,-0.0014700000000000824,1.0,2745.014151600073,1.0,0.0014999999999999998,0.0,0.2740978980797221,True,1.0,0.0014999999999999998
2025-12-04 00:00:00+00:00,9.914574424407796e-05,1.0,2745.014151600073,0.0,0.0,0.0,0.2741250737198229,False,1.0,0.0
2025-12-05 00:00:00+00:00,6.609061022677665e-05,1.0,2745.014151600073,0.0,0.0,0.0,0.2741431908132235,False,1.0,0.0
2025-12-06 00:00:00+00:00,-0.002988723639349322,1.0,2737.314386904835,2.001306705250352,0.0030019600578755274,0.0,0.27332385257827335,True,1.0,0.0030019600578755274
2025-12-07 00:00:00+00:00,-0.002951057084999542,1.0,2729.1325542023765,2.001491220427216,0.003002236830640824,0.0,0.2725172582866229,True,1.0,0.003002236830640824
2025-12-08 00:00:00+00:00,9.313513908670856e-05,1.0,2729.1325542023765,0.0,0.0,0.0,0.27254263921937694,False,1.0,0.0
2025-12-09 00:00:00+00:00,-0.0015260724063279607,0.0,0.0,1.0013839125671677,0.0015020758688507516,0.0,0.2721267194181165,True,0.0,0.0015020758688507516
2025-12-10 00:00:00+00:00,-0.0030320000000001457,0.0,0.0,2.0015343506251577,0.0030023015259377367,0.0,0.2713016312048407,True,0.0,0.0030023015259377367
2025-12-11 00:00:00+00:00,-0.0030560000000001697,0.0,0.0,2.0015584249091587,0.003002337637363738,0.0,0.27047253341987865,True,0.0,0.003002337637363738
2025-12-12 00:00:00+00:00,-0.0014479999999998938,1.0,2704.7253341987866,1.0,0.0015000000000000002,0.0,0.27008088919148665,True,1.0,0.0015000000000000002
2025-12-13 00:00:00+00:00,-0.00012818561276739526,1.0,2704.7253341987866,0.0,0.0,0.0,0.27004626870720894,False,1.0,0.0
2025-12-14 00:00:00+00:00,-0.0030250766207544633,1.0,2696.405599070791,2.0015784876966096,0.0030023677315449146,0.0,0.2692293580532208,True,1.0,0.0030023677315449146
2025-12-15 00:00:00+00:00,-0.003043971456471062,1.0,2688.248972133602,2.001527329176995,0.003002290993765492,0.0,0.2684098315720628,True,1.0,0.003002290993765492
2025-12-16 00:00:00+00:00,-0.0029311697621126065,1.0,2680.0659422624276,2.001546387622489,0.0030023195814337334,0.0,0.267623076789905,True,1.0,0.0030023195814337334
2025-12-17 00:00:00+00:00,-0.0028581096569191278,1.0,2672.2106689856564,2.001433050695545,0.003002149576043318,0.0,0.2668581806897174,True,1.0,0.003002149576043318
2025-12-18 00:00:00+00:00,0.0002223018859610626,1.0,2672.2106689856564,0.0,0.0,0.0,0.26691750376656886,False,1.0,0.0
2025-12-19 00:00:00+00:00,0.00027831616716600394,1.0,2672.2106689856564,0.0,0.0,0.0,0.26699179122316663,False,1.0,0.0
2025-12-20 00:00:00+00:00,0.0001551331042035642,1.0,2672.2106689856564,0.0,0.0,0.0,0.2670332104885359,False,1.0,0.0
2025-12-21 00:00:00+00:00,0.0002171526583187866,1.0,2672.2106689856564,0.0,0.0,0.0,0.26709119746005283,False,1.0,0.0
2025-12-22 00:00:00+00:00,0.00021110259586154534,1.0,2672.2106689856564,0.0,0.0,0.0,0.2671475811051685,False,1.0,0.0
2025-12-23 00:00:00+00:00,0.00018205006376748045,1.0,2672.2106689856564,0.0,0.0,0.0,0.26719621533934407,False,1.0,0.0
2025-12-24 00:00:00+00:00,-0.0014931388619141561,0.0,0.0,1.0000860073966362,0.0015001290110949544,0.0,0.2667972542864645,True,0.0,0.0015001290110949544
2025-12-25 00:00:00+00:00,-0.002926999999999902,0.0,0.0,2.001429039238994,0.0030021435588584913,0.0,0.26601633872316804,True,0.0,0.0030021435588584913
2025-12-26 00:00:00+00:00,-0.0012130000000002417,1.0,2660.1633872316806,1.0,0.0015,0.0,0.26569366090429686,True,1.0,0.0015
2025-12-27 00:00:00+00:00,0.00013516395387580538,1.0,2660.1633872316806,0.0,0.0,0.0,0.2657295731100245,False,1.0,0.0
2025-12-28 00:00:00+00:00,-0.002954457939658761,1.0,2653.249622588265,2.0011002091298336,0.0030016503136947505,0.0,0.26494448626294737,True,1.0,0.0030016503136947505
2025-12-29 00:00:00+00:00,0.0003004308177927406,1.0,2653.249622588265,0.0,0.0,0.0,0.26502408375162506,False,1.0,0.0
2025-12-30 00:00:00+00:00,0.00012614304621449968,1.0,2653.249622588265,0.0,0.0,0.0,0.2650575146968697,False,1.0,0.0
2025-12-31 00:00:00+00:00,-0.002909396391562624,1.0,2646.5952725348147,2.001009017089226,0.0030015135256338385,0.0,0.26428635732005407,True,1.0,0.0030015135256338385
2026-01-01 00:00:00+00:00,0.00029788201363945,1.0,2642.8635732005405,0.001411990907179185,2.1179863607687772e-06,0.0,0.26436508347234994,True,1.0,2.1179863607687772e-06
2026-01-02 00:00:00+00:00,-0.0029293996193617833,1.0,2639.601967729356,1.9997341886608146,0.002999601282991222,0.0,0.2635906524974535,True,1.0,0.002999601282991222
2026-01-03 00:00:00+00:00,0.00027037852994205025,1.0,2639.601967729356,0.0,0.0,0.0,0.26366192175058223,False,1.0,0.0
2026-01-04 00:00:00+00:00,0.0003003393835032675,1.0,2639.601967729356,0.0,0.0,0.0,0.2637411098096141,False,1.0,0.0
2026-01-05 00:00:00+00:00,0.00023719687340495454,1.0,2639.601967729356,0.0,0.0,0.0,0.26380366837624936,False,1.0,0.0
2026-01-06 00:00:00+00:00,-0.001400830692600663,0.0,0.0,1.000493243168882,0.0015007398647533228,0.0,0.2634341241007672,True,0.0,0.0015007398647533228
2026-01-07 00:00:00+00:00,-0.0011999999999997568,1.0,2634.341241007672,1.0,0.0015,0.0,0.26311800315184636,True,1.0,0.0015
2026-01-08 00:00:00+00:00,0.00024329195034056283,1.0,2634.341241007672,0.0,0.0,0.0,0.2631820176440029,False,1.0,0.0
2026-01-09 00:00:00+00:00,-0.0015474809392588273,0.0,0.0,1.0010040070190396,0.0015015060105285595,0.0,0.26277474848814314,True,0.0,0.0015015060105285595
2026-01-10 00:00:00+00:00,-0.001200000000000201,1.0,2627.7474848814313,1.0,0.0015,0.0,0.2624594187899573,True,1.0,0.0015
2026-01-11 00:00:00+00:00,0.0003003604325189091,1.0,2627.7474848814313,0.0,0.0,0.0,0.26253825121450375,False,1.0,0.0
2026-01-12 00:00:00+00:00,0.0002962666399755065,1.0,2627.7474848814313,0.0,0.0,0.0,0.26261603254005617,False,1.0,0.0
2026-01-13 00:00:00+00:00,-0.002941771029702167,1.0,2622.1057110313895,2.000647418880016,0.0030009711283200237,0.0,0.2618434763035945,True,1.0,0.0030009711283200237
2026-01-14 00:00:00+00:00,-0.0014590426597237416,0.0,0.0,1.001358843951242,0.001502038265926863,0.0,0.26146143550149725,True,0.0,0.001502038265926863
2026-01-15 00:00:00+00:00,-0.003074999999999828,0.0,0.0,2.0015774845381475,0.0030023662268072212,0.0,0.2606574415873301,True,0.0,0.0030023662268072212
2026-01-16 00:00:00+00:00,-0.0013039999999998608,1.0,2606.5744158733014,1.0,0.0015,0.0,0.2603175442835003,True,1.0,0.0015
2026-01-17 00:00:00+00:00,0.00012816712993735102,1.0,2606.5744158733014,0.0,0.0,0.0,0.26035090843602343,False,1.0,0.0
2026-01-18 00:00:00+00:00,-4.705533707638487e-05,1.0,2606.5744158733014,0.0,0.0,0.0,0.26033865753626884,False,1.0,0.0
2026-01-19 00:00:00+00:00,-0.0030934428185671603,1.0,2599.4767137388785,2.0012244975605165,0.0030018367463407747,0.0,0.25953331478571784,True,1.0,0.0030018367463407747
2026-01-20 00:00:00+00:00,-0.0029911547466661137,1.0,2591.43393278657,2.001596544892559,0.0030023948173388383,0.0,0.25875701047927857,True,1.0,0.0030023948173388383
2026-01-21 00:00:00+00:00,-0.002841225335975639,1.0,2583.682953893606,2.001493226400563,0.003002239839600845,0.0,0.2580218235052435,True,1.0,0.003002239839600845
2026-01-22 00:00:00+00:00,-0.0014459390042047549,0.0,0.0,1.001286653349554,0.001501929980024331,0.0,0.25764873968670127,True,0.0,0.001501929980024331
2026-01-23 00:00:00+00:00,-0.0012999999999999678,1.0,2576.4873968670126,1.0,0.0015,0.0,0.2573137963251086,True,1.0,0.0015
2026-01-24 00:00:00+00:00,0.00012716531490952754,1.0,2576.4873968670126,0.0,0.0,0.0,0.2573465177150488,False,1.0,0.0
2026-01-25 00:00:00+00:00,-0.0028437431987721196,1.0,2569.6004460551876,2.00117437754486,0.00300176156631729,0.0,0.25661469030556894,True,1.0,0.00300176156631729
2026-01-26 00:00:00+00:00,-1.902557036670416e-05,1.0,2569.6004460551876,0.0,0.0,0.0,0.25660980806472145,False,1.0,0.0
2026-01-27 00:00:00+00:00,-0.0015020472904568871,0.0,0.0,1.0013648603045953,0.0015020472904568928,0.0,0.2562243679978132,True,0.0,0.0015020472904568928
2026-01-28 00:00:00+00:00,-0.001248000000000249,1.0,2562.2436799781317,1.0,0.0015,0.0,0.25590459998655185,True,1.0,0.0015
2026-01-29 00:00:00+00:00,0.0002463073916245673,1.0,2562.2436799781317,0.0,0.0,0.0,0.25596763118107935,False,1.0,0.0
2026-01-30 00:00:00+00:00,3.503510517521846e-05,1.0,2562.2436799781317,0.0,0.0,0.0,0.25597659903395925,False,1.0,0.0
2026-01-31 00:00:00+00:00,-0.0027995000165160766,1.0,2555.922624819625,2.0009679359941064,0.0030014519039911597,0.0,0.25525999254073595,True,1.0,0.0030014519039911597
2026-02-01 00:00:00+00:00,-0.0015589525382997405,0.0,0.0,1.0013606482137662,0.0015020409723206492,0.0,0.2548620543274382,True,0.0,0.0015020409723206492
2026-02-02 00:00:00+00:00,-0.0013170000000000126,1.0,2548.620543274382,1.0,0.0015,0.0,0.25452640100188895,True,1.0,0.0015
2026-02-03 00:00:00+00:00,-0.0016221363535777744,0.0,0.0,1.0014390679406306,0.0015021586019109462,0.0,0.25411352447387847,True,0.0,0.0015021586019109462
2026-02-04 00:00:00+00:00,-0.0013390000000000901,1.0,2541.135244738785,1.0,0.0015,0.0,0.25377326646460796,True,1.0,0.0015
2026-02-05 00:00:00+00:00,0.000221296315766617,1.0,2541.135244738785,0.0,0.0,0.0,0.2538294255535167,False,1.0,0.0
2026-02-06 00:00:00+00:00,0.00013314886042592455,1.0,2541.135244738785,0.0,0.0,0.0,0.2538632226522716,False,1.0,0.0
2026-02-07 00:00:00+00:00,-0.0015014789567724396,0.0,0.0,1.0009859711816143,0.0015014789567724214,0.0,0.2534820523655608,True,0.0,0.0015014789567724214
2026-02-08 00:00:00+00:00,-0.0013739999999998753,1.0,2534.820523655608,1.0,0.0015,0.0,0.25313376802561055,True,1.0,0.0015
2026-02-09 00:00:00+00:00,3.304540438575643e-05,1.0,2534.820523655608,0.0,0.0,0.0,0.25314213293333865,False,1.0,0.0
2026-02-10 00:00:00+00:00,-0.0015020142010436777,0.0,0.0,1.0013428006957328,0.0015020142010435992,0.0,0.2527619098547903,True,0.0,0.0015020142010435992
2026-02-11 00:00:00+00:00,-0.004469581056000038,1.0,2520.0311860140623,3.001504259397615,0.004502256389096423,0.0,0.25163217001082494,True,1.0,0.004502256389096423
2026-02-12 00:00:00+00:00,-0.0014901935649275222,0.0,0.0,1.0014621347166865,0.0015021932020750296,0.0,0.251257189370346,True,0.0,0.0015021932020750296
2026-02-13 00:00:00+00:00,-0.001575000000000104,1.0,2512.5718937034603,1.0,0.0015,0.0,0.25086145929708775,True,1.0,0.0015
2026-02-14 00:00:00+00:00,-0.0015023662268071059,0.0,0.0,1.0015774845381475,0.0015023662268072214,0.0,0.2504845735130322,True,0.0,0.0015023662268072214
2026-02-15 00:00:00+00:00,-0.001487000000000016,1.0,2504.8457351303223,1.0,0.0015,0.0,0.25011210295221836,True,1.0,0.0015
2026-02-16 00:00:00+00:00,-0.002862187779227754,1.0,2497.363760919488,2.0014892144619045,0.0030022338216928574,0.0,0.24939623514771156,True,1.0,0.0030022338216928574
2026-02-17 00:00:00+00:00,5.307228445161627e-05,1.0,2497.363760919488,0.0,0.0,0.0,0.24940947117564446,False,1.0,0.0
2026-02-18 00:00:00+00:00,0.0001862437931252625,1.0,2497.363760919488,0.0,0.0,0.0,0.24945592214159756,False,1.0,0.0
2026-02-19 00:00:00+00:00,0.00020723272234679513,1.0,2497.363760919488,0.0,0.0,0.0,0.24950761757144854,False,1.0,0.0
2026-02-20 00:00:00+00:00,-0.001440319332508766,0.0,0.0,1.0008557316505615,0.0015012835974758422,0.0,0.2491482469262522,True,0.0,0.0015012835974758422
2026-02-21 00:00:00+00:00,-0.0013710000000001221,1.0,2491.482469262522,1.0,0.0015,0.0,0.24880666467971627,True,1.0,0.0015
2026-02-22 00:00:00+00:00,-0.0015501252216789663,0.0,0.0,1.0014210164223034,0.001502131524633455,0.0,0.24842098319347442,True,0.0,0.001502131524633455
2026-02-23 00:00:00+00:00,-0.00297499999999995,0.0,0.0,2.0014771788387873,0.003002215768258181,0.0,0.24768193076847383,True,0.0,0.003002215768258181
2026-02-24 00:00:00+00:00,-0.0015579999999999483,1.0,2476.8193076847383,1.0,0.0015,0.0,0.24729604232033658,True,1.0,0.0015
2026-02-25 00:00:00+00:00,-0.0015023406467274958,0.0,0.0,1.0015604311517343,0.0015023406467276014,0.0,0.2469245194241839,True,0.0,0.0015023406467276014
2026-02-26 00:00:00+00:00,-0.0014910000000001311,1.0,2469.245194241839,1.0,0.0015,0.0,0.2465563549657224,True,1.0,0.0015
2026-02-27 00:00:00+00:00,-0.001483211468299439,0.0,0.0,1.001474169978208,0.001502211254967312,0.0,0.24619065975245516,True,0.0,0.001502211254967312
2026-02-28 00:00:00+00:00,0.0,0.0,0.0,0.0,0.0,0.0,0.24619065975245516,False,0.0,0.0
2026-03-01 00:00:00+00:00,0.0,0.0,0.0,0.0,0.0,0.0,0.24619065975245516,True,0.0,0.0
2026-03-02 00:00:00+00:00,-0.003005999999999953,0.0,0.0,2.0015082714568138,0.003002262407185221,0.0,0.24545061062923929,True,0.0,0.003002262407185221
2026-03-03 00:00:00+00:00,0.0,0.0,0.0,0.0,0.0,0.0,0.24545061062923929,False,0.0,0.0
2026-03-04 00:00:00+00:00,-0.003051000000000137,0.0,0.0,2.001553409337883,0.003002330114006825,0.0,0.24470174081620943,True,0.0,0.003002330114006825
2026-03-05 00:00:00+00:00,-0.003187000000000162,0.0,0.0,2.001689850778263,0.0030025347761673945,0.0,0.24392187636822815,True,0.0,0.0030025347761673945
2026-03-06 00:00:00+00:00,-0.0012599999999998168,1.0,2439.2187636822814,1.0,0.0015,0.0,0.2436145348040042,True,1.0,0.0015
2026-03-07 00:00:00+00:00,-0.0014638444439990517,0.0,0.0,1.0012234951110255,0.0015018352426665383,0.0,0.2432579210207539,True,0.0,0.0015018352426665383
2026-03-08 00:00:00+00:00,-0.002954000000000012,0.0,0.0,2.001456117194401,0.003002184175791601,0.0,0.24253933712205858,True,0.0,0.003002184175791601
2026-03-09 00:00:00+00:00,-0.003051000000000137,0.0,0.0,2.001553409337883,0.003002330114006825,0.0,0.24179934960449914,True,0.0,0.003002330114006825
2026-03-10 00:00:00+00:00,0.0,0.0,0.0,0.0,0.0,0.0,0.24179934960449914,False,0.0,0.0
2026-03-11 00:00:00+00:00,0.0,0.0,0.0,0.0,0.0,0.0,0.24179934960449914,False,0.0,0.0
2026-03-12 00:00:00+00:00,0.0,0.0,0.0,0.0,0.0,0.0,0.24179934960449914,False,0.0,0.0
2026-03-13 00:00:00+00:00,0.0,0.0,0.0,0.0,0.0,0.0,0.24179934960449914,False,0.0,0.0
2026-03-14 00:00:00+00:00,-0.0014330000000001286,1.0,2417.9934960449914,1.0,0.0015,0.0,0.2414528511365159,True,1.0,0.0015
2026-03-15 00:00:00+00:00,-0.0015021525846539152,0.0,0.0,1.0014350564358725,0.001502152584653809,0.0,0.24109015211210913,True,0.0,0.001502152584653809
2026-03-16 00:00:00+00:00,-0.0014180000000000303,1.0,2410.9015211210913,1.0,0.0015,0.0,0.24074828627641418,True,1.0,0.0015
2026-03-17 00:00:00+00:00,0.0002413422232723228,1.0,2410.9015211210913,0.0,0.0,0.0,0.24080638900307316,False,1.0,0.0
2026-03-18 00:00:00+00:00,-0.0015538288565640768,0.0,0.0,1.0012305122996161,0.0015018457684494245,0.0,0.2404322170869952,True,0.0,0.0015018457684494245
2026-03-19 00:00:00+00:00,-0.0013489999999999336,1.0,2404.322170869952,1.0,0.0015,0.0,0.24010787402614486,True,1.0,0.0015
2026-03-20 00:00:00+00:00,6.108240015767485e-05,1.0,2404.322170869952,0.0,0.0,0.0,0.24012254039138717,False,1.0,0.0
2026-03-21 00:00:00+00:00,-0.004692135810924314,0.0,0.0,3.0029875389865213,0.004504481308479782,0.0,0.23899585282060662,True,0.0,0.004504481308479782
2026-03-22 00:00:00+00:00,0.0,0.0,0.0,0.0,0.0,0.0,0.23899585282060662,False,0.0,0.0
2026-03-23 00:00:00+00:00,-0.0014159999999999728,1.0,2389.958528206066,1.0,0.0015,0.0,0.23865743469301265,True,1.0,0.0015
2026-03-24 00:00:00+00:00,-0.0014480504394224214,0.0,0.0,1.001363857574016,0.0015020457863610239,0.0,0.23831184668983402,True,0.0,0.0015020457863610239
2026-03-25 00:00:00+00:00,-0.001248000000000249,1.0,2383.11846689834,1.0,0.0015,0.0,0.23801443350516507,True,1.0,0.0015
2026-03-26 00:00:00+00:00,0.00028936112268085346,1.0,2383.11846689834,0.0,0.0,0.0,0.2380833056288584,False,1.0,0.0
2026-03-27 00:00:00+00:00,0.00020019198411280748,1.0,2383.11846689834,0.0,0.0,0.0,0.23813096799819636,False,1.0,0.0
2026-03-28 00:00:00+00:00,-0.0016702677332094407,0.0,0.0,1.0009288619839214,0.001501393292975882,0.0,0.23773322552607107,True,0.0,0.001501393292975882
2026-03-29 00:00:00+00:00,0.0,0.0,0.0,0.0,0.0,0.0,0.23773322552607107,False,0.0,0.0
2026-03-30 00:00:00+00:00,0.0,0.0,0.0,0.0,0.0,0.0,0.23773322552607107,False,0.0,0.0
2026-03-31 00:00:00+00:00,-0.0015300000000000313,1.0,2377.3322552607106,1.0,0.0015,0.0,0.23736949369101618,True,1.0,0.0015
2026-04-01 00:00:00+00:00,-0.0015022985167305603,0.0,0.0,1.0015323444870652,0.0015022985167305978,0.0,0.23701289385272709,True,0.0,0.0015022985167305978
2026-04-02 00:00:00+00:00,0.0,0.0,0.0,0.0,0.0,0.0,0.23701289385272709,False,0.0,0.0
2026-04-03 00:00:00+00:00,-0.003090999999999955,0.0,0.0,2.0015935353146856,0.0030023903029720283,0.0,0.2362802869978283,True,0.0,0.0030023903029720283
2026-04-04 00:00:00+00:00,-0.003014000000000072,0.0,0.0,2.001516295671647,0.0030022744435074704,0.0,0.23556813821281686,True,0.0,0.0030022744435074704
2026-04-05 00:00:00+00:00,-0.0030479999999999396,0.0,0.0,2.00155040001923,0.003002325600028845,0.0,0.23485012652754417,True,0.0,0.003002325600028845
2026-04-06 00:00:00+00:00,-0.0015179999999997973,1.0,2348.5012652754417,1.0,0.0015,0.0,0.23449362403547538,True,1.0,0.0015
2026-04-07 00:00:00+00:00,-0.0015022804617409458,0.0,0.0,1.0015203078272816,0.0015022804617409226,0.0,0.23414134884568408,True,0.0,0.0015022804617409226
2026-04-08 00:00:00+00:00,-0.001216000000000217,1.0,2341.4134884568407,1.0,0.0015,0.0,0.2338566329654877,True,1.0,0.0015
2026-04-09 00:00:00+00:00,-0.0015098359605282274,0.0,0.0,1.001225500012015,0.0015018382500180223,0.0,0.23350354781142837,True,0.0,0.0015018382500180223
2026-04-10 00:00:00+00:00,-0.0030249999999999444,0.0,0.0,2.001527329176995,0.003002290993765492,0.0,0.23279719957929884,True,0.0,0.003002290993765492
2026-04-11 00:00:00+00:00,0.0,0.0,0.0,0.0,0.0,0.0,0.23279719957929884,False,0.0,0.0
2026-04-12 00:00:00+00:00,0.0,0.0,0.0,0.0,0.0,0.0,0.23279719957929884,False,0.0,0.0
2026-04-13 00:00:00+00:00,-0.0014090000000001046,1.0,2327.9719957929883,1.0,0.0015,0.0,0.23246918832509159,True,1.0,0.0015
2026-04-14 00:00:00+00:00,-0.0017975327236077199,0.0,0.0,1.0017069085722072,0.0015025603628583107,0.0,0.23205131735184673,True,0.0,0.0015025603628583107
2026-04-15 00:00:00+00:00,0.0,0.0,0.0,0.0,0.0,0.0,0.23205131735184673,False,0.0,0.0
2026-04-16 00:00:00+00:00,-0.0030840000000000867,0.0,0.0,2.00158651303665,0.0030023797695549748,0.0,0.2313356710891336,True,0.0,0.0030023797695549748
2026-04-17 00:00:00+00:00,-0.0030729999999999924,0.0,0.0,2.0015754782272515,0.003002363217340877,0.0,0.2306247765718767,True,0.0,0.003002363217340877
2026-04-18 00:00:00+00:00,0.0,0.0,0.0,0.0,0.0,0.0,0.2306247765718767,False,0.0,0.0
2026-04-19 00:00:00+00:00,0.0,0.0,0.0,0.0,0.0,0.0,0.2306247765718767,False,0.0,0.0
2026-04-20 00:00:00+00:00,-0.0030480000000000507,0.0,0.0,2.00155040001923,0.0030023256000288445,0.0,0.2299218322528856,True,0.0,0.0030023256000288445
2026-04-21 00:00:00+00:00,0.0,0.0,0.0,0.0,0.0,0.0,0.2299218322528856,False,0.0,0.0
2026-04-22 00:00:00+00:00,-0.0030319999999999236,0.0,0.0,2.0015343506251577,0.0030023015259377367,0.0,0.22922470925749486,True,0.0,0.0030023015259377367
2026-04-23 00:00:00+00:00,0.0,0.0,0.0,0.0,0.0,0.0,0.22922470925749486,False,0.0,0.0
2026-04-24 00:00:00+00:00,0.0,0.0,0.0,0.0,0.0,0.0,0.22922470925749486,False,0.0,0.0
2026-04-25 00:00:00+00:00,-0.003086000000000144,0.0,0.0,2.0015885193917553,0.0030023827790876334,0.0,0.22851732180472617,True,0.0,0.0030023827790876334
2026-04-26 00:00:00+00:00,-0.0015040000000000608,1.0,2285.173218047262,1.0,0.0015,0.0,0.22817363175273186,True,1.0,0.0015
2026-04-27 00:00:00+00:00,-0.0030139849774061256,1.0,2278.3085577002475,2.0015062654231963,0.003002259398134795,0.0,0.22748591985438893,True,1.0,0.003002259398134795
2026-04-28 00:00:00+00:00,-0.004583638424574987,0.0,0.0,3.003104815063402,0.004504657222595103,0.0,0.22644320665109458,True,0.0,0.004504657222595103
2026-04-29 00:00:00+00:00,-0.0030049999999999244,0.0,0.0,2.001507268439001,0.003002260902658501,0.0,0.22576274481510805,True,0.0,0.003002260902658501
2026-04-30 00:00:00+00:00,-0.0030049999999998134,0.0,0.0,2.0015072684390005,0.003002260902658501,0.0,0.22508432776693868,True,0.0,0.003002260902658501
2026-05-01 00:00:00+00:00,-0.003015000000000101,0.0,0.0,2.001517298707542,0.003002275948061313,0.0,0.22440569851872133,True,0.0,0.003002275948061313
2026-05-02 00:00:00+00:00,0.0,0.0,0.0,0.0,0.0,0.0,0.22440569851872133,False,0.0,0.0
2026-05-03 00:00:00+00:00,0.0,0.0,0.0,0.0,0.0,0.0,0.22440569851872133,False,0.0,0.0
2026-05-04 00:00:00+00:00,-0.004497577807999864,1.0,2237.2036351544516,3.00155641867462,0.004502334628011931,0.0,0.22339641642907482,True,1.0,0.004502334628011931
2026-05-05 00:00:00+00:00,-0.0015953100088927918,0.0,0.0,1.001543378346031,0.0015023150675190467,0.0,0.22304002988999472,True,0.0,0.0015023150675190467
2026-05-06 00:00:00+00:00,0.0,0.0,0.0,0.0,0.0,0.0,0.22304002988999472,False,0.0,0.0
2026-05-07 00:00:00+00:00,-0.0030720000000001857,0.0,0.0,2.0015744750748174,0.0030023617126122264,0.0,0.22235485091817264,True,0.0,0.0030023617126122264
2026-05-08 00:00:00+00:00,-0.0029970000000000274,0.0,0.0,2.00149924436882,0.00300224886655323,0.0,0.22168845342997087,True,0.0,0.00300224886655323
2026-05-09 00:00:00+00:00,-0.003063000000000038,0.0,0.0,2.0015654467933377,0.0030023481701900072,0.0,0.22100942169711488,True,0.0,0.0030023481701900072
2026-05-10 00:00:00+00:00,-0.0030640000000000667,0.0,0.0,2.0015664499276866,0.0030023496748915303,0.0,0.2203322488290349,True,0.0,0.0030023496748915303
2026-05-11 00:00:00+00:00,-0.0013279999999999959,1.0,2203.322488290349,1.0,0.0015,0.0,0.22003964760258996,True,1.0,0.0015
2026-05-12 00:00:00+00:00,-0.0015140106060850256,0.0,0.0,1.0013417980093327,0.0015020126970139989,0.0,0.21970650524236043,True,0.0,0.0015020126970139989
2026-05-13 00:00:00+00:00,-0.0030010000000000314,0.0,0.0,2.001503256387838,0.003002254884581757,0.0,0.21904716602012814,True,0.0,0.003002254884581757
2026-05-14 00:00:00+00:00,-0.001382999999999801,1.0,2190.4716602012813,1.0,0.0015,0.0,0.21874422378952232,True,1.0,0.0015
2026-05-15 00:00:00+00:00,-0.0016322574120006816,0.0,0.0,1.0015152926377608,0.0015022729389566412,0.0,0.21838717690890952,True,0.0,0.0015022729389566412
2026-05-16 00:00:00+00:00,0.0,0.0,0.0,0.0,0.0,0.0,0.21838717690890952,False,0.0,0.0
2026-05-17 00:00:00+00:00,-0.001475000000000115,1.0,2183.8717690890953,1.0,0.0015,0.0,0.21806505582296887,True,1.0,0.0015
2026-05-18 00:00:00+00:00,-0.0015022157682582638,0.0,0.0,1.0014771788387873,0.0015022157682581811,0.0,0.2177374750576055,True,0.0,0.0015022157682581811
2026-05-19 00:00:00+00:00,-0.0012420000000000764,1.0,2177.374750576055,1.0,0.0015,0.0,0.21746704511358395,True,1.0,0.0015
2026-05-20 00:00:00+00:00,0.00030037306334462777,1.0,2177.374750576055,0.0,0.0,0.0,0.21753236635610124,False,1.0,0.0
2026-05-21 00:00:00+00:00,-4.50424299690555e-05,1.0,2177.374750576055,0.0,0.0,0.0,0.21752256816972362,False,1.0,0.0
2026-05-22 00:00:00+00:00,-0.004509957997543723,0.0,0.0,3.0025032677692156,0.004503754901653823,0.0,0.21654155052376037,True,0.0,0.004503754901653823
2026-05-23 00:00:00+00:00,0.0,0.0,0.0,0.0,0.0,0.0,0.21654155052376037,False,0.0,0.0
2026-05-24 00:00:00+00:00,0.0,0.0,0.0,0.0,0.0,0.0,0.21654155052376037,False,0.0,0.0
2026-05-25 00:00:00+00:00,0.0,0.0,0.0,0.0,0.0,0.0,0.21654155052376037,False,0.0,0.0
2026-05-26 00:00:00+00:00,0.0,0.0,0.0,0.0,0.0,0.0,0.21654155052376037,False,0.0,0.0
2026-05-27 00:00:00+00:00,-0.0031440000000001467,0.0,0.0,2.001646707186615,0.0030024700607799225,0.0,0.2158607438889136,True,0.0,0.0030024700607799225
2026-05-28 00:00:00+00:00,-0.001300000000000301,1.0,2158.607438889136,1.0,0.0015,0.0,0.215580124921858,True,1.0,0.0015
2026-05-29 00:00:00+00:00,0.00025833583658729786,1.0,2158.607438889136,0.0,0.0,0.0,0.2156358169937813,False,1.0,0.0
2026-05-30 00:00:00+00:00,-0.0015135771473876458,0.0,0.0,1.0010551120881412,0.001501582668132212,0.0,0.21530943554902124,True,0.0,0.001501582668132212
2026-05-31 00:00:00+00:00,-0.0030210000000001624,0.0,0.0,2.001523316965104,0.003002284975447656,0.0,0.21465898574422762,True,0.0,0.003002284975447656
2026-06-01 00:00:00+00:00,0.0,0.0,0.0,0.0,0.0,0.0,0.21465898574422762,True,0.0,0.0
2026-06-02 00:00:00+00:00,-0.0030199999999999116,0.0,0.0,2.001522313917154,0.003002283470875731,0.0,0.2140107156072801,True,0.0,0.003002283470875731
2026-06-03 00:00:00+00:00,-0.0013740000000000974,1.0,2140.107156072801,1.0,0.0015,0.0,0.2137166648840357,True,1.0,0.0015
2026-06-04 00:00:00+00:00,-0.0029149384153829283,1.0,2133.956488106248,2.0013758904735104,0.003002063835710266,0.0,0.21309369396755773,True,1.0,0.003002063835710266
2026-06-05 00:00:00+00:00,-0.0014360319852591008,0.0,0.0,1.0013508222592278,0.0015020262333888417,0.0,0.21278768460716327,True,0.0,0.0015020262333888417
2026-06-06 00:00:00+00:00,-0.003033999999999981,0.0,0.0,2.001536356771287,0.003002304535156931,0.0,0.21214208677206517,True,0.0,0.003002304535156931
2026-06-07 00:00:00+00:00,-0.0015940000000002064,1.0,2121.4208677206516,1.0,0.0015,0.0,0.21180393228575045,True,1.0,0.0015
2026-06-08 00:00:00+00:00,-0.0015023948173389368,0.0,0.0,1.001596544892559,0.0015023948173388385,0.0,0.21148571915559233,True,0.0,0.0015023948173388385
2026-06-09 00:00:00+00:00,0.0,0.0,0.0,0.0,0.0,0.0,0.21148571915559233,False,0.0,0.0
2026-06-10 00:00:00+00:00,-0.001387000000000027,1.0,2114.8571915559232,1.0,0.0015,0.0,0.21119238846312355,True,1.0,0.0015
2026-06-11 00:00:00+00:00,0.0001221694490256553,1.0,2114.8571915559232,0.0,0.0,0.0,0.21121818972086054,False,1.0,0.0
2026-06-12 00:00:00+00:00,-0.0014458289736515306,0.0,0.0,1.0012104634503112,0.0015018156951754668,0.0,0.2109128043423999,True,0.0,0.0015018156951754668
2026-06-13 00:00:00+00:00,-0.0015379999999998173,1.0,2109.128043423999,1.0,0.0015,0.0,0.2105884204493213,True,1.0,0.0015
2026-06-14 00:00:00+00:00,-0.0015023105536313697,0.0,0.0,1.0015403690876568,0.0015023105536314852,0.0,0.21027205124280773,True,0.0,0.0015023105536314852
2026-06-15 00:00:00+00:00,-0.0015249999999999986,1.0,2102.720512428077,1.0,0.0015,0.0,0.20995138636466246,True,1.0,0.0015
2026-06-16 00:00:00+00:00,-0.0015022909937654205,0.0,0.0,1.0015273291769948,0.0015022909937654923,0.0,0.20963597828779826,True,0.0,0.0015022909937654923
2026-06-17 00:00:00+00:00,-0.0015140000000000153,1.0,2096.3597828779825,1.0,0.0015,0.0,0.2093185894166705,True,1.0,0.0015
2026-06-18 00:00:00+00:00,-0.00288519379340324,1.0,2090.041354492388,2.001516295671647,0.0030022744435074704,0.0,0.2087146647216416,True,1.0,0.0030022744435074704
2026-06-19 00:00:00+00:00,0.00017424132423382588,1.0,2090.041354492388,0.0,0.0,0.0,0.20875103144120977,False,1.0,0.0
2026-06-20 00:00:00+00:00,-0.00157590842510269,0.0,0.0,1.0012866533495544,0.0015019299800243316,0.0,0.20842205893201268,True,0.0,0.0015019299800243316
2026-06-21 00:00:00+00:00,-0.003006000000000064,0.0,0.0,2.0015082714568138,0.003002262407185221,0.0,0.207795542222863,True,0.0,0.003002262407185221
2026-06-22 00:00:00+00:00,0.0,0.0,0.0,0.0,0.0,0.0,0.207795542222863,False,0.0,0.0
2026-06-23 00:00:00+00:00,-0.0014900000000002134,1.0,2077.95542222863,1.0,0.0015,0.0,0.2074859268649509,True,1.0,0.0015
2026-06-24 00:00:00+00:00,4.106118116009583e-05,1.0,2077.95542222863,0.0,0.0,0.0,0.20749444648218204,False,1.0,0.0
2026-06-25 00:00:00+00:00,-0.0015021766539716763,0.0,0.0,1.0014511026477368,0.001502176653971605,0.0,0.20718275316884774,True,0.0,0.001502176653971605
2026-06-26 00:00:00+00:00,0.0,0.0,0.0,0.0,0.0,0.0,0.20718275316884774,False,0.0,0.0
2026-06-27 00:00:00+00:00,-0.0030400000000001537,0.0,0.0,2.0015423752578974,0.003002313562886846,0.0,0.20655291759921443,True,0.0,0.003002313562886846
2026-06-28 00:00:00+00:00,0.0,0.0,0.0,0.0,0.0,0.0,0.20655291759921443,False,0.0,0.0
2026-06-29 00:00:00+00:00,-0.0014169999999998906,1.0,2065.5291759921442,1.0,0.0015,0.0,0.20626023211497635,True,1.0,0.0015
2026-06-30 00:00:00+00:00,-0.004501616122044472,0.0,0.0,3.0029252761614122,0.004504387914242118,0.0,0.2053317277287509,True,0.0,0.004504387914242118
2026-07-01 00:00:00+00:00,-0.0030160000000001297,0.0,0.0,2.0015183017454463,0.0030022774526181698,0.0,0.20471244723792098,True,0.0,0.0030022774526181698
2026-07-02 00:00:00+00:00,-0.003003000000000089,0.0,0.0,2.0015052624094016,0.003002257893614102,0.0,0.2040976957588655,True,0.0,0.003002257893614102
2026-07-03 00:00:00+00:00,-0.004406784599999991,1.0,2034.8315759693553,3.0015132865760163,0.004502269929864025,0.0,0.20319828117629984,True,1.0,0.004502269929864025
2026-07-04 00:00:00+00:00,-0.0017314239935909415,0.0,0.0,1.0016316579708344,0.0015024474869562517,0.0,0.20284645879681476,True,0.0,0.0015024474869562517
2026-07-05 00:00:00+00:00,-0.0030049999999999244,0.0,0.0,2.001507268439001,0.0030022609026585014,0.0,0.2022369051881303,True,0.0,0.0030022609026585014
2026-07-06 00:00:00+00:00,-0.0014140000000001374,1.0,2022.3690518813032,1.0,0.0015000000000000002,0.0,0.2019509422041943,True,1.0,0.0015000000000000002
2026-07-07 00:00:00+00:00,-0.0029719128768079806,1.0,2016.475868464121,2.001416002227149,0.003002124003340724,0.0,0.20135076159857418,True,1.0,0.003002124003340724
2026-07-08 00:00:00+00:00,-0.001616379310344973,0.0,0.0,1.0015885193917555,0.0015023827790876332,0.0,0.20102530239340405,True,0.0,0.0015023827790876332
2026-07-09 00:00:00+00:00,-0.0014579999999999593,1.0,2010.2530239340406,1.0,0.0015,0.0,0.20073220750251447,True,1.0,0.0015
2026-07-10 00:00:00+00:00,-0.0015612763409050823,0.0,0.0,1.0015193047853594,0.0015022789571780394,0.0,0.20041880905608314,True,0.0,0.0015022789571780394
2026-07-11 00:00:00+00:00,-0.0029279999999999307,0.0,0.0,2.001430042100119,0.0030021450631501786,0.0,0.19983198278316694,True,0.0,0.0030021450631501786
2026-07-12 00:00:00+00:00,-0.0030730000000001034,0.0,0.0,2.0015754782272515,0.003002363217340877,0.0,0.19921789910007423,True,0.0,0.003002363217340877
2026-07-13 00:00:00+00:00,0.0,0.0,0.0,0.0,0.0,0.0,0.19921789910007423,False,0.0,0.0
2026-07-14 00:00:00+00:00,-0.001402999999999821,1.0,1992.1789910007424,1.0,0.0015,0.0,0.19893839638763686,True,1.0,0.0015
2026-07-15 00:00:00+00:00,-0.002900004506322329,1.0,1986.3956953898676,2.0014049711745576,0.003002107456761837,0.0,0.1983614741416322,True,1.0,0.003002107456761837
2026-07-16 00:00:00+00:00,0.00013819347085930467,1.0,1986.3956953898676,0.0,0.0,0.0,0.19838888640222857,False,1.0,0.0
2026-07-17 00:00:00+00:00,-0.0029197899749483502,1.0,1980.869542565293,2.0012836456337024,0.003001925468450554,0.0,0.19780963252057016,True,1.0,0.003001925468450554
2026-07-18 00:00:00+00:00,-0.0015111155617865135,0.0,0.0,1.001410988082208,0.001502116482123312,0.0,0.19751071930659705,True,0.0,0.001502116482123312
2026-07-19 00:00:00+00:00,0.0,0.0,0.0,0.0,0.0,0.0,0.19751071930659705,False,0.0,0.0
2026-07-20 00:00:00+00:00,-0.0013150000000000661,1.0,1975.1071930659705,1.0,0.0015,0.0,0.19725099271070887,True,1.0,0.0015
2026-07-21 00:00:00+00:00,-0.0014208684420012885,0.0,0.0,1.0012355246374025,0.0015018532869561039,0.0,0.1969707250000128,True,0.0,0.0015018532869561039
2026-07-22 00:00:00+00:00,-0.004418767799999834,1.0,1963.7528249833779,3.001525323067031,0.004502287984600547,0.0,0.19610035710284013,True,1.0,0.004502287984600547
2026-07-23 00:00:00+00:00,6.909673542954131e-05,1.0,1963.7528249833779,0.0,0.0,0.0,0.19611390699733253,False,1.0,0.0
2026-07-24 00:00:00+00:00,-0.004667237823543169,0.0,0.0,3.003005567487344,0.0045045083512310164,0.0,0.19519859675287174,True,0.0,0.0045045083512310164
2026-07-25 00:00:00+00:00,-0.0030609999999998694,0.0,0.0,2.0015634405306684,0.0030023451607960024,0.0,0.19460109384821123,True,0.0,0.0030023451607960024
2026-07-26 00:00:00+00:00,0.0,0.0,0.0,0.0,0.0,0.0,0.19460109384821123,False,0.0,0.0
2026-07-27 00:00:00+00:00,-0.0014119999999999688,1.0,1946.0109384821121,1.0,0.0015,0.0,0.19432631710369752,True,1.0,0.0015
2026-07-28 00:00:00+00:00,-0.0015822341145697028,0.0,0.0,1.0014942293902502,0.0015022413440853755,0.0,0.19401884737541736,True,0.0,0.0015022413440853755
2026-07-29 00:00:00+00:00,-0.0012130000000000196,1.0,1940.1884737541736,1.0,0.0015,0.0,0.19378350251355098,True,1.0,0.0015
2026-07-30 00:00:00+00:00,3.0036434194746775e-05,1.0,1940.1884737541736,0.0,0.0,0.0,0.19378932307897223,False,1.0,0.0
2026-07-31 00:00:00+00:00,-0.0015017766017197953,0.0,0.0,1.0011844011465565,0.0015017766017198348,0.0,0.19349829480790912,True,0.0,0.0015017766017198348
2026-08-01 00:00:00+00:00,0.0,0.0,0.0,0.0,0.0,0.0,0.19349829480790912,True,0.0,0.0
2026-08-02 00:00:00+00:00,-0.0017639999999999878,1.0,1934.982948079091,1.0,0.0015,0.0,0.19315696381586797,True,1.0,0.0015
2026-08-03 00:00:00+00:00,-0.0015026506757920277,0.0,0.0,1.0017671171947315,0.001502650675792097,0.0,0.19286671637365613,True,0.0,0.001502650675792097
2026-08-04 00:00:00+00:00,-0.0011999999999999789,1.0,1928.6671637365612,1.0,0.0015,0.0,0.1926352763140077,True,1.0,0.0015
2026-08-05 00:00:00+00:00,0.0001521826191428488,1.0,1928.6671637365612,0.0,0.0,0.0,0.1926645920548965,False,1.0,0.0
2026-08-06 00:00:00+00:00,0.00010611120454218081,1.0,1928.6671637365612,0.0,0.0,0.0,0.1926850359268321,False,1.0,0.0
2026-08-07 00:00:00+00:00,8.508014549701848e-05,1.0,1928.6671637365612,0.0,0.0,0.0,0.19270142959772385,False,1.0,0.0
2026-08-08 00:00:00+00:00,-0.004562683657894917,0.0,0.0,3.002426191281376,0.004503639286922064,0.0,0.19182219393404532,True,0.0,0.004503639286922064
2026-08-09 00:00:00+00:00,-0.0012750000000000261,1.0,1918.2219393404532,1.0,0.0015,0.0,0.1915776206367794,True,1.0,0.0015
2026-08-10 00:00:00+00:00,0.00030038298831014387,1.0,1918.2219393404532,0.0,0.0,0.0,0.19163516729495964,False,1.0,0.0
2026-08-11 00:00:00+00:00,0.00026525862716142434,1.0,1918.2219393404532,0.0,0.0,0.0,0.19168600017635218,False,1.0,0.0
2026-08-12 00:00:00+00:00,0.0002051456534137852,1.0,1918.2219393404532,0.0,0.0,0.0,0.19172532372610865,False,1.0,0.0
2026-08-13 00:00:00+00:00,0.0003001515765459484,1.0,1918.2219393404532,0.0,0.0,0.0,0.19178287038428887,False,1.0,0.0
2026-08-14 00:00:00+00:00,0.00030006151261030567,1.0,1918.2219393404532,0.0,0.0,0.0,0.1918404170424691,False,1.0,0.0
2026-08-15 00:00:00+00:00,0.00026197511236447646,1.0,1918.2219393404532,0.0,0.0,0.0,0.1918906744572798,False,1.0,0.0
2026-08-16 00:00:00+00:00,0.00024091399370407274,1.0,1918.2219393404532,0.0,0.0,0.0,0.1919369036060179,False,1.0,0.0
2026-08-17 00:00:00+00:00,0.00019888106912069325,1.0,1918.2219393404532,0.0,0.0,0.0,0.19197507622261079,False,1.0,0.0
2026-08-18 00:00:00+00:00,-0.0015747449282922377,0.0,0.0,0.9992795194664645,0.001498919279199697,0.0,0.19167276444497072,True,0.0,0.001498919279199697
2026-08-19 00:00:00+00:00,-0.001507000000000036,1.0,1916.7276444497072,1.0,0.0015,0.0,0.19138391358895215,True,1.0,0.0015
2026-08-20 00:00:00+00:00,-0.00280031096862976,1.0,1910.9640444228469,2.0015092744766365,0.0030022639117149546,0.0,0.19084797911650972,True,1.0,0.0030022639117149546
2026-08-21 00:00:00+00:00,-0.002978841894462847,1.0,1905.4623789389534,2.001380904266984,0.0030020713564004762,0.0,0.19027947316084387,True,1.0,0.0030020713564004762
2026-08-22 00:00:00+00:00,0.0003004205888244016,1.0,1905.4623789389534,0.0,0.0,0.0,0.190336637032212,False,1.0,0.0
2026-08-23 00:00:00+00:00,0.00030033036339971453,1.0,1905.4623789389534,0.0,0.0,0.0,0.19039380090358018,False,1.0,0.0
2026-08-24 00:00:00+00:00,0.000300240192153467,1.0,1905.4623789389534,0.0,0.0,0.0,0.19045096477494833,False,1.0,0.0
2026-08-25 00:00:00+00:00,0.0002871435717857196,1.0,1905.4623789389534,0.0,0.0,0.0,0.19050565154522386,False,1.0,0.0
2026-08-26 00:00:00+00:00,0.00030006391361370177,1.0,1905.4623789389534,0.0,0.0,0.0,0.19056281541659204,False,1.0,0.0
2026-08-27 00:00:00+00:00,0.000299973902270656,1.0,1905.4623789389534,0.0,0.0,0.0,0.19061997928796018,False,1.0,0.0
2026-08-28 00:00:00+00:00,0.000299883944913093,1.0,1905.4623789389534,0.0,0.0,0.0,0.19067714315932832,False,1.0,0.0
2026-08-29 00:00:00+00:00,0.0002997940414934952,1.0,1905.4623789389534,0.0,0.0,0.0,0.1907343070306965,False,1.0,0.0
2026-08-30 00:00:00+00:00,0.0002997041919625687,1.0,1905.4623789389534,0.0,0.0,0.0,0.19079147090206464,False,1.0,0.0
2026-08-31 00:00:00+00:00,0.0002996143962719078,1.0,1905.4623789389534,0.0,0.0,0.0,0.19084863477343278,False,1.0,0.0
2026-09-01 00:00:00+00:00,0.00029762327186722004,1.0,1908.4863477343279,0.0015844854216349948,2.3767281324524922e-06,0.0,0.1909054357685455,True,1.0,2.3767281324524922e-06
2026-09-02 00:00:00+00:00,0.00029991073958446357,1.0,1908.4863477343279,0.0,0.0,0.0,0.1909626903589775,False,1.0,0.0
2026-09-03 00:00:00+00:00,0.0002998208201003827,1.0,1908.4863477343279,0.0,0.0,0.0,0.19101994494940952,False,1.0,0.0
2026-09-04 00:00:00+00:00,0.00029973095451962806,1.0,1908.4863477343279,0.0,0.0,0.0,0.19107719953984154,False,1.0,0.0
2026-09-05 00:00:00+00:00,-0.0014802272454031984,0.0,0.0,0.9987858526738779,0.001498178779010817,0.0,0.1907943618631073,True,0.0,0.001498178779010817
2026-09-06 00:00:00+00:00,-0.0012999999999999678,1.0,1907.9436186310732,1.0,0.0015,0.0,0.19054632919268527,True,1.0,0.0015
2026-09-07 00:00:00+00:00,0.00030039050765995334,1.0,1907.9436186310732,0.0,0.0,0.0,0.1906035675012442,False,1.0,0.0
2026-09-08 00:00:00+00:00,0.0002662662662664683,1.0,1907.9436186310732,0.0,0.0,0.0,0.19065431880149974,False,1.0,0.0
2026-09-09 00:00:00+00:00,0.00030022036174526257,1.0,1907.9436186310732,0.0,0.0,0.0,0.19071155711005866,False,1.0,0.0
2026-09-10 00:00:00+00:00,-0.001200521026125223,1.0,1907.9436186310732,1.0001340179584068,0.0015002010269376106,0.0,0.19048260387582291,False,1.0,0.0015002010269376106
