date,net_return,equity
2014-02-25 00:00:00+00:00,-0.00015997464440272704,9998.400253555972
2014-02-26 00:00:00+00:00,-0.0008096203978003258,9990.305344765322
2014-02-27 00:00:00+00:00,0.0004882812883662879,9995.183423930237
2014-02-28 00:00:00+00:00,0.000688981598895555,10002.069921386908
2014-03-03 00:00:00+00:00,-0.0004103975929738102,9997.965095966416
2014-03-04 00:00:00+00:00,-0.0006097021693497129,9991.869314958323
2014-03-05 00:00:00+00:00,0.000688118480769001,9998.744904891375
2014-03-06 00:00:00+00:00,0.0008901248656039473,10007.64503635605
2014-03-07 00:00:00+00:00,-0.0003110557560906613,10004.532100762579
2014-03-10 00:00:00+00:00,-0.00031061268974693637,10001.424566137102
2014-03-11 00:00:00+00:00,-0.00031030524554739316,9998.321071631282
2014-03-12 00:00:00+00:00,9.00784518456987e-05,9999.221704914471
2014-03-13 00:00:00+00:00,0.0015607354683044084,10014.82784488477
2014-03-14 00:00:00+00:00,0.00038068062011659685,10018.640295759122
2014-03-17 00:00:00+00:00,-0.00034662990135608254,10015.167535461682
2014-03-18 00:00:00+00:00,0.0004007819769541232,10019.18143410607
2014-03-19 00:00:00+00:00,-0.0049945338314251134,9969.140293470242
2014-03-20 00:00:00+00:00,0.00020564446762486586,9971.19039201857
2014-03-21 00:00:00+00:00,0.0005583948726516408,9976.758253607708
2014-03-24 00:00:00+00:00,-0.0012816613353361596,9963.971428302062
2014-03-25 00:00:00+00:00,0.0015268511324744215,9979.184929361309
2014-03-26 00:00:00+00:00,-0.001508302444920834,9964.133300334035
2014-03-27 00:00:00+00:00,-0.0004335017592169921,9959.813831019268
2014-03-28 00:00:00+00:00,0.0003001815066108526,9962.803582940625
2014-03-31 00:00:00+00:00,0.0026856237725206068,9989.559925083924
2014-04-01 00:00:00+00:00,0.0016003742667342112,10005.546959724028
2014-04-02 00:00:00+00:00,-0.00030752912976741433,10002.469962574656
2014-04-03 00:00:00+00:00,-0.0024802878063037883,9977.660958293562
2014-04-04 00:00:00+00:00,-0.0016118950281867773,9961.578016201955
2014-04-07 00:00:00+00:00,-0.0031559961789825344,9930.139314046184
2014-04-08 00:00:00+00:00,0.0025317456254412393,9955.279900814543
2014-04-09 00:00:00+00:00,0.0029297878332289026,9984.446758744338
2014-04-10 00:00:00+00:00,-0.005450908513726388,9930.022452902249
2014-04-11 00:00:00+00:00,-0.0011907896389374503,9918.197885050917
2014-04-14 00:00:00+00:00,-0.0006414341392064149,9911.83601432804
2014-04-15 00:00:00+00:00,-0.00041890218156045436,9907.683924598368
2014-04-16 00:00:00+00:00,-0.0002483483822704136,9905.223367323648
2014-04-17 00:00:00+00:00,-0.0011550441910838317,9893.782396611834
2014-04-21 00:00:00+00:00,0.0004613278392797182,9898.346673867167
2014-04-22 00:00:00+00:00,-2.8880928429086996e-05,9898.060800425312
2014-04-23 00:00:00+00:00,0.0003981850307574808,9902.00206006957
2014-04-24 00:00:00+00:00,-0.0001293666150857742,9900.721071580485
2014-04-25 00:00:00+00:00,0.00012842786295500506,9901.992600029422
2014-04-28 00:00:00+00:00,-0.00017791585197223794,9900.230878579765
2014-04-29 00:00:00+00:00,0.00015078691783349527,9901.723703879785
2014-04-30 00:00:00+00:00,0.0013314286916508487,9914.907142915928
2014-05-01 00:00:00+00:00,0.0008309621520409316,9923.146055492693
2014-05-02 00:00:00+00:00,0.0007164635214016779,9930.255627658993
2014-05-05 00:00:00+00:00,-0.00018844104812414943,9928.384359880378
2014-05-06 00:00:00+00:00,0.0007055300197285119,9935.389133093677
2014-05-07 00:00:00+00:00,0.0004612664566056357,9939.971994834097
2014-05-08 00:00:00+00:00,-4.743644942569739e-05,9939.50047785527
2014-05-09 00:00:00+00:00,-0.0005055143625354253,9934.475917607288
2014-05-12 00:00:00+00:00,-0.0008070119127082887,9926.458677195265
2014-05-13 00:00:00+00:00,-0.0003798837714935277,9922.687776635397
2014-05-14 00:00:00+00:00,0.0013024046774094465,9935.61113160816
2014-05-15 00:00:00+00:00,0.0007416966368098188,9942.980340969125
2014-05-16 00:00:00+00:00,-0.00029234315563405613,9940.07357871984
2014-05-19 00:00:00+00:00,0.00021694139911269115,9942.22999218929
2014-05-20 00:00:00+00:00,0.0006658197761732265,9948.849725537353
2014-05-21 00:00:00+00:00,-0.000752674192486752,9941.361483104012
2014-05-22 00:00:00+00:00,-0.00024635678318637446,9938.912361268543
2014-05-23 00:00:00+00:00,-0.0004345019037250375,9934.593884926615
2014-05-27 00:00:00+00:00,0.0006539763164729373,9941.090874041134
2014-05-28 00:00:00+00:00,0.0005177432174796381,9946.237806415518
2014-05-29 00:00:00+00:00,0.00038947770767356336,9950.111644316337
2014-05-30 00:00:00+00:00,-4.30034041868033e-05,9949.683755643593
2014-06-02 00:00:00+00:00,-0.002224126815050903,9927.55439720139
2014-06-03 00:00:00+00:00,-0.0011379236426381776,9916.257598339236
2014-06-04 00:00:00+00:00,-0.0001484234000053708,9914.785793671163
2014-06-05 00:00:00+00:00,0.00026745710631520536,9917.437573589274
2014-06-06 00:00:00+00:00,8.905155905969409e-05,9918.32073686708
2014-06-09 00:00:00+00:00,-0.00032658866908089057,9915.081525698108
2014-06-10 00:00:00+00:00,-0.00035656179049486925,9911.546186476404
2014-06-11 00:00:00+00:00,0.00014883924030745233,9913.02141348107
2014-06-12 00:00:00+00:00,0.0008328474765338378,9921.277448350114
2014-06-13 00:00:00+00:00,-0.00047432555265930487,9916.571532941338
2014-06-16 00:00:00+00:00,8.911651817011812e-05,9917.455263268539
2014-06-17 00:00:00+00:00,-0.0009797497684393974,9907.738638770845
2014-06-18 00:00:00+00:00,0.0027337320965120926,9934.823741891507
2014-06-19 00:00:00+00:00,4.711179452202008e-05,9935.291789266246
2014-06-20 00:00:00+00:00,0.0006936935143867506,9942.183836744001
2014-06-23 00:00:00+00:00,-5.246364854913366e-05,9941.662233505378
2014-06-24 00:00:00+00:00,-0.001023354162596718,9931.488392075591
2014-06-25 00:00:00+00:00,0.0015091148894065265,9946.476149082038
2014-06-26 00:00:00+00:00,0.00025628430018875825,9949.02527476125
2014-06-27 00:00:00+00:00,0.0007188618941442737,9956.177249915154
2014-06-30 00:00:00+00:00,-8.853203100434026e-05,9955.29580932218
2014-07-01 00:00:00+00:00,0.001413543151947333,9969.368049539056
2014-07-02 00:00:00+00:00,-0.0011046100781686718,9958.355785118563
2014-07-03 00:00:00+00:00,0.0010259438961641998,9968.572499452137
2014-07-07 00:00:00+00:00,-0.0007085841890198952,9961.508926591927
2014-07-08 00:00:00+00:00,-0.0010029884448032045,9951.517648245752
2014-07-09 00:00:00+00:00,0.0009427267186539745,9960.89920982391
2014-07-10 00:00:00+00:00,-0.0006062287998508109,9954.860625850504
2014-07-11 00:00:00+00:00,0.0005943780657688413,9960.777576654295
2014-07-14 00:00:00+00:00,0.0008560490085089412,9969.304490422768
2014-07-15 00:00:00+00:00,-0.0008027220977172012,9961.301909409436
2014-07-16 00:00:00+00:00,0.00024740718659960214,9963.766407089712
2014-07-17 00:00:00+00:00,-0.00012397239710065788,9962.531175084074
2014-07-18 00:00:00+00:00,0.0005441895784553397,9967.95268072459
2014-07-21 00:00:00+00:00,0.003148727245395444,9999.3390449112
2014-07-22 00:00:00+00:00,0.0042033467300939265,10041.369733988728
2014-07-23 00:00:00+00:00,-0.0009354508366311021,10031.976526270146
2014-07-24 00:00:00+00:00,0.0019568924019544853,10051.608024910987
2014-07-25 00:00:00+00:00,-0.0022074255641275076,10029.419848396208
2014-07-28 00:00:00+00:00,0.0018624340462544964,10048.098981386041
2014-07-29 00:00:00+00:00,-0.005885973619371404,9988.956135856772
2014-07-30 00:00:00+00:00,0.0025509544518720895,10014.437507981089
2014-07-31 00:00:00+00:00,-0.007700674613388719,9937.31958329601
2014-08-01 00:00:00+00:00,-0.0013622287892900709,9923.78268047127
2014-08-04 00:00:00+00:00,0.007902766698420327,10002.20801976086
2014-08-05 00:00:00+00:00,-0.006499782902689988,9937.195839084869
2014-08-06 00:00:00+00:00,-0.0007346141681906782,9929.89583422939
2014-08-07 00:00:00+00:00,-0.001657660214674811,9913.435440969124
2014-08-08 00:00:00+00:00,0.0019288333696999838,9932.556806056033
2014-08-11 00:00:00+00:00,0.0017564254832522774,9950.002601944041
2014-08-12 00:00:00+00:00,-0.00011981277545244917,9948.810464516542
2014-08-13 00:00:00+00:00,-0.00093664009088687,9939.492009778842
2014-08-14 00:00:00+00:00,-0.004004702265758659,9899.687303606788
2014-08-15 00:00:00+00:00,0.0013561782197485108,9913.113043910262
2014-08-18 00:00:00+00:00,0.0006874610924174074,9919.927923432686
2014-08-19 00:00:00+00:00,0.0014115395933780583,9933.930294460068
2014-08-20 00:00:00+00:00,0.006042499990733613,9993.95606817229
2014-08-21 00:00:00+00:00,-0.00024581897079004045,9991.499364177493
2014-08-22 00:00:00+00:00,0.0007023206281071004,9998.516600286674
2014-08-25 00:00:00+00:00,0.0008005081831168881,10006.520494644234
2014-08-26 00:00:00+00:00,0.00047200256055338063,10011.243597939934
2014-08-27 00:00:00+00:00,-0.0005102168511657568,10006.13569275514
2014-08-28 00:00:00+00:00,-0.0006225975164971531,9999.905897523096
2014-08-29 00:00:00+00:00,0.0004957799951663122,10004.863650820635
2014-09-02 00:00:00+00:00,0.0020770178277201845,10025.643930987299
2014-09-03 00:00:00+00:00,-0.0026368489464833333,9999.207822350058
2014-09-04 00:00:00+00:00,0.0035554945865621523,10034.759951632333
2014-09-05 00:00:00+00:00,0.000538374073699055,10040.162406226085
2014-09-08 00:00:00+00:00,0.0016862308043815999,10057.09243735646
2014-09-09 00:00:00+00:00,-0.009149466841030518,9965.075403583687
2014-09-10 00:00:00+00:00,0.0004982818493472765,9970.040819784668
2014-09-11 00:00:00+00:00,-0.0012354190311783808,9957.72364161428
2014-09-12 00:00:00+00:00,-0.0005745096604606037,9952.002833185978
2014-09-15 00:00:00+00:00,-0.005039073449582598,9901.853959939097
2014-09-16 00:00:00+00:00,0.00431982068706957,9944.628193515584
2014-09-17 00:00:00+00:00,-0.00237307451847546,9921.02884975384
2014-09-18 00:00:00+00:00,-0.0013108219677812893,9908.02414719459
2014-09-19 00:00:00+00:00,0.0009253603808490607,9917.1926401929
2014-09-22 00:00:00+00:00,-0.002139446832450431,9895.975333812039
2014-09-23 00:00:00+00:00,-0.00034133111345743816,9892.5975295326
2014-09-24 00:00:00+00:00,0.0029365676145611808,9921.647811061715
2014-09-25 00:00:00+00:00,-0.0014174101394487382,9907.584766854276
2014-09-26 00:00:00+00:00,0.001010487324111381,9917.596255673741
2014-09-29 00:00:00+00:00,-0.0015938311050423756,9901.789282274198
2014-09-30 00:00:00+00:00,0.0018234533747098882,9919.844733356626
2014-10-01 00:00:00+00:00,-0.0004074525520856465,9915.802867303726
2014-10-02 00:00:00+00:00,0.00043503936672909546,9920.116631903731
2014-10-03 00:00:00+00:00,0.0017798760543500157,9937.773209953215
2014-10-06 00:00:00+00:00,-0.004968955432083444,9888.392857778805
2014-10-07 00:00:00+00:00,-0.00222627172442299,9866.378608359544
2014-10-08 00:00:00+00:00,-0.0011108254581944311,9855.418783821195
2014-10-09 00:00:00+00:00,0.0008120244925724273,9863.421625258215
2014-10-10 00:00:00+00:00,0.0052319700109865865,9915.026751407284
2014-10-13 00:00:00+00:00,0.0016597386297857563,9931.483104321955
2014-10-14 00:00:00+00:00,-0.0014397906358289859,9917.18384794846
2014-10-15 00:00:00+00:00,0.006477917897080005,9981.426550685715
2014-10-16 00:00:00+00:00,-0.0004408800167054639,9977.025939181305
2014-10-17 00:00:00+00:00,-0.003540932809757247,9941.697960689458
2014-10-20 00:00:00+00:00,-0.00018250084406197804,9939.883592420223
2014-10-21 00:00:00+00:00,-0.007989700970716874,9860.46689483305
2014-10-22 00:00:00+00:00,0.0008517676746901239,9868.865721791422
2014-10-23 00:00:00+00:00,-0.00316032531583062,9837.676895612312
2014-10-24 00:00:00+00:00,-0.0013342673951056594,9824.550804086912
2014-10-27 00:00:00+00:00,-0.0008295046123246608,9816.401293880905
2014-10-28 00:00:00+00:00,-0.006193226047984684,9755.606101690171
2014-10-29 00:00:00+00:00,-0.0012986580725642294,9742.936905073453
2014-10-30 00:00:00+00:00,-0.0014563411042825434,9728.747865582165
2014-10-31 00:00:00+00:00,0.0017014409573520906,9745.300755664419
2014-11-03 00:00:00+00:00,-0.0006165056078344056,9739.292723098519
2014-11-04 00:00:00+00:00,0.0030215819331703476,9768.72079403249
2014-11-05 00:00:00+00:00,0.002475447041162404,9792.902745018018
2014-11-06 00:00:00+00:00,0.0012543672191429377,9805.186641201624
2014-11-07 00:00:00+00:00,-0.0016934322147370508,9788.582222271903
2014-11-10 00:00:00+00:00,0.001956933047082754,9807.737822306755
2014-11-11 00:00:00+00:00,-0.0018024768351682598,9790.059602076644
2014-11-12 00:00:00+00:00,7.345257151539771e-05,9790.778707129706
2014-11-13 00:00:00+00:00,0.0031106871581570495,9821.234756722331
2014-11-14 00:00:00+00:00,-0.002497416440995126,9796.70704357002
2014-11-17 00:00:00+00:00,0.0013188805505873812,9809.627729949589
2014-11-18 00:00:00+00:00,0.0012862660324861662,9822.245520889956
2014-11-19 00:00:00+00:00,-0.00038947975202204834,9818.41995514018
2014-11-20 00:00:00+00:00,-0.00034465311813294266,9815.036006087503
2014-11-21 00:00:00+00:00,-0.0024495123689572073,9790.993953988831
2014-11-24 00:00:00+00:00,0.0013417772533773408,9804.131286964246
2014-11-25 00:00:00+00:00,0.0007463280969238817,9811.44838560964
2014-11-26 00:00:00+00:00,-0.0006117039454017703,9805.446683922055
2014-11-28 00:00:00+00:00,0.009387406751466798,9897.494400323852
2014-12-01 00:00:00+00:00,-0.00452114167045955,9852.746425957408
2014-12-02 00:00:00+00:00,0.0050532694891558035,9902.535008856088
2014-12-03 00:00:00+00:00,0.0023150365227836756,9925.459739069734
2014-12-04 00:00:00+00:00,-0.0037696608774812844,9888.044121800347
2014-12-05 00:00:00+00:00,0.0025130015477520307,9912.892791982673
2014-12-08 00:00:00+00:00,0.00030947954459548696,9915.96062952956
2014-12-09 00:00:00+00:00,-0.0021806368322727864,9894.337520553441
2014-12-10 00:00:00+00:00,-0.0016597427440326275,9877.915465646694
2014-12-11 00:00:00+00:00,0.0026846052351809425,9904.433769218445
2014-12-12 00:00:00+00:00,-0.004400051692827417,9860.853748645699
2014-12-15 00:00:00+00:00,0.0011249311554461015,9871.946530246847
2014-12-16 00:00:00+00:00,-0.0009232694059823021,9862.832064037977
2014-12-17 00:00:00+00:00,0.007310116298945684,9934.930513463067
2014-12-18 00:00:00+00:00,0.00642041378892092,9998.716878323678
2014-12-19 00:00:00+00:00,-0.0013088470846094548,9985.630086887648
2014-12-22 00:00:00+00:00,0.004515279333329741,10030.717996049247
2014-12-23 00:00:00+00:00,0.0017435005389875356,10048.206558281792
2014-12-24 00:00:00+00:00,0.0002819660406654989,10051.03981130082
2014-12-26 00:00:00+00:00,0.002484765311491949,10076.014286368365
2014-12-29 00:00:00+00:00,0.0013339549278610695,10089.455235278863
2014-12-30 00:00:00+00:00,-0.004713772263832067,10041.89584103363
2014-12-31 00:00:00+00:00,0.001070110344445213,10052.64177765096
2015-01-02 00:00:00+00:00,0.0022441967197632307,10075.201883353322
2015-01-05 00:00:00+00:00,-0.0009167326437123591,10065.965616894859
2015-01-06 00:00:00+00:00,0.0017146879404873526,10083.22560674751
2015-01-07 00:00:00+00:00,0.004004900332415051,10123.607920331788
2015-01-08 00:00:00+00:00,0.0019357444203333739,10143.204637877212
2015-01-09 00:00:00+00:00,-0.0007665405575564499,10135.429460138685
2015-01-12 00:00:00+00:00,0.000529706314659184,10140.798261125503
2015-01-13 00:00:00+00:00,0.009394621854663948,10236.067226093212
2015-01-14 00:00:00+00:00,0.0015739472116093666,10252.178255561566
2015-01-15 00:00:00+00:00,-0.0044079005609494685,10206.987673277923
2015-01-16 00:00:00+00:00,-0.0039430686496732485,10166.740820175819
2015-01-20 00:00:00+00:00,0.0032851575614013307,10200.140165656027
2015-01-21 00:00:00+00:00,-0.0016351936585383366,10183.460961140941
2015-01-22 00:00:00+00:00,0.0052771249051654975,10237.20035659976
2015-01-23 00:00:00+00:00,0.007953733134498769,10318.624316280551
2015-01-26 00:00:00+00:00,-0.004708886032002613,10270.035090368136
2015-01-27 00:00:00+00:00,-0.00046508485975521043,10265.258652538449
2015-01-28 00:00:00+00:00,0.0013944260158683163,10279.572796263166
2015-01-29 00:00:00+00:00,0.003881280286186206,10319.470699507718
2015-01-30 00:00:00+00:00,-0.006410861280523506,10253.314004364747
2015-02-02 00:00:00+00:00,0.0015560150181953057,10269.268314941808
2015-02-03 00:00:00+00:00,-0.0036474210486886426,10231.811969535258
2015-02-04 00:00:00+00:00,0.0018581141463601734,10250.823844098752
2015-02-05 00:00:00+00:00,0.00020637368881032956,10252.939344428802
2015-02-06 00:00:00+00:00,-0.0013272498895645858,10239.331131816196
2015-02-09 00:00:00+00:00,-0.0008788807744513017,10230.331980541203
2015-02-10 00:00:00+00:00,0.007068018452510266,10302.640155754974
2015-02-11 00:00:00+00:00,0.0030152955750236744,10333.705661027683
2015-02-12 00:00:00+00:00,-0.004248077539083484,10289.807278113572
2015-02-13 00:00:00+00:00,0.000764013993822149,10297.668834867784
2015-02-17 00:00:00+00:00,0.00020462513465405727,10299.775996739741
2015-02-18 00:00:00+00:00,0.002507696048653646,10325.604704308784
2015-02-19 00:00:00+00:00,0.0018287719670040446,10344.48788073439
2015-02-20 00:00:00+00:00,0.0029945184858210017,10375.464640919601
2015-02-23 00:00:00+00:00,0.002456311878167311,10400.950017958598
2015-02-24 00:00:00+00:00,-0.002378313722075248,10376.213295808268
2015-02-25 00:00:00+00:00,-0.0008329760353078753,10367.570158795615
2015-02-26 00:00:00+00:00,0.00010917406378200264,10368.702028561396
2015-02-27 00:00:00+00:00,-0.00026591715476575464,10365.944812819347
2015-03-02 00:00:00+00:00,0.001689411433217025,10383.457158502222
2015-03-03 00:00:00+00:00,0.00034567550794906696,10387.046465329757
2015-03-04 00:00:00+00:00,-0.0003599555956836309,10383.307589831937
2015-03-05 00:00:00+00:00,0.0022823547474434326,10407.005981203756
2015-03-06 00:00:00+00:00,0.0014107051215698828,10421.68719784165
2015-03-09 00:00:00+00:00,-0.003961623063075065,10380.400401482526
2015-03-10 00:00:00+00:00,0.002246227968734005,10403.717147190993
2015-03-11 00:00:00+00:00,0.003592314214248027,10441.090568179863
2015-03-12 00:00:00+00:00,-0.0041223192762968545,10398.049059265093
2015-03-13 00:00:00+00:00,0.001326022799606008,10411.8371093891
2015-03-16 00:00:00+00:00,-0.0010499883927058919,10400.904801277497
2015-03-17 00:00:00+00:00,-0.0004921985129054561,10395.785491401437
2015-03-18 00:00:00+00:00,-0.007565845734192822,10317.132582087734
2015-03-19 00:00:00+00:00,0.002961119006859586,10347.682839472845
2015-03-20 00:00:00+00:00,-0.008429933203144968,10260.45256432876
2015-03-23 00:00:00+00:00,-0.010755285013088612,10150.098472636126
2015-03-24 00:00:00+00:00,0.006705999969396725,10218.165032683
2015-03-25 00:00:00+00:00,0.001458762232471411,10233.070905917835
2015-03-26 00:00:00+00:00,-0.0007532284721553873,10225.363065553915
2015-03-27 00:00:00+00:00,0.0017827958190545,10243.592800075498
2015-03-30 00:00:00+00:00,-0.0007091313567348046,10236.328747215342
2015-03-31 00:00:00+00:00,0.003653657028882268,10273.728781692555
2015-04-01 00:00:00+00:00,-0.0022762982479217707,10250.342710867164
2015-04-02 00:00:00+00:00,-0.0008742274030847597,10241.381580378315
2015-04-06 00:00:00+00:00,0.001654590462996852,10258.326872669119
2015-04-07 00:00:00+00:00,-0.0016676913054763877,10241.219150134835
2015-04-08 00:00:00+00:00,0.0012054588494032402,10253.564518388042
2015-04-09 00:00:00+00:00,0.0025467766809570747,10279.67805740016
2015-04-10 00:00:00+00:00,1.783308324824203e-05,10279.861375754725
2015-04-13 00:00:00+00:00,0.00047264872666614164,10284.72013914428
2015-04-14 00:00:00+00:00,-0.001576344177161121,10268.507880439207
2015-04-15 00:00:00+00:00,-0.0025274526166909283,10242.55471332728
2015-04-16 00:00:00+00:00,-0.0032266045213594718,10209.506039978985
2015-04-17 00:00:00+00:00,-0.0036007102366986342,10172.744567069198
2015-04-20 00:00:00+00:00,0.007223827725333453,10246.230721315527
2015-04-21 00:00:00+00:00,-0.0016285417972922102,10229.544306321166
2015-04-22 00:00:00+00:00,0.0003843235336069619,10233.475760936159
2015-04-23 00:00:00+00:00,0.0005181625853594773,10238.778365193659
2015-04-24 00:00:00+00:00,-0.003193810969823263,10206.077642533313
2015-04-27 00:00:00+00:00,-0.005986244443145933,10144.981566959383
2015-04-28 00:00:00+00:00,-0.0009575924684207256,10135.266809018594
2015-04-29 00:00:00+00:00,-0.0018422453193247257,10116.595161179574
2015-04-30 00:00:00+00:00,-0.0026997848004285674,10089.282531331331
2015-05-01 00:00:00+00:00,0.0014383889856657006,10103.79484419767
2015-05-04 00:00:00+00:00,0.0005308646911640626,10109.158592127218
2015-05-05 00:00:00+00:00,-0.0029675694769428773,10079.158961651647
2015-05-06 00:00:00+00:00,-0.0008369503627066177,10070.723205902914
2015-05-07 00:00:00+00:00,-0.0003991852130812377,10066.703122114082
2015-05-08 00:00:00+00:00,0.00357221264546021,10102.663526304994
2015-05-11 00:00:00+00:00,-0.0019688501483698883,10082.772895722295
2015-05-12 00:00:00+00:00,0.0004272858775172028,10087.081122186852
2015-05-13 00:00:00+00:00,0.0015260241078566327,10102.474251157217
2015-05-14 00:00:00+00:00,0.000619744812314116,10108.735207165908
2015-05-15 00:00:00+00:00,-0.00041448386463346367,10104.545299530684
2015-05-18 00:00:00+00:00,-0.0034210010567031434,10069.977639383485
2015-05-19 00:00:00+00:00,-0.007897771153254069,9990.44726046925
2015-05-20 00:00:00+00:00,-0.001703796903599697,9973.425567361284
2015-05-21 00:00:00+00:00,0.0011638177259663872,9985.032816825185
2015-05-22 00:00:00+00:00,-0.005152756671178866,9933.582372366349
2015-05-26 00:00:00+00:00,-0.0053522500025891765,9880.415356088131
2015-05-27 00:00:00+00:00,0.0019420385858645863,9899.603503954024
2015-05-28 00:00:00+00:00,-0.0002896022702778278,9896.736556304428
2015-05-29 00:00:00+00:00,-0.0014506022850300782,9882.380327641513
2015-06-01 00:00:00+00:00,0.0004864506027326132,9887.187617508329
2015-06-02 00:00:00+00:00,-0.00019424229498352097,9885.26710749457
2015-06-03 00:00:00+00:00,0.0008743037458266434,9893.909833555152
2015-06-04 00:00:00+00:00,-0.002032904815384179,9873.79645661154
2015-06-05 00:00:00+00:00,-0.00019510324645646837,9871.870046868005
2015-06-08 00:00:00+00:00,-0.001988661084085125,9852.238243078653
2015-06-09 00:00:00+00:00,-0.0008204622649232663,9844.154853375174
2015-06-10 00:00:00+00:00,0.0021136812619483637,9864.96225902847
2015-06-11 00:00:00+00:00,0.0036856126198100193,9901.320688424295
2015-06-12 00:00:00+00:00,-0.001706066101693321,9884.42838083578
2015-06-15 00:00:00+00:00,0.0023010789989407533,9907.173231399456
2015-06-16 00:00:00+00:00,0.003221153321702397,9939.085755362461
2015-06-17 00:00:00+00:00,0.00033110292216351753,9942.376615699695
2015-06-18 00:00:00+00:00,0.004101638955463676,9983.156654936542
2015-06-19 00:00:00+00:00,0.0006227482391158223,9989.37364816422
2015-06-22 00:00:00+00:00,0.0020944694177536306,10010.296085772814
2015-06-23 00:00:00+00:00,-0.0028060147833692483,9982.207046970232
2015-06-24 00:00:00+00:00,-0.0007237410090200292,9974.98251436981
2015-06-25 00:00:00+00:00,-0.001083311553694949,9964.17650056409
2015-06-26 00:00:00+00:00,0.00040694226150490007,9968.231345083263
2015-06-29 00:00:00+00:00,-0.0038600137054836613,9929.753835471809
2015-06-30 00:00:00+00:00,0.0018709484229520788,9948.331892750588
2015-07-01 00:00:00+00:00,-0.0023877099147239455,9924.578162055303
2015-07-02 00:00:00+00:00,0.0010607024943438735,9935.105186867106
2015-07-06 00:00:00+00:00,0.002340899886864961,9958.362273475035
2015-07-07 00:00:00+00:00,0.006321404290374544,10021.313107475682
2015-07-08 00:00:00+00:00,-0.005119113538794873,9970.0128678707
2015-07-09 00:00:00+00:00,-0.004904107157910143,9921.11885640092
2015-07-10 00:00:00+00:00,0.003917398243890957,9959.983829986419
2015-07-13 00:00:00+00:00,0.00013451508897064366,9961.323598097455
2015-07-14 00:00:00+00:00,0.0011645086829359162,9972.923645920975
2015-07-15 00:00:00+00:00,-0.0007459818263749973,9965.484026125292
2015-07-16 00:00:00+00:00,0.0028531551108940457,9993.917097806965
2015-07-17 00:00:00+00:00,0.002327681507237478,10017.179753820395
2015-07-20 00:00:00+00:00,0.0024902289113574783,10042.124824453624
2015-07-21 00:00:00+00:00,-0.0009730637996498648,10032.353196315382
2015-07-22 00:00:00+00:00,0.00409015817217182,10073.387107727405
2015-07-23 00:00:00+00:00,0.0020542748880909346,10094.08061390083
2015-07-24 00:00:00+00:00,-0.002550180683358294,10068.338884502997
2015-07-27 00:00:00+00:00,8.473916875607054e-05,10069.192067170825
2015-07-28 00:00:00+00:00,-0.002500781604804292,10044.011216874003
2015-07-29 00:00:00+00:00,0.003728405779907218,10081.459366348448
2015-07-30 00:00:00+00:00,0.0031967022834314463,10113.686790525177
2015-07-31 00:00:00+00:00,0.0032355491573146434,10146.410121297604
2015-08-03 00:00:00+00:00,0.00042349988590684726,10150.70712482634
2015-08-04 00:00:00+00:00,-0.0006980962533028545,10143.620954214122
2015-08-05 00:00:00+00:00,0.0029402335418013737,10173.445568779023
2015-08-06 00:00:00+00:00,-0.0007357725104643831,10165.960227192809
2015-08-07 00:00:00+00:00,-0.00012668987630067854,10164.67230294915
2015-08-10 00:00:00+00:00,-0.0025031357388660357,10139.228748433776
2015-08-11 00:00:00+00:00,0.006013510555485995,10200.201107536968
2015-08-12 00:00:00+00:00,-0.0029141319017430777,10170.4763760853
2015-08-13 00:00:00+00:00,0.0013525681925991627,10184.232638935177
2015-08-14 00:00:00+00:00,0.0010477039667149744,10194.902699868935
2015-08-17 00:00:00+00:00,0.004152254707705338,10237.234532599065
2015-08-18 00:00:00+00:00,0.004199979003189086,10280.230702686702
2015-08-19 00:00:00+00:00,-0.004716740647735135,10231.741520663245
2015-08-20 00:00:00+00:00,-0.00891197619531361,10140.556483794491
2015-08-21 00:00:00+00:00,0.0023211166713285936,10164.093898505578
2015-08-24 00:00:00+00:00,0.005404152424229791,10219.022211187284
2015-08-25 00:00:00+00:00,-0.0038068744385150954,10180.119676744898
2015-08-26 00:00:00+00:00,0.0037302284751163707,10218.093849043185
2015-08-27 00:00:00+00:00,-0.0062049105602098534,10154.691490614043
2015-08-28 00:00:00+00:00,-0.007030227157484048,10083.301702720857
2015-08-31 00:00:00+00:00,0.0009384518065726266,10092.764395419994
2015-09-01 00:00:00+00:00,0.002465351201030619,10117.646604243962
2015-09-02 00:00:00+00:00,-0.007438227150613447,10042.389250571961
2015-09-03 00:00:00+00:00,-0.002811151248936095,10014.158575487914
2015-09-04 00:00:00+00:00,0.007652824779798906,10090.795176383244
2015-09-08 00:00:00+00:00,-0.012866630213518127,9960.96064628837
2015-09-09 00:00:00+00:00,0.004755069527081002,10008.32570671799
2015-09-10 00:00:00+00:00,-0.003299790503197442,9975.300328598054
2015-09-11 00:00:00+00:00,-0.002293046389654541,9952.426502193843
2015-09-14 00:00:00+00:00,0.007597733189768069,10028.042383348287
2015-09-15 00:00:00+00:00,-0.003497048720530849,9992.97383056217
2015-09-16 00:00:00+00:00,-0.0034251029100995536,9958.746866814563
2015-09-17 00:00:00+00:00,-0.00019271377021422571,9956.82767915925
2015-09-18 00:00:00+00:00,0.010229228693344677,10058.678346549594
2015-09-21 00:00:00+00:00,-0.00016954393776004724,10056.972958614058
2015-09-22 00:00:00+00:00,0.009058269192874124,10148.07172693864
2015-09-23 00:00:00+00:00,0.0008556816790998955,10156.755245993574
2015-09-24 00:00:00+00:00,-0.0014024131061190104,10142.51127932095
2015-09-25 00:00:00+00:00,0.00455402540967324,10188.700533404874
2015-09-28 00:00:00+00:00,0.007960439639798294,10269.807069009023
2015-09-29 00:00:00+00:00,-0.0024430817593349865,10244.717090686836
2015-09-30 00:00:00+00:00,-0.008831140213115363,10154.244557615282
2015-10-01 00:00:00+00:00,0.0015697780457758048,10170.184467793264
2015-10-02 00:00:00+00:00,-0.006112569337749385,10108.018510056176
2015-10-05 00:00:00+00:00,-0.0029193533401769725,10078.509632456271
2015-10-06 00:00:00+00:00,0.0015106910763071745,10093.7351470205
2015-10-07 00:00:00+00:00,-0.005783289145282522,10035.360158109379
2015-10-08 00:00:00+00:00,-0.0004363440214152248,10030.98128870164
2015-10-09 00:00:00+00:00,-0.012832317148172168,9902.26055549764
2015-10-12 00:00:00+00:00,-0.0003624589434345014,9898.67139259908
2015-10-13 00:00:00+00:00,0.0018351513326244683,9916.83695259642
2015-10-14 00:00:00+00:00,0.0021543765627744294,9938.20155370395
2015-10-15 00:00:00+00:00,-0.004236284444089739,9896.100505059767
2015-10-16 00:00:00+00:00,-0.0010767370217610263,9885.4450072749
2015-10-19 00:00:00+00:00,-0.0004478827592075352,9881.017486889048
2015-10-20 00:00:00+00:00,-0.0001525913212516106,9879.509729375413
2015-10-21 00:00:00+00:00,0.0022440325074132906,9901.679670365438
2015-10-22 00:00:00+00:00,-0.0031476280262787925,9870.512865927762
2015-10-23 00:00:00+00:00,-0.0035262688498286176,9835.706783876807
2015-10-26 00:00:00+00:00,0.00019086344407739952,9837.584060748513
2015-10-27 00:00:00+00:00,-8.806783451703604e-05,9836.717686023405
2015-10-28 00:00:00+00:00,-0.0008511396114556369,9828.345265954122
2015-10-29 00:00:00+00:00,-0.0011776955408698553,9816.770467560278
2015-10-30 00:00:00+00:00,0.000620997544959867,9822.866657920067
2015-11-02 00:00:00+00:00,-0.0006504586712074989,9816.47728912631
2015-11-03 00:00:00+00:00,-0.00041512924501083126,9812.402182320608
2015-11-04 00:00:00+00:00,-0.00025,9809.949081775028
2015-11-05 00:00:00+00:00,0.0,9809.949081775028
2015-11-06 00:00:00+00:00,0.0,9809.949081775028
2015-11-09 00:00:00+00:00,0.0025856357896619276,9835.314037215625
2015-11-10 00:00:00+00:00,0.0018404030367896505,9853.414979037496
2015-11-11 00:00:00+00:00,-0.0014598107442446385,9839.030857983596
2015-11-12 00:00:00+00:00,0.003902779585860222,9877.430426760782
2015-11-13 00:00:00+00:00,-0.0034133436034645913,9843.715362794932
2015-11-16 00:00:00+00:00,0.007649227779001766,9919.012183796609
2015-11-17 00:00:00+00:00,0.0037229059655881137,9955.939733428408
2015-11-18 00:00:00+00:00,0.005445397780290328,10010.153785553524
2015-11-19 00:00:00+00:00,-0.0008605227087331247,10001.539820903145
2015-11-20 00:00:00+00:00,0.0023799228360834976,10025.34271391891
2015-11-23 00:00:00+00:00,0.0022010531303912726,10047.409025882627
2015-11-24 00:00:00+00:00,-0.006159085413257925,9985.526175510278
2015-11-25 00:00:00+00:00,0.0017215370025765841,10002.716628311615
2015-11-27 00:00:00+00:00,0.0013440311657698489,10016.160591202428
2015-11-30 00:00:00+00:00,-0.0008912926886155024,10007.23326049949
2015-12-01 00:00:00+00:00,-0.003482326934536917,9972.38480257626
2015-12-02 00:00:00+00:00,0.0009957399009483503,9982.314704031796
2015-12-03 00:00:00+00:00,-0.003490925707674775,9947.467185009393
2015-12-04 00:00:00+00:00,-0.0006552757334602087,9940.948851153664
2015-12-07 00:00:00+00:00,0.002178343163226859,9962.603649119563
2015-12-08 00:00:00+00:00,-0.0014477049414789612,9948.180738586738
2015-12-09 00:00:00+00:00,-0.0032291155487913117,9916.05691348158
2015-12-10 00:00:00+00:00,0.0012013141520639092,9927.969212984417
2015-12-11 00:00:00+00:00,-0.00875142696575872,9841.085315498682
2015-12-14 00:00:00+00:00,0.0020456387695679088,9861.216621154692
2015-12-15 00:00:00+00:00,0.008438720374511221,9944.4326707731
2015-12-16 00:00:00+00:00,0.00164357127707494,9960.77705467759
2015-12-17 00:00:00+00:00,-0.0006848660659414696,9953.955256482433
2015-12-18 00:00:00+00:00,-0.010508760373640447,9849.35152592212
2015-12-21 00:00:00+00:00,-0.0006221274746884165,9843.22397372998
2015-12-22 00:00:00+00:00,0.004592217364943346,9888.42619778917
2015-12-23 00:00:00+00:00,-0.0009093476664551348,9879.434180501295
2015-12-24 00:00:00+00:00,-0.0006140265022719527,9873.367946087015
2015-12-28 00:00:00+00:00,0.003363371243295565,9906.575747911362
2015-12-29 00:00:00+00:00,-0.0014372362555774454,9892.33765807784
2015-12-30 00:00:00+00:00,-0.004876799350755623,9844.094712209471
2015-12-31 00:00:00+00:00,-0.0002853202792247212,9841.285992357469
2016-01-04 00:00:00+00:00,0.0018798983721097617,9859.786609873969
2016-01-05 00:00:00+00:00,-0.000544475929549193,9854.4181933944
2016-01-06 00:00:00+00:00,-0.0019892467872769273,9834.815323662708
2016-01-07 00:00:00+00:00,0.004614266331163003,9880.19578088389
2016-01-08 00:00:00+00:00,-0.0022291759958116167,9858.171085615226
2016-01-11 00:00:00+00:00,0.00564613396714182,9913.831640235612
2016-01-12 00:00:00+00:00,0.002097447248304168,9934.625379129575
2016-01-13 00:00:00+00:00,-0.0026426474823351034,9908.371666383477
2016-01-14 00:00:00+00:00,-0.003644404602046952,9872.261551083717
2016-01-15 00:00:00+00:00,0.003551976592428985,9907.327593027503
2016-01-19 00:00:00+00:00,-0.002494110687135087,9882.617621396785
2016-01-20 00:00:00+00:00,-9.92063492063492e-06,9882.519579555303
2016-01-21 00:00:00+00:00,-0.0013515897269884781,9869.162467614813
2016-01-22 00:00:00+00:00,-0.0006772126616414132,9862.478945831946
2016-01-25 00:00:00+00:00,0.00043376498136949435,9866.756943828143
2016-01-26 00:00:00+00:00,-0.006898826741120823,9798.687897175922
2016-01-27 00:00:00+00:00,-0.0008251415479064879,9790.602592676994
2016-01-28 00:00:00+00:00,-0.0009082156299843822,9781.710614375359
2016-01-29 00:00:00+00:00,-0.005385246632329777,9729.03369023087
2016-02-01 00:00:00+00:00,-0.0007512301253587373,9721.724947032139
2016-02-02 00:00:00+00:00,0.006225159816876441,9782.24423852313
2016-02-03 00:00:00+00:00,-0.005429441277582875,9729.132117867095
2016-02-04 00:00:00+00:00,-0.0006269635023379237,9723.032307119767
2016-02-05 00:00:00+00:00,0.005174679235386259,9773.34588050441
2016-02-08 00:00:00+00:00,0.0048436028784749115,9820.684086743551
2016-02-09 00:00:00+00:00,0.0001836147745049088,9822.487309437622
2016-02-10 00:00:00+00:00,0.0008398177680297214,9830.736408806335
2016-02-11 00:00:00+00:00,0.0031788254883998554,9861.986604272386
2016-02-12 00:00:00+00:00,-0.006527211168566044,9797.615335164732
2016-02-16 00:00:00+00:00,-0.0069339693354444785,9729.67897087022
2016-02-17 00:00:00+00:00,-0.003744411642694612,9693.247047652014
2016-02-18 00:00:00+00:00,0.00212933839367167,9713.887250749924
2016-02-19 00:00:00+00:00,0.0009047434876089499,9722.675826979408
2016-02-22 00:00:00+00:00,-0.004517636757131282,9678.752309285774
2016-02-23 00:00:00+00:00,0.00331545727948902,9710.841799085967
2016-02-24 00:00:00+00:00,-0.001391265097955774,9697.33144381913
2016-02-25 00:00:00+00:00,-0.0016393138284000075,9681.434474284699
2016-02-26 00:00:00+00:00,-0.0024182350466667893,9658.022490136977
2016-02-29 00:00:00+00:00,0.002165572403251309,9678.937637111596
2016-03-01 00:00:00+00:00,-0.006606006391870606,9614.99851321432
2016-03-02 00:00:00+00:00,-0.0014113002966694877,9601.428862960143
2016-03-03 00:00:00+00:00,0.0008128220898320881,9609.233116433908
2016-03-04 00:00:00+00:00,-0.000934456247234694,9600.253708517123
2016-03-07 00:00:00+00:00,-0.00016169517515722827,9598.70139381217
2016-03-08 00:00:00+00:00,9.457039572924893e-05,9599.609146801471
2016-03-09 00:00:00+00:00,0.000593220748763118,9605.30383412737
2016-03-10 00:00:00+00:00,0.0010907606197006257,9615.780921289896
2016-03-11 00:00:00+00:00,-2.939354979238921e-05,9615.498279354593
2016-03-14 00:00:00+00:00,-7.896710224249984e-05,9614.738971318855
2016-03-15 00:00:00+00:00,-0.004094637888974734,9575.370096834291
2016-03-16 00:00:00+00:00,0.006656376980561906,9639.10736992722
2016-03-17 00:00:00+00:00,0.007726138397322535,9713.58044749393
2016-03-18 00:00:00+00:00,0.00019470097190957822,9715.47169104778
2016-03-21 00:00:00+00:00,-0.0008668960984884955,9707.049386543835
2016-03-22 00:00:00+00:00,-0.001445577048526875,9693.017098741731
2016-03-23 00:00:00+00:00,-0.005482934465783707,9639.87092121361
2016-03-24 00:00:00+00:00,-0.0025296165741551745,9615.48574395859
2016-03-28 00:00:00+00:00,0.0017403504114396116,9632.220058529281
2016-03-29 00:00:00+00:00,0.0021027651676173765,9652.474355355182
2016-03-30 00:00:00+00:00,0.001071697292600765,9662.818885988714
2016-03-31 00:00:00+00:00,0.0027003844713237913,9688.912212057654
2016-04-01 00:00:00+00:00,0.004041378636998638,9728.068774887217
2016-04-04 00:00:00+00:00,-0.002585192983047041,9702.91983975178
2016-04-05 00:00:00+00:00,-0.004636575006402599,9657.931524133659
2016-04-06 00:00:00+00:00,0.0020550943967693803,9677.77948509329
2016-04-07 00:00:00+00:00,-0.008280933597956642,9597.638435801564
2016-04-08 00:00:00+00:00,0.0012672267473368194,9609.80081993868
2016-04-11 00:00:00+00:00,6.904999208565684e-05,9610.464376609241
2016-04-12 00:00:00+00:00,0.002180567678220674,9631.420644601567
2016-04-13 00:00:00+00:00,0.0020610751439151588,9651.271726292747
2016-04-14 00:00:00+00:00,-0.0010475763652048,9641.161282138113
2016-04-15 00:00:00+00:00,0.0007772628552952576,9648.654998684631
2016-04-18 00:00:00+00:00,0.0024339243928845956,9672.139095444456
2016-04-19 00:00:00+00:00,0.0019221261427063761,9690.730166855703
2016-04-20 00:00:00+00:00,-0.0009360952587963656,9681.658720292235
2016-04-21 00:00:00+00:00,-0.0023579154021424963,9658.830188077372
2016-04-22 00:00:00+00:00,-0.0015745170923642195,9643.622194854
2016-04-25 00:00:00+00:00,-0.00041493232451647046,9639.620744279931
2016-04-26 00:00:00+00:00,0.0010448884845017158,9649.693072990594
2016-04-27 00:00:00+00:00,0.0016223353662687455,9665.348111336545
2016-04-28 00:00:00+00:00,0.0010580123499339732,9675.574169004749
2016-04-29 00:00:00+00:00,0.00027895418186955066,9678.273210881182
2016-05-02 00:00:00+00:00,-0.0001057791865020861,9677.24945101419
2016-05-03 00:00:00+00:00,-0.00822974904174586,9597.60811661797
2016-05-04 00:00:00+00:00,-0.004083614534218983,9558.41518461921
2016-05-05 00:00:00+00:00,-0.004034203580127094,9519.854591861078
2016-05-06 00:00:00+00:00,-0.00015368872410497782,9518.39149755519
2016-05-09 00:00:00+00:00,-0.006635185905004054,9455.235200452302
2016-05-10 00:00:00+00:00,0.00019937279318913445,9457.120317104476
2016-05-11 00:00:00+00:00,0.0012706465750155548,9469.136974644915
2016-05-12 00:00:00+00:00,-0.0013719734309211808,9456.145570301947
2016-05-13 00:00:00+00:00,-0.0009502240916770766,9447.160112966641
2016-05-16 00:00:00+00:00,-0.0004921749890474059,9442.510457041513
2016-05-17 00:00:00+00:00,-0.0004355434450299345,9438.39783350732
2016-05-18 00:00:00+00:00,-0.003313623974034391,9407.122532169738
2016-05-19 00:00:00+00:00,7.770567572499273e-05,9407.853518982729
2016-05-20 00:00:00+00:00,0.00020944150933352999,9409.823914023333
2016-05-23 00:00:00+00:00,-0.00019845036708712185,9407.956531013371
2016-05-24 00:00:00+00:00,-0.001105809367559435,9397.553124551783
2016-05-25 00:00:00+00:00,0.0009231573671274806,9406.228544951688
2016-05-26 00:00:00+00:00,0.001001465564308973,9415.648558929475
2016-05-27 00:00:00+00:00,-0.002057609526330212,9396.274830758046
2016-05-31 00:00:00+00:00,0.000255650925455797,9398.676997114368
2016-06-01 00:00:00+00:00,-0.0022945032411517403,9377.111702281949
2016-06-02 00:00:00+00:00,0.0014255250273071396,9390.479009697408
2016-06-03 00:00:00+00:00,-0.001930452812071104,9372.351133086442
2016-06-06 00:00:00+00:00,-0.00042300038178766353,9368.386624978899
2016-06-07 00:00:00+00:00,0.00023096865654487209,9370.550428651663
2016-06-08 00:00:00+00:00,0.00011546877348067586,9371.632434616497
2016-06-09 00:00:00+00:00,0.00046163153122619205,9375.958675647378
2016-06-10 00:00:00+00:00,0.00043191187986413304,9380.008263584506
2016-06-13 00:00:00+00:00,0.00014356616541416622,9381.35491540246
2016-06-14 00:00:00+00:00,-0.00020099810329562984,9379.469280858122
2016-06-15 00:00:00+00:00,0.0010063282211406066,9388.90810549477
2016-06-16 00:00:00+00:00,8.59044342826909e-05,9389.714654334104
2016-06-17 00:00:00+00:00,0.0008824574911931229,9398.000678370989
2016-06-20 00:00:00+00:00,0.0005198770324273738,9402.886483074408
2016-06-21 00:00:00+00:00,-0.0014444704011079225,9389.30429186463
2016-06-22 00:00:00+00:00,0.0015839370770625637,9404.176359060337
2016-06-23 00:00:00+00:00,7.970092372844847e-05,9404.92588060306
2016-06-24 00:00:00+00:00,-0.0021891123757854735,9384.337440964486
2016-06-27 00:00:00+00:00,-0.0010431326286786337,9374.548332381286
2016-06-28 00:00:00+00:00,0.00011988829627671027,9375.67223100922
2016-06-29 00:00:00+00:00,-0.00048291426312011,9371.144585162525
2016-06-30 00:00:00+00:00,0.0006258722550353535,9377.009724556303
2016-07-01 00:00:00+00:00,0.0006175191153497961,9382.80020730604
2016-07-05 00:00:00+00:00,0.0006525146765187229,9388.92262214815
2016-07-06 00:00:00+00:00,0.0003394838752286411,9392.110009984139
2016-07-07 00:00:00+00:00,-0.00016945244026936312,9390.51849402367
2016-07-08 00:00:00+00:00,0.00039587482995778744,9394.235963935707
2016-07-11 00:00:00+00:00,-0.0009035023679382637,9385.74824949732
2016-07-12 00:00:00+00:00,0.004236065654787485,9425.506895301498
2016-07-13 00:00:00+00:00,0.001095049452959851,9435.828291471067
2016-07-14 00:00:00+00:00,0.0006817848327613785,9442.261496084733
2016-07-15 00:00:00+00:00,-0.0011715037857675248,9431.199850995861
2016-07-18 00:00:00+00:00,5.7151531714982884e-05,9431.738858513256
2016-07-19 00:00:00+00:00,0.0017204333106884961,9447.965536223157
2016-07-20 00:00:00+00:00,-0.002097523155022041,9428.148209743078
2016-07-21 00:00:00+00:00,0.00046755937073600373,9432.556428787231
2016-07-22 00:00:00+00:00,-0.0006781514960033652,9426.159726533913
2016-07-25 00:00:00+00:00,-9.725480634015238e-05,9425.242987195177
2016-07-26 00:00:00+00:00,-0.0020971905908273025,9405.47645628617
2016-07-27 00:00:00+00:00,-0.0026896488844277144,9380.179027028009
2016-07-28 00:00:00+00:00,0.004031436742584105,9417.994625409587
2016-07-29 00:00:00+00:00,0.003641884940152329,9452.293878202301
2016-08-01 00:00:00+00:00,-0.001673824378479155,9436.472398276417
2016-08-02 00:00:00+00:00,0.0002483522977945185,9438.815967879604
2016-08-03 00:00:00+00:00,0.0007976950509109848,9446.34526466364
2016-08-04 00:00:00+00:00,-0.0017064452165005128,9430.225593973342
2016-08-05 00:00:00+00:00,0.0004158029557742027,9434.146709648934
2016-08-08 00:00:00+00:00,0.00012522705766576658,9435.32812008297
2016-08-09 00:00:00+00:00,-0.0003226310874207272,9432.283989911417
2016-08-10 00:00:00+00:00,0.0016958340382328685,9448.279578159787
2016-08-11 00:00:00+00:00,-0.00034976431034552946,9444.97490716918
2016-08-12 00:00:00+00:00,-0.00251137434737575,9421.255039475709
2016-08-15 00:00:00+00:00,0.002351200112029689,9443.406295379984
2016-08-16 00:00:00+00:00,0.000933117384628479,9452.218101964314
2016-08-17 00:00:00+00:00,0.0008181996510883693,9459.951903517353
2016-08-18 00:00:00+00:00,0.000855881921483781,9468.04850532968
2016-08-19 00:00:00+00:00,-0.001138541895637779,9457.26873543643
2016-08-22 00:00:00+00:00,-0.0014032465515143586,9443.997855696683
2016-08-23 00:00:00+00:00,0.0009418305592663323,9452.892501478824
2016-08-24 00:00:00+00:00,-0.005001527984422854,9405.613595098937
2016-08-25 00:00:00+00:00,0.00032963020211629335,9408.713969409317
2016-08-26 00:00:00+00:00,-0.0003601986362164189,9405.324963468986
2016-08-29 00:00:00+00:00,0.0021069074727951,9425.141112918584
2016-08-30 00:00:00+00:00,-0.0019318081014292332,9406.933548959534
2016-08-31 00:00:00+00:00,-0.0012059047246282817,9395.58968334858
2016-09-01 00:00:00+00:00,0.001903023978268803,9413.469715805966
2016-09-02 00:00:00+00:00,0.0005589543686895238,9418.73141582814
2016-09-06 00:00:00+00:00,-0.0004444777893714835,9414.544998909749
2016-09-07 00:00:00+00:00,0.0009349224935243372,9423.346868795526
2016-09-08 00:00:00+00:00,-0.00189032228222899,9405.53370623627
2016-09-09 00:00:00+00:00,-0.009835864264477578,9313.02215336676
2016-09-12 00:00:00+00:00,0.00301146747285444,9341.0680166556
2016-09-13 00:00:00+00:00,-0.007005902496923122,9275.625404913782
2016-09-14 00:00:00+00:00,0.004762518670360816,9319.800744083957
2016-09-15 00:00:00+00:00,-6.589625596253867e-05,9319.186604108605
2016-09-16 00:00:00+00:00,-0.0012902313056171455,9307.162697809097
2016-09-19 00:00:00+00:00,0.001888166707726846,9324.736172558498
2016-09-20 00:00:00+00:00,0.0017263657988104697,9340.834078169733
2016-09-21 00:00:00+00:00,0.002714195211748094,9366.186925298436
2016-09-22 00:00:00+00:00,0.004880948908575211,9411.902805148982
2016-09-23 00:00:00+00:00,-0.0022558377107779687,9390.67107987095
2016-09-26 00:00:00+00:00,-0.0022596072326316885,9369.451851579608
2016-09-27 00:00:00+00:00,0.0013988215010810046,9382.55804228294
2016-09-28 00:00:00+00:00,0.001342972837536871,9395.15856288034
2016-09-29 00:00:00+00:00,-0.0023854614622558223,9372.746774196807
2016-09-30 00:00:00+00:00,0.0020231922916939538,9391.70964322236
2016-10-03 00:00:00+00:00,-0.0008601582113905437,9383.631287053748
2016-10-04 00:00:00+00:00,-0.0011507516069169665,9372.833058271455
2016-10-05 00:00:00+00:00,0.0012042776701474134,9384.120551829548
2016-10-06 00:00:00+00:00,-0.0001438083230222431,9382.77103718995
2016-10-07 00:00:00+00:00,-0.0009113959112703185,9374.21961803027
2016-10-10 00:00:00+00:00,0.0013479833793417217,9386.855910269674
2016-10-11 00:00:00+00:00,-0.0074842569676643045,9316.602268518778
2016-10-12 00:00:00+00:00,0.00042463054588992577,9320.5583824259
2016-10-13 00:00:00+00:00,-0.002462286241253664,9297.60849976005
2016-10-14 00:00:00+00:00,-0.0003958908885851873,9293.927661269363
2016-10-17 00:00:00+00:00,-0.0007293756613370728,9287.148896635004
2016-10-18 00:00:00+00:00,0.0015119568279379214,9301.19066482135
2016-10-19 00:00:00+00:00,0.0007755930448070103,9308.40460360941
2016-10-20 00:00:00+00:00,-0.00043496022675276746,9304.355817832316
2016-10-21 00:00:00+00:00,-9.674884964661068e-05,9303.455632110237
2016-10-24 00:00:00+00:00,0.0009608098158339353,9312.394483602746
2016-10-25 00:00:00+00:00,-0.0011056620321125143,9302.098122594172
2016-10-26 00:00:00+00:00,-0.0004905193591114021,9297.535263384687
2016-10-27 00:00:00+00:00,-0.0001369115340875693,9296.262323568542
2016-10-28 00:00:00+00:00,-0.0016572773302540866,9280.855838763597
2016-10-31 00:00:00+00:00,0.0006180550825676812,9286.591918885322
2016-11-01 00:00:00+00:00,-0.002743842629344101,9261.110972096963
2016-11-02 00:00:00+00:00,-0.002332922789351932,9239.505515255441
2016-11-03 00:00:00+00:00,-0.0011880738031533331,9228.528300798675
2016-11-04 00:00:00+00:00,-0.0005649501635336951,9223.314642225963
2016-11-07 00:00:00+00:00,0.000849356313586902,9231.148522749538
2016-11-08 00:00:00+00:00,0.00018815088995954854,9232.885371559441
2016-11-09 00:00:00+00:00,0.0032894524933056446,9263.256509365321
2016-11-10 00:00:00+00:00,0.0022263289529059205,9283.879565530315
2016-11-11 00:00:00+00:00,0.0004597216853639563,9288.147566290896
2016-11-14 00:00:00+00:00,0.0017437723393266547,9304.343981100577
2016-11-15 00:00:00+00:00,-0.0004557219519367439,9300.103787300019
2016-11-16 00:00:00+00:00,0.0011870318471383645,9311.143306677237
2016-11-17 00:00:00+00:00,0.0012722610131722933,9322.989511294383
2016-11-18 00:00:00+00:00,0.0011754179810321563,9333.947920802932
2016-11-21 00:00:00+00:00,-0.0014398966355046172,9320.508000595793
2016-11-22 00:00:00+00:00,0.003953251790623474,9357.354315538669
2016-11-23 00:00:00+00:00,0.007399546349498631,9426.594492505179
2016-11-25 00:00:00+00:00,0.006391406965947782,9486.843694209741
2016-11-28 00:00:00+00:00,-0.0047299129493759695,9441.971749371794
2016-11-29 00:00:00+00:00,-0.005749457542468334,9387.685533681595
2016-11-30 00:00:00+00:00,0.002484008528764181,9411.004624612617
2016-12-01 00:00:00+00:00,-6.472644526614446e-05,9410.395483736884
2016-12-02 00:00:00+00:00,-0.004366894277239098,9369.301281552396
2016-12-05 00:00:00+00:00,0.006325114501257478,9428.563184954994
2016-12-06 00:00:00+00:00,0.0011109576316465696,9439.037919180782
2016-12-07 00:00:00+00:00,-0.0022233161798253186,9418.051953453083
2016-12-08 00:00:00+00:00,0.0016729000974860851,9433.807413484143
2016-12-09 00:00:00+00:00,0.0055094312408518805,9485.782326768172
2016-12-12 00:00:00+00:00,-0.0025249629438212295,9461.831077899928
2016-12-13 00:00:00+00:00,0.000264457155971598,9464.333326837073
2016-12-14 00:00:00+00:00,0.004953715789545709,9511.21694427575
2016-12-15 00:00:00+00:00,0.0036276630930056676,9545.720434954068
2016-12-16 00:00:00+00:00,-0.00589949302828976,9489.405523798054
2016-12-19 00:00:00+00:00,-0.005786424058560802,9434.495799373708
2016-12-20 00:00:00+00:00,0.001396719320263895,9447.673141933643
2016-12-21 00:00:00+00:00,-0.0009733600140249765,9438.477154671707
2016-12-22 00:00:00+00:00,0.0013389619865218415,9451.114916792469
2016-12-23 00:00:00+00:00,7.116045280775581e-05,9451.787462409487
2016-12-27 00:00:00+00:00,0.0013309800619271449,9464.367603071527
2016-12-28 00:00:00+00:00,-0.002724879996239321,9438.578337112864
2016-12-29 00:00:00+00:00,-0.002257057301919685,9417.27492495734
2016-12-30 00:00:00+00:00,-0.006350275483125017,9357.472634883536
2017-01-03 00:00:00+00:00,0.007353588827632607,9426.283641106293
2017-01-04 00:00:00+00:00,-0.005184495889720991,9377.413112313632
2017-01-05 00:00:00+00:00,-0.0029820833810934202,9349.448884513755
2017-01-06 00:00:00+00:00,0.00067622526124706,9355.771218028201
2017-01-09 00:00:00+00:00,-0.0032328504886114883,9325.525408474661
2017-01-10 00:00:00+00:00,-0.0037551907951254514,9290.50628130105
2017-01-11 00:00:00+00:00,-0.00037027894292165887,9287.066202456002
2017-01-12 00:00:00+00:00,-0.0013038563220434396,9274.957202474694
2017-01-13 00:00:00+00:00,0.00018800067546645427,9276.700900693682
2017-01-17 00:00:00+00:00,-0.0034634396288898694,9244.57160716886
2017-01-18 00:00:00+00:00,0.0033527567997318486,9275.566407485403
2017-01-19 00:00:00+00:00,-0.0016269516994906474,9260.475508955007
2017-01-20 00:00:00+00:00,0.00037465075017903415,9263.94495305145
2017-01-23 00:00:00+00:00,-0.0026152614223108606,9239.717315197324
2017-01-24 00:00:00+00:00,0.002414118515794983,9262.023087848653
2017-01-25 00:00:00+00:00,0.0004980877973683739,9266.636388527655
2017-01-26 00:00:00+00:00,0.0011873443807062511,9277.639077171621
2017-01-27 00:00:00+00:00,0.0002293048721051516,9279.76648501365
2017-01-30 00:00:00+00:00,-0.002658449858565559,9255.096691114044
2017-01-31 00:00:00+00:00,-0.001858160740029785,9237.899233797436
2017-02-01 00:00:00+00:00,0.0005934903862521712,9243.381838181862
2017-02-02 00:00:00+00:00,-0.0007301316765228605,9236.63295230361
2017-02-03 00:00:00+00:00,-0.0020305962054471827,9217.877080479551
2017-02-06 00:00:00+00:00,0.0003557369550560019,9221.156220004243
2017-02-07 00:00:00+00:00,0.0011367051309826848,9231.637955593114
2017-02-08 00:00:00+00:00,0.002995550356833465,9259.291791965148
2017-02-09 00:00:00+00:00,0.0016564708333315359,9274.629538755846
2017-02-10 00:00:00+00:00,0.007856967097219336,9347.499997880748
2017-02-13 00:00:00+00:00,-0.00010607334697115238,9346.508477270161
2017-02-14 00:00:00+00:00,-6.480044524411758e-05,9345.902819359357
2017-02-15 00:00:00+00:00,0.0018892121978848766,9363.559212965936
2017-02-16 00:00:00+00:00,-0.001465192474827487,9349.839796469496
2017-02-17 00:00:00+00:00,-0.0025169113554983358,9326.307078513673
2017-02-21 00:00:00+00:00,0.0037564494663621384,9361.340879761885
2017-02-22 00:00:00+00:00,0.0002359679512060342,9363.549856189824
2017-02-23 00:00:00+00:00,-0.006520811826212641,9302.49190955225
2017-02-24 00:00:00+00:00,0.005549788869863348,9354.118775613877
2017-02-27 00:00:00+00:00,-0.0005340388204293223,9349.123313056793
2017-02-28 00:00:00+00:00,0.0008367509529624839,9356.946200898357
2017-03-01 00:00:00+00:00,0.005159279048258025,9405.221297388329
2017-03-02 00:00:00+00:00,-0.007633373352055356,9333.427731766662
2017-03-03 00:00:00+00:00,0.000925113999499072,9342.06221642463
2017-03-06 00:00:00+00:00,-0.0047732936860716,9297.469809832084
2017-03-07 00:00:00+00:00,-0.003801676305618229,9262.123839153845
2017-03-08 00:00:00+00:00,-0.0025549967315232625,9238.459143017843
2017-03-09 00:00:00+00:00,-0.0009684085550946129,9229.51254014785
2017-03-10 00:00:00+00:00,0.003062150648614592,9257.774697959063
2017-03-13 00:00:00+00:00,0.0023004865458667867,9279.072084096382
2017-03-14 00:00:00+00:00,-0.001381138521792391,9266.256400194548
2017-03-15 00:00:00+00:00,0.006081521278373525,9322.609335663197
2017-03-16 00:00:00+00:00,0.001011029866346408,9332.034772133833
2017-03-17 00:00:00+00:00,0.002226889514491126,9352.816182516766
2017-03-20 00:00:00+00:00,-0.001906016283790779,9334.989562573586
2017-03-21 00:00:00+00:00,-0.00647001659460808,9274.592025193242
2017-03-22 00:00:00+00:00,0.0033217166480341564,9305.399591927051
2017-03-23 00:00:00+00:00,-0.0004562263941886857,9301.154223024741
2017-03-24 00:00:00+00:00,0.0002605329094941544,9303.57747979612
2017-03-27 00:00:00+00:00,-0.0028522642967818146,9277.041217918153
2017-03-28 00:00:00+00:00,0.0043411492353182535,9317.314238307335
2017-03-29 00:00:00+00:00,0.0027020745835930615,9342.490316298014
2017-03-30 00:00:00+00:00,0.0007897350723788388,9349.868408564154
2017-03-31 00:00:00+00:00,-0.0034111614492070286,9317.974497893701
2017-04-03 00:00:00+00:00,-0.004322499196825286,9277.697560610519
2017-04-04 00:00:00+00:00,0.0019479288909005077,9295.76985572987
2017-04-05 00:00:00+00:00,0.002572363469650424,9319.681954529027
2017-04-06 00:00:00+00:00,-0.0018931458306779558,9302.038437493566
2017-04-07 00:00:00+00:00,-0.001402743158450237,9288.99006671573
2017-04-10 00:00:00+00:00,-0.004712366711571797,9245.216939141219
2017-04-11 00:00:00+00:00,-0.0011445163297079397,9234.63563738268
2017-04-12 00:00:00+00:00,-0.0031692162754159703,9205.369079823151
2017-04-13 00:00:00+00:00,-0.0006011416225268849,9199.835349318548
2017-04-17 00:00:00+00:00,0.004979004817936483,9245.641373847027
2017-04-18 00:00:00+00:00,-0.005996822901405014,9190.196899918163
2017-04-19 00:00:00+00:00,0.0002647001689203343,9192.629546589984
2017-04-20 00:00:00+00:00,0.006577089539331426,9253.090294219808
2017-04-21 00:00:00+00:00,0.0005592246634551327,9258.264850525513
2017-04-24 00:00:00+00:00,0.0026705418629661246,9282.98943438727
2017-04-25 00:00:00+00:00,-0.000285459177355274,9280.339519859932
2017-04-26 00:00:00+00:00,-0.001971604583149589,9262.042359929392
2017-04-27 00:00:00+00:00,-0.000500471193206725,9257.406974537987
2017-04-28 00:00:00+00:00,-0.0004061528565882322,9253.64705225068
2017-05-01 00:00:00+00:00,0.0007710006037915162,9260.781619715239
2017-05-02 00:00:00+00:00,0.00046377545286724906,9265.076542904828
2017-05-03 00:00:00+00:00,-0.0026230058258056798,9240.774193156254
2017-05-04 00:00:00+00:00,0.0003247372724180297,9243.775016962769
2017-05-05 00:00:00+00:00,0.0020348326358375136,9262.584552045626
2017-05-08 00:00:00+00:00,-0.0020600843547343094,9243.502846525553
2017-05-09 00:00:00+00:00,-0.0013462116191335029,9231.059135592066
2017-05-10 00:00:00+00:00,0.0009953038261616197,9240.246844069246
2017-05-11 00:00:00+00:00,-0.00036405007149972193,9236.882931544988
2017-05-12 00:00:00+00:00,0.0015367941201676393,9251.078118922862
2017-05-15 00:00:00+00:00,0.001705322760431399,9266.854192997589
2017-05-16 00:00:00+00:00,0.0016189326053812957,9281.856605399946
2017-05-17 00:00:00+00:00,-0.001482490126342545,9268.096344628313
2017-05-18 00:00:00+00:00,-0.0010229932324308743,9258.615144790241
2017-05-19 00:00:00+00:00,0.0013283149681238891,9270.913501871164
2017-05-22 00:00:00+00:00,-0.00039123608067266873,9267.286386008436
2017-05-23 00:00:00+00:00,-0.0017206474782711588,9251.340653057934
2017-05-24 00:00:00+00:00,0.0012680971883958557,9263.072252128968
2017-05-25 00:00:00+00:00,-0.0001686139749217053,9261.51036869655
2017-05-26 00:00:00+00:00,-0.00019214154734980562,9259.730847763512
2017-05-30 00:00:00+00:00,0.0005458440177605106,9264.785216452838
2017-05-31 00:00:00+00:00,0.0007004892136451335,9271.275098563701
2017-06-01 00:00:00+00:00,-0.0008742224213082683,9263.16994199842
2017-06-02 00:00:00+00:00,0.0019465756042089165,9281.201402625156
2017-06-05 00:00:00+00:00,0.0002903712552788151,9283.896396726932
2017-06-06 00:00:00+00:00,0.0015405105818903973,9298.198337367265
2017-06-07 00:00:00+00:00,-0.0008651457508809746,9290.154040584845
2017-06-08 00:00:00+00:00,-0.0006104594716249357,9284.482778057914
2017-06-09 00:00:00+00:00,-0.0010722209395219952,9274.52776121065
2017-06-12 00:00:00+00:00,0.00047194820929425394,9278.904857979604
2017-06-13 00:00:00+00:00,0.0017648039339379974,9295.280305775601
2017-06-14 00:00:00+00:00,0.001331849513612293,9307.660220329739
2017-06-15 00:00:00+00:00,-0.0028912325755336642,9280.749609898721
2017-06-16 00:00:00+00:00,0.0014286750674581737,9294.008785473707
2017-06-19 00:00:00+00:00,0.00011694148513525234,9295.09564066394
2017-06-20 00:00:00+00:00,-0.0020844414129766674,9275.720558372961
2017-06-21 00:00:00+00:00,-0.00019147345504269,9273.944504109639
2017-06-22 00:00:00+00:00,0.0007641776760115903,9281.03144546825
2017-06-23 00:00:00+00:00,0.0012609047965582486,9292.73394253485
2017-06-26 00:00:00+00:00,-7.638632616032707e-05,9292.024104728993
2017-06-27 00:00:00+00:00,-0.0013014738632152135,9279.930778220321
2017-06-28 00:00:00+00:00,0.003091309455902308,9308.617915985154
2017-06-29 00:00:00+00:00,-0.0024206090830978465,9286.085390906634
2017-06-30 00:00:00+00:00,5.874578393536574e-05,9286.630909272613
2017-07-03 00:00:00+00:00,-0.00040195824303009833,9282.898071428652
2017-07-05 00:00:00+00:00,-0.00011412767185616794,9281.838635883683
2017-07-06 00:00:00+00:00,-0.001879187604788052,9264.396319769488
2017-07-07 00:00:00+00:00,0.0012787701052655919,9276.243352826543
2017-07-10 00:00:00+00:00,0.00031664262057962687,9279.180606830916
2017-07-11 00:00:00+00:00,0.0009280220554953089,9287.79189109098
2017-07-12 00:00:00+00:00,0.002500028601927057,9311.01163646745
2017-07-13 00:00:00+00:00,0.0006231451639384713,9316.81374834009
2017-07-14 00:00:00+00:00,0.003402047585788748,9348.509992059875
2017-07-17 00:00:00+00:00,0.0006724041494894197,9354.795968970078
2017-07-18 00:00:00+00:00,0.0008052421413121235,9362.32884490767
2017-07-19 00:00:00+00:00,-0.0018086959797823875,9345.395238364483
2017-07-20 00:00:00+00:00,0.0009439167882216215,9354.216513822543
2017-07-21 00:00:00+00:00,0.0017395830461975125,9370.488950280449
2017-07-24 00:00:00+00:00,0.0009890643299849176,9379.75696665569
2017-07-25 00:00:00+00:00,0.0056559406968300415,9432.808315809772
2017-07-26 00:00:00+00:00,0.0016583338346393194,9448.451060995547
2017-07-27 00:00:00+00:00,-0.002627141830103924,9423.628639983515
2017-07-28 00:00:00+00:00,0.00031829273133613387,9426.628112482433
2017-07-31 00:00:00+00:00,0.0015407542026105224,9441.152229363186
2017-08-01 00:00:00+00:00,-0.001973808019634643,9422.517207378278
2017-08-02 00:00:00+00:00,0.0023551491337993947,9444.708640617446
2017-08-03 00:00:00+00:00,-0.0016696383357439005,9428.93939300114
2017-08-04 00:00:00+00:00,7.888548106319556e-05,9429.683199421072
2017-08-07 00:00:00+00:00,0.005137750000665553,9478.130554285173
2017-08-08 00:00:00+00:00,0.00392939514170188,9515.373874437599
2017-08-09 00:00:00+00:00,-0.0007246376363586549,9508.478676404156
2017-08-10 00:00:00+00:00,-0.004241743174082652,9468.146151882609
2017-08-11 00:00:00+00:00,0.00027449695468806953,9470.745129167843
2017-08-14 00:00:00+00:00,-0.00044546144919884736,9466.52627731761
2017-08-15 00:00:00+00:00,0.0003164473883278451,9469.521934834604
2017-08-16 00:00:00+00:00,0.010034444574603623,9564.543327837695
2017-08-17 00:00:00+00:00,-0.005970237727394962,9507.440730416536
2017-08-18 00:00:00+00:00,0.00496519034021956,9554.646983291408
2017-08-21 00:00:00+00:00,0.002383042290996623,9577.416111128136
2017-08-22 00:00:00+00:00,-0.001106765569299223,9566.816156733488
2017-08-23 00:00:00+00:00,0.0008766415004541394,9575.202824803697
2017-08-24 00:00:00+00:00,0.0008841793187649771,9583.669021114369
2017-08-25 00:00:00+00:00,-1.3722432430052258e-05,9583.537509863796
2017-08-28 00:00:00+00:00,0.001970828905375066,9602.42502260398
2017-08-29 00:00:00+00:00,0.0004227941487455533,9606.484871717306
2017-08-30 00:00:00+00:00,-0.0032946195281299442,9574.835159062262
2017-08-31 00:00:00+00:00,0.002494493344501175,9598.719521641238
2017-09-01 00:00:00+00:00,0.0019459051673114734,9617.397719557974
2017-09-05 00:00:00+00:00,-0.003928141814104275,9579.619217432908
2017-09-06 00:00:00+00:00,0.002258582954980054,9601.255582112602
2017-09-07 00:00:00+00:00,0.0025109761992843705,9625.364106362533
2017-09-08 00:00:00+00:00,-0.006594845513703091,9561.886317067929
2017-09-11 00:00:00+00:00,0.0010433016160921792,9571.862248515416
2017-09-12 00:00:00+00:00,-0.0016878309432339868,9555.706563227997
2017-09-13 00:00:00+00:00,-0.004972701248735107,9508.18888926849
2017-09-14 00:00:00+00:00,-0.0008823436783804928,9499.799398909196
2017-09-15 00:00:00+00:00,0.0008403476791066566,9507.782533286047
2017-09-18 00:00:00+00:00,0.0014087145746237205,9521.17628511304
2017-09-19 00:00:00+00:00,0.0019182020066486115,9539.439824568799
2017-09-20 00:00:00+00:00,0.00022579919004009905,9541.593822354622
2017-09-21 00:00:00+00:00,-0.004873111146705378,9495.09657514157
2017-09-22 00:00:00+00:00,0.0022618903740772634,9516.573442685814
2017-09-25 00:00:00+00:00,-0.00045146716639579145,9512.277022239849
2017-09-26 00:00:00+00:00,-0.001769351997605528,9495.446455888772
2017-09-27 00:00:00+00:00,0.0006948533553163272,9502.044398718874
2017-09-28 00:00:00+00:00,0.0029753884989099644,9530.316672338951
2017-09-29 00:00:00+00:00,-0.0009167940877048697,9521.579334359796
2017-10-02 00:00:00+00:00,0.002659610814639951,9546.903029729912
2017-10-03 00:00:00+00:00,0.0032950993377332317,9578.361023580579
2017-10-04 00:00:00+00:00,0.00040050384252569014,9582.19719397562
2017-10-05 00:00:00+00:00,0.005079863246016841,9630.873445317384
2017-10-06 00:00:00+00:00,-0.0027222065154868746,9604.656218874712
2017-10-09 00:00:00+00:00,0.0006596536865466684,9610.991965757506
2017-10-10 00:00:00+00:00,0.002002522439816057,9630.238192837827
2017-10-11 00:00:00+00:00,-0.0015447481790252183,9615.361899925863
2017-10-12 00:00:00+00:00,0.001680307266908687,9631.518662400265
2017-10-13 00:00:00+00:00,-0.0007643486675203926,9624.156823944462
2017-10-16 00:00:00+00:00,0.0015346475440550843,9638.92651257793
2017-10-17 00:00:00+00:00,-0.003924893920804024,9601.094748505637
2017-10-18 00:00:00+00:00,0.0007073844371171036,9607.886413510016
2017-10-19 00:00:00+00:00,0.00014502961481538954,9609.279841575757
2017-10-20 00:00:00+00:00,0.002572393632672704,9633.998691854797
2017-10-23 00:00:00+00:00,0.0009759326128768786,9643.40082537059
2017-10-24 00:00:00+00:00,0.0033411259125769367,9675.620641753601
2017-10-25 00:00:00+00:00,6.618497491137628e-05,9676.261022463028
2017-10-26 00:00:00+00:00,0.0028843961037289313,9704.171192054884
2017-10-27 00:00:00+00:00,-0.0018588222890089047,9686.132862346734
2017-10-30 00:00:00+00:00,-0.002144473803551089,9665.361204165716
2017-10-31 00:00:00+00:00,0.0027210450029451273,9691.661086971972
2017-11-01 00:00:00+00:00,0.0006607287305132103,9698.06464589853
2017-11-02 00:00:00+00:00,-0.00040755133101788024,9694.112186743796
2017-11-03 00:00:00+00:00,0.0002006520483145757,9696.057330210659
2017-11-06 00:00:00+00:00,0.0003513755561880882,9699.464287747895
2017-11-07 00:00:00+00:00,-0.004389145561333347,9656.891927122015
2017-11-08 00:00:00+00:00,-0.0005975983867450241,9651.120984085395
2017-11-09 00:00:00+00:00,-0.002323797235512398,9628.693735822982
2017-11-10 00:00:00+00:00,0.0022752845975363757,9650.601754374497
2017-11-13 00:00:00+00:00,0.002108477510941431,9670.949831140648
2017-11-14 00:00:00+00:00,-0.006521535888976826,9607.880384736369
2017-11-15 00:00:00+00:00,-0.0021834820964430567,9586.90174993153
2017-11-16 00:00:00+00:00,0.0025840231824744765,9611.67452630146
2017-11-17 00:00:00+00:00,-0.0014685506573085484,9597.559295358025
2017-11-20 00:00:00+00:00,0.0008051521125672147,9605.286790500171
2017-11-21 00:00:00+00:00,0.0014907331502528652,9619.605709936457
2017-11-22 00:00:00+00:00,-0.0008221776800924008,9611.696684830458
2017-11-24 00:00:00+00:00,0.0004762962010861127,9616.274699447433
2017-11-27 00:00:00+00:00,-0.0004057135357269315,9612.373246638599
2017-11-28 00:00:00+00:00,0.002273599360843237,9634.227932308342
2017-11-29 00:00:00+00:00,0.0008475546756143204,9642.393467238306
2017-11-30 00:00:00+00:00,0.002341082987366855,9664.967110541955
2017-12-01 00:00:00+00:00,-0.0011335518825959458,9654.011368878571
2017-12-04 00:00:00+00:00,-0.0005789761981704776,9648.421926079123
2017-12-05 00:00:00+00:00,-0.0021472216110451528,9627.704626006964
2017-12-06 00:00:00+00:00,-0.0010701234984927144,9617.401793050127
2017-12-07 00:00:00+00:00,0.000653328150122906,9623.68511237257
2017-12-08 00:00:00+00:00,0.0006077936275838247,9629.534326857744
2017-12-11 00:00:00+00:00,0.0012125690835589453,9641.210802471562
2017-12-12 00:00:00+00:00,-0.0004904285421489685,9636.482477513155
2017-12-13 00:00:00+00:00,0.0007867832014594011,9644.06430004762
2017-12-14 00:00:00+00:00,-0.0008511600227530281,9635.855658058561
2017-12-15 00:00:00+00:00,0.0009364637080147952,9644.879287178
2017-12-18 00:00:00+00:00,0.0028401264344044383,9672.271963798155
2017-12-19 00:00:00+00:00,0.001081293825292412,9682.73053174916
2017-12-20 00:00:00+00:00,-0.00012237148777384806,9681.545641608276
2017-12-21 00:00:00+00:00,0.00021057697578154004,9683.584352210377
2017-12-22 00:00:00+00:00,0.000533077324847625,9688.746451451789
2017-12-26 00:00:00+00:00,-0.001360961764663593,9675.560437983842
2017-12-27 00:00:00+00:00,-0.00010967864022333747,9674.499235671605
2017-12-28 00:00:00+00:00,0.001602466493324639,9690.002296536466
2017-12-29 00:00:00+00:00,-0.0013833156322186513,9676.597964883433
2018-01-02 00:00:00+00:00,0.003475383386810815,9710.227852691436
2018-01-03 00:00:00+00:00,0.0016772773738437218,9726.514598163623
2018-01-04 00:00:00+00:00,0.0006451823803924727,9732.789974004989
2018-01-05 00:00:00+00:00,0.00268560475815231,9758.928401069274
2018-01-08 00:00:00+00:00,0.0002786039175544763,9761.647276752943
2018-01-09 00:00:00+00:00,0.0003517578866776671,9765.081013169507
2018-01-10 00:00:00+00:00,0.0001769023659439594,9766.808479104371
2018-01-11 00:00:00+00:00,0.00223802288153192,9788.666819960146
2018-01-12 00:00:00+00:00,0.006082317140195898,9848.204595938856
2018-01-16 00:00:00+00:00,-0.0004110042159970906,9844.156942329924
2018-01-17 00:00:00+00:00,0.0011691273588361028,9855.666015535879
2018-01-18 00:00:00+00:00,0.0014238902172339196,9869.699401959724
2018-01-19 00:00:00+00:00,0.0016445429945119827,9885.930546969155
2018-01-22 00:00:00+00:00,0.0042581912929247736,9928.026730346719
2018-01-23 00:00:00+00:00,-0.0022518135869702585,9905.670664863519
2018-01-24 00:00:00+00:00,0.006502893540055743,9970.086186639981
2018-01-25 00:00:00+00:00,-0.001632598015824427,9953.809043714075
2018-01-26 00:00:00+00:00,0.005700956943210667,10010.55528049323
2018-01-29 00:00:00+00:00,-0.0013639432924163642,9996.901450765037
2018-01-30 00:00:00+00:00,-0.0032499759083602256,9964.4117618918
2018-01-31 00:00:00+00:00,0.00018448769226868104,9966.250073222567
2018-02-01 00:00:00+00:00,0.004099597934643329,10007.10769143889
2018-02-02 00:00:00+00:00,-0.009072410815374039,9916.319099388467
2018-02-05 00:00:00+00:00,-0.01162766845573775,9801.01542859948
2018-02-06 00:00:00+00:00,0.0032810989764622375,9833.173530290547
2018-02-07 00:00:00+00:00,-0.007490408453403585,9759.519044155475
2018-02-08 00:00:00+00:00,-0.00927076130457809,9669.040872649626
2018-02-09 00:00:00+00:00,-0.0027536734215579286,9642.415491786653
2018-02-12 00:00:00+00:00,0.0021451784561042184,9663.10019376444
2018-02-13 00:00:00+00:00,0.005343878176860312,9714.73862401071
2018-02-14 00:00:00+00:00,0.009169926586518783,9803.822064000107
2018-02-15 00:00:00+00:00,0.000389971259864269,9807.64527284189
2018-02-16 00:00:00+00:00,-0.0006252780575054962,9801.512767456985
2018-02-20 00:00:00+00:00,-0.004059497152683544,9761.723554285503
2018-02-21 00:00:00+00:00,0.00016618114667278354,9763.345768699257
2018-02-22 00:00:00+00:00,0.0010941630002218705,9774.028460397742
2018-02-23 00:00:00+00:00,-0.0035568581844577676,9739.263627273252
2018-02-26 00:00:00+00:00,0.0004048280026654027,9743.206353914913
2018-02-27 00:00:00+00:00,-0.0053319912883914465,9691.255662514839
2018-02-28 00:00:00+00:00,-0.00846518880252416,9609.21735359812
2018-03-01 00:00:00+00:00,0.0001926568837398001,9611.068635468642
2018-03-02 00:00:00+00:00,-0.0021620099499320314,9590.28940944928
2018-03-05 00:00:00+00:00,-0.0015780002079851419,9575.155930766532
2018-03-06 00:00:00+00:00,0.001014783717313239,9584.87264309581
2018-03-07 00:00:00+00:00,-0.0025421188448156054,9560.50675772464
2018-03-08 00:00:00+00:00,-0.004355221389812719,9518.868634195947
2018-03-09 00:00:00+00:00,0.00044985141828064474,9523.150710751468
2018-03-12 00:00:00+00:00,0.0010562183225277632,9533.209237020357
2018-03-13 00:00:00+00:00,0.000453694420675732,9537.534400862327
2018-03-14 00:00:00+00:00,-0.0005571462274578832,9532.220599551636
2018-03-15 00:00:00+00:00,-0.0007549199791892114,9525.024535774995
2018-03-16 00:00:00+00:00,-0.0003933378390661047,9521.277983207043
2018-03-19 00:00:00+00:00,-2.966330845805069e-06,9521.249739946468
2018-03-20 00:00:00+00:00,-0.0008079794951348807,9513.556765388534
2018-03-21 00:00:00+00:00,0.002701435915176059,9539.25702931562
2018-03-22 00:00:00+00:00,-0.0008420662082915143,9531.224343319025
2018-03-23 00:00:00+00:00,0.0007069887919963879,9537.962812103755
2018-03-26 00:00:00+00:00,5.733193663394191e-05,9538.509641983315
2018-03-27 00:00:00+00:00,-0.00043011014821882636,9534.407032187417
2018-03-28 00:00:00+00:00,-0.002725769201376227,9508.418439145695
2018-03-29 00:00:00+00:00,-9.125112968594377e-06,9508.331673753286
2018-04-02 00:00:00+00:00,-0.0006224536688894556,9502.41317781794
2018-04-03 00:00:00+00:00,0.0014214234974226747,9515.920131191107
2018-04-04 00:00:00+00:00,0.0006817513390644902,9522.407622482979
2018-04-05 00:00:00+00:00,-0.0029285769892293924,9494.520518637712
2018-04-06 00:00:00+00:00,0.003833058714521631,9530.91357325188
2018-04-09 00:00:00+00:00,-0.002546216249080141,9506.645806243088
2018-04-10 00:00:00+00:00,-0.010233035116939048,9409.3639658635
2018-04-11 00:00:00+00:00,0.001424404015518793,9422.766701679953
2018-04-12 00:00:00+00:00,0.0014544084971082282,9436.471253637146
2018-04-13 00:00:00+00:00,0.0011287076637956027,9447.122271060312
2018-04-16 00:00:00+00:00,-0.006574723497380536,9385.010054282144
2018-04-17 00:00:00+00:00,-0.0050357849807902205,9337.749161606225
2018-04-18 00:00:00+00:00,0.0002786413402588565,9340.351044547615
2018-04-19 00:00:00+00:00,-0.0014005102370802547,9327.269787291803
2018-04-20 00:00:00+00:00,-6.462624128421586e-05,9326.667000904008
2018-04-23 00:00:00+00:00,-0.00138938056886036,9313.70871100072
2018-04-24 00:00:00+00:00,-0.0005776160944007847,9308.328962950685
2018-04-25 00:00:00+00:00,0.00014672840281949588,9309.694759192338
2018-04-26 00:00:00+00:00,-0.0013875298218640642,9296.777280081507
2018-04-27 00:00:00+00:00,-0.0001704451907773464,9295.19268910439
2018-04-30 00:00:00+00:00,4.215780931383632e-05,9295.584554065312
2018-05-01 00:00:00+00:00,-0.001501272073588289,9281.629352566615
2018-05-02 00:00:00+00:00,-0.0004464692316246075,9277.485390641352
2018-05-03 00:00:00+00:00,-0.0003517128973353989,9274.222379374623
2018-05-04 00:00:00+00:00,-4.113820859876775e-05,9273.84085447979
2018-05-07 00:00:00+00:00,5.213364528889316e-05,9274.324333609362
2018-05-08 00:00:00+00:00,0.00033158703155642397,9277.399579284835
2018-05-09 00:00:00+00:00,0.00042522378856064134,9281.34455028193
2018-05-10 00:00:00+00:00,-0.0006014032109603829,9275.762719867362
2018-05-11 00:00:00+00:00,-0.00019647092681914782,9273.940302168834
2018-05-14 00:00:00+00:00,0.0003005988336285181,9276.728037806804
2018-05-15 00:00:00+00:00,0.0012020057620032497,9287.878718360786
2018-05-16 00:00:00+00:00,0.0005311429534913039,9292.811909694925
2018-05-17 00:00:00+00:00,0.00011689344833879508,9293.898178523814
2018-05-18 00:00:00+00:00,3.3391451939401815e-05,9294.208515278173
2018-05-21 00:00:00+00:00,-3.94443940487044e-05,9293.841910855124
2018-05-22 00:00:00+00:00,0.0004351598014981417,9297.886217256208
2018-05-23 00:00:00+00:00,-0.0012302877470103614,9286.44714177002
2018-05-24 00:00:00+00:00,-0.001487882062722151,9272.630003641365
2018-05-25 00:00:00+00:00,-0.00036046405609260204,9269.287553819606
2018-05-29 00:00:00+00:00,-0.003086485664604921,9240.678030663641
2018-05-30 00:00:00+00:00,0.0021465221287386704,9260.51335054101
2018-05-31 00:00:00+00:00,-0.0016970733936546856,9244.797579722224
2018-06-01 00:00:00+00:00,0.0019750137614506502,9263.056182164
2018-06-04 00:00:00+00:00,0.0020959499887790445,9282.471084665067
2018-06-05 00:00:00+00:00,0.00029915919827971926,9285.24802127281
2018-06-06 00:00:00+00:00,0.0013142416819784397,9297.451081249874
2018-06-07 00:00:00+00:00,-0.0001225311866564769,9296.311853536008
2018-06-08 00:00:00+00:00,0.0006194418479316399,9302.070378129512
2018-06-11 00:00:00+00:00,0.0008663838153377679,9310.129541354256
2018-06-12 00:00:00+00:00,0.0011188985509736349,9320.546631807454
2018-06-13 00:00:00+00:00,-0.0017992600380378476,9303.776544720175
2018-06-14 00:00:00+00:00,0.003988200699569011,9340.88187284446
2018-06-15 00:00:00+00:00,0.0005178553568359057,9345.719098559885
2018-06-18 00:00:00+00:00,-0.0018172176696747422,9328.735892678165
2018-06-19 00:00:00+00:00,0.000665402569670348,9334.94325751293
2018-06-20 00:00:00+00:00,0.00012846841633268324,9336.14250288978
2018-06-21 00:00:00+00:00,-0.0023858755230596884,9313.867629012339
2018-06-22 00:00:00+00:00,0.00019435177888549315,9315.677795754342
2018-06-25 00:00:00+00:00,-0.0030253873842138457,9287.494261675665
2018-06-26 00:00:00+00:00,0.0006465460939254208,9293.499054812906
2018-06-27 00:00:00+00:00,0.0010597315931194506,9303.347669371917
2018-06-28 00:00:00+00:00,0.00011443538520905516,9304.412301546197
2018-06-29 00:00:00+00:00,-0.0011894832367563557,9293.344859085637
2018-07-02 00:00:00+00:00,0.00213156441210674,9313.154222256699
2018-07-03 00:00:00+00:00,-0.0013882823063636196,9300.224935033504
2018-07-05 00:00:00+00:00,0.002127102268026232,9320.00746458597
2018-07-06 00:00:00+00:00,-0.0001555749891501701,9318.557504525786
2018-07-09 00:00:00+00:00,0.0021839185106737324,9338.908474752698
2018-07-10 00:00:00+00:00,0.0008317152512155035,9346.675787360855
2018-07-11 00:00:00+00:00,-0.0005407524107201578,9341.621549896621
2018-07-12 00:00:00+00:00,0.0026026589759862774,9365.934605073724
2018-07-13 00:00:00+00:00,0.0006588402151396277,9372.105259443915
2018-07-16 00:00:00+00:00,0.000195127238653342,9373.93401246356
2018-07-17 00:00:00+00:00,0.003899635026935,9410.48893387874
2018-07-18 00:00:00+00:00,-0.0034656757360871314,9377.87523071588
2018-07-19 00:00:00+00:00,0.004537187125101349,9420.42440547349
2018-07-20 00:00:00+00:00,-0.005394756685850844,9369.603507928508
2018-07-23 00:00:00+00:00,-0.000541908986601164,9364.526035586674
2018-07-24 00:00:00+00:00,-0.003440876257341985,9332.303860289561
2018-07-25 00:00:00+00:00,-0.0004109891166374722,9328.468384969829
2018-07-26 00:00:00+00:00,0.004137018185566837,9367.060428321935
2018-07-27 00:00:00+00:00,-0.003304564091624934,9336.10637678642
2018-07-30 00:00:00+00:00,-0.002171069251475416,9315.837043303276
2018-07-31 00:00:00+00:00,-0.0016491795867250249,9300.473555018203
2018-08-01 00:00:00+00:00,0.00671256271734928,9362.903567057312
2018-08-02 00:00:00+00:00,0.004009398936991882,9400.443182666228
2018-08-03 00:00:00+00:00,-0.0027169679113067282,9374.902480186862
2018-08-06 00:00:00+00:00,0.0018936167276591477,9392.654952343517
2018-08-07 00:00:00+00:00,0.00030674645057319203,9395.536115911607
2018-08-08 00:00:00+00:00,-0.004050224677695747,9357.48208367476
2018-08-09 00:00:00+00:00,0.0018115451189187946,9374.433584668812
2018-08-10 00:00:00+00:00,0.002595000327588698,9398.760242891987
2018-08-13 00:00:00+00:00,0.0020197265393001374,9417.743168391075
2018-08-14 00:00:00+00:00,0.004097828587706081,9456.335465578179
2018-08-15 00:00:00+00:00,0.00769594238756866,9529.110878518792
2018-08-16 00:00:00+00:00,-0.0015993814452876177,9513.870195389602
2018-08-17 00:00:00+00:00,-0.0041692707785551345,9474.204294392997
2018-08-20 00:00:00+00:00,0.00023798926259991358,9476.45905328674
2018-08-21 00:00:00+00:00,-0.0023740240905940567,9453.961711200709
2018-08-22 00:00:00+00:00,-0.0008086779671881372,9446.31650066222
2018-08-23 00:00:00+00:00,0.0016990710396054874,9462.366463459442
2018-08-24 00:00:00+00:00,-0.004106913179927946,9423.505345917354
2018-08-27 00:00:00+00:00,0.0011115511742429472,9433.980054350093
2018-08-28 00:00:00+00:00,0.000515719093131334,9438.845337988341
2018-08-29 00:00:00+00:00,0.0011611868248263268,9449.805600836386
2018-08-30 00:00:00+00:00,-0.0009653133860121899,9440.683576994685
2018-08-31 00:00:00+00:00,0.001515589452807664,9454.991777451272
2018-09-04 00:00:00+00:00,0.00020802442287865008,9456.958646659099
2018-09-05 00:00:00+00:00,-0.0016438410991180263,9441.41290936306
2018-09-06 00:00:00+00:00,-0.0003914126994846723,9437.717420449257
2018-09-07 00:00:00+00:00,-0.00016431427085172867,9436.166668792812
2018-09-10 00:00:00+00:00,-0.0003554060755782129,9432.812997828554
2018-09-11 00:00:00+00:00,0.0007663148275167675,9440.041502293983
2018-09-12 00:00:00+00:00,-0.006702209832919326,9376.772363314141
2018-09-13 00:00:00+00:00,0.0029658894476495058,9404.582833519506
2018-09-14 00:00:00+00:00,0.004463283089660824,9446.558149045668
2018-09-17 00:00:00+00:00,-0.003910218864881404,9409.620039163072
2018-09-18 00:00:00+00:00,-0.002851795012930747,9382.785731661812
2018-09-19 00:00:00+00:00,-0.0007924693885529466,9375.35016119012
2018-09-20 00:00:00+00:00,-0.00298443156908228,9347.370070197863
2018-09-21 00:00:00+00:00,-0.004343790412860304,9306.767053701482
2018-09-24 00:00:00+00:00,-0.00035394761853046444,9303.472945666605
2018-09-25 00:00:00+00:00,0.00031250976578875986,9306.380371817879
2018-09-26 00:00:00+00:00,-0.0014123177695034796,9293.236805449002
2018-09-27 00:00:00+00:00,0.0016136953535833885,9308.233258501707
2018-09-28 00:00:00+00:00,-0.00031215429971878097,9305.327653467279
2018-10-01 00:00:00+00:00,0.0006766130959695915,9311.623760019904
2018-10-02 00:00:00+00:00,6.67647263394355e-05,9312.245448032018
2018-10-03 00:00:00+00:00,0.0033872984255344575,9343.788802376328
2018-10-04 00:00:00+00:00,-0.0015122843703279322,9329.658336610848
2018-10-05 00:00:00+00:00,-0.0019711716938960676,9311.267978184
2018-10-08 00:00:00+00:00,-0.00011058768643914533,9310.238266600478
2018-10-09 00:00:00+00:00,-0.0007882757869035417,9302.899231204614
2018-10-10 00:00:00+00:00,-0.008046268806664031,9228.045603309034
2018-10-11 00:00:00+00:00,-0.0031868119516470167,9198.637557290065
2018-10-12 00:00:00+00:00,0.003059050546524894,9226.776654536976
2018-10-15 00:00:00+00:00,-0.0014646619029371145,9213.262546284166
2018-10-16 00:00:00+00:00,-0.0013164019300781705,9201.134189685921
2018-10-17 00:00:00+00:00,0.004623186532743578,9243.672749357644
2018-10-18 00:00:00+00:00,-0.002035320201408669,9224.858915475665
2018-10-19 00:00:00+00:00,0.000324652380056889,9227.853787878263
2018-10-22 00:00:00+00:00,0.002380637735647595,9249.821964824725
2018-10-23 00:00:00+00:00,0.00033146769506396407,9252.887981991156
2018-10-24 00:00:00+00:00,0.006705547955782609,9314.933666083884
2018-10-25 00:00:00+00:00,-0.005188501109926686,9266.603122418515
2018-10-26 00:00:00+00:00,0.005295767590682765,9315.67689890994
2018-10-29 00:00:00+00:00,-0.0017242196497705088,9299.614625749926
2018-10-30 00:00:00+00:00,-0.005453852001740195,9248.895903907867
2018-10-31 00:00:00+00:00,-0.005208225106293119,9200.72557205564
2018-11-01 00:00:00+00:00,-0.006403259069927942,9141.810942586459
2018-11-02 00:00:00+00:00,0.001592072886085627,9156.365371917871
2018-11-05 00:00:00+00:00,-0.0010609663758433198,9146.65077613333
2018-11-06 00:00:00+00:00,-0.0012516223880884804,9135.202623245896
2018-11-07 00:00:00+00:00,-0.005319884574284612,9086.604399727525
2018-11-08 00:00:00+00:00,0.002012056624277814,9104.88716230219
2018-11-09 00:00:00+00:00,0.0024162683043743084,9126.887012567364
2018-11-12 00:00:00+00:00,0.0064775280864763415,9186.006679533366
2018-11-13 00:00:00+00:00,-0.0003250039182531528,9183.021191369418
2018-11-14 00:00:00+00:00,0.0012395567195985556,9194.404066993397
2018-11-15 00:00:00+00:00,-0.003234459691431013,9164.665137651977
2018-11-16 00:00:00+00:00,-0.0022229593618207865,9144.29245948628
2018-11-19 00:00:00+00:00,0.0047600920413521704,9187.820133246478
2018-11-20 00:00:00+00:00,0.0054803556779703996,9238.172655481885
2018-11-21 00:00:00+00:00,-0.001424782153607246,9225.010271950412
2018-11-23 00:00:00+00:00,0.0009166884952392429,9233.466732735173
2018-11-26 00:00:00+00:00,-0.002768804157055571,9207.901071661541
2018-11-27 00:00:00+00:00,0.002227710747930717,9228.413611844764
2018-11-28 00:00:00+00:00,-0.008061198404363973,9154.02153876215
2018-11-29 00:00:00+00:00,0.0004776885553803345,9158.394310086922
2018-11-30 00:00:00+00:00,-0.0005875289656266603,9153.013488151117
2018-12-03 00:00:00+00:00,-0.003188172167375264,9123.832105300582
2018-12-04 00:00:00+00:00,0.008784043141818637,9203.976240132253
2018-12-06 00:00:00+00:00,-0.00017926547850088406,9202.326284927456
2018-12-07 00:00:00+00:00,0.007415919725618924,9270.569997945431
2018-12-10 00:00:00+00:00,0.0007540119435044179,9277.560118446974
2018-12-11 00:00:00+00:00,-0.00037009088252026314,9274.126578035102
2018-12-12 00:00:00+00:00,-0.002167118809030749,9254.028443890511
2018-12-13 00:00:00+00:00,0.0009251403375455991,9262.589718888748
2018-12-14 00:00:00+00:00,0.0058038233310280015,9316.348153204975
2018-12-17 00:00:00+00:00,0.0051493388686215166,9364.321186863883
2018-12-18 00:00:00+00:00,0.000649379040751552,9370.402180773499
2018-12-19 00:00:00+00:00,0.0038342979785306376,9406.331094913257
2018-12-20 00:00:00+00:00,0.0012428653671075261,9418.021898062672
2018-12-21 00:00:00+00:00,0.006294404684178445,9477.302739213532
2018-12-24 00:00:00+00:00,0.008187161770367856,9554.894949886224
2018-12-26 00:00:00+00:00,-0.014405986979221625,9417.247257650333
2018-12-27 00:00:00+00:00,-0.007186738694353151,9349.567962389488
2018-12-28 00:00:00+00:00,0.0012643175283486908,9361.388785046824
2018-12-31 00:00:00+00:00,-0.0015619147182016292,9346.76709412065
2019-01-02 00:00:00+00:00,0.000491003145780966,9351.356386166746
2019-01-03 00:00:00+00:00,0.0069610240874996895,9416.451403221647
2019-01-04 00:00:00+00:00,-0.009717431680395511,9324.947680039077
2019-01-07 00:00:00+00:00,-0.0024833508814051885,9301.790562998794
2019-01-08 00:00:00+00:00,-0.0029852801942799544,9274.022111859735
2019-01-09 00:00:00+00:00,-0.0008849500595823568,9265.815065439276
2019-01-10 00:00:00+00:00,-0.0013825158368862501,9253.004929369647
2019-01-11 00:00:00+00:00,-0.0009243533677612157,9244.451883101274
2019-01-14 00:00:00+00:00,0.0031890171867794245,9273.932599038839
2019-01-15 00:00:00+00:00,-0.003993345357637445,9236.898583347425
2019-01-16 00:00:00+00:00,-0.002612268957090036,9212.769319918358
2019-01-17 00:00:00+00:00,-0.005983085546811828,9157.648532954243
2019-01-18 00:00:00+00:00,-0.001469457376408739,9144.191758766936
2019-01-22 00:00:00+00:00,-7.564688916402721e-05,9143.500029106464
2019-01-23 00:00:00+00:00,-0.0001276173790967503,9142.33315959698
2019-01-24 00:00:00+00:00,0.0007352753568978243,9149.055291873781
2019-01-25 00:00:00+00:00,-0.00036668708850454146,9145.700451426237
2019-01-28 00:00:00+00:00,6.142460744579248e-05,9146.262222486283
2019-01-29 00:00:00+00:00,-6.199361987471708e-05,9145.695212582787
2019-01-30 00:00:00+00:00,0.004601287812141253,9187.777188498003
2019-01-31 00:00:00+00:00,0.0033653008579692667,9218.696822953287
2019-02-01 00:00:00+00:00,-0.00041897163592427566,9214.834450464283
2019-02-04 00:00:00+00:00,0.0013163695288656851,9226.964577748415
2019-02-05 00:00:00+00:00,0.0014863225338135888,9240.678823119022
2019-02-06 00:00:00+00:00,-0.00035670183884259354,9237.382655990661
2019-02-07 00:00:00+00:00,-0.0018010456404724262,9220.745708228713
2019-02-08 00:00:00+00:00,0.000633124880628666,9226.583591754543
2019-02-11 00:00:00+00:00,7.149736222250569e-05,9227.243268143679
2019-02-12 00:00:00+00:00,0.0030910813864048203,9255.765428057666
2019-02-13 00:00:00+00:00,0.00042823940735101096,9259.729111559158
2019-02-14 00:00:00+00:00,0.00016421925018478278,9261.24973733077
2019-02-15 00:00:00+00:00,0.007076320612586479,9326.785309745357
2019-02-19 00:00:00+00:00,0.0018992089652256072,9344.498824022361
2019-02-20 00:00:00+00:00,0.002896228636767695,9371.562629112736
2019-02-21 00:00:00+00:00,-0.0008958968220653951,9363.166675935528
2019-02-22 00:00:00+00:00,0.0048521911138514895,9408.598550078013
2019-02-25 00:00:00+00:00,0.0005811179247325327,9414.066055342077
2019-02-26 00:00:00+00:00,0.0013977698926690985,9427.224753441831
2019-02-27 00:00:00+00:00,0.001021197787653777,9436.85181450376
2019-02-28 00:00:00+00:00,-0.002199796450306629,9416.092661380146
2019-03-01 00:00:00+00:00,0.0009738694579164986,9425.262706435975
2019-03-04 00:00:00+00:00,-0.003632355559103212,9391.026801048243
2019-03-05 00:00:00+00:00,0.0014431242737618089,9404.579219780384
2019-03-06 00:00:00+00:00,-0.001449606406778714,9390.946281490333
2019-03-07 00:00:00+00:00,-0.004024734310863559,9353.150217779741
2019-03-08 00:00:00+00:00,-0.0003158095550727935,9350.196403570935
2019-03-11 00:00:00+00:00,0.005178762158096428,9398.61884687652
2019-03-12 00:00:00+00:00,0.0054823211119426896,9450.145093403851
2019-03-13 00:00:00+00:00,0.0020187208444626403,9469.222298287103
2019-03-14 00:00:00+00:00,-0.0020641619048316906,9449.676290350595
2019-03-15 00:00:00+00:00,0.0009956217393000677,9459.084593494617
2019-03-18 00:00:00+00:00,0.0018379307887647356,9476.469736302532
2019-03-19 00:00:00+00:00,0.001498378114385801,9490.669071157048
2019-03-20 00:00:00+00:00,0.0032570616230564176,9521.580765165842
2019-03-21 00:00:00+00:00,-0.0001964967832967235,9519.709805173587
2019-03-22 00:00:00+00:00,-0.005872472757483677,9463.805568683556
2019-03-25 00:00:00+00:00,0.0003516970846333678,9467.133961511598
2019-03-26 00:00:00+00:00,0.004239359969376244,9507.268550252753
2019-03-27 00:00:00+00:00,-0.0008639898500897858,9499.054366723256
2019-03-28 00:00:00+00:00,0.0009654895052344792,9508.225604023979
2019-03-29 00:00:00+00:00,0.0047527266652779565,9553.415601391702
2019-04-01 00:00:00+00:00,0.00040489859479378443,9557.283765944187
2019-04-02 00:00:00+00:00,-0.0016913398852059225,9541.119150716615
2019-04-03 00:00:00+00:00,0.0034239995698294723,9573.78793858436
2019-04-04 00:00:00+00:00,0.0004615363142400075,9578.20658938285
2019-04-05 00:00:00+00:00,-0.0002030903678655327,9576.261347883119
2019-04-08 00:00:00+00:00,5.216654554751621e-05,9576.760908356899
2019-04-09 00:00:00+00:00,-0.0019554706944110156,9558.033833053225
2019-04-10 00:00:00+00:00,0.002073029945265814,9577.84792340701
2019-04-11 00:00:00+00:00,-0.0014612724049889725,9563.852078537353
2019-04-12 00:00:00+00:00,0.000628557103373423,9569.863505696932
2019-04-15 00:00:00+00:00,-8.899259947803273e-05,9569.011858666909
2019-04-16 00:00:00+00:00,-0.00046201233611389836,9564.590857143785
2019-04-17 00:00:00+00:00,-0.0009542059369403166,9555.464267763493
2019-04-18 00:00:00+00:00,0.000737877020895894,9562.515025270668
2019-04-22 00:00:00+00:00,4.6864189267248335e-05,9562.963164784684
2019-04-23 00:00:00+00:00,0.002676484802423995,9588.55829036137
2019-04-24 00:00:00+00:00,0.00047867496143011445,9593.14809313118
2019-04-25 00:00:00+00:00,-0.0005232053117213975,9588.128907092723
2019-04-26 00:00:00+00:00,0.0018077412569311169,9605.461763294848
2019-04-29 00:00:00+00:00,7.837734663942997e-05,9606.214613901102
2019-04-30 00:00:00+00:00,0.0004181797948806798,9610.231738757922
2019-05-01 00:00:00+00:00,-0.0020316931846172115,9590.706696431696
2019-05-02 00:00:00+00:00,-0.0010143347431378347,9580.97850941826
2019-05-03 00:00:00+00:00,0.0016814459691175732,9597.088407113126
2019-05-06 00:00:00+00:00,-0.0010825444647966866,9586.699132179841
2019-05-07 00:00:00+00:00,0.00030573801785125363,9589.63015057025
2019-05-08 00:00:00+00:00,0.0016896220711779596,9605.833001327088
2019-05-09 00:00:00+00:00,1.2307026757118998e-05,9605.951220570858
2019-05-10 00:00:00+00:00,-0.00011171361649666704,9604.878105020118
2019-05-13 00:00:00+00:00,-0.0013555008643340806,9591.85868444694
2019-05-14 00:00:00+00:00,-0.002284719197599838,9569.94398076992
2019-05-15 00:00:00+00:00,-0.0017743630234345554,9552.9634260341
2019-05-16 00:00:00+00:00,-0.000866724989834583,9544.68363390578
2019-05-17 00:00:00+00:00,0.00321407678748315,9575.360980017387
2019-05-20 00:00:00+00:00,0.0014196476893640951,9588.954619107499
2019-05-21 00:00:00+00:00,-0.00018836026431275912,9587.148441080959
2019-05-22 00:00:00+00:00,0.0042047632272072585,9627.460130299794
2019-05-23 00:00:00+00:00,0.0002916691966899143,9630.268163862162
2019-05-24 00:00:00+00:00,-0.002114838075972425,9609.901706067401
2019-05-28 00:00:00+00:00,0.0009078093156403621,9618.625664358557
2019-05-29 00:00:00+00:00,0.001418768201059356,9632.272264589043
2019-05-30 00:00:00+00:00,0.001492476237604212,9646.648202058077
2019-05-31 00:00:00+00:00,0.0034644463245611435,9680.068496966032
2019-06-03 00:00:00+00:00,0.002017079113292747,9699.593960946506
2019-06-04 00:00:00+00:00,-0.0014239545475496997,9685.78218001643
2019-06-05 00:00:00+00:00,0.002959438902552797,9714.446660601625
2019-06-06 00:00:00+00:00,-0.002860130268591132,9686.662077665023
2019-06-07 00:00:00+00:00,0.003427557469584569,9719.863668624666
2019-06-10 00:00:00+00:00,-0.0026457382604663736,9694.14745343007
2019-06-11 00:00:00+00:00,-0.002173123044298253,9673.080878204195
2019-06-12 00:00:00+00:00,0.0008003990234585534,9680.823202692947
2019-06-13 00:00:00+00:00,0.0018625755658613129,9698.854467447705
2019-06-14 00:00:00+00:00,0.002669885029061936,9724.749293789393
2019-06-17 00:00:00+00:00,-0.0011491202755849973,9713.574387200919
2019-06-18 00:00:00+00:00,-0.003597735053567441,9678.627520132652
2019-06-19 00:00:00+00:00,0.0021596937155230257,9699.530391162769
2019-06-20 00:00:00+00:00,0.0006857170504894538,9706.18152453373
2019-06-21 00:00:00+00:00,0.0017409640108336287,9723.079637250563
2019-06-24 00:00:00+00:00,-0.004338919011835663,9680.891982158904
2019-06-25 00:00:00+00:00,-0.0023438799453383784,9658.201133588935
2019-06-26 00:00:00+00:00,-0.0010881257755229743,9647.691795990291
2019-06-27 00:00:00+00:00,0.0008117897332322599,9655.523693139665
2019-06-28 00:00:00+00:00,2.9060947651704527e-05,9655.804291808261
2019-07-01 00:00:00+00:00,0.0016742727986820696,9671.970742283433
2019-07-02 00:00:00+00:00,0.0010655161509094957,9682.276383320459
2019-07-03 00:00:00+00:00,0.002499396442881996,9706.47623047193
2019-07-05 00:00:00+00:00,-0.0015812096149914745,9691.128256928621
2019-07-08 00:00:00+00:00,-0.0018586352684605567,9673.11598415912
2019-07-09 00:00:00+00:00,0.0002938307692039732,9675.958243269344
2019-07-10 00:00:00+00:00,0.0013989673485101384,9689.494592917226
2019-07-11 00:00:00+00:00,-0.0004233916192549203,9685.39214211177
2019-07-12 00:00:00+00:00,0.0014858371426070272,9699.783057497234
2019-07-15 00:00:00+00:00,3.6025885430224225e-05,9700.132500770362
2019-07-16 00:00:00+00:00,-0.001041689692281772,9690.02797273054
2019-07-17 00:00:00+00:00,-0.0004225791040527449,9685.93316939158
2019-07-18 00:00:00+00:00,0.0013318507852778105,9698.83338708938
2019-07-19 00:00:00+00:00,-0.0017755801050383657,9681.612331485183
2019-07-22 00:00:00+00:00,0.0006415635516566209,9687.823701078332
2019-07-23 00:00:00+00:00,0.0017891579534825564,9705.156747905054
2019-07-24 00:00:00+00:00,0.0017129015930373304,9721.780726359217
2019-07-25 00:00:00+00:00,-0.0016820484440608074,9705.428220214944
2019-07-26 00:00:00+00:00,0.001786747346954165,9722.769368338468
2019-07-29 00:00:00+00:00,-0.0002451591412461762,9720.385742549592
2019-07-30 00:00:00+00:00,-0.0006402444464328749,9714.162319560739
2019-07-31 00:00:00+00:00,-0.002424811882980743,9690.607303335064
2019-08-01 00:00:00+00:00,-6.622742045625518e-05,9689.965519410709
2019-08-02 00:00:00+00:00,8.761709821364589e-06,9690.05042007677
2019-08-05 00:00:00+00:00,0.001407332411332951,9703.687542100395
2019-08-06 00:00:00+00:00,0.00045701256747315844,9708.122249257969
2019-08-07 00:00:00+00:00,-8.54526019229418e-05,9707.292664951985
2019-08-08 00:00:00+00:00,0.0004562244374095026,9711.721369086821
2019-08-09 00:00:00+00:00,-0.0005978602202695027,9705.915117209903
2019-08-12 00:00:00+00:00,0.0010558335707500088,9716.162948225505
2019-08-13 00:00:00+00:00,-0.0012591577055085232,9703.92876678127
2019-08-14 00:00:00+00:00,0.009619371967984186,9797.274467139761
2019-08-15 00:00:00+00:00,0.0006434228765035188,9803.578257659303
2019-08-16 00:00:00+00:00,-0.003902539285053874,9765.319408374686
2019-08-19 00:00:00+00:00,-0.0030420771057970866,9735.612553771674
2019-08-20 00:00:00+00:00,0.0044687107788428495,9779.11819052935
2019-08-21 00:00:00+00:00,-0.004935162727985487,9730.856650922886
2019-08-22 00:00:00+00:00,0.0031562227782628125,9761.569402336541
2019-08-23 00:00:00+00:00,0.007897369826926886,9838.660125998007
2019-08-26 00:00:00+00:00,-0.0017566636344201636,9821.376909543245
2019-08-27 00:00:00+00:00,-0.0003016199080694171,9818.414586742674
2019-08-28 00:00:00+00:00,-0.000768178727091079,9810.872289523377
2019-08-29 00:00:00+00:00,-0.0031315066776538172,9780.149477435125
2019-08-30 00:00:00+00:00,0.002562561728759638,9805.21171418755
2019-09-03 00:00:00+00:00,0.0027133225781286294,9831.816416514986
2019-09-04 00:00:00+00:00,-0.010462938933213612,9728.946721746423
2019-09-05 00:00:00+00:00,-0.008538065605703821,9645.880336361754
2019-09-06 00:00:00+00:00,0.0014417596060940564,9659.787376995937
2019-09-09 00:00:00+00:00,-0.000288225114051488,9657.003183677489
2019-09-10 00:00:00+00:00,-0.004124280801766212,9617.174990844454
2019-09-11 00:00:00+00:00,0.0005300422063400145,9622.27249949536
2019-09-12 00:00:00+00:00,-0.000592972948039727,9616.566752204493
2019-09-13 00:00:00+00:00,-0.0026982208919215656,9590.619130885138
2019-09-16 00:00:00+00:00,0.001491171475820896,9604.920388568575
2019-09-17 00:00:00+00:00,0.00013143572984489205,9606.182818289948
2019-09-18 00:00:00+00:00,0.000676301312768246,9612.67949234065
2019-09-19 00:00:00+00:00,-0.0008954429858909208,9604.071885913616
2019-09-20 00:00:00+00:00,0.0012672605914555435,9616.242747732138
2019-09-23 00:00:00+00:00,0.0013978731303182226,9629.68503508381
2019-09-24 00:00:00+00:00,-0.0021088032951181723,9609.377923550875
2019-09-25 00:00:00+00:00,0.0009725792235942832,9618.723804870986
2019-09-26 00:00:00+00:00,0.00021630453331830668,9620.804378434717
2019-09-27 00:00:00+00:00,-0.0018212185073455955,9603.282791445161
2019-09-30 00:00:00+00:00,0.0026368708699399113,9628.605408093717
2019-10-01 00:00:00+00:00,-0.0026160242536425182,9603.416742817391
2019-10-02 00:00:00+00:00,-0.0001598851374101371,9601.881299211858
2019-10-03 00:00:00+00:00,0.00046272955195736376,9606.32437344339
2019-10-04 00:00:00+00:00,0.0005930863695401412,9612.021753490662
2019-10-07 00:00:00+00:00,-0.0005543780564850886,9606.69305955207
2019-10-08 00:00:00+00:00,0.0009857729214624023,9616.163077434978
2019-10-09 00:00:00+00:00,-0.0009349279959939838,9607.172657359839
2019-10-10 00:00:00+00:00,-0.0023910625779383077,9584.201306339035
2019-10-11 00:00:00+00:00,-0.0015259617332605002,9569.576181901695
2019-10-14 00:00:00+00:00,0.0002917995709039447,9572.368580125309
2019-10-15 00:00:00+00:00,-0.0008819475257639542,9563.926253340365
2019-10-16 00:00:00+00:00,0.0005425144375786339,9569.114821412739
2019-10-17 00:00:00+00:00,-0.00014253424685309324,9567.750894838618
2019-10-18 00:00:00+00:00,0.000370657888142667,9571.297257179574
2019-10-21 00:00:00+00:00,-0.0007971581749063594,9563.667419326555
2019-10-22 00:00:00+00:00,0.0003999364627480517,9567.49227864514
2019-10-23 00:00:00+00:00,0.00011406155200044399,9568.583561663194
2019-10-24 00:00:00+00:00,0.00019940706271531772,9570.491604805571
2019-10-25 00:00:00+00:00,-0.0003701261430205105,9566.949315661075
2019-10-28 00:00:00+00:00,-0.0007414595574893879,9559.85580965496
2019-10-29 00:00:00+00:00,-2.8689256893782433e-05,9559.58154449577
2019-10-30 00:00:00+00:00,0.0008009430302963749,9567.238224706383
2019-10-31 00:00:00+00:00,0.0012548207492947272,9579.24339374419
2019-11-01 00:00:00+00:00,-0.0001480474974352164,9577.825210732424
2019-11-04 00:00:00+00:00,-0.0008819041769873581,9569.378486672624
2019-11-05 00:00:00+00:00,-0.0009860834017164641,9559.942281382173
2019-11-06 00:00:00+00:00,-0.0021201234955205983,9539.674023135593
2019-11-07 00:00:00+00:00,0.00030328853474487216,9542.567296892013
2019-11-08 00:00:00+00:00,-0.0005923514378957384,9536.914743432482
2019-11-11 00:00:00+00:00,-0.002921673527971652,9509.050992088074
2019-11-12 00:00:00+00:00,-0.0002655873423496047,9506.525508506818
2019-11-13 00:00:00+00:00,-0.0018772180564951557,9488.679687167718
2019-11-14 00:00:00+00:00,-0.0010349396871516259,9478.859475980798
2019-11-15 00:00:00+00:00,0.0015444760521718395,9493.499347443352
2019-11-18 00:00:00+00:00,0.0004725392406515483,9497.985398416118
2019-11-19 00:00:00+00:00,0.000152757481500565,9499.43628674491
2019-11-20 00:00:00+00:00,-6.134733244692048e-05,9498.853521668969
2019-11-21 00:00:00+00:00,-0.001260004623838823,9486.884922310499
2019-11-22 00:00:00+00:00,0.0007675151631723609,9494.166250339644
2019-11-25 00:00:00+00:00,0.002495811986305163,9517.861904267214
2019-11-26 00:00:00+00:00,0.0009649697625477849,9527.04635320894
2019-11-27 00:00:00+00:00,0.0007836818490824793,9534.512526511317
2019-11-29 00:00:00+00:00,-0.0010449084790453977,9524.549833528801
2019-12-02 00:00:00+00:00,-0.002936510709647594,9496.58089093807
2019-12-03 00:00:00+00:00,-2.2777556720782188e-05,9496.364582028174
2019-12-04 00:00:00+00:00,-0.0007985723399332121,9488.781047943046
2019-12-05 00:00:00+00:00,0.0010226216088830618,9498.484480484633
2019-12-06 00:00:00+00:00,-0.0016961702279993886,9482.373433897721
2019-12-09 00:00:00+00:00,-0.00038024281777429005,9478.767829504028
2019-12-10 00:00:00+00:00,8.187776224325424e-05,9479.543929802732
2019-12-11 00:00:00+00:00,-8.771847773370386e-07,9479.5356144911
2019-12-12 00:00:00+00:00,-0.002159565491804344,9459.063936499715
2019-12-13 00:00:00+00:00,0.0028323684207130274,9485.855490482962
2019-12-16 00:00:00+00:00,-0.0004593503575298308,9481.498159371931
2019-12-17 00:00:00+00:00,-0.00010911073091343097,9480.463626177607
2019-12-18 00:00:00+00:00,-0.0013896371878457327,9467.289221364654
2019-12-19 00:00:00+00:00,0.0008308146241309546,9475.15478370064
2019-12-20 00:00:00+00:00,0.001379497567772281,9488.225736679022
2019-12-23 00:00:00+00:00,1.0742381749334617e-05,9488.327662822008
2019-12-24 00:00:00+00:00,0.00036020384693385976,9491.745394947126
2019-12-26 00:00:00+00:00,0.0015123741827653414,9506.100465631827
2019-12-27 00:00:00+00:00,0.00031199491300987203,9509.066320619666
2019-12-30 00:00:00+00:00,-0.0014012464309984263,9495.74177537577
2019-12-31 00:00:00+00:00,0.0002757663846363889,9498.360381754606
2020-01-02 00:00:00+00:00,0.0026908512841612997,9523.919056985278
2020-01-03 00:00:00+00:00,-0.000503937717766495,9519.119594951508
2020-01-06 00:00:00+00:00,0.0004613251464281043,9523.511004192515
2020-01-07 00:00:00+00:00,-0.00085002766479228,9515.415756372997
2020-01-08 00:00:00+00:00,0.000845308140565576,9523.459214772723
2020-01-09 00:00:00+00:00,0.0019357534840954704,9541.894284128362
2020-01-10 00:00:00+00:00,-0.00045559776884471215,9537.547018381962
2020-01-13 00:00:00+00:00,0.0017836556130339243,9554.558717655873
2020-01-14 00:00:00+00:00,9.362258148393199e-05,9555.45324010796
2020-01-15 00:00:00+00:00,0.0009031103452246669,9564.08286878241
2020-01-16 00:00:00+00:00,0.0020968708981278783,9584.137515817245
2020-01-17 00:00:00+00:00,0.00047703495365414295,9588.709484412919
2020-01-21 00:00:00+00:00,0.0001816685218330727,9590.451451091238
2020-01-22 00:00:00+00:00,0.00029363319521391595,9593.267525994366
2020-01-23 00:00:00+00:00,0.0005832537555633399,9598.862835307027
2020-01-24 00:00:00+00:00,-0.0017691468725904436,9581.881037141518
2020-01-27 00:00:00+00:00,-0.0028232940700070597,9554.828569229843
2020-01-28 00:00:00+00:00,0.0022326905123678242,9576.161544323664
2020-01-29 00:00:00+00:00,0.00038804566197606083,9579.87753226932
2020-01-30 00:00:00+00:00,0.0011347340484736401,9590.748145485393
2020-01-31 00:00:00+00:00,-0.0035769604026371637,9556.442419137325
2020-02-03 00:00:00+00:00,0.0019245129574592956,9574.833916400168
2020-02-04 00:00:00+00:00,0.002848667674778177,9602.109436269186
2020-02-05 00:00:00+00:00,0.002134682372861435,9622.606890025076
2020-02-06 00:00:00+00:00,0.0006223980197567758,9628.595981498325
2020-02-07 00:00:00+00:00,-0.00046798464833042175,9624.08994639401
2020-02-10 00:00:00+00:00,0.002209328098132901,9645.352718731534
2020-02-11 00:00:00+00:00,-0.0033550813654258326,9612.991775561959
2020-02-12 00:00:00+00:00,0.001095441728557278,9623.522247889188
2020-02-13 00:00:00+00:00,-0.0018407851680171063,9605.807410871192
2020-02-14 00:00:00+00:00,0.0030666310152770494,9635.264877804148
2020-02-18 00:00:00+00:00,-0.0004498540614531699,9630.930414765691
2020-02-19 00:00:00+00:00,0.0014251622221376269,9644.656052956852
2020-02-20 00:00:00+00:00,0.0016320006235809646,9660.396137649503
2020-02-21 00:00:00+00:00,-0.002007727393642683,9641.000695690505
2020-02-24 00:00:00+00:00,-0.00314657426901615,9610.664570973879
2020-02-25 00:00:00+00:00,-0.006370819070313583,9549.43676584673
2020-02-26 00:00:00+00:00,-0.0003431562691274757,9546.159816753894
2020-02-27 00:00:00+00:00,0.0012452674440235122,9558.047338789143
2020-02-28 00:00:00+00:00,0.0028680890407563665,9585.460669612556
2020-03-02 00:00:00+00:00,-0.003962749880210248,9547.475886492288
2020-03-03 00:00:00+00:00,0.00048337975252352747,9552.090943023524
2020-03-04 00:00:00+00:00,0.0023376583862440904,9574.420468522649
2020-03-05 00:00:00+00:00,-0.00016734482318244706,9572.818238822269
2020-03-06 00:00:00+00:00,0.004592474262881374,9616.781160207302
2020-03-09 00:00:00+00:00,0.01800267076320734,9789.908905236329
2020-03-10 00:00:00+00:00,-0.018737298903340544,9606.47245584244
2020-03-11 00:00:00+00:00,0.013544622054096244,9736.588494529911
2020-03-12 00:00:00+00:00,0.022854407419847105,9959.112454863294
2020-03-13 00:00:00+00:00,-0.025230234871223712,9707.841708518165
2020-03-16 00:00:00+00:00,0.03607477057053958,10058.049870888073
2020-03-17 00:00:00+00:00,-0.011466796846469163,9942.716256346945
2020-03-18 00:00:00+00:00,0.02121952130865921,10153.69593581445
2020-03-19 00:00:00+00:00,-0.00023354019527837007,10151.324639682804
2020-03-20 00:00:00+00:00,0.015670524062110596,10310.401216711249
2020-03-23 00:00:00+00:00,0.011849443634772399,10432.573734780559
2020-03-24 00:00:00+00:00,-0.030547679874038326,10113.882812068183
2020-03-25 00:00:00+00:00,-0.0031858602994536303,10081.661394343888
2020-03-26 00:00:00+00:00,-0.016380813533808703,9916.515578932143
2020-03-27 00:00:00+00:00,0.007063248061117256,9986.558388368076
2020-03-30 00:00:00+00:00,-0.005174823512848164,9934.879711207517
2020-03-31 00:00:00+00:00,0.0001518500999695526,9936.388323684849
2020-04-01 00:00:00+00:00,0.017066355200977167,10105.966256231695
2020-04-02 00:00:00+00:00,-0.009321078541654915,10011.767751018046
2020-04-03 00:00:00+00:00,0.006375263262581821,10075.59540615461
2020-04-06 00:00:00+00:00,-0.018722441745080077,9886.955658115885
2020-04-07 00:00:00+00:00,-0.0024316512143035987,9862.914030384063
2020-04-08 00:00:00+00:00,-0.007057551681649443,9793.306004882961
2020-04-09 00:00:00+00:00,-0.005480026084122086,9739.638432526413
2020-04-13 00:00:00+00:00,-0.003850162910155042,9702.139237875179
2020-04-14 00:00:00+00:00,-0.007340623139568725,9630.919490082315
2020-04-15 00:00:00+00:00,0.011541154042991757,9742.071415493005
2020-04-16 00:00:00+00:00,-0.0006841886799575537,9735.406000511188
2020-04-17 00:00:00+00:00,-0.011566075027145645,9622.80556428955
2020-04-20 00:00:00+00:00,0.008122673235619503,9700.968469498175
2020-04-21 00:00:00+00:00,0.01095972509220448,9807.288417052017
2020-04-22 00:00:00+00:00,-0.006088051123668714,9747.581143784442
2020-04-23 00:00:00+00:00,-0.0004925861037419377,9742.779620767917
2020-04-24 00:00:00+00:00,0.0029627641623553363,9771.645179070054
2020-04-27 00:00:00+00:00,0.0016277551145601808,9787.551024487953
2020-04-28 00:00:00+00:00,-0.001066288787485098,9777.114668573604
2020-04-29 00:00:00+00:00,0.003957303195047118,9815.805675689891
2020-04-30 00:00:00+00:00,-0.0005156134699871529,9810.744514064729
2020-05-01 00:00:00+00:00,-0.004368483672206902,9767.886436842844
2020-05-04 00:00:00+00:00,0.0020426400248208854,9787.838712636643
2020-05-05 00:00:00+00:00,0.0009673120166583171,9797.30660664049
2020-05-06 00:00:00+00:00,-0.005198607325977345,9746.374256740362
2020-05-07 00:00:00+00:00,0.0013568747502086308,9759.598865875418
2020-05-08 00:00:00+00:00,0.0003376090067707449,9762.893794355008
2020-05-11 00:00:00+00:00,0.0004531049012420962,9767.317409383537
2020-05-12 00:00:00+00:00,0.0002751182328187884,9770.004576488587
2020-05-13 00:00:00+00:00,-0.004099825417445297,9729.949263397344
2020-05-14 00:00:00+00:00,0.002331084827453206,9752.63060049714
2020-05-15 00:00:00+00:00,0.004011382564064364,9791.752132841733
2020-05-18 00:00:00+00:00,-0.0018919653257106152,9773.226477328444
2020-05-19 00:00:00+00:00,0.0009531533846017015,9782.541861223788
2020-05-20 00:00:00+00:00,0.0001310786495202276,9783.824143599833
2020-05-21 00:00:00+00:00,0.001492930920010077,9798.430717179754
2020-05-22 00:00:00+00:00,0.0030885961986570954,9828.69411304564
2020-05-26 00:00:00+00:00,0.0021519787992497264,9849.845254401223
2020-05-27 00:00:00+00:00,0.006167184699874545,9910.5910693503
2020-05-28 00:00:00+00:00,-0.002779278981707345,9883.046771894957
2020-05-29 00:00:00+00:00,-0.004901673980937849,9834.603298680768
2020-06-01 00:00:00+00:00,0.0001399116022604063,9835.979273785882
2020-06-02 00:00:00+00:00,0.0004954112579285188,9840.852128650866
2020-06-03 00:00:00+00:00,0.0020362355549410406,9860.890421646141
2020-06-04 00:00:00+00:00,-0.0010338859745071761,9850.69538534305
2020-06-05 00:00:00+00:00,0.003438196924840048,9884.564015924472
2020-06-08 00:00:00+00:00,-0.0006166084043547016,9878.46911067887
2020-06-09 00:00:00+00:00,8.231998420213934e-05,9879.282306100004
2020-06-10 00:00:00+00:00,-0.006592213733983271,9814.155965599834
2020-06-11 00:00:00+00:00,-0.015686722575881162,9660.204023651038
2020-06-12 00:00:00+00:00,0.0035013204228485084,9694.027493287931
2020-06-15 00:00:00+00:00,0.0037710652142993184,9730.58430315433
2020-06-16 00:00:00+00:00,0.005244942703853006,9781.620660299386
2020-06-17 00:00:00+00:00,-0.0013505724304351263,9768.409873110611
2020-06-18 00:00:00+00:00,-0.0010972127637375816,9757.691849116414
2020-06-19 00:00:00+00:00,-0.001707269864334443,9741.032835876957
2020-06-22 00:00:00+00:00,0.00515993194358586,9791.295902370315
2020-06-23 00:00:00+00:00,0.0005203163349631945,9796.390473568777
2020-06-24 00:00:00+00:00,-0.00993700918302739,9699.0436514724
2020-06-25 00:00:00+00:00,0.004452894309536581,9742.232467755988
2020-06-26 00:00:00+00:00,-0.0048531203472073296,9694.9522411395
2020-06-29 00:00:00+00:00,0.004127389133023606,9734.967081664761
2020-06-30 00:00:00+00:00,0.00496157938401901,9783.267893641252
2020-07-01 00:00:00+00:00,0.004408209847558192,9826.394591511302
2020-07-02 00:00:00+00:00,0.0013073109849033647,9839.24074510278
2020-07-06 00:00:00+00:00,0.00701099758346938,9908.223638189867
2020-07-07 00:00:00+00:00,-0.0038172903100075982,9870.401072106417
2020-07-08 00:00:00+00:00,0.008905664370232607,9958.303551254181
2020-07-09 00:00:00+00:00,-0.0011072940190278103,9947.276781292214
2020-07-10 00:00:00+00:00,0.00812810359779057,10028.129277486452
2020-07-13 00:00:00+00:00,-0.002682624028722097,10001.227576923537
2020-07-14 00:00:00+00:00,0.004059207858162805,10041.824638495058
2020-07-15 00:00:00+00:00,0.0040641583311528725,10082.636203759574
2020-07-16 00:00:00+00:00,-0.0028757934574646315,10053.640624530806
2020-07-17 00:00:00+00:00,0.0009673193527438894,10063.365705672446
2020-07-20 00:00:00+00:00,0.0033439334812863986,10097.016931190075
2020-07-21 00:00:00+00:00,0.0073646808607597865,10171.378238533976
2020-07-22 00:00:00+00:00,-0.001869682774655096,10152.360987846889
2020-07-23 00:00:00+00:00,-0.001008363996178452,10142.123712550538
2020-07-24 00:00:00+00:00,-0.0028640696151138677,10113.075964192694
2020-07-27 00:00:00+00:00,0.0053279826299432505,10166.95825726521
2020-07-28 00:00:00+00:00,0.0020923992907326884,10188.23159351162
2020-07-29 00:00:00+00:00,0.0053641266905597226,10242.882558531981
2020-07-30 00:00:00+00:00,-0.0013952751639000561,10228.590918891316
2020-07-31 00:00:00+00:00,-0.000623951619757418,10222.208773019638
2020-08-03 00:00:00+00:00,0.005047936660221164,10273.809835433398
2020-08-04 00:00:00+00:00,0.0027073152795350276,10301.624277779903
2020-08-05 00:00:00+00:00,0.004603004409010963,10349.042699750498
2020-08-06 00:00:00+00:00,0.004449218532545046,10395.08785232433
2020-08-07 00:00:00+00:00,-0.007919263159402912,10312.76641605666
2020-08-10 00:00:00+00:00,0.004163913495526311,10355.707883312689
2020-08-11 00:00:00+00:00,-0.0025550355426585346,10329.248681601435
2020-08-12 00:00:00+00:00,0.003765304709648093,10368.141450309397
2020-08-13 00:00:00+00:00,-0.004038674949063315,10326.267897165686
2020-08-14 00:00:00+00:00,0.0014501661143794308,10341.242700958162
2020-08-17 00:00:00+00:00,0.005355585486855196,10396.62611028346
2020-08-18 00:00:00+00:00,0.005276314219810846,10451.481976467205
2020-08-19 00:00:00+00:00,-0.0011179638277880267,10439.797597670737
2020-08-20 00:00:00+00:00,0.001092509101999739,10451.203171569228
2020-08-21 00:00:00+00:00,-0.002911017994410425,10420.77953107355
2020-08-24 00:00:00+00:00,0.0011572448204839102,10432.83892421129
2020-08-25 00:00:00+00:00,0.004169326338180212,10476.336834319995
2020-08-26 00:00:00+00:00,0.003199438754136369,10509.855232389105
2020-08-27 00:00:00+00:00,0.0011025653938535938,10521.44303506275
2020-08-28 00:00:00+00:00,0.005967160529731263,10584.226174657391
2020-08-31 00:00:00+00:00,0.0012172646932674446,10597.10997948536
2020-09-01 00:00:00+00:00,0.0034573065434498674,10633.74743715909
2020-09-02 00:00:00+00:00,0.0009127696365204885,10643.453598942158
2020-09-03 00:00:00+00:00,-0.011802410144627707,10517.83519421213
2020-09-04 00:00:00+00:00,0.0027455303606993054,10546.712230066672
2020-09-08 00:00:00+00:00,-0.014887510482324501,10389.697941187495
2020-09-09 00:00:00+00:00,0.008036811756944989,10473.197987752335
2020-09-10 00:00:00+00:00,-0.009883854668237485,10369.682420929716
2020-09-11 00:00:00+00:00,0.005366057759726572,10425.326735750446
2020-09-14 00:00:00+00:00,0.007652539470685787,10505.106960090574
2020-09-15 00:00:00+00:00,0.0006268618611322329,10511.692210990968
2020-09-16 00:00:00+00:00,7.027237195900114e-06,10511.766079145465
2020-09-17 00:00:00+00:00,-0.00030352316973907836,10508.575514585567
2020-09-18 00:00:00+00:00,-0.0026007593732367772,10481.245238316644
2020-09-21 00:00:00+00:00,-0.010310430639445612,10373.179086271959
2020-09-22 00:00:00+00:00,0.003154199643766209,10405.898164050603
2020-09-23 00:00:00+00:00,-0.01577204873527229,10241.775831072917
2020-09-24 00:00:00+00:00,0.0003894129193753095,10245.764110898883
2020-09-25 00:00:00+00:00,0.003524679767411365,10281.877148362237
2020-09-28 00:00:00+00:00,0.005417789951623042,10337.582199060456
2020-09-29 00:00:00+00:00,0.00034251564985408043,10341.122982745286
2020-09-30 00:00:00+00:00,0.0011566510981056764,10353.084053998922
2020-10-01 00:00:00+00:00,0.0038132363553601612,10392.562810503732
2020-10-02 00:00:00+00:00,-0.002545672410444255,10366.106750083223
2020-10-05 00:00:00+00:00,0.004438911761855324,10412.120983260815
2020-10-06 00:00:00+00:00,-0.004603760571957072,10364.186071207632
2020-10-07 00:00:00+00:00,0.006194014713704598,10428.381992228264
2020-10-08 00:00:00+00:00,0.0018611913550102054,10447.791206638944
2020-10-09 00:00:00+00:00,0.005166348064870324,10501.768132521533
2020-10-12 00:00:00+00:00,0.003486365679410053,10538.381136511876
2020-10-13 00:00:00+00:00,-0.002575287991189856,10511.241770124436
2020-10-14 00:00:00+00:00,-0.0008183029210051762,10502.64039028055
2020-10-15 00:00:00+00:00,-0.001642475406407934,10485.390061737167
2020-10-16 00:00:00+00:00,-0.00040705117773905954,10481.121971363484
2020-10-19 00:00:00+00:00,-0.0028977430976014295,10450.750372515848
2020-10-20 00:00:00+00:00,0.000507484845236833,10456.053969951254
2020-10-21 00:00:00+00:00,0.0009537128124756433,10466.026042590333
2020-10-22 00:00:00+00:00,0.0010709883051131573,10477.235034082956
2020-10-23 00:00:00+00:00,0.0016783569915370165,10494.819574754387
2020-10-26 00:00:00+00:00,-0.004844003390684493,10443.982633149653
2020-10-27 00:00:00+00:00,-0.0006445727194841988,10437.250726861557
2020-10-28 00:00:00+00:00,-0.0015634838698168007,10420.932253704877
2020-10-29 00:00:00+00:00,-0.0022444768992333996,10397.542711992963
2020-10-30 00:00:00+00:00,-0.0006695958752862497,10390.5805602799
2020-11-02 00:00:00+00:00,5.25052261744818e-05,10391.1261200623
2020-11-03 00:00:00+00:00,-0.00010449880170970153,10390.040259834339
2020-11-04 00:00:00+00:00,0.003716116585768764,10428.650860770716
2020-11-05 00:00:00+00:00,0.0037524093769514878,10467.783428049624
2020-11-06 00:00:00+00:00,4.3978219105988945e-05,10468.243782522777
2020-11-09 00:00:00+00:00,-0.002727591547511088,10439.690689264282
2020-11-10 00:00:00+00:00,-0.0006753780167273127,10432.63995167132
2020-11-11 00:00:00+00:00,-0.00012084202488945598,10431.379250334618
2020-11-12 00:00:00+00:00,0.0006048937960983824,10437.689126927893
2020-11-13 00:00:00+00:00,0.0013573609746701852,10451.856838814527
2020-11-16 00:00:00+00:00,0.002800977518850867,10481.132254850294
2020-11-17 00:00:00+00:00,0.0015862581156574408,10497.758035950828
2020-11-18 00:00:00+00:00,-0.001609764911407763,10480.859113416105
2020-11-19 00:00:00+00:00,0.0032549691381577373,10514.973986371653
2020-11-20 00:00:00+00:00,0.0026704371306365883,10543.053563332538
2020-11-23 00:00:00+00:00,-0.00321620591679308,10509.144932081083
2020-11-24 00:00:00+00:00,0.006831181110482648,10580.93480442844
2020-11-25 00:00:00+00:00,0.0009790805248801103,10591.294391630481
2020-11-27 00:00:00+00:00,0.00545733402948193,10649.094622930186
2020-11-30 00:00:00+00:00,0.000343023734038389,10652.747515131872
2020-12-01 00:00:00+00:00,0.006052844288013786,10717.226937080493
2020-12-02 00:00:00+00:00,-0.0012240277486068542,10704.10875392139
2020-12-03 00:00:00+00:00,0.0007875206653452149,10712.538460769203
2020-12-04 00:00:00+00:00,0.0042230418626542695,10757.777959144325
2020-12-07 00:00:00+00:00,0.001161259182796781,10770.27052758587
2020-12-08 00:00:00+00:00,0.000138657925436636,10771.763910953616
2020-12-09 00:00:00+00:00,-0.0009458358332565475,10761.575590659257
2020-12-10 00:00:00+00:00,0.004830132253599828,10813.55542401925
2020-12-11 00:00:00+00:00,-0.005245132242447987,10756.83689580923
2020-12-14 00:00:00+00:00,0.002109811488964225,10779.531793876922
2020-12-15 00:00:00+00:00,0.0033205372286228886,10815.325630505615
2020-12-16 00:00:00+00:00,0.00011691675166947687,10816.59012324658
2020-12-17 00:00:00+00:00,0.007032780943444233,10892.660832138397
2020-12-18 00:00:00+00:00,-0.0011752994215457559,10879.858694163291
2020-12-21 00:00:00+00:00,-0.0032418890834312263,10844.58739903341
2020-12-22 00:00:00+00:00,-0.0061902096915581965,10777.457129014965
2020-12-23 00:00:00+00:00,0.0036360719306670676,10816.644738365743
2020-12-24 00:00:00+00:00,0.003125214092204709,10850.449068932456
2020-12-28 00:00:00+00:00,0.002216103364409755,10874.494785619472
2020-12-29 00:00:00+00:00,-0.0062270764795958,10806.778474912455
2020-12-30 00:00:00+00:00,0.002780885066735106,10836.830883792853
2020-12-31 00:00:00+00:00,-0.00013812258760778076,10835.334072669713
2021-01-04 00:00:00+00:00,0.0008296241462824094,10844.323327449436
2021-01-05 00:00:00+00:00,0.006145023668730159,10910.961950967976
2021-01-06 00:00:00+00:00,0.0019446705801846097,10932.180177675538
2021-01-07 00:00:00+00:00,0.0037804181878905775,10973.508390452522
2021-01-08 00:00:00+00:00,-0.0032507387232092676,10937.836381798215
2021-01-11 00:00:00+00:00,-0.007374263293957706,10857.177896452606
2021-01-12 00:00:00+00:00,0.0058843374196668515,10921.065194620684
2021-01-13 00:00:00+00:00,-0.002257888781367201,10896.406644037168
2021-01-14 00:00:00+00:00,-0.00026345588408127065,10893.535921591456
2021-01-15 00:00:00+00:00,-0.00661219338814264,10821.505755397215
2021-01-19 00:00:00+00:00,0.0015515229549473485,10838.29556998381
2021-01-20 00:00:00+00:00,0.006717483483330488,10911.10164146263
2021-01-21 00:00:00+00:00,0.001352367114568853,10925.857456506263
2021-01-22 00:00:00+00:00,-0.0016613722190295889,10907.705540458945
2021-01-25 00:00:00+00:00,0.0016290558538805454,10925.474802022034
2021-01-26 00:00:00+00:00,-0.002390656572309685,10899.355743880978
2021-01-27 00:00:00+00:00,-0.013138598969328308,10756.153479738083
2021-01-28 00:00:00+00:00,0.002853407278565845,10786.845166366536
2021-01-29 00:00:00+00:00,-0.00782244688234462,10702.46564302456
2021-02-01 00:00:00+00:00,0.004556732171334376,10751.23391253273
2021-02-02 00:00:00+00:00,0.002819996331057567,10781.552352720417
2021-02-03 00:00:00+00:00,0.002819027496794002,10811.94584526086
2021-02-04 00:00:00+00:00,0.0025155016591348668,10839.14331297309
2021-02-05 00:00:00+00:00,0.006622353805984282,10910.923954945363
2021-02-08 00:00:00+00:00,0.003272634377604533,10946.63141977175
2021-02-09 00:00:00+00:00,0.006529137708360394,11018.103483754105
2021-02-10 00:00:00+00:00,0.001913280943473683,11039.184211182794
2021-02-11 00:00:00+00:00,0.004689517411069715,11090.952657745142
2021-02-12 00:00:00+00:00,0.001650408683430754,11109.257262319003
2021-02-16 00:00:00+00:00,-0.0018330942546980979,11088.892946657483
2021-02-17 00:00:00+00:00,-0.0016453682022868228,11070.64763480449
2021-02-18 00:00:00+00:00,0.0030530795805214337,11104.447203041462
2021-02-19 00:00:00+00:00,0.004474126505330173,11154.129904599627
2021-02-22 00:00:00+00:00,0.0020262639117865464,11176.731115492697
2021-02-23 00:00:00+00:00,0.0009441097241797535,11187.283176023377
2021-02-24 00:00:00+00:00,0.007690380113008111,11273.317636078858
2021-02-25 00:00:00+00:00,-0.0070816647719501745,11193.483779712435
2021-02-26 00:00:00+00:00,-0.011022052737884386,11070.108611171789
2021-03-01 00:00:00+00:00,0.005439047481951048,11130.319457538308
2021-03-02 00:00:00+00:00,0.00561182576253037,11192.780871015313
2021-03-03 00:00:00+00:00,-0.007493555373599847,11108.90714777379
2021-03-04 00:00:00+00:00,-0.012246752971673314,10972.859106149748
2021-03-05 00:00:00+00:00,0.01024567362144808,11085.283439245492
2021-03-08 00:00:00+00:00,-0.0012465467971160993,11071.465114679178
2021-03-09 00:00:00+00:00,0.002603648598431829,11100.291319307598
2021-03-10 00:00:00+00:00,0.001953146629956115,11121.971815889434
2021-03-11 00:00:00+00:00,0.008566341844356822,11217.246428447645
2021-03-12 00:00:00+00:00,0.0007386738352366084,11225.532314887741
2021-03-15 00:00:00+00:00,0.004065774428951963,11271.172797124986
2021-03-16 00:00:00+00:00,-0.006598909284536264,11196.795350306425
2021-03-17 00:00:00+00:00,0.005889827843678258,11262.742547320628
2021-03-18 00:00:00+00:00,-0.007873826072507384,11174.061671403597
2021-03-19 00:00:00+00:00,0.005568335051693024,11236.282590678253
2021-03-22 00:00:00+00:00,0.0032605999532803243,11272.919613168464
2021-03-23 00:00:00+00:00,-0.008259832027405345,11179.807190705249
2021-03-24 00:00:00+00:00,-0.0014463911765594474,11163.636816228976
2021-03-25 00:00:00+00:00,0.0018778245259016334,11184.600167240751
2021-03-26 00:00:00+00:00,0.007535219631507667,11268.878585991506
2021-03-29 00:00:00+00:00,-0.0008604659806324078,11259.182099328384
2021-03-30 00:00:00+00:00,-0.00430479633551486,11210.713613486301
2021-03-31 00:00:00+00:00,0.00017257634645237994,11212.64831748284
2021-04-01 00:00:00+00:00,0.0025573990851152973,11241.323534031691
2021-04-05 00:00:00+00:00,0.006913704327300768,11319.042721193515
2021-04-06 00:00:00+00:00,-0.0002757445401008696,11315.921556963976
2021-04-07 00:00:00+00:00,-0.0010288416060567575,11304.279266055297
2021-04-08 00:00:00+00:00,0.0025085004783794496,11332.63605600193
2021-04-09 00:00:00+00:00,-0.00010958865389343298,11331.394127671489
2021-04-12 00:00:00+00:00,-0.0029266125730042225,11298.23152714778
2021-04-13 00:00:00+00:00,0.0023848516817897847,11325.176133606547
2021-04-14 00:00:00+00:00,0.002008631090866131,11347.924234498047
2021-04-15 00:00:00+00:00,0.006817359237677734,11425.287110606569
2021-04-16 00:00:00+00:00,-0.0026728570047276634,11394.748951921958
2021-04-19 00:00:00+00:00,0.0003156678204886134,11398.345907488625
2021-04-20 00:00:00+00:00,-0.004482860678043987,11347.248710825199
2021-04-21 00:00:00+00:00,0.006394747284787838,11419.811498708561
2021-04-22 00:00:00+00:00,-0.004194417375568138,11371.912042932667
2021-04-23 00:00:00+00:00,0.006639750106243958,11447.418697127927
2021-04-26 00:00:00+00:00,0.006327861666756751,11519.856379084798
2021-04-27 00:00:00+00:00,0.00037355254114448955,11524.159650708825
2021-04-28 00:00:00+00:00,0.0018564336649328772,11545.553488644462
2021-04-29 00:00:00+00:00,-0.0005425946604654119,11539.288932969406
2021-04-30 00:00:00+00:00,-0.0022774716840771037,11513.008529170185
2021-05-03 00:00:00+00:00,0.003711462079161787,11555.738623743267
2021-05-04 00:00:00+00:00,-0.0019150954726316338,11533.608281022023
2021-05-05 00:00:00+00:00,-0.0007611152927993192,11524.82987537818
2021-05-06 00:00:00+00:00,0.005576486699192973,11589.097935888689
2021-05-07 00:00:00+00:00,0.008042311800559454,11682.301074976325
2021-05-10 00:00:00+00:00,-0.0037114567295870537,11638.942720034542
2021-05-11 00:00:00+00:00,0.00126469607142341,11653.662445168091
2021-05-12 00:00:00+00:00,-0.012031240639593621,11513.454427957678
2021-05-13 00:00:00+00:00,-0.00012113868515925,11512.059703226636
2021-05-14 00:00:00+00:00,0.006253635710638311,11584.051930889736
2021-05-17 00:00:00+00:00,0.003680458364134809,11626.68655170935
2021-05-18 00:00:00+00:00,-0.001541913332440631,11608.759208703163
2021-05-19 00:00:00+00:00,-0.007479278647323834,11521.934063831586
2021-05-20 00:00:00+00:00,0.000893989831991604,11532.234555729528
2021-05-21 00:00:00+00:00,-0.0005554912127635148,11525.828500770293
2021-05-24 00:00:00+00:00,0.0030200662383386757,11560.637266294349
2021-05-25 00:00:00+00:00,-7.770846340964813e-05,11559.73890693635
2021-05-26 00:00:00+00:00,0.0015346436511188054,11577.478986858468
2021-05-27 00:00:00+00:00,0.008381496476800676,11674.515586197058
2021-05-28 00:00:00+00:00,0.0007196317969872856,11682.91693882731
2021-06-01 00:00:00+00:00,-0.00025914882768343086,11679.889324598691
2021-06-02 00:00:00+00:00,-0.0022995009462042026,11653.031408045215
2021-06-03 00:00:00+00:00,-0.00908331739169232,11547.183225190583
2021-06-04 00:00:00+00:00,0.006265018878052453,11619.526546084731
2021-06-07 00:00:00+00:00,-0.00012889857006531116,11618.028805728105
2021-06-08 00:00:00+00:00,0.0034306431769842217,11657.88611698048
2021-06-09 00:00:00+00:00,-0.0025117703271511026,11628.604184554542
2021-06-10 00:00:00+00:00,0.00020944861762354214,11631.03977962589
2021-06-11 00:00:00+00:00,0.0023134533166207284,11657.947647179812
2021-06-14 00:00:00+00:00,-0.00020436760981931148,11655.56514028376
2021-06-15 00:00:00+00:00,-0.005870392666614094,11587.142396158995
2021-06-16 00:00:00+00:00,-0.004833747700626634,11531.133073244728
2021-06-17 00:00:00+00:00,-0.010017175027245273,11415.623694987578
2021-06-18 00:00:00+00:00,-0.007016510247811908,11335.525854346533
2021-06-21 00:00:00+00:00,0.0048024246044620356,11389.963862613964
2021-06-22 00:00:00+00:00,0.003190688794906582,11426.305692684795
2021-06-23 00:00:00+00:00,0.0036309789802331793,11467.79436847665
2021-06-24 00:00:00+00:00,0.0022824974369598516,11493.969579730281
2021-06-25 00:00:00+00:00,0.0021403779221207953,11518.571018456263
2021-06-28 00:00:00+00:00,0.0016312643604092791,11537.360852841513
2021-06-29 00:00:00+00:00,-0.0007684351697943292,11528.495138995582
2021-06-30 00:00:00+00:00,0.00119277703811177,11542.246063281358
2021-07-01 00:00:00+00:00,-0.0003937609886335014,11537.70117706043
2021-07-02 00:00:00+00:00,0.003721210830690408,11580.635395641773
2021-07-06 00:00:00+00:00,0.0015880888149054698,11599.026473183092
2021-07-07 00:00:00+00:00,0.0014570995572293964,11615.927409521459
2021-07-08 00:00:00+00:00,-0.0021319678101170635,11591.162626199703
2021-07-09 00:00:00+00:00,-0.001706375094169066,11571.383754981893
2021-07-12 00:00:00+00:00,-0.00015569753760596972,11569.582119024548
2021-07-13 00:00:00+00:00,0.0005984977608762265,11576.506488017058
2021-07-14 00:00:00+00:00,-0.0013574385100280362,11560.792092298636
2021-07-15 00:00:00+00:00,5.080070371091261e-05,11561.379388672382
2021-07-16 00:00:00+00:00,-0.0023981901249895965,11533.653002791209
2021-07-19 00:00:00+00:00,-0.0011855434574875034,11519.979355932819
2021-07-20 00:00:00+00:00,0.004383690872630047,11570.479384288308
2021-07-21 00:00:00+00:00,0.0003317132006099288,11574.317465037462
2021-07-22 00:00:00+00:00,0.0008409232090423324,11584.050577222635
2021-07-23 00:00:00+00:00,0.0027381336195788364,11615.76925555903
2021-07-26 00:00:00+00:00,-0.00010772597820696284,11614.517935453348
2021-07-27 00:00:00+00:00,-0.0014876607898126615,11597.239472528197
2021-07-28 00:00:00+00:00,0.0003340868435511013,11601.11395765748
2021-07-29 00:00:00+00:00,-0.0001991962335579911,11598.803059452039
2021-07-30 00:00:00+00:00,-0.0005056043101969998,11592.938654632055
2021-08-02 00:00:00+00:00,0.0002688621293620852,11596.055556804304
2021-08-03 00:00:00+00:00,0.001580455567897432,11614.3826073747
2021-08-04 00:00:00+00:00,-0.0010679669561098615,11601.978830534408
2021-08-05 00:00:00+00:00,0.0013474217131888566,11617.611588726626
2021-08-06 00:00:00+00:00,0.000350088530285092,11621.678781293147
2021-08-09 00:00:00+00:00,-0.0001445784072970635,11619.998537484831
2021-08-10 00:00:00+00:00,0.0029130041627407344,11653.847641595565
2021-08-11 00:00:00+00:00,0.001712806873320205,11673.808431936714
2021-08-12 00:00:00+00:00,-0.0017324295075742402,11653.584381743458
2021-08-13 00:00:00+00:00,0.002252198970183139,11679.830572486962
2021-08-16 00:00:00+00:00,-0.000511513059713059,11673.856186613897
2021-08-17 00:00:00+00:00,-0.0030652484597229745,11638.07291691885
2021-08-18 00:00:00+00:00,-0.0034573766922560145,11597.835714873121
2021-08-19 00:00:00+00:00,0.001959462443625548,11620.561238383752
2021-08-20 00:00:00+00:00,0.0021885107449264862,11645.992961516033
2021-08-23 00:00:00+00:00,0.0015683502251060133,11664.25795719881
2021-08-24 00:00:00+00:00,-0.00019302574735077793,11662.00645508933
2021-08-25 00:00:00+00:00,-0.00013634984615087942,11660.416342303368
2021-08-26 00:00:00+00:00,-0.001352905152796624,11644.640904950113
2021-08-27 00:00:00+00:00,0.0020554126132552586,11668.575446742974
2021-08-30 00:00:00+00:00,0.0017214597534150333,11688.66242975423
2021-08-31 00:00:00+00:00,-0.00043040860440646256,11683.631528870459
2021-09-01 00:00:00+00:00,-0.00024218631352063147,11680.801913221947
2021-09-02 00:00:00+00:00,-0.00024285933393192183,11677.965121449512
2021-09-03 00:00:00+00:00,-0.0007422536049191963,11669.297109739995
2021-09-07 00:00:00+00:00,1.569879244844863e-05,11669.48030361334
2021-09-08 00:00:00+00:00,8.528728453566226e-05,11670.475561900377
2021-09-09 00:00:00+00:00,-0.0006646475102687621,11662.718809374508
2021-09-10 00:00:00+00:00,-0.002176295527683225,11637.33728658904
2021-09-13 00:00:00+00:00,0.00032848726899042946,11641.160003732632
2021-09-14 00:00:00+00:00,-0.0006056846701122942,11634.109131576044
2021-09-15 00:00:00+00:00,0.0013343072933450495,11649.632608241878
2021-09-16 00:00:00+00:00,0.00031513162385690685,11653.30377588305
2021-09-17 00:00:00+00:00,-0.0029629613979601233,11618.775486636405
2021-09-20 00:00:00+00:00,-0.0077257127056857555,11529.012165234788
2021-09-21 00:00:00+00:00,-0.0009243135518662846,11518.355743050832
2021-09-22 00:00:00+00:00,0.00012398481986300469,11519.783844312755
2021-09-23 00:00:00+00:00,-0.0021839263830288613,11494.625484448368
2021-09-24 00:00:00+00:00,-0.0003746384215761178,11490.319156100266
2021-09-27 00:00:00+00:00,-0.0009590823918314562,11479.298993321125
2021-09-28 00:00:00+00:00,0.0012114012138466914,11493.205030055744
2021-09-29 00:00:00+00:00,0.0017435080942285186,11513.243526054275
2021-09-30 00:00:00+00:00,-0.0002885645614869037,11509.921211984885
2021-10-01 00:00:00+00:00,-0.0007704099678022547,11501.053853954552
2021-10-04 00:00:00+00:00,-0.0010625824887799673,11488.833035526824
2021-10-05 00:00:00+00:00,0.0008731070861559553,11498.864017061805
2021-10-06 00:00:00+00:00,0.0008700684344934428,11508.868815675583
2021-10-07 00:00:00+00:00,-0.0003853533975297918,11504.433833975738
2021-10-08 00:00:00+00:00,0.00043830099364994843,11509.476238756548
2021-10-11 00:00:00+00:00,0.00103457594782278,11521.383666045203
2021-10-12 00:00:00+00:00,-0.0008555155523660929,11511.526943134126
2021-10-13 00:00:00+00:00,-0.000511427526954178,11505.63963137813
2021-10-14 00:00:00+00:00,-0.0013414836055353986,11490.205004441439
2021-10-15 00:00:00+00:00,0.0004995941420246952,11495.94544355232
2021-10-18 00:00:00+00:00,0.0006612623910857207,11503.547279924116
2021-10-19 00:00:00+00:00,5.743393545082905e-05,11504.207973916047
2021-10-20 00:00:00+00:00,-0.0007004127885785139,11496.150279528649
2021-10-21 00:00:00+00:00,0.0007772353213107486,11505.085493584995
2021-10-22 00:00:00+00:00,-0.0020448399712272246,11481.559434895325
2021-10-25 00:00:00+00:00,0.0017664123363166971,11501.840603121278
2021-10-26 00:00:00+00:00,-0.0027454682571607047,11470.262664846487
2021-10-27 00:00:00+00:00,-0.010333648494140252,11351.733002332503
2021-10-28 00:00:00+00:00,-0.0008378598383883216,11342.221841153741
2021-10-29 00:00:00+00:00,0.002260851656131968,11367.86492218753
2021-11-01 00:00:00+00:00,3.4363117325019935e-06,11367.903985715135
2021-11-02 00:00:00+00:00,-0.000658522677915796,11360.417963140173
2021-11-03 00:00:00+00:00,-0.0003491416363887945,11356.451568222461
2021-11-04 00:00:00+00:00,0.0004053297398312394,11361.054675782014
2021-11-05 00:00:00+00:00,-0.0015745560429522244,11343.16605848795
2021-11-08 00:00:00+00:00,0.0006221938389523229,11350.223706523755
2021-11-09 00:00:00+00:00,-0.0010011287141313498,11338.860671659339
2021-11-10 00:00:00+00:00,0.0035094798832602304,11378.654175085618
2021-11-11 00:00:00+00:00,0.0017127690935841487,11398.143182283287
2021-11-12 00:00:00+00:00,-0.0015050562350217513,11380.98833581912
2021-11-15 00:00:00+00:00,0.0021312470302449816,11405.244033411089
2021-11-16 00:00:00+00:00,0.0021643833432359928,11429.929353622545
2021-11-17 00:00:00+00:00,-0.003109987215954424,11394.382419453517
2021-11-18 00:00:00+00:00,0.0009397315738494449,11405.090080377593
2021-11-19 00:00:00+00:00,-0.0003427962210046598,11401.18045859782
2021-11-22 00:00:00+00:00,0.0013047622619832054,11416.056288602262
2021-11-23 00:00:00+00:00,0.0014329595443284048,11432.415035419603
2021-11-24 00:00:00+00:00,0.0008777903789004893,11442.450299345293
2021-11-26 00:00:00+00:00,-0.007982053338440648,11351.116050733463
2021-11-29 00:00:00+00:00,0.0028665650583387715,11383.654763377644
2021-11-30 00:00:00+00:00,-0.006769135273721772,11306.597264374994
2021-12-01 00:00:00+00:00,-0.003621825921287869,11265.646737321318
2021-12-02 00:00:00+00:00,0.0039625080742090365,11310.286953479139
2021-12-03 00:00:00+00:00,-0.0030021721666184885,11276.331524790934
2021-12-06 00:00:00+00:00,0.00379619893575609,11319.138722524578
2021-12-07 00:00:00+00:00,0.006261061487046615,11390.008546046714
2021-12-08 00:00:00+00:00,0.0003815189866328339,11394.354050564942
2021-12-09 00:00:00+00:00,-0.0023851222821490658,11367.177122828243
2021-12-10 00:00:00+00:00,0.0013569044120504746,11382.601295618768
2021-12-13 00:00:00+00:00,-0.0024173929827251916,11355.08507512158
2021-12-14 00:00:00+00:00,-0.0006037119077924536,11348.229875047733
2021-12-15 00:00:00+00:00,0.0029263261304147193,11381.438496665038
2021-12-16 00:00:00+00:00,-0.00412452388977263,11334.495481685564
2021-12-17 00:00:00+00:00,-0.0011953939875674281,11320.946293934649
2021-12-20 00:00:00+00:00,-0.0026121149438720847,11291.374680941488
2021-12-21 00:00:00+00:00,0.005063058685849725,11348.543573595014
2021-12-22 00:00:00+00:00,0.0017123947692601115,11367.97676024916
2021-12-23 00:00:00+00:00,0.001127916167751075,11380.798885031661
2021-12-27 00:00:00+00:00,0.003278240148964584,11418.107876863865
2021-12-28 00:00:00+00:00,-0.0006972856451057053,11410.146194147059
2021-12-29 00:00:00+00:00,0.0004918262405214146,11415.758003453526
2021-12-30 00:00:00+00:00,-0.001089589356726506,11403.319515033998
2021-12-31 00:00:00+00:00,-0.0012904165178610706,11388.60448317335
2022-01-03 00:00:00+00:00,0.0022596909473434124,11414.33920962685
2022-01-04 00:00:00+00:00,0.0028948577456717806,11447.382097899566
2022-01-05 00:00:00+00:00,-0.0044433212464879916,11396.517701807303
2022-01-06 00:00:00+00:00,0.002774825189015512,11428.141046193341
2022-01-07 00:00:00+00:00,-0.0010675402769550978,11415.941045335805
2022-01-10 00:00:00+00:00,-0.0011635171554401859,11402.658402084062
2022-01-11 00:00:00+00:00,0.0028363965831406713,11435.000863414452
2022-01-12 00:00:00+00:00,-0.0010048493908978386,11423.510409761935
2022-01-13 00:00:00+00:00,-0.0012994743111986117,11408.66585144074
2022-01-14 00:00:00+00:00,0.0008857842010233152,11418.771467406701
2022-01-18 00:00:00+00:00,0.002548889483295991,11447.876653912132
2022-01-19 00:00:00+00:00,0.0019616091168319417,11470.332913124814
2022-01-20 00:00:00+00:00,0.004163530941984605,11518.089999123473
2022-01-21 00:00:00+00:00,-0.004321304739638837,11468.316822218674
2022-01-24 00:00:00+00:00,-0.0014783643457594476,11451.362471522832
2022-01-25 00:00:00+00:00,0.0011946197670647917,11465.042495491136
2022-01-26 00:00:00+00:00,-0.0016595989221385888,11446.015123323345
2022-01-27 00:00:00+00:00,-0.0002677768618028984,11442.950145313473
2022-01-28 00:00:00+00:00,-0.0026496864345253945,11412.629915542488
2022-01-31 00:00:00+00:00,-0.0018432735300290494,11391.59331691115
2022-02-01 00:00:00+00:00,0.0030029467606727867,11425.80166516107
2022-02-02 00:00:00+00:00,-0.0005880377646493795,11419.082862290561
2022-02-03 00:00:00+00:00,0.0003038283646400519,11422.552303562301
2022-02-04 00:00:00+00:00,0.005023749361123797,11479.936343399726
2022-02-07 00:00:00+00:00,0.0011755094961626632,11493.431117586737
2022-02-08 00:00:00+00:00,0.0011050877981564676,11506.132368073733
2022-02-09 00:00:00+00:00,0.002381935293463516,11533.539230852512
2022-02-10 00:00:00+00:00,0.00038789145961415936,11538.012992219286
2022-02-11 00:00:00+00:00,-0.005771616842259042,11471.42000210719
2022-02-14 00:00:00+00:00,0.0009149889386840304,11481.916224520119
2022-02-15 00:00:00+00:00,0.0008727387072717862,11491.93693724291
2022-02-16 00:00:00+00:00,0.0014012896610983482,11508.040469659065
2022-02-17 00:00:00+00:00,-0.0004841170407331119,11502.469231162255
2022-02-18 00:00:00+00:00,6.988971557900788e-05,11503.273135465279
2022-02-22 00:00:00+00:00,0.001244670571902534,11517.590921017549
2022-02-23 00:00:00+00:00,-0.0009244753713541165,11506.943191873737
2022-02-24 00:00:00+00:00,0.004004684810919123,11553.024872494345
2022-02-25 00:00:00+00:00,-2.556460521482288e-05,11552.729523974442
2022-02-28 00:00:00+00:00,0.00010909648126570245,11553.989886114521
2022-03-01 00:00:00+00:00,0.0028076985767856223,11586.430007073961
2022-03-02 00:00:00+00:00,0.006381858271139379,11660.372961247582
2022-03-03 00:00:00+00:00,0.009889552778709154,11775.688835067273
2022-03-04 00:00:00+00:00,0.00800616553730194,11869.96694919658
2022-03-07 00:00:00+00:00,0.005129144096027804,11930.849720094096
2022-03-08 00:00:00+00:00,0.0009695034306998529,11942.416719828892
2022-03-09 00:00:00+00:00,-0.027928140506557612,11608.887227689649
2022-03-10 00:00:00+00:00,0.006866474594353749,11688.599356907298
2022-03-11 00:00:00+00:00,0.004741493173877181,11744.02077097026
2022-03-14 00:00:00+00:00,-0.006011969678814283,11673.416074187824
2022-03-15 00:00:00+00:00,-0.005556880323291347,11608.548298099577
2022-03-16 00:00:00+00:00,-0.005004482278592204,11550.453523861557
2022-03-17 00:00:00+00:00,0.0023866072135001804,11578.019919560802
2022-03-18 00:00:00+00:00,-0.0030284985658378893,11542.955902839169
2022-03-21 00:00:00+00:00,0.006296056796577276,11615.631008803834
2022-03-22 00:00:00+00:00,-0.003195111450831589,11578.51777315897
2022-03-23 00:00:00+00:00,0.011476911827728514,11711.403400737301
2022-03-24 00:00:00+00:00,-0.009515787458322284,11599.960175137212
2022-03-25 00:00:00+00:00,0.0019195668228410678,11622.227073835682
2022-03-28 00:00:00+00:00,-6.413763697825654e-05,11621.481651654742
2022-03-29 00:00:00+00:00,-0.011658511205511968,11485.992477594273
2022-03-30 00:00:00+00:00,0.00462764025938423,11539.145518802574
2022-03-31 00:00:00+00:00,-0.003404110465844956,11499.86499277511
2022-04-01 00:00:00+00:00,0.0038028324018645533,11543.597051986704
2022-04-04 00:00:00+00:00,-0.0003331056367716856,11539.751814740066
2022-04-05 00:00:00+00:00,0.0033578543718658705,11578.50062082144
2022-04-06 00:00:00+00:00,0.0006850187929368423,11586.432111340731
2022-04-07 00:00:00+00:00,-0.001102171193569723,11573.661879631361
2022-04-08 00:00:00+00:00,0.0025050643295422893,11602.654647168209
2022-04-11 00:00:00+00:00,-0.006911401693906605,11522.464040185958
2022-04-12 00:00:00+00:00,0.0029012295231520603,11555.893353038804
2022-04-13 00:00:00+00:00,-0.0010028140054870404,11544.304941338462
2022-04-14 00:00:00+00:00,0.0027050812790610002,11575.533224515046
2022-04-18 00:00:00+00:00,0.005111444843261792,11634.7009241235
2022-04-19 00:00:00+00:00,-0.0009230793957763994,11623.961171424422
2022-04-20 00:00:00+00:00,-0.005128929964968465,11564.342688660674
2022-04-21 00:00:00+00:00,0.005317323028514681,11625.834034348723
2022-04-22 00:00:00+00:00,-0.003273693419275825,11587.774617976882
2022-04-25 00:00:00+00:00,-0.008552109654076179,11488.674698797224
2022-04-26 00:00:00+00:00,-0.0028814738634289016,11455.570382927202
2022-04-27 00:00:00+00:00,0.0028693297720039147,11488.440192082224
2022-04-28 00:00:00+00:00,-0.0001297341025817356,11486.949749603838
2022-04-29 00:00:00+00:00,-0.0006267229489482993,11479.750614582346
2022-05-02 00:00:00+00:00,0.0030071527172261026,11514.271977836068
2022-05-03 00:00:00+00:00,-0.001052681445623699,11502.151117365136
2022-05-04 00:00:00+00:00,-0.0037633794364436367,11458.864158375178
2022-05-05 00:00:00+00:00,0.0049819914627034,11515.952121784481
2022-05-06 00:00:00+00:00,0.000804531241848988,11525.217065046094
2022-05-09 00:00:00+00:00,-0.00045408287890504886,11519.983661301192
2022-05-10 00:00:00+00:00,0.0015211312527208308,11537.50706847923
2022-05-11 00:00:00+00:00,-0.003106063408066262,11501.67083995352
2022-05-12 00:00:00+00:00,0.0013980297471389068,11517.750517929575
2022-05-13 00:00:00+00:00,-0.000134110518890751,11516.205866431159
2022-05-16 00:00:00+00:00,-0.0015579550608119332,11498.264135220203
2022-05-17 00:00:00+00:00,0.00013584188248861315,11499.826081065681
2022-05-18 00:00:00+00:00,-0.00017127280246689305,11497.856473624894
2022-05-19 00:00:00+00:00,-0.002991350660339864,11463.462353070025
2022-05-20 00:00:00+00:00,-0.001708509870422353,11443.87691449059
2022-05-23 00:00:00+00:00,-0.007190112264701076,11361.59415473198
2022-05-24 00:00:00+00:00,0.002284338077030451,11387.547876875402
2022-05-25 00:00:00+00:00,-0.0020480238041106326,11364.22590775311
2022-05-26 00:00:00+00:00,-0.006168668629732882,11294.123763894757
2022-05-27 00:00:00+00:00,-0.011028752835421474,11169.5636644101
2022-05-31 00:00:00+00:00,0.004505982678678727,11219.893524810332
2022-06-01 00:00:00+00:00,0.006056444279075601,11287.846184760507
2022-06-02 00:00:00+00:00,-0.016833351977052203,11097.833896869606
2022-06-03 00:00:00+00:00,0.009750746680079369,11206.046063895581
2022-06-06 00:00:00+00:00,0.00025066102146643616,11208.854982848557
2022-06-07 00:00:00+00:00,-0.0004664545959712108,11203.626560926234
2022-06-08 00:00:00+00:00,0.002205919704329523,11228.340861516932
2022-06-09 00:00:00+00:00,0.01208834789635872,11364.072952149849
2022-06-10 00:00:00+00:00,0.014324894860129622,11526.862102372237
2022-06-13 00:00:00+00:00,0.016997605610437432,11722.791158314258
2022-06-14 00:00:00+00:00,0.0060837591481190225,11794.109796265142
2022-06-15 00:00:00+00:00,-0.010513376738738717,11670.113876678957
2022-06-16 00:00:00+00:00,0.011280962767526364,11801.763996814565
2022-06-17 00:00:00+00:00,0.006521801710412401,11878.732761434876
2022-06-21 00:00:00+00:00,-0.009399605720051624,11767.077357023527
2022-06-22 00:00:00+00:00,0.001973914242334157,11790.304558609203
2022-06-23 00:00:00+00:00,0.002310990413909908,11817.551839421227
2022-06-24 00:00:00+00:00,-0.004156095784981784,11768.436962032605
2022-06-27 00:00:00+00:00,0.0004869330448900754,11774.167402876123
2022-06-28 00:00:00+00:00,0.006418987380350005,11849.745634849314
2022-06-29 00:00:00+00:00,0.0010765268321277664,11862.502203979117
2022-06-30 00:00:00+00:00,0.008488835134949874,11963.201029476675
2022-07-01 00:00:00+00:00,-0.002770818126131458,11930.053175217647
2022-07-05 00:00:00+00:00,0.010398641406850189,12054.10952015139
2022-07-06 00:00:00+00:00,-0.0012132804803445696,12039.484504362656
2022-07-07 00:00:00+00:00,-0.009691279043676799,11922.806500488854
2022-07-08 00:00:00+00:00,0.0001991894239018021,11925.181397446977
2022-07-11 00:00:00+00:00,0.013170066342391134,12082.236827596402
2022-07-12 00:00:00+00:00,0.008635959599222181,12186.578536707759
2022-07-13 00:00:00+00:00,0.0018500482444128274,12209.124294934994
2022-07-14 00:00:00+00:00,0.006634669118114067,12290.127794853815
2022-07-15 00:00:00+00:00,-0.008698170774814263,12183.226164449885
2022-07-18 00:00:00+00:00,-0.0049774699703578505,12122.584522074258
2022-07-19 00:00:00+00:00,-0.005781868138480184,12052.493336870044
2022-07-20 00:00:00+00:00,-0.004083758069837506,12003.273869943938
2022-07-21 00:00:00+00:00,-0.0033428867580068303,11963.148284671372
2022-07-22 00:00:00+00:00,0.0005091649990346225,11969.239501056185
2022-07-25 00:00:00+00:00,0.00015064501158646985,11971.042607279503
2022-07-26 00:00:00+00:00,0.0009687027477312093,11982.63898914638
2022-07-27 00:00:00+00:00,-0.011852773830452485,11840.611479316067
2022-07-28 00:00:00+00:00,-0.009098408178959978,11732.88076298877
2022-07-29 00:00:00+00:00,-0.009467639959102648,11621.79807224171
2022-08-01 00:00:00+00:00,0.0019472293633892967,11644.428378703362
2022-08-02 00:00:00+00:00,0.005957105851230227,11713.795471132367
2022-08-03 00:00:00+00:00,-0.0032031113173718764,11676.274880289404
2022-08-04 00:00:00+00:00,-0.004407129433489881,11624.816025590962
2022-08-05 00:00:00+00:00,-0.0021746834018003705,11599.535731131127
2022-08-08 00:00:00+00:00,7.3829183110775485e-06,11599.621369555876
2022-08-09 00:00:00+00:00,0.0038159526186611675,11643.884975096513
2022-08-10 00:00:00+00:00,-0.0010651554988589053,11631.482426987208
2022-08-11 00:00:00+00:00,0.0013578144045526873,11647.275821372874
2022-08-12 00:00:00+00:00,-0.006659878532785457,11569.706379164681
2022-08-15 00:00:00+00:00,-0.003537839693463185,11528.774612694759
2022-08-16 00:00:00+00:00,0.0005206387804939427,11534.776939849702
2022-08-17 00:00:00+00:00,-0.002268555057225141,11508.609663288842
2022-08-18 00:00:00+00:00,-0.0008303609685178459,11499.05336302254
2022-08-19 00:00:00+00:00,0.0026901444356529415,11529.98747744235
2022-08-22 00:00:00+00:00,0.005853589214117444,11597.479287779215
2022-08-23 00:00:00+00:00,-0.00014191286598479993,11595.833456255288
2022-08-24 00:00:00+00:00,-0.00026131041666135337,11592.8033441833
2022-08-25 00:00:00+00:00,-0.0017437023613836257,11572.58894561699
2022-08-26 00:00:00+00:00,0.00980623745796067,11686.072500821081
2022-08-29 00:00:00+00:00,-0.0019393543310575136,11663.40906550356
2022-08-30 00:00:00+00:00,-0.008389954199087585,11565.553597638762
2022-08-31 00:00:00+00:00,-0.002921477945295181,11531.765087878131
2022-09-01 00:00:00+00:00,-0.00910574901698502,11426.759729265084
2022-09-02 00:00:00+00:00,-0.006733143059731439,11349.821721298762
2022-09-06 00:00:00+00:00,-0.0014435476152156732,11333.437713219859
2022-09-07 00:00:00+00:00,0.0047427157637768835,11387.18898692013
2022-09-08 00:00:00+00:00,0.0019259402053181107,11409.120032015593
2022-09-09 00:00:00+00:00,0.0038755342329261366,11453.336467267234
2022-09-12 00:00:00+00:00,0.002770818544589937,11485.071584348165
2022-09-13 00:00:00+00:00,-0.010703196109097618,11362.144610853862
2022-09-14 00:00:00+00:00,0.0006912122761023655,11369.998264691734
2022-09-15 00:00:00+00:00,-0.0016487932250835115,11351.2514885837
2022-09-16 00:00:00+00:00,-0.0024638918223866767,11323.283232867123
2022-09-19 00:00:00+00:00,2.3218384764417762e-05,11323.546141214021
2022-09-20 00:00:00+00:00,0.003394962058770473,11361.98915073418
2022-09-21 00:00:00+00:00,0.00552764032857776,11424.794140176642
2022-09-22 00:00:00+00:00,0.0015209838948377185,11442.171068065687
2022-09-23 00:00:00+00:00,0.009676400602989004,11552.890099088223
2022-09-26 00:00:00+00:00,0.01142579878231088,11684.891096714558
2022-09-27 00:00:00+00:00,0.004307441969134751,11735.223087029313
2022-09-28 00:00:00+00:00,-0.012026614907946227,11594.088078102774
2022-09-29 00:00:00+00:00,-0.004580501527615177,11540.981339949718
2022-09-30 00:00:00+00:00,0.005854483980182468,11608.547830320038
2022-10-03 00:00:00+00:00,-0.006771329420319566,11529.942528869404
2022-10-04 00:00:00+00:00,-0.014258669885233517,11365.54088455454
2022-10-05 00:00:00+00:00,0.0013454284788597503,11380.832406938263
2022-10-06 00:00:00+00:00,0.007352255260428137,11464.507191870229
2022-10-07 00:00:00+00:00,0.00744578646937864,11549.869464397549
2022-10-10 00:00:00+00:00,0.002993004435326557,11584.438274931934
2022-10-11 00:00:00+00:00,0.003935759172458908,11630.031834130281
2022-10-12 00:00:00+00:00,-0.0045345378739830135,11577.295014302788
2022-10-13 00:00:00+00:00,-0.006707738948092773,11499.63754162179
2022-10-14 00:00:00+00:00,0.012863111928071536,11647.558666451925
2022-10-17 00:00:00+00:00,-0.006232290402882379,11574.967698357987
2022-10-18 00:00:00+00:00,-0.0015817593548934474,11556.658884918521
2022-10-19 00:00:00+00:00,0.0048446422553799105,11612.646762883407
2022-10-20 00:00:00+00:00,-0.000513689164557113,11606.681472069484
2022-10-21 00:00:00+00:00,-0.011729579061888606,11470.539984096687
2022-10-24 00:00:00+00:00,0.0008318255563127707,11480.081472400165
2022-10-25 00:00:00+00:00,-0.008051075369155291,11387.65447122183
2022-10-26 00:00:00+00:00,-0.010063800152144874,11273.051392421774
2022-10-27 00:00:00+00:00,0.003205925259212361,11309.191952629137
2022-10-28 00:00:00+00:00,0.0024973624442474916,11337.435103886417
2022-10-31 00:00:00+00:00,0.008361165774585493,11432.229278248617
2022-11-01 00:00:00+00:00,-0.00704824570293221,11351.652117363265
2022-11-02 00:00:00+00:00,0.002756759889650695,11382.94589660168
2022-11-03 00:00:00+00:00,0.0023758404375399497,11409.989959761155
2022-11-04 00:00:00+00:00,-0.020233685107797512,11179.123815832218
2022-11-07 00:00:00+00:00,0.003483537813887144,11218.066716370793
2022-11-08 00:00:00+00:00,-0.0055571226167511365,11155.726544105028
2022-11-09 00:00:00+00:00,0.004735887636698866,11208.558811523648
2022-11-10 00:00:00+00:00,-0.015227722689629231,11037.877986191364
2022-11-11 00:00:00+00:00,-0.010160610971300294,10925.726402024995
2022-11-14 00:00:00+00:00,0.00048100365019324595,10930.981716305381
2022-11-15 00:00:00+00:00,-0.0018677373538025456,10910.565513440104
2022-11-16 00:00:00+00:00,-0.001418197698154955,10895.092174543375
2022-11-17 00:00:00+00:00,0.0013238302279065027,10909.515426899865
2022-11-18 00:00:00+00:00,0.0006269898718075983,10916.35558257886
2022-11-21 00:00:00+00:00,0.00025892159733704177,10919.1820628034
2022-11-22 00:00:00+00:00,0.0032901537962679367,10955.107851119474
2022-11-23 00:00:00+00:00,0.000499164558790266,10960.576252696477
2022-11-25 00:00:00+00:00,-0.0012237838475485261,10947.162876518603
2022-11-28 00:00:00+00:00,-0.006240091690613114,10878.851576417052
2022-11-29 00:00:00+00:00,0.0019772602060554698,10900.361896726687
2022-11-30 00:00:00+00:00,0.018032710096249554,11096.924962754563
2022-12-01 00:00:00+00:00,-0.0006724548649221951,11089.462781577684
2022-12-02 00:00:00+00:00,0.0050035407159938535,11144.949360123806
2022-12-05 00:00:00+00:00,-0.01083438907522843,11024.200642532507
2022-12-06 00:00:00+00:00,-0.0026830301797324484,10994.622379501167
2022-12-07 00:00:00+00:00,0.004245758567186541,11041.302891661913
2022-12-08 00:00:00+00:00,0.0024115656526116414,11067.929718475527
2022-12-09 00:00:00+00:00,-0.0038675374444862797,11025.12408585638
2022-12-12 00:00:00+00:00,0.0020494970712111094,11047.72004538008
2022-12-13 00:00:00+00:00,0.007307605894852054,11128.452429508376
2022-12-14 00:00:00+00:00,-0.002187342578262774,11104.11069167914
2022-12-15 00:00:00+00:00,-0.015652464124214775,10930.303997446323
2022-12-16 00:00:00+00:00,-0.004208670770402179,10884.301946500658
2022-12-19 00:00:00+00:00,-0.0027857518799057567,10853.980981891733
2022-12-20 00:00:00+00:00,0.001613654141927495,10871.495553259567
2022-12-21 00:00:00+00:00,0.0008137969559897984,10880.342743247866
2022-12-22 00:00:00+00:00,-0.003541228994852119,10841.812958051549
2022-12-23 00:00:00+00:00,0.0021125842921060124,10864.717201804679
2022-12-27 00:00:00+00:00,0.0030396277094076663,10897.741897266162
2022-12-28 00:00:00+00:00,-0.00466783574985038,10846.87302804546
2022-12-29 00:00:00+00:00,0.002433342632029356,10873.267186608813
2022-12-30 00:00:00+00:00,-0.0026015086006613785,10844.980288505561
2023-01-03 00:00:00+00:00,-0.002543530330529614,10817.395752207753
2023-01-04 00:00:00+00:00,0.0003029375745537188,10820.672747839915
2023-01-05 00:00:00+00:00,0.002909454895039115,10852.155007133733
2023-01-06 00:00:00+00:00,0.005186466203056972,10908.439342308568
2023-01-09 00:00:00+00:00,0.00988514271510173,11016.270822006318
2023-01-10 00:00:00+00:00,-0.00013066939487767478,11014.831332564198
2023-01-11 00:00:00+00:00,0.0034352467808645205,11052.669996441153
2023-01-12 00:00:00+00:00,0.006167410360021696,11120.836347883107
2023-01-13 00:00:00+00:00,0.0038252094340504085,11163.375875995562
2023-01-17 00:00:00+00:00,0.0010499714015310467,11175.0971014099
2023-01-18 00:00:00+00:00,0.0005748155815415767,11181.520721349027
2023-01-19 00:00:00+00:00,0.0018691653513174865,11202.42083245641
2023-01-20 00:00:00+00:00,0.00015370177216037504,11204.142664390845
2023-01-23 00:00:00+00:00,0.0007697824185964652,11212.767416429338
2023-01-24 00:00:00+00:00,0.0014646685183821505,11229.190403868124
2023-01-25 00:00:00+00:00,0.0014606277374445752,11245.59207084106
2023-01-26 00:00:00+00:00,0.0012796620216854236,11259.982627925483
2023-01-27 00:00:00+00:00,-0.004488737448069208,11209.439522238905
2023-01-30 00:00:00+00:00,-0.0052966717365353026,11150.06680073906
2023-01-31 00:00:00+00:00,0.004679515207312723,11202.243707895672
2023-02-01 00:00:00+00:00,0.0030622840178488376,11236.54815976641
2023-02-02 00:00:00+00:00,-0.005619197018524336,11173.407781848544
2023-02-03 00:00:00+00:00,-0.010825187014068727,11052.453553025582
2023-02-06 00:00:00+00:00,-0.007275098503482952,10972.04586472215
2023-02-07 00:00:00+00:00,0.002504806991061204,10999.528721910348
2023-02-08 00:00:00+00:00,-0.0036816842080547862,10959.031930718846
2023-02-09 00:00:00+00:00,0.00024107144661911217,10961.67384039993
2023-02-10 00:00:00+00:00,-0.0048747168164257615,10908.238784593957
2023-02-13 00:00:00+00:00,0.0048096818943793584,10960.703943175788
2023-02-14 00:00:00+00:00,0.000642099625956738,10967.741807077924
2023-02-15 00:00:00+00:00,-0.003686153532824782,10927.313026868655
2023-02-16 00:00:00+00:00,-0.0006820831369689082,10919.859690920646
2023-02-17 00:00:00+00:00,0.001067632597628293,10931.518089088198
2023-02-21 00:00:00+00:00,0.00047790175409531677,10936.742280757899
2023-02-22 00:00:00+00:00,-0.003515092929603586,10898.298615293908
2023-02-23 00:00:00+00:00,-0.0041410729241207755,10853.167965979132
2023-02-24 00:00:00+00:00,-0.0037542225993580924,10812.422757526623
2023-02-27 00:00:00+00:00,-0.0012869645835625052,10798.50755237518
2023-02-28 00:00:00+00:00,0.00047330697180564263,10803.618561284815
2023-03-01 00:00:00+00:00,-0.0011337860455820914,10791.369569318238
2023-03-02 00:00:00+00:00,0.0008542082875456769,10800.58764663832
2023-03-03 00:00:00+00:00,-0.0014188464592174987,10785.263271098418
2023-03-06 00:00:00+00:00,0.00038051026187169157,10789.367174450057
2023-03-07 00:00:00+00:00,0.002754580174942012,10819.087351368968
2023-03-08 00:00:00+00:00,-9.393749980851629e-05,10818.07103335297
2023-03-09 00:00:00+00:00,0.00018796632816298064,10820.104466442916
2023-03-10 00:00:00+00:00,-0.005087321246603655,10765.05911910031
2023-03-13 00:00:00+00:00,-0.0038630821726435504,10723.47281112986
2023-03-14 00:00:00+00:00,0.0012828959343142486,10737.229910800987
2023-03-15 00:00:00+00:00,-0.0005490184776633878,10731.334973181038
2023-03-16 00:00:00+00:00,-0.001286573683083214,10717.528320020194
2023-03-17 00:00:00+00:00,-0.0005677617095431464,10711.443317819141
2023-03-20 00:00:00+00:00,-0.0008535601904225143,10702.300456221083
2023-03-21 00:00:00+00:00,-0.00038067605719332986,10698.22634668051
2023-03-22 00:00:00+00:00,-0.0012390261939977665,10684.970964007656
2023-03-23 00:00:00+00:00,-0.004593632260212444,10635.888136687956
2023-03-24 00:00:00+00:00,0.00011563994096467352,10637.118070164192
2023-03-27 00:00:00+00:00,-0.0031636779879786916,10603.465653870084
2023-03-28 00:00:00+00:00,0.00011805483663779888,10604.717444275644
2023-03-29 00:00:00+00:00,-0.0035249704628777744,10567.336128517409
2023-03-30 00:00:00+00:00,-0.0013431386615352038,10553.142730813759
2023-03-31 00:00:00+00:00,-0.0038291333621736866,10512.733339907418
2023-04-03 00:00:00+00:00,0.0008326142247132633,10521.486391226841
2023-04-04 00:00:00+00:00,0.0001829025281609775,10523.41079768781
2023-04-05 00:00:00+00:00,-0.00020289263588870734,10521.275675132527
2023-04-06 00:00:00+00:00,-0.00020276504105206652,10519.142328238338
2023-04-10 00:00:00+00:00,-0.0016476648234175718,10501.810307451575
2023-04-11 00:00:00+00:00,0.0001814999117816851,10503.716385095928
2023-04-12 00:00:00+00:00,0.0010437307668398953,10514.679437053212
2023-04-13 00:00:00+00:00,0.0027796136953902096,10543.906184019083
2023-04-14 00:00:00+00:00,-0.0025390982435745334,10517.134170346824
2023-04-17 00:00:00+00:00,-0.0009729647940186159,10506.901369065106
2023-04-18 00:00:00+00:00,0.0002778818250463222,10509.821045993127
2023-04-19 00:00:00+00:00,-0.0002980547977710857,10506.688543406653
2023-04-20 00:00:00+00:00,0.00037380188698305503,10510.615963410122
2023-04-21 00:00:00+00:00,-0.0002981443495317593,10507.482282650533
2023-04-24 00:00:00+00:00,0.0004699272347180372,10512.420034743465
2023-04-25 00:00:00+00:00,-0.001163765973926112,10500.186038003412
2023-04-26 00:00:00+00:00,-0.0010303637736571668,10489.367026693193
2023-04-27 00:00:00+00:00,0.00481193668943467,10539.841196737882
2023-04-28 00:00:00+00:00,0.0017350760897559046,10558.128623188166
2023-05-01 00:00:00+00:00,-0.0006878733745541932,10550.865967623155
2023-05-02 00:00:00+00:00,-0.0029218874380558756,10520.037524891746
2023-05-03 00:00:00+00:00,-0.00043369696155375894,10515.475016581768
2023-05-04 00:00:00+00:00,-0.0015662020723782256,10499.005657818756
2023-05-05 00:00:00+00:00,0.005258932585443693,10554.219220787418
2023-05-08 00:00:00+00:00,-0.00020254219784157093,10552.081546029936
2023-05-09 00:00:00+00:00,-0.0012279827867317185,10539.123771527222
2023-05-10 00:00:00+00:00,0.001707571040568101,10557.120074072443
2023-05-11 00:00:00+00:00,-0.00207160945085757,10535.249844353157
2023-05-12 00:00:00+00:00,-0.0018717763823399237,10515.530212512445
2023-05-15 00:00:00+00:00,0.001806168563469218,10534.523032610494
2023-05-16 00:00:00+00:00,-0.0024031301107968416,10509.207203107944
2023-05-17 00:00:00+00:00,0.0026998975452593777,10537.580985838238
2023-05-18 00:00:00+00:00,0.0023374619410523045,10562.212180343391
2023-05-19 00:00:00+00:00,-0.0005121607269427397,10556.802630074984
2023-05-22 00:00:00+00:00,0.0004105513189454624,10561.136739318608
2023-05-23 00:00:00+00:00,-0.00271570685603012,10532.45578786817
2023-05-24 00:00:00+00:00,-0.001968496027556804,10511.722690489334
2023-05-25 00:00:00+00:00,0.001775269241354016,10530.3838284554
2023-05-26 00:00:00+00:00,0.003318111037077298,10565.324811261258
2023-05-30 00:00:00+00:00,0.00010231511492353462,10566.405803683527
2023-05-31 00:00:00+00:00,-0.0013809254864777243,10551.814384608755
2023-06-01 00:00:00+00:00,0.0023658260568583667,10576.778142026997
2023-06-02 00:00:00+00:00,0.005105041768994373,10630.77303622343
2023-06-05 00:00:00+00:00,-0.0009775962996568521,10620.380431840726
2023-06-06 00:00:00+00:00,0.0009170653950839602,10630.120015217393
2023-06-07 00:00:00+00:00,-0.0004059803604058443,10625.804395262458
2023-06-08 00:00:00+00:00,-0.003001629775532638,10593.909664400651
2023-06-09 00:00:00+00:00,0.002032676969701419,10615.443660594578
2023-06-12 00:00:00+00:00,0.004580651537853369,10664.069308923476
2023-06-13 00:00:00+00:00,-0.0020950474452086586,10641.727577762287
2023-06-14 00:00:00+00:00,-0.004241745751753118,10596.588075018
2023-06-15 00:00:00+00:00,9.817790860880967e-05,10597.628425873596
2023-06-16 00:00:00+00:00,-0.0003767616657273876,10593.635645735103
2023-06-20 00:00:00+00:00,0.004071985997832433,10636.772781750675
2023-06-21 00:00:00+00:00,-0.003370314742274333,10600.923509634116
2023-06-22 00:00:00+00:00,0.001271526046783189,10614.402859996575
2023-06-23 00:00:00+00:00,0.0031421920835080883,10647.755352634422
2023-06-26 00:00:00+00:00,0.0010068710212662146,10658.476268940522
2023-06-27 00:00:00+00:00,-0.00011248436699336513,10657.277356984296
2023-06-28 00:00:00+00:00,0.0025609415420778767,10684.570021293244
2023-06-29 00:00:00+00:00,0.005587086674022368,10744.26564007687
2023-06-30 00:00:00+00:00,-0.0009601289000716496,10733.949760125784
2023-07-03 00:00:00+00:00,0.0006536585163373465,10740.966097800429
2023-07-05 00:00:00+00:00,0.002957603191935537,10772.733613415754
2023-07-06 00:00:00+00:00,0.001210897522053539,10785.778289853983
2023-07-07 00:00:00+00:00,-0.004334427135514646,10739.028119756795
2023-07-10 00:00:00+00:00,-0.0008926189297548015,10729.44225996993
2023-07-11 00:00:00+00:00,0.00014017610115916727,10730.946271353545
2023-07-12 00:00:00+00:00,-0.0095559143363249,10628.402268036785
2023-07-13 00:00:00+00:00,-0.005048200304340794,10574.747964472626
2023-07-14 00:00:00+00:00,0.0005831277821508664,10580.914393799954
2023-07-17 00:00:00+00:00,0.0008045328787692818,10589.42708731721
2023-07-18 00:00:00+00:00,0.0016154920738933097,10606.534222843842
2023-07-19 00:00:00+00:00,-0.00024109037977229077,10603.97708947999
2023-07-20 00:00:00+00:00,-0.00015986559201882635,10602.281878404827
2023-07-21 00:00:00+00:00,-0.00033715921980975174,10598.707221318502
2023-07-24 00:00:00+00:00,0.002952357272351497,10629.998391660887
2023-07-25 00:00:00+00:00,0.006475889020628017,10698.837081534735
2023-07-26 00:00:00+00:00,-0.0024348261099472967,10672.787273662543
2023-07-27 00:00:00+00:00,-0.0029079296185641423,10641.751559436825
2023-07-28 00:00:00+00:00,0.006645229821428877,10712.46844425183
2023-07-31 00:00:00+00:00,0.006581717275351983,10782.974882873024
2023-08-01 00:00:00+00:00,-0.0031864962872379886,10748.61497344337
2023-08-02 00:00:00+00:00,-0.007317549872672852,10669.961447313039
2023-08-03 00:00:00+00:00,0.00259287732498934,10697.627348408287
2023-08-04 00:00:00+00:00,-0.0040445599927881,10654.36015281716
2023-08-07 00:00:00+00:00,0.002133384639651631,10677.090001112498
2023-08-08 00:00:00+00:00,-0.005879042286830583,10614.318937495662
2023-08-09 00:00:00+00:00,-0.001283460017184346,10600.695883529743
2023-08-10 00:00:00+00:00,0.00012711767149073958,10602.04341930664
2023-08-11 00:00:00+00:00,-0.002175920739359677,10578.974213150977
2023-08-14 00:00:00+00:00,-0.0007342479042190764,10571.206623506185
2023-08-15 00:00:00+00:00,-0.0026674573053811434,10543.00838117162
2023-08-16 00:00:00+00:00,-0.0011442367461234838,10530.944683567193
2023-08-17 00:00:00+00:00,8.08795100617545e-05,10531.796421213689
2023-08-18 00:00:00+00:00,-0.0007946781619756149,10523.427032591377
2023-08-21 00:00:00+00:00,0.0012824723809724047,10536.923037113853
2023-08-22 00:00:00+00:00,-0.00014665963702977793,10535.377695805819
2023-08-23 00:00:00+00:00,-0.0022990762970348188,10511.156058665081
2023-08-24 00:00:00+00:00,0.0005655448348183045,10517.10058868203
2023-08-25 00:00:00+00:00,0.00022767699669074546,10519.495090557954
2023-08-28 00:00:00+00:00,-0.00015886534447813724,10517.823907346656
2023-08-29 00:00:00+00:00,-0.005129167111040655,10463.876230881375
2023-08-30 00:00:00+00:00,-0.0010087824957184133,10453.320455702298
2023-08-31 00:00:00+00:00,-0.000663754063387306,10446.382021773938
2023-09-01 00:00:00+00:00,0.0010448541313008762,10457.296967186534
2023-09-05 00:00:00+00:00,0.0012760548489916034,10470.641051688857
2023-09-06 00:00:00+00:00,0.0006704311786983108,10477.660895910867
2023-09-07 00:00:00+00:00,-0.00079440900060892,10469.33734778983
2023-09-08 00:00:00+00:00,5.807219569098906e-05,10469.945325197044
2023-09-11 00:00:00+00:00,0.0002622123195124892,10472.690673845933
2023-09-12 00:00:00+00:00,-7.81230611254458e-05,10471.872515192272
2023-09-13 00:00:00+00:00,-0.0003843176671114668,10467.847989576943
2023-09-14 00:00:00+00:00,0.00026202730055222554,10470.590851528243
2023-09-15 00:00:00+00:00,0.0005686163023027657,10476.544600181165
2023-09-18 00:00:00+00:00,-0.000637013870243863,10469.870895958622
2023-09-19 00:00:00+00:00,0.000855284160685732,10478.82561070036
2023-09-20 00:00:00+00:00,0.000721584208441739,10486.386965784055
2023-09-21 00:00:00+00:00,0.0019418505736493784,10506.749962329073
2023-09-22 00:00:00+00:00,0.001546874297849782,10523.002583799735
2023-09-25 00:00:00+00:00,0.0015602130975333804,10539.420710256358
2023-09-26 00:00:00+00:00,-0.0009611053817978277,10529.2912162907
2023-09-27 00:00:00+00:00,0.002045915021435424,10550.833251355176
2023-09-28 00:00:00+00:00,0.004698255944967899,10600.403766402722
2023-09-29 00:00:00+00:00,0.0036449120225095833,10639.041305534338
2023-10-02 00:00:00+00:00,-0.0005022319699089728,10633.698038861516
2023-10-03 00:00:00+00:00,-0.002306505125827579,10609.17135982838
2023-10-04 00:00:00+00:00,-0.007016716568312642,10534.729811371804
2023-10-05 00:00:00+00:00,-0.0017341575727842396,10516.460929892177
2023-10-06 00:00:00+00:00,-0.0027345004020354505,10487.703663251397
2023-10-09 00:00:00+00:00,-0.004462503786519067,10440.90224594225
2023-10-10 00:00:00+00:00,-0.002105155330411546,10418.9225249249
2023-10-11 00:00:00+00:00,-0.002065871556936233,10397.398369226734
2023-10-12 00:00:00+00:00,0.005982228857309158,10459.597985792061
2023-10-13 00:00:00+00:00,8.025063582401952e-05,10460.437375180883
2023-10-16 00:00:00+00:00,-0.002407638072734214,10435.252427898946
2023-10-17 00:00:00+00:00,0.002345448180888315,10459.72777172307
2023-10-18 00:00:00+00:00,0.006267939562761321,10525.288713239168
2023-10-19 00:00:00+00:00,0.0022276114014559254,10548.734966380393
2023-10-20 00:00:00+00:00,0.0016944296684495818,10566.60905587204
2023-10-23 00:00:00+00:00,-0.001093089205060227,10555.058809578974
2023-10-24 00:00:00+00:00,-0.001386970084714878,10540.41925876768
2023-10-25 00:00:00+00:00,0.006162672888296511,10605.376414764967
2023-10-26 00:00:00+00:00,0.0012242196081267808,10618.359724523485
2023-10-27 00:00:00+00:00,0.0009272344379388342,10628.205433334486
2023-10-30 00:00:00+00:00,-0.005014924235319834,10574.905788328899
2023-10-31 00:00:00+00:00,-0.000619782550216985,10568.351646251103
2023-11-01 00:00:00+00:00,-0.005271514300661684,10512.640429413472
2023-11-02 00:00:00+00:00,-0.008210702132345832,10426.3242702231
2023-11-03 00:00:00+00:00,-0.006390746388082974,10359.692276052188
2023-11-06 00:00:00+00:00,0.001567259634162138,10375.928603578786
2023-11-07 00:00:00+00:00,-0.0012314543919506483,10363.151120729344
2023-11-08 00:00:00+00:00,-0.0005133966441624338,10357.830713721012
2023-11-09 00:00:00+00:00,0.005435739183165128,10414.133179984177
2023-11-10 00:00:00+00:00,-0.004825007828540717,10363.884905863288
2023-11-13 00:00:00+00:00,0.0002680019924123755,10366.662447667191
2023-11-14 00:00:00+00:00,-0.012164849898882852,10240.553555038934
2023-11-15 00:00:00+00:00,4.6457737016448054e-05,10241.029307982897
2023-11-16 00:00:00+00:00,0.001182419250000816,10253.138498176477
2023-11-17 00:00:00+00:00,-6.810907142401623e-05,10252.440166434184
2023-11-20 00:00:00+00:00,-0.0012864676105993067,10239.25073423046
2023-11-21 00:00:00+00:00,-4.574923586150837e-05,10238.782296333575
2023-11-22 00:00:00+00:00,0.00016999258583755283,10240.522813411957
2023-11-24 00:00:00+00:00,-0.0010195816555046144,10230.081764208626
2023-11-27 00:00:00+00:00,0.0016721313653580427,10247.187804796737
2023-11-28 00:00:00+00:00,0.001050848615395672,10257.956047913107
2023-11-29 00:00:00+00:00,-0.0008944496250439524,10248.780822972332
2023-11-30 00:00:00+00:00,-0.0022459007413796472,10225.763078523782
2023-12-01 00:00:00+00:00,0.004898820494402323,10275.857256263756
2023-12-04 00:00:00+00:00,-0.005496297527432276,10219.378087433906
2023-12-05 00:00:00+00:00,4.7186699909196726e-05,10219.860306160977
2023-12-06 00:00:00+00:00,0.00029495304370850126,10222.874685064553
2023-12-07 00:00:00+00:00,0.0009582078887169831,10232.670324233146
2023-12-08 00:00:00+00:00,-0.002467289889385321,10207.423360200753
2023-12-11 00:00:00+00:00,-0.0001680628361731218,10205.707871680817
2023-12-12 00:00:00+00:00,0.0012743797719171111,10218.713819350582
2023-12-13 00:00:00+00:00,0.004978293692482155,10269.585577902735
2023-12-14 00:00:00+00:00,0.004441859251992064,10315.201631616068
2023-12-15 00:00:00+00:00,-0.001444534480110582,10300.300967189905
2023-12-18 00:00:00+00:00,-0.0013918287745887604,10285.964711916846
2023-12-19 00:00:00+00:00,0.0018483417265780287,10304.976689691992
2023-12-20 00:00:00+00:00,-0.00034632985352963665,10301.407768624424
2023-12-21 00:00:00+00:00,0.0018175031865397871,10320.130610069744
2023-12-22 00:00:00+00:00,-0.0002087459520455859,10317.976324580311
2023-12-26 00:00:00+00:00,0.0009475200682134199,10327.752814211202
2023-12-27 00:00:00+00:00,0.0025572804048210386,10354.16377410882
2023-12-28 00:00:00+00:00,-0.0011908944466176798,10341.833057970864
2023-12-29 00:00:00+00:00,-0.0005016022509043095,10336.645571230509
2024-01-02 00:00:00+00:00,-0.0029817357509084818,10305.824425586303
2024-01-03 00:00:00+00:00,-0.0006360248573445637,10299.2696650762
2024-01-04 00:00:00+00:00,-0.0012911484545953757,10285.971778964678
2024-01-05 00:00:00+00:00,-0.0005394666038231133,10280.42284070206
2024-01-08 00:00:00+00:00,0.001081061751828599,10291.536612627768
2024-01-09 00:00:00+00:00,-0.0009957910309553398,10281.288392774164
2024-01-10 00:00:00+00:00,-0.00011031261267113183,10280.15423698993
2024-01-11 00:00:00+00:00,0.00023443076726021325,10282.564221435261
2024-01-12 00:00:00+00:00,0.001325333242587523,10296.192045616972
2024-01-16 00:00:00+00:00,-0.005508541094188019,10239.47504862004
2024-01-17 00:00:00+00:00,-0.0026622854259274963,10212.21464342895
2024-01-18 00:00:00+00:00,0.002054402292403146,10233.194640602922
2024-01-19 00:00:00+00:00,0.0037824005647893234,10271.900681791138
2024-01-22 00:00:00+00:00,0.0008705120781993036,10280.842495400699
2024-01-23 00:00:00+00:00,-0.0002437643426779157,10278.336392587633
2024-01-24 00:00:00+00:00,-1.0169680012961404e-05,10278.231865195454
2024-01-25 00:00:00+00:00,0.001618052220774408,10294.862581090567
2024-01-26 00:00:00+00:00,-0.00026925187181678356,10292.09067007051
2024-01-29 00:00:00+00:00,0.0035837517938269725,10328.974968471606
2024-01-30 00:00:00+00:00,-0.0003029019291893309,10325.846302027108
2024-01-31 00:00:00+00:00,-0.0021714940809924865,10303.423787901018
2024-02-01 00:00:00+00:00,0.0032910961929450977,10337.33334670368
2024-02-02 00:00:00+00:00,0.001968129767111526,10357.67856017588
2024-02-05 00:00:00+00:00,-0.0022804791493365173,10334.05809018387
2024-02-06 00:00:00+00:00,0.0012545884551680986,10347.023080158848
2024-02-07 00:00:00+00:00,0.0015615770756055858,10363.180754201587
2024-02-08 00:00:00+00:00,4.6258012826205785e-05,10363.660134349835
2024-02-09 00:00:00+00:00,0.0012611486380801062,10376.730250213795
2024-02-12 00:00:00+00:00,0.000535375615266509,10382.28569855596
2024-02-13 00:00:00+00:00,-0.004444131839707627,10336.145452114068
2024-02-14 00:00:00+00:00,0.002111929049123079,10357.974657950348
2024-02-15 00:00:00+00:00,0.0019340266719715116,10378.00725720643
2024-02-16 00:00:00+00:00,-0.0019403505396483334,10357.870285224435
2024-02-20 00:00:00+00:00,-0.0018114292941407706,10339.10773556487
2024-02-21 00:00:00+00:00,0.0005075351760210125,10344.35519642934
2024-02-22 00:00:00+00:00,0.004621121868265276,10392.157722440663
2024-02-23 00:00:00+00:00,-4.401549491636073e-05,10391.70030647526
2024-02-26 00:00:00+00:00,4.7419548292770806e-05,10392.193076209785
2024-02-27 00:00:00+00:00,0.0007503194096081023,10399.990540383262
2024-02-28 00:00:00+00:00,-0.0007131758044525372,10392.573518763325
2024-02-29 00:00:00+00:00,0.0007324488631267112,10400.185547422105
2024-03-01 00:00:00+00:00,0.0008697628447038918,10409.231242389278
2024-03-04 00:00:00+00:00,-0.0009144954371101686,10399.712047914289
2024-03-05 00:00:00+00:00,-0.0024819616602826944,10373.900361333386
2024-03-06 00:00:00+00:00,0.0003591281954798964,10377.62592145024
2024-03-07 00:00:00+00:00,0.0014900590373537193,10393.089196740772
2024-03-08 00:00:00+00:00,-0.0017479306542654836,10374.922797541272
2024-03-11 00:00:00+00:00,-0.0004186205584741365,10370.57964156564
2024-03-12 00:00:00+00:00,0.002390077600545215,10395.366131671617
2024-03-13 00:00:00+00:00,-0.00016614072584933415,10393.63903799703
2024-03-14 00:00:00+00:00,-0.0009974827478211323,10383.27156236955
2024-03-15 00:00:00+00:00,-0.0015023286204369768,10367.672476327632
2024-03-18 00:00:00+00:00,0.0013434600844435263,10381.601030468162
2024-03-19 00:00:00+00:00,0.0013780486315169704,10395.907381561154
2024-03-20 00:00:00+00:00,0.0025286076029729654,10422.194552005973
2024-03-21 00:00:00+00:00,0.0009072622590248214,10431.650215779222
2024-03-22 00:00:00+00:00,-0.0005341841623456023,10426.077793446824
2024-03-25 00:00:00+00:00,-0.0005353764414028073,10420.49591701998
2024-03-26 00:00:00+00:00,-0.0004951795695625483,10415.33590033716
2024-03-27 00:00:00+00:00,0.002866915223009109,10445.195785382593
2024-03-28 00:00:00+00:00,0.0015636855538702643,10461.528787139543
2024-04-01 00:00:00+00:00,-0.0014018908838430708,10446.86286530179
2024-04-02 00:00:00+00:00,0.0005903624125112585,10453.030300466122
2024-04-03 00:00:00+00:00,0.008043676481061579,10537.111094449805
2024-04-04 00:00:00+00:00,-0.001737198884916219,10518.806036806287
2024-04-05 00:00:00+00:00,0.004534302124928835,10566.501481370693
2024-04-08 00:00:00+00:00,0.0024792189040577783,10592.69815159306
2024-04-09 00:00:00+00:00,0.001542729498833939,10609.039819503767
2024-04-10 00:00:00+00:00,-0.002030319891367094,10587.500074929923
2024-04-11 00:00:00+00:00,0.0020533840165504746,10609.240278359011
2024-04-12 00:00:00+00:00,-0.0037359574201531963,10569.604608418887
2024-04-15 00:00:00+00:00,0.002135704409456518,10592.1781595873
2024-04-16 00:00:00+00:00,-0.0018214097550518725,10572.88546296018
2024-04-17 00:00:00+00:00,0.0019855734821440985,10593.87870396518
2024-04-18 00:00:00+00:00,0.004040500995924101,10636.68328141925
2024-04-19 00:00:00+00:00,0.0030754546335226896,10669.395918302405
2024-04-22 00:00:00+00:00,-0.0009167419732501958,10659.614835234872
2024-04-23 00:00:00+00:00,-0.005601558747295782,10599.90437651176
2024-04-24 00:00:00+00:00,0.001891926686200257,10619.958618472854
2024-04-25 00:00:00+00:00,0.0034554422208184833,10656.655271866468
2024-04-26 00:00:00+00:00,-0.0003091866570516744,10653.360376247607
2024-04-29 00:00:00+00:00,0.002471916403910462,10679.694592518423
2024-04-30 00:00:00+00:00,0.0013933846975701491,10694.575515538361
2024-05-01 00:00:00+00:00,-0.0008162049941822125,10685.846549591919
2024-05-02 00:00:00+00:00,-0.005165511014715229,10630.648691538447
2024-05-03 00:00:00+00:00,-0.0031955654085156107,10596.677758309685
2024-05-06 00:00:00+00:00,-0.0008241178095515998,10587.944847446981
2024-05-07 00:00:00+00:00,-0.00025264845321711917,10585.269819558525
2024-05-08 00:00:00+00:00,-0.0017520471506101644,10566.723927732728
2024-05-09 00:00:00+00:00,-0.0010140145077968345,10556.009116370124
2024-05-10 00:00:00+00:00,-0.00011316008213279608,10554.814597511522
2024-05-13 00:00:00+00:00,0.004451723958328269,10601.801718530978
2024-05-14 00:00:00+00:00,-0.0016361720669000046,10584.455346700306
2024-05-15 00:00:00+00:00,0.002055950729231565,10606.216465388872
2024-05-16 00:00:00+00:00,0.0007004027042145089,10613.645088082714
2024-05-17 00:00:00+00:00,0.00543466823660127,10671.326727917478
2024-05-20 00:00:00+00:00,0.0036977824728638975,10710.786972854175
2024-05-21 00:00:00+00:00,0.0007075250840590241,10718.365123307485
2024-05-22 00:00:00+00:00,-0.006027775586711803,10653.75722368775
2024-05-23 00:00:00+00:00,-0.0015440118453209084,10637.307696337202
2024-05-24 00:00:00+00:00,0.001951234113136413,10658.063573986223
2024-05-28 00:00:00+00:00,0.0039004571151825262,10699.634893887447
2024-05-29 00:00:00+00:00,0.0007824473863418391,10708.006795244979
2024-05-30 00:00:00+00:00,-0.007079293632298034,10632.201670924796
2024-05-31 00:00:00+00:00,-0.0003316531045604032,10628.675468232323
2024-06-03 00:00:00+00:00,0.0007519244367052702,10636.667429046698
2024-06-04 00:00:00+00:00,-0.0006108063096376126,10630.170485467519
2024-06-05 00:00:00+00:00,0.002225133440402677,10653.824033291914
2024-06-06 00:00:00+00:00,0.0017247800583269912,10672.199536529462
2024-06-07 00:00:00+00:00,-0.009907195779051553,10566.467966327964
2024-06-10 00:00:00+00:00,0.0003899031836460123,10570.587865827929
2024-06-11 00:00:00+00:00,0.0016895849054543999,10588.447771527812
2024-06-12 00:00:00+00:00,0.0030934025164200685,10621.202102509238
2024-06-13 00:00:00+00:00,0.001965414935925336,10642.07717175899
2024-06-14 00:00:00+00:00,0.00039769588028204517,10646.309482007842
2024-06-17 00:00:00+00:00,0.0009539429352785067,10656.465453724992
2024-06-18 00:00:00+00:00,0.0017034263873531574,10674.617958174786
2024-06-20 00:00:00+00:00,-0.000705136184159072,10667.090898800401
2024-06-21 00:00:00+00:00,4.7631215379012604e-05,10667.59898530447
2024-06-24 00:00:00+00:00,-0.001208874727994691,10654.703194482752
2024-06-25 00:00:00+00:00,0.0019361943006910077,10675.332770083465
2024-06-26 00:00:00+00:00,-0.0028806122117747356,10644.581276141205
2024-06-27 00:00:00+00:00,0.002486511738854258,10671.049152439518
2024-06-28 00:00:00+00:00,-0.0038645403478401396,10629.81045243613
2024-07-01 00:00:00+00:00,0.00016435850752500312,10631.557552217368
2024-07-02 00:00:00+00:00,0.0012869261660989394,10645.239581817705
2024-07-03 00:00:00+00:00,-0.0025978282527260254,10617.58507767502
2024-07-05 00:00:00+00:00,-0.0008928643030374162,10608.105014974702
2024-07-08 00:00:00+00:00,0.0032458393839948974,10642.53722002186
2024-07-09 00:00:00+00:00,0.001877778520790746,10662.521547820335
2024-07-10 00:00:00+00:00,0.0020559106593862676,10684.442739526436
2024-07-11 00:00:00+00:00,0.00017790373553459025,10686.343541801902
2024-07-12 00:00:00+00:00,0.0009332492265930803,10696.316563647395
2024-07-15 00:00:00+00:00,0.0018874547947325736,10716.505377631427
2024-07-16 00:00:00+00:00,0.006271358588855252,10783.712425673948
2024-07-17 00:00:00+00:00,-0.0016588673929591403,10765.823676755948
2024-07-18 00:00:00+00:00,0.003419480205779013,10802.637197717522
2024-07-19 00:00:00+00:00,-0.0012194375576310864,10789.464056197163
2024-07-22 00:00:00+00:00,0.0057880476178408915,10851.913987925414
2024-07-23 00:00:00+00:00,0.002078298796482175,10874.46750770605
2024-07-24 00:00:00+00:00,-0.003670680009242633,10834.550817214355
2024-07-25 00:00:00+00:00,-0.0013107853333695241,10820.349046909503
2024-07-26 00:00:00+00:00,0.0004466851169273371,10825.182335788717
2024-07-29 00:00:00+00:00,0.0025004381065032778,10852.250034210969
2024-07-30 00:00:00+00:00,0.0002858360726968656,10855.351998740673
2024-07-31 00:00:00+00:00,-0.003916794760328713,10812.833812910481
2024-08-01 00:00:00+00:00,0.004590483818187474,10862.469951557396
2024-08-02 00:00:00+00:00,0.002590177545834327,10890.60567731822
2024-08-05 00:00:00+00:00,0.0033215827083112382,10926.779724819038
2024-08-06 00:00:00+00:00,-0.0012532904225174225,10913.085296440966
2024-08-07 00:00:00+00:00,0.0025560798718943845,10940.980014107465
2024-08-08 00:00:00+00:00,-0.0044837539521337625,10891.923351728994
2024-08-09 00:00:00+00:00,-0.0029381009797719514,10859.921781057677
2024-08-12 00:00:00+00:00,-0.001333328235702669,10845.44194070947
2024-08-13 00:00:00+00:00,0.002788520246119619,10875.684675139251
2024-08-14 00:00:00+00:00,-5.653793530282506e-05,10875.069786382715
2024-08-15 00:00:00+00:00,-0.005715818921096372,10812.909856729466
2024-08-16 00:00:00+00:00,0.00011433427716759367,10814.146142962016
2024-08-19 00:00:00+00:00,-0.003323352410135949,10778.20692431424
2024-08-20 00:00:00+00:00,0.00032210493783267364,10781.678637985544
2024-08-21 00:00:00+00:00,-0.002338375360892642,10756.467026309416
2024-08-22 00:00:00+00:00,0.0002892175620007708,10759.577985478509
2024-08-23 00:00:00+00:00,-0.0023281748899046275,10734.527806186747
2024-08-26 00:00:00+00:00,-0.0007707029755398218,10726.254673665502
2024-08-27 00:00:00+00:00,-0.00045258559314461657,10721.400125331802
2024-08-28 00:00:00+00:00,-0.0013720071884576414,10706.690287289515
2024-08-29 00:00:00+00:00,-0.0005179511126774061,10701.14474514212
2024-08-30 00:00:00+00:00,-0.0014693449179217168,10685.421072494903
2024-09-03 00:00:00+00:00,0.000565615376990991,10691.464910963132
2024-09-04 00:00:00+00:00,0.0020610825434545844,10713.500902655076
2024-09-05 00:00:00+00:00,0.0007871028711638805,10721.933529975771
2024-09-06 00:00:00+00:00,8.777742800589735e-05,10722.874673724284
2024-09-09 00:00:00+00:00,-0.0003789761905398037,10718.810959528799
2024-09-10 00:00:00+00:00,0.00025490882623738773,10721.543279049152
2024-09-11 00:00:00+00:00,0.0001772711657044623,10723.44389952438
2024-09-12 00:00:00+00:00,0.0008596952428986448,10732.662793232294
2024-09-13 00:00:00+00:00,0.001252173916303728,10746.101953634463
2024-09-16 00:00:00+00:00,0.0011591075058114463,10758.557841067139
2024-09-17 00:00:00+00:00,-0.0010211440563970776,10747.571803672328
2024-09-18 00:00:00+00:00,-0.0011494655249956688,10735.217840406593
2024-09-19 00:00:00+00:00,0.0010292839811737785,10746.267428164136
2024-09-20 00:00:00+00:00,-0.00048268877702070114,10741.080325481698
2024-09-23 00:00:00+00:00,-0.00029642659184050404,10737.89638364813
2024-09-24 00:00:00+00:00,0.0011912102155177183,10750.687475513505
2024-09-25 00:00:00+00:00,-0.0025097109872891598,10723.706357035297
2024-09-26 00:00:00+00:00,0.0010211954293919744,10734.657356953241
2024-09-27 00:00:00+00:00,0.0011375045224649215,10746.868078243886
2024-09-30 00:00:00+00:00,-0.0015604538365471211,10730.098086720323
2024-10-01 00:00:00+00:00,0.00036827897990163725,10734.049756297944
2024-10-02 00:00:00+00:00,-0.0013655418107563157,10719.39196255698
2024-10-03 00:00:00+00:00,-0.001752472997214616,10700.60651759604
2024-10-04 00:00:00+00:00,-0.0031508880223581836,10666.890104687776
2024-10-07 00:00:00+00:00,-0.0004459977791429979,10662.132695390723
2024-10-08 00:00:00+00:00,0.001681457263136349,10680.06061585191
2024-10-09 00:00:00+00:00,0.000756117490627739,10688.135996484518
2024-10-10 00:00:00+00:00,-0.0006989835353759519,10680.665165399118
2024-10-11 00:00:00+00:00,0.0018740794497041913,10700.681580494762
2024-10-14 00:00:00+00:00,-0.0016860194778688384,10682.640022923575
2024-10-15 00:00:00+00:00,-0.005160512740675666,10627.512122981227
2024-10-16 00:00:00+00:00,0.002194660835488582,10650.835907616214
2024-10-17 00:00:00+00:00,-0.001829243385108703,10631.35293648633
2024-10-18 00:00:00+00:00,0.00506419895664012,10685.192222934953
2024-10-21 00:00:00+00:00,-0.0012646966564999972,10671.678696056548
2024-10-22 00:00:00+00:00,0.002898180053847932,10702.607142394534
2024-10-23 00:00:00+00:00,-0.0033573193215407026,10666.675072644513
2024-10-24 00:00:00+00:00,0.0018285064333750988,10686.179156637567
2024-10-25 00:00:00+00:00,-0.0010188575111366672,10675.291462738476
2024-10-28 00:00:00+00:00,0.002896976979687166,10706.21753635748
2024-10-29 00:00:00+00:00,-0.0004565247365411973,10701.329883217342
2024-10-30 00:00:00+00:00,-0.0022505353907694924,10677.246161586863
2024-10-31 00:00:00+00:00,-0.0058554088534670205,10614.72651988166
2024-11-01 00:00:00+00:00,0.00294629492742835,10646.000634783228
2024-11-04 00:00:00+00:00,-0.001178722567541446,10633.451953580949
2024-11-05 00:00:00+00:00,0.00525980519481215,10689.381839405176
2024-11-06 00:00:00+00:00,0.0037659238440159505,10729.637237351983
2024-11-07 00:00:00+00:00,0.00727538827603561,10807.69951431473
2024-11-08 00:00:00+00:00,-0.003758879813431448,10767.07467078074
2024-11-11 00:00:00+00:00,-0.0006216175935233548,10760.381667734602
2024-11-12 00:00:00+00:00,0.001739658198888916,10779.10105392605
2024-11-13 00:00:00+00:00,0.0006408792926558604,10786.009156584954
2024-11-14 00:00:00+00:00,-0.00096645376186002,10775.584977460117
2024-11-15 00:00:00+00:00,-0.003775625444132924,10734.900404643804
2024-11-18 00:00:00+00:00,-0.00041083446319528096,10730.490137598606
2024-11-19 00:00:00+00:00,0.0004186673038359456,10734.982642973355
2024-11-20 00:00:00+00:00,0.0016462449158659075,10752.655053571256
2024-11-21 00:00:00+00:00,0.00225446812019659,10776.896571597003
2024-11-22 00:00:00+00:00,0.0023486764021248053,10802.208014262853
2024-11-25 00:00:00+00:00,-0.005298802751270887,10744.969244717075
2024-11-26 00:00:00+00:00,0.0023310169341981377,10770.015949983948
2024-11-27 00:00:00+00:00,-0.0041112369152050575,10725.737862833026
2024-11-29 00:00:00+00:00,0.0008492337487314538,10734.846521406189
2024-12-02 00:00:00+00:00,0.0007100174343809331,10742.468449591794
2024-12-03 00:00:00+00:00,-0.0009482570101947086,10732.281828577672
2024-12-04 00:00:00+00:00,0.0008471898100696817,10741.37410838164
2024-12-05 00:00:00+00:00,-0.0018799853498255301,10721.180482420888
2024-12-06 00:00:00+00:00,0.0012611264867693484,10734.701247096706
2024-12-09 00:00:00+00:00,-0.001120400474873745,10722.674082721831
2024-12-10 00:00:00+00:00,-0.0007051130204945855,10715.113385611583
2024-12-11 00:00:00+00:00,0.002580926859096222,10742.76830954677
2024-12-12 00:00:00+00:00,-0.0007412541825990437,10734.805187604623
2024-12-13 00:00:00+00:00,-3.616423516700218e-05,10734.416971585348
2024-12-16 00:00:00+00:00,0.001156445069488532,10746.830735165971
2024-12-17 00:00:00+00:00,-0.0010990749411805834,10735.019162807841
2024-12-18 00:00:00+00:00,-0.005256415464198111,10678.591442071996
2024-12-19 00:00:00+00:00,0.0004146803402098609,10683.019644004156
2024-12-20 00:00:00+00:00,0.0019104967954701457,10703.429518799972
2024-12-23 00:00:00+00:00,0.002340417806580064,10728.480015837245
2024-12-24 00:00:00+00:00,0.0022799422515357715,10752.940330720112
2024-12-26 00:00:00+00:00,0.0005694995569728301,10759.064125474612
2024-12-27 00:00:00+00:00,-0.0025031890363680087,10732.132154114142
2024-12-30 00:00:00+00:00,-0.002713823141773153,10703.00704551374
2024-12-31 00:00:00+00:00,0.0012751654612741861,10716.655150429953
2025-01-02 00:00:00+00:00,0.0018767622143368078,10736.767763880358
2025-01-03 00:00:00+00:00,-0.003389123550568551,10700.379531394807
2025-01-06 00:00:00+00:00,-0.003423453695146761,10663.747277548578
2025-01-07 00:00:00+00:00,0.003348824430422759,10699.458294951488
2025-01-08 00:00:00+00:00,0.0004943805437175097,10704.747898960826
2025-01-10 00:00:00+00:00,0.00553236190666157,10763.970438457452
2025-01-13 00:00:00+00:00,-0.0003648334429590339,10760.04338206248
2025-01-14 00:00:00+00:00,-0.001617197498757711,10742.642266818486
2025-01-15 00:00:00+00:00,-0.005241185058921483,10686.338090676298
2025-01-16 00:00:00+00:00,0.0007132123796203038,10693.959719295377
2025-01-17 00:00:00+00:00,-0.0020820539295063555,10671.694318439835
2025-01-21 00:00:00+00:00,-0.0048041660649647214,10620.425726739511
2025-01-22 00:00:00+00:00,0.00011272353702343496,10621.622898692125
2025-01-23 00:00:00+00:00,-0.00027164403576160345,10618.737598181588
2025-01-24 00:00:00+00:00,-0.0017222716490860601,10600.449247467153
2025-01-27 00:00:00+00:00,0.0008214597087906617,10609.15708941903
2025-01-28 00:00:00+00:00,0.0007278050018146298,10616.878487013748
2025-01-29 00:00:00+00:00,0.0005442917232585387,10622.657166101071
2025-01-30 00:00:00+00:00,-9.052120204125491e-05,10621.695590405523
2025-01-31 00:00:00+00:00,0.0007243781170193642,10629.389714256853
2025-02-03 00:00:00+00:00,0.0008125597701849063,10638.026728720275
2025-02-04 00:00:00+00:00,-0.0018898541635293808,10617.922409615267
2025-02-05 00:00:00+00:00,-0.0005440583639504115,10612.145640120538
2025-02-06 00:00:00+00:00,0.00018174831474654374,10614.074379706475
2025-02-07 00:00:00+00:00,0.0006356659768473882,10620.821385665382
2025-02-10 00:00:00+00:00,0.0007246405934083211,10628.517663976772
2025-02-11 00:00:00+00:00,-0.0008128712376752611,10619.878047668602
2025-02-12 00:00:00+00:00,0.00018123927604796197,10621.80278667768
2025-02-13 00:00:00+00:00,-0.0018109542600657225,10602.567187671568
2025-02-14 00:00:00+00:00,-0.0007296456012241825,10594.8310711614
2025-02-18 00:00:00+00:00,0.000640317754152353,10601.615129598507
2025-02-19 00:00:00+00:00,0.000638681916670325,10608.386189469282
2025-02-20 00:00:00+00:00,-0.001547155330306721,10591.973368230292
2025-02-21 00:00:00+00:00,0.0004578931979170586,10596.823360788123
2025-02-24 00:00:00+00:00,0.0007282944771814517,10604.540968717452
2025-02-25 00:00:00+00:00,0.0008552185692652925,10613.610169072435
2025-02-26 00:00:00+00:00,0.0009166319922678245,10623.338943706865
2025-02-27 00:00:00+00:00,-0.0024153946851482528,10597.679387283708
2025-02-28 00:00:00+00:00,0.000255400078759882,10600.38603543389
2025-03-03 00:00:00+00:00,0.002043748896526204,10622.050562696559
2025-03-04 00:00:00+00:00,0.001078428446953028,10633.505684188342
2025-03-05 00:00:00+00:00,0.001478655354905578,10649.228974309686
2025-03-06 00:00:00+00:00,-2.8356520781808205e-05,10648.926999226966
2025-03-07 00:00:00+00:00,-5.506970948595539e-05,10648.340565910781
2025-03-10 00:00:00+00:00,0.00028202502537147953,10651.343664429045
2025-03-11 00:00:00+00:00,0.00021254573281926368,10653.60756207371
2025-03-12 00:00:00+00:00,-0.00048194117475285905,10648.473149929889
2025-03-13 00:00:00+00:00,0.001895480954252965,10668.657127977456
2025-03-14 00:00:00+00:00,-0.001293450315568623,10654.85775004858
2025-03-17 00:00:00+00:00,0.0015900608114913838,10671.799621808948
2025-03-18 00:00:00+00:00,-5.6592188010928836e-05,10671.195681318337
2025-03-19 00:00:00+00:00,0.0008168538587000951,10679.912488687567
2025-03-20 00:00:00+00:00,-0.001979668774580851,10658.769799418455
2025-03-21 00:00:00+00:00,-0.0019506273208930614,10637.9785118406
2025-03-24 00:00:00+00:00,-0.005468227163399886,10579.807628778488
2025-03-25 00:00:00+00:00,0.0022198065553741928,10603.29275510745
2025-03-26 00:00:00+00:00,-0.0003943909989945094,10599.110911885133
2025-03-27 00:00:00+00:00,-0.0024470545667225787,10573.174309125005
2025-03-28 00:00:00+00:00,0.003552408763818776,10610.734546202122
2025-03-31 00:00:00+00:00,-0.0010711903418864797,10599.36842983591
2025-04-01 00:00:00+00:00,0.0007840061669327325,10607.67840005049
2025-04-02 00:00:00+00:00,-0.002096701890770425,10585.43726069242
2025-04-03 00:00:00+00:00,0.017992943350008183,10775.900433659124
2025-04-04 00:00:00+00:00,0.011864655126100892,10903.752775977691
2025-04-07 00:00:00+00:00,-0.0031976792566256354,10868.886071906574
2025-04-08 00:00:00+00:00,0.002545395027333763,10896.551680466662
2025-04-09 00:00:00+00:00,-0.022561602718760166,10650.708010447534
2025-04-10 00:00:00+00:00,0.011215439450818359,10770.160381247053
2025-04-11 00:00:00+00:00,-0.002540058995325989,10742.803538489565
2025-04-14 00:00:00+00:00,-3.8456700545158666e-05,10742.390405710868
2025-04-15 00:00:00+00:00,0.00034868814058662263,10746.13614984689
2025-04-16 00:00:00+00:00,0.008111656428188629,10833.305114224988
2025-04-17 00:00:00+00:00,-0.001839689121130067,10813.375200660465
2025-04-21 00:00:00+00:00,0.008497279067227654,10905.259467399115
2025-04-22 00:00:00+00:00,-0.01099347536079599,10785.372766141178
2025-04-23 00:00:00+00:00,-0.008623634199534335,10692.363656700354
2025-04-24 00:00:00+00:00,-0.006742732433702337,10620.26790947938
2025-04-25 00:00:00+00:00,0.0018261274720126229,10639.661872469012
2025-04-28 00:00:00+00:00,0.00175942817674028,10658.381593358426
2025-04-29 00:00:00+00:00,-0.000971210035184289,10648.030066196132
2025-04-30 00:00:00+00:00,0.008086087435447736,10734.130968326672
2025-05-01 00:00:00+00:00,0.0009564205243390082,10744.397311495724
2025-05-02 00:00:00+00:00,-0.0013116147960807677,10730.304801006996
2025-05-05 00:00:00+00:00,0.0008066674096454729,10738.96058818553
2025-05-06 00:00:00+00:00,0.002107107664380803,10761.588734348377
2025-05-07 00:00:00+00:00,-0.001633066729267463,10744.014341832253
2025-05-08 00:00:00+00:00,-0.0035811543975757198,10705.538367624386
2025-05-09 00:00:00+00:00,0.002169077702827904,10728.759512194369
2025-05-12 00:00:00+00:00,-0.005002262536321767,10675.091440425313
2025-05-13 00:00:00+00:00,0.002987130250159653,10706.979328990226
2025-05-14 00:00:00+00:00,-0.000865854245305242,10697.708645483826
2025-05-15 00:00:00+00:00,0.0032334253028685534,10732.298887300849
2025-05-16 00:00:00+00:00,0.0014340190482543312,10747.689208336795
2025-05-19 00:00:00+00:00,0.0013254554349480029,10761.934791411117
2025-05-20 00:00:00+00:00,-0.0006668808826335804,10754.757862838575
2025-05-21 00:00:00+00:00,-0.005267579370629738,10698.106322184169
2025-05-22 00:00:00+00:00,0.0004387081518375857,10702.799668636935
2025-05-23 00:00:00+00:00,0.0023344462821299817,10727.784779531767
2025-05-27 00:00:00+00:00,0.00574488963754991,10789.414719145563
2025-05-28 00:00:00+00:00,-0.004987830555473411,10735.598946733733
2025-05-29 00:00:00+00:00,0.0021990274342490513,10759.206823340697
2025-05-30 00:00:00+00:00,-0.001275266756895649,10745.485964548327
2025-06-02 00:00:00+00:00,0.006283241746849582,10813.002450550963
2025-06-03 00:00:00+00:00,0.0008428505895103966,10822.116196040788
2025-06-04 00:00:00+00:00,0.002003573220022542,10843.799098235148
2025-06-05 00:00:00+00:00,-0.0026878620816960463,10814.652461817472
2025-06-06 00:00:00+00:00,-0.0007985774200695795,10806.016124555565
2025-06-09 00:00:00+00:00,0.0023416063420711787,10831.319560445347
2025-06-10 00:00:00+00:00,0.002353957616739433,10856.816027623996
2025-06-11 00:00:00+00:00,0.0010393223686970042,10868.099759374334
2025-06-12 00:00:00+00:00,0.003302950720404241,10903.996557303986
2025-06-13 00:00:00+00:00,-0.007043303937817042,10827.196395413983
2025-06-16 00:00:00+00:00,0.00476347359666277,10878.771459569421
2025-06-17 00:00:00+00:00,-0.002471908813191309,10851.880128521818
2025-06-18 00:00:00+00:00,0.0007499330480615684,10860.0183120638
2025-06-20 00:00:00+00:00,0.00025271150716219546,10862.76276365925
2025-06-23 00:00:00+00:00,0.006935394128570476,10938.10030475039
2025-06-24 00:00:00+00:00,0.003602320047435581,10977.502842759053
2025-06-25 00:00:00+00:00,0.0013785257984000098,10992.635613629807
2025-06-26 00:00:00+00:00,0.007174368658710356,11071.500834052857
2025-06-27 00:00:00+00:00,0.0014548840003745288,11087.608583476454
2025-06-30 00:00:00+00:00,0.0026134991380643625,11116.586038952564
2025-07-01 00:00:00+00:00,-0.0009616286854451872,11105.89601093329
2025-07-02 00:00:00+00:00,0.002775920175642077,11136.72509173862
2025-07-03 00:00:00+00:00,-2.7618467080015065e-05,11136.417512463297
2025-07-07 00:00:00+00:00,-0.007739380242802985,11050.228542791734
2025-07-08 00:00:00+00:00,-0.002068651021356055,11027.369476230471
2025-07-09 00:00:00+00:00,0.005941633732707596,11092.890066693473
2025-07-10 00:00:00+00:00,0.0024636262952647315,11120.21880235226
2025-07-11 00:00:00+00:00,-0.005141913712666918,11063.039596804589
2025-07-14 00:00:00+00:00,0.00013847917651041983,11064.571597417656
2025-07-15 00:00:00+00:00,-0.005632223931221531,11002.253452477966
2025-07-16 00:00:00+00:00,0.0030389692041669415,11035.688961896485
2025-07-17 00:00:00+00:00,0.0032112363261669664,11071.127167175207
2025-07-18 00:00:00+00:00,0.005114322512442903,11127.74848208441
2025-07-21 00:00:00+00:00,0.0032688591780117905,11164.12352484068
2025-07-22 00:00:00+00:00,0.0033610377884201515,11201.64656588226
2025-07-23 00:00:00+00:00,0.0017588371348953634,11221.348437834307
2025-07-24 00:00:00+00:00,-0.0012243848617710885,11207.609188678362
2025-07-25 00:00:00+00:00,-0.0005897748633512612,11200.999222500615
2025-07-28 00:00:00+00:00,-0.0038190676960502767,11158.22184820648
2025-07-29 00:00:00+00:00,-0.0003450915207985572,11154.371240459475
2025-07-30 00:00:00+00:00,-0.005041108691556018,11098.140842650353
2025-07-31 00:00:00+00:00,-0.003046607355434988,11064.32916512748
2025-08-01 00:00:00+00:00,-0.0003946408932564649,11059.96272838247
2025-08-04 00:00:00+00:00,0.005217522831408283,11117.668336432329
2025-08-05 00:00:00+00:00,-0.001700024902283487,11098.768023405066
2025-08-06 00:00:00+00:00,0.006348561077546227,11169.22923008717
2025-08-07 00:00:00+00:00,0.00047140334622564615,11174.494442120995
2025-08-08 00:00:00+00:00,0.001394676944563583,11190.079251886575
2025-08-11 00:00:00+00:00,-0.0023394879898903597,11163.900195870867
2025-08-12 00:00:00+00:00,0.007054421043180997,11242.655048336592
2025-08-13 00:00:00+00:00,0.0005225655431031262,11248.530072477846
2025-08-14 00:00:00+00:00,1.3146463035462389e-06,11248.544860316328
2025-08-15 00:00:00+00:00,-0.0033976671484499898,11210.326048976563
2025-08-18 00:00:00+00:00,-0.0013835620568638741,11194.815867210129
2025-08-19 00:00:00+00:00,-0.002954978439804573,11161.73542768494
2025-08-20 00:00:00+00:00,0.0008025331441453343,11170.69309031184
2025-08-21 00:00:00+00:00,-0.001742847920403684,11151.22427108992
2025-08-22 00:00:00+00:00,0.009469518990830489,11256.821001096017
2025-08-25 00:00:00+00:00,-0.002610860020857303,11227.43101718231
2025-08-26 00:00:00+00:00,0.003457628062130963,11266.251297732959
2025-08-27 00:00:00+00:00,-0.0024647485802175516,11238.482820842497
2025-08-28 00:00:00+00:00,0.003476762824117302,11277.556360113484
2025-08-29 00:00:00+00:00,-0.0001988601026983672,11275.313704097525
2025-09-02 00:00:00+00:00,-0.00145265102491437,11258.934608089037
2025-09-03 00:00:00+00:00,0.0018671319787788353,11279.95652494278
2025-09-04 00:00:00+00:00,0.0017902332378605722,11300.150278035355
2025-09-05 00:00:00+00:00,0.0018122725835695906,11320.629230574456
2025-09-08 00:00:00+00:00,0.0032217194730883637,11357.10112221421
2025-09-09 00:00:00+00:00,-0.0008278617154077683,11347.699012997115
2025-09-10 00:00:00+00:00,0.0011332995004801393,11360.559354620143
2025-09-11 00:00:00+00:00,0.007022230472793439,11440.335820708135
2025-09-12 00:00:00+00:00,0.0011322444507777028,11453.289077456166
2025-09-15 00:00:00+00:00,0.004237318847435589,11501.820315129198
2025-09-16 00:00:00+00:00,0.0008900709557793429,11512.057751330287
2025-09-17 00:00:00+00:00,-0.004756126259790933,11457.304951154954
2025-09-18 00:00:00+00:00,-0.0003443839104739721,11453.359239672383
2025-09-19 00:00:00+00:00,-0.00027127234018514137,11450.252260108455
2025-09-22 00:00:00+00:00,0.00013783944669440993,11451.8305565445
2025-09-23 00:00:00+00:00,-0.0012563943651970001,11437.442541162067
2025-09-24 00:00:00+00:00,0.000410689607226794,11442.139779946976
2025-09-25 00:00:00+00:00,-0.0023941226334715736,11414.745894124459
2025-09-26 00:00:00+00:00,0.0004677406363999048,11420.08503463332
2025-09-29 00:00:00+00:00,0.005894766790595479,11487.403772641253
2025-09-30 00:00:00+00:00,0.0002789977803578425,11490.608732795896
2025-10-01 00:00:00+00:00,0.0033503611095498155,11529.106421419308
2025-10-02 00:00:00+00:00,0.0022306625416122273,11554.823967251828
2025-10-03 00:00:00+00:00,0.0011211674464130293,11567.778859732944
2025-10-06 00:00:00+00:00,0.00016300584809903482,11569.664475336596
2025-10-07 00:00:00+00:00,-0.0003946788631084497,11565.098173314926
2025-10-08 00:00:00+00:00,-0.00016442930092754884,11563.196532307129
2025-10-09 00:00:00+00:00,0.0009729493454459836,11574.446936804501
2025-10-10 00:00:00+00:00,-0.010594210988501851,11451.824803880774
2025-10-13 00:00:00+00:00,0.0076249376895626605,11539.144254442155
2025-10-14 00:00:00+00:00,-0.002832982039637688,11506.454066016531
2025-10-15 00:00:00+00:00,0.0018199235769383092,11527.394933058233
2025-10-16 00:00:00+00:00,0.0027011455998317336,11558.532105159187
2025-10-17 00:00:00+00:00,-0.0008824277240286005,11548.33253598052
2025-10-20 00:00:00+00:00,0.004635900059212694,11601.869451467881
2025-10-21 00:00:00+00:00,-0.0023530903889915577,11574.569203967298
2025-10-22 00:00:00+00:00,0.0026088695636868335,11604.765745276312
2025-10-23 00:00:00+00:00,0.002992863046977906,11639.497219844186
2025-10-24 00:00:00+00:00,0.0035091968309609034,11680.34250660204
2025-10-27 00:00:00+00:00,0.005179593538874233,11740.841933181076
2025-10-28 00:00:00+00:00,-2.645203580958766e-05,11740.531364009825
2025-10-29 00:00:00+00:00,-0.0002603659454653018,11737.47452946097
2025-10-30 00:00:00+00:00,-0.0035540983367109424,11695.758390758627
2025-10-31 00:00:00+00:00,0.004608220309374689,11749.655022108458
2025-11-03 00:00:00+00:00,-0.0003791278609741322,11745.200400532744
2025-11-04 00:00:00+00:00,-0.0056009789223802064,11679.415780650226
2025-11-05 00:00:00+00:00,0.000619302949796674,11686.648877295085
2025-11-06 00:00:00+00:00,-0.005004651269813809,11628.16127515146
2025-11-07 00:00:00+00:00,0.0012569251877502796,11642.77700394542
2025-11-10 00:00:00+00:00,0.005647947249028257,11708.534794295903
2025-11-11 00:00:00+00:00,0.0003178799423915468,11712.256702661804
2025-11-12 00:00:00+00:00,0.0009730418890649961,11723.653219048974
2025-11-13 00:00:00+00:00,-0.006932497023375478,11642.379028004832
2025-11-14 00:00:00+00:00,-0.0009013723246109606,11631.884909756358
2025-11-17 00:00:00+00:00,-0.0040175044896624545,11585.153759908175
2025-11-18 00:00:00+00:00,-0.0015392805270875718,11567.320958322234
2025-11-19 00:00:00+00:00,0.003584808100715653,11608.787584197207
2025-11-20 00:00:00+00:00,-0.001964601378520059,11585.980944106346
2025-11-21 00:00:00+00:00,0.0005740116985039623,11592.631432706909
2025-11-24 00:00:00+00:00,0.0011479890642806523,11605.939646817893
2025-11-25 00:00:00+00:00,-0.00012810119227410488,11604.452912111674
2025-11-26 00:00:00+00:00,0.0026149330507904134,11634.797779567894
2025-11-28 00:00:00+00:00,0.002852571131060855,11667.98686782962
2025-12-01 00:00:00+00:00,0.0005264736271493042,11674.129755197459
2025-12-02 00:00:00+00:00,-0.0013630342823774122,11658.217516124201
2025-12-03 00:00:00+00:00,0.00279400516437342,11690.790636071639
2025-12-04 00:00:00+00:00,-0.0002442213157141937,11687.935495800759
2025-12-05 00:00:00+00:00,0.002383393194836575,11715.792441723139
2025-12-08 00:00:00+00:00,0.0007063905910152934,11724.06836727026
2025-12-09 00:00:00+00:00,-0.004266620149202094,11674.046220943841
2025-12-10 00:00:00+00:00,0.0008129854852338414,11683.537051075418
2025-12-11 00:00:00+00:00,0.002364679192509045,11711.164868035004
2025-12-12 00:00:00+00:00,-0.003695955081512381,11667.880928730563
2025-12-15 00:00:00+00:00,0.0004255174297399802,11672.84581543387
2025-12-16 00:00:00+00:00,-0.0005314620380122703,11666.642141007398
2025-12-17 00:00:00+00:00,0.0022273699646492284,11692.628069300587
2025-12-18 00:00:00+00:00,0.0012726172144009174,11707.508309063163
2025-12-19 00:00:00+00:00,0.002342659283092352,11734.935012085272
2025-12-22 00:00:00+00:00,0.0007789895839623862,11744.07640422816
2025-12-23 00:00:00+00:00,0.00247091393495924,11773.095006268595
2025-12-24 00:00:00+00:00,0.0010260729765007026,11785.175060904303
2025-12-26 00:00:00+00:00,0.005680307836642029,11852.118483158956
2025-12-29 00:00:00+00:00,-0.00394294627013464,11805.38621679259
2025-12-30 00:00:00+00:00,0.00584539339461479,11874.393343405105
2025-12-31 00:00:00+00:00,-0.0015730563979088341,11855.714252984977
2026-01-02 00:00:00+00:00,0.0006665707252240249,11863.616925032638
2026-01-05 00:00:00+00:00,0.009966213621327547,11981.852265629112
2026-01-06 00:00:00+00:00,0.0048478144225385655,12039.938061851155
2026-01-07 00:00:00+00:00,-0.007202976369760139,11953.214672498265
2026-01-08 00:00:00+00:00,-0.002301862447917774,11925.700016511742
2026-01-09 00:00:00+00:00,0.004913517396907208,11984.29715101317
2026-01-12 00:00:00+00:00,0.003018194563578991,12020.468091522673
2026-01-13 00:00:00+00:00,-0.0003697277370119101,12016.02379105737
2026-01-14 00:00:00+00:00,0.004598575376714431,12071.280382188941
2026-01-15 00:00:00+00:00,-0.0031277264387766512,12033.524719387682
2026-01-16 00:00:00+00:00,-0.006064252043540441,11960.550392517142
2026-01-20 00:00:00+00:00,-0.0010140497691195627,11948.421799153066
2026-01-21 00:00:00+00:00,0.0008147759183473879,11958.157085497274
2026-01-22 00:00:00+00:00,0.0012631667287726356,11973.262231665109
2026-01-23 00:00:00+00:00,0.004551348832342816,12027.75672474253
2026-01-26 00:00:00+00:00,0.00032787457847721635,12031.700320408683
2026-01-27 00:00:00+00:00,0.00021248326633288572,12034.256855392301
2026-01-28 00:00:00+00:00,0.002409325374196747,12063.251295793598
2026-01-29 00:00:00+00:00,0.005617672931232276,12131.01869606063
2026-01-30 00:00:00+00:00,-0.010988265718256812,11997.719839195173
2026-02-02 00:00:00+00:00,-0.005100919679408539,11936.520433959393
2026-02-03 00:00:00+00:00,0.006575040801775123,12015.003542843897
2026-02-04 00:00:00+00:00,-0.004858578033756056,11956.627710555134
2026-02-05 00:00:00+00:00,-0.0032475086524317853,11917.798458611202
2026-02-06 00:00:00+00:00,0.006169694566478867,11991.327635005686
2026-02-09 00:00:00+00:00,0.003242313771400329,12030.20728173404
2026-02-10 00:00:00+00:00,-0.0021223197121051918,12004.675335679305
2026-02-11 00:00:00+00:00,0.0025892128752315335,12035.757995621421
2026-02-12 00:00:00+00:00,-0.004744051710304675,11978.65973731748
2026-02-13 00:00:00+00:00,0.000723731061943067,11987.329065449823
2026-02-17 00:00:00+00:00,-0.004421096716641287,11934.331924277263
2026-02-18 00:00:00+00:00,0.004691753602502374,11990.324869076452
2026-02-19 00:00:00+00:00,-0.0007610608984535971,11981.19950165884
2026-02-20 00:00:00+00:00,0.0030055242508207902,12017.209287315001
2026-02-23 00:00:00+00:00,-0.0006324937126485353,12009.608477997193
2026-02-24 00:00:00+00:00,0.003534901885947489,12052.061265655557
2026-02-25 00:00:00+00:00,0.002961023066990448,12087.747697067945
2026-02-26 00:00:00+00:00,-0.001230386148316831,12072.875099737124
2026-02-27 00:00:00+00:00,0.0006660993736878895,12080.91683427967
2026-03-02 00:00:00+00:00,-0.0024116705356635737,12051.781643106633
2026-03-03 00:00:00+00:00,-0.0021974563944425762,12025.298378470563
2026-03-04 00:00:00+00:00,0.0037565426549566183,12070.47192476787
2026-03-05 00:00:00+00:00,-0.004406769325138837,12017.280139349852
2026-03-06 00:00:00+00:00,0.004000315800751109,12065.353054973346
2026-03-09 00:00:00+00:00,0.0008406633427076038,12075.495955003487
2026-03-10 00:00:00+00:00,-1.6082286736690543e-05,12075.301753415053
2026-03-11 00:00:00+00:00,0.0005813714880071319,12082.321989563572
2026-03-12 00:00:00+00:00,-0.001197199868803539,12067.857035262823
2026-03-13 00:00:00+00:00,-0.006808432539756076,11985.693844738817
2026-03-16 00:00:00+00:00,0.002328626741592149,12013.604051942211
2026-03-17 00:00:00+00:00,-0.003476317997017697,11971.8409439674
2026-03-18 00:00:00+00:00,-0.004430066294739493,11918.804894915547
2026-03-19 00:00:00+00:00,-0.005543061319428333,11852.738228528728
2026-03-20 00:00:00+00:00,-0.0014415970536266142,11835.651356021073
2026-03-23 00:00:00+00:00,0.0015595809658315917,11854.110012594141
2026-03-24 00:00:00+00:00,0.0005740117387675936,11860.914410894013
2026-03-25 00:00:00+00:00,0.0017125307186992898,11881.226591174533
2026-03-26 00:00:00+00:00,0.003200173039787707,11919.248572191216
2026-03-27 00:00:00+00:00,0.0056677710616783224,11986.804144325633
2026-03-30 00:00:00+00:00,0.006673319723820686,12066.795920847537
2026-03-31 00:00:00+00:00,-0.011021226848003569,11933.805025675312
2026-04-01 00:00:00+00:00,-0.005039789713809406,11873.661157860306
2026-04-02 00:00:00+00:00,0.00010954353388204514,11874.961840663656
2026-04-06 00:00:00+00:00,-0.0028982551001264455,11840.545171945145
2026-04-07 00:00:00+00:00,-1.8024022248119866e-05,11840.331757695534
2026-04-08 00:00:00+00:00,-0.0076309221789165,11749.979107480007
2026-04-09 00:00:00+00:00,-0.0011133936534180597,11736.896755313943
2026-04-10 00:00:00+00:00,0.0003850685077489979,11741.416264633115
2026-04-13 00:00:00+00:00,-0.000768934284910372,11732.387887113833
2026-04-14 00:00:00+00:00,-0.00096413787401467,11721.076247599236
2026-04-15 00:00:00+00:00,0.0,11721.076247599236
2026-04-16 00:00:00+00:00,0.0005807149256640276,11727.882851521063
2026-04-17 00:00:00+00:00,-0.00019311076560935003,11725.61807108463
2026-04-20 00:00:00+00:00,-0.00019327848004299653,11723.351761446285
2026-04-21 00:00:00+00:00,0.0012572452499825526,11738.090889762238
2026-04-22 00:00:00+00:00,-0.0007023807784548804,11729.846280345513
2026-04-23 00:00:00+00:00,-0.00020223272880212086,11727.474121523808
2026-04-24 00:00:00+00:00,0.00037440790873441985,11731.864980584385
2026-04-27 00:00:00+00:00,-9.92063492063492e-06,11731.748593034974
2026-04-28 00:00:00+00:00,-0.0002986108502220031,11728.245365613016
2026-04-29 00:00:00+00:00,-0.0009710930742684254,11716.85614776515
2026-04-30 00:00:00+00:00,-0.00025,11713.926933728208
2026-05-01 00:00:00+00:00,0.0,11713.926933728208
2026-05-04 00:00:00+00:00,-0.004124814562308038,11665.609157330153
2026-05-05 00:00:00+00:00,0.007700764705456553,11755.443268596571
2026-05-06 00:00:00+00:00,0.005674900415875206,11822.154238490326
2026-05-07 00:00:00+00:00,-0.00292826553035469,11787.535831739218
2026-05-08 00:00:00+00:00,0.004253392313139981,11837.6728460368
2026-05-11 00:00:00+00:00,0.006451964392597709,11914.04908973065
2026-05-12 00:00:00+00:00,0.00237550626601013,11942.350987996859
2026-05-13 00:00:00+00:00,0.0016058947969461723,11961.529147311789
2026-05-14 00:00:00+00:00,0.0012516967366353604,11976.501354310649
2026-05-15 00:00:00+00:00,-0.0103748815485738,11852.246571393343
2026-05-18 00:00:00+00:00,4.134979822451035e-05,11852.736659397578
2026-05-19 00:00:00+00:00,-0.0023607872487859394,11824.754869828856
2026-05-20 00:00:00+00:00,0.0070506940072606605,11908.127598126883
2026-05-21 00:00:00+00:00,0.0003228075947954434,11911.971632155351
2026-05-22 00:00:00+00:00,0.002300046868323191,11939.369725203445
2026-05-26 00:00:00+00:00,0.003188222848669653,11977.435096560053
2026-05-27 00:00:00+00:00,-0.0029846001610374095,11941.687241842044
2026-05-28 00:00:00+00:00,0.0042862830279123965,11992.872693191392
2026-05-29 00:00:00+00:00,3.486895300111592e-05,11993.29087210568
2026-06-01 00:00:00+00:00,0.004921304522763015,12052.313508717385
2026-06-02 00:00:00+00:00,0.0026808202302213147,12084.623594592525
2026-06-03 00:00:00+00:00,-0.005411622924441278,12019.226168514784
2026-06-04 00:00:00+00:00,0.0009265551620212809,12030.362644564722
2026-06-05 00:00:00+00:00,-0.011048270010602879,11897.447949742102
2026-06-08 00:00:00+00:00,0.0018640728029205855,11919.62565888938
2026-06-09 00:00:00+00:00,-0.003243570640466209,11880.963511056856
2026-06-10 00:00:00+00:00,-0.0074861900081095445,11792.020360733668
2026-06-11 00:00:00+00:00,0.007784506086187526,11883.815415000247
2026-06-12 00:00:00+00:00,0.0034976427155812007,11925.380755419837
2026-06-15 00:00:00+00:00,0.0016320926320044227,11944.844081484605
2026-06-16 00:00:00+00:00,-0.0012306925443852923,11930.143650929676
2026-06-17 00:00:00+00:00,-0.0035792309073852113,11887.442912044724
2026-06-18 00:00:00+00:00,0.004340772536560122,11939.043597767253
2026-06-22 00:00:00+00:00,-0.0008058419866999733,11929.422615155132
2026-06-23 00:00:00+00:00,-0.01043322753324899,11804.96023467093
2026-06-24 00:00:00+00:00,-0.006430312786298575,11729.05064793218
2026-06-25 00:00:00+00:00,-0.00035377899707628147,11724.901156157299
2026-06-26 00:00:00+00:00,-0.00098389986550651,11713.36502748668
2026-06-29 00:00:00+00:00,0.0034403615697654044,11753.663238379879
2026-06-30 00:00:00+00:00,0.00209488335667235,11778.285791877892
2026-07-01 00:00:00+00:00,0.0013420458635708733,11794.092791604839
2026-07-02 00:00:00+00:00,-0.0012178972075249873,11779.728798928652
2026-07-06 00:00:00+00:00,-0.0013286289524856389,11764.077910193966
2026-07-07 00:00:00+00:00,0.0009208357851204274,11774.91069411262
2026-07-08 00:00:00+00:00,-0.0014550405476307317,11757.777721607956
2026-07-09 00:00:00+00:00,-0.002177556362970201,11732.17449791588
2026-07-10 00:00:00+00:00,0.001188261795594203,11746.115392650998
2026-07-13 00:00:00+00:00,-0.0012644846394184118,11731.262610164154
2026-07-14 00:00:00+00:00,-0.0014236175590647772,11714.561778722325
2026-07-15 00:00:00+00:00,3.7971497274835695e-05,11715.006598172984
2026-07-16 00:00:00+00:00,-0.00027005630915998837,11711.842886729295
2026-07-17 00:00:00+00:00,-0.0019126893745427477,11689.441769283536
2026-07-20 00:00:00+00:00,0.0001614917399430206,11691.32951757382
2026-07-21 00:00:00+00:00,-0.000803562973587374,11681.93479806149
2026-07-22 00:00:00+00:00,0.00012984359676563854,11683.45162249285
2026-07-23 00:00:00+00:00,0.0004729151846000867,11688.976904173669
2026-07-24 00:00:00+00:00,5.716941905860022e-05,11689.64515619267
2026-07-27 00:00:00+00:00,-0.0019070461043454335,11667.352463936371
2026-07-28 00:00:00+00:00,0.002207371149750986,11693.106641159242
2026-07-29 00:00:00+00:00,-0.00500084587281559,11634.631217072407
2026-07-30 00:00:00+00:00,-0.0018888322101514477,11612.655350876366
2026-07-31 00:00:00+00:00,0.002415481210302418,11640.705501678125
2026-08-03 00:00:00+00:00,0.0033762195451937705,11680.007079112738
2026-08-04 00:00:00+00:00,0.0044486332377767,11731.967146822344
2026-08-05 00:00:00+00:00,0.0022544483014128648,11758.41626022873
2026-08-06 00:00:00+00:00,-0.00023041019176963664,11755.707001283305
2026-08-07 00:00:00+00:00,-0.0002324368566017865,11752.974541700794
2026-08-10 00:00:00+00:00,0.0036533444795460225,11795.912206360963
2026-08-11 00:00:00+00:00,-0.0006836280452378274,11787.848189957533
2026-08-12 00:00:00+00:00,-0.0011345427478378024,11774.474372281004
2026-08-13 00:00:00+00:00,-0.00117658816210805,11760.620665119532
2026-08-14 00:00:00+00:00,0.0013715176078519019,11776.750563441012
2026-08-17 00:00:00+00:00,-0.00039872395531755924,11772.054890875568
2026-08-18 00:00:00+00:00,-0.005783817554056958,11703.967473150398
2026-08-19 00:00:00+00:00,0.003266325843610401,11742.196444580724
2026-08-20 00:00:00+00:00,-0.0027228466228459316,11710.224244646803
2026-08-21 00:00:00+00:00,0.005436199822344623,11773.88336360517
2026-08-24 00:00:00+00:00,-0.001819069112765348,11752.465856041134
2026-08-25 00:00:00+00:00,0.0016158015696718763,11771.45550881884
2026-08-26 00:00:00+00:00,-0.0016396769980231319,11752.154123987777
2026-08-27 00:00:00+00:00,0.0019702357903498666,11775.308638656565
2026-08-28 00:00:00+00:00,-0.0014946675172544277,11757.70846732872
2026-08-31 00:00:00+00:00,0.001053552586576728,11770.09583149669
2026-09-01 00:00:00+00:00,-0.0036764635837569673,11726.823502794863
2026-09-02 00:00:00+00:00,0.0032612435248914992,11765.0675300109
2026-09-03 00:00:00+00:00,0.005803546375165791,11833.346645028276
2026-09-04 00:00:00+00:00,-0.0015728911450928085,11814.734078873496
2026-09-08 00:00:00+00:00,0.0022591737602427717,11841.425616088734
2026-09-09 00:00:00+00:00,0.0015413109130072544,11859.676934616376
2026-09-10 00:00:00+00:00,-0.009585049775063904,11746.001340881901
2026-09-11 00:00:00+00:00,0.0028701686219176456,11779.714345363504
2026-09-14 00:00:00+00:00,-0.006365999865868154,11704.724685420953
