date,QQQ
2017-08-01 13:30:00+00:00,135.3417205810547
2017-08-02 13:30:00+00:00,135.7093505859375
2017-08-03 13:30:00+00:00,135.18142700195312
2017-08-04 13:30:00+00:00,135.4265899658203
2017-08-07 13:30:00+00:00,136.28445434570312
2017-08-08 13:30:00+00:00,136.04884338378906
2017-08-09 13:30:00+00:00,135.8697052001953
2017-08-10 13:30:00+00:00,132.95655822753906
2017-08-11 13:30:00+00:00,133.96533203125
2017-08-14 13:30:00+00:00,135.69052124023438
2017-08-15 13:30:00+00:00,135.7848358154297
2017-08-16 13:30:00+00:00,136.02052307128906
2017-08-17 13:30:00+00:00,133.2393798828125
2017-08-18 13:30:00+00:00,133.14517211914062
2017-08-21 13:30:00+00:00,132.97540283203125
2017-08-22 13:30:00+00:00,135.00238037109375
2017-08-23 13:30:00+00:00,134.52154541015625
2017-08-24 13:30:00+00:00,134.12557983398438
2017-08-25 13:30:00+00:00,133.84275817871094
2017-08-28 13:30:00+00:00,134.257568359375
2017-08-29 13:30:00+00:00,134.7855224609375
2017-08-30 13:30:00+00:00,136.36932373046875
2017-08-31 13:30:00+00:00,137.8306121826172
2017-09-01 13:30:00+00:00,137.64205932617188
2017-09-05 13:30:00+00:00,136.40708923339844
2017-09-06 13:30:00+00:00,136.82186889648438
2017-09-07 13:30:00+00:00,137.14239501953125
2017-09-08 13:30:00+00:00,135.95452880859375
2017-09-11 13:30:00+00:00,137.51947021484375
2017-09-12 13:30:00+00:00,137.84945678710938
2017-09-13 13:30:00+00:00,138.03805541992188
2017-09-14 13:30:00+00:00,137.22723388671875
2017-09-15 13:30:00+00:00,137.69862365722656
2017-09-18 13:30:00+00:00,137.51817321777344
2017-09-19 13:30:00+00:00,137.7543487548828
2017-09-20 13:30:00+00:00,137.32923889160156
2017-09-21 13:30:00+00:00,136.48829650878906
2017-09-22 13:30:00+00:00,136.35604858398438
2017-09-25 13:30:00+00:00,134.9198760986328
2017-09-26 13:30:00+00:00,135.26947021484375
2017-09-27 13:30:00+00:00,136.48829650878906
2017-09-28 13:30:00+00:00,136.44107055664062
2017-09-29 13:30:00+00:00,137.42364501953125
2017-10-02 13:30:00+00:00,137.54652404785156
2017-10-03 13:30:00+00:00,137.83937072753906
2017-10-04 13:30:00+00:00,137.97166442871094
2017-10-05 13:30:00+00:00,139.32272338867188
2017-10-06 13:30:00+00:00,139.51168823242188
2017-10-09 13:30:00+00:00,139.35107421875
2017-10-10 13:30:00+00:00,139.4550323486328
2017-10-11 13:30:00+00:00,139.8707275390625
2017-10-12 13:30:00+00:00,139.61563110351562
2017-10-13 13:30:00+00:00,140.1542205810547
2017-10-16 13:30:00+00:00,140.63601684570312
2017-10-17 13:30:00+00:00,140.81556701660156
2017-10-18 13:30:00+00:00,140.64552307128906
2017-10-19 13:30:00+00:00,140.12582397460938
2017-10-20 13:30:00+00:00,140.50381469726562
2017-10-23 13:30:00+00:00,139.58729553222656
2017-10-24 13:30:00+00:00,139.8235321044922
2017-10-25 13:30:00+00:00,139.29441833496094
2017-10-26 13:30:00+00:00,138.8503875732422
2017-10-27 13:30:00+00:00,142.89419555664062
2017-10-30 13:30:00+00:00,143.2153778076172
2017-10-31 13:30:00+00:00,143.75399780273438
2017-11-01 13:30:00+00:00,143.70669555664062
2017-11-02 13:30:00+00:00,143.43272399902344
2017-11-03 13:30:00+00:00,144.81216430664062
2017-11-06 14:30:00+00:00,145.30343627929688
2017-11-07 14:30:00+00:00,145.38848876953125
2017-11-08 14:30:00+00:00,145.9742431640625
2017-11-09 14:30:00+00:00,145.20896911621094
2017-11-10 14:30:00+00:00,145.19947814941406
2017-11-13 14:30:00+00:00,145.37905883789062
2017-11-14 14:30:00+00:00,144.8498992919922
2017-11-15 14:30:00+00:00,144.169677734375
2017-11-16 14:30:00+00:00,146.01205444335938
2017-11-17 14:30:00+00:00,145.45462036132812
2017-11-20 14:30:00+00:00,145.34124755859375
2017-11-21 14:30:00+00:00,146.9191131591797
2017-11-22 14:30:00+00:00,147.0985870361328
2017-11-24 14:30:00+00:00,147.6371612548828
2017-11-27 14:30:00+00:00,147.57102966308594
2017-11-28 14:30:00+00:00,147.9489288330078
2017-11-29 14:30:00+00:00,145.3695831298828
2017-11-30 14:30:00+00:00,146.58840942382812
2017-12-01 14:30:00+00:00,145.96478271484375
2017-12-04 14:30:00+00:00,144.28305053710938
2017-12-05 14:30:00+00:00,144.37753295898438
2017-12-06 14:30:00+00:00,145.0294647216797
2017-12-07 14:30:00+00:00,145.520751953125
2017-12-08 14:30:00+00:00,146.16322326660156
2017-12-11 14:30:00+00:00,147.29702758789062
2017-12-12 14:30:00+00:00,147.0985870361328
2017-12-13 14:30:00+00:00,147.38206481933594
2017-12-14 14:30:00+00:00,147.2781219482422
2017-12-15 14:30:00+00:00,148.95040893554688
2017-12-18 14:30:00+00:00,150.1992950439453
2017-12-19 14:30:00+00:00,149.30934143066406
2017-12-20 14:30:00+00:00,149.14830017089844
2017-12-21 14:30:00+00:00,149.16725158691406
2017-12-22 14:30:00+00:00,148.996826171875
2017-12-26 14:30:00+00:00,148.1920623779297
2017-12-27 14:30:00+00:00,148.2109832763672
2017-12-28 14:30:00+00:00,148.3909149169922
2017-12-29 14:30:00+00:00,147.47250366210938
2018-01-02 14:30:00+00:00,150.05723571777344
2018-01-03 14:30:00+00:00,151.51522827148438
2018-01-04 14:30:00+00:00,151.78041076660156
2018-01-05 14:30:00+00:00,153.3047332763672
2018-01-08 14:30:00+00:00,153.9012451171875
2018-01-09 14:30:00+00:00,153.91070556640625
2018-01-10 14:30:00+00:00,153.55088806152344
2018-01-11 14:30:00+00:00,154.60183715820312
2018-01-12 14:30:00+00:00,155.73800659179688
2018-01-16 14:30:00+00:00,155.29298400878906
2018-01-17 14:30:00+00:00,156.96881103515625
2018-01-18 14:30:00+00:00,156.99720764160156
2018-01-19 14:30:00+00:00,157.48956298828125
2018-01-22 14:30:00+00:00,159.17486572265625
2018-01-23 14:30:00+00:00,160.4908447265625
2018-01-24 14:30:00+00:00,159.449462890625
2018-01-25 14:30:00+00:00,159.39263916015625
2018-01-26 14:30:00+00:00,161.8353729248047
2018-01-29 14:30:00+00:00,161.04954528808594
2018-01-30 14:30:00+00:00,159.72401428222656
2018-01-31 14:30:00+00:00,160.38673400878906
2018-02-01 14:30:00+00:00,159.0233612060547
2018-02-02 14:30:00+00:00,155.85159301757812
2018-02-05 14:30:00+00:00,149.70689392089844
2018-02-06 14:30:00+00:00,153.67401123046875
2018-02-07 14:30:00+00:00,151.68572998046875
2018-02-08 14:30:00+00:00,145.2854461669922
2018-02-09 14:30:00+00:00,147.7943878173828
2018-02-12 14:30:00+00:00,150.4169921875
2018-02-13 14:30:00+00:00,151.1934051513672
2018-02-14 14:30:00+00:00,154.02427673339844
2018-02-15 14:30:00+00:00,156.88363647460938
2018-02-16 14:30:00+00:00,156.18299865722656
2018-02-20 14:30:00+00:00,156.49546813964844
2018-02-21 14:30:00+00:00,156.05043029785156
2018-02-22 14:30:00+00:00,156.031494140625
2018-02-23 14:30:00+00:00,159.22218322753906
2018-02-26 14:30:00+00:00,161.33355712890625
2018-02-27 14:30:00+00:00,159.33580017089844
2018-02-28 14:30:00+00:00,158.31326293945312
2018-03-01 14:30:00+00:00,155.72853088378906
2018-03-02 14:30:00+00:00,157.1581573486328
2018-03-05 14:30:00+00:00,158.90028381347656
2018-03-06 14:30:00+00:00,159.57254028320312
2018-03-07 14:30:00+00:00,159.94175720214844
2018-03-08 14:30:00+00:00,160.82229614257812
2018-03-09 14:30:00+00:00,163.94667053222656
2018-03-12 13:30:00+00:00,164.81768798828125
2018-03-13 13:30:00+00:00,162.57382202148438
2018-03-14 13:30:00+00:00,162.54542541503906
2018-03-15 13:30:00+00:00,162.40345764160156
2018-03-16 13:30:00+00:00,161.92059326171875
2018-03-19 13:30:00+00:00,158.46583557128906
2018-03-20 13:30:00+00:00,158.98736572265625
2018-03-21 13:30:00+00:00,158.2950897216797
2018-03-22 13:30:00+00:00,154.38800048828125
2018-03-23 13:30:00+00:00,150.3196563720703
2018-03-26 13:30:00+00:00,155.90525817871094
2018-03-27 13:30:00+00:00,150.8601837158203
2018-03-28 13:30:00+00:00,149.12478637695312
2018-03-29 13:30:00+00:00,151.85597229003906
2018-04-02 13:30:00+00:00,147.47467041015625
2018-04-03 13:30:00+00:00,149.13418579101562
2018-04-04 13:30:00+00:00,151.486083984375
2018-04-05 13:30:00+00:00,152.3490753173828
2018-04-06 13:30:00+00:00,148.53677368164062
2018-04-09 13:30:00+00:00,149.57992553710938
2018-04-10 13:30:00+00:00,152.88011169433594
2018-04-11 13:30:00+00:00,151.99818420410156
2018-04-12 13:30:00+00:00,153.82847595214844
2018-04-13 13:30:00+00:00,153.03189086914062
2018-04-16 13:30:00+00:00,154.19827270507812
2018-04-17 13:30:00+00:00,157.5174560546875
2018-04-18 13:30:00+00:00,157.83990478515625
2018-04-19 13:30:00+00:00,156.3889617919922
2018-04-20 13:30:00+00:00,153.91384887695312
2018-04-23 13:30:00+00:00,153.52499389648438
2018-04-24 13:30:00+00:00,150.27224731445312
2018-04-25 13:30:00+00:00,150.45242309570312
2018-04-26 13:30:00+00:00,153.61984252929688
2018-04-27 13:30:00+00:00,153.71466064453125
2018-04-30 13:30:00+00:00,152.6240997314453
2018-05-01 13:30:00+00:00,154.36903381347656
2018-05-02 13:30:00+00:00,153.45860290527344
2018-05-03 13:30:00+00:00,153.43963623046875
2018-05-04 13:30:00+00:00,156.35101318359375
2018-05-07 13:30:00+00:00,157.6502685546875
2018-05-08 13:30:00+00:00,157.489013671875
2018-05-09 13:30:00+00:00,159.2054901123047
2018-05-10 13:30:00+00:00,160.8555908203125
2018-05-11 13:30:00+00:00,160.703857421875
2018-05-14 13:30:00+00:00,160.9788818359375
2018-05-15 13:30:00+00:00,159.19601440429688
2018-05-16 13:30:00+00:00,160.24864196777344
2018-05-17 13:30:00+00:00,159.63221740722656
2018-05-18 13:30:00+00:00,158.80723571777344
2018-05-21 13:30:00+00:00,159.69862365722656
2018-05-22 13:30:00+00:00,159.49002075195312
2018-05-23 13:30:00+00:00,160.83660888671875
2018-05-24 13:30:00+00:00,160.78924560546875
2018-05-25 13:30:00+00:00,160.95046997070312
2018-05-29 13:30:00+00:00,160.2391815185547
2018-05-30 13:30:00+00:00,161.38661193847656
2018-05-31 13:30:00+00:00,161.28237915039062
2018-06-01 13:30:00+00:00,163.8143768310547
2018-06-04 13:30:00+00:00,165.2937469482422
2018-06-05 13:30:00+00:00,165.8058624267578
2018-06-06 13:30:00+00:00,166.77317810058594
2018-06-07 13:30:00+00:00,165.4170379638672
2018-06-08 13:30:00+00:00,165.42654418945312
2018-06-11 13:30:00+00:00,165.8722381591797
2018-06-12 13:30:00+00:00,166.74472045898438
2018-06-13 13:30:00+00:00,166.73526000976562
2018-06-14 13:30:00+00:00,168.42324829101562
2018-06-15 13:30:00+00:00,167.83529663085938
2018-06-18 13:30:00+00:00,167.73834228515625
2018-06-19 13:30:00+00:00,167.26318359375
2018-06-20 13:30:00+00:00,168.4511260986328
2018-06-21 13:30:00+00:00,166.98756408691406
2018-06-22 13:30:00+00:00,166.61697387695312
2018-06-25 13:30:00+00:00,162.86300659179688
2018-06-26 13:30:00+00:00,163.52825927734375
2018-06-27 13:30:00+00:00,161.304443359375
2018-06-28 13:30:00+00:00,162.69192504882812
2018-06-29 13:30:00+00:00,163.1290740966797
2018-07-02 13:30:00+00:00,164.22198486328125
2018-07-03 13:30:00+00:00,162.3213653564453
2018-07-05 13:30:00+00:00,164.33602905273438
2018-07-06 13:30:00+00:00,166.89254760742188
2018-07-09 13:30:00+00:00,168.3940887451172
2018-07-10 13:30:00+00:00,168.5176544189453
2018-07-11 13:30:00+00:00,167.66232299804688
2018-07-12 13:30:00+00:00,170.55145263671875
2018-07-13 13:30:00+00:00,170.6940155029297
2018-07-16 13:30:00+00:00,170.28530883789062
2018-07-17 13:30:00+00:00,171.3212127685547
2018-07-18 13:30:00+00:00,170.9980926513672
2018-07-19 13:30:00+00:00,170.14273071289062
2018-07-20 13:30:00+00:00,170.10476684570312
2018-07-23 13:30:00+00:00,170.64645385742188
2018-07-24 13:30:00+00:00,171.34971618652344
2018-07-25 13:30:00+00:00,173.74464416503906
2018-07-26 13:30:00+00:00,171.11215209960938
2018-07-27 13:30:00+00:00,168.80276489257812
2018-07-30 13:30:00+00:00,166.41729736328125
2018-07-31 13:30:00+00:00,167.6908416748047
2018-08-01 13:30:00+00:00,168.32757568359375
2018-08-02 13:30:00+00:00,170.617919921875
2018-08-03 13:30:00+00:00,171.14064025878906
2018-08-06 13:30:00+00:00,172.14794921875
2018-08-07 13:30:00+00:00,172.7752685546875
2018-08-08 13:30:00+00:00,172.9842987060547
2018-08-09 13:30:00+00:00,172.87979125976562
2018-08-10 13:30:00+00:00,171.5587615966797
2018-08-13 13:30:00+00:00,171.36871337890625
2018-08-14 13:30:00+00:00,172.44259643554688
2018-08-15 13:30:00+00:00,170.33277893066406
2018-08-16 13:30:00+00:00,170.89352416992188
2018-08-17 13:30:00+00:00,170.93154907226562
2018-08-20 13:30:00+00:00,170.77951049804688
2018-08-21 13:30:00+00:00,171.40675354003906
2018-08-22 13:30:00+00:00,172.0719757080078
2018-08-23 13:30:00+00:00,171.82492065429688
2018-08-24 13:30:00+00:00,173.42147827148438
2018-08-27 13:30:00+00:00,175.18917846679688
2018-08-28 13:30:00+00:00,175.44577026367188
2018-08-29 13:30:00+00:00,177.47006225585938
2018-08-30 13:30:00+00:00,177.15643310546875
2018-08-31 13:30:00+00:00,177.3844757080078
2018-09-04 13:30:00+00:00,176.6242218017578
2018-09-05 13:30:00+00:00,174.34335327148438
2018-09-06 13:30:00+00:00,172.7847442626953
2018-09-07 13:30:00+00:00,172.11953735351562
2018-09-10 13:30:00+00:00,172.6992645263672
2018-09-11 13:30:00+00:00,174.0297393798828
2018-09-12 13:30:00+00:00,173.51651000976562
2018-09-13 13:30:00+00:00,175.3697052001953
2018-09-14 13:30:00+00:00,174.85658264160156
2018-09-17 13:30:00+00:00,172.33807373046875
2018-09-18 13:30:00+00:00,173.7636260986328
2018-09-19 13:30:00+00:00,173.63059997558594
2018-09-20 13:30:00+00:00,175.55030822753906
2018-09-21 13:30:00+00:00,174.5904541015625
2018-09-24 13:30:00+00:00,175.07598876953125
2018-09-25 13:30:00+00:00,175.31398010253906
2018-09-26 13:30:00+00:00,175.43780517578125
2018-09-27 13:30:00+00:00,176.92298889160156
2018-09-28 13:30:00+00:00,176.8848876953125
2018-10-01 13:30:00+00:00,177.24671936035156
2018-10-02 13:30:00+00:00,176.8468780517578
2018-10-03 13:30:00+00:00,177.0372314453125
2018-10-04 13:30:00+00:00,173.6383819580078
2018-10-05 13:30:00+00:00,171.5152587890625
2018-10-08 13:30:00+00:00,170.46803283691406
2018-10-09 13:30:00+00:00,171.0201873779297
2018-10-10 13:30:00+00:00,163.49884033203125
2018-10-11 13:30:00+00:00,161.47093200683594
2018-10-12 13:30:00+00:00,165.96470642089844
2018-10-15 13:30:00+00:00,163.95582580566406
2018-10-16 13:30:00+00:00,168.72567749023438
2018-10-17 13:30:00+00:00,168.79234313964844
2018-10-18 13:30:00+00:00,164.87933349609375
2018-10-19 13:30:00+00:00,164.72702026367188
2018-10-22 13:30:00+00:00,165.5743865966797
2018-10-23 13:30:00+00:00,164.96499633789062
2018-10-24 13:30:00+00:00,157.41510009765625
2018-10-25 13:30:00+00:00,162.86099243164062
2018-10-26 13:30:00+00:00,158.67184448242188
2018-10-29 13:30:00+00:00,155.40628051757812
2018-10-30 13:30:00+00:00,157.96726989746094
2018-10-31 13:30:00+00:00,161.68035888671875
2018-11-01 13:30:00+00:00,163.81300354003906
2018-11-02 13:30:00+00:00,161.26145935058594
2018-11-05 14:30:00+00:00,160.86155700683594
2018-11-06 14:30:00+00:00,162.08023071289062
2018-11-07 14:30:00+00:00,167.16427612304688
2018-11-08 14:30:00+00:00,166.09800720214844
2018-11-09 14:30:00+00:00,163.29893493652344
2018-11-12 14:30:00+00:00,158.3577117919922
2018-11-13 14:30:00+00:00,158.4909210205078
2018-11-14 14:30:00+00:00,157.2818145751953
2018-11-15 14:30:00+00:00,160.03329467773438
2018-11-16 14:30:00+00:00,159.47149658203125
2018-11-19 14:30:00+00:00,154.29232788085938
2018-11-20 14:30:00+00:00,151.5313262939453
2018-11-21 14:30:00+00:00,152.6833038330078
2018-11-23 14:30:00+00:00,151.5789337158203
2018-11-26 14:30:00+00:00,155.08253479003906
2018-11-27 14:30:00+00:00,155.60617065429688
2018-11-28 14:30:00+00:00,160.61407470703125
2018-11-29 14:30:00+00:00,160.09039306640625
2018-11-30 14:30:00+00:00,161.25193786621094
2018-12-03 14:30:00+00:00,164.07005310058594
2018-12-04 14:30:00+00:00,157.7769012451172
2018-12-06 14:30:00+00:00,158.8907928466797
2018-12-07 14:30:00+00:00,153.64495849609375
2018-12-10 14:30:00+00:00,155.25393676757812
2018-12-11 14:30:00+00:00,155.76806640625
2018-12-12 14:30:00+00:00,157.13902282714844
2018-12-13 14:30:00+00:00,157.18663024902344
2018-12-14 14:30:00+00:00,153.35928344726562
2018-12-17 14:30:00+00:00,149.8842010498047
2018-12-18 14:30:00+00:00,150.8267822265625
2018-12-19 14:30:00+00:00,147.12326049804688
2018-12-20 14:30:00+00:00,144.99058532714844
2018-12-21 14:30:00+00:00,140.49684143066406
2018-12-24 14:30:00+00:00,137.01280212402344
2018-12-26 14:30:00+00:00,145.5677490234375
2018-12-27 14:30:00+00:00,146.13107299804688
2018-12-28 14:30:00+00:00,146.05471801757812
2018-12-31 14:30:00+00:00,147.28634643554688
2019-01-02 14:30:00+00:00,147.8783416748047
2019-01-03 14:30:00+00:00,143.04705810546875
2019-01-04 14:30:00+00:00,149.16734313964844
2019-01-07 14:30:00+00:00,150.9432373046875
2019-01-08 14:30:00+00:00,152.30859375
2019-01-09 14:30:00+00:00,153.54986572265625
2019-01-10 14:30:00+00:00,153.9889678955078
2019-01-11 14:30:00+00:00,153.42567443847656
2019-01-14 14:30:00+00:00,152.0698699951172
2019-01-15 14:30:00+00:00,155.03927612304688
2019-01-16 14:30:00+00:00,155.01063537597656
2019-01-17 14:30:00+00:00,156.2328338623047
2019-01-18 14:30:00+00:00,157.77955627441406
2019-01-22 14:30:00+00:00,154.61920166015625
2019-01-23 14:30:00+00:00,154.8197021484375
2019-01-24 14:30:00+00:00,155.8222198486328
2019-01-25 14:30:00+00:00,157.68409729003906
2019-01-28 14:30:00+00:00,155.7362823486328
2019-01-29 14:30:00+00:00,154.2659454345703
2019-01-30 14:30:00+00:00,158.19012451171875
2019-01-31 14:30:00+00:00,160.55799865722656
2019-02-01 14:30:00+00:00,159.8800811767578
2019-02-04 14:30:00+00:00,161.8660888671875
2019-02-05 14:30:00+00:00,163.2982635498047
2019-02-06 14:30:00+00:00,162.81134033203125
2019-02-07 14:30:00+00:00,160.62484741210938
2019-02-08 14:30:00+00:00,160.93991088867188
2019-02-11 14:30:00+00:00,160.7871551513672
2019-02-12 14:30:00+00:00,163.16458129882812
2019-02-13 14:30:00+00:00,163.27919006347656
2019-02-14 14:30:00+00:00,163.4796600341797
2019-02-15 14:30:00+00:00,164.16708374023438
2019-02-19 14:30:00+00:00,164.49176025390625
2019-02-20 14:30:00+00:00,164.46304321289062
2019-02-21 14:30:00+00:00,163.86154174804688
2019-02-22 14:30:00+00:00,165.0741424560547
2019-02-25 14:30:00+00:00,165.67567443847656
2019-02-26 14:30:00+00:00,165.84759521484375
2019-02-27 14:30:00+00:00,165.74256896972656
2019-02-28 14:30:00+00:00,165.36062622070312
2019-03-01 14:30:00+00:00,166.50633239746094
2019-03-04 14:30:00+00:00,166.53501892089844
2019-03-05 14:30:00+00:00,166.65911865234375
2019-03-06 14:30:00+00:00,165.71388244628906
2019-03-07 14:30:00+00:00,163.68016052246094
2019-03-08 14:30:00+00:00,163.4319305419922
2019-03-11 13:30:00+00:00,166.8309783935547
2019-03-12 13:30:00+00:00,167.74757385253906
2019-03-13 13:30:00+00:00,169.00784301757812
2019-03-14 13:30:00+00:00,168.721435546875
2019-03-15 13:30:00+00:00,170.28732299804688
2019-03-18 13:30:00+00:00,170.6929168701172
2019-03-19 13:30:00+00:00,171.2667999267578
2019-03-20 13:30:00+00:00,171.94590759277344
2019-03-21 13:30:00+00:00,174.6338348388672
2019-03-22 13:30:00+00:00,170.7981414794922
2019-03-25 13:30:00+00:00,170.47293090820312
2019-03-26 13:30:00+00:00,171.2667999267578
2019-03-27 13:30:00+00:00,170.16677856445312
2019-03-28 13:30:00+00:00,170.55897521972656
2019-03-29 13:30:00+00:00,171.8502960205078
2019-04-01 13:30:00+00:00,174.1268310546875
2019-04-02 13:30:00+00:00,174.78684997558594
2019-04-03 13:30:00+00:00,175.79124450683594
2019-04-04 13:30:00+00:00,175.72427368164062
2019-04-05 13:30:00+00:00,176.63294982910156
2019-04-08 13:30:00+00:00,177.08251953125
2019-04-09 13:30:00+00:00,176.46078491210938
2019-04-10 13:30:00+00:00,177.40780639648438
2019-04-11 13:30:00+00:00,176.98687744140625
2019-04-12 13:30:00+00:00,177.75210571289062
2019-04-15 13:30:00+00:00,177.7808074951172
2019-04-16 13:30:00+00:00,178.3929901123047
2019-04-17 13:30:00+00:00,179.01470947265625
2019-04-18 13:30:00+00:00,179.2443084716797
2019-04-22 13:30:00+00:00,179.751220703125
2019-04-23 13:30:00+00:00,182.037353515625
2019-04-24 13:30:00+00:00,181.46343994140625
2019-04-25 13:30:00+00:00,182.199951171875
2019-04-26 13:30:00+00:00,182.3625946044922
2019-04-29 13:30:00+00:00,182.7164764404297
2019-04-30 13:30:00+00:00,181.30081176757812
2019-05-01 13:30:00+00:00,180.71731567382812
2019-05-02 13:30:00+00:00,179.9329833984375
2019-05-03 13:30:00+00:00,182.80255126953125
2019-05-06 13:30:00+00:00,181.6834259033203
2019-05-07 13:30:00+00:00,178.14427185058594
2019-05-08 13:30:00+00:00,177.6947021484375
2019-05-09 13:30:00+00:00,176.73817443847656
2019-05-10 13:30:00+00:00,176.95814514160156
2019-05-13 13:30:00+00:00,170.81723022460938
2019-05-14 13:30:00+00:00,172.6920166015625
2019-05-15 13:30:00+00:00,175.13119506835938
2019-05-16 13:30:00+00:00,176.89125061035156
2019-05-17 13:30:00+00:00,175.0834197998047
2019-05-20 13:30:00+00:00,172.127685546875
2019-05-21 13:30:00+00:00,173.9259490966797
2019-05-22 13:30:00+00:00,173.1511688232422
2019-05-23 13:30:00+00:00,170.50157165527344
2019-05-24 13:30:00+00:00,170.41552734375
2019-05-28 13:30:00+00:00,169.7746124267578
2019-05-29 13:30:00+00:00,168.37808227539062
2019-05-30 13:30:00+00:00,169.08595275878906
2019-05-31 13:30:00+00:00,166.38853454589844
2019-06-03 13:30:00+00:00,162.72499084472656
2019-06-04 13:30:00+00:00,167.30679321289062
2019-06-05 13:30:00+00:00,168.55027770996094
2019-06-06 13:30:00+00:00,169.88943481445312
2019-06-07 13:30:00+00:00,173.1702880859375
2019-06-10 13:30:00+00:00,175.18861389160156
2019-06-11 13:30:00+00:00,175.42770385742188
2019-06-12 13:30:00+00:00,174.41380310058594
2019-06-13 13:30:00+00:00,175.4468536376953
2019-06-14 13:30:00+00:00,174.70077514648438
2019-06-17 13:30:00+00:00,175.7529754638672
2019-06-18 13:30:00+00:00,178.30686950683594
2019-06-19 13:30:00+00:00,178.97642517089844
2019-06-20 13:30:00+00:00,180.6407928466797
2019-06-21 13:30:00+00:00,180.3730010986328
2019-06-24 13:30:00+00:00,180.37872314453125
2019-06-25 13:30:00+00:00,177.28228759765625
2019-06-26 13:30:00+00:00,178.10671997070312
2019-06-27 13:30:00+00:00,178.78738403320312
2019-06-28 13:30:00+00:00,179.01751708984375
2019-07-01 13:30:00+00:00,181.43324279785156
2019-07-02 13:30:00+00:00,182.15223693847656
2019-07-03 13:30:00+00:00,183.52313232421875
2019-07-05 13:30:00+00:00,183.1492919921875
2019-07-08 13:30:00+00:00,181.8646545410156
2019-07-09 13:30:00+00:00,182.7753448486328
2019-07-10 13:30:00+00:00,184.5967712402344
2019-07-11 13:30:00+00:00,184.4625701904297
2019-07-12 13:30:00+00:00,185.526611328125
2019-07-15 13:30:00+00:00,186.1210479736328
2019-07-16 13:30:00+00:00,185.16238403320312
2019-07-17 13:30:00+00:00,184.25167846679688
2019-07-18 13:30:00+00:00,184.4625701904297
2019-07-19 13:30:00+00:00,183.1109313964844
2019-07-22 13:30:00+00:00,184.56805419921875
2019-07-23 13:30:00+00:00,185.77590942382812
2019-07-24 13:30:00+00:00,187.0797119140625
2019-07-25 13:30:00+00:00,185.30616760253903
2019-07-26 13:30:00+00:00,187.21388244628903
2019-07-29 13:30:00+00:00,186.5716094970703
2019-07-30 13:30:00+00:00,185.76632690429688
2019-07-31 13:30:00+00:00,183.1971740722656
2019-08-01 13:30:00+00:00,182.2864227294922
2019-08-02 13:30:00+00:00,179.6022491455078
2019-08-05 13:30:00+00:00,173.25599670410156
2019-08-06 13:30:00+00:00,175.68141174316406
2019-08-07 13:30:00+00:00,176.63043212890625
2019-08-08 13:30:00+00:00,180.474609375
2019-08-09 13:30:00+00:00,178.77783203125
2019-08-12 13:30:00+00:00,176.726318359375
2019-08-13 13:30:00+00:00,180.59925842285156
2019-08-14 13:30:00+00:00,175.2020721435547
2019-08-15 13:30:00+00:00,175.0007781982422
2019-08-16 13:30:00+00:00,177.8095703125
2019-08-19 13:30:00+00:00,180.63763427734375
2019-08-20 13:30:00+00:00,179.23794555664062
2019-08-21 13:30:00+00:00,180.8293304443359
2019-08-22 13:30:00+00:00,180.2445373535156
2019-08-23 13:30:00+00:00,174.5406036376953
2019-08-26 13:30:00+00:00,177.17684936523438
2019-08-27 13:30:00+00:00,176.80299377441406
2019-08-28 13:30:00+00:00,177.4357147216797
2019-08-29 13:30:00+00:00,180.1486358642578
2019-08-30 13:30:00+00:00,179.71730041503906
2019-09-03 13:30:00+00:00,177.97251892089844
2019-09-04 13:30:00+00:00,180.5417022705078
2019-09-05 13:30:00+00:00,183.8490447998047
2019-09-06 13:30:00+00:00,183.6669158935547
2019-09-09 13:30:00+00:00,183.283447265625
2019-09-10 13:30:00+00:00,182.75619506835935
2019-09-11 13:30:00+00:00,184.47216796875
2019-09-12 13:30:00+00:00,185.23907470703125
2019-09-13 13:30:00+00:00,184.57760620117188
2019-09-16 13:30:00+00:00,183.7531585693359
2019-09-17 13:30:00+00:00,184.6351776123047
2019-09-18 13:30:00+00:00,184.55844116210935
2019-09-19 13:30:00+00:00,184.86521911621097
2019-09-20 13:30:00+00:00,182.90960693359375
2019-09-23 13:30:00+00:00,182.9902801513672
2019-09-24 13:30:00+00:00,180.56002807617188
2019-09-25 13:30:00+00:00,182.5868377685547
2019-09-26 13:30:00+00:00,181.91441345214844
2019-09-27 13:30:00+00:00,179.6570281982422
2019-09-30 13:30:00+00:00,181.36685180664065
2019-10-01 13:30:00+00:00,179.8875732421875
2019-10-02 13:30:00+00:00,176.7945098876953
2019-10-03 13:30:00+00:00,178.73486328125
2019-10-04 13:30:00+00:00,181.36685180664065
2019-10-07 13:30:00+00:00,180.81936645507812
2019-10-08 13:30:00+00:00,178.11053466796875
2019-10-09 13:30:00+00:00,179.8491668701172
2019-10-10 13:30:00+00:00,181.24197387695312
2019-10-11 13:30:00+00:00,183.57620239257812
2019-10-14 13:30:00+00:00,183.55697631835935
2019-10-15 13:30:00+00:00,185.8912048339844
2019-10-16 13:30:00+00:00,185.43011474609375
2019-10-17 13:30:00+00:00,185.92002868652344
2019-10-18 13:30:00+00:00,184.13331604003903
2019-10-21 13:30:00+00:00,185.76632690429688
2019-10-22 13:30:00+00:00,184.28700256347656
2019-10-23 13:30:00+00:00,184.6424560546875
2019-10-24 13:30:00+00:00,186.43878173828125
2019-10-25 13:30:00+00:00,187.92762756347656
2019-10-28 13:30:00+00:00,189.78155517578125
2019-10-29 13:30:00+00:00,188.31190490722656
2019-10-30 13:30:00+00:00,189.22439575195312
2019-10-31 13:30:00+00:00,189.31085205078125
2019-11-01 13:30:00+00:00,191.03030395507812
2019-11-04 14:30:00+00:00,192.21180725097656
2019-11-05 14:30:00+00:00,192.3174743652344
2019-11-06 14:30:00+00:00,191.88522338867188
2019-11-07 14:30:00+00:00,192.52880859375
2019-11-08 14:30:00+00:00,193.29725646972656
2019-11-11 14:30:00+00:00,193.03790283203125
2019-11-12 14:30:00+00:00,193.59500122070312
2019-11-13 14:30:00+00:00,193.64308166503903
2019-11-14 14:30:00+00:00,193.48936462402344
2019-11-15 14:30:00+00:00,194.91099548339844
2019-11-18 14:30:00+00:00,195.06472778320312
2019-11-19 14:30:00+00:00,195.35292053222656
2019-11-20 14:30:00+00:00,194.1809844970703
2019-11-21 14:30:00+00:00,193.7487335205078
2019-11-22 14:30:00+00:00,193.87356567382812
2019-11-25 14:30:00+00:00,196.16937255859375
2019-11-26 14:30:00+00:00,196.54405212402344
2019-11-27 14:30:00+00:00,197.91761779785156
2019-11-29 14:30:00+00:00,197.01470947265625
2019-12-02 14:30:00+00:00,194.99749755859375
2019-12-03 14:30:00+00:00,193.47018432617188
2019-12-04 14:30:00+00:00,194.4499359130859
2019-12-05 14:30:00+00:00,194.8342132568359
2019-12-06 14:30:00+00:00,196.9186553955078
2019-12-09 14:30:00+00:00,196.0253143310547
2019-12-10 14:30:00+00:00,195.8619842529297
2019-12-11 14:30:00+00:00,196.8994140625
2019-12-12 14:30:00+00:00,198.36911010742188
2019-12-13 14:30:00+00:00,199.02227783203125
2019-12-16 14:30:00+00:00,201.0203399658203
2019-12-17 14:30:00+00:00,201.13560485839844
2019-12-18 14:30:00+00:00,201.2892608642578
2019-12-19 14:30:00+00:00,202.54766845703125
2019-12-20 14:30:00+00:00,203.36412048339844
2019-12-23 14:30:00+00:00,203.9012756347656
2019-12-24 14:30:00+00:00,204.00718688964844
2019-12-26 14:30:00+00:00,205.8073577880859
2019-12-27 14:30:00+00:00,205.6340789794922
2019-12-30 14:30:00+00:00,204.28634643554688
2019-12-31 14:30:00+00:00,204.67144775390625
2020-01-02 14:30:00+00:00,208.08888244628903
2020-01-03 14:30:00+00:00,206.18276977539065
2020-01-06 14:30:00+00:00,207.51129150390625
2020-01-07 14:30:00+00:00,207.4823760986328
2020-01-08 14:30:00+00:00,209.0419006347656
2020-01-09 14:30:00+00:00,210.813232421875
2020-01-10 14:30:00+00:00,210.27410888671875
2020-01-13 14:30:00+00:00,212.7000274658203
2020-01-14 14:30:00+00:00,211.86251831054688
2020-01-15 14:30:00+00:00,211.9491424560547
2020-01-16 14:30:00+00:00,213.9803924560547
2020-01-17 14:30:00+00:00,215.0392608642578
2020-01-21 14:30:00+00:00,214.94300842285156
2020-01-22 14:30:00+00:00,215.5109710693359
2020-01-23 14:30:00+00:00,216.2041015625
2020-01-24 14:30:00+00:00,214.3846435546875
2020-01-27 14:30:00+00:00,209.95639038085935
2020-01-28 14:30:00+00:00,213.18130493164065
2020-01-29 14:30:00+00:00,213.52789306640625
2020-01-30 14:30:00+00:00,214.28842163085935
2020-01-31 14:30:00+00:00,210.89016723632812
2020-02-03 14:30:00+00:00,214.07662963867188
2020-02-04 14:30:00+00:00,218.97657775878903
2020-02-05 14:30:00+00:00,219.69859313964844
2020-02-06 14:30:00+00:00,221.59500122070312
2020-02-07 14:30:00+00:00,220.6419677734375
2020-02-10 14:30:00+00:00,223.3085174560547
2020-02-11 14:30:00+00:00,223.3470458984375
2020-02-12 14:30:00+00:00,225.52267456054688
2020-02-13 14:30:00+00:00,225.2338409423828
2020-02-14 14:30:00+00:00,225.87884521484375
2020-02-18 14:30:00+00:00,225.96548461914065
2020-02-19 14:30:00+00:00,228.1314697265625
2020-02-20 14:30:00+00:00,226.0136260986328
2020-02-21 14:30:00+00:00,221.6720428466797
2020-02-24 14:30:00+00:00,213.12356567382812
2020-02-25 14:30:00+00:00,207.3283538818359
2020-02-26 14:30:00+00:00,208.3968963623047
2020-02-27 14:30:00+00:00,197.9616546630859
2020-02-28 14:30:00+00:00,198.11569213867188
2020-03-02 14:30:00+00:00,208.3391265869141
2020-03-03 14:30:00+00:00,201.6582489013672
2020-03-04 14:30:00+00:00,210.0719451904297
2020-03-05 14:30:00+00:00,203.68955993652344
2020-03-06 14:30:00+00:00,200.25279235839844
2020-03-09 13:30:00+00:00,186.3423767089844
2020-03-10 13:30:00+00:00,196.48878479003903
2020-03-11 13:30:00+00:00,187.9307098388672
2020-03-12 13:30:00+00:00,170.6990966796875
2020-03-13 13:30:00+00:00,185.1582489013672
2020-03-16 13:30:00+00:00,162.97857666015625
2020-03-17 13:30:00+00:00,175.3391571044922
2020-03-18 13:30:00+00:00,170.0060272216797
2020-03-19 13:30:00+00:00,171.02639770507812
2020-03-20 13:30:00+00:00,164.32626342773438
2020-03-23 13:30:00+00:00,164.44493103027344
2020-03-24 13:30:00+00:00,177.1791534423828
2020-03-25 13:30:00+00:00,175.86712646484375
2020-03-26 13:30:00+00:00,185.12838745117188
2020-03-27 13:30:00+00:00,178.76132202148438
2020-03-30 13:30:00+00:00,185.263427734375
2020-03-31 13:30:00+00:00,183.6812744140625
2020-04-01 13:30:00+00:00,175.8767852783203
2020-04-02 13:30:00+00:00,179.44622802734375
2020-04-03 13:30:00+00:00,176.89939880371094
2020-04-06 13:30:00+00:00,189.54676818847656
2020-04-07 13:30:00+00:00,189.46954345703125
2020-04-08 13:30:00+00:00,193.4925079345703
2020-04-09 13:30:00+00:00,193.7722015380859
2020-04-13 13:30:00+00:00,195.86561584472656
2020-04-14 13:30:00+00:00,204.3840484619141
2020-04-15 13:30:00+00:00,202.039794921875
2020-04-16 13:30:00+00:00,205.72503662109375
2020-04-17 13:30:00+00:00,207.69300842285156
2020-04-20 13:30:00+00:00,205.2330017089844
2020-04-21 13:30:00+00:00,197.66000366210935
2020-04-22 13:30:00+00:00,203.5255126953125
2020-04-23 13:30:00+00:00,203.09133911132812
2020-04-24 13:30:00+00:00,206.2942047119141
2020-04-27 13:30:00+00:00,207.9535217285156
2020-04-28 13:30:00+00:00,204.0367431640625
2020-04-29 13:30:00+00:00,211.2720947265625
2020-04-30 13:30:00+00:00,211.18533325195312
2020-05-01 13:30:00+00:00,205.2330017089844
2020-05-04 13:30:00+00:00,207.6254425048828
2020-05-05 13:30:00+00:00,209.97938537597656
2020-05-06 13:30:00+00:00,211.2720947265625
2020-05-07 13:30:00+00:00,213.9925537109375
2020-05-08 13:30:00+00:00,216.92527770996097
2020-05-11 13:30:00+00:00,218.8644561767578
2020-05-12 13:30:00+00:00,214.28201293945312
2020-05-13 13:30:00+00:00,211.60011291503903
2020-05-14 13:30:00+00:00,214.00225830078125
2020-05-15 13:30:00+00:00,215.3914337158203
2020-05-18 13:30:00+00:00,219.4046173095703
2020-05-19 13:30:00+00:00,218.8547821044922
2020-05-20 13:30:00+00:00,223.224853515625
2020-05-21 13:30:00+00:00,220.7938232421875
2020-05-22 13:30:00+00:00,221.55593872070312
2020-05-26 13:30:00+00:00,220.9578094482422
2020-05-27 13:30:00+00:00,222.1636505126953
2020-05-28 13:30:00+00:00,221.87429809570312
2020-05-29 13:30:00+00:00,225.1253967285156
2020-06-01 13:30:00+00:00,225.8007049560547
2020-06-02 13:30:00+00:00,227.31529235839844
2020-06-03 13:30:00+00:00,228.33787536621097
2020-06-04 13:30:00+00:00,226.7364196777344
2020-06-05 13:30:00+00:00,231.2320251464844
2020-06-08 13:30:00+00:00,233.02638244628903
2020-06-09 13:30:00+00:00,234.71463012695312
2020-06-10 13:30:00+00:00,237.5316162109375
2020-06-11 13:30:00+00:00,225.7620849609375
2020-06-12 13:30:00+00:00,227.5564727783203
2020-06-15 13:30:00+00:00,230.32518005371097
2020-06-16 13:30:00+00:00,234.280517578125
2020-06-17 13:30:00+00:00,235.0233459472656
2020-06-18 13:30:00+00:00,235.6599884033203
2020-06-19 13:30:00+00:00,235.6214599609375
2020-06-22 13:30:00+00:00,238.4471740722656
2020-06-23 13:30:00+00:00,240.47657775878903
2020-06-24 13:30:00+00:00,235.51902770996097
2020-06-25 13:30:00+00:00,237.7610321044922
2020-06-26 13:30:00+00:00,232.14630126953125
2020-06-29 13:30:00+00:00,234.67825317382812
2020-06-30 13:30:00+00:00,239.27828979492188
2020-07-01 13:30:00+00:00,242.07115173339844
2020-07-02 13:30:00+00:00,243.7140350341797
2020-07-06 13:30:00+00:00,249.70571899414065
2020-07-07 13:30:00+00:00,247.98538208007812
2020-07-08 13:30:00+00:00,251.2518615722656
2020-07-09 13:30:00+00:00,253.3682403564453
2020-07-10 13:30:00+00:00,255.09803771972656
2020-07-13 13:30:00+00:00,249.85055541992188
2020-07-14 13:30:00+00:00,251.6190643310547
2020-07-15 13:30:00+00:00,252.13128662109375
2020-07-16 13:30:00+00:00,250.41102600097656
2020-07-17 13:30:00+00:00,250.7010498046875
2020-07-20 13:30:00+00:00,257.81365966796875
2020-07-21 13:30:00+00:00,255.1271209716797
2020-07-22 13:30:00+00:00,256.02581787109375
2020-07-23 13:30:00+00:00,249.33840942382812
2020-07-24 13:30:00+00:00,246.9707489013672
2020-07-27 13:30:00+00:00,251.37750244140625
2020-07-28 13:30:00+00:00,248.17872619628903
2020-07-29 13:30:00+00:00,251.03921508789065
2020-07-30 13:30:00+00:00,252.353515625
2020-07-31 13:30:00+00:00,256.8569030761719
2020-08-03 13:30:00+00:00,260.326171875
2020-08-04 13:30:00+00:00,261.2925720214844
2020-08-05 13:30:00+00:00,261.940185546875
2020-08-06 13:30:00+00:00,265.409423828125
2020-08-07 13:30:00+00:00,262.3460388183594
2020-08-10 13:30:00+00:00,261.2249755859375
2020-08-11 13:30:00+00:00,256.2770690917969
2020-08-12 13:30:00+00:00,262.72283935546875
2020-08-13 13:30:00+00:00,263.32208251953125
2020-08-14 13:30:00+00:00,263.0128479003906
2020-08-17 13:30:00+00:00,266.066650390625
2020-08-18 13:30:00+00:00,268.6275329589844
2020-08-19 13:30:00+00:00,266.8203430175781
2020-08-20 13:30:00+00:00,270.52166748046875
2020-08-21 13:30:00+00:00,272.3964538574219
2020-08-24 13:30:00+00:00,274.0973205566406
2020-08-25 13:30:00+00:00,276.2522888183594
2020-08-26 13:30:00+00:00,282.1473388671875
2020-08-27 13:30:00+00:00,281.2679138183594
2020-08-28 13:30:00+00:00,282.69818115234375
2020-08-31 13:30:00+00:00,284.9692077636719
2020-09-01 13:30:00+00:00,289.8398132324219
2020-09-02 13:30:00+00:00,292.5843200683594
2020-09-03 13:30:00+00:00,277.7502746582031
2020-09-04 13:30:00+00:00,274.0489501953125
2020-09-08 13:30:00+00:00,260.8770446777344
2020-09-09 13:30:00+00:00,268.5405578613281
2020-09-10 13:30:00+00:00,263.18670654296875
2020-09-11 13:30:00+00:00,261.36029052734375
2020-09-14 13:30:00+00:00,265.9120178222656
2020-09-15 13:30:00+00:00,269.6809387207031
2020-09-16 13:30:00+00:00,265.3805236816406
2020-09-17 13:30:00+00:00,261.234619140625
2020-09-18 13:30:00+00:00,257.9006042480469
2020-09-21 13:30:00+00:00,258.51910400390625
2020-09-22 13:30:00+00:00,263.32208251953125
2020-09-23 13:30:00+00:00,255.2816619873047
2020-09-24 13:30:00+00:00,256.4703674316406
2020-09-25 13:30:00+00:00,262.4330139160156
2020-09-28 13:30:00+00:00,267.8834533691406
2020-09-29 13:30:00+00:00,266.6755065917969
2020-09-30 13:30:00+00:00,268.501953125
2020-10-01 13:30:00+00:00,272.7637023925781
2020-10-02 13:30:00+00:00,265.0906066894531
2020-10-05 13:30:00+00:00,270.7439270019531
2020-10-06 13:30:00+00:00,265.9120178222656
2020-10-07 13:30:00+00:00,270.5119934082031
2020-10-08 13:30:00+00:00,271.9519348144531
2020-10-09 13:30:00+00:00,276.1074523925781
2020-10-12 13:30:00+00:00,284.6310119628906
2020-10-13 13:30:00+00:00,284.6212158203125
2020-10-14 13:30:00+00:00,282.2439270019531
2020-10-15 13:30:00+00:00,280.349853515625
2020-10-16 13:30:00+00:00,278.8133239746094
2020-10-19 13:30:00+00:00,274.2615051269531
2020-10-20 13:30:00+00:00,274.8511047363281
2020-10-21 13:30:00+00:00,274.6385803222656
2020-10-22 13:30:00+00:00,274.62872314453125
2020-10-23 13:30:00+00:00,275.1700439453125
2020-10-26 13:30:00+00:00,271.0435791015625
2020-10-27 13:30:00+00:00,273.159912109375
2020-10-28 13:30:00+00:00,262.5103454589844
2020-10-29 13:30:00+00:00,267.1005859375
2020-10-30 13:30:00+00:00,260.326171875
2020-11-02 14:30:00+00:00,260.9060974121094
2020-11-03 14:30:00+00:00,265.4191589355469
2020-11-04 14:30:00+00:00,277.2670593261719
2020-11-05 14:30:00+00:00,284.49566650390625
2020-11-06 14:30:00+00:00,284.7082824707031
2020-11-09 14:30:00+00:00,278.8905944824219
2020-11-10 14:30:00+00:00,273.89434814453125
2020-11-11 14:30:00+00:00,280.02130126953125
2020-11-12 14:30:00+00:00,278.7069091796875
2020-11-13 14:30:00+00:00,281.1519775390625
2020-11-16 14:30:00+00:00,283.34564208984375
2020-11-17 14:30:00+00:00,282.4469299316406
2020-11-18 14:30:00+00:00,280.35955810546875
2020-11-19 14:30:00+00:00,282.55328369140625
2020-11-20 14:30:00+00:00,280.6204528808594
2020-11-23 14:30:00+00:00,280.6300964355469
2020-11-24 14:30:00+00:00,284.572998046875
2020-11-25 14:30:00+00:00,286.3221740722656
2020-11-27 14:30:00+00:00,288.9603576660156
2020-11-30 14:30:00+00:00,289.54986572265625
2020-12-01 14:30:00+00:00,293.2608337402344
2020-12-02 14:30:00+00:00,293.6377258300781
2020-12-03 14:30:00+00:00,294.0532531738281
2020-12-04 14:30:00+00:00,295.2516174316406
2020-12-07 14:30:00+00:00,296.9234924316406
2020-12-08 14:30:00+00:00,297.9284973144531
2020-12-09 14:30:00+00:00,291.1831359863281
2020-12-10 14:30:00+00:00,292.3524169921875
2020-12-11 14:30:00+00:00,291.7048645019531
2020-12-14 14:30:00+00:00,293.82135009765625
2020-12-15 14:30:00+00:00,296.9621887207031
2020-12-16 14:30:00+00:00,298.5953063964844
2020-12-17 14:30:00+00:00,300.54736328125
2020-12-18 14:30:00+00:00,299.63897705078125
2020-12-21 14:30:00+00:00,299.0785217285156
2020-12-22 14:30:00+00:00,299.8916931152344
2020-12-23 14:30:00+00:00,298.3814697265625
2020-12-24 14:30:00+00:00,299.6980895996094
2020-12-28 14:30:00+00:00,302.7186279296875
2020-12-29 14:30:00+00:00,302.98974609375
2020-12-30 14:30:00+00:00,302.9993896484375
2020-12-31 14:30:00+00:00,303.7447814941406
2021-01-04 14:30:00+00:00,299.4560546875
2021-01-05 14:30:00+00:00,301.9248046875
2021-01-06 14:30:00+00:00,297.7424621582031
2021-01-07 14:30:00+00:00,304.9452819824219
2021-01-08 14:30:00+00:00,308.8663330078125
2021-01-11 14:30:00+00:00,304.40325927734375
2021-01-12 14:30:00+00:00,303.91925048828125
2021-01-13 14:30:00+00:00,305.9715881347656
2021-01-14 14:30:00+00:00,304.33551025390625
2021-01-15 14:30:00+00:00,301.9248046875
2021-01-19 14:30:00+00:00,306.3298645019531
2021-01-20 14:30:00+00:00,313.45538330078125
2021-01-21 14:30:00+00:00,315.96282958984375
2021-01-22 14:30:00+00:00,315.0528564453125
2021-01-25 14:30:00+00:00,317.656982421875
2021-01-26 14:30:00+00:00,318.1218566894531
2021-01-27 14:30:00+00:00,309.2535705566406
2021-01-28 14:30:00+00:00,311.0834045410156
2021-01-29 14:30:00+00:00,304.5387268066406
2021-02-01 14:30:00+00:00,312.1484375
2021-02-02 14:30:00+00:00,317.2407531738281
2021-02-03 14:30:00+00:00,315.982177734375
2021-02-04 14:30:00+00:00,319.7192687988281
2021-02-05 14:30:00+00:00,320.80352783203125
2021-02-08 14:30:00+00:00,322.952880859375
2021-02-09 14:30:00+00:00,322.8851013183594
2021-02-10 14:30:00+00:00,322.1492614746094
2021-02-11 14:30:00+00:00,323.92095947265625
2021-02-12 14:30:00+00:00,325.7314453125
2021-02-16 14:30:00+00:00,324.85040283203125
2021-02-17 14:30:00+00:00,323.2916564941406
2021-02-18 14:30:00+00:00,321.8782653808594
2021-02-19 14:30:00+00:00,320.4744567871094
2021-02-22 14:30:00+00:00,312.167724609375
2021-02-23 14:30:00+00:00,311.2383728027344
2021-02-24 14:30:00+00:00,313.8038635253906
2021-02-25 14:30:00+00:00,302.8638610839844
2021-02-26 14:30:00+00:00,304.1321716308594
2021-03-01 14:30:00+00:00,313.2810974121094
2021-03-02 14:30:00+00:00,308.2564697265625
2021-03-03 14:30:00+00:00,299.3108215332031
2021-03-04 14:30:00+00:00,294.4120178222656
2021-03-05 14:30:00+00:00,298.84613037109375
2021-03-08 14:30:00+00:00,290.384521484375
2021-03-09 14:30:00+00:00,301.8377380371094
2021-03-10 14:30:00+00:00,300.9761047363281
2021-03-11 14:30:00+00:00,307.90789794921875
2021-03-12 14:30:00+00:00,305.4100341796875
2021-03-15 13:30:00+00:00,308.67266845703125
2021-03-16 13:30:00+00:00,310.36700439453125
2021-03-17 13:30:00+00:00,311.64495849609375
2021-03-18 13:30:00+00:00,302.09912109375
2021-03-19 13:30:00+00:00,303.1640319824219
2021-03-22 13:30:00+00:00,308.8493347167969
2021-03-23 13:30:00+00:00,307.5019226074219
2021-03-24 13:30:00+00:00,302.31585693359375
2021-03-25 13:30:00+00:00,301.7923583984375
2021-03-26 13:30:00+00:00,306.3193054199219
2021-03-29 13:30:00+00:00,306.2320556640625
2021-03-30 13:30:00+00:00,304.6907958984375
2021-03-31 13:30:00+00:00,309.3534851074219
2021-04-01 13:30:00+00:00,314.626708984375
2021-04-05 13:30:00+00:00,320.9082336425781
2021-04-06 13:30:00+00:00,320.6853332519531
2021-04-07 13:30:00+00:00,321.4607849121094
2021-04-08 13:30:00+00:00,324.81475830078125
2021-04-09 13:30:00+00:00,326.7825622558594
2021-04-12 13:30:00+00:00,326.3561096191406
2021-04-13 13:30:00+00:00,330.1656799316406
2021-04-14 13:30:00+00:00,326.20098876953125
2021-04-15 13:30:00+00:00,331.1447448730469
2021-04-16 13:30:00+00:00,331.5325012207031
2021-04-19 13:30:00+00:00,328.49835205078125
2021-04-20 13:30:00+00:00,326.10406494140625
2021-04-21 13:30:00+00:00,328.8959045410156
2021-04-22 13:30:00+00:00,324.93109130859375
2021-04-23 13:30:00+00:00,329.0217590332031
2021-04-26 13:30:00+00:00,331.16412353515625
2021-04-27 13:30:00+00:00,329.7294921875
2021-04-28 13:30:00+00:00,328.6147155761719
2021-04-29 13:30:00+00:00,329.79736328125
2021-04-30 13:30:00+00:00,327.6355895996094
2021-05-03 13:30:00+00:00,325.8907470703125
2021-05-04 13:30:00+00:00,320.026123046875
2021-05-05 13:30:00+00:00,318.95013427734375
2021-05-06 13:30:00+00:00,321.3541259765625
2021-05-07 13:30:00+00:00,323.9617919921875
2021-05-10 13:30:00+00:00,315.7803649902344
2021-05-11 13:30:00+00:00,315.34393310546875
2021-05-12 13:30:00+00:00,307.1820373535156
2021-05-13 13:30:00+00:00,309.5570068359375
2021-05-14 13:30:00+00:00,316.3910217285156
2021-05-17 13:30:00+00:00,314.4716796875
2021-05-18 13:30:00+00:00,312.3487548828125
2021-05-19 13:30:00+00:00,312.7073669433594
2021-05-20 13:30:00+00:00,318.75616455078125
2021-05-21 13:30:00+00:00,316.9919738769531
2021-05-24 13:30:00+00:00,322.323486328125
2021-05-25 13:30:00+00:00,322.7694396972656
2021-05-26 13:30:00+00:00,323.8938293457031
2021-05-27 13:30:00+00:00,322.6822204589844
2021-05-28 13:30:00+00:00,323.699951171875
2021-06-01 13:30:00+00:00,322.6240234375
2021-06-02 13:30:00+00:00,323.2541198730469
2021-06-03 13:30:00+00:00,319.890380859375
2021-06-04 13:30:00+00:00,325.3188171386719
2021-06-07 13:30:00+00:00,326.2882080078125
2021-06-08 13:30:00+00:00,326.44329833984375
2021-06-09 13:30:00+00:00,326.52081298828125
2021-06-10 13:30:00+00:00,329.9233703613281
2021-06-11 13:30:00+00:00,330.7861328125
2021-06-14 13:30:00+00:00,333.95587158203125
2021-06-15 13:30:00+00:00,331.77490234375
2021-06-16 13:30:00+00:00,330.5631103515625
2021-06-17 13:30:00+00:00,334.7604064941406
2021-06-18 13:30:00+00:00,332.13348388671875
2021-06-21 13:30:00+00:00,334.19775390625
2021-06-22 13:30:00+00:00,337.31304931640625
2021-06-23 13:30:00+00:00,337.4779968261719
2021-06-24 13:30:00+00:00,339.5645751953125
2021-06-25 13:30:00+00:00,339.14727783203125
2021-06-28 13:30:00+00:00,343.2717590332031
2021-06-29 13:30:00+00:00,344.5139465332031
2021-06-30 13:30:00+00:00,343.9704895019531
2021-07-01 13:30:00+00:00,344.1064147949219
2021-07-02 13:30:00+00:00,348.0563049316406
2021-07-06 13:30:00+00:00,349.5604553222656
2021-07-07 13:30:00+00:00,350.29815673828125
2021-07-08 13:30:00+00:00,348.1824951171875
2021-07-09 13:30:00+00:00,350.35638427734375
2021-07-12 13:30:00+00:00,351.7247619628906
2021-07-13 13:30:00+00:00,351.7247619628906
2021-07-14 13:30:00+00:00,352.35552978515625
2021-07-15 13:30:00+00:00,349.8808288574219
2021-07-16 13:30:00+00:00,347.0470275878906
2021-07-19 13:30:00+00:00,344.2035217285156
2021-07-20 13:30:00+00:00,348.20184326171875
2021-07-21 13:30:00+00:00,350.89007568359375
2021-07-22 13:30:00+00:00,353.20965576171875
2021-07-23 13:30:00+00:00,357.33416748046875
2021-07-26 13:30:00+00:00,357.6156005859375
2021-07-27 13:30:00+00:00,353.6754150390625
2021-07-28 13:30:00+00:00,355.03411865234375
2021-07-29 13:30:00+00:00,355.66497802734375
2021-07-30 13:30:00+00:00,353.811279296875
2021-08-02 13:30:00+00:00,353.8403625488281
2021-08-03 13:30:00+00:00,355.98516845703125
2021-08-04 13:30:00+00:00,356.4996032714844
2021-08-05 13:30:00+00:00,358.7607421875
2021-08-06 13:30:00+00:00,357.1885986328125
2021-08-09 13:30:00+00:00,357.84857177734375
2021-08-10 13:30:00+00:00,356.0142822265625
2021-08-11 13:30:00+00:00,355.4029235839844
2021-08-12 13:30:00+00:00,356.6839294433594
2021-08-13 13:30:00+00:00,357.9358825683594
2021-08-16 13:30:00+00:00,358.09112548828125
2021-08-17 13:30:00+00:00,354.93707275390625
2021-08-18 13:30:00+00:00,351.52093505859375
2021-08-19 13:30:00+00:00,353.2192687988281
2021-08-20 13:30:00+00:00,356.8780822753906
2021-08-23 13:30:00+00:00,362.21575927734375
2021-08-24 13:30:00+00:00,363.3220520019531
2021-08-25 13:30:00+00:00,363.7394104003906
2021-08-26 13:30:00+00:00,361.42962646484375
2021-08-27 13:30:00+00:00,364.9427795410156
2021-08-30 13:30:00+00:00,369.038330078125
2021-08-31 13:30:00+00:00,368.7374572753906
2021-09-01 13:30:00+00:00,369.3487243652344
2021-09-02 13:30:00+00:00,369.1741638183594
2021-09-03 13:30:00+00:00,370.3096923828125
2021-09-07 13:30:00+00:00,370.8335876464844
2021-09-08 13:30:00+00:00,369.54296875
2021-09-09 13:30:00+00:00,368.27154541015625
2021-09-10 13:30:00+00:00,365.47650146484375
2021-09-13 13:30:00+00:00,365.2242736816406
2021-09-14 13:30:00+00:00,364.1858520507813
2021-09-15 13:30:00+00:00,366.8934631347656
2021-09-16 13:30:00+00:00,367.1458129882813
2021-09-17 13:30:00+00:00,362.7979736328125
2021-09-20 13:30:00+00:00,355.3013916015625
2021-09-21 13:30:00+00:00,355.7386779785156
2021-09-22 13:30:00+00:00,359.06134033203125
2021-09-23 13:30:00+00:00,362.37445068359375
2021-09-24 13:30:00+00:00,362.71441650390625
2021-09-27 13:30:00+00:00,359.81915283203125
2021-09-28 13:30:00+00:00,349.63714599609375
2021-09-29 13:30:00+00:00,349.06402587890625
2021-09-30 13:30:00+00:00,347.7815856933594
2021-10-01 13:30:00+00:00,349.9383850097656
2021-10-04 13:30:00+00:00,342.5934143066406
2021-10-05 13:30:00+00:00,347.2179870605469
2021-10-06 13:30:00+00:00,349.4429016113281
2021-10-07 13:30:00+00:00,352.6490173339844
2021-10-08 13:30:00+00:00,350.8904724121094
2021-10-11 13:30:00+00:00,348.1993408203125
2021-10-12 13:30:00+00:00,346.9847717285156
2021-10-13 13:30:00+00:00,349.76348876953125
2021-10-14 13:30:00+00:00,356.20501708984375
2021-10-15 13:30:00+00:00,358.4493408203125
2021-10-18 13:30:00+00:00,362.0538330078125
2021-10-19 13:30:00+00:00,364.7936706542969
2021-10-20 13:30:00+00:00,364.3174743652344
2021-10-21 13:30:00+00:00,366.5424499511719
2021-10-22 13:30:00+00:00,363.4626159667969
2021-10-25 13:30:00+00:00,367.1836853027344
2021-10-26 13:30:00+00:00,368.3398132324219
2021-10-27 13:30:00+00:00,369.1947937011719
2021-10-28 13:30:00+00:00,373.2947998046875
2021-10-29 13:30:00+00:00,375.1310424804687
2021-11-01 13:30:00+00:00,376.4134216308594
2021-11-02 13:30:00+00:00,377.9874877929687
2021-11-03 13:30:00+00:00,382.0000915527344
2021-11-04 13:30:00+00:00,386.8966979980469
2021-11-05 13:30:00+00:00,387.2659912109375
2021-11-08 14:30:00+00:00,386.7413024902344
2021-11-09 14:30:00+00:00,384.07916259765625
2021-11-10 14:30:00+00:00,378.4343872070313
2021-11-11 14:30:00+00:00,379.4837341308594
2021-11-12 14:30:00+00:00,383.476806640625
2021-11-15 14:30:00+00:00,383.389404296875
2021-11-16 14:30:00+00:00,386.1195068359375
2021-11-17 14:30:00+00:00,386.3235473632813
2021-11-18 14:30:00+00:00,390.3263549804687
2021-11-19 14:30:00+00:00,392.5026550292969
2021-11-22 14:30:00+00:00,387.9459838867187
2021-11-23 14:30:00+00:00,386.1777648925781
2021-11-24 14:30:00+00:00,387.4213562011719
2021-11-26 14:30:00+00:00,380.0763244628906
2021-11-29 14:30:00+00:00,388.3250122070313
2021-11-30 14:30:00+00:00,382.6219177246094
2021-12-01 14:30:00+00:00,376.1124267578125
2021-12-02 14:30:00+00:00,378.8230590820313
2021-12-03 14:30:00+00:00,372.23590087890625
2021-12-06 14:30:00+00:00,375.218505859375
2021-12-07 14:30:00+00:00,386.5177917480469
2021-12-08 14:30:00+00:00,388.2472534179687
2021-12-09 14:30:00+00:00,382.534423828125
2021-12-10 14:30:00+00:00,386.6926879882813
2021-12-13 14:30:00+00:00,381.1062316894531
2021-12-14 14:30:00+00:00,377.1616516113281
2021-12-15 14:30:00+00:00,385.760009765625
2021-12-16 14:30:00+00:00,375.84033203125
2021-12-17 14:30:00+00:00,373.9651794433594
2021-12-20 14:30:00+00:00,370.3376159667969
2021-12-21 14:30:00+00:00,378.6258850097656
2021-12-22 14:30:00+00:00,383.2370300292969
2021-12-23 14:30:00+00:00,386.126220703125
2021-12-27 14:30:00+00:00,392.5078430175781
2021-12-28 14:30:00+00:00,390.6886596679687
2021-12-29 14:30:00+00:00,390.6303405761719
2021-12-30 14:30:00+00:00,389.4629821777344
2021-12-31 14:30:00+00:00,387.0309753417969
2022-01-03 14:30:00+00:00,390.7568664550781
2022-01-04 14:30:00+00:00,385.68841552734375
2022-01-05 14:30:00+00:00,373.8396606445313
2022-01-06 14:30:00+00:00,373.5770263671875
2022-01-07 14:30:00+00:00,369.5300903320313
2022-01-10 14:30:00+00:00,369.7732849121094
2022-01-11 14:30:00+00:00,375.32806396484375
2022-01-12 14:30:00+00:00,376.81646728515625
2022-01-13 14:30:00+00:00,367.3900146484375
2022-01-14 14:30:00+00:00,369.6760864257813
2022-01-18 14:30:00+00:00,360.4732666015625
2022-01-19 14:30:00+00:00,356.5140075683594
2022-01-20 14:30:00+00:00,351.8835144042969
2022-01-21 14:30:00+00:00,342.1261901855469
2022-01-24 14:30:00+00:00,343.6924743652344
2022-01-25 14:30:00+00:00,335.72515869140625
2022-01-26 14:30:00+00:00,335.1997985839844
2022-01-27 14:30:00+00:00,331.8241882324219
2022-01-28 14:30:00+00:00,342.2332458496094
2022-01-31 14:30:00+00:00,353.1772766113281
2022-02-01 14:30:00+00:00,355.5800476074219
2022-02-02 14:30:00+00:00,358.4693908691406
2022-02-03 14:30:00+00:00,343.9356384277344
2022-02-04 14:30:00+00:00,348.2743835449219
2022-02-07 14:30:00+00:00,345.47265625
2022-02-08 14:30:00+00:00,349.3542175292969
2022-02-09 14:30:00+00:00,356.75726318359375
2022-02-10 14:30:00+00:00,348.6829833984375
2022-02-11 14:30:00+00:00,337.6220703125
2022-02-14 14:30:00+00:00,338.0404052734375
2022-02-15 14:30:00+00:00,346.4454345703125
2022-02-16 14:30:00+00:00,346.3578796386719
2022-02-17 14:30:00+00:00,336.05596923828125
2022-02-18 14:30:00+00:00,332.2230529785156
2022-02-22 14:30:00+00:00,328.88629150390625
2022-02-23 14:30:00+00:00,320.4618835449219
2022-02-24 14:30:00+00:00,331.2308044433594
2022-02-25 14:30:00+00:00,336.3671875
2022-02-28 14:30:00+00:00,337.3692321777344
2022-03-01 14:30:00+00:00,332.2035217285156
2022-03-02 14:30:00+00:00,337.7778625488281
2022-03-03 14:30:00+00:00,332.9526062011719
2022-03-04 14:30:00+00:00,328.1275939941406
2022-03-07 14:30:00+00:00,316.0257873535156
2022-03-08 14:30:00+00:00,314.556884765625
2022-03-09 14:30:00+00:00,325.8802795410156
2022-03-10 14:30:00+00:00,322.26153564453125
2022-03-11 14:30:00+00:00,315.57830810546875
2022-03-14 13:30:00+00:00,309.5177307128906
2022-03-15 13:30:00+00:00,319.22637939453125
2022-03-16 13:30:00+00:00,331.0653991699219
2022-03-17 13:30:00+00:00,335.0733337402344
2022-03-18 13:30:00+00:00,341.9316101074219
2022-03-21 13:30:00+00:00,340.9809875488281
2022-03-22 13:30:00+00:00,347.6822204589844
2022-03-23 13:30:00+00:00,342.6855773925781
2022-03-24 13:30:00+00:00,350.30230712890625
2022-03-25 13:30:00+00:00,350.01007080078125
2022-03-28 13:30:00+00:00,355.42559814453125
2022-03-29 13:30:00+00:00,361.54241943359375
2022-03-30 13:30:00+00:00,357.5489501953125
2022-03-31 13:30:00+00:00,353.1172180175781
2022-04-01 13:30:00+00:00,352.4451904296875
2022-04-04 13:30:00+00:00,359.7014465332031
2022-04-05 13:30:00+00:00,351.714599609375
2022-04-06 13:30:00+00:00,344.0783386230469
2022-04-07 13:30:00+00:00,344.8965759277344
2022-04-08 13:30:00+00:00,340.0751647949219
2022-04-11 13:30:00+00:00,332.0298156738281
2022-04-12 13:30:00+00:00,330.6272888183594
2022-04-13 13:30:00+00:00,337.34796142578125
2022-04-14 13:30:00+00:00,329.6337890625
2022-04-18 13:30:00+00:00,329.8870544433594
2022-04-19 13:30:00+00:00,337.2603759765625
2022-04-20 13:30:00+00:00,332.34161376953125
2022-04-21 13:30:00+00:00,325.465087890625
2022-04-22 13:30:00+00:00,316.9424743652344
2022-04-25 13:30:00+00:00,321.0138244628906
2022-04-26 13:30:00+00:00,308.89715576171875
2022-04-27 13:30:00+00:00,308.52703857421875
2022-04-28 13:30:00+00:00,319.4846496582031
2022-04-29 13:30:00+00:00,305.1082458496094
2022-05-02 13:30:00+00:00,310.2022705078125
2022-05-03 13:30:00+00:00,310.53350830078125
2022-05-04 13:30:00+00:00,321.0333557128906
2022-05-05 13:30:00+00:00,304.86480712890625
2022-05-06 13:30:00+00:00,301.2122497558594
2022-05-09 13:30:00+00:00,289.4267883300781
2022-05-10 13:30:00+00:00,292.94287109375
2022-05-11 13:30:00+00:00,284.2547912597656
2022-05-12 13:30:00+00:00,283.5827331542969
2022-05-13 13:30:00+00:00,294.0922546386719
2022-05-16 13:30:00+00:00,290.6832275390625
2022-05-17 13:30:00+00:00,298.2123107910156
2022-05-18 13:30:00+00:00,283.57293701171875
2022-05-19 13:30:00+00:00,282.053466796875
2022-05-20 13:30:00+00:00,281.17681884765625
2022-05-23 13:30:00+00:00,285.8521728515625
2022-05-24 13:30:00+00:00,279.77423095703125
2022-05-25 13:30:00+00:00,283.6898193359375
2022-05-26 13:30:00+00:00,291.54998779296875
2022-05-27 13:30:00+00:00,301.06610107421875
2022-05-31 13:30:00+00:00,300.2674865722656
2022-06-01 13:30:00+00:00,298.0467529296875
2022-06-02 13:30:00+00:00,306.20892333984375
2022-06-03 13:30:00+00:00,298.24151611328125
2022-06-06 13:30:00+00:00,299.2349853515625
2022-06-07 13:30:00+00:00,301.8161315917969
2022-06-08 13:30:00+00:00,299.64404296875
2022-06-09 13:30:00+00:00,291.6182861328125
2022-06-10 13:30:00+00:00,281.33270263671875
2022-06-13 13:30:00+00:00,268.251708984375
2022-06-14 13:30:00+00:00,268.7387390136719
2022-06-15 13:30:00+00:00,275.4496765136719
2022-06-16 13:30:00+00:00,264.33624267578125
2022-06-17 13:30:00+00:00,267.5505065917969
2022-06-21 13:30:00+00:00,274.3006896972656
2022-06-22 13:30:00+00:00,273.9006042480469
2022-06-23 13:30:00+00:00,277.97979736328125
2022-06-24 13:30:00+00:00,287.50433349609375
2022-06-27 13:30:00+00:00,285.39642333984375
2022-06-28 13:30:00+00:00,276.7012939453125
2022-06-29 13:30:00+00:00,276.955078125
2022-06-30 13:30:00+00:00,273.5199890136719
2022-07-01 13:30:00+00:00,275.32537841796875
2022-07-05 13:30:00+00:00,280.038818359375
2022-07-06 13:30:00+00:00,281.83441162109375
2022-07-07 13:30:00+00:00,287.86541748046875
2022-07-08 13:30:00+00:00,288.22650146484375
2022-07-11 13:30:00+00:00,282.0687561035156
2022-07-12 13:30:00+00:00,279.3362121582031
2022-07-13 13:30:00+00:00,278.7604675292969
2022-07-14 13:30:00+00:00,279.7558898925781
2022-07-15 13:30:00+00:00,284.83038330078125
2022-07-18 13:30:00+00:00,282.4200439453125
2022-07-19 13:30:00+00:00,291.1053466796875
2022-07-20 13:30:00+00:00,295.72125244140625
2022-07-21 13:30:00+00:00,299.96636962890625
2022-07-22 13:30:00+00:00,294.7063293457031
2022-07-25 13:30:00+00:00,293.0278015136719
2022-07-26 13:30:00+00:00,287.2701721191406
2022-07-27 13:30:00+00:00,299.41009521484375
2022-07-28 13:30:00+00:00,302.33770751953125
2022-07-29 13:30:00+00:00,307.8514404296875
2022-08-01 13:30:00+00:00,307.6659851074219
2022-08-02 13:30:00+00:00,306.74871826171875
2022-08-03 13:30:00+00:00,315.1023254394531
2022-08-04 13:30:00+00:00,316.5758361816406
2022-08-05 13:30:00+00:00,313.98974609375
2022-08-08 13:30:00+00:00,312.9748229980469
2022-08-09 13:30:00+00:00,309.43243408203125
2022-08-10 13:30:00+00:00,318.0689392089844
2022-08-11 13:30:00+00:00,316.2635498046875
2022-08-12 13:30:00+00:00,322.4214172363281
2022-08-15 13:30:00+00:00,325.0269470214844
2022-08-16 13:30:00+00:00,324.26580810546875
2022-08-17 13:30:00+00:00,320.5671691894531
2022-08-18 13:30:00+00:00,321.33807373046875
2022-08-19 13:30:00+00:00,315.072998046875
2022-08-22 13:30:00+00:00,306.7780456542969
2022-08-23 13:30:00+00:00,306.5243225097656
2022-08-24 13:30:00+00:00,307.41229248046875
2022-08-25 13:30:00+00:00,312.8479919433594
2022-08-26 13:30:00+00:00,300.02490234375
2022-08-29 13:30:00+00:00,297.0679931640625
2022-08-30 13:30:00+00:00,293.7597351074219
2022-08-31 13:30:00+00:00,292.052001953125
2022-09-01 13:30:00+00:00,292.1788330078125
2022-09-02 13:30:00+00:00,288.05078125
2022-09-06 13:30:00+00:00,285.9819641113281
2022-09-07 13:30:00+00:00,291.75921630859375
2022-09-08 13:30:00+00:00,293.27178955078125
2022-09-09 13:30:00+00:00,299.6833801269531
2022-09-12 13:30:00+00:00,303.2453308105469
2022-09-13 13:30:00+00:00,286.61627197265625
2022-09-14 13:30:00+00:00,288.8901062011719
2022-09-15 13:30:00+00:00,284.0789794921875
2022-09-16 13:30:00+00:00,282.3419494628906
2022-09-19 13:30:00+00:00,284.5406188964844
2022-09-20 13:30:00+00:00,282.27252197265625
2022-09-21 13:30:00+00:00,277.2181396484375
2022-09-22 13:30:00+00:00,273.8062438964844
2022-09-23 13:30:00+00:00,269.3481750488281
2022-09-26 13:30:00+00:00,268.233642578125
2022-09-27 13:30:00+00:00,268.3412170410156
2022-09-28 13:30:00+00:00,273.6790771484375
2022-09-29 13:30:00+00:00,265.78955078125
2022-09-30 13:30:00+00:00,261.28277587890625
2022-10-03 13:30:00+00:00,267.4125061035156
2022-10-04 13:30:00+00:00,275.82012939453125
2022-10-05 13:30:00+00:00,275.67352294921875
2022-10-06 13:30:00+00:00,273.50311279296875
2022-10-07 13:30:00+00:00,263.0815124511719
2022-10-10 13:30:00+00:00,260.45166015625
2022-10-11 13:30:00+00:00,256.8736572265625
2022-10-12 13:30:00+00:00,256.7855224609375
2022-10-13 13:30:00+00:00,262.80780029296875
2022-10-14 13:30:00+00:00,254.9085235595703
2022-10-17 13:30:00+00:00,263.3259582519531
2022-10-18 13:30:00+00:00,265.4083251953125
2022-10-19 13:30:00+00:00,264.4404602050781
2022-10-20 13:30:00+00:00,263.09136962890625
2022-10-21 13:30:00+00:00,269.2602233886719
2022-10-24 13:30:00+00:00,272.22247314453125
2022-10-25 13:30:00+00:00,277.8536071777344
2022-10-26 13:30:00+00:00,271.7140808105469
2022-10-27 13:30:00+00:00,266.7672424316406
2022-10-28 13:30:00+00:00,274.9305114746094
2022-10-31 13:30:00+00:00,271.733642578125
2022-11-01 13:30:00+00:00,268.9571533203125
2022-11-02 13:30:00+00:00,259.7380676269531
2022-11-03 13:30:00+00:00,254.6641540527344
2022-11-04 13:30:00+00:00,258.76043701171875
2022-11-07 14:30:00+00:00,261.6053161621094
2022-11-08 14:30:00+00:00,263.51177978515625
2022-11-09 14:30:00+00:00,257.4307861328125
2022-11-10 14:30:00+00:00,276.42633056640625
2022-11-11 14:30:00+00:00,281.5197448730469
2022-11-14 14:30:00+00:00,279.0561218261719
2022-11-15 14:30:00+00:00,282.91778564453125
2022-11-16 14:30:00+00:00,279.0561218261719
2022-11-17 14:30:00+00:00,278.44024658203125
2022-11-18 14:30:00+00:00,278.44989013671875
2022-11-21 14:30:00+00:00,275.58544921875
2022-11-22 14:30:00+00:00,279.55474853515625
2022-11-23 14:30:00+00:00,282.3605651855469
2022-11-25 14:30:00+00:00,280.50299072265625
2022-11-28 14:30:00+00:00,276.3871154785156
2022-11-29 14:30:00+00:00,274.2950439453125
2022-11-30 14:30:00+00:00,286.79901123046875
2022-12-01 14:30:00+00:00,287.1509094238281
2022-12-02 14:30:00+00:00,286.007080078125
2022-12-05 14:30:00+00:00,281.2068786621094
2022-12-06 14:30:00+00:00,275.3802185058594
2022-12-07 14:30:00+00:00,274.25592041015625
2022-12-08 14:30:00+00:00,277.50164794921875
2022-12-09 14:30:00+00:00,275.7321472167969
2022-12-12 14:30:00+00:00,279.1929931640625
2022-12-13 14:30:00+00:00,282.1943359375
2022-12-14 14:30:00+00:00,280.1022644042969
2022-12-15 14:30:00+00:00,270.69732666015625
2022-12-16 14:30:00+00:00,268.1163635253906
2022-12-19 14:30:00+00:00,264.3483581542969
2022-12-20 14:30:00+00:00,264.14263916015625
2022-12-21 14:30:00+00:00,267.97430419921875
2022-12-22 14:30:00+00:00,261.4182434082031
2022-12-23 14:30:00+00:00,262.0061950683594
2022-12-27 14:30:00+00:00,258.30194091796875
2022-12-28 14:30:00+00:00,254.89163208007812
2022-12-29 14:30:00+00:00,261.1046447753906
2022-12-30 14:30:00+00:00,260.9478759765625
2023-01-03 14:30:00+00:00,259.1838684082031
2023-01-04 14:30:00+00:00,260.4186706542969
2023-01-05 14:30:00+00:00,256.3420104980469
2023-01-06 14:30:00+00:00,263.41729736328125
2023-01-09 14:30:00+00:00,265.12255859375
2023-01-10 14:30:00+00:00,267.3667297363281
2023-01-11 14:30:00+00:00,271.9921569824219
2023-01-12 14:30:00+00:00,273.4620666503906
2023-01-13 14:30:00+00:00,275.3437194824219
2023-01-17 14:30:00+00:00,275.90228271484375
2023-01-18 14:30:00+00:00,272.31561279296875
2023-01-19 14:30:00+00:00,269.6402282714844
2023-01-20 14:30:00+00:00,277.01934814453125
2023-01-23 14:30:00+00:00,283.1736755371094
2023-01-24 14:30:00+00:00,282.59552001953125
2023-01-25 14:30:00+00:00,281.96832275390625
2023-01-26 14:30:00+00:00,287.46600341796875
2023-01-27 14:30:00+00:00,290.32745361328125
2023-01-30 14:30:00+00:00,284.45745849609375
2023-01-31 14:30:00+00:00,288.7203063964844
2023-02-01 14:30:00+00:00,294.89422607421875
2023-02-02 14:30:00+00:00,305.4779052734375
2023-02-03 14:30:00+00:00,300.0488586425781
2023-02-06 14:30:00+00:00,297.5107421875
2023-02-07 14:30:00+00:00,303.6748352050781
2023-02-08 14:30:00+00:00,298.2751159667969
2023-02-09 14:30:00+00:00,295.63897705078125
2023-02-10 14:30:00+00:00,293.69866943359375
2023-02-13 14:30:00+00:00,298.4025573730469
2023-02-14 14:30:00+00:00,300.60748291015625
2023-02-15 14:30:00+00:00,302.9104309082031
2023-02-16 14:30:00+00:00,297.22650146484375
2023-02-17 14:30:00+00:00,295.12933349609375
2023-02-21 14:30:00+00:00,288.1422424316406
2023-02-22 14:30:00+00:00,288.3577880859375
2023-02-23 14:30:00+00:00,290.8763122558594
2023-02-24 14:30:00+00:00,286.0058288574219
2023-02-27 14:30:00+00:00,288.0539855957031
2023-02-28 14:30:00+00:00,287.6816101074219
2023-03-01 14:30:00+00:00,285.3688659667969
2023-03-02 14:30:00+00:00,287.7305908203125
2023-03-03 14:30:00+00:00,293.6790771484375
2023-03-06 14:30:00+00:00,294.0122375488281
2023-03-07 14:30:00+00:00,290.40594482421875
2023-03-08 14:30:00+00:00,291.85626220703125
2023-03-09 14:30:00+00:00,286.79962158203125
2023-03-10 14:30:00+00:00,282.77191162109375
2023-03-13 13:30:00+00:00,284.8691101074219
2023-03-14 13:30:00+00:00,291.41534423828125
2023-03-15 13:30:00+00:00,292.9440612792969
2023-03-16 13:30:00+00:00,300.6662292480469
2023-03-17 13:30:00+00:00,299.24530029296875
2023-03-20 13:30:00+00:00,300.30731201171875
2023-03-21 13:30:00+00:00,304.59637451171875
2023-03-22 13:30:00+00:00,300.4545593261719
2023-03-23 13:30:00+00:00,304.0173034667969
2023-03-24 13:30:00+00:00,305.1361999511719
2023-03-27 13:30:00+00:00,303.0456237792969
2023-03-28 13:30:00+00:00,301.43603515625
2023-03-29 13:30:00+00:00,306.932373046875
2023-03-30 13:30:00+00:00,309.8375549316406
2023-03-31 13:30:00+00:00,314.99041748046875
2023-04-03 13:30:00+00:00,314.224853515625
2023-04-04 13:30:00+00:00,313.16485595703125
2023-04-05 13:30:00+00:00,310.07318115234375
2023-04-06 13:30:00+00:00,312.1636657714844
2023-04-10 13:30:00+00:00,311.9870300292969
2023-04-11 13:30:00+00:00,309.98480224609375
2023-04-12 13:30:00+00:00,307.2464904785156
2023-04-13 13:30:00+00:00,313.262939453125
2023-04-14 13:30:00+00:00,312.674072265625
2023-04-17 13:30:00+00:00,312.9390563964844
2023-04-18 13:30:00+00:00,312.95867919921875
2023-04-19 13:30:00+00:00,312.81146240234375
2023-04-20 13:30:00+00:00,310.426513671875
2023-04-21 13:30:00+00:00,310.7503967285156
2023-04-24 13:30:00+00:00,310.1025390625
2023-04-25 13:30:00+00:00,304.25286865234375
2023-04-26 13:30:00+00:00,306.09808349609375
2023-04-27 13:30:00+00:00,314.42120361328125
2023-04-28 13:30:00+00:00,316.5902099609375
2023-05-01 13:30:00+00:00,316.22705078125
2023-05-02 13:30:00+00:00,313.46905517578125
2023-05-03 13:30:00+00:00,311.4178161621094
2023-05-04 13:30:00+00:00,310.31854248046875
2023-05-05 13:30:00+00:00,316.9141845703125
2023-05-08 13:30:00+00:00,317.69927978515625
2023-05-09 13:30:00+00:00,315.687255859375
2023-05-10 13:30:00+00:00,319.12255859375
2023-05-11 13:30:00+00:00,320.1629333496094
2023-05-12 13:30:00+00:00,319.01458740234375
2023-05-15 13:30:00+00:00,320.7420349121094
2023-05-16 13:30:00+00:00,321.1050720214844
2023-05-17 13:30:00+00:00,324.9917907714844
2023-05-18 13:30:00+00:00,331.0279541015625
2023-05-19 13:30:00+00:00,330.28204345703125
2023-05-22 13:30:00+00:00,331.39117431640625
2023-05-23 13:30:00+00:00,327.19036865234375
2023-05-24 13:30:00+00:00,325.51202392578125
2023-05-25 13:30:00+00:00,333.43255615234375
2023-05-26 13:30:00+00:00,341.95196533203125
2023-05-30 13:30:00+00:00,343.5027770996094
2023-05-31 13:30:00+00:00,341.5496520996094
2023-06-01 13:30:00+00:00,345.4952087402344
2023-06-02 13:30:00+00:00,348.0863037109375
2023-06-05 13:30:00+00:00,348.3316650390625
2023-06-06 13:30:00+00:00,348.2728271484375
2023-06-07 13:30:00+00:00,342.3642578125
2023-06-08 13:30:00+00:00,346.6141052246094
2023-06-09 13:30:00+00:00,347.93914794921875
2023-06-12 13:30:00+00:00,353.8182373046875
2023-06-13 13:30:00+00:00,356.53704833984375
2023-06-14 13:30:00+00:00,359.12811279296875
2023-06-15 13:30:00+00:00,363.407470703125
2023-06-16 13:30:00+00:00,361.12054443359375
2023-06-20 13:30:00+00:00,360.6036071777344
2023-06-21 13:30:00+00:00,355.6894226074219
2023-06-22 13:30:00+00:00,359.88616943359375
2023-06-23 13:30:00+00:00,356.31842041015625
2023-06-26 13:30:00+00:00,351.5417785644531
2023-06-27 13:30:00+00:00,357.5862731933594
2023-06-28 13:30:00+00:00,358.2840576171875
2023-06-29 13:30:00+00:00,357.5666198730469
2023-06-30 13:30:00+00:00,363.0803527832031
2023-07-03 13:30:00+00:00,363.9354248046875
2023-07-05 13:30:00+00:00,363.925537109375
2023-07-06 13:30:00+00:00,361.1539306640625
2023-07-07 13:30:00+00:00,359.95489501953125
2023-07-10 13:30:00+00:00,360.0728454589844
2023-07-11 13:30:00+00:00,361.8517761230469
2023-07-12 13:30:00+00:00,366.4219665527344
2023-07-13 13:30:00+00:00,372.6433715820313
2023-07-14 13:30:00+00:00,372.5647888183594
2023-07-17 13:30:00+00:00,376.0439758300781
2023-07-18 13:30:00+00:00,379.1202087402344
2023-07-19 13:30:00+00:00,379.03179931640625
2023-07-20 13:30:00+00:00,370.2943115234375
2023-07-21 13:30:00+00:00,369.1837768554687
2023-07-24 13:30:00+00:00,369.77349853515625
2023-07-25 13:30:00+00:00,372.2796936035156
2023-07-26 13:30:00+00:00,371.0412902832031
2023-07-27 13:30:00+00:00,370.1567687988281
2023-07-28 13:30:00+00:00,376.8990478515625
2023-07-31 13:30:00+00:00,377.0955505371094
2023-08-01 13:30:00+00:00,376.2209167480469
2023-08-02 13:30:00+00:00,367.965087890625
2023-08-03 13:30:00+00:00,367.3753356933594
2023-08-04 13:30:00+00:00,365.6553955078125
2023-08-07 13:30:00+00:00,368.7513122558594
2023-08-08 13:30:00+00:00,365.6160583496094
2023-08-09 13:30:00+00:00,361.59625244140625
2023-08-10 13:30:00+00:00,362.26458740234375
2023-08-11 13:30:00+00:00,359.95489501953125
2023-08-14 13:30:00+00:00,363.9944152832031
2023-08-15 13:30:00+00:00,360.1318359375
2023-08-16 13:30:00+00:00,356.31842041015625
2023-08-17 13:30:00+00:00,352.4263610839844
2023-08-18 13:30:00+00:00,351.9841003417969
2023-08-21 13:30:00+00:00,357.6550598144531
2023-08-22 13:30:00+00:00,357.14398193359375
2023-08-23 13:30:00+00:00,362.7756652832031
2023-08-24 13:30:00+00:00,355.0211181640625
2023-08-25 13:30:00+00:00,357.77301025390625
2023-08-28 13:30:00+00:00,360.4659729003906
2023-08-29 13:30:00+00:00,368.3385009765625
2023-08-30 13:30:00+00:00,370.3926086425781
2023-08-31 13:30:00+00:00,371.5032653808594
2023-09-01 13:30:00+00:00,371.1101684570313
2023-09-05 13:30:00+00:00,371.5818786621094
2023-09-06 13:30:00+00:00,368.3089904785156
2023-09-07 13:30:00+00:00,365.6749877929687
2023-09-08 13:30:00+00:00,366.18609619140625
2023-09-11 13:30:00+00:00,370.5007629394531
2023-09-12 13:30:00+00:00,366.3924865722656
2023-09-13 13:30:00+00:00,367.7880859375
2023-09-14 13:30:00+00:00,370.7956237792969
2023-09-15 13:30:00+00:00,364.4465026855469
2023-09-18 13:30:00+00:00,364.8263854980469
2023-09-19 13:30:00+00:00,364.0487976074219
2023-09-20 13:30:00+00:00,358.80267333984375
2023-09-21 13:30:00+00:00,352.22784423828125
2023-09-22 13:30:00+00:00,352.27703857421875
2023-09-25 13:30:00+00:00,353.95025634765625
2023-09-26 13:30:00+00:00,348.6352844238281
2023-09-27 13:30:00+00:00,349.45220947265625
2023-09-28 13:30:00+00:00,352.3755187988281
2023-09-29 13:30:00+00:00,352.63140869140625
2023-10-02 13:30:00+00:00,355.5743408203125
2023-10-03 13:30:00+00:00,349.3341369628906
2023-10-04 13:30:00+00:00,354.08807373046875
2023-10-05 13:30:00+00:00,353.0447692871094
2023-10-06 13:30:00+00:00,358.9602355957031
2023-10-09 13:30:00+00:00,360.7908935546875
2023-10-10 13:30:00+00:00,362.7889709472656
2023-10-11 13:30:00+00:00,365.3776245117187
2023-10-12 13:30:00+00:00,364.10791015625
2023-10-13 13:30:00+00:00,359.5310974121094
2023-10-16 13:30:00+00:00,363.5960998535156
2023-10-17 13:30:00+00:00,362.4050903320313
2023-10-18 13:30:00+00:00,357.6511535644531
2023-10-19 13:30:00+00:00,354.30462646484375
2023-10-20 13:30:00+00:00,349.0191345214844
2023-10-23 13:30:00+00:00,350.0723876953125
2023-10-24 13:30:00+00:00,353.4778747558594
2023-10-25 13:30:00+00:00,344.8262023925781
2023-10-26 13:30:00+00:00,338.2513427734375
2023-10-27 13:30:00+00:00,339.8753662109375
2023-10-30 13:30:00+00:00,343.70416259765625
2023-10-31 13:30:00+00:00,345.347900390625
2023-11-01 13:30:00+00:00,351.34197998046875
2023-11-02 13:30:00+00:00,357.7200622558594
2023-11-03 13:30:00+00:00,361.92279052734375
2023-11-06 14:30:00+00:00,363.3992004394531
2023-11-07 14:30:00+00:00,366.834228515625
2023-11-08 14:30:00+00:00,367.0705261230469
2023-11-09 14:30:00+00:00,364.24566650390625
2023-11-10 14:30:00+00:00,372.4347534179687
2023-11-13 14:30:00+00:00,371.2733154296875
2023-11-14 14:30:00+00:00,379.2655334472656
2023-11-15 14:30:00+00:00,379.5509948730469
2023-11-16 14:30:00+00:00,379.8757629394531
2023-11-17 14:30:00+00:00,379.96441650390625
2023-11-20 14:30:00+00:00,384.59039306640625
2023-11-21 14:30:00+00:00,382.3561096191406
2023-11-22 14:30:00+00:00,383.9210205078125
2023-11-24 14:30:00+00:00,383.3797302246094
2023-11-27 14:30:00+00:00,383.0451354980469
2023-11-28 14:30:00+00:00,384.049072265625
2023-11-29 14:30:00+00:00,383.6750183105469
2023-11-30 14:30:00+00:00,382.71038818359375
2023-12-01 14:30:00+00:00,383.802978515625
2023-12-04 14:30:00+00:00,380.2398986816406
2023-12-05 14:30:00+00:00,381.1947021484375
2023-12-06 14:30:00+00:00,378.9898986816406
2023-12-07 14:30:00+00:00,384.28521728515625
2023-12-08 14:30:00+00:00,385.9978332519531
2023-12-11 14:30:00+00:00,389.2951049804687
2023-12-12 14:30:00+00:00,392.3955383300781
2023-12-13 14:30:00+00:00,397.3857421875
2023-12-14 14:30:00+00:00,397.0412902832031
2023-12-15 14:30:00+00:00,398.9605712890625
2023-12-18 14:30:00+00:00,401.4735412597656
2023-12-19 14:30:00+00:00,403.5248107910156
2023-12-20 14:30:00+00:00,397.5285949707031
2023-12-21 14:30:00+00:00,402.1540222167969
2023-12-22 14:30:00+00:00,402.7555847167969
2023-12-26 14:30:00+00:00,405.2211608886719
2023-12-27 14:30:00+00:00,406.046142578125
2023-12-28 14:30:00+00:00,405.8487243652344
2023-12-29 14:30:00+00:00,404.0923156738281
2024-01-02 14:30:00+00:00,397.2541809082031
2024-01-03 14:30:00+00:00,393.0506286621094
2024-01-04 14:30:00+00:00,391.02783203125
2024-01-05 14:30:00+00:00,391.4916076660156
2024-01-08 14:30:00+00:00,399.5829162597656
2024-01-09 14:30:00+00:00,400.3723449707031
2024-01-10 14:30:00+00:00,403.08587646484375
2024-01-11 14:30:00+00:00,403.9246215820313
2024-01-12 14:30:00+00:00,404.1318359375
2024-01-16 14:30:00+00:00,404.0923156738281
2024-01-17 14:30:00+00:00,401.81292724609375
2024-01-18 14:30:00+00:00,407.5162963867187
2024-01-19 14:30:00+00:00,415.5977783203125
2024-01-22 14:30:00+00:00,416.1405334472656
2024-01-23 14:30:00+00:00,417.8673400878906
2024-01-24 14:30:00+00:00,420.1861877441406
2024-01-25 14:30:00+00:00,420.6993103027344
2024-01-26 14:30:00+00:00,418.1929626464844
2024-01-29 14:30:00+00:00,422.4754028320313
2024-01-30 14:30:00+00:00,419.6631774902344
2024-01-31 14:30:00+00:00,411.443603515625
2024-02-01 14:30:00+00:00,416.2885437011719
2024-02-02 14:30:00+00:00,423.3240356445313
2024-02-05 14:30:00+00:00,422.771484375
2024-02-06 14:30:00+00:00,421.9228515625
2024-02-07 14:30:00+00:00,426.2645568847656
2024-02-08 14:30:00+00:00,427.0539245605469
2024-02-09 14:30:00+00:00,431.2574462890625
2024-02-12 14:30:00+00:00,429.5700988769531
2024-02-13 14:30:00+00:00,422.8700866699219
2024-02-14 14:30:00+00:00,427.4783020019531
2024-02-15 14:30:00+00:00,428.7511291503906
2024-02-16 14:30:00+00:00,424.8633117675781
2024-02-20 14:30:00+00:00,421.6564331054687
2024-02-21 14:30:00+00:00,419.9690856933594
2024-02-22 14:30:00+00:00,432.2639465332031
2024-02-23 14:30:00+00:00,430.9910278320313
2024-02-26 14:30:00+00:00,430.76409912109375
2024-02-27 14:30:00+00:00,431.8001708984375
2024-02-28 14:30:00+00:00,429.50103759765625
2024-02-29 14:30:00+00:00,433.181640625
2024-03-01 14:30:00+00:00,439.7039794921875
2024-03-04 14:30:00+00:00,438.1350402832031
2024-03-05 14:30:00+00:00,430.2707214355469
2024-03-06 14:30:00+00:00,432.9743957519531
2024-03-07 14:30:00+00:00,439.5462036132813
2024-03-08 14:30:00+00:00,433.2013244628906
2024-03-11 13:30:00+00:00,431.5929565429687
2024-03-12 13:30:00+00:00,437.7798767089844
2024-03-13 13:30:00+00:00,434.41510009765625
2024-03-14 13:30:00+00:00,433.3197326660156
2024-03-15 13:30:00+00:00,428.1689453125
2024-03-18 13:30:00+00:00,432.2525939941406
2024-03-19 13:30:00+00:00,433.32952880859375
2024-03-20 13:30:00+00:00,438.4674072265625
2024-03-21 13:30:00+00:00,440.5423583984375
2024-03-22 13:30:00+00:00,441.0462341308594
2024-03-25 13:30:00+00:00,439.4456176757813
2024-03-26 13:30:00+00:00,438.0227661132813
2024-03-27 13:30:00+00:00,439.51470947265625
2024-03-28 13:30:00+00:00,438.70458984375
2024-04-01 13:30:00+00:00,439.6333312988281
2024-04-02 13:30:00+00:00,435.8391723632813
2024-04-03 13:30:00+00:00,436.8173828125
2024-04-04 13:30:00+00:00,430.13818359375
2024-04-05 13:30:00+00:00,435.2068481445313
2024-04-08 13:30:00+00:00,435.3353271484375
2024-04-09 13:30:00+00:00,436.9458312988281
2024-04-10 13:30:00+00:00,433.1319580078125
2024-04-11 13:30:00+00:00,440.0483093261719
2024-04-12 13:30:00+00:00,433.03314208984375
2024-04-15 13:30:00+00:00,425.9092712402344
2024-04-16 13:30:00+00:00,425.9488220214844
2024-04-17 13:30:00+00:00,420.751708984375
2024-04-18 13:30:00+00:00,418.3507080078125
2024-04-19 13:30:00+00:00,409.69537353515625
2024-04-22 13:30:00+00:00,413.81549072265625
2024-04-23 13:30:00+00:00,419.9908752441406
2024-04-24 13:30:00+00:00,421.4136657714844
2024-04-25 13:30:00+00:00,419.3782653808594
2024-04-26 13:30:00+00:00,425.85003662109375
2024-04-29 13:30:00+00:00,427.5791015625
2024-04-30 13:30:00+00:00,419.5166320800781
2024-05-01 13:30:00+00:00,416.4833068847656
2024-05-02 13:30:00+00:00,421.7989807128906
2024-05-03 13:30:00+00:00,430.2764587402344
2024-05-06 13:30:00+00:00,434.989501953125
2024-05-07 13:30:00+00:00,435.0586242675781
2024-05-08 13:30:00+00:00,434.8017883300781
2024-05-09 13:30:00+00:00,435.7502746582031
2024-05-10 13:30:00+00:00,436.77783203125
2024-05-13 13:30:00+00:00,437.78564453125
2024-05-14 13:30:00+00:00,440.60162353515625
2024-05-15 13:30:00+00:00,447.48834228515625
2024-05-16 13:30:00+00:00,446.579345703125
2024-05-17 13:30:00+00:00,446.3619995117187
2024-05-20 13:30:00+00:00,449.4743347167969
2024-05-21 13:30:00+00:00,450.3536987304687
2024-05-22 13:30:00+00:00,450.2647399902344
2024-05-23 13:30:00+00:00,448.2392883300781
2024-05-24 13:30:00+00:00,452.47802734375
2024-05-28 13:30:00+00:00,454.1872863769531
2024-05-29 13:30:00+00:00,450.986083984375
2024-05-30 13:30:00+00:00,446.1544494628906
2024-05-31 13:30:00+00:00,445.3244934082031
2024-06-03 13:30:00+00:00,447.715576171875
2024-06-04 13:30:00+00:00,448.9407043457031
2024-06-05 13:30:00+00:00,457.9913330078125
2024-06-06 13:30:00+00:00,457.8331909179687
2024-06-07 13:30:00+00:00,457.4281005859375
2024-06-10 13:30:00+00:00,459.2757568359375
2024-06-11 13:30:00+00:00,462.4276123046875
2024-06-12 13:30:00+00:00,468.4843444824219
2024-06-13 13:30:00+00:00,471.023681640625
2024-06-14 13:30:00+00:00,473.4642333984375
2024-06-17 13:30:00+00:00,479.2640075683594
2024-06-18 13:30:00+00:00,479.4122314453125
2024-06-20 13:30:00+00:00,475.7169189453125
2024-06-21 13:30:00+00:00,474.4423522949219
2024-06-24 13:30:00+00:00,469.04095458984375
2024-06-25 13:30:00+00:00,474.40478515625
2024-06-26 13:30:00+00:00,475.384521484375
2024-06-27 13:30:00+00:00,476.6116333007813
2024-06-28 13:30:00+00:00,474.1375427246094
2024-07-01 13:30:00+00:00,476.9184265136719
2024-07-02 13:30:00+00:00,481.9258728027344
2024-07-03 13:30:00+00:00,485.9437255859375
2024-07-05 13:30:00+00:00,491.0106201171875
2024-07-08 13:30:00+00:00,492.1783142089844
2024-07-09 13:30:00+00:00,492.6039123535156
2024-07-10 13:30:00+00:00,497.7400207519531
2024-07-11 13:30:00+00:00,486.8245239257813
2024-07-12 13:30:00+00:00,489.6845397949219
2024-07-15 13:30:00+00:00,491.000732421875
2024-07-16 13:30:00+00:00,491.1887512207031
2024-07-17 13:30:00+00:00,476.7699279785156
2024-07-18 13:30:00+00:00,474.5135803222656
2024-07-19 13:30:00+00:00,470.30767822265625
2024-07-22 13:30:00+00:00,477.3142395019531
2024-07-23 13:30:00+00:00,475.63189697265625
2024-07-24 13:30:00+00:00,458.57080078125
2024-07-25 13:30:00+00:00,453.5138549804687
2024-07-26 13:30:00+00:00,458.16510009765625
2024-07-29 13:30:00+00:00,459.08544921875
2024-07-30 13:30:00+00:00,452.7815246582031
2024-07-31 13:30:00+00:00,466.1809997558594
2024-08-01 13:30:00+00:00,454.8894348144531
2024-08-02 13:30:00+00:00,444.0926818847656
2024-08-05 13:30:00+00:00,430.8514404296875
2024-08-06 13:30:00+00:00,434.96832275390625
2024-08-07 13:30:00+00:00,430.2577209472656
2024-08-08 13:30:00+00:00,443.4197082519531
2024-08-09 13:30:00+00:00,445.73541259765625
2024-08-12 13:30:00+00:00,446.6954040527344
2024-08-13 13:30:00+00:00,457.7790832519531
2024-08-14 13:30:00+00:00,457.9275817871094
2024-08-15 13:30:00+00:00,469.4962463378906
2024-08-16 13:30:00+00:00,470.0999450683594
2024-08-19 13:30:00+00:00,476.2751159667969
2024-08-20 13:30:00+00:00,475.2756958007813
2024-08-21 13:30:00+00:00,477.4923400878906
2024-08-22 13:30:00+00:00,469.9217529296875
2024-08-23 13:30:00+00:00,475.0182800292969
2024-08-26 13:30:00+00:00,470.40673828125
2024-08-27 13:30:00+00:00,471.81201171875
2024-08-28 13:30:00+00:00,466.4581298828125
2024-08-29 13:30:00+00:00,465.7752380371094
2024-08-30 13:30:00+00:00,471.3270263671875
2024-09-03 13:30:00+00:00,457.01708984375
2024-09-04 13:30:00+00:00,455.8295593261719
2024-09-05 13:30:00+00:00,456.255126953125
2024-09-06 13:30:00+00:00,444.0332336425781
2024-09-09 13:30:00+00:00,449.743408203125
2024-09-10 13:30:00+00:00,453.89984130859375
2024-09-11 13:30:00+00:00,463.75640869140625
2024-09-12 13:30:00+00:00,468.3086853027344
2024-09-13 13:30:00+00:00,470.40673828125
2024-09-16 13:30:00+00:00,468.3284606933594
2024-09-17 13:30:00+00:00,468.5758972167969
2024-09-18 13:30:00+00:00,466.5471801757813
2024-09-19 13:30:00+00:00,478.3434753417969
2024-09-20 13:30:00+00:00,477.4330139160156
2024-09-23 13:30:00+00:00,478.698486328125
2024-09-24 13:30:00+00:00,481.007568359375
2024-09-25 13:30:00+00:00,481.4535217285156
2024-09-26 13:30:00+00:00,485.0707092285156
2024-09-27 13:30:00+00:00,482.3751525878906
2024-09-30 13:30:00+00:00,483.6833190917969
2024-10-01 13:30:00+00:00,476.94439697265625
2024-10-02 13:30:00+00:00,477.6183166503906
2024-10-03 13:30:00+00:00,477.2615356445313
2024-10-04 13:30:00+00:00,482.9400634765625
2024-10-07 13:30:00+00:00,477.7669982910156
2024-10-08 13:30:00+00:00,484.90228271484375
2024-10-09 13:30:00+00:00,488.7176513671875
2024-10-10 13:30:00+00:00,488.1626892089844
2024-10-11 13:30:00+00:00,488.9257507324219
2024-10-14 13:30:00+00:00,493.0285339355469
2024-10-15 13:30:00+00:00,486.4382934570313
2024-10-16 13:30:00+00:00,486.4977722167969
2024-10-17 13:30:00+00:00,486.834716796875
2024-10-18 13:30:00+00:00,490.02581787109375
2024-10-21 13:30:00+00:00,490.96722412109375
2024-10-22 13:30:00+00:00,491.50238037109375
2024-10-23 13:30:00+00:00,483.97064208984375
2024-10-24 13:30:00+00:00,487.8951416015625
2024-10-25 13:30:00+00:00,490.8681335449219
2024-10-28 13:30:00+00:00,490.9474182128906
2024-10-29 13:30:00+00:00,495.66461181640625
2024-10-30 13:30:00+00:00,491.9186401367187
2024-10-31 13:30:00+00:00,479.5012512207031
2024-11-01 13:30:00+00:00,483.049072265625
2024-11-04 14:30:00+00:00,481.641845703125
2024-11-05 14:30:00+00:00,487.7861022949219
2024-11-06 14:30:00+00:00,501.035888671875
2024-11-07 14:30:00+00:00,508.9243469238281
2024-11-08 14:30:00+00:00,509.51904296875
2024-11-11 14:30:00+00:00,509.2217102050781
2024-11-12 14:30:00+00:00,508.2999877929687
2024-11-13 14:30:00+00:00,507.6459655761719
2024-11-14 14:30:00+00:00,504.1179809570313
2024-11-15 14:30:00+00:00,492.10693359375
2024-11-18 14:30:00+00:00,495.5259094238281
2024-11-19 14:30:00+00:00,498.9349670410156
2024-11-20 14:30:00+00:00,498.6476135253906
2024-11-21 14:30:00+00:00,500.44134521484375
2024-11-22 14:30:00+00:00,501.2440185546875
2024-11-25 14:30:00+00:00,502.036865234375
2024-11-26 14:30:00+00:00,504.732421875
2024-11-27 14:30:00+00:00,500.7584533691406
2024-11-29 14:30:00+00:00,505.1585083007813
2024-12-02 14:30:00+00:00,510.65869140625
2024-12-03 14:30:00+00:00,512.2244873046875
2024-12-04 14:30:00+00:00,518.5570068359375
2024-12-05 14:30:00+00:00,517.1200561523438
2024-12-06 14:30:00+00:00,521.748046875
2024-12-09 14:30:00+00:00,517.6849365234375
2024-12-10 14:30:00+00:00,515.9209594726562
2024-12-11 14:30:00+00:00,525.1571655273438
2024-12-12 14:30:00+00:00,521.7679443359375
2024-12-13 14:30:00+00:00,525.76171875
2024-12-16 14:30:00+00:00,533.3330688476562
2024-12-17 14:30:00+00:00,530.9842529296875
2024-12-18 14:30:00+00:00,511.8280029296875
2024-12-19 14:30:00+00:00,509.5486755371094
2024-12-20 14:30:00+00:00,513.9983520507812
2024-12-23 14:30:00+00:00,519.006103515625
2024-12-24 14:30:00+00:00,526.0437622070312
2024-12-26 14:30:00+00:00,525.6863403320312
2024-12-27 14:30:00+00:00,518.6983642578125
2024-12-30 14:30:00+00:00,511.7998046875
2024-12-31 14:30:00+00:00,507.4521179199219
2025-01-02 14:30:00+00:00,506.45953369140625
2025-01-03 14:30:00+00:00,514.747802734375
2025-01-06 14:30:00+00:00,520.6637573242188
2025-01-07 14:30:00+00:00,511.3728942871094
2025-01-08 14:30:00+00:00,511.4622802734375
2025-01-10 14:30:00+00:00,503.4419250488281
2025-01-13 14:30:00+00:00,501.8240356445313
2025-01-14 14:30:00+00:00,501.3475341796875
2025-01-15 14:30:00+00:00,512.8816528320312
2025-01-16 14:30:00+00:00,509.2884216308594
2025-01-17 14:30:00+00:00,517.8843994140625
2025-01-21 14:30:00+00:00,520.9217529296875
2025-01-22 14:30:00+00:00,527.582275390625
2025-01-23 14:30:00+00:00,528.703857421875
2025-01-24 14:30:00+00:00,525.7161254882812
2025-01-27 14:30:00+00:00,510.4100646972656
2025-01-28 14:30:00+00:00,517.9539184570312
2025-01-29 14:30:00+00:00,516.981201171875
2025-01-30 14:30:00+00:00,519.1846923828125
2025-01-31 14:30:00+00:00,518.4303588867188
2025-02-03 14:30:00+00:00,514.2813110351562
2025-02-04 14:30:00+00:00,520.59423828125
2025-02-05 14:30:00+00:00,522.9566650390625
2025-02-06 14:30:00+00:00,525.6863403320312
2025-02-07 14:30:00+00:00,519.0557250976562
2025-02-10 14:30:00+00:00,525.3389282226562
2025-02-11 14:30:00+00:00,524.0882568359375
2025-02-12 14:30:00+00:00,524.3959350585938
2025-02-13 14:30:00+00:00,531.93994140625
2025-02-14 14:30:00+00:00,534.1731567382812
2025-02-18 14:30:00+00:00,535.3840942382812
2025-02-19 14:30:00+00:00,535.5330810546875
2025-02-20 14:30:00+00:00,533.2599487304688
2025-02-21 14:30:00+00:00,522.1923217773438
2025-02-24 14:30:00+00:00,516.0281982421875
2025-02-25 14:30:00+00:00,509.5266723632813
2025-02-26 14:30:00+00:00,510.7574768066406
2025-02-27 14:30:00+00:00,496.5731201171875
2025-02-28 14:30:00+00:00,504.4147338867187
2025-03-03 14:30:00+00:00,493.3768615722656
2025-03-04 14:30:00+00:00,491.8879699707031
2025-03-05 14:30:00+00:00,498.3002014160156
2025-03-06 14:30:00+00:00,484.5923156738281
2025-03-07 14:30:00+00:00,488.1557922363281
2025-03-10 13:30:00+00:00,469.2366333007813
2025-03-11 13:30:00+00:00,468.1149597167969
2025-03-12 13:30:00+00:00,473.3956298828125
2025-03-13 13:30:00+00:00,464.8790283203125
2025-03-14 13:30:00+00:00,476.1154174804687
2025-03-17 13:30:00+00:00,479.202392578125
2025-03-18 13:30:00+00:00,471.0332336425781
2025-03-19 13:30:00+00:00,477.3363342285156
2025-03-20 13:30:00+00:00,475.7183532714844
2025-03-21 13:30:00+00:00,477.2867126464844
2025-03-24 13:30:00+00:00,487.7604064941406
2025-03-25 13:30:00+00:00,490.54388427734375
2025-03-26 13:30:00+00:00,481.5175476074219
2025-03-27 13:30:00+00:00,478.7738342285156
2025-03-28 13:30:00+00:00,466.1687622070313
2025-03-31 13:30:00+00:00,466.14892578125
2025-04-01 13:30:00+00:00,469.9065856933594
2025-04-02 13:30:00+00:00,473.3362121582031
2025-04-03 13:30:00+00:00,447.9967651367187
2025-04-04 13:30:00+00:00,420.1722106933594
2025-04-07 13:30:00+00:00,421.1861877441406
2025-04-08 13:30:00+00:00,413.6012573242187
2025-04-09 13:30:00+00:00,463.24615478515625
2025-04-10 13:30:00+00:00,443.5433044433594
2025-04-11 13:30:00+00:00,451.7146911621094
2025-04-14 13:30:00+00:00,454.7764892578125
2025-04-15 13:30:00+00:00,455.2834777832031
2025-04-16 13:30:00+00:00,441.5550842285156
2025-04-17 13:30:00+00:00,441.47552490234375
2025-04-21 13:30:00+00:00,430.5505065917969
2025-04-22 13:30:00+00:00,441.8533325195313
2025-04-23 13:30:00+00:00,451.8737487792969
2025-04-24 13:30:00+00:00,464.588134765625
2025-04-25 13:30:00+00:00,469.7673645019531
2025-04-28 13:30:00+00:00,469.6182556152344
2025-04-29 13:30:00+00:00,472.7198181152344
2025-04-30 13:30:00+00:00,472.66015625
2025-05-01 13:30:00+00:00,478.83349609375
2025-05-02 13:30:00+00:00,485.9412231445313
2025-05-05 13:30:00+00:00,483.0583801269531
2025-05-06 13:30:00+00:00,478.5650939941406
2025-05-07 13:30:00+00:00,480.44384765625
2025-05-08 13:30:00+00:00,485.4044189453125
2025-05-09 13:30:00+00:00,485.0863037109375
2025-05-12 13:30:00+00:00,504.8488159179687
2025-05-13 13:30:00+00:00,512.5430908203125
2025-05-14 13:30:00+00:00,515.61474609375
2025-05-15 13:30:00+00:00,516.181396484375
2025-05-16 13:30:00+00:00,518.4281616210938
2025-05-19 13:30:00+00:00,518.9251098632812
2025-05-20 13:30:00+00:00,517.1954345703125
2025-05-21 13:30:00+00:00,510.0081787109375
2025-05-22 13:30:00+00:00,510.9624938964844
2025-05-23 13:30:00+00:00,506.2305908203125
2025-05-27 13:30:00+00:00,518.1398315429688
2025-05-28 13:30:00+00:00,515.8433837890625
2025-05-29 13:30:00+00:00,516.8574829101562
2025-05-30 13:30:00+00:00,516.0422973632812
2025-06-02 13:30:00+00:00,520.1181030273438
2025-06-03 13:30:00+00:00,524.183837890625
2025-06-04 13:30:00+00:00,525.6452026367188
2025-06-05 13:30:00+00:00,521.688720703125
2025-06-06 13:30:00+00:00,526.788330078125
2025-06-09 13:30:00+00:00,527.5637817382812
2025-06-10 13:30:00+00:00,531.0531005859375
2025-06-11 13:30:00+00:00,529.263671875
2025-06-12 13:30:00+00:00,530.5062866210938
2025-06-13 13:30:00+00:00,523.845947265625
2025-06-16 13:30:00+00:00,531.1325073242188
2025-06-17 13:30:00+00:00,525.953369140625
2025-06-18 13:30:00+00:00,525.8638305664062
2025-06-20 13:30:00+00:00,523.7167358398438
2025-06-23 13:30:00+00:00,529.1017456054688
2025-06-24 13:30:00+00:00,537.1928100585938
2025-06-25 13:30:00+00:00,538.566162109375
2025-06-26 13:30:00+00:00,543.6018676757812
2025-06-27 13:30:00+00:00,545.4629516601562
2025-06-30 13:30:00+00:00,548.9959106445312
2025-07-01 13:30:00+00:00,544.3681640625
2025-07-02 13:30:00+00:00,548.1599731445312
2025-07-03 13:30:00+00:00,553.553955078125
2025-07-07 13:30:00+00:00,549.3840942382812
2025-07-08 13:30:00+00:00,549.6925659179688
2025-07-09 13:30:00+00:00,553.5838623046875
2025-07-10 13:30:00+00:00,552.7876586914062
2025-07-11 13:30:00+00:00,551.543701171875
2025-07-14 13:30:00+00:00,553.5440063476562
2025-07-15 13:30:00+00:00,554.051513671875
2025-07-16 13:30:00+00:00,554.6187744140625
2025-07-17 13:30:00+00:00,559.107177734375
2025-07-18 13:30:00+00:00,558.56982421875
2025-07-21 13:30:00+00:00,561.4658203125
2025-07-22 13:30:00+00:00,558.5599365234375
2025-07-23 13:30:00+00:00,561.1076049804688
2025-07-24 13:30:00+00:00,562.3018798828125
2025-07-25 13:30:00+00:00,563.6553955078125
2025-07-28 13:30:00+00:00,565.4168701171875
2025-07-29 13:30:00+00:00,564.5410766601562
2025-07-30 13:30:00+00:00,565.2974243164062
2025-07-31 13:30:00+00:00,562.3018798828125
2025-08-01 13:30:00+00:00,551.2251586914062
2025-08-04 13:30:00+00:00,561.3961791992188
2025-08-05 13:30:00+00:00,557.5845336914062
2025-08-06 13:30:00+00:00,564.600830078125
2025-08-07 13:30:00+00:00,566.5115356445312
2025-08-08 13:30:00+00:00,571.796142578125
2025-08-11 13:30:00+00:00,570.1041870117188
2025-08-12 13:30:00+00:00,577.269775390625
2025-08-13 13:30:00+00:00,577.558349609375
2025-08-14 13:30:00+00:00,577.1105346679688
2025-08-15 13:30:00+00:00,574.57275390625
2025-08-18 13:30:00+00:00,574.3438110351562
2025-08-19 13:30:00+00:00,566.5514526367188
2025-08-20 13:30:00+00:00,563.1876220703125
2025-08-21 13:30:00+00:00,560.5801391601562
2025-08-22 13:30:00+00:00,569.2284545898438
2025-08-25 13:30:00+00:00,567.58642578125
2025-08-26 13:30:00+00:00,569.8653564453125
2025-08-27 13:30:00+00:00,570.7412109375
2025-08-28 13:30:00+00:00,574.31396484375
2025-08-29 13:30:00+00:00,567.666015625
2025-09-02 13:30:00+00:00,562.908935546875
2025-09-03 13:30:00+00:00,567.3375854492188
2025-09-04 13:30:00+00:00,572.4727783203125
2025-09-05 13:30:00+00:00,573.298828125
2025-09-08 13:30:00+00:00,576.095458984375
2025-09-09 13:30:00+00:00,577.7275390625
2025-09-10 13:30:00+00:00,577.9166259765625
2025-09-11 13:30:00+00:00,581.2803955078125
2025-09-12 13:30:00+00:00,583.8480834960938
2025-09-15 13:30:00+00:00,588.843994140625
2025-09-16 13:30:00+00:00,588.3463134765625
2025-09-17 13:30:00+00:00,587.1720581054688
2025-09-18 13:30:00+00:00,592.466552734375
2025-09-19 13:30:00+00:00,596.4771118164062
2025-09-22 13:30:00+00:00,600.0083618164062
2025-09-23 13:30:00+00:00,596.02294921875
2025-09-24 13:30:00+00:00,593.9305419921875
2025-09-25 13:30:00+00:00,591.3699340820312
2025-09-26 13:30:00+00:00,593.801025390625
2025-09-29 13:30:00+00:00,596.5509643554688
2025-09-30 13:30:00+00:00,598.1849975585938
2025-10-01 13:30:00+00:00,601.0545043945312
2025-10-02 13:30:00+00:00,603.5255126953125
2025-10-03 13:30:00+00:00,600.9848022460938
2025-10-06 13:30:00+00:00,605.498291015625
2025-10-07 13:30:00+00:00,602.3099975585938
2025-10-08 13:30:00+00:00,609.2147216796875
2025-10-09 13:30:00+00:00,608.4774169921875
2025-10-10 13:30:00+00:00,587.3546142578125
2025-10-13 13:30:00+00:00,599.8190307617188
2025-10-14 13:30:00+00:00,595.8236694335938
2025-10-15 13:30:00+00:00,600.0282592773438
2025-10-16 13:30:00+00:00,597.806396484375
2025-10-17 13:30:00+00:00,601.7320556640625
2025-10-20 13:30:00+00:00,609.3143310546875
2025-10-21 13:30:00+00:00,609.1549682617188
2025-10-22 13:30:00+00:00,603.286376953125
2025-10-23 13:30:00+00:00,608.35791015625
2025-10-24 13:30:00+00:00,614.8541259765625
2025-10-27 13:30:00+00:00,625.80419921875
2025-10-28 13:30:00+00:00,630.6165161132812
2025-10-29 13:30:00+00:00,633.4561767578125
2025-10-30 13:30:00+00:00,623.7715454101562
2025-10-31 13:30:00+00:00,626.780517578125
2025-11-03 14:30:00+00:00,629.7796020507812
2025-11-04 14:30:00+00:00,616.996337890625
2025-11-05 14:30:00+00:00,621.0116577148438
2025-11-06 14:30:00+00:00,609.4439086914062
2025-11-07 14:30:00+00:00,607.5209350585938
2025-11-10 14:30:00+00:00,620.9617919921875
2025-11-11 14:30:00+00:00,619.307861328125
2025-11-12 14:30:00+00:00,618.8197021484375
2025-11-13 14:30:00+00:00,606.1858520507812
2025-11-14 14:30:00+00:00,606.64404296875
2025-11-17 14:30:00+00:00,601.4630126953125
2025-11-18 14:30:00+00:00,594.1397705078125
2025-11-19 14:30:00+00:00,597.686767578125
2025-11-20 14:30:00+00:00,583.5385131835938
2025-11-21 14:30:00+00:00,587.9224853515625
2025-11-24 14:30:00+00:00,602.9575805664062
2025-11-25 14:30:00+00:00,606.6740112304688
2025-11-26 14:30:00+00:00,612.034423828125
2025-11-28 14:30:00+00:00,616.996337890625
2025-12-01 14:30:00+00:00,614.923828125
2025-12-02 14:30:00+00:00,619.7362670898438
2025-12-03 14:30:00+00:00,621.2507934570312
2025-12-04 14:30:00+00:00,620.6729125976562
2025-12-05 14:30:00+00:00,623.20361328125
2025-12-08 14:30:00+00:00,622.0079956054688
2025-12-09 14:30:00+00:00,622.775146484375
2025-12-10 14:30:00+00:00,625.3258666992188
2025-12-11 14:30:00+00:00,623.3032836914062
2025-12-12 14:30:00+00:00,611.3867797851562
2025-12-15 14:30:00+00:00,608.3179931640625
2025-12-16 14:30:00+00:00,609.5235595703125
2025-12-17 14:30:00+00:00,598.2247924804688
2025-12-18 14:30:00+00:00,606.8931884765625
2025-12-19 14:30:00+00:00,614.8043212890625
2025-12-22 14:30:00+00:00,617.7513427734375
2025-12-23 14:30:00+00:00,620.6444702148438
2025-12-24 14:30:00+00:00,622.460205078125
2025-12-26 14:30:00+00:00,622.4203491210938
2025-12-29 14:30:00+00:00,619.4074096679688
2025-12-30 14:30:00+00:00,617.9707641601562
2025-12-31 14:30:00+00:00,612.8628540039062
2026-01-02 14:30:00+00:00,611.6756591796875
2026-01-05 14:30:00+00:00,616.5341796875
2026-01-06 14:30:00+00:00,621.951416015625
2026-01-07 14:30:00+00:00,622.550048828125
2026-01-08 14:30:00+00:00,619.0083618164062
2026-01-09 14:30:00+00:00,625.173828125
2026-01-12 14:30:00+00:00,625.6925659179688
2026-01-13 14:30:00+00:00,624.7647705078125
2026-01-14 14:30:00+00:00,618.0905151367188
2026-01-15 14:30:00+00:00,620.3153076171875
2026-01-16 14:30:00+00:00,619.7965087890625
2026-01-20 14:30:00+00:00,606.6276245117188
2026-01-21 14:30:00+00:00,614.8282470703125
2026-01-22 14:30:00+00:00,619.2976684570312
2026-01-23 14:30:00+00:00,621.2530517578125
2026-01-26 14:30:00+00:00,623.9866333007812
2026-01-27 14:30:00+00:00,629.6432495117188
2026-01-28 14:30:00+00:00,631.728271484375
2026-01-29 14:30:00+00:00,627.9472045898438
2026-01-30 14:30:00+00:00,620.405029296875
2026-02-02 14:30:00+00:00,624.6650390625
2026-02-03 14:30:00+00:00,615.0676879882812
2026-02-04 14:30:00+00:00,604.322998046875
2026-02-05 14:30:00+00:00,595.6235961914062
2026-02-06 14:30:00+00:00,608.2138671875
2026-02-09 14:30:00+00:00,612.8728637695312
2026-02-10 14:30:00+00:00,610.029541015625
2026-02-11 14:30:00+00:00,611.6657104492188
2026-02-12 14:30:00+00:00,599.22509765625
2026-02-13 14:30:00+00:00,600.5020141601562
2026-02-17 14:30:00+00:00,599.8834838867188
2026-02-18 14:30:00+00:00,604.3629760742188
2026-02-19 14:30:00+00:00,602.04833984375
2026-02-20 14:30:00+00:00,607.3757934570312
2026-02-23 14:30:00+00:00,599.9932250976562
2026-02-24 14:30:00+00:00,606.4380493164062
2026-02-25 14:30:00+00:00,615.227294921875
2026-02-26 14:30:00+00:00,607.8048095703125
2026-02-27 14:30:00+00:00,605.8594360351562
2026-03-02 14:30:00+00:00,606.6575317382812
2026-03-03 14:30:00+00:00,600.162841796875
2026-03-04 14:30:00+00:00,609.3112182617188
2026-03-05 14:30:00+00:00,607.4755859375
2026-03-06 14:30:00+00:00,598.337158203125
2026-03-09 13:30:00+00:00,606.3283081054688
2026-03-10 13:30:00+00:00,606.3383178710938
2026-03-11 13:30:00+00:00,606.2584228515625
2026-03-12 13:30:00+00:00,595.85302734375
2026-03-13 13:30:00+00:00,592.3213500976562
2026-03-16 13:30:00+00:00,598.9656982421875
2026-03-17 13:30:00+00:00,601.8887939453125
2026-03-18 13:30:00+00:00,593.4986572265625
2026-03-19 13:30:00+00:00,591.623046875
2026-03-20 13:30:00+00:00,580.6888427734375
2026-03-23 13:30:00+00:00,587.3545532226562
2026-03-24 13:30:00+00:00,583.3389282226562
2026-03-25 13:30:00+00:00,587.1747436523438
2026-03-26 13:30:00+00:00,573.1600952148438
2026-03-27 13:30:00+00:00,561.9624633789062
2026-03-30 13:30:00+00:00,557.6671752929688
2026-03-31 13:30:00+00:00,576.54638671875
2026-04-01 13:30:00+00:00,583.6685791015625
2026-04-02 13:30:00+00:00,584.3378295898438
2026-04-06 13:30:00+00:00,587.85400390625
2026-04-07 13:30:00+00:00,587.9439086914062
2026-04-08 13:30:00+00:00,605.4246826171875
2026-04-09 13:30:00+00:00,609.5202026367188
2026-04-10 13:30:00+00:00,610.3992309570312
2026-04-13 13:30:00+00:00,616.7122802734375
2026-04-14 13:30:00+00:00,627.909912109375
2026-04-15 13:30:00+00:00,636.7003173828125
2026-04-16 13:30:00+00:00,639.7669067382812
2026-04-17 13:30:00+00:00,648.1376953125
2026-04-20 13:30:00+00:00,646.0799560546875
2026-04-21 13:30:00+00:00,643.6226806640625
2026-04-22 13:30:00+00:00,654.390869140625
2026-04-23 13:30:00+00:00,650.7048950195312
2026-04-24 13:30:00+00:00,663.1512451171875
2026-04-27 13:30:00+00:00,663.5008544921875
2026-04-28 13:30:00+00:00,656.8281860351562
2026-04-29 13:30:00+00:00,660.84375
2026-04-30 13:30:00+00:00,667.0069580078125
2026-05-01 13:30:00+00:00,673.4099731445312
2026-05-04 13:30:00+00:00,672.141357421875
2026-05-05 13:30:00+00:00,680.8617553710938
2026-05-06 13:30:00+00:00,695.0062255859375
2026-05-07 13:30:00+00:00,694.1771240234375
2026-05-08 13:30:00+00:00,710.44921875
2026-05-11 13:30:00+00:00,712.5069580078125
2026-05-12 13:30:00+00:00,706.463623046875
2026-05-13 13:30:00+00:00,713.9254760742188
2026-05-14 13:30:00+00:00,718.9998168945312
2026-05-15 13:30:00+00:00,708.1517944335938
2026-05-18 13:30:00+00:00,705.1051025390625
2026-05-19 13:30:00+00:00,700.7599487304688
2026-05-20 13:30:00+00:00,712.3671875
2026-05-21 13:30:00+00:00,713.7256469726562
2026-05-22 13:30:00+00:00,716.7523193359375
2026-05-26 13:30:00+00:00,729.4783935546875
2026-05-27 13:30:00+00:00,728.6492919921875
2026-05-28 13:30:00+00:00,734.79248046875
2026-05-29 13:30:00+00:00,737.49951171875
2026-06-01 13:30:00+00:00,741.9246826171875
2026-06-02 13:30:00+00:00,745.3408813476562
2026-06-03 13:30:00+00:00,743.39306640625
2026-06-04 13:30:00+00:00,739.7969970703125
2026-06-05 13:30:00+00:00,704.2860107421875
2026-06-08 13:30:00+00:00,715.283935546875
2026-06-09 13:30:00+00:00,707.052978515625
2026-06-10 13:30:00+00:00,692.9285278320312
2026-06-11 13:30:00+00:00,716.332763671875
2026-06-12 13:30:00+00:00,720.5481567382812
2026-06-15 13:30:00+00:00,743.1832885742188
2026-06-16 13:30:00+00:00,729.0587768554688
2026-06-17 13:30:00+00:00,721.7168579101562
2026-06-18 13:30:00+00:00,739.8070068359375
2026-06-22 13:30:00+00:00,737.9500122070312
2026-06-23 13:30:00+00:00,713.6500244140625
2026-06-24 13:30:00+00:00,710.6199951171875
2026-06-25 13:30:00+00:00,716.3800048828125
2026-06-26 13:30:00+00:00,706.52001953125
2026-06-29 13:30:00+00:00,724.0800170898438
2026-06-30 13:30:00+00:00,736.4000244140625
2026-07-01 13:30:00+00:00,725.1699829101562
2026-07-02 13:30:00+00:00,712.5999755859375
2026-07-06 13:30:00+00:00,722.8200073242188
2026-07-07 13:30:00+00:00,709.4299926757812
2026-07-08 13:30:00+00:00,711.4400024414062
2026-07-09 13:30:00+00:00,723.280029296875
2026-07-10 13:30:00+00:00,725.510009765625
2026-07-13 13:30:00+00:00,711.739990234375
2026-07-14 13:30:00+00:00,719.6900024414062
2026-07-15 13:30:00+00:00,717.739990234375
2026-07-16 13:30:00+00:00,705.9400024414062
2026-07-17 13:30:00+00:00,695.3300170898438
2026-07-20 13:30:00+00:00,696.0599975585938
2026-07-21 13:30:00+00:00,708.969970703125
2026-07-22 13:30:00+00:00,705.3499755859375
2026-07-23 13:30:00+00:00,691.9600219726562
2026-07-24 13:30:00+00:00,684.22998046875
2026-07-27 13:30:00+00:00,682.1199951171875
2026-07-28 13:30:00+00:00,675.489990234375
2026-07-29 13:30:00+00:00,661.72998046875
2026-07-30 13:30:00+00:00,683.5499877929688
2026-07-31 13:30:00+00:00,687.989990234375
2026-08-03 13:30:00+00:00,700.0700073242188
2026-08-04 13:30:00+00:00,723.8499755859375
2026-08-05 13:30:00+00:00,717.2999877929688
2026-08-06 13:30:00+00:00,714.6500244140625
2026-08-07 13:30:00+00:00,723.030029296875
2026-08-10 13:30:00+00:00,720.8699951171875
2026-08-11 13:30:00+00:00,718.4500122070312
2026-08-12 13:30:00+00:00,723.7000122070312
2026-08-13 13:30:00+00:00,732.0700073242188
2026-08-14 13:30:00+00:00,731.0700073242188
2026-08-17 13:30:00+00:00,729.8699951171875
2026-08-18 13:30:00+00:00,717.510009765625
2026-08-19 13:30:00+00:00,716.0800170898438
2026-08-20 13:30:00+00:00,710.9299926757812
2026-08-21 13:30:00+00:00,713.4400024414062
2026-08-24 13:30:00+00:00,706.3200073242188
2026-08-25 13:30:00+00:00,710.719970703125
2026-08-26 13:30:00+00:00,711.3699951171875
2026-08-27 13:30:00+00:00,721.1099853515625
2026-08-28 13:30:00+00:00,716.4299926757812
2026-08-31 13:30:00+00:00,716.760009765625
2026-09-01 13:30:00+00:00,707.6400146484375
2026-09-02 13:30:00+00:00,709.239990234375
2026-09-03 13:30:00+00:00,717.6699829101562
2026-09-04 13:30:00+00:00,718.9600219726562
2026-09-08 13:30:00+00:00,718.3599853515625
2026-09-09 13:30:00+00:00,716.3099975585938
2026-09-10 13:30:00+00:00,708.6900024414062
2026-09-11 13:30:00+00:00,714.8800048828125
