open_time,net_pnl,gross_exposure,turnover,financing_cost,equity
2016-09-12 00:00:00+00:00,0.0,0.0,0.0,0.0,1.0
2016-09-13 00:00:00+00:00,0.0,0.0,0.0,0.0,1.0
2016-09-14 00:00:00+00:00,0.0,0.0,0.0,0.0,1.0
2016-09-15 00:00:00+00:00,0.0,0.0,0.0,0.0,1.0
2016-09-16 00:00:00+00:00,0.0,0.0,0.0,0.0,1.0
2016-09-19 00:00:00+00:00,0.0,0.0,0.0,0.0,1.0
2016-09-20 00:00:00+00:00,0.0,0.0,0.0,0.0,1.0
2016-09-21 00:00:00+00:00,0.0,0.0,0.0,0.0,1.0
2016-09-22 00:00:00+00:00,0.0,0.0,0.0,0.0,1.0
2016-09-23 00:00:00+00:00,0.0,0.0,0.0,0.0,1.0
2016-09-26 00:00:00+00:00,0.0,0.0,0.0,0.0,1.0
2016-09-27 00:00:00+00:00,0.0,0.0,0.0,0.0,1.0
2016-09-28 00:00:00+00:00,0.0,0.0,0.0,0.0,1.0
2016-09-29 00:00:00+00:00,0.0,0.0,0.0,0.0,1.0
2016-09-30 00:00:00+00:00,0.0,0.0,0.0,0.0,1.0
2016-10-03 00:00:00+00:00,0.0,0.0,0.0,0.0,1.0
2016-10-04 00:00:00+00:00,0.0,0.0,0.0,0.0,1.0
2016-10-05 00:00:00+00:00,0.0,0.0,0.0,0.0,1.0
2016-10-06 00:00:00+00:00,0.0,0.0,0.0,0.0,1.0
2016-10-07 00:00:00+00:00,0.0,0.0,0.0,0.0,1.0
2016-10-10 00:00:00+00:00,0.0,0.0,0.0,0.0,1.0
2016-10-11 00:00:00+00:00,0.0,0.0,0.0,0.0,1.0
2016-10-12 00:00:00+00:00,0.0,0.0,0.0,0.0,1.0
2016-10-13 00:00:00+00:00,0.0,0.0,0.0,0.0,1.0
2016-10-14 00:00:00+00:00,0.0,0.0,0.0,0.0,1.0
2016-10-17 00:00:00+00:00,0.0,0.0,0.0,0.0,1.0
2016-10-18 00:00:00+00:00,0.0,0.0,0.0,0.0,1.0
2016-10-19 00:00:00+00:00,0.0,0.0,0.0,0.0,1.0
2016-10-20 00:00:00+00:00,0.0,0.0,0.0,0.0,1.0
2016-10-21 00:00:00+00:00,0.0,0.0,0.0,0.0,1.0
2016-10-24 00:00:00+00:00,0.0,0.0,0.0,0.0,1.0
2016-10-25 00:00:00+00:00,0.0,0.0,0.0,0.0,1.0
2016-10-26 00:00:00+00:00,0.0,0.0,0.0,0.0,1.0
2016-10-27 00:00:00+00:00,0.0,0.0,0.0,0.0,1.0
2016-10-28 00:00:00+00:00,0.0,0.0,0.0,0.0,1.0
2016-10-31 00:00:00+00:00,0.0,0.0,0.0,0.0,1.0
2016-11-01 00:00:00+00:00,0.0,0.0,0.0,0.0,1.0
2016-11-02 00:00:00+00:00,0.0,0.0,0.0,0.0,1.0
2016-11-03 00:00:00+00:00,0.0,0.0,0.0,0.0,1.0
2016-11-04 00:00:00+00:00,0.0,0.0,0.0,0.0,1.0
2016-11-07 00:00:00+00:00,0.0,0.0,0.0,0.0,1.0
2016-11-08 00:00:00+00:00,0.0,0.0,0.0,0.0,1.0
2016-11-09 00:00:00+00:00,0.0,0.0,0.0,0.0,1.0
2016-11-10 00:00:00+00:00,0.0,0.0,0.0,0.0,1.0
2016-11-11 00:00:00+00:00,0.0,0.0,0.0,0.0,1.0
2016-11-14 00:00:00+00:00,0.0,0.0,0.0,0.0,1.0
2016-11-15 00:00:00+00:00,0.0,0.0,0.0,0.0,1.0
2016-11-16 00:00:00+00:00,0.0,0.0,0.0,0.0,1.0
2016-11-17 00:00:00+00:00,0.0,0.0,0.0,0.0,1.0
2016-11-18 00:00:00+00:00,0.0,0.0,0.0,0.0,1.0
2016-11-21 00:00:00+00:00,0.0,0.0,0.0,0.0,1.0
2016-11-22 00:00:00+00:00,0.0,0.0,0.0,0.0,1.0
2016-11-23 00:00:00+00:00,0.0,0.0,0.0,0.0,1.0
2016-11-25 00:00:00+00:00,0.0,0.0,0.0,0.0,1.0
2016-11-28 00:00:00+00:00,0.0,0.0,0.0,0.0,1.0
2016-11-29 00:00:00+00:00,0.0,0.0,0.0,0.0,1.0
2016-11-30 00:00:00+00:00,0.0,0.0,0.0,0.0,1.0
2016-12-01 00:00:00+00:00,0.0,0.0,0.0,0.0,1.0
2016-12-02 00:00:00+00:00,0.0,0.0,0.0,0.0,1.0
2016-12-05 00:00:00+00:00,0.0,0.0,0.0,0.0,1.0
2016-12-06 00:00:00+00:00,0.0,0.0,0.0,0.0,1.0
2016-12-07 00:00:00+00:00,0.032078443519196725,3.0,3.0,0.00031746031746031746,1.0320784435191968
2016-12-08 00:00:00+00:00,0.007387496487863318,3.0,0.0,0.00031746031746031746,1.0397029193958942
2016-12-09 00:00:00+00:00,0.014842741837410935,3.0,0.0,0.00031746031746031746,1.0551349614160899
2016-12-12 00:00:00+00:00,0.004136528626233888,3.0,0.0,0.00031746031746031746,1.0594995573885275
2016-12-13 00:00:00+00:00,0.015286487509819962,3.0,0.0,0.00031746031746031746,1.075695584139207
2016-12-14 00:00:00+00:00,-0.017779852793831222,3.0,0.0,0.00031746031746031746,1.0565698750022376
2016-12-15 00:00:00+00:00,0.005358908103759339,3.0,0.0,0.00031746031746031746,1.0622319358675751
2016-12-16 00:00:00+00:00,0.002219152367306683,3.0,0.0,0.00031746031746031746,1.0645891903826845
2016-12-19 00:00:00+00:00,0.009505166617826227,3.0,0.0,0.00031746031746031746,1.0747082880168088
2016-12-20 00:00:00+00:00,0.014813494337059557,3.0,0.0,0.00031746031746031746,1.0906284731553366
2016-12-21 00:00:00+00:00,0.0246713482638594,3.0,0.0,0.00031746031746031746,1.1175357480430332
2016-12-22 00:00:00+00:00,0.022443279646815983,3.0,0.0,0.00031746031746031746,1.1426169153516768
2016-12-23 00:00:00+00:00,0.05055489440984337,3.0,0.0,0.00031746031746031746,1.2003817928581817
2016-12-27 00:00:00+00:00,0.012641044550699247,3.0,0.0,0.00031746031746031746,1.2155558725795501
2016-12-28 00:00:00+00:00,0.016334301776620524,3.0,0.0,0.00031746031746031746,1.2354111290286076
2016-12-29 00:00:00+00:00,-0.002605843258693366,3.0,0.0,0.00031746031746031746,1.2321918412663135
2016-12-30 00:00:00+00:00,-0.018664286462812023,3.0,0.0,0.00031746031746031746,1.2091938597637792
2017-01-03 00:00:00+00:00,0.07821990897847002,3.0,0.0,0.00031746031746031746,1.303776893411827
2017-01-04 00:00:00+00:00,0.08925862363346523,3.0,0.0,0.00031746031746031746,1.4201502244428816
2017-01-05 00:00:00+00:00,-0.09136823705099274,3.0,0.0,0.00031746031746031746,1.2903936020879638
2017-01-06 00:00:00+00:00,-0.0719988879918291,3.0,0.0,0.00031746031746031746,1.1974866976658596
2017-01-09 00:00:00+00:00,-0.010377854192608022,3.0,0.757521758104323,0.00031746031746031746,1.1850593553198956
2017-01-10 00:00:00+00:00,0.0005474953672516931,3.0,0.0,0.00031746031746031746,1.1857081698268515
2017-01-11 00:00:00+00:00,-0.017445438841267372,3.0,0.0,0.00031746031746031746,1.165022970466546
2017-01-12 00:00:00+00:00,-0.006220944172391994,3.0,0.0,0.00031746031746031746,1.1577754276077195
2017-01-13 00:00:00+00:00,0.008394647880312741,3.0,0.0,0.00031746031746031746,1.1674945446469647
2017-01-17 00:00:00+00:00,0.009554471936412649,3.0,0.0,0.00031746031746031746,1.178649338509709
2017-01-18 00:00:00+00:00,0.0006161253969828994,3.0,0.0,0.00031746031746031746,1.179375534301302
2017-01-19 00:00:00+00:00,-0.007511212572456107,3.0,0.0,0.00031746031746031746,1.1705169939604108
2017-01-20 00:00:00+00:00,0.006947332966729209,3.0,0.0,0.00031746031746031746,1.1786489652606686
2017-01-23 00:00:00+00:00,-0.0023055146692733948,3.0,0.0,0.00031746031746031746,1.1759315727813362
2017-01-24 00:00:00+00:00,0.009774438905665525,3.0,0.0,0.00031746031746031746,1.1874256440967306
2017-01-25 00:00:00+00:00,0.0196714383088895,3.0,0.0,0.00031746031746031746,1.2107840144009727
2017-01-26 00:00:00+00:00,-0.002440011815402984,3.0,0.0,0.00031746031746031746,1.2078296870999332
2017-01-27 00:00:00+00:00,-0.0025515880902106667,3.0,0.0,0.00031746031746031746,1.204747803255326
2017-01-30 00:00:00+00:00,-0.01519977328204037,3.0,0.0,0.00031746031746031746,1.1864359097838089
2017-01-31 00:00:00+00:00,-0.002750413476746529,3.0,0.0,0.00031746031746031746,1.1831727204682434
2017-02-01 00:00:00+00:00,0.0006418563600161195,3.0,0.0,0.00031746031746031746,1.1839321474038735
2017-02-02 00:00:00+00:00,0.0012685278464637014,3.0,0.0,0.00031746031746031746,1.185433998301179
2017-02-03 00:00:00+00:00,0.01811323400749015,3.0,0.0,0.00031746031746031746,1.206906041712843
2017-02-06 00:00:00+00:00,-0.008171363146947499,3.0,0.0,0.00031746031746031746,1.1970439741617622
2017-02-07 00:00:00+00:00,0.007933622023124915,3.0,0.0,0.00031746031746031746,1.206540868597821
2017-02-08 00:00:00+00:00,0.0028751818779365647,3.0,0.06397180616798659,0.00031746031746031746,1.2100098930382033
2017-02-09 00:00:00+00:00,-0.005331692086034123,3.0,0.0,0.00031746031746031746,1.2035584928674685
2017-02-10 00:00:00+00:00,0.007557218018237862,3.0,0.0,0.00031746031746031746,1.2126540467957698
2017-02-13 00:00:00+00:00,0.014900622734972863,3.0,0.0,0.00031746031746031746,1.2307233472551118
2017-02-14 00:00:00+00:00,0.01557810244860645,3.0,0.0,0.00031746031746031746,1.2498956816445437
2017-02-15 00:00:00+00:00,0.014362883917146952,3.0,0.0,0.00031746031746031746,1.2678477882285477
2017-02-16 00:00:00+00:00,0.003837560005634002,3.0,0.0,0.00031746031746031746,1.272713230193885
2017-02-17 00:00:00+00:00,0.008852847251016902,3.0,0.0,0.00031746031746031746,1.2839803660151399
2017-02-21 00:00:00+00:00,0.035777045557767874,3.0,0.0,0.00031746031746031746,1.3299173900653432
2017-02-22 00:00:00+00:00,-0.0024428242811762326,3.0,0.0,0.00031746031746031746,1.326668635572933
2017-02-23 00:00:00+00:00,0.015162752825150732,3.0,0.0,0.00031746031746031746,1.3467845841750052
2017-02-24 00:00:00+00:00,0.005860611971333744,3.0,0.0,0.00031746031746031746,1.354677566031829
2017-02-27 00:00:00+00:00,0.004079828505215877,3.0,0.0,0.00031746031746031746,1.3602044181811024
2017-02-28 00:00:00+00:00,-0.006852181627152424,3.0,0.0,0.00031746031746031746,1.3508840504576702
2017-03-01 00:00:00+00:00,0.047156210981495784,3.0,0.0,0.00031746031746031746,1.4145866237525897
2017-03-02 00:00:00+00:00,-0.008610205493271834,3.0,0.0,0.00031746031746031746,1.4024067422340463
2017-03-03 00:00:00+00:00,0.006840909711620104,3.0,0.0,0.00031746031746031746,1.4120004801366368
2017-03-06 00:00:00+00:00,-0.00971162014947739,3.0,0.0,0.00031746031746031746,1.39828766782267
2017-03-07 00:00:00+00:00,-0.020245349323009008,3.0,0.0,0.00031746031746031746,1.3699788455335444
2017-03-08 00:00:00+00:00,-0.024432897619783674,3.0,0.0,0.00031746031746031746,1.336506292659354
2017-03-09 00:00:00+00:00,0.012542131461449047,3.0,0.0,0.00031746031746031746,1.3532689302809418
2017-03-10 00:00:00+00:00,-0.009149475473938079,3.0,0.05929226682939705,0.00031746031746031746,1.3408872293936938
2017-03-13 00:00:00+00:00,0.03104829839125087,3.0,0.0,0.00031746031746031746,1.3825194962009266
2017-03-14 00:00:00+00:00,-0.007559003078449901,3.0,0.0,0.00031746031746031746,1.3720690270731268
2017-03-15 00:00:00+00:00,0.02456064763224007,3.0,0.0,0.00031746031746031746,1.4057679309741802
2017-03-16 00:00:00+00:00,-0.018989211385174964,3.0,0.0,0.00031746031746031746,1.3790735065744115
2017-03-17 00:00:00+00:00,-0.024505013815700916,3.0,0.0,0.00031746031746031746,1.3452792912429385
2017-03-20 00:00:00+00:00,-0.03924378397023428,3.0,0.0,0.00031746031746031746,1.2924854413577707
2017-03-21 00:00:00+00:00,-0.0294406304066623,3.0,0.0,0.00031746031746031746,1.2544338551727647
2017-03-22 00:00:00+00:00,-0.014334402489560616,3.0,0.0,0.00031746031746031746,1.2364522953961872
2017-03-23 00:00:00+00:00,-0.0027608322734851004,3.0,0.0,0.00031746031746031746,1.2330386579944326
2017-03-24 00:00:00+00:00,-0.0034634239812638234,3.0,0.0,0.00031746031746031746,1.2287681223365092
2017-03-27 00:00:00+00:00,-0.00504188599401478,3.0,0.0,0.00031746031746031746,1.2225728135506089
2017-03-28 00:00:00+00:00,0.015971728951875118,3.0,0.0,0.00031746031746031746,1.2420994151525704
2017-03-29 00:00:00+00:00,0.002818816169171759,3.0,0.0,0.00031746031746031746,1.2456006650677214
2017-03-30 00:00:00+00:00,0.0068585026832556,3.0,0.0,0.00031746031746031746,1.2541436205713532
2017-03-31 00:00:00+00:00,-0.006202933698065596,3.0,0.0,0.00031746031746031746,1.2463642508450972
2017-04-03 00:00:00+00:00,-0.004868596923013228,3.0,0.0,0.00031746031746031746,1.240296205688479
2017-04-04 00:00:00+00:00,0.0009225296386125902,3.0,0.0,0.00031746031746031746,1.2414404156988854
2017-04-05 00:00:00+00:00,-0.0074623710271783,3.0,0.0,0.00031746031746031746,1.232176326708806
2017-04-06 00:00:00+00:00,0.004836077665685189,3.0,0.0,0.00031746031746031746,1.2381352271225885
2017-04-07 00:00:00+00:00,-0.002579257183526602,3.0,0.0,0.00031746031746031746,1.2349417579438553
2017-04-10 00:00:00+00:00,-0.0006604275014288546,3.0,0.06149751064592597,0.00031746031746031746,1.2341261684442464
2017-04-11 00:00:00+00:00,0.0010180835296433465,3.0,0.0,0.00031746031746031746,1.2353826119698414
2017-04-12 00:00:00+00:00,-0.010722598656147254,3.0,0.0,0.00031746031746031746,1.222136100034906
2017-04-13 00:00:00+00:00,-0.017904102147569,3.0,0.0,0.00031746031746031746,1.2002548504616495
2017-04-17 00:00:00+00:00,0.02370144250444686,3.0,0.0,0.00031746031746031746,1.2287026217905497
2017-04-18 00:00:00+00:00,-0.0034715267335585997,3.0,0.0,0.00031746031746031746,1.2244371477914102
2017-04-19 00:00:00+00:00,-0.004893204471303118,3.0,0.0,0.00031746031746031746,1.2184457264650077
2017-04-20 00:00:00+00:00,0.024744633743236842,3.0,0.0,0.00031746031746031746,1.2485957197023965
2017-04-21 00:00:00+00:00,-0.010660464264056552,3.0,0.0,0.00031746031746031746,1.235285109652255
2017-04-24 00:00:00+00:00,0.02971859291503063,3.0,0.0,0.00031746031746031746,1.2719960449600092
2017-04-25 00:00:00+00:00,0.01932304700688098,3.0,0.0,0.00031746031746031746,1.296574884329338
2017-04-26 00:00:00+00:00,0.0022154003009742748,3.0,0.0,0.00031746031746031746,1.299447316718317
2017-04-27 00:00:00+00:00,0.010334410917013044,3.0,0.0,0.00031746031746031746,1.3128763392542941
2017-04-28 00:00:00+00:00,-0.005296869762540448,3.0,0.0,0.00031746031746031746,1.3059222042709433
2017-05-01 00:00:00+00:00,0.028880765865764064,3.0,0.0,0.00031746031746031746,1.3436382376913951
2017-05-02 00:00:00+00:00,0.010073142351838846,3.0,0.0,0.00031746031746031746,1.3571728969290342
2017-05-03 00:00:00+00:00,0.0050386930155227674,3.0,0.0,0.00031746031746031746,1.3640112745256474
2017-05-04 00:00:00+00:00,0.011320927143532014,3.0,0.0,0.00031746031746031746,1.3794531467875084
2017-05-05 00:00:00+00:00,0.014394698695687344,3.0,0.0,0.00031746031746031746,1.3993099592003324
2017-05-08 00:00:00+00:00,0.03372159696225576,3.0,0.0,0.00031746031746031746,1.4464969256697566
2017-05-09 00:00:00+00:00,0.0028638297419169407,3.0,0.0,0.00031746031746031746,1.450639446587081
2017-05-10 00:00:00+00:00,0.009279477404690394,3.0,0.0339071525298022,0.00031746031746031746,1.4641006225540387
2017-05-11 00:00:00+00:00,0.005191614990401577,3.0,0.0,0.00031746031746031746,1.4717016692935467
2017-05-12 00:00:00+00:00,-0.024691048323218154,3.0,0.0,0.00031746031746031746,1.435363812259659
2017-05-15 00:00:00+00:00,0.015043479365061877,3.0,0.0,0.00031746031746031746,1.4569566781507437
2017-05-16 00:00:00+00:00,-0.002364829516642086,3.0,0.0,0.00031746031746031746,1.453511223993784
2017-05-17 00:00:00+00:00,-0.029624369014495226,3.0,0.0,0.00031746031746031746,1.4104518711274814
2017-05-18 00:00:00+00:00,0.016975046278421307,3.0,0.0,0.00031746031746031746,1.4343943569133564
2017-05-19 00:00:00+00:00,0.03420410039217125,3.0,0.0,0.00031746031746031746,1.4834565254991845
2017-05-22 00:00:00+00:00,0.03887758797591528,3.0,0.0,0.00031746031746031746,1.5411297370777248
2017-05-23 00:00:00+00:00,0.024605875450849427,3.0,0.0,0.00031746031746031746,1.5790505834418596
2017-05-24 00:00:00+00:00,0.02160652991580028,3.0,0.0,0.00031746031746031746,1.613168387111558
2017-05-25 00:00:00+00:00,-0.0052252960191167975,3.0,0.0,0.00031746031746031746,1.6047391047602189
2017-05-26 00:00:00+00:00,-0.012745600043949406,3.0,0.0,0.00031746031746031746,1.5842857419560596
2017-05-30 00:00:00+00:00,-0.015495199041135024,3.0,0.0,0.00031746031746031746,1.559736919046418
2017-05-31 00:00:00+00:00,0.014142249920818351,3.0,0.0,0.00031746031746031746,1.5817951083662998
2017-06-01 00:00:00+00:00,0.03588491436938151,3.0,0.0,0.00031746031746031746,1.638557690379931
2017-06-02 00:00:00+00:00,0.019749287632454097,3.0,0.0,0.00031746031746031746,1.670918037509614
2017-06-05 00:00:00+00:00,0.020339152875115295,3.0,0.0,0.00031746031746031746,1.7049030949163098
2017-06-06 00:00:00+00:00,0.012054078863413024,3.0,0.0,0.00031746031746031746,1.7254541312769076
2017-06-07 00:00:00+00:00,-0.009390390787914028,3.0,0.0,0.00031746031746031746,1.7092514426975967
2017-06-08 00:00:00+00:00,0.008534546266478898,3.0,0.0,0.00031746031746031746,1.7238391282163452
2017-06-09 00:00:00+00:00,-0.0007363538456724072,3.0,0.028442000000846693,0.00031746031746031746,1.7225697726449625
2017-06-12 00:00:00+00:00,-0.01958490693536817,3.0,0.0,0.00031746031746031746,1.6888334039580326
2017-06-13 00:00:00+00:00,0.01866787410049928,3.0,0.0,0.00031746031746031746,1.720360333319839
2017-06-14 00:00:00+00:00,-0.02514872681880942,3.0,0.0,0.00031746031746031746,1.6770954612672624
2017-06-15 00:00:00+00:00,-0.008447242291526155,3.0,0.0,0.00031746031746031746,1.662928629559919
2017-06-16 00:00:00+00:00,0.0027242291401051344,3.0,0.0,0.00031746031746031746,1.6674588281904812
2017-06-19 00:00:00+00:00,0.028565052284624384,3.0,0.0,0.00031746031746031746,1.7150898768002008
2017-06-20 00:00:00+00:00,-0.0026334632189466945,3.0,0.0,0.00031746031746031746,1.7105732506924598
2017-06-21 00:00:00+00:00,-0.0055752645030394815,3.0,0.0,0.00031746031746031746,1.7010363523680252
2017-06-22 00:00:00+00:00,-6.164652721064824e-05,3.0,0.0,0.00031746031746031746,1.7009314893842427
2017-06-23 00:00:00+00:00,0.007388177958863028,3.0,0.0,0.00031746031746031746,1.7134982739236473
2017-06-26 00:00:00+00:00,-0.027974733013119476,3.0,0.0,0.00031746031746031746,1.6655636171921921
2017-06-27 00:00:00+00:00,-0.01655577080537084,3.0,0.0,0.00031746031746031746,1.6379889276841937
2017-06-28 00:00:00+00:00,0.024555295594648228,3.0,0.0,0.00031746031746031746,1.6782102299842399
2017-06-29 00:00:00+00:00,-0.025638008637186963,3.0,0.0,0.00031746031746031746,1.6351842616128882
2017-06-30 00:00:00+00:00,-0.003622560029002671,3.0,0.0,0.00031746031746031746,1.6292607084667152
2017-07-03 00:00:00+00:00,0.011676659295641033,3.0,0.0,0.00031746031746031746,1.6482850306632557
2017-07-05 00:00:00+00:00,0.005885615346290294,3.0,0.0,0.00031746031746031746,1.657986202334788
2017-07-06 00:00:00+00:00,-0.02363133315658336,3.0,0.0,0.00031746031746031746,1.6188057780183962
2017-07-07 00:00:00+00:00,0.015211592826160653,3.0,0.0,0.00031746031746031746,1.6434303923782483
2017-07-10 00:00:00+00:00,0.0016748824842099498,3.0,0.0,0.00031746031746031746,1.6461829451564607
2017-07-11 00:00:00+00:00,-0.002631870192627037,3.0,0.048166123608514896,0.00031746031746031746,1.6418504053314924
2017-07-12 00:00:00+00:00,0.01925508116325903,3.0,0.0,0.00031746031746031746,1.67346436814408
2017-07-13 00:00:00+00:00,0.004724116943048315,3.0,0.0,0.00031746031746031746,1.681370009519217
2017-07-14 00:00:00+00:00,0.012227945874392368,3.0,0.0,0.00031746031746031746,1.7019297109904445
2017-07-17 00:00:00+00:00,-0.0004565927547172093,3.0,0.0,0.00031746031746031746,1.7011526222153683
2017-07-18 00:00:00+00:00,0.0013174304288471415,3.0,0.0,0.00031746031746031746,1.703393772443988
2017-07-19 00:00:00+00:00,0.014318086483279271,3.0,0.0,0.00031746031746031746,1.7277831117929203
2017-07-20 00:00:00+00:00,-0.0005594891331893013,3.0,0.0,0.00031746031746031746,1.7268164359173643
2017-07-21 00:00:00+00:00,-0.018796269240993972,3.0,0.0,0.00031746031746031746,1.694358729258088
2017-07-24 00:00:00+00:00,-0.013552623123529905,3.0,0.0,0.00031746031746031746,1.67139572396439
2017-07-25 00:00:00+00:00,-0.01329349944830953,3.0,0.0,0.00031746031746031746,1.6491770258299625
2017-07-26 00:00:00+00:00,1.850588025970642e-05,3.0,0.0,0.00031746031746031746,1.6492075453025297
2017-07-27 00:00:00+00:00,0.014855029710835266,3.0,0.0,0.00031746031746031746,1.6737065723873323
2017-07-28 00:00:00+00:00,0.012366662175987706,3.0,0.0,0.00031746031746031746,1.6944047361497767
2017-07-31 00:00:00+00:00,0.004686236565335851,3.0,0.0,0.00031746031746031746,1.7023451175808002
2017-08-01 00:00:00+00:00,-0.011449748480733175,3.0,0.0,0.00031746031746031746,1.6828536941570957
2017-08-02 00:00:00+00:00,0.0006095396851380627,3.0,0.0,0.00031746031746031746,1.6838794602679656
2017-08-03 00:00:00+00:00,0.005071425135426237,3.0,0.0,0.00031746031746031746,1.6924191288877966
2017-08-04 00:00:00+00:00,0.0146181783017563,3.0,0.0,0.00031746031746031746,1.7171592134751814
2017-08-07 00:00:00+00:00,0.05555286576850126,3.0,0.0,0.00031746031746031746,1.812552328764513
2017-08-08 00:00:00+00:00,-0.0019177599300998947,3.0,0.0,0.00031746031746031746,1.8090762885371992
2017-08-09 00:00:00+00:00,-0.007136341680449944,2.9999999999999996,0.10005538940786254,0.0003174603174603174,1.7961661020161974
2017-08-10 00:00:00+00:00,-0.03200190685160876,2.9999999999999996,0.0,0.0003174603174603174,1.738685361729458
2017-08-11 00:00:00+00:00,0.02169092456901561,2.9999999999999996,0.0,0.0003174603174603174,1.7763990547599833
2017-08-14 00:00:00+00:00,0.073171289164619,2.9999999999999996,0.0,0.0003174603174603174,1.9063804636675818
2017-08-15 00:00:00+00:00,-0.010035724027440738,2.9999999999999996,0.0,0.0003174603174603174,1.8872485554429095
2017-08-16 00:00:00+00:00,0.01645222788270024,2.9999999999999996,0.0,0.0003174603174603174,1.918297998748353
2017-08-17 00:00:00+00:00,-0.045127842935816044,2.9999999999999996,0.0,0.0003174603174603174,1.8317293479567471
2017-08-18 00:00:00+00:00,-0.014121111345565714,2.9999999999999996,0.0,0.0003174603174603174,1.8058632938793093
2017-08-21 00:00:00+00:00,-0.010016868642213727,2.9999999999999996,0.0,0.0003174603174603174,1.7877741984787248
2017-08-22 00:00:00+00:00,0.03035256346659918,2.9999999999999996,0.0,0.0003174603174603174,1.8420377283019986
2017-08-23 00:00:00+00:00,-0.005883543531034252,2.9999999999999996,0.0,0.0003174603174603174,1.8312000191417264
2017-08-24 00:00:00+00:00,0.005940564871091722,2.9999999999999996,0.0,0.0003174603174603174,1.8420783816473822
2017-08-25 00:00:00+00:00,0.005591487294000959,2.9999999999999996,0.0,0.0003174603174603174,1.8523783395129176
2017-08-28 00:00:00+00:00,0.00130793503077912,2.9999999999999996,0.0,0.0003174603174603174,1.8548011300334233
2017-08-29 00:00:00+00:00,0.014182691694361876,2.9999999999999996,0.0,0.0003174603174603174,1.8811072026150415
2017-08-30 00:00:00+00:00,0.011695939401895871,2.9999999999999996,0.0,0.0003174603174603174,1.9031085184652967
2017-08-31 00:00:00+00:00,0.022813925219699233,2.9999999999999996,0.0,0.0003174603174603174,1.9465258938905368
2017-09-01 00:00:00+00:00,0.01556859630211756,2.9999999999999996,0.0,0.0003174603174603174,1.9768305697241368
2017-09-05 00:00:00+00:00,-0.04808723188168059,2.9999999999999996,0.0,0.0003174603174603174,1.8817702597270174
2017-09-06 00:00:00+00:00,0.020952440785083487,2.9999999999999996,0.0,0.0003174603174603174,1.9211979396650787
2017-09-07 00:00:00+00:00,-0.00016046562155815422,2.9999999999999996,0.0,0.0003174603174603174,1.920889653443554
2017-09-08 00:00:00+00:00,-0.02546986992534776,3.0,0.004909357321438823,0.00031746031746031746,1.8719648438294003
2017-09-11 00:00:00+00:00,0.02331010229357819,3.0,0.0,0.00031746031746031746,1.9156005358290458
2017-09-12 00:00:00+00:00,0.006864747812508724,3.0,0.0,0.00031746031746031746,1.9287506504170189
2017-09-13 00:00:00+00:00,-0.006319534999210808,3.0,0.0,0.00031746031746031746,1.916561843176958
2017-09-14 00:00:00+00:00,-0.0026096123455340817,3.0,0.0,0.00031746031746031746,1.911560359730024
2017-09-15 00:00:00+00:00,0.004603267029366493,3.0,0.0,0.00031746031746031746,1.9203597825086132
2017-09-18 00:00:00+00:00,0.002782954630381052,3.0,0.0,0.00031746031746031746,1.9257040566573431
2017-09-19 00:00:00+00:00,0.002570665124762035,3.0,0.0,0.00031746031746031746,1.9306543969164052
2017-09-20 00:00:00+00:00,0.0008643796744026637,3.0,0.0,0.00031746031746031746,1.9323232153353957
2017-09-21 00:00:00+00:00,-0.00820457338941151,3.0,0.0,0.00031746031746031746,1.9164693277031128
2017-09-22 00:00:00+00:00,0.000936975521531926,3.0,0.0,0.00031746031746031746,1.9182650125509373
2017-09-25 00:00:00+00:00,-0.006377788286428087,3.0,0.0,0.00031746031746031746,1.906030724423625
2017-09-26 00:00:00+00:00,-0.0003523671073860105,3.0,0.0,0.00031746031746031746,1.9053591018906708
2017-09-27 00:00:00+00:00,0.009980174089823789,3.0,0.0,0.00031746031746031746,1.92437491743117
2017-09-28 00:00:00+00:00,0.0032992797717788453,3.0,0.0,0.00031746031746031746,1.9307239686695692
2017-09-29 00:00:00+00:00,0.009407062059385346,3.0,0.0,0.00031746031746031746,1.9488864088623865
2017-10-02 00:00:00+00:00,0.00985712519135908,3.0,0.0,0.00031746031746031746,1.9680968261782812
2017-10-03 00:00:00+00:00,0.005612964561245737,3.0,0.0,0.00031746031746031746,1.97914368391672
2017-10-04 00:00:00+00:00,0.0033294316627121906,3.0,0.0,0.00031746031746031746,1.9857331075630091
2017-10-05 00:00:00+00:00,0.01517837829594795,3.0,0.0,0.00031746031746031746,2.015873315864389
2017-10-06 00:00:00+00:00,-0.0023673809746585775,3.0,0.0,0.00031746031746031746,2.0111009757290894
2017-10-09 00:00:00+00:00,0.003074764904040582,3.0,0.03297409632556059,0.00031746031746031746,2.0172846384277427
2017-10-10 00:00:00+00:00,0.006436688758638169,3.0,0.0,0.00031746031746031746,2.0302692717828843
2017-10-11 00:00:00+00:00,0.00683276607025711,3.0,0.0,0.00031746031746031746,2.044141626776608
2017-10-12 00:00:00+00:00,0.027034195224834526,3.0,0.0,0.00031746031746031746,2.0994033505820977
2017-10-13 00:00:00+00:00,0.011155259268318488,3.0,0.0,0.00031746031746031746,2.1228227392666175
2017-10-16 00:00:00+00:00,0.007857321762660062,3.0,0.0,0.00031746031746031746,2.1395024405741268
2017-10-17 00:00:00+00:00,-0.0037248596575617733,3.0,0.0,0.00031746031746031746,2.1315330942459774
2017-10-18 00:00:00+00:00,0.0011184404976090213,3.0,0.0,0.00031746031746031746,2.133917087180576
2017-10-19 00:00:00+00:00,0.005103977374838859,3.0,0.0,0.00031746031746031746,2.1448085517133277
2017-10-20 00:00:00+00:00,0.027571735883415813,3.0,0.0,0.00031746031746031746,2.2039446466216592
2017-10-23 00:00:00+00:00,-0.013499221498114977,3.0,0.0,0.00031746031746031746,2.174193109667329
2017-10-24 00:00:00+00:00,-0.012686667142663758,3.0,0.0,0.00031746031746031746,2.146609845381106
2017-10-25 00:00:00+00:00,-0.002187822468423676,3.0,0.0,0.00031746031746031746,2.141913444130442
2017-10-26 00:00:00+00:00,0.009361158100549816,3.0,0.0,0.00031746031746031746,2.16196423451864
2017-10-27 00:00:00+00:00,0.013966056716056099,3.0,0.0,0.00031746031746031746,2.1921583496360117
2017-10-30 00:00:00+00:00,0.006118689058248096,3.0,0.0,0.00031746031746031746,2.205571484943877
2017-10-31 00:00:00+00:00,0.015538324593206226,3.0,0.0,0.00031746031746031746,2.2398423705904547
2017-11-01 00:00:00+00:00,0.014900652454205698,3.0,0.0,0.00031746031746031746,2.2732174833068273
2017-11-02 00:00:00+00:00,0.011130953439365592,3.0,0.0,0.00031746031746031746,2.2985205612710673
2017-11-03 00:00:00+00:00,0.012911342180318159,3.0,0.0,0.00031746031746031746,2.328197546746135
2017-11-06 00:00:00+00:00,-0.00321031876601318,3.0,0.0,0.00031746031746031746,2.3207232904708297
2017-11-07 00:00:00+00:00,0.003650474994061723,2.9999999999999996,0.0025215288002403413,0.0003174603174603174,2.3291950328108304
2017-11-08 00:00:00+00:00,0.014419133764938568,2.9999999999999996,0.0,0.0003174603174603174,2.3627800075535603
2017-11-09 00:00:00+00:00,-0.020224719407490266,2.9999999999999996,0.0,0.0003174603174603174,2.314993444879162
2017-11-10 00:00:00+00:00,-0.02020835300333282,2.9999999999999996,0.0,0.0003174603174603174,2.2682112401446424
2017-11-13 00:00:00+00:00,-0.011669868398164016,2.9999999999999996,0.0,0.0003174603174603174,2.241741513472918
2017-11-14 00:00:00+00:00,-0.0036865124562661966,2.9999999999999996,0.0,0.0003174603174603174,2.2334773054597714
2017-11-15 00:00:00+00:00,0.010649113038103192,2.9999999999999996,0.0,0.0003174603174603174,2.2572618577536505
2017-11-16 00:00:00+00:00,0.041797671803090373,2.9999999999999996,0.0,0.0003174603174603174,2.3516101480576714
2017-11-17 00:00:00+00:00,-0.012609361884417027,2.9999999999999996,0.0,0.0003174603174603174,2.3219578446897446
2017-11-20 00:00:00+00:00,0.017483217948719956,2.9999999999999996,0.0,0.0003174603174603174,2.362553139756195
2017-11-21 00:00:00+00:00,0.012225611824630257,2.9999999999999996,0.0,0.0003174603174603174,2.391436797357916
2017-11-22 00:00:00+00:00,0.0033766196509997866,2.9999999999999996,0.0,0.0003174603174603174,2.399511769841999
2017-11-24 00:00:00+00:00,0.004989474863357087,2.9999999999999996,0.0,0.0003174603174603174,2.411484073501955
2017-11-27 00:00:00+00:00,0.045927095339764065,2.9999999999999996,0.0,0.0003174603174603174,2.522236532456002
2017-11-28 00:00:00+00:00,0.03238038990241,2.9999999999999996,0.0,0.0003174603174603174,2.60390753480303
2017-11-29 00:00:00+00:00,-0.00489346647325839,2.9999999999999996,0.0,0.0003174603174603174,2.5911654005820064
2017-11-30 00:00:00+00:00,0.03174258966217454,2.9999999999999996,0.0,0.0003174603174603174,2.6734157006395054
2017-12-01 00:00:00+00:00,0.012418669740951616,2.9999999999999996,0.0,0.0003174603174603174,2.706615967306022
2017-12-04 00:00:00+00:00,0.012209638508354359,2.9999999999999996,0.0,0.0003174603174603174,2.7396627698477687
2017-12-05 00:00:00+00:00,-0.005277854422348298,2.9999999999999996,0.0,0.0003174603174603174,2.7252032285821848
2017-12-06 00:00:00+00:00,0.04885302423064114,2.9999999999999996,0.0,0.0003174603174603174,2.8583376479415317
2017-12-07 00:00:00+00:00,0.05266341310437029,2.9999999999999996,0.1433704371938504,0.0003174603174603174,3.008867464286851
2017-12-08 00:00:00+00:00,0.0021849463632871552,2.9999999999999996,0.0,0.0003174603174603174,3.015441678310558
2017-12-11 00:00:00+00:00,0.010730363453358503,2.9999999999999996,0.0,0.0003174603174603174,3.0477984634912354
2017-12-12 00:00:00+00:00,0.009116965702695067,2.9999999999999996,0.0,0.0003174603174603174,3.0755851375516117
2017-12-13 00:00:00+00:00,-0.011874613438532902,2.9999999999999996,0.0,0.0003174603174603174,3.0390637529458893
2017-12-14 00:00:00+00:00,-0.009617277550194321,2.9999999999999996,0.0,0.0003174603174603174,3.0098362333410735
2017-12-15 00:00:00+00:00,0.037441073059586626,2.9999999999999996,0.0,0.0003174603174603174,3.1225277316509876
2017-12-18 00:00:00+00:00,0.027873333206354677,2.9999999999999996,0.0,0.0003174603174603174,3.209562987561379
2017-12-19 00:00:00+00:00,-0.02113602736018717,2.9999999999999996,0.0,0.0003174603174603174,3.1417255764420378
2017-12-20 00:00:00+00:00,-0.014174542709830868,2.9999999999999996,0.0,0.0003174603174603174,3.097193053076192
2017-12-21 00:00:00+00:00,-0.0039652411465725575,2.9999999999999996,0.0,0.0003174603174603174,3.0849119357432557
2017-12-22 00:00:00+00:00,-0.012542979058738657,2.9999999999999996,0.0,0.0003174603174603174,3.046217949935175
2017-12-26 00:00:00+00:00,0.011042902958252849,2.9999999999999996,0.0,0.0003174603174603174,3.0798570391459967
2017-12-27 00:00:00+00:00,0.0010317861207089077,2.9999999999999996,0.0,0.0003174603174603174,3.0830347928927555
2017-12-28 00:00:00+00:00,-0.002173628986947479,2.9999999999999996,0.0,0.0003174603174603174,3.0763334190991563
2017-12-29 00:00:00+00:00,-0.014209429239388137,2.9999999999999996,0.0,0.0003174603174603174,3.0326204770637015
2018-01-02 00:00:00+00:00,0.024316524078424603,2.9999999999999996,0.0,0.0003174603174603174,3.1063632659149447
2018-01-03 00:00:00+00:00,0.018502771455766148,2.9999999999999996,0.0,0.0003174603174603174,3.1638395954827563
2018-01-04 00:00:00+00:00,0.013746743773506993,2.9999999999999996,0.0,0.0003174603174603174,3.207332087742334
2018-01-05 00:00:00+00:00,0.029696228526036657,2.9999999999999996,0.0,0.0003174603174603174,3.3025777543788206
2018-01-08 00:00:00+00:00,0.004868067525862145,2.9999999999999996,0.0,0.0003174603174603174,3.3186549258965465
2018-01-09 00:00:00+00:00,0.004212971992664953,3.0,0.031701673836456924,0.00031746031746031746,3.332636326152668
2018-01-10 00:00:00+00:00,-0.003507926667308562,3.0,0.0,0.00031746031746031746,3.3209456823117156
2018-01-11 00:00:00+00:00,0.019768871805686285,3.0,0.0,0.00031746031746031746,3.3865970317789835
2018-01-12 00:00:00+00:00,0.0188103197433258,3.0,0.0,0.00031746031746031746,3.450300004788544
2018-01-16 00:00:00+00:00,-0.010125883251960921,3.0,0.0,0.00031746031746031746,3.415362669755815
2018-01-17 00:00:00+00:00,0.026276654940154163,3.0,0.0,0.00031746031746031746,3.505106976124472
2018-01-18 00:00:00+00:00,-0.004708675466458168,3.0,0.0,0.00031746031746031746,3.4886025648986836
2018-01-19 00:00:00+00:00,0.01106564579566894,3.0,0.0,0.00031746031746031746,3.527206205203715
2018-01-22 00:00:00+00:00,0.021262714243388055,3.0,0.0,0.00031746031746031746,3.602204182822467
2018-01-23 00:00:00+00:00,0.005340559241555132,3.0,0.0,0.00031746031746031746,3.621441967661008
2018-01-24 00:00:00+00:00,-0.001848786403804069,3.0,0.0,0.00031746031746031746,3.614746694989031
2018-01-25 00:00:00+00:00,0.0012785319468001564,3.0,0.0,0.00031746031746031746,3.6193682641181644
2018-01-26 00:00:00+00:00,0.03235009528191996,3.0,0.0,0.00031746031746031746,3.7364551723227444
2018-01-29 00:00:00+00:00,-0.01794774634670313,3.0,0.0,0.00031746031746031746,3.6693942226540686
2018-01-30 00:00:00+00:00,-0.02941943629156549,3.0,0.0,0.00031746031746031746,3.5614427130920587
2018-01-31 00:00:00+00:00,-0.0002212659682199906,3.0,0.0,0.00031746031746031746,3.560654687021886
2018-02-01 00:00:00+00:00,-0.002145091022541811,3.0,0.0,0.00031746031746031746,3.553016758618384
2018-02-02 00:00:00+00:00,-0.05210160553689733,3.0,0.0,0.00031746031746031746,3.3678988809948636
2018-02-05 00:00:00+00:00,-0.051821924832902065,3.0,0.0,0.00031746031746031746,3.193367878339133
2018-02-06 00:00:00+00:00,0.00993412855866213,3.0,0.0,0.00031746031746031746,3.2250912053776557
2018-02-07 00:00:00+00:00,-0.02366534837510224,3.0,0.0,0.00031746031746031746,3.148768298460915
2018-02-08 00:00:00+00:00,-0.0324099829083612,3.0,0.20207227726692897,0.00031746031746031746,3.0467167717254076
2018-02-09 00:00:00+00:00,0.0009551402089990511,3.0,0.0,0.00031746031746031746,3.0496268134195144
2018-02-12 00:00:00+00:00,0.005096732916991602,3.0,0.0,0.00031746031746031746,3.0651699467840094
2018-02-13 00:00:00+00:00,0.0006916283843686382,3.0,0.0,0.00031746031746031746,3.0672899053221188
2018-02-14 00:00:00+00:00,0.018620386119322322,3.0,0.0,0.00031746031746031746,3.1244040276991165
2018-02-15 00:00:00+00:00,0.03044710309004056,3.0,0.0,0.00031746031746031746,3.2195330792254095
2018-02-16 00:00:00+00:00,0.003069941043461462,3.0,0.0,0.00031746031746031746,3.229416855966105
2018-02-20 00:00:00+00:00,-0.013914155918491957,3.0,0.0,0.00031746031746031746,3.1844822463063864
2018-02-21 00:00:00+00:00,-0.014431089130186403,3.0,0.0,0.00031746031746031746,3.1385266991764427
2018-02-22 00:00:00+00:00,0.0006820617039029532,3.0,0.0,0.00031746031746031746,3.1406673680446278
2018-02-23 00:00:00+00:00,0.0341695799327491,3.0,0.0,0.00031746031746031746,3.2479826527192053
2018-02-26 00:00:00+00:00,0.02922070784601307,3.0,0.0,0.00031746031746031746,3.342891004903232
2018-02-27 00:00:00+00:00,-0.030075670119707913,3.0,0.0,0.00031746031746031746,3.2423513177936236
2018-02-28 00:00:00+00:00,-0.027728441361191253,3.0,0.0,0.00031746031746031746,3.152445969405802
2018-03-01 00:00:00+00:00,-0.02922767264537065,3.0,0.0,0.00031746031746031746,3.060307310579791
2018-03-02 00:00:00+00:00,0.00842017339277002,3.0,0.0,0.00031746031746031746,3.086075628770035
2018-03-05 00:00:00+00:00,0.029183538677796255,3.0,0.0,0.00031746031746031746,3.17613823624485
2018-03-06 00:00:00+00:00,-0.003554063649409697,3.0,0.0,0.00031746031746031746,3.1648500387939116
2018-03-07 00:00:00+00:00,-0.011954363467302748,3.0,0.0,0.00031746031746031746,3.127016271110662
2018-03-08 00:00:00+00:00,0.004016288041937122,3.0,0.0,0.00031746031746031746,3.139575269167267
2018-03-09 00:00:00+00:00,0.04520957668179995,3.0,0.0,0.00031746031746031746,3.2815141380469672
2018-03-12 00:00:00+00:00,-0.007343205374015529,3.0,0.6805029933149591,0.00031746031746031746,3.2574173057935525
2018-03-13 00:00:00+00:00,-0.015778999218625807,3.0,0.0,0.00031746031746031746,3.206018520670698
2018-03-14 00:00:00+00:00,-0.04354448374296955,3.0,0.0,0.00031746031746031746,3.066414099317693
2018-03-15 00:00:00+00:00,-0.0027568449117325554,3.0,0.0,0.00031746031746031746,3.0579604712107242
2018-03-16 00:00:00+00:00,0.004118641542367315,3.0,0.0,0.00031746031746031746,3.07055511424237
2018-03-19 00:00:00+00:00,-0.026634277358336685,3.0,0.0,0.00031746031746031746,2.9887730976855793
2018-03-20 00:00:00+00:00,0.001569096361009748,3.0,0.0,0.00031746031746031746,2.993462770677042
2018-03-21 00:00:00+00:00,-0.004481502930231909,3.0,0.0,0.00031746031746031746,2.9800475584987125
2018-03-22 00:00:00+00:00,-0.03797178446581145,3.0,0.0,0.00031746031746031746,2.8668898349095318
2018-03-23 00:00:00+00:00,-0.025515460395466583,3.0,0.0,0.00031746031746031746,2.7937398208687316
2018-03-26 00:00:00+00:00,0.02833139201748444,3.0,0.0,0.00031746031746031746,2.87289035892862
2018-03-27 00:00:00+00:00,-0.02227958918773133,3.0,0.0,0.00031746031746031746,2.8088835419502964
2018-03-28 00:00:00+00:00,-0.005541283176605407,3.0,0.0,0.00031746031746031746,2.7933187228342433
2018-03-29 00:00:00+00:00,0.014607282877823051,3.0,0.0,0.00031746031746031746,2.8341215195866023
2018-04-02 00:00:00+00:00,-0.02230737004744631,3.0,0.0,0.00031746031746031746,2.770899722089753
2018-04-03 00:00:00+00:00,0.007544539551799208,3.0,0.0,0.00031746031746031746,2.7918048846371284
2018-04-04 00:00:00+00:00,0.013331007890163284,3.0,0.0,0.00031746031746031746,2.8290224575820226
2018-04-05 00:00:00+00:00,0.007733257631328615,3.0,0.0,0.00031746031746031746,2.8509000170913192
2018-04-06 00:00:00+00:00,-0.030091394788082503,3.0,0.0,0.00031746031746031746,2.7651124591756733
2018-04-09 00:00:00+00:00,0.002381091620559428,3.0,0.0,0.00031746031746031746,2.7716964452821204
2018-04-10 00:00:00+00:00,0.019971384475746777,3.0,0.0,0.00031746031746031746,2.82705106064091
2018-04-11 00:00:00+00:00,-0.009514987142298698,3.0,1.4243917113115712,0.00031746031746031746,2.8001517061482897
2018-04-12 00:00:00+00:00,0.007804701418935927,3.0,0.0,0.00031746031746031746,2.822006054142501
2018-04-13 00:00:00+00:00,-0.006319240468058538,3.0,0.0,0.00031746031746031746,2.8041731192840578
2018-04-16 00:00:00+00:00,0.009234531165331392,3.0,0.0,0.00031746031746031746,2.830068343347071
2018-04-17 00:00:00+00:00,0.002947339924213157,3.0,0.0,0.00031746031746031746,2.83840951676367
2018-04-18 00:00:00+00:00,-0.00010089987000081363,3.0,0.0,0.00031746031746031746,2.8381231216124196
2018-04-19 00:00:00+00:00,-0.009995110749669227,3.0,0.0,0.00031746031746031746,2.8097557666907065
2018-04-20 00:00:00+00:00,-0.01428559765413801,3.0,0.0,0.00031746031746031746,2.769616726301369
2018-04-23 00:00:00+00:00,-0.009970462672977206,3.0,0.0,0.00031746031746031746,2.742002366113328
2018-04-24 00:00:00+00:00,0.03677798983666907,3.0,0.0,0.00031746031746031746,2.8428477012663667
2018-04-25 00:00:00+00:00,-0.05574036498890949,3.0,0.0,0.00031746031746031746,2.6843863327898974
2018-04-26 00:00:00+00:00,0.04566297217340675,3.0,0.0,0.00031746031746031746,2.806963391206756
2018-04-27 00:00:00+00:00,-0.020644675766576474,3.0,0.0,0.00031746031746031746,2.7490145421066425
2018-04-30 00:00:00+00:00,0.0056300846362358405,3.0,0.0,0.00031746031746031746,2.764491726644946
2018-05-01 00:00:00+00:00,-0.005816872971540845,3.0,0.0,0.00031746031746031746,2.7484110294401765
2018-05-02 00:00:00+00:00,-0.0029233096678876577,3.0,0.0,0.00031746031746031746,2.740376572906485
2018-05-03 00:00:00+00:00,0.03271369780456484,3.0,0.0,0.00031746031746031746,2.8300244239832564
2018-05-04 00:00:00+00:00,0.015367279173517538,3.0,0.0,0.00031746031746031746,2.87351419937448
2018-05-07 00:00:00+00:00,-0.01741869859175386,3.0,0.0,0.00031746031746031746,2.8234613216364512
2018-05-08 00:00:00+00:00,-0.010799921437413757,3.0,0.0,0.00031746031746031746,2.7929681611812014
2018-05-09 00:00:00+00:00,0.0218198405013158,3.0,0.0,0.00031746031746031746,2.853910280983429
2018-05-10 00:00:00+00:00,0.003052990784889488,3.0,0.6021610800183731,0.00031746031746031746,2.8626232427721727
2018-05-11 00:00:00+00:00,-0.030064041755047587,3.0,0.0,0.00031746031746031746,2.7765612180725
2018-05-14 00:00:00+00:00,0.017878756953606263,3.0,0.0,0.00031746031746031746,2.8262026812572274
2018-05-15 00:00:00+00:00,-0.02563527959387345,3.0,0.0,0.00031746031746031746,2.7537521853342435
2018-05-16 00:00:00+00:00,-0.00035891431095861357,3.0,0.0,0.00031746031746031746,2.7527638242660935
2018-05-17 00:00:00+00:00,-0.018161522075029878,3.0,0.0,0.00031746031746031746,2.702769443304341
2018-05-18 00:00:00+00:00,0.004513603076652852,3.0,0.0,0.00031746031746031746,2.714968671779123
2018-05-21 00:00:00+00:00,0.011902531812570855,3.0,0.0,0.00031746031746031746,2.7472836727651075
2018-05-22 00:00:00+00:00,-0.006420215908907382,3.0,0.0,0.00031746031746031746,2.7296455184229393
2018-05-23 00:00:00+00:00,0.005428834254968857,3.0,0.0,0.00031746031746031746,2.744464311517276
2018-05-24 00:00:00+00:00,-0.004199637569511106,3.0,0.0,0.00031746031746031746,2.7329385560864456
2018-05-25 00:00:00+00:00,-0.004464996180455644,3.0,0.0,0.00031746031746031746,2.7207359958721
2018-05-29 00:00:00+00:00,-0.02013579122911252,3.0,0.0,0.00031746031746031746,2.6659518238696878
2018-05-30 00:00:00+00:00,0.021740346192838354,3.0,0.0,0.00031746031746031746,2.7239105394540433
2018-05-31 00:00:00+00:00,-0.012796896741827817,3.0,0.0,0.00031746031746031746,2.6890529375466734
2018-06-01 00:00:00+00:00,0.019605911422097107,3.0,0.0,0.00031746031746031746,2.741774271249543
2018-06-04 00:00:00+00:00,0.008072899572076339,3.0,0.0,0.00031746031746031746,2.7639083395906434
2018-06-05 00:00:00+00:00,0.0010323836491149029,3.0,0.0,0.00031746031746031746,2.766761753368089
2018-06-06 00:00:00+00:00,0.016520873656710813,3.0,0.0,0.00031746031746031746,2.812471074733703
2018-06-07 00:00:00+00:00,-0.0013783065728691785,3.0,0.0,0.00031746031746031746,2.8085946273653932
2018-06-08 00:00:00+00:00,0.005727979577642537,3.0,0.0,0.00031746031746031746,2.824682200032819
2018-06-11 00:00:00+00:00,0.0016365504242407051,3.0,0.13571521699709543,0.00031746031746031746,2.8293049348856276
2018-06-12 00:00:00+00:00,0.003011781146568006,3.0,0.0,0.00031746031746031746,2.837826182146408
2018-06-13 00:00:00+00:00,-0.007983607503364425,3.0,0.0,0.00031746031746031746,2.81517009174538
2018-06-14 00:00:00+00:00,0.0049769410284768376,3.0,0.0,0.00031746031746031746,2.8291810272771283
2018-06-15 00:00:00+00:00,-0.002913007518930001,3.0,0.0,0.00031746031746031746,2.820939601672256
2018-06-18 00:00:00+00:00,-0.004071663048771473,3.0,0.0,0.00031746031746031746,2.809453686133311
2018-06-19 00:00:00+00:00,-0.006816729625238303,3.0,0.0,0.00031746031746031746,2.790302399960311
2018-06-20 00:00:00+00:00,0.002072216580791696,3.0,0.0,0.00031746031746031746,2.7960845108589316
2018-06-21 00:00:00+00:00,-0.009797359684131788,3.0,0.0,0.00031746031746031746,2.768690265198817
2018-06-22 00:00:00+00:00,0.0017672658285610063,3.0,0.0,0.00031746031746031746,2.7735832768943722
2018-06-25 00:00:00+00:00,-0.020806212008292597,3.0,0.0,0.00031746031746031746,2.715875515212653
2018-06-26 00:00:00+00:00,0.0015837783452307289,3.0,0.0,0.00031746031746031746,2.7201768600419896
2018-06-27 00:00:00+00:00,-0.01307028203260202,3.0,0.0,0.00031746031746031746,2.684623381302683
2018-06-28 00:00:00+00:00,0.008355126005715903,3.0,0.0,0.00031746031746031746,2.7070537479313583
2018-06-29 00:00:00+00:00,0.00020372565387492673,3.0,0.0,0.00031746031746031746,2.7076052442262304
2018-07-02 00:00:00+00:00,0.002672881599842657,3.0,0.0,0.00031746031746031746,2.7148423524631604
2018-07-03 00:00:00+00:00,-0.008686434922170853,3.0,0.0,0.00031746031746031746,2.691260051044536
2018-07-05 00:00:00+00:00,0.013585925107934178,3.0,0.0,0.00031746031746031746,2.7278233085440022
2018-07-06 00:00:00+00:00,0.013869320197359803,3.0,0.0,0.00031746031746031746,2.7656563634520204
2018-07-09 00:00:00+00:00,0.016362301925343575,3.0,0.0,0.00031746031746031746,2.81090886789257
2018-07-10 00:00:00+00:00,0.006230350894259617,3.0,0.0,0.00031746031746031746,2.828421816471327
2018-07-11 00:00:00+00:00,-0.014669541801265007,2.999999999999999,0.22542136027135085,0.0003174603174603173,2.786930164402991
2018-07-12 00:00:00+00:00,0.01711211730619813,2.999999999999999,0.0,0.0003174603174603173,2.834620440300437
2018-07-13 00:00:00+00:00,0.0018105471203575454,2.999999999999999,0.0,0.0003174603174603173,2.8397526541759297
2018-07-16 00:00:00+00:00,-0.002349799809130142,2.999999999999999,0.0,0.0003174603174603173,2.83307980393117
2018-07-17 00:00:00+00:00,0.04871830332636597,2.999999999999999,0.0,0.0003174603174603173,2.9711026451668907
2018-07-18 00:00:00+00:00,0.007282407170854869,2.999999999999999,0.0,0.0003174603174603173,2.9927394243754
2018-07-19 00:00:00+00:00,-0.001836118655182585,2.999999999999999,0.0,0.0003174603174603173,2.987244399688204
2018-07-20 00:00:00+00:00,-0.009473567922772083,2.999999999999999,0.0,0.0003174603174603173,2.958944536965837
2018-07-23 00:00:00+00:00,0.026147587097709334,2.999999999999999,0.0,0.0003174603174603173,3.036313796963442
2018-07-24 00:00:00+00:00,0.05369107502985906,2.999999999999999,0.0,0.0003174603174603173,3.1993367488504028
2018-07-25 00:00:00+00:00,0.0032667692214935844,2.999999999999999,0.0,0.0003174603174603173,3.2097882436707406
2018-07-26 00:00:00+00:00,-0.019930164008030334,2.999999999999999,0.0,0.0003174603174603173,3.145816637543335
2018-07-27 00:00:00+00:00,1.1377646724243246e-05,2.999999999999999,0.0,0.0003174603174603173,3.1458524295336963
2018-07-30 00:00:00+00:00,-0.010613953926562808,2.999999999999999,0.0,0.0003174603174603173,3.11246249678686
2018-07-31 00:00:00+00:00,-0.015035481628445913,2.999999999999999,0.0,0.0003174603174603173,3.0656651240971944
2018-08-01 00:00:00+00:00,-0.012116244485287555,2.999999999999999,0.0,0.0003174603174603173,3.0285207759436132
2018-08-02 00:00:00+00:00,0.005278033168263583,2.999999999999999,0.0,0.0003174603174603173,3.044505409049819
2018-08-03 00:00:00+00:00,0.000546217461470333,2.999999999999999,0.0,0.0003174603174603173,3.0461683710657828
2018-08-06 00:00:00+00:00,-0.024948171626782933,2.999999999999999,0.0,0.0003174603174603173,2.9701720397403557
2018-08-07 00:00:00+00:00,-0.008620784450314598,2.999999999999999,0.0,0.0003174603174603173,2.944566826805403
2018-08-08 00:00:00+00:00,-0.0014731391595006638,2.999999999999999,0.0,0.0003174603174603173,2.9402290701050693
2018-08-09 00:00:00+00:00,-0.0028438689387667465,3.0,0.13020762293049815,0.00031746031746031746,2.9318674439797383
2018-08-10 00:00:00+00:00,-0.04086499244512056,3.0,0.0,0.00031746031746031746,2.8120567030314114
2018-08-13 00:00:00+00:00,-0.009847674455077109,3.0,0.0,0.00031746031746031746,2.784364484070741
2018-08-14 00:00:00+00:00,0.005640440837412455,3.0,0.0,0.00031746031746031746,2.8000695272129343
2018-08-15 00:00:00+00:00,-0.016327872509996056,3.0,0.0,0.00031746031746031746,2.754350348953477
2018-08-16 00:00:00+00:00,0.016633408643056926,3.0,0.0,0.00031746031746031746,2.8001645838537663
2018-08-17 00:00:00+00:00,0.006032723071868312,3.0,0.0,0.00031746031746031746,2.8170572013438098
2018-08-20 00:00:00+00:00,0.003808363625909215,3.0,0.0,0.00031746031746031746,2.827785579521513
2018-08-21 00:00:00+00:00,0.003965914924586936,3.0,0.0,0.00031746031746031746,2.8390003365548693
2018-08-22 00:00:00+00:00,-0.0017108515976237354,3.0,0.0,0.00031746031746031746,2.8341432282934202
2018-08-23 00:00:00+00:00,-0.003720541660944679,3.0,0.0,0.00031746031746031746,2.82359868033947
2018-08-24 00:00:00+00:00,0.011802058559414744,3.0,0.0,0.00031746031746031746,2.856922957313123
2018-08-27 00:00:00+00:00,0.015050812448005739,3.0,0.0,0.00031746031746031746,2.899921968922045
2018-08-28 00:00:00+00:00,0.00033672036876495075,3.0,0.0,0.00031746031746031746,2.90089843171681
2018-08-29 00:00:00+00:00,0.011454118622910296,3.0,0.0,0.00031746031746031746,2.934125666466709
2018-08-30 00:00:00+00:00,-0.008609102126255212,3.0,0.0,0.00031746031746031746,2.9088654789528303
2018-08-31 00:00:00+00:00,-8.427914545028716e-05,3.0,0.0,0.00031746031746031746,2.9086203222560343
2018-09-04 00:00:00+00:00,0.0016870029696416087,3.0,0.0,0.00031746031746031746,2.9135271733772403
2018-09-05 00:00:00+00:00,-0.04099909033079723,3.0,0.0,0.00031746031746031746,2.794075209614715
2018-09-06 00:00:00+00:00,-0.007557459323637647,3.0,0.0,0.00031746031746031746,2.7729590998708673
2018-09-07 00:00:00+00:00,-0.004852308913754809,3.0,0.0,0.00031746031746031746,2.7595038457130867
2018-09-10 00:00:00+00:00,-0.011610920909171643,3.0,0.22290033861859826,0.00031746031746031746,2.727463464811957
2018-09-11 00:00:00+00:00,0.007099460208861999,3.0,0.0,0.00031746031746031746,2.746826983151515
2018-09-12 00:00:00+00:00,-0.00017106680726124208,3.0,0.0,0.00031746031746031746,2.7463570922294083
2018-09-13 00:00:00+00:00,0.02152143220253918,3.0,0.0,0.00031746031746031746,2.8054626301937864
2018-09-14 00:00:00+00:00,0.0003106897416989509,3.0,0.0,0.00031746031746031746,2.806334258653707
2018-09-17 00:00:00+00:00,-0.012578066631023852,3.0,0.0,0.00031746031746031746,2.7710359993594356
2018-09-18 00:00:00+00:00,0.011246971646151146,3.0,0.0,0.00031746031746031746,2.8022017626746956
2018-09-19 00:00:00+00:00,0.0024298049029602745,3.0,0.0,0.00031746031746031746,2.8090105662567266
2018-09-20 00:00:00+00:00,0.024006527707210037,3.0,0.0,0.00031746031746031746,2.8764451562454147
2018-09-21 00:00:00+00:00,0.012543110509854932,3.0,0.0,0.00031746031746031746,2.912524725715738
2018-09-24 00:00:00+00:00,-0.009560110438425647,3.0,0.0,0.00031746031746031746,2.8846806676832504
2018-09-25 00:00:00+00:00,-0.0030492767995674154,3.0,0.0,0.00031746031746031746,2.875884477849123
2018-09-26 00:00:00+00:00,-0.007277569709141783,3.0,0.0,0.00031746031746031746,2.8549550280861373
2018-09-27 00:00:00+00:00,0.0053417321966845056,3.0,0.0,0.00031746031746031746,2.870205433279751
2018-09-28 00:00:00+00:00,-0.00041520444770557874,3.0,0.0,0.00031746031746031746,2.8690137112180247
2018-10-01 00:00:00+00:00,0.006622680185756806,3.0,0.0,0.00031746031746031746,2.888014271475973
2018-10-02 00:00:00+00:00,-0.001267521292133736,3.0,0.0,0.00031746031746031746,2.884353651894891
2018-10-03 00:00:00+00:00,0.0007792358155570402,3.0,0.0,0.00031746031746031746,2.8866012435651798
2018-10-04 00:00:00+00:00,-0.01556614747530501,3.0,0.0,0.00031746031746031746,2.841667982905445
2018-10-05 00:00:00+00:00,-0.011306154937809744,3.0,0.0,0.00031746031746031746,2.809539644408903
2018-10-08 00:00:00+00:00,0.0011271424782917584,3.0,0.0,0.00031746031746031746,2.812706395886561
2018-10-09 00:00:00+00:00,-0.004266914487140633,2.9999999999999996,0.19751334902332937,0.0003174603174603174,2.8007048182178793
2018-10-10 00:00:00+00:00,-0.05479607273694146,2.9999999999999996,0.0,0.0003174603174603174,2.64723719328411
2018-10-11 00:00:00+00:00,-0.03262475360765891,2.9999999999999996,0.0,0.0003174603174603174,2.5608717321121857
2018-10-12 00:00:00+00:00,0.0018535167058588609,2.9999999999999996,0.0,0.0003174603174603174,2.5656183506492174
2018-10-15 00:00:00+00:00,-0.010670147758117554,2.9999999999999996,0.0,0.0003174603174603174,2.5382428237568524
2018-10-16 00:00:00+00:00,0.01901198031803279,2.9999999999999996,0.0,0.0003174603174603174,2.586499846364506
2018-10-17 00:00:00+00:00,-0.004699607937936102,2.9999999999999996,0.0,0.0003174603174603174,2.574344311155061
2018-10-18 00:00:00+00:00,-0.026208827441815612,2.9999999999999996,0.0,0.0003174603174603174,2.5068737653281783
2018-10-19 00:00:00+00:00,-0.005971648268447483,2.9999999999999996,0.0,0.0003174603174603174,2.49190359694824
2018-10-22 00:00:00+00:00,-0.00981129037954144,2.9999999999999996,0.0,0.0003174603174603174,2.467454807160757
2018-10-23 00:00:00+00:00,-0.008843113317705764,2.9999999999999996,0.0,0.0003174603174603174,2.4456348246947166
2018-10-24 00:00:00+00:00,-0.04221305444108671,2.9999999999999996,0.0,0.0003174603174603174,2.342397108696861
2018-10-25 00:00:00+00:00,0.0223100827924376,2.9999999999999996,0.0,0.0003174603174603174,2.3946561821246544
2018-10-26 00:00:00+00:00,-0.02354053135459885,2.9999999999999996,0.0,0.0003174603174603174,2.338284703185865
2018-10-29 00:00:00+00:00,-0.011777395770244862,2.9999999999999996,0.0,0.0003174603174603174,2.3107457988129356
2018-10-30 00:00:00+00:00,0.017614193453583546,2.9999999999999996,0.0,0.0003174603174603174,2.351447722335282
2018-10-31 00:00:00+00:00,0.01292472107483499,2.9999999999999996,0.0,0.0003174603174603174,2.3818395282685216
2018-11-01 00:00:00+00:00,0.014593771554533869,2.9999999999999996,0.0,0.0003174603174603174,2.4165995502236313
2018-11-02 00:00:00+00:00,-0.011991063009800032,2.9999999999999996,0.0,0.0003174603174603174,2.387621952747445
2018-11-05 00:00:00+00:00,0.007631568317321515,2.9999999999999996,0.0,0.0003174603174603174,2.405843252795774
2018-11-06 00:00:00+00:00,0.011538002669074652,2.9999999999999996,0.0,0.0003174603174603174,2.433601878667907
2018-11-07 00:00:00+00:00,0.028937960901286783,3.0,1.3347185660319978,0.00031746031746031746,2.5040253546820965
2018-11-08 00:00:00+00:00,-0.0036893550413151757,3.0,0.0,0.00031746031746031746,2.494787116116219
2018-11-09 00:00:00+00:00,-0.015173053295197433,3.0,0.0,0.00031746031746031746,2.4569335782432153
2018-11-12 00:00:00+00:00,-0.0348144148404165,3.0,0.0,0.00031746031746031746,2.3713968734149073
2018-11-13 00:00:00+00:00,-0.005358339658565055,3.0,0.0,0.00031746031746031746,2.358690123501891
2018-11-14 00:00:00+00:00,-0.07861498244478167,3.0,0.0,0.00031746031746031746,2.17326174085011
2018-11-15 00:00:00+00:00,0.014402732720439015,3.0,0.0,0.00031746031746031746,2.2045626488351298
2018-11-16 00:00:00+00:00,0.0006526140915740521,3.0,0.0,0.00031746031746031746,2.2060013774855176
2018-11-19 00:00:00+00:00,-0.02166586481821115,3.0,0.0,0.00031746031746031746,2.1582064498521287
2018-11-20 00:00:00+00:00,-0.020395545315064264,3.0,0.0,0.00031746031746031746,2.1141886524049056
2018-11-21 00:00:00+00:00,0.00025933510896581854,3.0,0.0,0.00031746031746031746,2.1147369357494514
2018-11-23 00:00:00+00:00,-0.007594455776536665,3.0,0.0,0.00031746031746031746,2.0986766596118938
2018-11-26 00:00:00+00:00,0.013302871325436363,3.0,0.0,0.00031746031746031746,2.1265950851684075
2018-11-27 00:00:00+00:00,0.004099408026551675,3.0,0.0,0.00031746031746031746,2.1353128661297722
2018-11-28 00:00:00+00:00,0.03083358575206784,3.0,0.0,0.00031746031746031746,2.2011522184950785
2018-11-29 00:00:00+00:00,-0.0026242715648089527,3.0,0.0,0.00031746031746031746,2.195375797318266
2018-11-30 00:00:00+00:00,0.012475236868944714,3.0,0.0,0.00031746031746031746,2.2227636304061598
2018-12-04 00:00:00+00:00,-0.0315988859797158,3.0,0.0,0.00031746031746031746,2.1525267758890965
2018-12-06 00:00:00+00:00,-0.002752410767204559,3.0,0.0,0.00031746031746031746,2.146602138014443
2018-12-07 00:00:00+00:00,-0.02735808661843484,3.0,0.0,0.00031746031746031746,2.0878752107873266
2018-12-10 00:00:00+00:00,-0.003596765989529939,3.0,0.0,0.00031746031746031746,2.080365612238784
2018-12-11 00:00:00+00:00,-0.0024043906316985717,3.0,0.3696838905869469,0.00031746031746031746,2.0753636006502094
2018-12-12 00:00:00+00:00,0.004007892656768394,3.0,0.0,0.00031746031746031746,2.0836814351853796
2018-12-13 00:00:00+00:00,-0.0023938622944171925,3.0,0.0,0.00031746031746031746,2.0786933887641124
2018-12-14 00:00:00+00:00,-0.0192272932844666,3.0,0.0,0.00031746031746031746,2.038725741329863
2018-12-17 00:00:00+00:00,-0.013210132012828172,3.0,0.0,0.00031746031746031746,2.0117939051489446
2018-12-18 00:00:00+00:00,0.0008815998586214993,3.0,0.0,0.00031746031746031746,2.0135675023712998
2018-12-19 00:00:00+00:00,-0.005599870481741964,3.0,0.0,0.00031746031746031746,2.002291785151776
2018-12-20 00:00:00+00:00,-0.000718273597911405,3.0,0.0,0.00031746031746031746,2.0008535918271866
2018-12-21 00:00:00+00:00,-0.016153949367937088,3.0,0.0,0.00031746031746031746,1.9685319042121552
2018-12-24 00:00:00+00:00,-0.019589416504370603,3.0,0.0,0.00031746031746031746,1.9299695128384013
2018-12-26 00:00:00+00:00,-0.010490055934753809,3.0,0.0,0.00031746031746031746,1.909724024696357
2018-12-27 00:00:00+00:00,-0.03128300712862948,3.0,0.0,0.00031746031746031746,1.8499821144180657
2018-12-28 00:00:00+00:00,-0.0050680943217320355,3.0,0.0,0.00031746031746031746,1.8406062305686777
2018-12-31 00:00:00+00:00,0.00606087583785463,3.0,0.0,0.00031746031746031746,1.8517619163985362
2019-01-02 00:00:00+00:00,-0.0019365641116574363,3.0,0.0,0.00031746031746031746,1.8481758607279049
2019-01-03 00:00:00+00:00,-0.05134653522897298,3.0,0.0,0.00031746031746031746,1.753278433785702
2019-01-04 00:00:00+00:00,0.039057459335276594,3.0,0.0,0.00031746031746031746,1.8217570349167045
2019-01-07 00:00:00+00:00,0.0419594732901195,3.0,0.0,0.00031746031746031746,1.8981970005643791
2019-01-08 00:00:00+00:00,0.0142792889042968,3.0,0.0,0.00031746031746031746,1.9253019039327077
2019-01-09 00:00:00+00:00,0.006661836815481315,3.0,0.0,0.00031746031746031746,1.9381279510372431
2019-01-10 00:00:00+00:00,-0.06223982669818743,3.0,0.0,0.00031746031746031746,1.8174992032457722
2019-01-11 00:00:00+00:00,0.0009513445162304948,3.0,0.13008058159790803,0.00031746031746031746,1.8192282711460335
2019-01-14 00:00:00+00:00,-0.0038518221402236217,3.0,0.0,0.00031746031746031746,1.8122209274131125
2019-01-15 00:00:00+00:00,0.0008692812571060517,3.0,0.0,0.00031746031746031746,1.813796257099048
2019-01-16 00:00:00+00:00,0.008035952328676307,3.0,0.0,0.00031746031746031746,1.8283718373550275
2019-01-17 00:00:00+00:00,0.016146144496560048,3.0,0.0,0.00031746031746031746,1.8578929932344028
2019-01-18 00:00:00+00:00,0.019035347189442973,3.0,0.0,0.00031746031746031746,1.893258631401453
2019-01-22 00:00:00+00:00,-0.017457183687322617,3.0,0.0,0.00031746031746031746,1.8602076677054689
2019-01-23 00:00:00+00:00,0.0013676648104738133,3.0,0.0,0.00031746031746031746,1.8627518082727634
2019-01-24 00:00:00+00:00,4.8657325872334995e-06,3.0,0.0,0.00031746031746031746,1.8627608719249389
2019-01-25 00:00:00+00:00,0.010120108061388699,3.0,0.0,0.00031746031746031746,1.8816122132413458
2019-01-28 00:00:00+00:00,-0.010861626828834325,3.0,0.0,0.00031746031746031746,1.8611748435445412
2019-01-29 00:00:00+00:00,-0.0023944768081942875,3.0,0.0,0.00031746031746031746,1.8567183035456791
2019-01-30 00:00:00+00:00,0.019925311822302522,3.0,0.0,0.00031746031746031746,1.8937139947100035
2019-01-31 00:00:00+00:00,0.011979930375986662,3.0,0.0,0.00031746031746031746,1.9164005565186608
2019-02-01 00:00:00+00:00,0.0008234214838395229,3.0,0.0,0.00031746031746031746,1.9179785619085405
2019-02-04 00:00:00+00:00,0.009381528222771808,3.0,0.0,0.00031746031746031746,1.9359721319177567
2019-02-05 00:00:00+00:00,0.006671011091474083,3.0,0.0,0.00031746031746031746,1.9488870234825648
2019-02-06 00:00:00+00:00,-0.0036482413454082606,3.0,0.0,0.00031746031746031746,1.941777013265966
2019-02-07 00:00:00+00:00,-0.014069731710976663,3.0,0.0,0.00031746031746031746,1.9144567316467722
2019-02-08 00:00:00+00:00,0.0008931261451114981,3.0,0.0,0.00031746031746031746,1.9161665830074908
2019-02-11 00:00:00+00:00,-0.008638281446591947,3.0,0.0,0.00031746031746031746,1.8996141967649176
2019-02-12 00:00:00+00:00,0.01878161116173938,3.0,0.06422639117929368,0.00031746031746031746,1.935292011965876
2019-02-13 00:00:00+00:00,-0.0006371530602519717,3.0,0.0,0.00031746031746031746,1.9340589347379706
2019-02-14 00:00:00+00:00,-0.004832148337662373,3.0,0.0,0.00031746031746031746,1.9247132750715357
2019-02-15 00:00:00+00:00,0.01613026953795506,3.0,0.0,0.00031746031746031746,1.9557594189817198
2019-02-19 00:00:00+00:00,0.053918628318244455,3.0,0.0,0.00031746031746031746,2.0612112841737007
2019-02-20 00:00:00+00:00,0.011712417171701218,3.0,0.0,0.00031746031746031746,2.085353050612961
2019-02-21 00:00:00+00:00,-0.013679352683633773,3.0,0.0,0.00031746031746031746,2.0568267707637347
2019-02-22 00:00:00+00:00,0.018046891497785923,3.0,0.0,0.00031746031746031746,2.093946100325449
2019-02-25 00:00:00+00:00,-0.019000316393142005,3.0,0.0,0.00031746031746031746,2.05416046190908
2019-02-26 00:00:00+00:00,-0.006818141108959574,3.0,0.0,0.00031746031746031746,2.040154906019338
2019-02-27 00:00:00+00:00,-0.0017209896431635949,3.0,0.0,0.00031746031746031746,2.0366438205556294
2019-02-28 00:00:00+00:00,-0.0034195150608165243,3.0,0.0,0.00031746031746031746,2.0296794863377206
2019-03-01 00:00:00+00:00,0.010390044313276673,3.0,0.0,0.00031746031746031746,2.050767946142518
2019-03-04 00:00:00+00:00,-0.024724543905184693,3.0,0.0,0.00031746031746031746,2.000063644018772
2019-03-05 00:00:00+00:00,0.023850655445036704,3.0,0.0,0.00031746031746031746,2.047766472860408
2019-03-06 00:00:00+00:00,-0.008652070552854002,3.0,0.0,0.00031746031746031746,2.0300490528614508
2019-03-07 00:00:00+00:00,-0.010821747855932245,3.0,0.0,0.00031746031746031746,2.00808037387621
2019-03-08 00:00:00+00:00,-0.0061505332892709385,3.0,0.0,0.00031746031746031746,1.9957296086891527
2019-03-11 00:00:00+00:00,0.02262108727131593,3.0,0.0,0.00031746031746031746,2.0408751823372593
2019-03-12 00:00:00+00:00,0.0049970013098226875,3.0,0.0,0.00031746031746031746,2.051073438296583
2019-03-13 00:00:00+00:00,0.010113788327685927,3.0,0.0,0.00031746031746031746,2.0718175608960534
2019-03-14 00:00:00+00:00,0.001692588470833077,3.0,0.20921927770307513,0.00031746031746031746,2.0753242954132953
2019-03-15 00:00:00+00:00,0.014476331414704557,3.0,0.0,0.00031746031746031746,2.105367377706686
2019-03-18 00:00:00+00:00,0.017309878611674722,3.0,0.0,0.00031746031746031746,2.141811031447769
2019-03-19 00:00:00+00:00,0.0060186229411741815,3.0,0.0,0.00031746031746031746,2.1547017844573007
2019-03-20 00:00:00+00:00,-0.002017827131159264,3.0,0.0,0.00031746031746031746,2.150353968737065
2019-03-21 00:00:00+00:00,0.006843410940793075,3.0,0.0,0.00031746031746031746,2.165069724613298
2019-03-22 00:00:00+00:00,-0.027401808623663773,3.0,0.0,0.00031746031746031746,2.105742898362556
2019-03-25 00:00:00+00:00,-0.013104096211822958,3.0,0.0,0.00031746031746031746,2.0781490408250503
2019-03-26 00:00:00+00:00,0.007745655868856572,3.0,0.0,0.00031746031746031746,2.0942456681394757
2019-03-27 00:00:00+00:00,0.009185973110590656,3.0,0.0,0.00031746031746031746,2.113483352533976
2019-03-28 00:00:00+00:00,0.0016003895693259495,3.0,0.0,0.00031746031746031746,2.1168657492463154
2019-03-29 00:00:00+00:00,0.014411789158041241,3.0,0.0,0.00031746031746031746,2.1473735721003324
2019-04-01 00:00:00+00:00,0.027601860629656683,3.0,0.0,0.00031746031746031746,2.2066450781572535
2019-04-02 00:00:00+00:00,0.11626887343150115,3.0,0.0,0.00031746031746031746,2.463209215457764
2019-04-03 00:00:00+00:00,0.015999099442290683,3.0,0.0,0.00031746031746031746,2.50261834464304
2019-04-04 00:00:00+00:00,-0.003475502905632964,3.0,0.0,0.00031746031746031746,2.4939204873145426
2019-04-05 00:00:00+00:00,0.022611235810527427,3.0,0.0,0.00031746031746031746,2.550311111545917
2019-04-08 00:00:00+00:00,0.034900739222045375,3.0,0.0,0.00031746031746031746,2.6393188545850657
2019-04-09 00:00:00+00:00,-0.020584321762853915,3.0,0.0,0.00031746031746031746,2.5849902660475195
2019-04-10 00:00:00+00:00,0.02090455852641157,3.0,0.0,0.00031746031746031746,2.6390283463543143
2019-04-11 00:00:00+00:00,-0.03308291823093747,3.0,0.0,0.00031746031746031746,2.5517215873627483
2019-04-12 00:00:00+00:00,0.01543788572646292,3.0,0.8712558710380975,0.00031746031746031746,2.591114773634203
2019-04-15 00:00:00+00:00,-0.003561731754889907,3.0,0.0,0.00031746031746031746,2.5818859178643856
2019-04-16 00:00:00+00:00,0.015838915573633948,3.0,0.0,0.00031746031746031746,2.6227801909381943
2019-04-17 00:00:00+00:00,-0.0034472066490755923,3.0,0.0,0.00031746031746031746,2.6137389256249284
2019-04-18 00:00:00+00:00,0.00658853074883998,3.0,0.0,0.00031746031746031746,2.6309596249058482
2019-04-22 00:00:00+00:00,0.009752808511329557,3.0,0.0,0.00031746031746031746,2.6566188703285945
2019-04-23 00:00:00+00:00,0.03194105810365081,3.0,0.0,0.00031746031746031746,2.741474088025015
2019-04-24 00:00:00+00:00,-0.013121583585836188,3.0,0.0,0.00031746031746031746,2.705501606630591
2019-04-25 00:00:00+00:00,-0.022438843101780515,3.0,0.0,0.00031746031746031746,2.644793280567792
2019-04-26 00:00:00+00:00,0.014863299095925535,3.0,0.0,0.00031746031746031746,2.684103634143765
2019-04-29 00:00:00+00:00,-0.0010374668603011009,3.0,0.0,0.00031746031746031746,2.681318965573727
2019-04-30 00:00:00+00:00,0.010700521461802982,3.0,0.0,0.00031746031746031746,2.7100104767107878
2019-05-01 00:00:00+00:00,-0.010749049817503721,3.0,0.0,0.00031746031746031746,2.6808804390906666
2019-05-02 00:00:00+00:00,0.0035094586929634627,3.0,0.0,0.00031746031746031746,2.690288878252429
2019-05-03 00:00:00+00:00,0.040314202486447785,3.0,0.0,0.00031746031746031746,2.7987457288373356
2019-05-06 00:00:00+00:00,-0.01042178202225926,3.0,0.0,0.00031746031746031746,2.769577810915664
2019-05-07 00:00:00+00:00,-0.02373403931890389,3.0,0.0,0.00031746031746031746,2.7038445422546276
2019-05-08 00:00:00+00:00,0.008128606033455615,3.0,0.0,0.00031746031746031746,2.7258230293143244
2019-05-09 00:00:00+00:00,0.00822073903458053,3.0,0.0,0.00031746031746031746,2.748231309092767
2019-05-10 00:00:00+00:00,0.018855989384053848,3.0,0.0,0.00031746031746031746,2.8000519294819446
2019-05-13 00:00:00+00:00,0.055153283449632134,3.0,0.0,0.00031746031746031746,2.954483987222352
2019-05-14 00:00:00+00:00,0.02031264525083656,3.0,0.4170103476264384,0.00031746031746031746,3.014497372354077
2019-05-15 00:00:00+00:00,0.021383431904508848,3.0,0.0,0.00031746031746031746,3.0789576716421307
2019-05-16 00:00:00+00:00,0.006954043847494441,3.0,0.0,0.00031746031746031746,3.1003688782953094
2019-05-17 00:00:00+00:00,-0.034768438600573943,3.0,0.0,0.00031746031746031746,2.9925738933111683
2019-05-20 00:00:00+00:00,0.018641979155804452,3.0,0.0,0.00031746031746031746,3.0483613934524794
2019-05-21 00:00:00+00:00,0.010913526294830722,3.0,0.0,0.00031746031746031746,3.08162976567607
2019-05-22 00:00:00+00:00,-0.018852383024194428,3.0,0.0,0.00031746031746031746,3.0235337009947862
2019-05-23 00:00:00+00:00,-0.011385009610611844,3.0,0.0,0.00031746031746031746,2.989110740750952
2019-05-24 00:00:00+00:00,0.004697714918909532,3.0,0.0,0.00031746031746031746,3.0031527308720505
2019-05-28 00:00:00+00:00,0.017763339129444434,3.0,0.0,0.00031746031746031746,3.056498751288048
2019-05-29 00:00:00+00:00,-0.01441978216308179,3.0,0.0,0.00031746031746031746,3.012424705112743
2019-05-30 00:00:00+00:00,-0.013566375596014894,3.0,0.0,0.00031746031746031746,2.971557020108469
2019-05-31 00:00:00+00:00,-0.008272242567812293,3.0,0.0,0.00031746031746031746,2.946975579634046
2019-06-03 00:00:00+00:00,-0.02069850131872873,3.0,0.0,0.00031746031746031746,2.8859776017127294
2019-06-04 00:00:00+00:00,0.008329599525998602,3.0,0.0,0.00031746031746031746,2.9100166393759985
2019-06-05 00:00:00+00:00,0.018266108695602305,3.0,0.0,0.00031746031746031746,2.963171319616852
2019-06-06 00:00:00+00:00,0.012217476715140101,3.0,0.0,0.00031746031746031746,2.999373796217242
2019-06-07 00:00:00+00:00,0.03217491814326497,3.0,0.0,0.00031746031746031746,3.0958784025915858
2019-06-10 00:00:00+00:00,0.0073585331413714445,3.0,0.0,0.00031746031746031746,3.1186595264187122
2019-06-11 00:00:00+00:00,-0.004594667038649533,3.0,0.0,0.00031746031746031746,3.104330324287906
2019-06-12 00:00:00+00:00,0.004425740884362582,3.0,0.0,0.00031746031746031746,3.1180692859226737
2019-06-13 00:00:00+00:00,0.012726757655324557,3.0,0.09294937630738978,0.00031746031746031746,3.157752198077122
2019-06-14 00:00:00+00:00,0.014201952120097821,3.0,0.0,0.00031746031746031746,3.202598443601347
2019-06-17 00:00:00+00:00,0.025088441143474385,3.0,0.0,0.00031746031746031746,3.282946646159822
2019-06-18 00:00:00+00:00,0.014162412207133324,3.0,0.0,0.00031746031746031746,3.3294410898167635
2019-06-19 00:00:00+00:00,0.013555370082785794,3.0,0.0,0.00031746031746031746,3.374572895958063
2019-06-20 00:00:00+00:00,0.03099420712840695,3.0,0.0,0.00031746031746031746,3.479165107265296
2019-06-21 00:00:00+00:00,0.019152571408460817,3.0,0.0,0.00031746031746031746,3.54580006542402
2019-06-24 00:00:00+00:00,0.02244390749930043,3.0,0.0,0.00031746031746031746,3.6253816741034095
2019-06-25 00:00:00+00:00,0.00409144760982667,3.0,0.0,0.00031746031746031746,3.640214733288629
2019-06-26 00:00:00+00:00,0.03047277235280741,3.0,0.0,0.00031746031746031746,3.751142168171469
2019-06-27 00:00:00+00:00,-0.03889821925001536,3.0,0.0,0.00031746031746031746,3.6052294176759574
2019-06-28 00:00:00+00:00,0.04723751332804111,3.0,0.0,0.00031746031746031746,3.7755314903440715
2019-07-01 00:00:00+00:00,-0.03569313537063807,3.0,0.0,0.00031746031746031746,3.6407709337631133
2019-07-02 00:00:00+00:00,0.012283079520180859,3.0,0.0,0.00031746031746031746,3.685490812657289
2019-07-03 00:00:00+00:00,0.052668368275596116,3.0,0.0,0.00031746031746031746,3.8795996000546493
2019-07-08 00:00:00+00:00,-0.006086511572946289,3.0,0.0,0.00031746031746031746,3.855986372190519
2019-07-09 00:00:00+00:00,0.010687544918453272,3.0,0.0,0.00031746031746031746,3.897197399748249
2019-07-10 00:00:00+00:00,-0.0008683648702674349,3.0,0.0,0.00031746031746031746,3.89381321043381
2019-07-11 00:00:00+00:00,-0.016423113651289137,3.0,0.0,0.00031746031746031746,3.8298646735419646
2019-07-12 00:00:00+00:00,0.02374482230319982,3.0,0.0,0.00031746031746031746,3.9208041296605205
2019-07-15 00:00:00+00:00,-0.024616561891612303,3.0,0.0,0.00031746031746031746,3.824287412137843
2019-07-16 00:00:00+00:00,-0.042795401340561305,3.0,0.264112183497017,0.00031746031746031746,3.6606254974937475
2019-07-17 00:00:00+00:00,-0.010558782039618804,3.0,0.0,0.00031746031746031746,3.6219737507370398
2019-07-18 00:00:00+00:00,0.03488031314354613,3.0,0.0,0.00031746031746031746,3.748309329360452
2019-07-19 00:00:00+00:00,-0.016948355918825507,3.0,0.0,0.00031746031746031746,3.684781648752597
2019-07-22 00:00:00+00:00,-0.0006777047392615638,3.0,0.0,0.00031746031746031746,3.6822844547660933
2019-07-23 00:00:00+00:00,0.014184568302960731,3.0,0.0,0.00031746031746031746,3.7345160701256535
2019-07-24 00:00:00+00:00,0.01031482396368251,3.0,0.0,0.00031746031746031746,3.7730369459785433
2019-07-25 00:00:00+00:00,-0.012638614107412467,3.0,0.0,0.00031746031746031746,3.72535098800531
2019-07-26 00:00:00+00:00,0.016721764665194493,3.0,0.0,0.00031746031746031746,3.7876454305219847
2019-07-29 00:00:00+00:00,-0.0043996246101964745,3.0,0.0,0.00031746031746031746,3.770981212471162
2019-07-30 00:00:00+00:00,-0.0059332253964649966,3.0,0.0,0.00031746031746031746,3.7486071309717355
2019-07-31 00:00:00+00:00,-0.02394685529434094,3.0,0.0,0.00031746031746031746,3.658839778451021
2019-08-01 00:00:00+00:00,-0.018072586679055924,3.0,0.0,0.00031746031746031746,3.5927150794101874
2019-08-02 00:00:00+00:00,-0.016196072717940053,3.0,0.0,0.00031746031746031746,3.53452720472922
2019-08-05 00:00:00+00:00,-0.045765042008878036,3.0,0.0,0.00031746031746031746,3.3727694187232653
2019-08-06 00:00:00+00:00,0.004350642934518915,3.0,0.0,0.00031746031746031746,3.3874431341645947
2019-08-07 00:00:00+00:00,0.009647979177965602,3.0,0.0,0.00031746031746031746,3.420125114989557
2019-08-08 00:00:00+00:00,0.03265154420576505,3.0,0.0,0.00031746031746031746,3.531797481370886
2019-08-09 00:00:00+00:00,-0.015031146160701168,3.0,0.0,0.00031746031746031746,3.478710517218404
2019-08-12 00:00:00+00:00,-0.02455031596433602,3.0,0.0,0.00031746031746031746,3.3933070748722334
2019-08-13 00:00:00+00:00,0.02644805376298452,3.0,0.0,0.00031746031746031746,3.48305344282277
2019-08-14 00:00:00+00:00,-0.07455728081543789,3.0,0.07774664948273546,0.00031746031746031746,3.223366449191055
2019-08-15 00:00:00+00:00,-0.007191688129083721,3.0,0.0,0.00031746031746031746,3.2001850029627206
2019-08-16 00:00:00+00:00,0.027850583311309404,3.0,0.0,0.00031746031746031746,3.289312021999337
2019-08-19 00:00:00+00:00,0.016787880373902594,3.0,0.0,0.00031746031746031746,3.3445325987371013
2019-08-20 00:00:00+00:00,-0.0209280420030564,3.0,0.0,0.00031746031746031746,3.2745380800301396
2019-08-21 00:00:00+00:00,-0.0015424169010924862,3.0,0.0,0.00031746031746031746,3.26948737715223
2019-08-22 00:00:00+00:00,0.0004946287560264786,3.0,0.0,0.00031746031746031746,3.2711045596264356
2019-08-23 00:00:00+00:00,-0.04317285925859175,3.0,0.0,0.00031746031746031746,3.1298816228535458
2019-08-26 00:00:00+00:00,0.017033851048955422,3.0,0.0,0.00031746031746031746,3.183195560218096
2019-08-27 00:00:00+00:00,-0.010431687460779542,3.0,0.0,0.00031746031746031746,3.14998945900736
2019-08-28 00:00:00+00:00,-0.0013654715627751442,3.0,0.0,0.00031746031746031746,3.1456882379780438
2019-08-29 00:00:00+00:00,0.019576072664980456,3.0,0.0,0.00031746031746031746,3.2072684595060763
2019-08-30 00:00:00+00:00,0.0022101309126922935,3.0,0.0,0.00031746031746031746,3.2143569426737337
2019-09-03 00:00:00+00:00,-0.018274998420690986,3.0,0.0,0.00031746031746031746,3.155614574622834
2019-09-04 00:00:00+00:00,0.021492307454101987,3.0,0.0,0.00031746031746031746,3.2234360132672735
2019-09-05 00:00:00+00:00,0.030251121404208766,3.0,0.0,0.00031746031746031746,3.3209485674433203
2019-09-06 00:00:00+00:00,0.0012427639274001153,3.0,0.0,0.00031746031746031746,3.32507572252769
2019-09-09 00:00:00+00:00,-0.0006293057533919974,3.0,0.0,0.00031746031746031746,3.322983233245039
2019-09-10 00:00:00+00:00,0.000462252927908856,3.0,0.0,0.00031746031746031746,3.3245192919739983
2019-09-11 00:00:00+00:00,0.017168518876773235,3.0,0.0,0.00031746031746031746,3.3815963641944506
2019-09-12 00:00:00+00:00,0.007060555519556533,3.0,0.0,0.00031746031746031746,3.4054723130685765
2019-09-13 00:00:00+00:00,-0.0016152647057845395,3.0,0.2561382053500982,0.00031746031746031746,3.3999715738347502
2019-09-16 00:00:00+00:00,-0.008820203879589917,3.0,0.0,0.00031746031746031746,3.3699831313687176
2019-09-17 00:00:00+00:00,0.003957545318131566,3.0,0.0,0.00031746031746031746,3.383319992332448
2019-09-18 00:00:00+00:00,8.7120753710188e-06,3.0,0.0,0.00031746031746031746,3.3833494680712257
2019-09-19 00:00:00+00:00,-0.00019552034366580317,3.0,0.0,0.00031746031746031746,3.382687954420487
2019-09-20 00:00:00+00:00,-0.006804324767470135,3.0,0.0,0.00031746031746031746,3.3596710469916005
2019-09-23 00:00:00+00:00,-0.009678585223855202,3.0,0.0,0.00031746031746031746,3.3271541844391734
2019-09-24 00:00:00+00:00,-0.01486300503940248,3.0,0.0,0.00031746031746031746,3.277702675028985
2019-09-25 00:00:00+00:00,0.00966274975497784,3.0,0.0,0.00031746031746031746,3.3093742957490115
2019-09-26 00:00:00+00:00,-0.00554374961391782,3.0,0.0,0.00031746031746031746,3.2910279532746434
2019-09-27 00:00:00+00:00,-0.009367376724369644,3.0,0.0,0.00031746031746031746,3.2601996546258887
2019-09-30 00:00:00+00:00,0.007336071098981527,3.0,0.0,0.00031746031746031746,3.2841167110890996
2019-10-01 00:00:00+00:00,-0.022021139731867853,3.0,0.0,0.00031746031746031746,3.2117967180984444
2019-10-02 00:00:00+00:00,-0.028213399274569183,3.0,0.0,0.00031746031746031746,3.121181014901982
2019-10-03 00:00:00+00:00,0.010469295335436637,3.0,0.0,0.00031746031746031746,3.1538575807423483
2019-10-04 00:00:00+00:00,0.0216063481964249,3.0,0.0,0.00031746031746031746,3.2220009257938016
2019-10-07 00:00:00+00:00,-0.010159911425186845,3.0,0.0,0.00031746031746031746,3.1892656817758667
2019-10-08 00:00:00+00:00,-0.026435535516253533,3.0,0.0,0.00031746031746031746,3.1049557355745123
2019-10-09 00:00:00+00:00,0.011719808670846595,3.0,0.0,0.00031746031746031746,3.141345222726893
2019-10-10 00:00:00+00:00,0.010830737371693419,3.0,0.0,0.00031746031746031746,3.1753683078280717
2019-10-11 00:00:00+00:00,0.020226427199999956,3.0,0.0,0.00031746031746031746,3.239594663739543
2019-10-14 00:00:00+00:00,-0.004238338408507864,3.0,1.5657549012910676,0.00031746031746031746,3.2258641652482187
2019-10-15 00:00:00+00:00,0.01460232000609133,3.0,0.0,0.00031746031746031746,3.272969266085356
2019-10-16 00:00:00+00:00,-0.0033828697896732306,3.0,0.0,0.00031746031746031746,3.2618972372325867
2019-10-17 00:00:00+00:00,0.003956731718585484,3.0,0.0,0.00031746031746031746,3.2748036894939117
2019-10-18 00:00:00+00:00,-0.006686566058638573,3.0,0.0,0.00031746031746031746,3.252906498295037
2019-10-21 00:00:00+00:00,0.00832412312186916,3.0,0.0,0.00031746031746031746,3.279984092490773
2019-10-22 00:00:00+00:00,-0.00533409878026294,3.0,0.0,0.00031746031746031746,3.2624883333437364
2019-10-23 00:00:00+00:00,0.00328692642204007,3.0,0.0,0.00031746031746031746,3.2732118924482014
2019-10-24 00:00:00+00:00,0.0020312194369362002,3.0,0.0,0.00031746031746031746,3.2798605040653532
2019-10-25 00:00:00+00:00,0.005165168934432023,3.0,0.0,0.00031746031746031746,3.2968015376502224
2019-10-28 00:00:00+00:00,0.05783002206788864,3.0,0.0,0.00031746031746031746,3.4874556433259842
2019-10-29 00:00:00+00:00,0.01195100472698208,3.0,0.0,0.00031746031746031746,3.5291342422045138
2019-10-30 00:00:00+00:00,-0.012820970209226122,3.0,0.0,0.00031746031746031746,3.4838873172208498
2019-10-31 00:00:00+00:00,-0.005062510730998032,3.0,0.0,0.00031746031746031746,3.4662501002918313
2019-11-01 00:00:00+00:00,0.018939463491563804,3.0,0.0,0.00031746031746031746,3.531899017518938
2019-11-04 00:00:00+00:00,0.017336604637453238,3.0,0.0,0.00031746031746031746,3.593130154405073
2019-11-05 00:00:00+00:00,-0.007678010911222893,3.0,0.0,0.00031746031746031746,3.565542061874107
2019-11-06 00:00:00+00:00,0.0021894328349420667,3.0,0.0,0.00031746031746031746,3.5733485767387414
2019-11-07 00:00:00+00:00,-0.0027869115940367156,3.0,0.0,0.00031746031746031746,3.5633899701606935
2019-11-08 00:00:00+00:00,-0.03288539616399149,3.0,0.0,0.00031746031746031746,3.4462064793051654
2019-11-11 00:00:00+00:00,-0.006940447818224773,3.0,0.0,0.00031746031746031746,3.42228826306472
2019-11-12 00:00:00+00:00,0.006512314719817653,3.0,0.3785241777907076,0.00031746031746031746,3.444575281295735
2019-11-13 00:00:00+00:00,0.00041921429505806555,3.0,0.0,0.00031746031746031746,3.446019296494058
2019-11-14 00:00:00+00:00,-0.005730579337388957,3.0,0.0,0.00031746031746031746,3.4262716095173253
2019-11-15 00:00:00+00:00,-0.0033225464912230124,3.0,0.0,0.00031746031746031746,3.414887662803147
2019-11-18 00:00:00+00:00,-0.013502962830407281,3.0,0.0,0.00031746031746031746,3.3687765616222993
2019-11-19 00:00:00+00:00,-0.00907917481269117,3.0,0.0,0.00031746031746031746,3.338190850314434
2019-11-20 00:00:00+00:00,-0.006837202490873629,3.0,0.0,0.00031746031746031746,3.315366963517653
2019-11-21 00:00:00+00:00,-0.0024823079599583333,3.0,0.0,0.00031746031746031746,3.30713720171393
2019-11-22 00:00:00+00:00,0.002361173465173176,3.0,0.0,0.00031746031746031746,3.314945926320304
2019-11-25 00:00:00+00:00,0.010714705348901349,3.0,0.0,0.00031746031746031746,3.3504645951683667
2019-11-26 00:00:00+00:00,0.003371433303140021,3.0,0.0,0.00031746031746031746,3.361760463085509
2019-11-27 00:00:00+00:00,0.00638159403222704,3.0,0.0,0.00031746031746031746,3.383213853594512
2019-11-29 00:00:00+00:00,-0.006208501049201827,3.0,0.0,0.00031746031746031746,3.3622091668347966
2019-12-02 00:00:00+00:00,-0.013639700341983202,3.0,0.0,0.00031746031746031746,3.316349641312101
2019-12-03 00:00:00+00:00,-0.010158757616459842,3.0,0.0,0.00031746031746031746,3.282659649134578
2019-12-04 00:00:00+00:00,0.00864375484328395,3.0,0.0,0.00031746031746031746,3.311034154375638
2019-12-05 00:00:00+00:00,0.001968365650316426,3.0,0.0,0.00031746031746031746,3.3175514802721353
2019-12-06 00:00:00+00:00,0.014239709985036188,3.0,0.0,0.00031746031746031746,3.3647924512116383
2019-12-09 00:00:00+00:00,-0.004914332328892344,3.0,0.0,0.00031746031746031746,3.348256742888636
2019-12-10 00:00:00+00:00,-0.0024474709464135744,3.0,0.0,0.00031746031746031746,3.3400619817892827
2019-12-11 00:00:00+00:00,0.004122656215012991,3.0,0.0,0.00031746031746031746,3.353831909077035
2019-12-12 00:00:00+00:00,0.014171857676240879,3.0,6.37136296172125e-05,0.00031746031746031746,3.40136193756251
2019-12-13 00:00:00+00:00,-0.00014455792855341056,3.0,0.0,0.00031746031746031746,3.4008702437265557
2019-12-16 00:00:00+00:00,0.011698046628280934,3.0,0.0,0.00031746031746031746,3.4406537824144023
2019-12-17 00:00:00+00:00,0.00014608763218555893,3.0,0.0,0.00031746031746031746,3.4411564193786455
2019-12-18 00:00:00+00:00,-0.0009696851790521848,3.0,0.0,0.00031746031746031746,3.4378195809999736
2019-12-19 00:00:00+00:00,0.0073920177484877465,3.0,0.0,0.00031746031746031746,3.4632320043588245
2019-12-20 00:00:00+00:00,0.00843448019151875,3.0,0.0,0.00031746031746031746,3.492442566098223
2019-12-23 00:00:00+00:00,-0.013183279459042258,3.0,0.0,0.00031746031746031746,3.4464007197546955
2019-12-24 00:00:00+00:00,-0.0015434209972485864,3.0,0.0,0.00031746031746031746,3.4410814725188934
2019-12-26 00:00:00+00:00,-0.00033209672644650325,3.0,0.0,0.00031746031746031746,3.439938700626434
2019-12-27 00:00:00+00:00,0.004343744214475991,3.0,0.0,0.00031746031746031746,3.454880914455432
2019-12-30 00:00:00+00:00,-0.010203388708366788,3.0,0.0,0.00031746031746031746,3.4196294215441254
2019-12-31 00:00:00+00:00,0.0040194985247523785,3.0,0.0,0.00031746031746031746,3.4333746169592216
2020-01-02 00:00:00+00:00,0.0127115533367942,3.0,0.0,0.00031746031746031746,3.4770181415278945
2020-01-03 00:00:00+00:00,-0.011430005675742143,3.0,0.0,0.00031746031746031746,3.437275804435572
2020-01-06 00:00:00+00:00,0.008849406536025037,3.0,0.0,0.00031746031746031746,3.4676936554054647
2020-01-07 00:00:00+00:00,0.02670673837386028,3.0,0.0,0.00031746031746031746,3.5603044426210735
2020-01-08 00:00:00+00:00,0.0015566168936540841,3.0,0.0,0.00031746031746031746,3.565846472663009
2020-01-09 00:00:00+00:00,-0.0047277891546199345,3.0,0.0,0.00031746031746031746,3.548987902382513
2020-01-10 00:00:00+00:00,0.018007979156111537,3.0,0.0,0.00031746031746031746,3.6128980025539095
2020-01-13 00:00:00+00:00,0.009940941489851314,3.0,0.0,0.00031746031746031746,3.648813610206098
2020-01-14 00:00:00+00:00,0.03845175933117528,3.0,0.5653837339997962,0.00031746031746031746,3.78911691299006
2020-01-15 00:00:00+00:00,0.002301878479131272,3.0,0.0,0.00031746031746031746,3.7978389996669843
2020-01-16 00:00:00+00:00,0.01321516004340985,3.0,0.0,0.00031746031746031746,3.848028049866687
2020-01-17 00:00:00+00:00,0.01724663303056952,3.0,0.0,0.00031746031746031746,3.914393577534076
2020-01-21 00:00:00+00:00,-0.015173069160184877,3.0,0.0,0.00031746031746031746,3.855000213061968
2020-01-22 00:00:00+00:00,-0.003742566009399007,3.0,0.0,0.00031746031746031746,3.840572620298336
2020-01-23 00:00:00+00:00,-0.013797644198722148,3.0,0.0,0.00031746031746031746,3.7875817657641053
2020-01-24 00:00:00+00:00,-0.012601995652712064,3.0,0.0,0.00031746031746031746,3.739850676817655
2020-01-27 00:00:00+00:00,0.003988016810308694,3.0,0.0,0.00031746031746031746,3.7547652641848486
2020-01-28 00:00:00+00:00,0.03815281331701946,3.0,0.0,0.00031746031746031746,3.8980201223585222
2020-01-29 00:00:00+00:00,-0.0043848873355384985,3.0,0.0,0.00031746031746031746,3.880927743290318
2020-01-30 00:00:00+00:00,0.014102922886515403,3.0,0.0,0.00031746031746031746,3.9356601679820797
2020-01-31 00:00:00+00:00,-0.03418199162671075,3.0,0.0,0.00031746031746031746,3.8011314650745374
2020-02-03 00:00:00+00:00,0.00476701495575574,3.0,0.0,0.00031746031746031746,3.819251515617341
2020-02-04 00:00:00+00:00,0.01645911618547856,3.0,0.0,0.00031746031746031746,3.8821130200544522
2020-02-05 00:00:00+00:00,0.043204940104289886,3.0,0.0,0.00031746031746031746,4.049839480563989
2020-02-06 00:00:00+00:00,0.01225125670250512,3.0,0.0,0.00031746031746031746,4.099455103644318
2020-02-07 00:00:00+00:00,-0.00693994880026504,3.0,0.0,0.00031746031746031746,4.071005095116041
2020-02-10 00:00:00+00:00,0.016699892148122935,3.0,0.0,0.00031746031746031746,4.1389904411389375
2020-02-11 00:00:00+00:00,0.02072785875695741,3.0,0.0,0.00031746031746031746,4.224782850399262
2020-02-12 00:00:00+00:00,0.017889438247597384,3.0,0.0,0.00031746031746031746,4.300361842310989
2020-02-13 00:00:00+00:00,-0.008296700673717208,2.9999999999999996,0.0006730215435584164,0.0003174603174603174,4.264683027316659
2020-02-14 00:00:00+00:00,0.008255176342932463,2.9999999999999996,0.0,0.0003174603174603174,4.299888737753869
2020-02-18 00:00:00+00:00,-0.013869008586389397,2.9999999999999996,0.0,0.0003174603174603174,4.240253543929441
2020-02-19 00:00:00+00:00,-0.015642027812059325,2.9999999999999996,0.0,0.0003174603174603174,4.1739273800651135
2020-02-20 00:00:00+00:00,-0.009182112219661524,2.9999999999999996,0.0,0.0003174603174603174,4.135601910464638
2020-02-21 00:00:00+00:00,-0.01624213353776297,2.9999999999999996,0.0,0.0003174603174603174,4.068430911975844
2020-02-24 00:00:00+00:00,-0.04577253209101955,2.9999999999999996,0.0,0.0003174603174603174,3.882208527497334
2020-02-25 00:00:00+00:00,-0.04888309721776218,2.9999999999999996,0.0,0.0003174603174603174,3.6924341506280567
2020-02-26 00:00:00+00:00,-0.033469336290667125,2.9999999999999996,0.0,0.0003174603174603174,3.5688508303095423
2020-02-27 00:00:00+00:00,-0.016843828129265614,2.9999999999999996,0.0,0.0003174603174603174,3.508737720304821
2020-02-28 00:00:00+00:00,-0.007638178326529781,2.9999999999999996,0.0,0.0003174603174603174,3.481937355896111
2020-03-02 00:00:00+00:00,0.014074963202581576,2.9999999999999996,0.0,0.0003174603174603174,3.530945496054043
2020-03-03 00:00:00+00:00,-0.00939628147280307,2.9999999999999996,0.0,0.0003174603174603174,3.4977677383079935
2020-03-04 00:00:00+00:00,0.019251729765325184,2.9999999999999996,0.0,0.0003174603174603174,3.5651058175877717
2020-03-05 00:00:00+00:00,-0.016826030498591812,2.9999999999999996,0.0,0.0003174603174603174,3.505119238370333
2020-03-06 00:00:00+00:00,-0.007635235738347698,2.9999999999999996,0.0,0.0003174603174603174,3.4783568266943576
2020-03-09 00:00:00+00:00,-0.0003779930686392324,2.9999999999999996,0.0,0.0003174603174603174,3.477042031923613
2020-03-10 00:00:00+00:00,-0.0041311390329268885,2.9999999999999996,0.0,0.0003174603174603174,3.4626778878664064
2020-03-11 00:00:00+00:00,-0.000438760713171857,2.9999999999999996,0.0,0.0003174603174603174,3.461158600846842
2020-03-12 00:00:00+00:00,0.004939208884593019,2.9999999999999996,0.0,0.0003174603174603174,3.47825398615913
2020-03-13 00:00:00+00:00,-0.00015614052336525693,2.9999999999999996,0.0,0.0003174603174603174,3.477710889761334
2020-03-16 00:00:00+00:00,-0.010179962900329851,2.9999999999999996,0.14698669236291018,0.0003174603174603174,3.4423079219254906
2020-03-17 00:00:00+00:00,0.0019665903672664077,2.9999999999999996,0.0,0.0003174603174603174,3.449077531525914
2020-03-18 00:00:00+00:00,-0.004802159137346551,2.9999999999999996,0.0,0.0003174603174603174,3.43251451234248
2020-03-19 00:00:00+00:00,0.0045099503884073805,2.9999999999999996,0.0,0.0003174603174603174,3.447994982500633
2020-03-20 00:00:00+00:00,-0.06761536426432423,2.9999999999999996,0.0,0.0003174603174603174,3.2148575457772903
2020-03-23 00:00:00+00:00,-0.03966858118369725,2.9999999999999996,0.0,0.0003174603174603174,3.0873287082286023
2020-03-24 00:00:00+00:00,0.09615166400119395,2.9999999999999996,0.0,0.0003174603174603174,3.384180500843439
2020-03-25 00:00:00+00:00,0.024152457993688887,2.9999999999999996,0.0,0.0003174603174603174,3.465916778233121
2020-03-26 00:00:00+00:00,0.08791858799801086,2.9999999999999996,0.0,0.0003174603174603174,3.770635287493992
2020-03-27 00:00:00+00:00,-0.052906809569714795,2.9999999999999996,0.0,0.0003174603174603174,3.5711430043817005
2020-03-30 00:00:00+00:00,0.03620864147333702,2.9999999999999996,0.0,0.0003174603174603174,3.7004492410773726
2020-03-31 00:00:00+00:00,-0.0319358712110513,2.9999999999999996,0.0,0.0003174603174603174,3.582272170691293
2020-04-01 00:00:00+00:00,-0.06645418038728937,2.9999999999999996,0.0,0.0003174603174603174,3.344215209663807
2020-04-02 00:00:00+00:00,0.02414645096063767,2.9999999999999996,0.0,0.0003174603174603174,3.424966138225773
2020-04-03 00:00:00+00:00,-0.030368139614202934,2.9999999999999996,0.0,0.0003174603174603174,3.320956288366215
2020-04-06 00:00:00+00:00,0.13502745991506954,2.9999999999999996,0.0,0.0003174603174603174,3.7693765804732826
2020-04-07 00:00:00+00:00,-0.024613158218062304,2.9999999999999996,0.0,0.0003174603174603174,3.676600318314635
2020-04-08 00:00:00+00:00,0.060598999433112054,2.9999999999999996,0.0,0.0003174603174603174,3.899398618919963
2020-04-09 00:00:00+00:00,0.026452544164816155,2.9999999999999996,0.0,0.0003174603174603174,4.002547633103167
2020-04-13 00:00:00+00:00,-0.02218352240572229,2.9999999999999996,0.0,0.0003174603174603174,3.913757028004252
2020-04-14 00:00:00+00:00,0.058515904481717,2.9999999999999996,0.0,0.0003174603174603174,4.1427740604195975
2020-04-15 00:00:00+00:00,-0.05260031946854673,3.0,1.8241075861075664,0.00031746031746031746,3.9248628213555183
2020-04-16 00:00:00+00:00,0.07650248285915065,3.0,0.0,0.00031746031746031746,4.225124572070787
2020-04-17 00:00:00+00:00,0.01947364548313316,3.0,0.0,0.00031746031746031746,4.307403150109369
2020-04-20 00:00:00+00:00,-0.04124369372920273,3.0,0.0,0.00031746031746031746,4.129749933818055
2020-04-21 00:00:00+00:00,-0.020552186751543553,3.0,0.0,0.00031746031746031746,4.044874541941052
2020-04-22 00:00:00+00:00,0.045217890948559505,3.0,0.0,0.00031746031746031746,4.227775237879147
2020-04-23 00:00:00+00:00,0.041042155566848086,3.0,0.0,0.00031746031746031746,4.401292246893851
2020-04-24 00:00:00+00:00,0.021332500936702286,3.0,0.0,0.00031746031746031746,4.495182817873414
2020-04-27 00:00:00+00:00,0.041213183585497117,3.0,0.0,0.00031746031746031746,4.680443612596804
2020-04-28 00:00:00+00:00,-0.003122967931621088,3.0,0.0,0.00031746031746031746,4.665826737288904
2020-04-29 00:00:00+00:00,0.14801005556694463,3.0,0.0,0.00031746031746031746,5.35641601194077
2020-04-30 00:00:00+00:00,-0.02408605669905493,3.0,0.0,0.00031746031746031746,5.227401072173439
2020-05-01 00:00:00+00:00,-0.00018023220724617444,3.0,0.0,0.00031746031746031746,5.22645892614004
2020-05-04 00:00:00+00:00,0.005373703105012674,3.0,0.0,0.00031746031746031746,5.254544364699661
2020-05-05 00:00:00+00:00,0.016201727148800152,3.0,0.0,0.00031746031746031746,5.339677058787791
2020-05-06 00:00:00+00:00,0.022160719032042808,3.0,0.0,0.00031746031746031746,5.458008141809431
2020-05-07 00:00:00+00:00,0.08197304698974539,3.0,0.0,0.00031746031746031746,5.905417699688389
2020-05-08 00:00:00+00:00,0.004044067252704828,3.0,0.0,0.00031746031746031746,5.929299606021242
2020-05-11 00:00:00+00:00,-0.12782064313631195,3.0,0.0,0.00031746031746031746,5.171412717031727
2020-05-12 00:00:00+00:00,0.002802345738238374,3.0,0.0,0.00031746031746031746,5.185904803419972
2020-05-13 00:00:00+00:00,0.03444142079299602,3.0,0.0,0.00031746031746031746,5.3645147329469784
2020-05-14 00:00:00+00:00,0.055577729198789096,3.0,0.6969283998268744,0.00031746031746031746,5.66266228005762
2020-05-15 00:00:00+00:00,-0.03488698769176883,3.0,0.0,0.00031746031746031746,5.465109050790606
2020-05-18 00:00:00+00:00,0.06721832242334778,3.0,0.0,0.00031746031746031746,5.832464513045406
2020-05-19 00:00:00+00:00,-0.011580185242250464,3.0,0.0,0.00031746031746031746,5.7649234935654885
2020-05-20 00:00:00+00:00,-0.0005144401993628571,3.0,0.0,0.00031746031746031746,5.761957785174147
2020-05-21 00:00:00+00:00,-0.04735231793511716,3.0,0.0,0.00031746031746031746,5.489115728201857
2020-05-22 00:00:00+00:00,0.010523589141045274,3.0,0.0,0.00031746031746031746,5.546880926873103
2020-05-26 00:00:00+00:00,-0.01730076428914364,3.0,0.0,0.00031746031746031746,5.450915647417325
2020-05-27 00:00:00+00:00,0.050254302154735114,3.0,0.0,0.00031746031746031746,5.724847609382609
2020-05-28 00:00:00+00:00,0.028244591244918477,3.0,0.0,0.00031746031746031746,5.88654359004907
2020-05-29 00:00:00+00:00,-0.002509332150899187,3.0,0.0,0.00031746031746031746,5.87177229696089
2020-06-01 00:00:00+00:00,0.06735866544174254,3.0,0.0,0.00031746031746031746,6.2672870426619705
2020-06-02 00:00:00+00:00,-0.04145844764374979,3.0,0.0,0.00031746031746031746,6.007455050935417
2020-06-03 00:00:00+00:00,0.028461630423715047,3.0,0.0,0.00031746031746031746,6.1784370163822215
2020-06-04 00:00:00+00:00,0.007535090565484605,3.0,0.0,0.00031746031746031746,6.224992098853804
2020-06-05 00:00:00+00:00,0.02362818614525303,3.0,0.0,0.00031746031746031746,6.372077370918251
2020-06-08 00:00:00+00:00,0.013939892557666103,3.0,0.0,0.00031746031746031746,6.460903444837987
2020-06-09 00:00:00+00:00,-0.009786154383701963,3.0,0.0,0.00031746031746031746,6.39767604626861
2020-06-10 00:00:00+00:00,-0.0014259687330665113,3.0,0.0,0.00031746031746031746,6.388553160262342
2020-06-11 00:00:00+00:00,-0.12205694117967424,3.0,0.0,0.00031746031746031746,5.6087859029569795
2020-06-12 00:00:00+00:00,0.028631434886225944,3.0,0.0,0.00031746031746031746,5.769373491328275
2020-06-15 00:00:00+00:00,0.013348325805804466,3.0,0.0760034735339063,0.00031746031746031746,5.846384968385896
2020-06-16 00:00:00+00:00,0.03330789859642404,3.0,0.0,0.00031746031746031746,6.041115766068552
2020-06-17 00:00:00+00:00,-0.006441579683333963,3.0,0.0,0.00031746031746031746,6.002201437485176
2020-06-18 00:00:00+00:00,0.0005196338998084233,3.0,0.0,0.00031746031746031746,6.0053203848255725
2020-06-19 00:00:00+00:00,-0.002269514248027253,3.0,0.0,0.00031746031746031746,5.9916912246482426
2020-06-22 00:00:00+00:00,0.029095943362701836,3.0,0.0,0.00031746031746031746,6.166025133167405
2020-06-23 00:00:00+00:00,0.0018466959182526972,3.0,0.0,0.00031746031746031746,6.177411906612669
2020-06-24 00:00:00+00:00,-0.05149540738109849,3.0,0.0,0.00031746031746031746,5.859303563920801
2020-06-25 00:00:00+00:00,0.002899510752613231,3.0,0.0,0.00031746031746031746,5.876292677607215
2020-06-26 00:00:00+00:00,-0.03051891811433843,3.0,0.0,0.00031746031746031746,5.696954582563435
2020-06-29 00:00:00+00:00,0.006585715898801222,3.0,0.0,0.00031746031746031746,5.734473106932571
2020-06-30 00:00:00+00:00,0.013372118441445806,3.0,0.0,0.00031746031746031746,5.8111551605177585
2020-07-01 00:00:00+00:00,0.00335325021450825,3.0,0.0,0.00031746031746031746,5.830641417806305
2020-07-02 00:00:00+00:00,0.0014032669087916763,3.0,0.0,0.00031746031746031746,5.838823363964943
2020-07-06 00:00:00+00:00,0.020500966350738663,3.0,0.0,0.00031746031746031746,5.9585248852774955
2020-07-07 00:00:00+00:00,-0.014309542540543813,3.0,0.0,0.00031746031746031746,5.873261119952728
2020-07-08 00:00:00+00:00,0.0081624478477893,3.0,0.0,0.00031746031746031746,5.921201307540791
2020-07-09 00:00:00+00:00,-0.007480224365436517,3.0,0.0,0.00031746031746031746,5.87690939324747
2020-07-10 00:00:00+00:00,0.01227570726139072,3.0,0.0,0.00031746031746031746,5.949052612560694
2020-07-13 00:00:00+00:00,-0.012810494403352433,3.0,0.0,0.00031746031746031746,5.872842307362236
2020-07-14 00:00:00+00:00,0.017463421881929998,3.0,0.0,0.00031746031746031746,5.97540223022175
2020-07-15 00:00:00+00:00,0.014758235421292563,3.000000000000001,0.6519693420276802,0.0003174603174603176,6.063588623072279
2020-07-16 00:00:00+00:00,-0.006239452415555227,3.000000000000001,0.0,0.0003174603174603176,6.0257551503911175
2020-07-17 00:00:00+00:00,0.002866472348280622,3.000000000000001,0.0,0.0003174603174603176,6.043027810907223
2020-07-20 00:00:00+00:00,0.009055664795955822,3.000000000000001,0.0,0.0003174603174603176,6.0977514451154375
2020-07-21 00:00:00+00:00,0.0025667013857771964,3.000000000000001,0.0,0.0003174603174603176,6.113402552199741
2020-07-22 00:00:00+00:00,0.016079798617471695,3.000000000000001,0.0,0.0003174603174603176,6.21170483410665
2020-07-23 00:00:00+00:00,-0.017913824404538935,3.000000000000001,0.0,0.0003174603174603176,6.100429444455638
2020-07-24 00:00:00+00:00,-0.010394716898906843,3.000000000000001,0.0,0.0003174603174603176,6.037017207418766
2020-07-27 00:00:00+00:00,0.10218381567690453,3.000000000000001,0.0,0.0003174603174603176,6.653902660979947
2020-07-28 00:00:00+00:00,-0.014281994815632772,3.000000000000001,0.0,0.0003174603174603176,6.558871657672106
2020-07-29 00:00:00+00:00,0.027101109966013,3.000000000000001,0.0,0.0003174603174603176,6.736624359719643
2020-07-30 00:00:00+00:00,-0.004661070274769933,3.000000000000001,0.0,0.0003174603174603176,6.705224480164263
2020-07-31 00:00:00+00:00,0.0206723056747042,3.000000000000001,0.0,0.0003174603174603176,6.843836930235729
2020-08-03 00:00:00+00:00,0.007881700019948958,3.000000000000001,0.0,0.0003174603174603176,6.897777999905295
2020-08-04 00:00:00+00:00,0.0023525129841679405,3.000000000000001,0.0,0.0003174603174603176,6.9140051122119806
2020-08-05 00:00:00+00:00,0.0404254136443295,3.000000000000001,0.0,0.0003174603174603176,7.193506628812158
2020-08-06 00:00:00+00:00,0.012162695314121322,3.000000000000001,0.0,0.0003174603174603176,7.280999058178513
2020-08-07 00:00:00+00:00,-0.009093126594526107,3.000000000000001,0.0,0.0003174603174603176,7.21479201200787
2020-08-10 00:00:00+00:00,0.019018152097201136,3.000000000000001,0.0,0.0003174603174603176,7.352004023841907
2020-08-11 00:00:00+00:00,-0.038302166224016033,3.000000000000001,0.0,0.0003174603174603176,7.070406343641079
2020-08-12 00:00:00+00:00,0.032560989925273474,3.000000000000001,0.0,0.0003174603174603176,7.300625773363966
2020-08-13 00:00:00+00:00,0.007594852919368681,3.0,0.05518785766723949,0.00031746031746031746,7.356072952332018
2020-08-14 00:00:00+00:00,-0.0016190174004860594,3.0,0.0,0.00031746031746031746,7.344163342222947
2020-08-17 00:00:00+00:00,0.030832300467054995,3.0,0.0,0.00031746031746031746,7.570600793069495
2020-08-18 00:00:00+00:00,-0.010110666377747886,3.0,0.0,0.00031746031746031746,7.494056974171656
2020-08-19 00:00:00+00:00,-0.020067178234520092,3.0,0.0,0.00031746031746031746,7.3436723971713045
2020-08-20 00:00:00+00:00,0.011580780238957863,3.0,0.0,0.00031746031746031746,7.428717853349846
2020-08-21 00:00:00+00:00,-0.012078590533823676,3.0,0.0,0.00031746031746031746,7.338989412207927
2020-08-24 00:00:00+00:00,0.023814401242783813,3.0,0.0,0.00031746031746031746,7.513763050786789
2020-08-25 00:00:00+00:00,-0.017898460120375773,3.0,0.0,0.00031746031746031746,7.379278262468329
2020-08-26 00:00:00+00:00,0.023082891390470085,3.0,0.0,0.00031746031746031746,7.549613341140943
2020-08-27 00:00:00+00:00,-0.006710107331895825,3.0,0.0,0.00031746031746031746,7.498954625307575
2020-08-28 00:00:00+00:00,0.021543570651406458,3.0,0.0,0.00031746031746031746,7.660508884089579
2020-08-31 00:00:00+00:00,0.018686753013977007,3.0,0.0,0.00031746031746031746,7.803658921567937
2020-09-01 00:00:00+00:00,-0.0033094272231155315,3.0,0.0,0.00031746031746031746,7.777833280292992
2020-09-02 00:00:00+00:00,-0.006151154457553256,3.0,0.0,0.00031746031746031746,7.729990626440812
2020-09-03 00:00:00+00:00,-0.11914609937856259,3.0,0.0,0.00031746031746031746,6.808992395067538
2020-09-04 00:00:00+00:00,-0.015353265583019363,3.0,0.0,0.00031746031746031746,6.704452126473306
2020-09-08 00:00:00+00:00,-0.04310019090536163,3.0,0.0,0.00031746031746031746,6.415488959906449
2020-09-09 00:00:00+00:00,0.025702323447870604,3.0,0.0,0.00031746031746031746,6.580381932230208
2020-09-10 00:00:00+00:00,-0.026749303240695237,3.0,0.0,0.00031746031746031746,6.40436130048539
2020-09-11 00:00:00+00:00,-0.0035010628394159565,3.0,0.0,0.00031746031746031746,6.381939229126067
2020-09-14 00:00:00+00:00,0.01875638968384011,3.0,0.27942591666097133,0.00031746031746031746,6.501641368246141
2020-09-15 00:00:00+00:00,0.008479606539946602,3.0,0.0,0.00031746031746031746,6.5567727289127085
2020-09-16 00:00:00+00:00,-0.008862053838320665,3.0,0.0,0.00031746031746031746,6.498666255983451
2020-09-17 00:00:00+00:00,-0.015854134862585936,3.0,0.0,0.00031746031746031746,6.395635524734153
2020-09-18 00:00:00+00:00,-0.019019671027836933,3.0,0.0,0.00031746031746031746,6.273992641039762
2020-09-21 00:00:00+00:00,-0.01633218518813756,3.0,0.0,0.00031746031746031746,6.171524631357289
2020-09-22 00:00:00+00:00,0.012777704817636053,3.0,0.0,0.00031746031746031746,6.250382551371542
2020-09-23 00:00:00+00:00,-0.030903665786874895,3.0,0.0,0.00031746031746031746,6.057222817963842
2020-09-24 00:00:00+00:00,0.002176453346432513,3.0,0.0,0.00031746031746031746,6.070406080836087
2020-09-25 00:00:00+00:00,0.01758621377352663,3.0,0.0,0.00031746031746031746,6.177161539865786
2020-09-28 00:00:00+00:00,0.02231569025202131,3.0,0.0,0.00031746031746031746,6.31500916342613
2020-09-29 00:00:00+00:00,-0.0073666141091816625,3.0,0.0,0.00031746031746031746,6.268488927823223
2020-09-30 00:00:00+00:00,0.011773729532580289,3.0,0.0,0.00031746031746031746,6.3422924210373886
2020-10-01 00:00:00+00:00,0.007660132835065607,3.0,0.0,0.00031746031746031746,6.390875223461365
2020-10-02 00:00:00+00:00,-0.017116760839098112,3.0,0.0,0.00031746031746031746,6.2814841407088595
2020-10-05 00:00:00+00:00,0.04017692216885632,3.0,0.0,0.00031746031746031746,6.533854840135025
2020-10-06 00:00:00+00:00,-0.03390672480553177,3.0,0.0,0.00031746031746031746,6.312313222151275
2020-10-07 00:00:00+00:00,0.03162412489589591,3.0,0.0,0.00031746031746031746,6.511934603870602
2020-10-08 00:00:00+00:00,0.027615912203070896,3.0,0.0,0.00031746031746031746,6.69176761816323
2020-10-09 00:00:00+00:00,0.023370552403143067,3.0,0.0,0.00031746031746031746,6.8481579239531705
2020-10-12 00:00:00+00:00,0.055325751317956987,3.0,0.0,0.00031746031746031746,7.2270374062399005
2020-10-13 00:00:00+00:00,-0.01851148715196235,3.0,0.07210707052385529,0.00031746031746031746,7.093254196147539
2020-10-14 00:00:00+00:00,-0.011916954501204747,3.0,0.0,0.00031746031746031746,7.008724208626569
2020-10-15 00:00:00+00:00,0.00035805209797083585,3.0,0.0,0.00031746031746031746,7.011233697033568
2020-10-19 00:00:00+00:00,-0.0056661441396642104,3.0,0.0,0.00031746031746031746,6.971507036309304
2020-10-20 00:00:00+00:00,0.01488805928970329,3.0,0.0,0.00031746031746031746,7.0752992464044615
2020-10-21 00:00:00+00:00,0.040289204071406265,3.0,0.0,0.00031746031746031746,7.360357421609118
2020-10-22 00:00:00+00:00,0.011683778267768029,3.0,0.0,0.00031746031746031746,7.44635420569472
2020-10-23 00:00:00+00:00,0.0015630683306013479,3.0,0.0,0.00031746031746031746,7.457993366132082
2020-10-26 00:00:00+00:00,-0.012669500217319064,3.0,0.0,0.00031746031746031746,7.363504317559108
2020-10-27 00:00:00+00:00,0.02214463660743099,3.0,0.0,0.00031746031746031746,7.526566444828703
2020-10-28 00:00:00+00:00,-0.044797109058428285,3.0,0.0,0.00031746031746031746,7.189398026964205
2020-10-29 00:00:00+00:00,0.013467591980314034,3.0,0.0,0.00031746031746031746,7.286221906175434
2020-10-30 00:00:00+00:00,-0.007839145434876899,3.0,0.0,0.00031746031746031746,7.2291041529821385
2020-11-02 00:00:00+00:00,0.007704512329637349,3.0,0.0,0.00031746031746031746,7.284800875061022
2020-11-03 00:00:00+00:00,0.03140278631587556,3.0,0.0,0.00031746031746031746,7.513563920294265
2020-11-04 00:00:00+00:00,0.02720866191197305,3.0,0.0,0.00031746031746031746,7.717997940755551
2020-11-05 00:00:00+00:00,0.08637660131457538,3.0,0.0,0.00031746031746031746,8.384652371830908
2020-11-06 00:00:00+00:00,-0.0051511145694501485,3.0,0.0,0.00031746031746031746,8.341462066838595
2020-11-09 00:00:00+00:00,0.02449493392145444,3.0,0.0,0.00031746031746031746,8.545785628974125
2020-11-10 00:00:00+00:00,-0.020209795579404406,3.0,0.0,0.00031746031746031746,8.373077048347145
2020-11-11 00:00:00+00:00,0.02763497165943467,3.0,0.0,0.00031746031746031746,8.604466795280482
2020-11-12 00:00:00+00:00,0.00832537641731395,3.0,0.2339090507874096,0.00031746031746031746,8.67610222022147
2020-11-13 00:00:00+00:00,0.022265702987074563,3.0,0.0,0.00031746031746031746,8.869281735342419
2020-11-16 00:00:00+00:00,0.034912620915758634,3.0,0.0,0.00031746031746031746,9.178931606363491
2020-11-17 00:00:00+00:00,0.0639702553823386,3.0,0.0,0.00031746031746031746,9.766110205359585
2020-11-18 00:00:00+00:00,-0.007679378108594115,3.0,0.0,0.00031746031746031746,9.691112552442428
2020-11-19 00:00:00+00:00,0.007231003983564473,3.0,0.0,0.00031746031746031746,9.761189025914312
2020-11-20 00:00:00+00:00,0.049490388527119976,3.0,0.0,0.00031746031746031746,10.244274063293473
2020-11-23 00:00:00+00:00,-0.01250882658397805,3.0,0.0,0.00031746031746031746,10.116130215556991
2020-11-24 00:00:00+00:00,0.07573865589436993,3.0,0.0,0.00031746031746031746,10.882312320935702
2020-11-25 00:00:00+00:00,-0.029200226873945277,3.0,0.0,0.00031746031746031746,10.564546332251249
2020-11-27 00:00:00+00:00,-0.11038442568346944,3.0,0.0,0.00031746031746031746,9.398384952759292
2020-11-30 00:00:00+00:00,0.18414541588569144,3.0,0.0,0.00031746031746031746,11.129054458538976
2020-12-01 00:00:00+00:00,-0.03743334216064406,3.0,0.0,0.00031746031746031746,10.712456755068045
2020-12-02 00:00:00+00:00,0.030028192450908448,3.0,0.0,0.00031746031746031746,11.034132468131263
2020-12-03 00:00:00+00:00,0.015368813027792402,3.0,0.0,0.00031746031746031746,11.203713986957867
2020-12-04 00:00:00+00:00,-0.03712754433623754,3.0,0.0,0.00031746031746031746,10.787747599176564
2020-12-07 00:00:00+00:00,0.030434316096154542,3.0,0.0,0.00031746031746031746,11.116065319575435
2020-12-08 00:00:00+00:00,-0.055511190553896056,3.0,0.0,0.00031746031746031746,10.498999299410928
2020-12-09 00:00:00+00:00,0.003425672203737381,3.0,0.0,0.00031746031746031746,10.534965429477978
2020-12-10 00:00:00+00:00,-0.023055117246209875,3.0,0.0,0.00031746031746031746,10.292080566316596
2020-12-11 00:00:00+00:00,-0.017135894495355367,3.0,0.0,0.00031746031746031746,10.115716559594498
2020-12-14 00:00:00+00:00,0.035408665567883704,3.0,1.2237891249923032,0.00031746031746031746,10.473900584232684
2020-12-15 00:00:00+00:00,0.0347316140557171,3.0,0.0,0.00031746031746031746,10.837676056982202
2020-12-16 00:00:00+00:00,0.07166787330806841,3.0,0.0,0.00031746031746031746,11.61438925158789
2020-12-17 00:00:00+00:00,0.062101934297529957,3.0,0.0,0.00031746031746031746,12.335665289795939
2020-12-18 00:00:00+00:00,0.007427815917433711,3.0,0.0,0.00031746031746031746,12.42729234078762
2020-12-21 00:00:00+00:00,-0.02311839079287051,3.0,0.0,0.00031746031746031746,12.139993339956046
2020-12-22 00:00:00+00:00,0.02372712781649826,3.0,0.0,0.00031746031746031746,12.428040513624621
2020-12-23 00:00:00+00:00,-0.016900882502496533,3.0,0.0,0.00031746031746031746,12.217995661167585
2020-12-24 00:00:00+00:00,0.0203375236357364,3.0,0.0,0.00031746031746031746,12.466479436707905
2020-12-28 00:00:00+00:00,0.11305004256516799,3.0,0.0,0.00031746031746031746,13.875815467665525
2020-12-29 00:00:00+00:00,0.002451819269192569,3.0,0.0,0.00031746031746031746,13.909836459404907
2020-12-30 00:00:00+00:00,0.03964223298012973,3.0,0.0,0.00031746031746031746,14.46125343704414
2020-12-31 00:00:00+00:00,0.019525466840380014,3.0,0.0,0.00031746031746031746,14.743616161499476
2021-01-04 00:00:00+00:00,0.038542424595026,3.0,0.0,0.00031746031746031746,15.311870875662079
2021-01-05 00:00:00+00:00,0.05723114783532384,3.0,0.0,0.00031746031746031746,16.188186821382484
2021-01-06 00:00:00+00:00,0.07066232158417111,3.0,0.0,0.00031746031746031746,17.332081684419652
2021-01-07 00:00:00+00:00,0.07856943848821134,3.0,0.0,0.00031746031746031746,18.693853610196317
2021-01-08 00:00:00+00:00,0.03709467628430083,3.0,0.0,0.00031746031746031746,19.387296058372655
2021-01-11 00:00:00+00:00,-0.10537865378056711,3.0,0.0,0.00031746031746031746,17.34428889929605
2021-01-12 00:00:00+00:00,-0.03224804828407988,3.0,0.0,0.00031746031746031746,16.78496943341852
2021-01-13 00:00:00+00:00,0.039419066540959405,3.0,0.0,0.00031746031746031746,17.446617260402416
2021-01-14 00:00:00+00:00,0.010466610376920147,3.0,0.5697677479651337,0.00031746031746031746,17.6292242056623
2021-01-15 00:00:00+00:00,-0.04367301906488775,3.0,0.0,0.00031746031746031746,16.85930276082923
2021-01-19 00:00:00+00:00,0.00557841980735683,3.0,0.0,0.00031746031746031746,16.953351029288463
2021-01-20 00:00:00+00:00,0.022556019902531057,3.0,0.0,0.00031746031746031746,17.335751152519688
2021-01-21 00:00:00+00:00,-0.05563781678146872,3.0,0.0,0.00031746031746031746,16.37122780612666
2021-01-22 00:00:00+00:00,0.0063034425053288354,3.0,0.0,0.00031746031746031746,16.47442289934422
2021-01-25 00:00:00+00:00,0.004366030531284242,3.0,0.0,0.00031746031746031746,16.546350732708046
2021-01-26 00:00:00+00:00,-0.00285421318049456,3.0,0.0,0.00031746031746031746,16.499123920357665
2021-01-27 00:00:00+00:00,-0.06022846285846609,3.0,0.0,0.00031746031746031746,15.505407048123175
2021-01-28 00:00:00+00:00,0.0381944902687052,3.0,0.0,0.00031746031746031746,16.097628166735028
2021-01-29 00:00:00+00:00,-0.03130266493557973,3.0,0.0,0.00031746031746031746,15.59372950597417
2021-02-01 00:00:00+00:00,0.018340100572257788,3.0,0.0,0.00031746031746031746,15.879720073410322
2021-02-02 00:00:00+00:00,0.037506395679582784,3.0,0.0,0.00031746031746031746,16.475311137764663
2021-02-03 00:00:00+00:00,0.0218306131252405,3.0,0.0,0.00031746031746031746,16.83497728133117
2021-02-04 00:00:00+00:00,0.018192006201395387,3.0,0.0,0.00031746031746031746,17.141239292433497
2021-02-05 00:00:00+00:00,0.02215719861961171,3.0,0.0,0.00031746031746031746,17.521041136022237
2021-02-08 00:00:00+00:00,0.029592218406110576,3.0,0.0,0.00031746031746031746,18.039527612021857
2021-02-09 00:00:00+00:00,-0.0007289775145588275,3.0,0.0,0.00031746031746031746,18.02637720201943
2021-02-10 00:00:00+00:00,-0.014979014418301725,3.0,0.0,0.00031746031746031746,17.756359838000634
2021-02-11 00:00:00+00:00,0.03167275872738978,3.0,0.0,0.00031746031746031746,18.31875273902634
2021-02-12 00:00:00+00:00,0.00794924938372794,3.0,0.0,0.00031746031746031746,18.46437307294771
2021-02-16 00:00:00+00:00,0.0135611711767545,3.0,0.1600850313086265,0.00031746031746031746,18.714771596861407
2021-02-17 00:00:00+00:00,0.016116779968039945,3.0,0.0,0.00031746031746031746,19.016393452840145
2021-02-18 00:00:00+00:00,-0.015191393188038436,3.0,0.0,0.00031746031746031746,18.727507942879612
2021-02-19 00:00:00+00:00,0.025643453609251517,3.0,0.0,0.00031746031746031746,19.207745924029737
2021-02-22 00:00:00+00:00,-0.02705893035911068,3.0,0.0,0.00031746031746031746,18.688004864715925
2021-02-23 00:00:00+00:00,-0.032661860670906435,3.0,0.0,0.00031746031746031746,18.077619853607352
2021-02-24 00:00:00+00:00,0.02462531311051389,3.0,0.0,0.00031746031746031746,18.522786902795275
2021-02-25 00:00:00+00:00,-0.05777202331117053,3.0,0.0,0.00031746031746031746,17.452688026059143
2021-02-26 00:00:00+00:00,-0.019831274739218734,3.0,0.0,0.00031746031746031746,17.10657897487649
2021-03-01 00:00:00+00:00,0.05445635497413837,3.0,0.0,0.00031746031746031746,18.0381409119255
2021-03-02 00:00:00+00:00,-0.026562185261149136,3.0,0.0,0.00031746031746031746,17.55900847125622
2021-03-03 00:00:00+00:00,-0.018015713047997865,3.0,0.0,0.00031746031746031746,17.242670413230705
2021-03-04 00:00:00+00:00,-0.037092289884281114,3.0,0.0,0.00031746031746031746,16.603100283884032
2021-03-05 00:00:00+00:00,0.03198429008004305,3.0,0.0,0.00031746031746031746,17.134138659591827
2021-03-08 00:00:00+00:00,0.010472881080894045,3.0,0.0,0.00031746031746031746,17.31358245619728
2021-03-09 00:00:00+00:00,0.04132000807091129,3.0,0.0,0.00031746031746031746,18.02897982302374
2021-03-10 00:00:00+00:00,0.01819184300664308,3.0,0.0,0.00031746031746031746,18.35696019353412
2021-03-11 00:00:00+00:00,0.03491490779744331,3.0,0.0,0.00031746031746031746,18.997891766132703
2021-03-12 00:00:00+00:00,-0.001687888490582826,3.0,0.0,0.00031746031746031746,18.965825443275307
2021-03-15 00:00:00+00:00,0.007735822485650355,3.0,0.0,0.00031746031746031746,19.112541702198314
2021-03-16 00:00:00+00:00,0.0011202380074030514,3.0,0.0,0.00031746031746031746,19.133952297831193
2021-03-17 00:00:00+00:00,0.020312912420643748,3.0,0.07419036757791832,0.00031746031746031746,19.522618595117816
2021-03-18 00:00:00+00:00,-0.045282989609874445,3.0,0.0,0.00031746031746031746,18.638576060117554
2021-03-19 00:00:00+00:00,0.002753790420508735,3.0,0.0,0.00031746031746031746,18.68990279232383
2021-03-22 00:00:00+00:00,-0.013164903706158589,3.0,0.0,0.00031746031746031746,18.44385202178542
2021-03-23 00:00:00+00:00,-0.016984244430748172,3.0,0.0,0.00031746031746031746,18.13059713080287
2021-03-24 00:00:00+00:00,-0.012350946260161057,3.0,0.0,0.00031746031746031746,17.906667099975692
2021-03-25 00:00:00+00:00,0.008926973619530147,3.0,0.0,0.00031746031746031746,18.066519444790885
2021-03-26 00:00:00+00:00,0.05057224556014325,3.0,0.0,0.00031746031746031746,18.98018390256995
2021-03-29 00:00:00+00:00,0.015499687876309069,3.0,0.0,0.00031746031746031746,19.274370828894735
2021-03-30 00:00:00+00:00,-0.0024492022168397035,3.0,0.0,0.00031746031746031746,19.227163997132415
2021-03-31 00:00:00+00:00,0.007540957312838305,3.0,0.0,0.00031746031746031746,19.37215522008173
2021-04-01 00:00:00+00:00,0.029532663759329288,3.0,0.0,0.00031746031746031746,19.94426656648994
2021-04-05 00:00:00+00:00,0.036832414180464346,3.0,0.0,0.00031746031746031746,20.678862053192486
2021-04-06 00:00:00+00:00,-0.008294100135934079,3.0,0.0,0.00031746031746031746,20.507349500626137
2021-04-07 00:00:00+00:00,-0.010705111789234618,3.0,0.0,0.00031746031746031746,20.28781603172103
2021-04-08 00:00:00+00:00,0.026382040254579363,3.0,0.0,0.00031746031746031746,20.823050010947394
2021-04-09 00:00:00+00:00,0.01923830440971645,3.0,0.0,0.00031746031746031746,21.22365018579675
2021-04-12 00:00:00+00:00,0.009696286024421385,3.0,0.0,0.00031746031746031746,21.4294407684805
2021-04-13 00:00:00+00:00,0.007843509158248368,3.0,0.0,0.00031746031746031746,21.597522783404216
2021-04-14 00:00:00+00:00,-0.013547998638843222,3.0,0.0,0.00031746031746031746,21.30491957413227
2021-04-15 00:00:00+00:00,0.03003474922468085,3.0,0.0,0.00031746031746031746,21.944807490793327
2021-04-16 00:00:00+00:00,-0.005642940031861155,3.0,0.23830405705075874,0.00031746031746031746,21.82097425811204
2021-04-19 00:00:00+00:00,-0.05519036192519724,3.0,0.0,0.00031746031746031746,20.616666791246427
2021-04-20 00:00:00+00:00,-0.013277746050688653,3.0,0.0,0.00031746031746031746,20.342923925180592
2021-04-21 00:00:00+00:00,0.017034913868852433,3.0,0.0,0.00031746031746031746,20.68946388208666
2021-04-22 00:00:00+00:00,-0.01839896262601815,3.0,0.0,0.00031746031746031746,20.308799209367795
2021-04-23 00:00:00+00:00,0.020441272551817706,3.0,0.0,0.00031746031746031746,20.72393690920662
2021-04-26 00:00:00+00:00,0.0028255172760714006,3.0,0.0,0.00031746031746031746,20.782492750971798
2021-04-27 00:00:00+00:00,-0.0011110384885457563,3.0,0.0,0.00031746031746031746,20.759402601637547
2021-04-28 00:00:00+00:00,-0.00328109020504268,3.0,0.0,0.00031746031746031746,20.691289129098777
2021-04-29 00:00:00+00:00,0.015136379220558823,3.0,0.0,0.00031746031746031746,21.00448032791904
2021-04-30 00:00:00+00:00,-0.012201068612658197,3.0,0.0,0.00031746031746031746,20.74820322226487
2021-05-03 00:00:00+00:00,0.00037038000260970956,3.0,0.0,0.00031746031746031746,20.75588794182848
2021-05-04 00:00:00+00:00,-0.015604485798732252,3.0,0.0,0.00031746031746031746,20.43200298320014
2021-05-05 00:00:00+00:00,0.0009420982120216942,3.0,0.0,0.00031746031746031746,20.45125193667863
2021-05-06 00:00:00+00:00,0.01801675883619951,3.0,0.0,0.00031746031746031746,20.81971721072013
2021-05-07 00:00:00+00:00,0.016264218496988957,3.0,0.0,0.00031746031746031746,21.1583336404808
2021-05-10 00:00:00+00:00,-0.018543048174362472,3.0,0.0,0.00031746031746031746,20.76599364049613
2021-05-11 00:00:00+00:00,-0.02025522197953036,3.0,0.0,0.00031746031746031746,20.345373829682366
2021-05-12 00:00:00+00:00,-0.04081524508755469,3.0,0.0,0.00031746031746031746,19.51497241042596
2021-05-13 00:00:00+00:00,0.01927777987828395,3.0,0.0,0.00031746031746031746,19.891177752884936
2021-05-14 00:00:00+00:00,0.03095695566976237,3.0,0.0,0.00031746031746031746,20.506948060800358
2021-05-17 00:00:00+00:00,-0.007508431509958545,3.0,0.19106057624286735,0.00031746031746031746,20.352973045807563
2021-05-18 00:00:00+00:00,-0.020537554253248987,3.0,0.0,0.00031746031746031746,19.934972757664376
2021-05-19 00:00:00+00:00,-0.0075802653892134055,3.0,0.0,0.00031746031746031746,19.78386037363454
2021-05-20 00:00:00+00:00,0.024755207249239648,3.0,0.0,0.00031746031746031746,20.27361393737388
2021-05-21 00:00:00+00:00,-0.0012593565308229367,3.0,0.0,0.00031746031746031746,20.248082229258465
2021-05-24 00:00:00+00:00,0.016352050384096598,3.0,0.0,0.00031746031746031746,20.57917989005263
2021-05-25 00:00:00+00:00,-0.005268671721280899,3.0,0.0,0.00031746031746031746,20.470754946918756
2021-05-26 00:00:00+00:00,0.0017284767056486095,3.0,0.0,0.00031746031746031746,20.506138169991548
2021-05-27 00:00:00+00:00,0.0014371471056198546,3.0,0.0,0.00031746031746031746,20.53560850710999
2021-05-28 00:00:00+00:00,0.0010613734174006319,3.0,0.0,0.00031746031746031746,20.557404456089582
2021-06-01 00:00:00+00:00,-0.001661480351474729,3.0,0.0,0.00031746031746031746,20.52324873250847
2021-06-02 00:00:00+00:00,0.0019294962711034597,3.0,0.0,0.00031746031746031746,20.562848264408775
2021-06-03 00:00:00+00:00,-0.008327546938694738,3.0,0.0,0.00031746031746031746,20.391610180293654
2021-06-04 00:00:00+00:00,0.018673911341146952,3.0,0.0,0.00031746031746031746,20.772401300903688
2021-06-07 00:00:00+00:00,-0.0028400165266867033,3.0,0.0,0.00031746031746031746,20.71340733791015
2021-06-08 00:00:00+00:00,0.00042823559388570354,3.0,0.0,0.00031746031746031746,20.722277556202897
2021-06-09 00:00:00+00:00,-0.004231153723427573,3.0,0.0,0.00031746031746031746,20.634598414363072
2021-06-10 00:00:00+00:00,0.009796620828782203,3.0,0.0,0.00031746031746031746,20.83674775098278
2021-06-11 00:00:00+00:00,0.004228387695013065,3.0,0.0,0.00031746031746031746,20.92485359877713
2021-06-14 00:00:00+00:00,0.004236702427946552,3.0,0.0,0.00031746031746031746,21.013505976823495
2021-06-15 00:00:00+00:00,-0.005166077835585679,3.0,0.0,0.00031746031746031746,20.90494856934868
2021-06-16 00:00:00+00:00,-0.012225181336552357,3.0,0.30593452370150864,0.00031746031746031746,20.64938178225709
2021-06-17 00:00:00+00:00,-0.001762727218596656,3.0,0.0,0.00031746031746031746,20.612982554942313
2021-06-18 00:00:00+00:00,-0.027095855687343316,3.0,0.0,0.00031746031746031746,20.05445615434787
2021-06-21 00:00:00+00:00,0.023469143461318523,3.0,0.0,0.00031746031746031746,20.525117062872983
2021-06-22 00:00:00+00:00,0.009199883510480348,3.0,0.0,0.00031746031746031746,20.713945748890385
2021-06-23 00:00:00+00:00,-0.003677344594297295,3.0,0.0,0.00031746031746031746,20.637773432464137
2021-06-24 00:00:00+00:00,0.012094538318763127,3.0,0.0,0.00031746031746031746,20.887377774057025
2021-06-25 00:00:00+00:00,0.006407110372182731,3.0,0.0,0.00031746031746031746,21.021205508840886
2021-06-28 00:00:00+00:00,0.004404095879734936,3.0,0.0,0.00031746031746031746,21.113784913409432
2021-06-29 00:00:00+00:00,0.000483529855501342,3.0,0.0,0.00031746031746031746,21.123994058777697
2021-06-30 00:00:00+00:00,-0.006735713355670683,3.0,0.0,0.00031746031746031746,20.98170888987088
2021-07-01 00:00:00+00:00,0.010776960226367694,3.0,0.0,0.00031746031746031746,21.207827932058244
2021-07-02 00:00:00+00:00,0.01643940906286621,3.0,0.0,0.00031746031746031746,21.556472090768228
2021-07-06 00:00:00+00:00,-0.004886243621306361,3.0,0.0,0.00031746031746031746,21.451141916516843
2021-07-07 00:00:00+00:00,0.006945334187998125,3.0,0.0,0.00031746031746031746,21.600127265841227
2021-07-08 00:00:00+00:00,-0.02981835544168843,3.0,0.0,0.00031746031746031746,20.95604699344267
2021-07-09 00:00:00+00:00,0.023907092476701693,3.0,0.0,0.00031746031746031746,21.45704514686101
2021-07-12 00:00:00+00:00,0.007318905120748884,3.0,0.0,0.00031746031746031746,21.614087224462512
2021-07-13 00:00:00+00:00,-0.00822022056413145,3.0,0.0,0.00031746031746031746,21.436414660185054
2021-07-14 00:00:00+00:00,0.0024751892470964627,3.0,0.0,0.00031746031746031746,21.489473843248245
2021-07-15 00:00:00+00:00,-0.006620129985533858,3.0,0.0,0.00031746031746031746,21.347210733085213
2021-07-16 00:00:00+00:00,-0.00835116395444146,3.0,2.470674784557147,0.00031746031746031746,21.168936676283206
2021-07-19 00:00:00+00:00,-0.01187655700596345,3.0,0.0,0.00031746031746031746,20.917522593091697
2021-07-20 00:00:00+00:00,0.010839034346501353,3.0,0.0,0.00031746031746031746,21.144248338921937
2021-07-21 00:00:00+00:00,0.005479178741642467,3.0,0.0,0.00031746031746031746,21.260101454928567
2021-07-22 00:00:00+00:00,0.006317929444223646,3.0,0.0,0.00031746031746031746,21.394421275897844
2021-07-23 00:00:00+00:00,0.007387325247409839,3.0,0.0,0.00031746031746031746,21.55246882434301
2021-07-26 00:00:00+00:00,0.055834654891643305,3.0,0.0,0.00031746031746031746,22.755843483213102
2021-07-27 00:00:00+00:00,0.05030268828570486,3.0,0.0,0.00031746031746031746,23.90052358462746
2021-07-28 00:00:00+00:00,0.0137719748627343,3.0,0.0,0.00031746031746031746,24.22968099464114
2021-07-29 00:00:00+00:00,0.0036740875046327582,3.0,0.0,0.00031746031746031746,24.31870296282479
2021-07-30 00:00:00+00:00,0.049746527296928446,3.0,0.0,0.00031746031746031746,25.52847398359085
2021-08-02 00:00:00+00:00,-0.07400549399038119,3.0,0.0,0.00031746031746031746,23.639226655614614
2021-08-03 00:00:00+00:00,-0.019696473494629815,3.0,0.0,0.00031746031746031746,23.173617254358756
2021-08-04 00:00:00+00:00,0.03648662704994506,3.0,0.0,0.00031746031746031746,24.019144384516718
2021-08-05 00:00:00+00:00,0.03317547597023958,3.0,0.0,0.00031746031746031746,24.815990931870967
2021-08-06 00:00:00+00:00,0.048073448440763424,3.0,0.0,0.00031746031746031746,26.008981192440718
2021-08-09 00:00:00+00:00,0.08032632190072841,3.0,0.0,0.00031746031746031746,28.098186988014703
2021-08-10 00:00:00+00:00,-0.015961462358982385,3.0,0.0,0.00031746031746031746,27.649698834049858
2021-08-11 00:00:00+00:00,0.002172966591237531,3.0,0.0,0.00031746031746031746,27.709780705874028
2021-08-12 00:00:00+00:00,-0.022333972825587592,3.0,0.0,0.00031746031746031746,27.090911216586047
2021-08-13 00:00:00+00:00,0.0761625425491086,3.0,0.0,0.00031746031746031746,29.154223894813406
2021-08-16 00:00:00+00:00,-0.012302856858287466,3.0,2.2095172273820496,0.00031746031746031746,28.795543651421053
2021-08-17 00:00:00+00:00,-0.027571252510969004,3.0,0.0,0.00031746031746031746,28.00161444621709
2021-08-18 00:00:00+00:00,-0.02141310424474779,3.0,0.0,0.00031746031746031746,27.40201295705901
2021-08-19 00:00:00+00:00,0.02063572061699257,3.0,0.0,0.00031746031746031746,27.967473240784088
2021-08-20 00:00:00+00:00,0.03926824199289227,3.0,0.0,0.00031746031746031746,29.065706747932936
2021-08-23 00:00:00+00:00,0.01556573967291364,3.0,0.0,0.00031746031746031746,29.51813597258051
2021-08-24 00:00:00+00:00,-0.013963901363269655,3.0,0.0,0.00031746031746031746,29.105947633431814
2021-08-25 00:00:00+00:00,0.01484414143536409,3.0,0.0,0.00031746031746031746,29.538000436712778
2021-08-26 00:00:00+00:00,-0.02823489170367004,3.0,0.0,0.00031746031746031746,28.703998193239237
2021-08-27 00:00:00+00:00,0.03458166384831204,3.0,0.0,0.00031746031746031746,29.69663020986039
2021-08-30 00:00:00+00:00,-0.010159009142714233,3.0,0.0,0.00031746031746031746,29.394941872050616
2021-08-31 00:00:00+00:00,-0.0016187845093356894,3.0,0.0,0.00031746031746031746,29.347357795495316
2021-09-01 00:00:00+00:00,0.015383252885824993,3.0,0.0,0.00031746031746031746,29.798815621994212
2021-09-02 00:00:00+00:00,0.010378838618446394,3.0,0.0,0.00031746031746031746,30.10809272035573
2021-09-03 00:00:00+00:00,0.00466116065282416,3.0,0.0,0.00031746031746031746,30.248431377475438
2021-09-07 00:00:00+00:00,-0.034488954996582284,3.0,0.0,0.00031746031746031746,29.20519458898048
2021-09-08 00:00:00+00:00,-0.010169777863527966,3.0,0.0,0.00031746031746031746,28.908184247549435
2021-09-09 00:00:00+00:00,-0.010225655915064476,3.0,0.0,0.00031746031746031746,28.612579102304707
2021-09-10 00:00:00+00:00,-0.029556449003539494,3.0,0.0,0.00031746031746031746,27.766892867207698
2021-09-13 00:00:00+00:00,0.009137673856642676,3.0,0.0,0.00031746031746031746,28.02061767824058
2021-09-14 00:00:00+00:00,-0.012500938503112518,3.0,0.0,0.00031746031746031746,27.670333659825666
2021-09-15 00:00:00+00:00,0.026257136255247986,3.0,0.26389100538433413,0.00031746031746031746,28.396877380959882
2021-09-16 00:00:00+00:00,-0.007029575371035877,3.0,0.0,0.00031746031746031746,28.19725939110836
2021-09-17 00:00:00+00:00,-0.023238924736320322,3.0,0.0,0.00031746031746031746,27.541985402347894
2021-09-20 00:00:00+00:00,-0.028501748425689515,3.0,0.0,0.00031746031746031746,26.756990663266162
2021-09-21 00:00:00+00:00,-0.0036444686989357427,3.0,0.0,0.00031746031746031746,26.65947564831617
2021-09-22 00:00:00+00:00,0.011437654159025912,3.0,0.0,0.00031746031746031746,26.964397510842588
2021-09-23 00:00:00+00:00,0.020391500555183604,3.0,0.0,0.00031746031746031746,27.514242037655126
2021-09-24 00:00:00+00:00,0.001462964227296176,3.0,0.0,0.00031746031746031746,27.554494389497382
2021-09-27 00:00:00+00:00,-0.006850769189983355,3.0,0.0,0.00031746031746031746,27.365724908288243
2021-09-28 00:00:00+00:00,-0.034878271230311154,3.0,0.0,0.00031746031746031746,26.411255732522882
2021-09-29 00:00:00+00:00,0.0012913712922584218,3.0,0.0,0.00031746031746031746,26.44536246996836
2021-09-30 00:00:00+00:00,-0.020187225104029972,3.0,0.0,0.00031746031746031746,25.91150398482944
2021-10-01 00:00:00+00:00,0.014201325696327316,3.0,0.0,0.00031746031746031746,26.27948169219969
2021-10-04 00:00:00+00:00,-0.024272316315851385,3.0,0.0,0.00031746031746031746,25.641617799949994
2021-10-05 00:00:00+00:00,0.015670654844621313,3.0,0.0,0.00031746031746031746,26.04343874215071
2021-10-06 00:00:00+00:00,0.005743925850331743,3.0,0.0,0.00031746031746031746,26.193030323173282
2021-10-07 00:00:00+00:00,-0.005932413814920842,3.0,0.0,0.00031746031746031746,26.03764242822945
2021-10-08 00:00:00+00:00,-0.005311713156825052,3.0,0.0,0.00031746031746031746,25.899337940370717
2021-10-11 00:00:00+00:00,0.024807071444875053,3.0,0.0,0.00031746031746031746,26.541824667032458
2021-10-12 00:00:00+00:00,-0.025289376389482105,3.0,0.0,0.00031746031746031746,25.870598472964232
2021-10-13 00:00:00+00:00,0.023637033653540456,3.0,0.0,0.00031746031746031746,26.482102679706923
2021-10-14 00:00:00+00:00,0.03768612360003821,3.0,0.05228447688005894,0.00031746031746031746,27.480110474483265
2021-10-15 00:00:00+00:00,0.06949835046742085,3.0,0.0,0.00031746031746031746,29.389932823122347
2021-10-18 00:00:00+00:00,0.010565492569146018,3.0,0.0,0.00031746031746031746,29.700451939972748
2021-10-19 00:00:00+00:00,0.039731111174421706,3.0,0.0,0.00031746031746031746,30.88048389793037
2021-10-20 00:00:00+00:00,0.02619132573421259,3.0,0.0,0.00031746031746031746,31.689284710531172
2021-10-21 00:00:00+00:00,-0.03524265926209819,3.0,0.0,0.00031746031746031746,30.572470047218303
2021-10-22 00:00:00+00:00,-0.01991835753474971,3.0,0.0,0.00031746031746031746,29.963516658097383
2021-10-25 00:00:00+00:00,0.036145637317033685,3.0,0.0,0.00031746031746031746,31.046567063963867
2021-10-26 00:00:00+00:00,-0.025834848110852824,3.0,0.0,0.00031746031746031746,30.244483719502956
2021-10-27 00:00:00+00:00,-0.03290131837568805,3.0,0.0,0.00031746031746031746,29.249400331539274
2021-10-28 00:00:00+00:00,0.04612283357195585,3.0,0.0,0.00031746031746031746,30.598465555110373
2021-10-29 00:00:00+00:00,0.02284330039764725,3.0,0.0,0.00031746031746031746,31.297435495492817
2021-11-01 00:00:00+00:00,-0.011195039256482783,3.0,0.0,0.00031746031746031746,30.947059476493536
2021-11-02 00:00:00+00:00,0.033571534279650914,3.0,0.0,0.00031746031746031746,31.985999744563035
2021-11-03 00:00:00+00:00,0.010800487448163502,3.0,0.0,0.00031746031746031746,32.33146413332115
2021-11-04 00:00:00+00:00,-0.007720080627817887,3.0,0.0,0.00031746031746031746,32.0818626233965
2021-11-05 00:00:00+00:00,0.004444912478760662,3.0,0.0,0.00031746031746031746,32.224463694913126
2021-11-08 00:00:00+00:00,0.07666287827679943,3.0,0.0,0.00031746031746031746,34.694883832691396
2021-11-09 00:00:00+00:00,-0.014498052605290506,3.0,0.0,0.00031746031746031746,34.191875581750594
2021-11-10 00:00:00+00:00,-0.039696024754818,3.0,0.0,0.00031746031746031746,32.834594042243765
2021-11-11 00:00:00+00:00,9.93703388755139e-05,3.0,0.0,0.00031746031746031746,32.83785682698058
2021-11-12 00:00:00+00:00,0.010522551913484522,3.0,0.34413990063619115,0.00031746031746031746,33.183394880170056
2021-11-15 00:00:00+00:00,-0.005415445402443656,3.0,0.0,0.00031746031746031746,33.00369201692877
2021-11-16 00:00:00+00:00,-0.019657724175098545,3.0,0.0,0.00031746031746031746,32.354914542500076
2021-11-17 00:00:00+00:00,-0.006935789910835256,3.0,0.0,0.00031746031746031746,32.130507652650266
2021-11-18 00:00:00+00:00,0.009166743797082008,3.0,0.0,0.00031746031746031746,32.42503978437229
2021-11-19 00:00:00+00:00,-0.003498522277095869,3.0,0.0,0.00031746031746031746,32.31160006035094
2021-11-22 00:00:00+00:00,-0.007691160476693947,3.0,0.0,0.00031746031746031746,32.06308635902803
2021-11-23 00:00:00+00:00,0.002877306166583407,3.0,0.0,0.00031746031746031746,32.155341675128554
2021-11-24 00:00:00+00:00,0.003718673941619515,3.0,0.0,0.00031746031746031746,32.27491690629973
2021-11-26 00:00:00+00:00,-0.035595654780239405,3.0,0.0,0.00031746031746031746,31.12607010604217
2021-11-29 00:00:00+00:00,0.016633165046265982,3.0,0.0,0.00031746031746031746,31.643795167357613
2021-11-30 00:00:00+00:00,-0.03212496221102024,3.0,0.0,0.00031746031746031746,30.627239443392984
2021-12-01 00:00:00+00:00,-0.013909610688658154,3.0,0.0,0.00031746031746031746,30.201226466267073
2021-12-02 00:00:00+00:00,0.015704509363561176,3.0,0.0,0.00031746031746031746,30.675521910097597
2021-12-03 00:00:00+00:00,-0.01248352976164524,3.0,0.0,0.00031746031746031746,30.292583119378893
2021-12-06 00:00:00+00:00,0.011713232301724445,3.0,0.0,0.00031746031746031746,30.647407182475472
2021-12-07 00:00:00+00:00,0.03736948130207989,3.0,0.0,0.00031746031746031746,31.79268489213822
2021-12-08 00:00:00+00:00,0.004162286320137758,3.0,0.0,0.00031746031746031746,31.925015149545217
2021-12-09 00:00:00+00:00,-0.01577641337792057,3.0,0.0,0.00031746031746031746,31.421352913449613
2021-12-10 00:00:00+00:00,0.01970707568294718,3.0,0.0,0.00031746031746031746,32.04057589337556
2021-12-13 00:00:00+00:00,-0.023017733325282518,3.0,0.0,0.00031746031746031746,31.303074461873365
2021-12-14 00:00:00+00:00,-0.017543814536052443,3.0,0.14231593849899718,0.00031746031746031746,30.753899129106017
2021-12-15 00:00:00+00:00,0.037829358126305224,3.0,0.0,0.00031746031746031746,31.917299393041233
2021-12-16 00:00:00+00:00,-0.02119745206537341,3.0,0.0,0.00031746031746031746,31.240733969101072
2021-12-17 00:00:00+00:00,-0.023225602013653476,3.0,0.0,0.00031746031746031746,30.515149115320305
2021-12-20 00:00:00+00:00,-0.021901356813803462,3.0,0.0,0.00031746031746031746,29.846825946319257
2021-12-21 00:00:00+00:00,0.029997385847865477,3.0,0.0,0.00031746031746031746,30.74215270056508
2021-12-22 00:00:00+00:00,0.017244017884927663,3.0,0.0,0.00031746031746031746,31.272270931554797
2021-12-23 00:00:00+00:00,0.011700072391694162,3.0,0.0,0.00031746031746031746,31.638158765306663
2021-12-27 00:00:00+00:00,0.02839567412095798,3.0,0.0,0.00031746031746031746,32.536545611393436
2021-12-28 00:00:00+00:00,-0.0027725705229411125,3.0,0.0,0.00031746031746031746,32.44633574411296
2021-12-29 00:00:00+00:00,0.0017561716126449044,3.0,0.0,0.00031746031746031746,32.503317077881114
2021-12-30 00:00:00+00:00,-0.006901282578753503,3.0,0.0,0.00031746031746031746,32.27900250197983
2021-12-31 00:00:00+00:00,-0.006611704393571997,3.0,0.0,0.00031746031746031746,32.06558327931737
2022-01-03 00:00:00+00:00,0.013106670146697317,3.0,0.0,0.00031746031746031746,32.485856302420835
2022-01-04 00:00:00+00:00,-0.0017597726647337168,3.0,0.0,0.00031746031746031746,32.428688580509366
2022-01-05 00:00:00+00:00,-0.04284533892926235,3.0,0.0,0.00031746031746031746,31.039270427245942
2022-01-06 00:00:00+00:00,-0.0032874470210146754,3.0,0.0,0.00031746031746031746,30.937230470145423
2022-01-07 00:00:00+00:00,-0.010897523797651874,3.0,0.0,0.00031746031746031746,30.600091264863572
2022-01-10 00:00:00+00:00,-0.004058976862776982,3.0,0.0,0.00031746031746031746,30.475886202420625
2022-01-11 00:00:00+00:00,0.020088495967213682,3.0,0.0,0.00031746031746031746,31.088100919495215
2022-01-12 00:00:00+00:00,0.005380876115779382,3.0,0.0,0.00031746031746031746,31.25538213921787
2022-01-13 00:00:00+00:00,-0.03145013228296199,3.0,0.1842176656751708,0.00031746031746031746,30.27239623638494
2022-01-14 00:00:00+00:00,0.0003200593715817076,3.0,0.0,0.00031746031746031746,30.28208520050063
2022-01-18 00:00:00+00:00,-0.04156263432671606,3.0,0.0,0.00031746031746031746,29.023481966661766
2022-01-19 00:00:00+00:00,-0.02278544293948373,3.0,0.0,0.00031746031746031746,28.36216907440526
2022-01-20 00:00:00+00:00,-0.024770977293505168,3.0,0.0,0.00031746031746031746,27.65961042826861
2022-01-21 00:00:00+00:00,-0.03137523400445312,3.0,0.0,0.00031746031746031746,26.791783678609672
2022-01-24 00:00:00+00:00,0.00858883565944478,3.0,0.0,0.00031746031746031746,27.021893905648646
2022-01-25 00:00:00+00:00,-0.024989850919249042,3.0,0.0,0.00031746031746031746,26.346620805390724
2022-01-26 00:00:00+00:00,-0.0031673445525208063,3.0,0.0,0.00031746031746031746,26.26317197950544
2022-01-27 00:00:00+00:00,-0.010505969978775011,3.0,0.0,0.00031746031746031746,25.98725188314135
2022-01-28 00:00:00+00:00,0.0334934127095572,3.0,0.0,0.00031746031746031746,26.85765363565062
2022-01-31 00:00:00+00:00,0.030896094975353786,3.0,0.0,0.00031746031746031746,27.68745025319284
2022-02-01 00:00:00+00:00,0.010057655090282936,3.0,0.0,0.00031746031746031746,27.96592107816882
2022-02-02 00:00:00+00:00,0.01834893163094167,3.0,0.0,0.00031746031746031746,28.47906585202845
2022-02-03 00:00:00+00:00,-0.04821600130690864,3.0,0.0,0.00031746031746031746,27.10591917568751
2022-02-04 00:00:00+00:00,0.006509997242886426,3.0,0.0,0.00031746031746031746,27.282378634787136
2022-02-07 00:00:00+00:00,0.0006132069357743606,3.0,0.0,0.00031746031746031746,27.299108378590407
2022-02-08 00:00:00+00:00,0.018903946717643744,3.0,0.0,0.00031746031746031746,27.81516926881846
2022-02-09 00:00:00+00:00,0.03293738060709978,3.0,0.0,0.00031746031746031746,28.73132808567644
2022-02-10 00:00:00+00:00,-0.045104648211011796,3.0,0.0,0.00031746031746031746,27.43541163973684
2022-02-11 00:00:00+00:00,-0.04809136516713927,3.0,0.0,0.00031746031746031746,26.116005240059472
2022-02-14 00:00:00+00:00,-0.00712335112570979,3.0,3.1273964774865237,0.00031746031746031746,25.92997176473365
2022-02-15 00:00:00+00:00,0.009817217126038023,3.0,0.0,0.00031746031746031746,26.184531927620075
2022-02-16 00:00:00+00:00,-0.016875431880277215,3.0,0.0,0.00031746031746031746,25.74265664275858
2022-02-17 00:00:00+00:00,-0.10408476551495678,3.0,0.0,0.00031746031746031746,23.063238262365008
2022-02-18 00:00:00+00:00,-0.00780432587961763,3.0,0.0,0.00031746031746031746,22.883245235126246
2022-02-22 00:00:00+00:00,-0.011787362541915529,3.0,0.0,0.00031746031746031746,22.613512127404253
2022-02-23 00:00:00+00:00,-0.039031191605403984,3.0,0.0,0.00031746031746031746,21.73087980268841
2022-02-24 00:00:00+00:00,0.03798230544011352,3.0,0.0,0.00031746031746031746,22.556268716836517
2022-02-25 00:00:00+00:00,0.03762846952069308,3.0,0.0,0.00031746031746031746,23.40502658674856
2022-02-28 00:00:00+00:00,-0.04646805511349695,3.0,0.0,0.00031746031746031746,22.317440521382665
2022-03-01 00:00:00+00:00,0.02138199686978678,3.0,0.0,0.00031746031746031746,22.794631964752522
2022-03-02 00:00:00+00:00,-0.0025536730686672444,3.0,0.0,0.00031746031746031746,22.736421926993952
2022-03-03 00:00:00+00:00,-0.04170721602595281,3.0,0.0,0.00031746031746031746,21.788149066027604
2022-03-04 00:00:00+00:00,-0.09381997952913837,3.0,0.0,0.00031746031746031746,19.74398536667508
2022-03-07 00:00:00+00:00,-0.03816002747272532,3.0,0.0,0.00031746031746031746,18.990554342661675
2022-03-08 00:00:00+00:00,-0.004461359789900209,3.0,0.0,0.00031746031746031746,18.90583064712941
2022-03-09 00:00:00+00:00,0.010546294247010514,3.0,0.0,0.00031746031746031746,19.105217100118185
2022-03-10 00:00:00+00:00,-0.004220784918776779,3.0,0.0,0.00031746031746031746,19.02457808791205
2022-03-11 00:00:00+00:00,-0.00810686769956857,3.0,0.0,0.00031746031746031746,18.870348350313236
2022-03-14 00:00:00+00:00,-0.004555658280209674,3.0,0.0,0.00031746031746031746,18.78438149160069
2022-03-15 00:00:00+00:00,0.009235814421016661,3.0,0.0,0.00031746031746031746,18.957870553070695
2022-03-16 00:00:00+00:00,0.02626607347041807,3.0,1.3416042488477005,0.00031746031746031746,19.455819373860326
2022-03-17 00:00:00+00:00,0.01823954358704295,3.0,0.0,0.00031746031746031746,19.81068463935149
2022-03-18 00:00:00+00:00,0.012019116599809388,3.0,0.0,0.00031746031746031746,20.048791567953906
2022-03-21 00:00:00+00:00,-0.02437609005289539,3.0,0.0,0.00031746031746031746,19.560080419241732
2022-03-22 00:00:00+00:00,0.03784358961668226,3.0,0.0,0.00031746031746031746,20.30030407549682
2022-03-23 00:00:00+00:00,-0.005554690984608956,3.0,0.0,0.00031746031746031746,20.187542159463835
2022-03-24 00:00:00+00:00,0.03620107516908729,3.0,0.0,0.00031746031746031746,20.918352890657705
2022-03-25 00:00:00+00:00,0.012692756778037327,3.0,0.0,0.00031746031746031746,21.183864456095975
2022-03-28 00:00:00+00:00,0.05798839630025806,3.0,0.0,0.00031746031746031746,22.41228278334702
2022-03-29 00:00:00+00:00,0.02178820342824655,3.0,0.0,0.00031746031746031746,22.900606159921974
2022-03-30 00:00:00+00:00,-0.015765394511616734,3.0,0.0,0.00031746031746031746,22.539569069255645
2022-03-31 00:00:00+00:00,-0.047439968070906814,3.0,0.0,0.00031746031746031746,21.47029263227816
2022-04-01 00:00:00+00:00,0.016592395701760063,3.0,0.0,0.00031746031746031746,21.8265362234655
2022-04-04 00:00:00+00:00,0.016447494028062892,3.0,0.0,0.00031746031746031746,22.185528047654245
2022-04-05 00:00:00+00:00,-0.035550920251685124,3.0,0.0,0.00031746031746031746,21.396812109290565
2022-04-06 00:00:00+00:00,-0.0550049169699458,3.0,0.0,0.00031746031746031746,20.219882235797506
2022-04-07 00:00:00+00:00,0.010955952386350344,3.0,0.0,0.00031746031746031746,20.441410302830512
2022-04-08 00:00:00+00:00,-0.026753897836273476,3.0,0.0,0.00031746031746031746,19.894522899959238
2022-04-11 00:00:00+00:00,-0.07608636489463709,3.0,0.0,0.00031746031746031746,18.380820971188225
2022-04-12 00:00:00+00:00,0.007017335023544671,3.0,0.0,0.00031746031746031746,18.50980534995085
2022-04-13 00:00:00+00:00,0.036149099262537794,3.0,0.0,0.00031746031746031746,19.178918140876473
2022-04-14 00:00:00+00:00,-0.037971909025284356,3.0,0.3786740297633369,0.00031746031746031746,18.450658006027737
2022-04-18 00:00:00+00:00,0.007323962461091401,3.0,0.0,0.00031746031746031746,18.58578993264632
2022-04-19 00:00:00+00:00,0.018917290889143918,3.0,0.0,0.00031746031746031746,18.937382727206714
2022-04-20 00:00:00+00:00,-0.0050263158473908415,3.0,0.0,0.00031746031746031746,18.84219746029685
2022-04-21 00:00:00+00:00,-0.03219941761966817,3.0,0.0,0.00031746031746031746,18.235489675400498
2022-04-22 00:00:00+00:00,-0.028519642695945337,3.0,0.0,0.00031746031746031746,17.715420025472476
2022-04-25 00:00:00+00:00,0.0031632858645285183,3.0,0.0,0.00031746031746031746,17.77145896322324
2022-04-26 00:00:00+00:00,-0.02238424082715805,3.0,0.0,0.00031746031746031746,17.373658345940495
2022-04-27 00:00:00+00:00,-0.0014914553505838517,3.0,0.0,0.00031746031746031746,17.347746310241227
2022-04-28 00:00:00+00:00,0.019880667348743365,3.0,0.0,0.00031746031746031746,17.692631083885523
2022-04-29 00:00:00+00:00,-0.029109967766228952,3.0,0.0,0.00031746031746031746,17.177599163333834
2022-05-02 00:00:00+00:00,0.00013604994859455432,3.0,0.0,0.00031746031746031746,17.179936174816984
2022-05-03 00:00:00+00:00,0.0006728193828932686,3.0,0.0,0.00031746031746031746,17.191495168872272
2022-05-04 00:00:00+00:00,0.023040992040682412,3.0,0.0,0.00031746031746031746,17.58760427222569
2022-05-05 00:00:00+00:00,-0.02839103831161752,3.0,0.0,0.00031746031746031746,17.088273925523364
2022-05-06 00:00:00+00:00,-0.006693312825123735,3.0,0.0,0.00031746031746031746,16.97389676249843
2022-05-09 00:00:00+00:00,-0.01196746773596363,3.0,0.0,0.00031746031746031746,16.770762200639656
2022-05-10 00:00:00+00:00,-0.0013458655610109169,3.0,0.0,0.00031746031746031746,16.74819100936191
2022-05-11 00:00:00+00:00,-0.003973686328594149,3.0,0.0,0.00031746031746031746,16.681638951719325
2022-05-12 00:00:00+00:00,-1.9610594445818833e-06,3.0,0.0,0.00031746031746031746,16.68160623803371
2022-05-13 00:00:00+00:00,0.0003134131302550022,3.0,0.0,0.00031746031746031746,16.68683447246245
2022-05-16 00:00:00+00:00,-0.0025211369321171996,3.0,0.04864734087541245,0.00031746031746031746,16.6447646777938
2022-05-17 00:00:00+00:00,0.0008908167965503736,3.0,0.0,0.00031746031746031746,16.659592113743408
2022-05-18 00:00:00+00:00,-0.002966291556042692,3.0,0.0,0.00031746031746031746,16.610174906329295
2022-05-19 00:00:00+00:00,0.0012127462537003804,3.0,0.0,0.00031746031746031746,16.630318833720253
2022-05-20 00:00:00+00:00,-0.018292704592502207,3.0,0.0,0.00031746031746031746,16.32610532401588
2022-05-23 00:00:00+00:00,0.021637626943508594,3.0,0.0,0.00031746031746031746,16.679363500457367
2022-05-24 00:00:00+00:00,-0.011522999129894521,3.0,0.0,0.00031746031746031746,16.487167209354403
2022-05-25 00:00:00+00:00,0.011387462066161399,3.0,0.0,0.00031746031746031746,16.674914200529386
2022-05-26 00:00:00+00:00,0.027314076882745727,3.0,0.0,0.00031746031746031746,17.130374089015834
2022-05-27 00:00:00+00:00,0.03666683291039947,3.0,0.0,0.00031746031746031746,17.758490653430414
2022-05-31 00:00:00+00:00,-0.01057702294186269,3.0,0.0,0.00031746031746031746,17.570658690376227
2022-06-01 00:00:00+00:00,-0.012676680463301662,3.0,0.0,0.00031746031746031746,17.347921064628594
2022-06-02 00:00:00+00:00,0.02883490667564173,3.0,0.0,0.00031746031746031746,17.84814674954356
2022-06-03 00:00:00+00:00,-0.026350995798688416,3.0,0.0,0.00031746031746031746,17.377830309531962
2022-06-06 00:00:00+00:00,0.004230141056076929,3.0,0.0,0.00031746031746031746,17.45134098298985
2022-06-07 00:00:00+00:00,0.014742975563200058,3.0,0.0,0.00031746031746031746,17.70862567664714
2022-06-08 00:00:00+00:00,-0.017780885419510263,3.0,0.0,0.00031746031746031746,17.39375063255368
2022-06-09 00:00:00+00:00,-0.03802843302167001,3.0,0.0,0.00031746031746031746,16.732293551627983
2022-06-10 00:00:00+00:00,-0.04525686443298121,3.0,0.0,0.00031746031746031746,15.97504241070911
2022-06-13 00:00:00+00:00,-0.06811031961625459,3.0,0.0,0.00031746031746031746,14.88697716623249
2022-06-14 00:00:00+00:00,-0.009118669198198322,3.0,0.0,0.00031746031746031746,14.751227746092484
2022-06-15 00:00:00+00:00,0.010036058757185662,3.0,0.573271586677889,0.00031746031746031746,14.899271934492896
2022-06-16 00:00:00+00:00,-0.0359148313292423,3.0,0.0,0.00031746031746031746,14.36416709603707
2022-06-17 00:00:00+00:00,-0.0016964849275491979,3.0,0.0,0.00031746031746031746,14.339798503061846
2022-06-21 00:00:00+00:00,0.024366423394834497,3.0,0.0,0.00031746031746031746,14.689208104784065
2022-06-22 00:00:00+00:00,-0.0027053476122941332,3.0,0.0,0.00031746031746031746,14.649468690711295
2022-06-23 00:00:00+00:00,0.010490474686042705,3.0,0.0,0.00031746031746031746,14.803148571175178
2022-06-24 00:00:00+00:00,0.03702883211137751,3.0,0.0,0.00031746031746031746,15.351291874337
2022-06-27 00:00:00+00:00,-0.004850364315569072,3.0,0.0,0.00031746031746031746,15.276832516031831
2022-06-28 00:00:00+00:00,-0.026011837548650104,3.0,0.0,0.00031746031746031746,14.879454030366876
2022-06-29 00:00:00+00:00,-0.0015408064164307966,3.0,0.0,0.00031746031746031746,14.8565276721239
2022-06-30 00:00:00+00:00,-0.010379435004940459,3.0,0.0,0.00031746031746031746,14.702325308751991
2022-07-01 00:00:00+00:00,0.010990708104235011,3.0,0.0,0.00031746031746031746,14.863914274673991
2022-07-05 00:00:00+00:00,0.001597434227630964,3.0,0.0,0.00031746031746031746,14.88765840009293
2022-07-06 00:00:00+00:00,0.0040910840359242775,3.0,0.0,0.00031746031746031746,14.948565061705844
2022-07-07 00:00:00+00:00,0.01948187549303912,3.0,0.0,0.00031746031746031746,15.239791145037591
2022-07-08 00:00:00+00:00,-0.0015380597980101255,3.0,0.0,0.00031746031746031746,15.216351434947338
2022-07-11 00:00:00+00:00,-0.01567773578751531,3.0,0.0,0.00031746031746031746,14.977793497500254
2022-07-12 00:00:00+00:00,-0.012497923852978264,3.0,0.0,0.00031746031746031746,14.790602174882864
2022-07-13 00:00:00+00:00,-0.006330747045011784,3.0,0.0,0.00031746031746031746,14.696966613870279
2022-07-14 00:00:00+00:00,-0.004173172443571911,3.0,0.0,0.00031746031746031746,14.635633637793179
2022-07-15 00:00:00+00:00,0.02410864587560607,3.0,0.0,0.00031746031746031746,14.988478946331844
2022-07-18 00:00:00+00:00,0.07317814850860759,2.9999999999999996,1.7625605299597726,0.0003174603174603174,16.085308084584653
2022-07-19 00:00:00+00:00,0.060899053838199275,2.9999999999999996,0.0,0.0003174603174603174,17.064888127631797
2022-07-20 00:00:00+00:00,-0.007048582960726633,2.9999999999999996,0.0,0.0003174603174603174,16.944604847948664
2022-07-21 00:00:00+00:00,-0.00029448641464352156,2.9999999999999996,0.0,0.0003174603174603174,16.939614892019442
2022-07-22 00:00:00+00:00,-0.02906650351240372,2.9999999999999996,0.0,0.0003174603174603174,16.447239516261792
2022-07-25 00:00:00+00:00,-0.07624533798799975,2.9999999999999996,0.0,0.0003174603174603174,15.193214180374827
2022-07-26 00:00:00+00:00,-0.006294979922049384,2.9999999999999996,0.0,0.0003174603174603174,15.097573202157971
2022-07-27 00:00:00+00:00,0.10998899674527832,2.9999999999999996,0.0,0.0003174603174603174,16.758140131951723
2022-07-28 00:00:00+00:00,0.055630279972956914,2.9999999999999996,0.0,0.0003174603174603174,17.69040015931824
2022-07-29 00:00:00+00:00,0.0036725288988684996,2.9999999999999996,0.0,0.0003174603174603174,17.755368665135887
2022-08-01 00:00:00+00:00,-0.027912235494939517,2.9999999999999996,0.0,0.0003174603174603174,17.259776633655143
2022-08-02 00:00:00+00:00,-0.021647880216717128,2.9999999999999996,0.0,0.0003174603174603174,16.886139056522484
2022-08-03 00:00:00+00:00,-0.0008695480380194196,2.9999999999999996,0.0,0.0003174603174603174,16.871455747436162
2022-08-04 00:00:00+00:00,-0.012683991264913097,2.9999999999999996,0.0,0.0003174603174603174,16.657458350109316
2022-08-05 00:00:00+00:00,0.03610319765859818,2.9999999999999996,0.0,0.0003174603174603174,17.258845861413178
2022-08-08 00:00:00+00:00,0.027768426564465043,2.9999999999999996,0.0,0.0003174603174603174,17.73809685530325
2022-08-09 00:00:00+00:00,-0.036764699299926644,2.9999999999999996,0.0,0.0003174603174603174,17.085961058265053
2022-08-10 00:00:00+00:00,0.0523314658650561,2.9999999999999996,0.0,0.0003174603174603174,17.980094446157327
2022-08-11 00:00:00+00:00,5.10849552661603e-06,2.9999999999999996,0.0,0.0003174603174603174,17.980186297389373
2022-08-12 00:00:00+00:00,0.03118530600189694,2.9999999999999996,0.0,0.0003174603174603174,18.540903909044577
2022-08-15 00:00:00+00:00,-0.0124512608595476,2.9999999999999996,0.0,0.0003174603174603174,18.310046277901257
2022-08-16 00:00:00+00:00,-0.007830387494348286,3.0,1.633422646415871,0.00031746031746031746,18.16667152050584
2022-08-17 00:00:00+00:00,-0.029131366498075476,3.0,0.0,0.00031746031746031746,17.637451554391834
2022-08-18 00:00:00+00:00,-0.0018418198057276018,3.0,0.0,0.00031746031746031746,17.604966546796394
2022-08-19 00:00:00+00:00,-0.017929504893109346,3.0,0.0,0.00031746031746031746,17.289318212952583
2022-08-22 00:00:00+00:00,-0.02064626269962087,3.0,0.0,0.00031746031746031746,16.932358407230623
2022-08-23 00:00:00+00:00,-0.003036500330559269,3.0,0.0,0.00031746031746031746,16.88094329532992
2022-08-24 00:00:00+00:00,0.0009271302329971801,3.0,0.0,0.00031746031746031746,16.89659412822053
2022-08-25 00:00:00+00:00,0.020050386280955488,3.0,0.0,0.00031746031746031746,17.235377367323878
2022-08-26 00:00:00+00:00,-0.08290491606853242,3.0,0.0,0.00031746031746031746,15.806479853276407
2022-08-29 00:00:00+00:00,-0.007564642220892353,3.0,0.0,0.00031746031746031746,15.686909488414628
2022-08-30 00:00:00+00:00,-0.008072735534272067,3.0,0.0,0.00031746031746031746,15.560273216764594
2022-08-31 00:00:00+00:00,-0.00550668628843096,3.0,0.0,0.00031746031746031746,15.474587673597597
2022-09-01 00:00:00+00:00,-0.00023029401329313997,3.0,0.0,0.00031746031746031746,15.471023968698187
2022-09-02 00:00:00+00:00,-0.00587635032228611,3.0,0.0,0.00031746031746031746,15.380110812013632
2022-09-06 00:00:00+00:00,-0.0031869952519026253,3.0,0.0,0.00031746031746031746,15.33109447188201
2022-09-07 00:00:00+00:00,0.005473659583900706,3.0,0.0,0.00031746031746031746,15.415011664069713
2022-09-08 00:00:00+00:00,0.0017496868488107498,3.0,0.0,0.00031746031746031746,15.4419831072526
2022-09-09 00:00:00+00:00,0.009352239412673716,3.0,0.0,0.00031746031746031746,15.58640023027809
2022-09-12 00:00:00+00:00,0.009663481949004224,3.0,0.0,0.00031746031746031746,15.737019127553337
2022-09-13 00:00:00+00:00,-0.029310287462090277,3.0,0.0,0.00031746031746031746,15.275762573128334
2022-09-14 00:00:00+00:00,-0.0016649081218219272,3.0,0.0,0.00031746031746031746,15.250329831953309
2022-09-15 00:00:00+00:00,-0.0022248261105226545,3.0,0.4086138443076579,0.00031746031746031746,15.216400499949096
2022-09-16 00:00:00+00:00,-0.002477172253805304,3.0,0.0,0.00031746031746031746,15.178706854827833
2022-09-19 00:00:00+00:00,0.005966310325803581,3.0,0.0,0.00031746031746031746,15.269267730268139
2022-09-20 00:00:00+00:00,-0.012661440134178997,3.0,0.0,0.00031746031746031746,15.075936811008598
2022-09-21 00:00:00+00:00,-0.01859597420471107,3.0,0.0,0.00031746031746031746,14.795585078959228
2022-09-22 00:00:00+00:00,-0.01108244903172308,3.0,0.0,0.00031746031746031746,14.63161376142714
2022-09-23 00:00:00+00:00,-0.015126568118566,3.0,0.0,0.00031746031746031746,14.410287659180364
2022-09-26 00:00:00+00:00,-0.008657328327231206,3.0,0.0,0.00031746031746031746,14.285533067624991
2022-09-27 00:00:00+00:00,-0.00191676981442344,3.0,0.0,0.00031746031746031746,14.25815098905802
2022-09-28 00:00:00+00:00,0.013605768514126058,3.0,0.0,0.00031746031746031746,14.452144090854599
2022-09-29 00:00:00+00:00,-0.01839807828308488,3.0,0.0,0.00031746031746031746,14.186252412512633
2022-09-30 00:00:00+00:00,-0.011914796129040115,3.0,0.0,0.00031746031746031746,14.017226107182442
2022-10-03 00:00:00+00:00,0.01442945732194989,3.0,0.0,0.00031746031746031746,14.219487073068152
2022-10-04 00:00:00+00:00,0.02896630361354072,3.0,0.0,0.00031746031746031746,14.631373052855462
2022-10-05 00:00:00+00:00,-0.011558933228909257,3.0,0.0,0.00031746031746031746,14.462249988690244
2022-10-06 00:00:00+00:00,-0.01787773962719253,3.0,0.0,0.00031746031746031746,14.203697648969072
2022-10-07 00:00:00+00:00,-0.04284228331155037,3.0,0.0,0.00031746031746031746,13.595178810220338
2022-10-10 00:00:00+00:00,-0.01161386981251794,3.0,0.0,0.00031746031746031746,13.437286173440537
2022-10-11 00:00:00+00:00,-0.004174735754112653,3.0,0.0,0.00031746031746031746,13.381189054414032
2022-10-12 00:00:00+00:00,-0.002233103870232205,3.0,0.0,0.00031746031746031746,13.35130746934831
2022-10-13 00:00:00+00:00,0.012735577487320788,3.0,0.0,0.00031746031746031746,13.52134408018124
2022-10-14 00:00:00+00:00,-0.02069936265128196,3.0,0.0024491351502266,0.00031746031746031746,13.241460875532805
2022-10-17 00:00:00+00:00,0.014670201193872065,3.0,0.0,0.00031746031746031746,13.435715770677655
2022-10-18 00:00:00+00:00,0.008464249611983056,3.0,0.0,0.00031746031746031746,13.549439022676328
2022-10-19 00:00:00+00:00,-0.010205392746354259,3.0,0.0,0.00031746031746031746,13.411161675957137
2022-10-20 00:00:00+00:00,-0.013831102199505101,3.0,0.0,0.00031746031746031746,13.225670528202889
2022-10-21 00:00:00+00:00,0.032433377915868554,3.0,0.0,0.00031746031746031746,13.654623698634857
2022-10-24 00:00:00+00:00,0.004100870282906954,3.0,0.0,0.00031746031746031746,13.710619539184865
2022-10-25 00:00:00+00:00,0.04972512990709219,3.0,0.0,0.00031746031746031746,14.392381876877549
2022-10-26 00:00:00+00:00,0.014684171537423069,3.0,0.0,0.00031746031746031746,14.603722081189717
2022-10-27 00:00:00+00:00,-0.027279272696664886,3.0,0.0,0.00031746031746031746,14.205343164150637
2022-10-28 00:00:00+00:00,0.04477362485659113,3.0,0.0,0.00031746031746031746,14.841367869941458
2022-10-31 00:00:00+00:00,-0.01518965661587392,3.0,0.0,0.00031746031746031746,14.615932588287183
2022-11-01 00:00:00+00:00,-0.006702600103582998,3.0,0.0,0.00031746031746031746,14.517967837006967
2022-11-02 00:00:00+00:00,-0.04752761426338282,3.0,0.0,0.00031746031746031746,13.827963461761502
2022-11-03 00:00:00+00:00,-0.013419453906657552,3.0,0.0,0.00031746031746031746,13.642399743463448
2022-11-04 00:00:00+00:00,0.01698900822847262,3.0,0.0,0.00031746031746031746,13.874170584961263
2022-11-07 00:00:00+00:00,-0.008096045686224589,3.0,0.0,0.00031746031746031746,13.761844666046944
2022-11-08 00:00:00+00:00,-0.06868063400291334,3.0,0.0,0.00031746031746031746,12.816672449333229
2022-11-09 00:00:00+00:00,-0.030645587783323585,3.0,0.0,0.00031746031746031746,12.423897988697082
2022-11-10 00:00:00+00:00,0.07934067114578079,3.0,0.0,0.00031746031746031746,13.409618393367023
2022-11-11 00:00:00+00:00,0.013163864433620269,3.0,0.0,0.00031746031746031746,13.586140792003887
2022-11-14 00:00:00+00:00,-0.011329114071365692,3.0,0.48502730903556296,0.00031746031746031746,13.43222185318164
2022-11-15 00:00:00+00:00,0.010452020314479884,3.0,0.0,0.00031746031746031746,13.572615708859693
2022-11-16 00:00:00+00:00,-0.010193067233540232,3.0,0.0,0.00031746031746031746,13.434269124404283
2022-11-17 00:00:00+00:00,-0.003885946839330106,3.0,0.0,0.00031746031746031746,13.382064268761594
2022-11-18 00:00:00+00:00,0.00437507368550662,3.0,0.0,0.00031746031746031746,13.440611786001611
2022-11-21 00:00:00+00:00,-0.0056558706197911614,3.0,0.0,0.00031746031746031746,13.364593424689147
2022-11-22 00:00:00+00:00,0.013272564905341826,3.0,0.0,0.00031746031746031746,13.541975858351838
2022-11-23 00:00:00+00:00,0.005673162291432264,3.0,0.0,0.00031746031746031746,13.618801685142927
2022-11-25 00:00:00+00:00,-0.0009079892692020036,3.0,0.0,0.00031746031746031746,13.606435959353426
2022-11-28 00:00:00+00:00,-0.017432286023677263,3.0,0.0,0.00031746031746031746,13.36924467594713
2022-11-29 00:00:00+00:00,-0.0022766401348621843,3.0,0.0,0.00031746031746031746,13.338807716945077
2022-11-30 00:00:00+00:00,0.03445165273863526,3.0,0.0,0.00031746031746031746,13.798351688356698
2022-12-01 00:00:00+00:00,-0.001475387267628364,3.0,0.0,0.00031746031746031746,13.777993775961438
2022-12-02 00:00:00+00:00,-0.0019308164364624926,3.0,0.0,0.00031746031746031746,13.751390999117334
2022-12-05 00:00:00+00:00,-0.021383681256094442,3.0,0.0,0.00031746031746031746,13.457335637164283
2022-12-06 00:00:00+00:00,-0.01608362088007618,3.0,0.0,0.00031746031746031746,13.240892952720193
2022-12-07 00:00:00+00:00,-0.0026332485059856123,3.0,0.0,0.00031746031746031746,13.206026391134527
2022-12-08 00:00:00+00:00,0.007620955719479822,3.0,0.0,0.00031746031746031746,13.306668933491643
2022-12-09 00:00:00+00:00,-0.009014568961141181,3.0,0.0,0.00031746031746031746,13.186715048747608
2022-12-12 00:00:00+00:00,0.01784743113050557,3.0,0.0,0.00031746031746031746,13.422064037417732
2022-12-13 00:00:00+00:00,0.03714913839797532,3.0,0.0,0.00031746031746031746,13.92068215193025
2022-12-14 00:00:00+00:00,-0.005590105335635259,3.0,0.12504835555540822,0.00031746031746031746,13.842864072357063
2022-12-15 00:00:00+00:00,-0.052452850480638934,3.0,0.0,0.00031746031746031746,13.116766392945909
2022-12-16 00:00:00+00:00,-0.05323285021449225,3.0,0.0,0.00031746031746031746,12.418523532251735
2022-12-19 00:00:00+00:00,-0.03143627826907988,3.0,0.0,0.00031746031746031746,12.028131370800752
2022-12-20 00:00:00+00:00,-0.0013326042163415053,3.0,0.0,0.00031746031746031746,12.012102632221314
2022-12-21 00:00:00+00:00,0.007121155803275159,3.0,0.0,0.00031746031746031746,12.097642686590293
2022-12-22 00:00:00+00:00,-0.012729675041237863,3.0,0.0,0.00031746031746031746,11.94364362642499
2022-12-23 00:00:00+00:00,0.0026116133324952735,3.0,0.0,0.00031746031746031746,11.974835805358335
2022-12-27 00:00:00+00:00,-0.00931379241933448,3.0,0.0,0.00031746031746031746,11.863304670411614
2022-12-28 00:00:00+00:00,-0.020400627738713074,3.0,0.0,0.00031746031746031746,11.62128580807961
2022-12-29 00:00:00+00:00,0.020361163393201275,3.0,0.0,0.00031746031746031746,11.85790870725701
2022-12-30 00:00:00+00:00,-0.0053662756122135336,3.0,0.0,0.00031746031746031746,11.794275900949403
2023-01-03 00:00:00+00:00,-0.006140852376462514,3.0,0.0,0.00031746031746031746,11.721848993754403
2023-01-04 00:00:00+00:00,0.006348505029576816,3.0,0.0,0.00031746031746031746,11.796265211047192
2023-01-05 00:00:00+00:00,-0.012186062937970931,3.0,0.0,0.00031746031746031746,11.652515180752374
2023-01-06 00:00:00+00:00,0.02268849554417201,3.0,0.0,0.00031746031746031746,11.916893219509271
2023-01-09 00:00:00+00:00,-0.0032131357410209484,3.0,0.0,0.00031746031746031746,11.878602623983735
2023-01-10 00:00:00+00:00,0.01938793850664579,3.0,0.0,0.00031746031746031746,12.108904241202412
2023-01-11 00:00:00+00:00,0.04018934040295196,3.0,0.0,0.00031746031746031746,12.595553115658843
2023-01-12 00:00:00+00:00,0.05133601890844137,3.0,0.0,0.00031746031746031746,13.242158668566582
2023-01-13 00:00:00+00:00,0.0548834328671283,3.0,0.0,0.00031746031746031746,13.968933794868718
2023-01-17 00:00:00+00:00,0.04925791559025584,3.0,0.32043354965348836,0.00031746031746031746,14.657014356622236
2023-01-18 00:00:00+00:00,-0.039661372923110054,3.0,0.0,0.00031746031746031746,14.075697044284864
2023-01-19 00:00:00+00:00,0.005781321983982202,3.0,0.0,0.00031746031746031746,14.157073181046862
2023-01-20 00:00:00+00:00,0.08652350817307086,3.0,0.0,0.00031746031746031746,15.381992818133932
2023-01-23 00:00:00+00:00,0.02322037537311575,3.0,0.0,0.00031746031746031746,15.739168465357572
2023-01-24 00:00:00+00:00,-0.012284758951320366,3.0,0.0,0.00031746031746031746,15.54581657466643
2023-01-25 00:00:00+00:00,0.01678091477840211,3.0,0.0,0.00031746031746031746,15.80668959776658
2023-01-26 00:00:00+00:00,0.010285486612982484,3.0,0.0,0.00031746031746031746,15.969269092019976
2023-01-27 00:00:00+00:00,0.0042839214305051675,3.0,0.0,0.00031746031746031746,16.037680186112787
2023-01-30 00:00:00+00:00,-0.02469706600095046,3.0,0.0,0.00031746031746031746,15.641596540054225
2023-01-31 00:00:00+00:00,0.029092073230258312,3.0,0.0,0.00031746031746031746,16.09664301203564
2023-02-01 00:00:00+00:00,0.03404484672575031,3.0,0.0,0.00031746031746031746,16.644650756179512
2023-02-02 00:00:00+00:00,0.010116283126135219,3.0,0.0,0.00031746031746031746,16.813032755764667
2023-02-03 00:00:00+00:00,-0.014835782400663746,3.0,0.0,0.00031746031746031746,16.56359826030491
2023-02-06 00:00:00+00:00,-0.033175962371331906,3.0,0.0,0.00031746031746031746,16.014084947687177
2023-02-07 00:00:00+00:00,0.03509197757704102,3.0,0.0,0.00031746031746031746,16.576050857588246
2023-02-08 00:00:00+00:00,-0.026623529671577457,3.0,0.0,0.00031746031746031746,16.134737875743667
2023-02-09 00:00:00+00:00,-0.05259414672766544,3.0,0.0,0.00031746031746031746,15.286145104494382
2023-02-10 00:00:00+00:00,-0.0037605001414100212,3.0,0.0,0.00031746031746031746,15.228661553667317
2023-02-13 00:00:00+00:00,0.021028539569784534,3.0,0.0,0.00031746031746031746,15.548898065743465
2023-02-14 00:00:00+00:00,0.015239186783113489,3.0,0.0,0.00031746031746031746,15.78585062763892
2023-02-15 00:00:00+00:00,0.07332761722117052,2.9999999999999996,0.3994767419386105,0.0003174603174603174,16.943389439973
2023-02-16 00:00:00+00:00,-0.04189427955710685,2.9999999999999996,0.0,0.0003174603174603174,16.23355834612984
2023-02-17 00:00:00+00:00,0.022886038618919257,2.9999999999999996,0.0,0.0003174603174603174,16.605080189361846
2023-02-21 00:00:00+00:00,-0.029040751782278763,2.9999999999999996,0.0,0.0003174603174603174,16.122856177257756
2023-02-22 00:00:00+00:00,-0.010493252834879955,2.9999999999999996,0.0,0.0003174603174603174,15.953674970969383
2023-02-23 00:00:00+00:00,-0.0029203082034383932,2.9999999999999996,0.0,0.0003174603174603174,15.907085323076672
2023-02-24 00:00:00+00:00,-0.036622150925000055,2.9999999999999996,0.0,0.0003174603174603174,15.324533643598103
2023-02-27 00:00:00+00:00,0.011851136162655661,2.9999999999999996,0.0,0.0003174603174603174,15.506146778437582
2023-02-28 00:00:00+00:00,-0.016162810578073915,2.9999999999999996,0.0,0.0003174603174603174,15.255523865261885
2023-03-01 00:00:00+00:00,-0.007693099210783108,2.9999999999999996,0.0,0.0003174603174603174,15.138161606653956
2023-03-02 00:00:00+00:00,0.0018059689767046297,2.9999999999999996,0.0,0.0003174603174603174,15.165500656879916
2023-03-03 00:00:00+00:00,-0.014575446215915448,2.9999999999999996,0.0,0.0003174603174603174,14.944456717718133
2023-03-06 00:00:00+00:00,-0.0006611911951133365,2.9999999999999996,0.0,0.0003174603174603174,14.934575574520625
2023-03-07 00:00:00+00:00,-0.0211931034364138,2.9999999999999996,0.0,0.0003174603174603174,14.618065569590872
2023-03-08 00:00:00+00:00,0.0009141968752770795,2.9999999999999996,0.0,0.0003174603174603174,14.631429359457186
2023-03-09 00:00:00+00:00,-0.02095197936897524,2.9999999999999996,0.0,0.0003174603174603174,14.32487195337922
2023-03-10 00:00:00+00:00,-0.015021515051111514,2.9999999999999996,0.0,0.0003174603174603174,14.10969067372629
2023-03-13 00:00:00+00:00,0.06511821538322042,2.9999999999999996,0.0,0.0003174603174603174,15.028488550008614
2023-03-14 00:00:00+00:00,0.02693999780870787,2.9999999999999996,0.0,0.0003174603174603174,15.433355998614038
2023-03-15 00:00:00+00:00,-0.021583457199586494,2.9999999999999996,0.0,0.0003174603174603174,15.10025081997197
2023-03-16 00:00:00+00:00,0.042140437868431864,2.9999999999999996,0.0,0.0003174603174603174,15.736582001448735
2023-03-17 00:00:00+00:00,0.03589240683424511,3.0,0.566634029397916,0.00031746031746031746,16.301405804825194
2023-03-20 00:00:00+00:00,0.017586691578213923,3.0,0.0,0.00031746031746031746,16.588093601005962
2023-03-21 00:00:00+00:00,0.025595968854637913,3.0,0.0,0.00031746031746031746,17.01268192817513
2023-03-22 00:00:00+00:00,-0.044315297865400116,3.0,0.0,0.00031746031746031746,16.25875986103874
2023-03-23 00:00:00+00:00,0.02758793344488737,3.0,0.0,0.00031746031746031746,16.707305445981483
2023-03-24 00:00:00+00:00,-0.011093703033130058,3.0,0.0,0.00031746031746031746,16.521959560879967
2023-03-27 00:00:00+00:00,-0.007739024128500504,3.0,0.0,0.00031746031746031746,16.394095717188208
2023-03-28 00:00:00+00:00,-0.0012342740327771513,3.0,0.0,0.00031746031746031746,16.373860910553617
2023-03-29 00:00:00+00:00,0.04651925672763325,3.0,0.0,0.00031746031746031746,17.13556074987422
2023-03-30 00:00:00+00:00,0.0030626240509603964,3.0,0.0,0.00031746031746031746,17.188040530353476
2023-03-31 00:00:00+00:00,0.03413846496503235,3.0,0.0,0.00031746031746031746,17.774813849816503
2023-04-03 00:00:00+00:00,-0.00878846215451544,3.0,0.0,0.00031746031746031746,17.618600570993834
2023-04-04 00:00:00+00:00,-0.0025188507272248346,3.0,0.0,0.00031746031746031746,17.5742219461329
2023-04-05 00:00:00+00:00,-0.0045630185669650845,3.0,0.0,0.00031746031746031746,17.494030445092733
2023-04-06 00:00:00+00:00,0.0033481636886866823,3.0,0.0,0.00031746031746031746,17.552603322597772
2023-04-10 00:00:00+00:00,0.03539677004380288,3.0,0.0,0.00031746031746031746,18.173908786077856
2023-04-11 00:00:00+00:00,0.011308841831142837,3.0,0.0,0.00031746031746031746,18.37943464599323
2023-04-12 00:00:00+00:00,-0.009749432463813682,3.0,0.0,0.00031746031746031746,18.20024558918904
2023-04-13 00:00:00+00:00,0.028937180037734826,3.0,0.0,0.00031746031746031746,18.726909372534397
2023-04-14 00:00:00+00:00,-0.0024175529329261186,3.0,0.0,0.00031746031746031746,18.681636077856187
2023-04-17 00:00:00+00:00,-0.014753246258793255,3.0,0.0,0.00031746031746031746,18.40602130028242
2023-04-18 00:00:00+00:00,0.0188650487319919,3.0,0.2006020596956521,0.00031746031746031746,18.753251789074326
2023-04-19 00:00:00+00:00,-0.028777909918473874,3.0,0.0,0.00031746031746031746,18.213572398409887
2023-04-20 00:00:00+00:00,-0.02243847846097562,3.0,0.0,0.00031746031746031746,17.804887546450747
2023-04-21 00:00:00+00:00,-0.017926721190472995,3.0,0.0,0.00031746031746031746,17.4857042915778
2023-04-24 00:00:00+00:00,-0.0024307981959766144,3.0,0.0,0.00031746031746031746,17.443200073130452
2023-04-25 00:00:00+00:00,-0.00862919447014577,3.0,0.0,0.00031746031746031746,17.292679307517748
2023-04-26 00:00:00+00:00,-0.005339304236634066,3.0,0.0,0.00031746031746031746,17.200348431628363
2023-04-27 00:00:00+00:00,0.04982693695735754,3.0,0.0,0.00031746031746031746,18.057389108575695
2023-04-28 00:00:00+00:00,0.010980797082306508,3.0,0.0,0.00031746031746031746,18.255673634213217
2023-05-01 00:00:00+00:00,-0.02464243043265291,3.0,0.0,0.00031746031746031746,17.805809466680902
2023-05-02 00:00:00+00:00,-0.020929956050155053,3.0,0.0,0.00031746031746031746,17.433134657105835
2023-05-03 00:00:00+00:00,-0.006744764919844529,3.0,0.0,0.00031746031746031746,17.315552262027662
2023-05-04 00:00:00+00:00,-0.01444748460179712,3.0,0.0,0.00031746031746031746,17.065386087350404
2023-05-05 00:00:00+00:00,0.04144481642644416,3.0,0.0,0.00031746031746031746,17.772657880987037
2023-05-08 00:00:00+00:00,-0.03453965339264634,3.0,0.0,0.00031746031746031746,17.15879643791166
2023-05-09 00:00:00+00:00,-0.00946611714679591,3.0,0.0,0.00031746031746031746,16.996369260732365
2023-05-10 00:00:00+00:00,0.00749529439120398,3.0,0.0,0.00031746031746031746,17.123762051923162
2023-05-11 00:00:00+00:00,-0.0033067343994643075,3.0,0.0,0.00031746031746031746,17.067138318897825
2023-05-12 00:00:00+00:00,-0.0030472502715411533,3.0,0.0,0.00031746031746031746,17.015130477021135
2023-05-15 00:00:00+00:00,0.005208728472793701,3.0,0.0,0.00031746031746031746,17.103757671605095
2023-05-16 00:00:00+00:00,-0.012334461487657598,3.0,0.0,0.00031746031746031746,16.892792031310453
2023-05-17 00:00:00+00:00,0.0229909654400922,3.0,0.07914765571988291,0.00031746031746031746,17.281173629088975
2023-05-18 00:00:00+00:00,0.018350970607740946,3.0,0.0,0.00031746031746031746,17.598299938423654
2023-05-19 00:00:00+00:00,-0.00317586735945371,3.0,0.0,0.00031746031746031746,17.542410072067337
2023-05-22 00:00:00+00:00,-0.00012563613384495903,3.0,0.0,0.00031746031746031746,17.54020611148756
2023-05-23 00:00:00+00:00,-0.018361912595824467,3.0,0.0,0.00031746031746031746,17.21813437995568
2023-05-24 00:00:00+00:00,-0.01080155932178143,3.0,0.0,0.00031746031746031746,17.032151680040183
2023-05-25 00:00:00+00:00,0.012244685728735178,3.0,0.0,0.00031746031746031746,17.240705024646427
2023-05-26 00:00:00+00:00,0.020629121982614865,3.0,0.0,0.00031746031746031746,17.59636563166614
2023-05-30 00:00:00+00:00,-0.0022308762603828825,3.0,0.0,0.00031746031746031746,17.557110317309437
2023-05-31 00:00:00+00:00,-0.011691378082986228,3.0,0.0,0.00031746031746031746,17.351843502545073
2023-06-01 00:00:00+00:00,0.016710228798988435,3.0,0.0,0.00031746031746031746,17.64179677755684
2023-06-02 00:00:00+00:00,0.026582071000460342,3.0,0.0,0.00031746031746031746,18.110752272073547
2023-06-05 00:00:00+00:00,-0.004461911108967275,3.0,0.0,0.00031746031746031746,18.029943705319027
2023-06-06 00:00:00+00:00,0.004198875293393,3.0,0.0,0.00031746031746031746,18.10564919048456
2023-06-07 00:00:00+00:00,-0.0077789824611561465,3.0,0.0,0.00031746031746031746,17.964805662983935
2023-06-08 00:00:00+00:00,0.011943212160715044,3.0,0.0,0.00031746031746031746,18.179363148442967
2023-06-09 00:00:00+00:00,0.0017637914895933253,3.0,0.0,0.00031746031746031746,18.21142775445042
2023-06-12 00:00:00+00:00,0.017744119771097903,3.0,0.0,0.00031746031746031746,18.534573509728084
2023-06-13 00:00:00+00:00,0.013215158079013436,3.0,0.0,0.00031746031746031746,18.779510828586236
2023-06-14 00:00:00+00:00,0.0015861990467670433,3.0,0.0,0.00031746031746031746,18.80929887076129
2023-06-15 00:00:00+00:00,0.023710518660644487,3.0,0.0,0.00031746031746031746,19.255277102630114
2023-06-16 00:00:00+00:00,-0.006797082601318288,3.0,0.32909808954038655,0.00031746031746031746,19.124397393652263
2023-06-20 00:00:00+00:00,-0.008509852929691492,3.0,0.0,0.00031746031746031746,18.961651584463308
2023-06-21 00:00:00+00:00,0.026616320699798943,3.0,0.0,0.00031746031746031746,19.466340984033234
2023-06-22 00:00:00+00:00,0.0028410168961234814,3.0,0.0,0.00031746031746031746,19.521645187674572
2023-06-23 00:00:00+00:00,0.0035099352669177614,3.0,0.0,0.00031746031746031746,19.590164898587044
2023-06-26 00:00:00+00:00,-0.016170093553719327,3.0,0.0,0.00031746031746031746,19.273390099444104
2023-06-27 00:00:00+00:00,0.025651884714170434,3.0,0.0,0.00031746031746031746,19.76778888032628
2023-06-28 00:00:00+00:00,-0.013453229555243126,3.0,0.0,0.00031746031746031746,19.501848278719667
2023-06-29 00:00:00+00:00,0.014371109125750216,3.0,0.0,0.00031746031746031746,19.78211146848697
2023-06-30 00:00:00+00:00,0.02092496219637315,3.0,0.0,0.00031746031746031746,20.196051403129502
2023-07-03 00:00:00+00:00,0.015268164739451386,3.0,0.0,0.00031746031746031746,20.504408043038914
2023-07-05 00:00:00+00:00,-0.016143146233033173,3.0,0.0,0.00031746031746031746,20.173402385578356
2023-07-06 00:00:00+00:00,-0.025590113428821094,3.0,0.0,0.00031746031746031746,19.657162730286156
2023-07-07 00:00:00+00:00,0.003187275508414805,3.0,0.0,0.00031746031746031746,19.71981552362132
2023-07-10 00:00:00+00:00,0.004865352889482557,3.0,0.0,0.00031746031746031746,19.815759385059238
2023-07-11 00:00:00+00:00,0.015539921889315904,3.0,0.0,0.00031746031746031746,20.123694738080538
2023-07-12 00:00:00+00:00,0.007946720454174303,3.0,0.0,0.00031746031746031746,20.283612114669204
2023-07-13 00:00:00+00:00,0.03665496761702146,3.0,0.0,0.00031746031746031746,21.027107259888627
2023-07-14 00:00:00+00:00,-0.024275247400249955,3.0,0.0,0.00031746031746031746,20.51666902904324
2023-07-17 00:00:00+00:00,0.00268978861476721,3.0,0.0,0.00031746031746031746,20.571854531810505
2023-07-18 00:00:00+00:00,0.006518189558904706,3.0,0.0,0.00031746031746031746,20.705945779227058
2023-07-19 00:00:00+00:00,0.004871465159695321,3.0,0.12867159131453726,0.00031746031746031746,20.8068140726891
2023-07-20 00:00:00+00:00,-0.01440313760771455,3.0,0.0,0.00031746031746031746,20.50713066642203
2023-07-21 00:00:00+00:00,0.0030382868065944495,3.0,0.0,0.00031746031746031746,20.569437210966925
2023-07-24 00:00:00+00:00,0.005085142104818932,3.0,0.0,0.00031746031746031746,20.674035722200845
2023-07-25 00:00:00+00:00,0.004321095340845144,3.0,0.0,0.00031746031746031746,20.763370201636516
2023-07-26 00:00:00+00:00,-0.0012186437603635824,3.0,0.0,0.00031746031746031746,20.73806705009617
2023-07-27 00:00:00+00:00,-0.009995235203609005,3.0,0.0,0.00031746031746031746,20.530785192262243
2023-07-28 00:00:00+00:00,0.015012829322425035,3.0,0.0,0.00031746031746031746,20.839010366209045
2023-07-31 00:00:00+00:00,0.001947380618070677,3.0,0.0,0.00031746031746031746,20.879591851095977
2023-08-01 00:00:00+00:00,-0.004757410514208088,3.0,0.0,0.00031746031746031746,20.7802590612912
2023-08-02 00:00:00+00:00,-0.022370713296465203,3.0,0.0,0.00031746031746031746,20.31538984360478
2023-08-03 00:00:00+00:00,-0.004316259951804855,3.0,0.0,0.00031746031746031746,20.227703340017527
2023-08-04 00:00:00+00:00,-0.008735734170431067,3.0,0.0,0.00031746031746031746,20.050999500760792
2023-08-07 00:00:00+00:00,0.012904638576184482,3.0,0.0,0.00031746031746031746,20.309750402409364
2023-08-08 00:00:00+00:00,-0.0075098180879668,3.0,0.0,0.00031746031746031746,20.15722787147526
2023-08-09 00:00:00+00:00,-0.01185893443753428,3.0,0.0,0.00031746031746031746,19.918184627704996
2023-08-10 00:00:00+00:00,-7.180549273834761e-05,3.0,0.0,0.00031746031746031746,19.91675439264335
2023-08-11 00:00:00+00:00,-0.002712252693978056,3.0,0.0,0.00031746031746031746,19.862735121886605
2023-08-14 00:00:00+00:00,0.009102896682222191,3.0,0.0,0.00031746031746031746,20.043543547527484
2023-08-15 00:00:00+00:00,-0.019703755040716447,3.0,0.0,0.00031746031746031746,19.64861047531907
2023-08-16 00:00:00+00:00,-0.013096275211577128,3.0,0.0,0.00031746031746031746,19.391286865009217
2023-08-17 00:00:00+00:00,-0.012072914336280337,3.0,0.422460894138002,0.00031746031746031746,19.157177519817722
2023-08-18 00:00:00+00:00,-0.0010996217580994568,3.0,0.0,0.00031746031746031746,19.136111870593158
2023-08-21 00:00:00+00:00,0.008423045021593746,3.0,0.0,0.00031746031746031746,19.29729620241742
2023-08-22 00:00:00+00:00,-0.004580340944230802,3.0,0.0,0.00031746031746031746,19.20890800650854
2023-08-23 00:00:00+00:00,0.014892182087363556,3.0,0.0,0.00031746031746031746,19.49497056224088
2023-08-24 00:00:00+00:00,-0.019226724131617832,3.0,0.0,0.00031746031746031746,19.120146141286664
2023-08-25 00:00:00+00:00,0.008452906288430533,3.0,0.0,0.00031746031746031746,19.281766944840054
2023-08-28 00:00:00+00:00,0.008259790440737488,3.0,0.0,0.00031746031746031746,19.441030299131572
2023-08-29 00:00:00+00:00,0.021151446399379794,3.0,0.0,0.00031746031746031746,19.85223620945237
2023-08-30 00:00:00+00:00,0.005578529486647768,3.0,0.0,0.00031746031746031746,19.9629824945227
2023-08-31 00:00:00+00:00,-0.0024569972369188277,3.0,0.0,0.00031746031746031746,19.913933501693
2023-09-01 00:00:00+00:00,0.002350047544192348,3.0,0.0,0.00031746031746031746,19.960732192213865
2023-09-05 00:00:00+00:00,-0.006626901182901277,3.0,0.0,0.00031746031746031746,19.828454392437706
2023-09-06 00:00:00+00:00,-0.010830839546430394,3.0,0.0,0.00031746031746031746,19.6136955844595
2023-09-07 00:00:00+00:00,-0.005010860281417735,3.0,0.0,0.00031746031746031746,19.515414096283514
2023-09-08 00:00:00+00:00,0.0018738450232144376,3.0,0.0,0.00031746031746031746,19.551982957863807
2023-09-11 00:00:00+00:00,0.009734920200364473,3.0,0.0,0.00031746031746031746,19.742319951717498
2023-09-12 00:00:00+00:00,-0.008839840250586645,3.0,0.0,0.00031746031746031746,19.567800997168348
2023-09-13 00:00:00+00:00,0.0015114129488235813,3.0,0.0,0.00031746031746031746,19.59737602497547
2023-09-14 00:00:00+00:00,0.012804213634823881,3.0,0.0,0.00031746031746031746,19.848305014281234
2023-09-15 00:00:00+00:00,-0.01782641552366357,3.0,0.0,0.00031746031746031746,19.49448088165624
2023-09-18 00:00:00+00:00,0.006016187068933658,3.0,0.3546023943272039,0.00031746031746031746,19.611763325452035
2023-09-19 00:00:00+00:00,0.011093628824796382,3.0,0.0,0.00031746031746031746,19.829328948384354
2023-09-20 00:00:00+00:00,-0.01354345373851613,3.0,0.0,0.00031746031746031746,19.56077134910609
2023-09-21 00:00:00+00:00,-0.03402452563721726,3.0,0.0,0.00031746031746031746,18.895225382854687
2023-09-22 00:00:00+00:00,-0.002514956737755328,3.0,0.0,0.00031746031746031746,18.84770470846667
2023-09-25 00:00:00+00:00,-0.0061074330514018,3.0,0.0,0.00031746031746031746,18.732593613787117
2023-09-26 00:00:00+00:00,-0.01565546214888915,3.0,0.0,0.00031746031746031746,18.43932620351595
2023-09-27 00:00:00+00:00,0.0034816346683396605,3.0,0.0,0.00031746031746031746,18.503525200886937
2023-09-28 00:00:00+00:00,0.025052260386861553,3.0,0.0,0.00031746031746031746,18.96708033229441
2023-09-29 00:00:00+00:00,-0.0041272536219861995,3.0,0.0,0.00031746031746031746,18.888798381294446
2023-10-02 00:00:00+00:00,0.015433913176760395,3.0,0.0,0.00031746031746031746,19.18032645552468
2023-10-03 00:00:00+00:00,-0.013670388173356652,3.0,0.0,0.00031746031746031746,18.918123947585954
2023-10-04 00:00:00+00:00,0.015847600189967205,3.0,0.0,0.00031746031746031746,19.21793081225154
2023-10-05 00:00:00+00:00,-0.013376886585059145,3.0,0.0,0.00031746031746031746,18.96085473137654
2023-10-06 00:00:00+00:00,0.025434581663257683,3.0,0.0,0.00031746031746031746,19.443116139446904
2023-10-09 00:00:00+00:00,-0.005275172299901628,3.0,0.0,0.00031746031746031746,19.340550351764325
2023-10-10 00:00:00+00:00,-0.0009082855679383537,3.0,0.0,0.00031746031746031746,19.32298360900383
2023-10-11 00:00:00+00:00,-0.011469862959151061,3.0,0.0,0.00031746031746031746,19.101351635046633
2023-10-12 00:00:00+00:00,-0.011745788143431838,3.0,0.0,0.00031746031746031746,18.87699120548818
2023-10-13 00:00:00+00:00,-0.0025193303452408313,3.0,0.0,0.00031746031746031746,18.82943382871735
2023-10-16 00:00:00+00:00,0.06242464716953675,3.0,0.0,0.00031746031746031746,20.004854591877166
2023-10-17 00:00:00+00:00,-0.0036552289244163156,2.9999999999999996,0.13807024412669494,0.0003174603174603174,19.931732268744195
2023-10-18 00:00:00+00:00,-0.021266972746175773,2.9999999999999996,0.0,0.0003174603174603174,19.507844661800743
2023-10-19 00:00:00+00:00,-0.0011765075827943052,2.9999999999999996,0.0,0.0003174603174603174,19.48489353463216
2023-10-20 00:00:00+00:00,0.009337088618698412,2.9999999999999996,0.0,0.0003174603174603174,19.666825712290922
2023-10-23 00:00:00+00:00,0.08752501825745808,2.9999999999999996,0.0,0.0003174603174603174,21.38816499182543
2023-10-24 00:00:00+00:00,0.026954384159047235,2.9999999999999996,0.0,0.0003174603174603174,21.964669807472177
2023-10-25 00:00:00+00:00,-0.003043083701705309,2.9999999999999996,0.0,0.0003174603174603174,21.89782947876772
2023-10-26 00:00:00+00:00,-0.021706953445959066,2.9999999999999996,0.0,0.0003174603174603174,21.422494313704558
2023-10-27 00:00:00+00:00,-0.011595510541901152,2.9999999999999996,0.0,0.0003174603174603174,21.17408955505618
2023-10-30 00:00:00+00:00,0.02473302045120482,2.9999999999999996,0.0,0.0003174603174603174,21.69778874505703
2023-10-31 00:00:00+00:00,0.009865504550431073,2.9999999999999996,0.0,0.0003174603174603174,21.91184837865568
2023-11-01 00:00:00+00:00,0.02983097779758503,2.9999999999999996,0.0,0.0003174603174603174,22.565500241143404
2023-11-02 00:00:00+00:00,0.013340320644225629,2.9999999999999996,0.0,0.0003174603174603174,22.866531249857605
2023-11-03 00:00:00+00:00,0.00786929909768217,2.9999999999999996,0.0,0.0003174603174603174,23.04647482358923
2023-11-06 00:00:00+00:00,0.008950528856805704,2.9999999999999996,0.0,0.0003174603174603174,23.25275296154541
2023-11-07 00:00:00+00:00,0.012906073519771355,2.9999999999999996,0.0,0.0003174603174603174,23.552854700804193
2023-11-08 00:00:00+00:00,0.005842716021593198,2.9999999999999996,0.0,0.0003174603174603174,23.69046734231884
2023-11-09 00:00:00+00:00,0.01197511257249418,2.9999999999999996,0.0,0.0003174603174603174,23.974163355638108
2023-11-10 00:00:00+00:00,0.035137308662860675,2.9999999999999996,0.0,0.0003174603174603174,24.816550933399007
2023-11-13 00:00:00+00:00,-0.018930519362520038,2.9999999999999996,0.0,0.0003174603174603174,24.346760735443333
2023-11-14 00:00:00+00:00,0.005523871057353353,2.9999999999999996,0.0,0.0003174603174603174,24.481249102410153
2023-11-15 00:00:00+00:00,0.04484382326298392,3.0,0.6222360918630353,0.00031746031746031746,25.57908191041572
2023-11-16 00:00:00+00:00,-0.02729459639057953,3.0,0.0,0.00031746031746031746,24.88091119362935
2023-11-17 00:00:00+00:00,0.009650806111611064,3.0,0.0,0.00031746031746031746,25.121032043439275
2023-11-20 00:00:00+00:00,0.02675739001541146,3.0,0.0,0.00031746031746031746,25.793205295415227
2023-11-21 00:00:00+00:00,-0.03237632837206152,3.0,0.0,0.00031746031746031746,24.95811601100287
2023-11-22 00:00:00+00:00,0.03545743785635194,3.0,0.0,0.00031746031746031746,25.843066858474625
2023-11-24 00:00:00+00:00,0.0053809057890463145,3.0,0.0,0.00031746031746031746,25.982125966540103
2023-11-27 00:00:00+00:00,-0.011749268901603525,3.0,0.0,0.00031746031746031746,25.67685498192389
2023-11-28 00:00:00+00:00,0.011227665626144129,3.0,0.0,0.00031746031746031746,25.96514612399192
2023-11-29 00:00:00+00:00,-0.0010497186701173904,3.0,0.0,0.00031746031746031746,25.937890025333243
2023-11-30 00:00:00+00:00,0.003868036842963276,3.0,0.0,0.00031746031746031746,26.038218739579964
2023-12-01 00:00:00+00:00,0.026251739324889983,3.0,0.0,0.00031746031746031746,26.72176727041588
2023-12-04 00:00:00+00:00,0.0445747536692571,3.0,0.0,0.00031746031746031746,27.912883464101885
2023-12-05 00:00:00+00:00,0.03091865244716428,3.0,0.0,0.00031746031746031746,28.77591220672665
2023-12-06 00:00:00+00:00,-0.011858911754602316,3.0,0.0,0.00031746031746031746,28.434661203208897
2023-12-07 00:00:00+00:00,0.00674663330304468,3.0,0.0,0.00031746031746031746,28.626499435443257
2023-12-08 00:00:00+00:00,0.019645802466257887,3.0,0.0,0.00031746031746031746,29.188889988652416
2023-12-11 00:00:00+00:00,-0.03648061416899672,3.0,0.0,0.00031746031746031746,28.124061354955096
2023-12-12 00:00:00+00:00,0.010843488523872007,3.0,0.0,0.00031746031746031746,28.429024291502223
2023-12-13 00:00:00+00:00,0.04546993170284713,3.0,0.0,0.00031746031746031746,29.72169008441541
2023-12-14 00:00:00+00:00,0.006547592301580595,3.0,0.0,0.00031746031746031746,29.91629559360209
2023-12-15 00:00:00+00:00,-0.013121505448510378,3.0,0.6219039868269998,0.00031746031746031746,29.52374875797139
2023-12-18 00:00:00+00:00,0.0163224408602303,3.0,0.0,0.00031746031746031746,30.005648401045676
2023-12-19 00:00:00+00:00,0.006963511354029518,3.0,0.0,0.00031746031746031746,30.21459307437138
2023-12-20 00:00:00+00:00,-0.011366992614953766,3.0,0.0,0.00031746031746031746,29.871144018031167
2023-12-21 00:00:00+00:00,0.02135066694948947,3.0,0.0,0.00031746031746031746,30.508912865360383
2023-12-22 00:00:00+00:00,0.0037264725721496065,3.0,0.0,0.00031746031746031746,30.62260349235925
2023-12-26 00:00:00+00:00,-0.009077746348233337,3.0,0.0,0.00031746031746031746,30.34461926533309
2023-12-27 00:00:00+00:00,0.01283297119598946,3.0,0.0,0.00031746031746031746,30.734030890318373
2023-12-28 00:00:00+00:00,-0.008700883188178726,3.0,0.0,0.00031746031746031746,30.466617677639835
2023-12-29 00:00:00+00:00,-0.012012540224818086,3.0,0.0,0.00031746031746031746,30.10063620727303
2024-01-02 00:00:00+00:00,0.0212787163709518,3.0,0.0,0.00031746031746031746,30.741139107712797
2024-01-03 00:00:00+00:00,-0.03889109666962241,3.0,0.0,0.00031746031746031746,29.54558249494043
2024-01-04 00:00:00+00:00,0.008174212235474586,3.0,0.0,0.00031746031746031746,29.787094356874796
2024-01-05 00:00:00+00:00,0.002592900699492944,3.0,0.0,0.00031746031746031746,29.8643293346686
2024-01-08 00:00:00+00:00,0.02453487004143277,3.0,0.0,0.00031746031746031746,30.597046773769243
2024-01-09 00:00:00+00:00,-0.012276782120100933,3.0,0.0,0.00031746031746031746,30.22141349700914
2024-01-10 00:00:00+00:00,0.016197237245294243,3.0,0.0,0.00031746031746031746,30.710916901308337
2024-01-11 00:00:00+00:00,-0.004345189751392411,3.0,0.0,0.00031746031746031746,30.577472139932908
2024-01-12 00:00:00+00:00,-0.03577068813103586,3.0,0.0,0.00031746031746031746,29.48369492017993
2024-01-16 00:00:00+00:00,-0.0018108909005426278,3.0,0.0,0.00031746031746031746,29.4303031653346
2024-01-17 00:00:00+00:00,-0.016350417674124675,3.0,0.0,0.00031746031746031746,28.949105416305265
2024-01-18 00:00:00+00:00,0.003115566077252999,3.0,0.19241364853740522,0.00031746031746031746,29.039298267107128
2024-01-19 00:00:00+00:00,0.024229839407223973,3.0,0.0,0.00031746031746031746,29.742915800617613
2024-01-22 00:00:00+00:00,0.0037083370284574564,3.0,0.0,0.00031746031746031746,29.853212556615333
2024-01-23 00:00:00+00:00,0.005293865146445708,3.0,0.0,0.00031746031746031746,30.011251438078236
2024-01-24 00:00:00+00:00,0.0013980494619723264,3.0,0.0,0.00031746031746031746,30.053208652004358
2024-01-25 00:00:00+00:00,0.010824329221104444,3.0,0.0,0.00031746031746031746,30.3785144766042
2024-01-26 00:00:00+00:00,-0.0019527289665905825,3.0,0.0,0.00031746031746031746,30.31919347142374
2024-01-29 00:00:00+00:00,0.015250576022511422,3.0,0.0,0.00031746031746031746,30.781578636400923
2024-01-30 00:00:00+00:00,-0.005564995597250665,3.0,0.0,0.00031746031746031746,30.610279286812926
2024-01-31 00:00:00+00:00,-0.03733589981719041,3.0,0.0,0.00031746031746031746,29.46741696598426
2024-02-01 00:00:00+00:00,0.025004436780144607,3.0,0.0,0.00031746031746031746,30.20423313058437
2024-02-02 00:00:00+00:00,0.0222173643074207,3.0,0.0,0.00031746031746031746,30.875291581672826
2024-02-05 00:00:00+00:00,-0.010363084957633571,3.0,0.0,0.00031746031746031746,30.555328311920242
2024-02-06 00:00:00+00:00,0.004403193567325452,3.0,0.0,0.00031746031746031746,30.689869336990807
2024-02-07 00:00:00+00:00,0.017059010692691338,3.0,0.0,0.00031746031746031746,31.213408146167833
2024-02-08 00:00:00+00:00,0.001079978461126591,3.0,0.0,0.00031746031746031746,31.24711795466405
2024-02-09 00:00:00+00:00,0.0120869002440025,3.0,0.0,0.00031746031746031746,31.62479875229465
2024-02-12 00:00:00+00:00,0.023109194601614536,3.0,0.0,0.00031746031746031746,32.35562238089833
2024-02-13 00:00:00+00:00,-0.03076644951937632,3.0,0.0,0.00031746031746031746,31.36015475824842
2024-02-14 00:00:00+00:00,0.03859912730186855,3.0,0.0,0.00031746031746031746,32.57062936396835
2024-02-15 00:00:00+00:00,0.013383214054933541,3.0,0.0,0.00031746031746031746,33.00652906865024
2024-02-16 00:00:00+00:00,-0.007072816404095251,3.0,0.07581085290651379,0.00031746031746031746,32.773079948411244
2024-02-20 00:00:00+00:00,-0.011198673965669939,3.0,0.0,0.00031746031746031746,32.40606491121815
2024-02-21 00:00:00+00:00,-0.001958369230839099,3.0,0.0,0.00031746031746031746,32.34260187080345
2024-02-22 00:00:00+00:00,0.03614386749446844,3.0,0.0,0.00031746031746031746,33.51158858724812
2024-02-23 00:00:00+00:00,-0.00522946929787866,3.0,0.0,0.00031746031746031746,33.336340763607964
2024-02-26 00:00:00+00:00,0.025874337507123566,3.0,0.0,0.00031746031746031746,34.19889649577804
2024-02-27 00:00:00+00:00,0.024656214139332232,3.0,0.0,0.00031746031746031746,35.0421118111068
2024-02-28 00:00:00+00:00,0.0401526439195991,3.0,0.0,0.00031746031746031746,36.44914524884895
2024-02-29 00:00:00+00:00,-0.009124924128887496,3.0,0.0,0.00031746031746031746,36.1165495638904
2024-03-01 00:00:00+00:00,0.03490638130217902,3.0,0.0,0.00031746031746031746,37.37724761428661
2024-03-04 00:00:00+00:00,0.08385267001236303,3.0,0.0,0.00031746031746031746,40.51142962445777
2024-03-05 00:00:00+00:00,-0.08207816152110474,3.0,0.0,0.00031746031746031746,37.18632596029066
2024-03-06 00:00:00+00:00,0.04344280566228947,3.0,0.0,0.00031746031746031746,38.80180429227812
2024-03-07 00:00:00+00:00,0.03254983387894685,3.0,0.0,0.00031746031746031746,40.064796576195185
2024-03-08 00:00:00+00:00,0.0051767181861057335,3.0,0.0,0.00031746031746031746,40.272200737253804
2024-03-11 00:00:00+00:00,0.048633131593592935,3.0,0.0,0.00031746031746031746,42.230763975272254
2024-03-12 00:00:00+00:00,0.014733643879206297,3.0,0.0,0.00031746031746031746,42.85297701243073
2024-03-13 00:00:00+00:00,0.01631184981386017,3.0,0.0,0.00031746031746031746,43.5519883375343
2024-03-14 00:00:00+00:00,-0.027000780727226985,3.0,0.0,0.00031746031746031746,42.37605065019778
2024-03-15 00:00:00+00:00,-0.03986044948815757,3.0,0.0,0.00031746031746031746,40.68692222374796
2024-03-18 00:00:00+00:00,-0.013450065425225182,3.0,0.0,0.00031746031746031746,40.1396804578875
2024-03-19 00:00:00+00:00,-0.04692990138113772,3.0,0.4490345094849275,0.00031746031746031746,38.25592921252846
2024-03-20 00:00:00+00:00,0.05231181757079545,3.0,0.0,0.00031746031746031746,40.257166402495514
2024-03-21 00:00:00+00:00,-0.01839614072866046,3.0,0.0,0.00031746031746031746,39.516589904018105
2024-03-22 00:00:00+00:00,-0.021545965487807493,3.0,0.0,0.00031746031746031746,38.66516682175029
2024-03-25 00:00:00+00:00,0.05976976326139866,3.0,0.0,0.00031746031746031746,40.97617468914879
2024-03-26 00:00:00+00:00,-0.006235369951885639,3.0,0.0,0.00031746031746031746,40.72067308074885
2024-03-27 00:00:00+00:00,0.013764545601529331,3.0,0.0,0.00031746031746031746,41.28117464229379
2024-03-28 00:00:00+00:00,0.015322296606547943,3.0,0.0,0.00031746031746031746,41.913697044429725
2024-04-01 00:00:00+00:00,-0.015451859183683423,3.0,0.0,0.00031746031746031746,41.26605249983163
2024-04-02 00:00:00+00:00,-0.05897418992577261,3.0,0.0,0.00031746031746031746,38.83242048221965
2024-04-03 00:00:00+00:00,0.007546881590005432,3.0,0.0,0.00031746031746031746,39.12548416145227
2024-04-04 00:00:00+00:00,-0.027420801959741028,3.0,0.0,0.00031746031746031746,38.0526320086821
2024-04-05 00:00:00+00:00,0.0161912836644351,3.0,0.0,0.00031746031746031746,38.66875296771304
2024-04-08 00:00:00+00:00,0.03681634675796776,3.0,0.0,0.00031746031746031746,40.09239518567056
2024-04-09 00:00:00+00:00,-0.020908450115417674,3.0,0.0,0.00031746031746031746,39.25412534092336
2024-04-10 00:00:00+00:00,-0.0073462196000094685,3.0,0.0,0.00031746031746031746,38.96575591596264
2024-04-11 00:00:00+00:00,0.0156864314996718,3.0,0.0,0.00031746031746031746,39.57698957697132
2024-04-12 00:00:00+00:00,-0.03310052019119623,3.0,0.0,0.00031746031746031746,38.26697063437202
2024-04-15 00:00:00+00:00,-0.027749379260621192,3.0,0.0,0.00031746031746031746,37.20508595308378
2024-04-16 00:00:00+00:00,-0.005843407888194811,3.0,0.0,0.00031746031746031746,36.98768146034457
2024-04-17 00:00:00+00:00,-0.014069519017949004,3.0,0.0,0.00031746031746031746,36.46728257260841
2024-04-18 00:00:00+00:00,-0.005797035707528573,3.0,0.2578185871988265,0.00031746031746031746,36.255880433378465
2024-04-19 00:00:00+00:00,-0.01722925857967329,3.0,0.0,0.00031746031746031746,35.63121849435807
2024-04-22 00:00:00+00:00,0.02954707778688485,3.0,0.0,0.00031746031746031746,36.68401687885236
2024-04-23 00:00:00+00:00,0.022189822375706415,3.0,0.0,0.00031746031746031746,37.49802869742151
2024-04-24 00:00:00+00:00,-0.0008071916167917853,3.0,0.0,0.00031746031746031746,37.46776060301073
2024-04-25 00:00:00+00:00,-0.0106670864489691,3.0,0.0,0.00031746031746031746,37.06808876160914
2024-04-26 00:00:00+00:00,0.022786893532540296,3.0,0.0,0.00031746031746031746,37.91275535367468
2024-04-29 00:00:00+00:00,0.0068153659887698545,3.0,0.0,0.00031746031746031746,38.171144657052665
2024-04-30 00:00:00+00:00,-0.037145155740704844,3.0,0.0,0.00031746031746031746,36.75327154396547
2024-05-01 00:00:00+00:00,-0.009234146157912388,3.0,0.0,0.00031746031746031746,36.41388646274705
2024-05-02 00:00:00+00:00,0.020827252966695766,3.0,0.0,0.00031746031746031746,37.17228768760722
2024-05-03 00:00:00+00:00,0.02967371038906984,3.0,0.0,0.00031746031746031746,38.27532738694847
2024-05-06 00:00:00+00:00,0.024586954272483873,3.0,0.0,0.00031746031746031746,39.21640111117572
2024-05-07 00:00:00+00:00,0.0030275323923645184,3.0,0.0,0.00031746031746031746,39.33513003585176
2024-05-08 00:00:00+00:00,-0.00046999006022704334,3.0,0.0,0.00031746031746031746,39.316642915717175
2024-05-09 00:00:00+00:00,0.012526349020622708,3.0,0.0,0.00031746031746031746,39.80913690719864
2024-05-10 00:00:00+00:00,0.004022260273018895,3.0,0.0,0.00031746031746031746,39.96925961708364
2024-05-13 00:00:00+00:00,-0.0009081869956248905,3.0,0.0,0.00031746031746031746,39.93296005527465
2024-05-14 00:00:00+00:00,0.011878704630250356,3.0,0.0,0.00031746031746031746,40.40731189278284
2024-05-15 00:00:00+00:00,0.02858125143550282,3.0,0.0,0.00031746031746031746,41.56220343382326
2024-05-16 00:00:00+00:00,-0.014527300724050774,3.0,0.0,0.00031746031746031746,40.95841680578593
2024-05-17 00:00:00+00:00,0.01798941173630886,3.0,0.0007307409145878019,0.00031746031746031746,41.695234629772564
2024-05-20 00:00:00+00:00,0.03885398562568882,3.0,0.0,0.00031746031746031746,43.31526067673747
2024-05-21 00:00:00+00:00,-0.005105713550166291,3.0,0.0,0.00031746031746031746,43.09410536337127
2024-05-22 00:00:00+00:00,-0.014368459915689788,3.0,0.0,0.00031746031746031746,42.47490943785516
2024-05-23 00:00:00+00:00,-0.02651498633709003,3.0,0.0,0.00031746031746031746,41.3486877944413
2024-05-24 00:00:00+00:00,0.019703966669065556,3.0,0.0,0.00031746031746031746,42.163420960552564
2024-05-28 00:00:00+00:00,-0.0016820190063677434,3.0,0.0,0.00031746031746031746,42.092501285123426
2024-05-29 00:00:00+00:00,-0.022656160513136816,3.0,0.0,0.00031746031746031746,41.138846819608254
2024-05-30 00:00:00+00:00,-0.007102695541801379,3.0,0.0,0.00031746031746031746,40.84665011570777
2024-05-31 00:00:00+00:00,0.009263830716561854,3.0,0.0,0.00031746031746031746,41.225046567718316
2024-06-03 00:00:00+00:00,0.01324349942723261,3.0,0.0,0.00031746031746031746,41.77101044832553
2024-06-04 00:00:00+00:00,0.01757205685066558,3.0,0.0,0.00031746031746031746,42.50501301863325
2024-06-05 00:00:00+00:00,0.031712276437006255,3.0,0.0,0.00031746031746031746,43.8529437414387
2024-06-06 00:00:00+00:00,-0.003652830981177822,3.0,0.0,0.00031746031746031746,43.692756349924124
2024-06-07 00:00:00+00:00,-0.014160845612141579,3.0,0.0,0.00031746031746031746,43.07402997288393
2024-06-10 00:00:00+00:00,0.007344035919340557,3.0,0.0,0.00031746031746031746,43.39036719619554
2024-06-11 00:00:00+00:00,-0.011510012486183902,3.0,0.0,0.00031746031746031746,42.890943527987226
2024-06-12 00:00:00+00:00,0.027826089390331554,3.0,0.0,0.00031746031746031746,44.084430756632656
2024-06-13 00:00:00+00:00,-0.006882432186956118,3.0,0.0,0.00031746031746031746,43.78102265144957
2024-06-14 00:00:00+00:00,-0.007038038147478066,3.0,0.0,0.00031746031746031746,43.47289014389307
2024-06-17 00:00:00+00:00,0.020219844298160303,3.0,0.0,0.00031746031746031746,44.351905213793614
2024-06-18 00:00:00+00:00,0.005468179797452346,3.0,0.2105256466399324,0.00031746031746031746,44.5944294058622
2024-06-20 00:00:00+00:00,-0.00620728770809054,3.0,0.0,0.00031746031746031746,44.31761895236188
2024-06-21 00:00:00+00:00,-0.0037607550234017733,3.0,0.0,0.00031746031746031746,44.150951244261584
2024-06-24 00:00:00+00:00,-0.007546626064030766,3.0,0.0,0.00031746031746031746,43.81776052484989
2024-06-25 00:00:00+00:00,0.007934456523131694,3.0,0.0,0.00031746031746031746,44.165430640675304
2024-06-26 00:00:00+00:00,0.002672637896199393,3.0,0.0,0.00031746031746031746,44.28346884430754
2024-06-27 00:00:00+00:00,0.001618080280722061,3.0,0.0,0.00031746031746031746,44.35512305200648
2024-06-28 00:00:00+00:00,-0.00932406113803146,3.0,0.0,0.00031746031746031746,43.94155317288467
2024-07-01 00:00:00+00:00,0.005090847357696805,3.0,0.0,0.00031746031746031746,44.16525291274794
2024-07-02 00:00:00+00:00,0.013670042105497562,3.0,0.0,0.00031746031746031746,44.76899377966515
2024-07-03 00:00:00+00:00,0.011454836014667371,3.0,0.0,0.00031746031746031746,45.28181526195288
2024-07-05 00:00:00+00:00,0.012503967523427313,3.0,0.0,0.00031746031746031746,45.848017609390176
2024-07-08 00:00:00+00:00,0.001900731488899176,3.0,0.0,0.00031746031746031746,45.93516238016395
2024-07-09 00:00:00+00:00,0.0014363700679270544,3.0,0.0,0.00031746031746031746,46.00114227247219
2024-07-10 00:00:00+00:00,0.02378294999963228,3.0,0.0,0.00031746031746031746,47.09518513906436
2024-07-11 00:00:00+00:00,-0.020728715358070974,3.0,0.0,0.00031746031746031746,46.11896245158104
2024-07-12 00:00:00+00:00,0.012352328596870098,3.0,0.0,0.00031746031746031746,46.68863903032968
2024-07-15 00:00:00+00:00,0.006441860414536838,3.0,0.0,0.00031746031746031746,46.989400725907764
2024-07-16 00:00:00+00:00,0.01453420861423705,3.0,0.0,0.00031746031746031746,47.67235447871609
2024-07-17 00:00:00+00:00,-0.032733213031869546,3.0,0.0,0.00031746031746031746,46.11188514383347
2024-07-18 00:00:00+00:00,-0.018482606975654698,3.0,0.0,0.00031746031746031746,45.25961729381346
2024-07-19 00:00:00+00:00,-0.014585653971687419,3.0,0.5149783549261736,0.00031746031746031746,44.5994761770749
2024-07-22 00:00:00+00:00,0.02938808345322283,3.0,0.0,0.00031746031746031746,45.910169304936794
2024-07-23 00:00:00+00:00,-0.02648461462628371,3.0,0.0,0.00031746031746031746,44.694256163468104
2024-07-24 00:00:00+00:00,-0.04849442625924319,3.0,0.0,0.00031746031746031746,42.526833853737074
2024-07-25 00:00:00+00:00,-0.0027448198849246382,3.0,0.0,0.00031746031746031746,42.410105354532455
2024-07-26 00:00:00+00:00,0.04609001578296409,3.0,0.0,0.00031746031746031746,44.36478777968002
2024-07-29 00:00:00+00:00,-0.014796477038129589,3.0,0.0,0.00031746031746031746,43.708345215996495
2024-07-30 00:00:00+00:00,-0.017647856398932866,3.0,0.0,0.00031746031746031746,42.93698661618961
2024-07-31 00:00:00+00:00,0.006448959025217298,3.0,0.0,0.00031746031746031746,43.21388548354371
2024-08-01 00:00:00+00:00,-0.014461928150960826,3.0,0.0,0.00031746031746031746,42.588929376556855
2024-08-02 00:00:00+00:00,-0.08308072206591731,3.0,0.0,0.00031746031746031746,39.050610371938156
2024-08-05 00:00:00+00:00,-0.0858999185198482,3.0,0.0,0.00031746031746031746,35.69616612283833
2024-08-06 00:00:00+00:00,0.0012093207070071068,3.0,0.0,0.00031746031746031746,35.739334235691445
2024-08-07 00:00:00+00:00,-0.018698878303078658,3.0,0.0,0.00031746031746031746,35.07104877418519
2024-08-08 00:00:00+00:00,0.020534165871632887,3.0,0.0,0.00031746031746031746,35.79120350700644
2024-08-09 00:00:00+00:00,-0.0033784635327351485,3.0,0.0,0.00031746031746031746,35.67028423116532
2024-08-12 00:00:00+00:00,-0.012935181680584999,3.0,0.0,0.00031746031746031746,35.20888262403709
2024-08-13 00:00:00+00:00,0.03823953729930547,3.0,0.0,0.00031746031746031746,36.55525400440582
2024-08-14 00:00:00+00:00,0.006108157929813535,3.0,0.0,0.00031746031746031746,36.778539269029174
2024-08-15 00:00:00+00:00,0.03361903336495794,3.0,0.0,0.00031746031746031746,38.01499820782908
2024-08-16 00:00:00+00:00,0.0036536776655794376,3.0,0.0,0.00031746031746031746,38.15389275773806
2024-08-19 00:00:00+00:00,0.017604477207804482,3.0,0.03229377884995782,0.00031746031746031746,38.82557209318068
2024-08-20 00:00:00+00:00,-0.0030440781600053015,3.0,0.0,0.00031746031746031746,38.707384017122116
2024-08-21 00:00:00+00:00,0.008220531768043517,3.0,0.0,0.00031746031746031746,39.025579297092726
2024-08-22 00:00:00+00:00,-0.01685768783063264,3.0,0.0,0.00031746031746031746,38.367698263892734
2024-08-23 00:00:00+00:00,0.020408423192874992,3.0,0.0,0.00031746031746031746,39.15072248699879
2024-08-26 00:00:00+00:00,-0.007113444830268654,3.0,0.0,0.00031746031746031746,38.872225982522366
2024-08-27 00:00:00+00:00,0.0025843004565114925,3.0,0.0,0.00031746031746031746,38.97268349387462
2024-08-28 00:00:00+00:00,-0.011121110843167688,3.0,0.0,0.00031746031746031746,38.539263960883545
2024-08-29 00:00:00+00:00,-0.0013963443572448087,3.0,0.0,0.00031746031746031746,38.4854498771194
2024-08-30 00:00:00+00:00,0.019316552745409745,3.0,0.0,0.00031746031746031746,39.2288560996016
2024-09-03 00:00:00+00:00,-0.03933254938878622,3.0,0.0,0.00031746031746031746,37.685885179598436
2024-09-04 00:00:00+00:00,-0.003466150697037955,3.0,0.0,0.00031746031746031746,37.55526022241468
2024-09-05 00:00:00+00:00,-0.022447442171634097,3.0,0.0,0.00031746031746031746,36.712240690331356
2024-09-06 00:00:00+00:00,-0.04847241268877527,3.0,0.0,0.00031746031746031746,34.93270980885997
2024-09-09 00:00:00+00:00,0.01646307768218998,3.0,0.0,0.00031746031746031746,35.507809724092624
2024-09-10 00:00:00+00:00,0.007481330231381018,3.0,0.0,0.00031746031746031746,35.7734553744316
2024-09-11 00:00:00+00:00,0.019550960858270256,3.0,0.0,0.00031746031746031746,36.472860800222186
2024-09-12 00:00:00+00:00,0.014093824217978827,3.0,0.0,0.00031746031746031746,36.98690288906733
2024-09-13 00:00:00+00:00,0.010802572243763875,3.0,0.0,0.00031746031746031746,37.38645657959956
2024-09-16 00:00:00+00:00,-0.016665918578636855,3.0,0.0,0.00031746031746031746,36.76337693830021
2024-09-17 00:00:00+00:00,-0.00030085994853277663,3.0,0.0,0.00031746031746031746,36.752316310606666
2024-09-18 00:00:00+00:00,0.00551403881821878,3.0,0.31844081751618825,0.00031746031746031746,36.95497000940281
2024-09-19 00:00:00+00:00,0.0432072748856844,3.0,0.0,0.00031746031746031746,38.551693556991296
2024-09-20 00:00:00+00:00,-0.001257012027611135,3.0,0.0,0.00031746031746031746,38.50323361450538
2024-09-23 00:00:00+00:00,0.01051827743119903,3.0,0.0,0.00031746031746031746,38.908221307661016
2024-09-24 00:00:00+00:00,0.0035632076494579736,3.0,0.0,0.00031746031746031746,39.04685937945128
2024-09-25 00:00:00+00:00,-0.003833213901042486,3.0,0.0,0.00031746031746031746,38.89718441528591
2024-09-26 00:00:00+00:00,0.041090793257131324,3.0,0.0,0.00031746031746031746,40.49550057837894
2024-09-27 00:00:00+00:00,0.008407600274420043,3.0,0.0,0.00031746031746031746,40.83597056015449
2024-09-30 00:00:00+00:00,-0.03431157432994167,3.0,0.0,0.00031746031746031746,39.43482412094444
2024-10-01 00:00:00+00:00,-0.059496805251990144,3.0,0.0,0.00031746031746031746,37.08857807007412
2024-10-02 00:00:00+00:00,-0.003285762275257312,3.0,0.0,0.00031746031746031746,36.96671381940853
2024-10-03 00:00:00+00:00,-0.0018129506586853123,3.0,0.0,0.00031746031746031746,36.8996949912402
2024-10-04 00:00:00+00:00,0.026720604096526195,3.0,0.0,0.00031746031746031746,37.885677132383705
2024-10-07 00:00:00+00:00,-0.021605359315624354,3.0,0.0,0.00031746031746031746,37.06714346502282
2024-10-08 00:00:00+00:00,0.014649883826604884,3.0,0.0,0.00031746031746031746,37.61017281056951
2024-10-09 00:00:00+00:00,-0.015169936397127857,3.0,0.0,0.00031746031746031746,37.03962888114818
2024-10-10 00:00:00+00:00,-0.007724204563557368,3.0,0.0,0.00031746031746031746,36.753527210711944
2024-10-11 00:00:00+00:00,0.030808430102520008,3.0,0.0,0.00031746031746031746,37.88584568480423
2024-10-14 00:00:00+00:00,0.07695770955005846,3.0,0.0,0.00031746031746031746,40.80145359307373
2024-10-15 00:00:00+00:00,0.0020134895678549833,3.0,0.0,0.00031746031746031746,40.883606894236706
2024-10-16 00:00:00+00:00,0.017984878303562338,3.0,0.0,0.00031746031746031746,41.61889358884024
2024-10-17 00:00:00+00:00,-0.0038232641545188624,3.0,0.37716577716419436,0.00031746031746031746,41.45977356483129
2024-10-18 00:00:00+00:00,0.021586128057337537,3.0,0.0,0.00031746031746031746,42.354729546229954
2024-10-21 00:00:00+00:00,-0.01841939476134968,3.0,0.0,0.00031746031746031746,41.57458106270774
2024-10-22 00:00:00+00:00,-0.0016647358528288512,3.0,0.0,0.00031746031746031746,41.50537036704631
2024-10-23 00:00:00+00:00,-0.028851647920066375,3.0,0.0,0.00031746031746031746,40.307872034424335
2024-10-24 00:00:00+00:00,0.026961924354456112,3.0,0.0,0.00031746031746031746,41.39464983110558
2024-10-25 00:00:00+00:00,-0.020591335608888286,3.0,0.0,0.00031746031746031746,40.54227870402088
2024-10-28 00:00:00+00:00,0.048123527557303224,3.0,0.0,0.00031746031746031746,42.4933161704697
2024-10-29 00:00:00+00:00,0.03850598666908,3.0,0.0,0.00031746031746031746,44.12956323645481
2024-10-30 00:00:00+00:00,-0.011241130106501317,3.0,0.0,0.00031746031746031746,43.63349707457074
2024-10-31 00:00:00+00:00,-0.05677120266505706,3.0,0.0,0.00031746031746031746,41.15637096916511
2024-11-01 00:00:00+00:00,-0.004590081925233752,3.0,0.0,0.00031746031746031746,40.967459854671326
2024-11-04 00:00:00+00:00,-0.02888775187196901,3.0,0.0,0.00031746031746031746,39.784002039564726
2024-11-05 00:00:00+00:00,0.04055305178397877,3.0,0.0,0.00031746031746031746,41.39736473444911
2024-11-06 00:00:00+00:00,0.1288599215482028,3.0,0.0,0.00031746031746031746,46.73182590643257
2024-11-07 00:00:00+00:00,0.017940430948830327,3.0,0.0,0.00031746031746031746,47.570215002219676
2024-11-08 00:00:00+00:00,0.0153510815325095,3.0,0.0,0.00031746031746031746,48.30046925123776
2024-11-11 00:00:00+00:00,0.14707888238471878,3.0,0.0,0.00031746031746031746,55.40444828736727
2024-11-12 00:00:00+00:00,-0.013978022393297915,3.0,0.0,0.00031746031746031746,54.630003668518135
2024-11-13 00:00:00+00:00,0.027589765461122347,3.0,0.0,0.00031746031746031746,56.137232656872804
2024-11-14 00:00:00+00:00,-0.04642049979904015,3.0,0.0,0.00031746031746031746,53.53131425960577
2024-11-15 00:00:00+00:00,-0.00744412604096611,3.000000000000001,0.6808845519073784,0.0003174603174603176,53.1328204091187
2024-11-18 00:00:00+00:00,0.0035932398450277555,3.000000000000001,0.0,0.0003174603174603176,53.32373937649145
2024-11-19 00:00:00+00:00,0.02059582444488005,3.000000000000001,0.0,0.0003174603174603176,54.42198575143421
2024-11-20 00:00:00+00:00,0.013070740676265857,3.000000000000001,0.0,0.0003174603174603176,55.13332141427863
2024-11-21 00:00:00+00:00,0.03677441822829192,3.000000000000001,0.0,0.0003174603174603176,57.160817234282156
2024-11-22 00:00:00+00:00,0.009389248988999526,3.000000000000001,0.0,0.0003174603174603176,57.697514379709524
2024-11-25 00:00:00+00:00,-0.028751987438567654,3.000000000000001,0.0,0.0003174603174603176,56.03859617102754
2024-11-26 00:00:00+00:00,0.005913045718634121,3.000000000000001,0.0,0.0003174603174603176,56.3699549521949
2024-11-27 00:00:00+00:00,0.015584951486289127,3.000000000000001,0.0,0.0003174603174603176,57.248477965409165
2024-11-29 00:00:00+00:00,0.02168763349461011,3.000000000000001,0.0,0.0003174603174603176,58.49006197364722
2024-12-02 00:00:00+00:00,-0.003960145522979081,3.000000000000001,0.0,0.0003174603174603176,58.258432816583515
2024-12-03 00:00:00+00:00,0.0015617215199988856,3.000000000000001,0.0,0.0003174603174603176,58.349416264834574
2024-12-04 00:00:00+00:00,0.030857311762798146,3.000000000000001,0.0,0.0003174603174603176,60.14992239369586
2024-12-05 00:00:00+00:00,-0.017527299164637872,3.000000000000001,0.0,0.0003174603174603176,59.0956567091718
2024-12-06 00:00:00+00:00,0.025344036646336745,3.000000000000001,0.0,0.0003174603174603176,60.59337919844838
2024-12-09 00:00:00+00:00,-0.02922112395799469,3.000000000000001,0.0,0.0003174603174603176,58.822772553856744
2024-12-10 00:00:00+00:00,-0.011895491344545973,3.000000000000001,0.0,0.0003174603174603176,58.123046772080144
2024-12-11 00:00:00+00:00,0.045988018373722975,3.000000000000001,0.0,0.0003174603174603176,60.79601051497132
2024-12-12 00:00:00+00:00,-0.019962471120225724,3.000000000000001,0.0,0.0003174603174603176,59.58237191084127
2024-12-13 00:00:00+00:00,0.007926748875381,3.000000000000001,0.0,0.0003174603174603176,60.054666410378054
2024-12-16 00:00:00+00:00,0.035077727997816346,3.000000000000001,0.0,0.0003174603174603176,62.16124766372089
2024-12-17 00:00:00+00:00,-0.009740487933228478,2.9999999999999996,0.2605794245958868,0.0003174603174603174,61.555766780937994
2024-12-18 00:00:00+00:00,-0.0984716131487162,2.9999999999999996,0.0,0.0003174603174603174,55.49427112741287
2024-12-19 00:00:00+00:00,-0.016359874796644695,2.9999999999999996,0.0,0.0003174603174603174,54.586391799837344
2024-12-20 00:00:00+00:00,0.02874294165026737,2.9999999999999996,0.0,0.0003174603174603174,56.155365274238704
2024-12-23 00:00:00+00:00,0.011794990376950712,2.9999999999999996,0.0,0.0003174603174603174,56.8177172672625
2024-12-24 00:00:00+00:00,0.025038041995273343,2.9999999999999996,0.0,0.0003174603174603174,58.24032165827579
2024-12-26 00:00:00+00:00,-0.015160454045731648,2.9999999999999996,0.0,0.0003174603174603174,57.35737193816687
2024-12-27 00:00:00+00:00,-0.03483785929358778,2.9999999999999996,0.0,0.0003174603174603174,55.35916388513503
2024-12-30 00:00:00+00:00,-0.02734896420286349,2.9999999999999996,0.0,0.0003174603174603174,53.84514809374002
2024-12-31 00:00:00+00:00,-0.011209482230887566,2.9999999999999996,0.0,0.0003174603174603174,53.24157186296373
2025-01-02 00:00:00+00:00,-0.005521568942232391,2.9999999999999996,0.0,0.0003174603174603174,52.947594853329555
2025-01-03 00:00:00+00:00,0.03411619811811649,2.9999999999999996,0.0,0.0003174603174603174,54.7539654892235
2025-01-06 00:00:00+00:00,0.012018472774631788,2.9999999999999996,0.0,0.0003174603174603174,55.41202453275886
2025-01-07 00:00:00+00:00,-0.050951793329131634,2.9999999999999996,0.0,0.0003174603174603174,52.58868251081696
2025-01-08 00:00:00+00:00,0.0024816475575483,2.9999999999999996,0.0,0.0003174603174603174,52.719189086324604
2025-01-10 00:00:00+00:00,-0.03822656471129609,2.9999999999999996,0.0,0.0003174603174603174,50.703915593189166
2025-01-13 00:00:00+00:00,0.0028385501579112874,2.9999999999999996,0.0,0.0003174603174603174,50.84784120080294
2025-01-14 00:00:00+00:00,0.0018369676337496692,2.9999999999999996,0.0,0.0003174603174603174,50.94124703933486
2025-01-15 00:00:00+00:00,0.04634655430305605,2.9999999999999996,0.0,0.0003174603174603174,53.30219831150879
2025-01-16 00:00:00+00:00,-0.005751419743640358,2.9999999999999996,0.0,0.0003174603174603174,52.99563499576055
2025-01-17 00:00:00+00:00,0.025886551571442228,2.9999999999999996,0.0,0.0003174603174603174,54.367509234139625
2025-01-21 00:00:00+00:00,0.025466451189117095,3.0,0.24833317512911754,0.00031746031746031746,55.75205675432472
2025-01-22 00:00:00+00:00,0.00029986224396836387,3.0,0.0,0.00031746031746031746,55.768774691168915
2025-01-23 00:00:00+00:00,0.013623631889177382,3.0,0.0,0.00031746031746031746,56.52854794847187
2025-01-24 00:00:00+00:00,-0.0021842565991581128,3.0,0.0,0.00031746031746031746,56.40507509457459
2025-01-27 00:00:00+00:00,-0.046524955675366055,3.0,0.0,0.00031746031746031746,53.780831475933816
2025-01-28 00:00:00+00:00,0.01453253107827452,3.0,0.0,0.00031746031746031746,54.562403080773265
2025-01-29 00:00:00+00:00,0.0018762986559204622,3.0,0.0,0.00031746031746031746,54.66477844433751
2025-01-30 00:00:00+00:00,0.016618582609336782,3.0,0.0,0.00031746031746031746,55.57322958073583
2025-01-31 00:00:00+00:00,-0.02410110929267886,3.0,0.0,0.00031746031746031746,54.23385310086338
2025-02-03 00:00:00+00:00,-0.043785706225706295,3.0,0.0,0.00031746031746031746,51.859185541500864
2025-02-04 00:00:00+00:00,-0.006187093045188391,3.0,0.0,0.00031746031746031746,51.53832793530791
2025-02-05 00:00:00+00:00,0.007219836197292953,3.0,0.0,0.00031746031746031746,51.91042622088321
2025-02-06 00:00:00+00:00,0.007943911064793086,3.0,0.0,0.00031746031746031746,52.322798030117404
2025-02-07 00:00:00+00:00,-0.02239669414953949,3.0,0.0,0.00031746031746031746,51.150940325588735
2025-02-10 00:00:00+00:00,0.019780649825468555,3.0,0.0,0.00031746031746031746,52.16273916441264
2025-02-11 00:00:00+00:00,-0.00942959128712019,3.0,0.0,0.00031746031746031746,51.67086585367557
2025-02-12 00:00:00+00:00,0.005877773317499712,3.0,0.0,0.00031746031746031746,51.97457549028241
2025-02-13 00:00:00+00:00,0.017444928437603095,3.0,0.0,0.00031746031746031746,52.88126824028519
2025-02-14 00:00:00+00:00,0.005032927524110527,3.0,0.0,0.00031746031746031746,53.14741583072159
2025-02-18 00:00:00+00:00,0.0051465088022856695,3.0,0.0,0.00031746031746031746,53.42093947411314
2025-02-19 00:00:00+00:00,0.005475201530620517,3.0,0.0,0.00031746031746031746,53.71342988368899
2025-02-20 00:00:00+00:00,-0.010051457884167461,3.0,0.33438475192263806,0.00031746031746031746,53.17353160539891
2025-02-21 00:00:00+00:00,-0.03362481228371992,3.0,0.0,0.00031746031746031746,51.385581586704916
2025-02-24 00:00:00+00:00,-0.01001863950238709,3.0,0.0,0.00031746031746031746,50.87076796916722
2025-02-25 00:00:00+00:00,-0.008598962775325562,3.0,0.0,0.00031746031746031746,50.433332129048125
2025-02-26 00:00:00+00:00,-0.0009819123481022082,3.0,0.0,0.00031746031746031746,50.38381101747468
2025-02-27 00:00:00+00:00,-0.025824863141654445,3.0,0.0,0.00031746031746031746,49.08265599339341
2025-02-28 00:00:00+00:00,0.024529453834161313,3.0,0.0,0.00031746031746031746,50.28662673764138
2025-03-03 00:00:00+00:00,-0.02719040684646835,3.0,0.0,0.00031746031746031746,48.919312897708416
2025-03-04 00:00:00+00:00,-0.0171783989343864,3.0,0.0,0.00031746031746031746,48.07895742515551
2025-03-05 00:00:00+00:00,0.013395342437375547,3.0,0.0,0.00031746031746031746,48.72299152389747
2025-03-06 00:00:00+00:00,-0.020292334246276533,3.0,0.0,0.00031746031746031746,47.73428829441605
2025-03-07 00:00:00+00:00,0.002017231154389916,3.0,0.0,0.00031746031746031746,47.83057938789618
2025-03-10 00:00:00+00:00,-0.023653129120390626,3.0,0.0,0.00031746031746031746,46.69923651773117
2025-03-11 00:00:00+00:00,-0.005237802726362978,3.0,0.0,0.00031746031746031746,46.45463512937953
2025-03-12 00:00:00+00:00,-0.0016410615293635635,3.0,0.0,0.00031746031746031746,46.37840021480808
2025-03-13 00:00:00+00:00,-0.005563027169936558,3.0,0.0,0.00031746031746031746,46.12039591431491
2025-03-14 00:00:00+00:00,0.005005364529667218,3.0,0.0,0.00031746031746031746,46.351245308118635
2025-03-17 00:00:00+00:00,-0.002096227753193435,3.0,0.0,0.00031746031746031746,46.254082541308684
2025-03-18 00:00:00+00:00,-0.003215103801396679,3.0,0.0,0.00031746031746031746,46.10537086470001
2025-03-19 00:00:00+00:00,-0.0002524074397157804,3.0,0.0,0.00031746031746031746,46.0937335260829
2025-03-20 00:00:00+00:00,-0.00046057253473088427,3.0,0.0,0.00031746031746031746,46.07250401839758
2025-03-21 00:00:00+00:00,0.01419941452096352,3.0,0.62668998525409,0.00031746031746031746,46.72670660097357
2025-03-24 00:00:00+00:00,0.028807581301305094,3.0,0.0,0.00031746031746031746,48.07279000032335
2025-03-25 00:00:00+00:00,0.002006310765060265,3.0,0.0,0.00031746031746031746,48.16923895640748
2025-03-26 00:00:00+00:00,-0.020264964210113003,3.0,0.0,0.00031746031746031746,47.1930910529275
2025-03-27 00:00:00+00:00,-0.006644524961325076,3.0,0.0,0.00031746031746031746,46.879515381424234
2025-03-28 00:00:00+00:00,-0.03221113861932736,3.0,0.0,0.00031746031746031746,45.36947281306629
2025-03-31 00:00:00+00:00,-0.003819762473863794,3.0,0.0,0.00031746031746031746,45.19617220335595
2025-04-01 00:00:00+00:00,0.005713886351771405,3.0,0.0,0.00031746031746031746,45.45441799486102
2025-04-02 00:00:00+00:00,0.011170581250653065,3.0,0.0,0.00031746031746031746,45.96217026427376
2025-04-03 00:00:00+00:00,-0.06840783800760743,3.0,0.0,0.00031746031746031746,42.81799756635725
2025-04-04 00:00:00+00:00,-0.03551964577929068,3.0,0.0,0.00031746031746031746,41.297117459821706
2025-04-07 00:00:00+00:00,0.001679395538393932,3.0,0.0,0.00031746031746031746,41.366471654632264
2025-04-08 00:00:00+00:00,-0.007803875609647909,3.0,0.0,0.00031746031746031746,41.043652855429485
2025-04-09 00:00:00+00:00,0.057295694510493565,3.0,0.0,0.00031746031746031746,43.395277451028925
2025-04-10 00:00:00+00:00,-0.052831515873861326,3.0,0.0,0.00031746031746031746,41.10263916152427
2025-04-11 00:00:00+00:00,0.00812783322690427,3.0,0.0,0.00031746031746031746,41.43671455781477
2025-04-14 00:00:00+00:00,-0.01833490909874569,3.0,0.0,0.00031746031746031746,40.67697616304656
2025-04-15 00:00:00+00:00,-0.015536691378922607,3.0,0.0,0.00031746031746031746,40.044990538173515
2025-04-16 00:00:00+00:00,-0.019239196013623883,3.0,0.0,0.00031746031746031746,39.27455711584588
2025-04-17 00:00:00+00:00,-0.010267514831445546,3.0,0.0,0.00031746031746031746,38.87130501816048
2025-04-21 00:00:00+00:00,-0.02295071646999191,3.0,0.0,0.00031746031746031746,37.9791807178701
2025-04-22 00:00:00+00:00,0.07331630913944794,3.0,0.6780980098810447,0.00031746031746031746,40.76367407224443
2025-04-23 00:00:00+00:00,0.022909173696759887,3.0,0.0,0.00031746031746031746,41.69753616208359
2025-04-24 00:00:00+00:00,0.031280546523192676,3.0,0.0,0.00031746031746031746,43.00185788190415
2025-04-25 00:00:00+00:00,0.020964531488018013,3.0,0.0,0.00031746031746031746,43.9033716855126
2025-04-28 00:00:00+00:00,0.003498760029406238,3.0,0.0,0.00031746031746031746,44.05697904752204
2025-04-29 00:00:00+00:00,-0.0020945686465434895,3.0,0.0,0.00031746031746031746,43.96469868054768
2025-04-30 00:00:00+00:00,0.0011577122303998472,3.0,0.0,0.00031746031746031746,44.01559714991599
2025-05-01 00:00:00+00:00,0.042618181985725694,3.0,0.0,0.00031746031746031746,45.891461879461495
2025-05-02 00:00:00+00:00,0.028664823622623754,3.0,0.0,0.00031746031746031746,47.20693254002062
2025-05-05 00:00:00+00:00,-0.041869721396332014,3.0,0.0,0.00031746031746031746,45.230391426594515
2025-05-06 00:00:00+00:00,0.017574886684105572,3.0,0.0,0.00031746031746031746,46.02531043059466
2025-05-07 00:00:00+00:00,0.009690546856118486,3.0,0.0,0.00031746031746031746,46.47132085788974
2025-05-08 00:00:00+00:00,0.09758277295658643,3.0,0.0,0.00031746031746031746,51.006121210157865
2025-05-09 00:00:00+00:00,-0.0050417031644707545,3.0,0.0,0.00031746031746031746,50.74896348744524
2025-05-12 00:00:00+00:00,0.05003909440472066,3.0,0.0,0.00031746031746031746,53.28839566233523
2025-05-13 00:00:00+00:00,0.029729762513637178,3.0,0.0,0.00031746031746031746,54.8726470101092
2025-05-14 00:00:00+00:00,-0.007042265355153593,3.0,0.0,0.00031746031746031746,54.486219269124334
2025-05-15 00:00:00+00:00,0.009489184897258066,3.0,0.0,0.00031746031746031746,55.0032490781216
2025-05-16 00:00:00+00:00,0.006694406300823205,3.0,0.0,0.00031746031746031746,55.371463175315924
2025-05-19 00:00:00+00:00,0.029675687609165835,3.0,0.0,0.00031746031746031746,57.01464941896902
2025-05-20 00:00:00+00:00,0.009196879865081952,3.0,0.0,0.00031746031746031746,57.53900630022504
2025-05-21 00:00:00+00:00,0.019435488646043577,2.9999999999999996,0.10802055351436424,0.0003174603174603174,58.65730500387769
2025-05-22 00:00:00+00:00,0.024436119467476033,2.9999999999999996,0.0,0.0003174603174603174,60.09066191659262
2025-05-23 00:00:00+00:00,-0.06349576170654529,2.9999999999999996,0.0,0.0003174603174603174,56.27515956674809
2025-05-27 00:00:00+00:00,0.04458246973800809,2.9999999999999996,0.0,0.0003174603174603174,58.784045165134216
2025-05-28 00:00:00+00:00,-0.024013218866762675,2.9999999999999996,0.0,0.0003174603174603174,57.37245102271019
2025-05-29 00:00:00+00:00,-0.024195216795579313,2.9999999999999996,0.0,0.0003174603174603174,55.98431213212196
2025-05-30 00:00:00+00:00,-0.022921445713972026,2.9999999999999996,0.0,0.0003174603174603174,54.701070760751456
2025-06-02 00:00:00+00:00,0.030487498228573166,2.9999999999999996,0.0,0.0003174603174603174,56.36876955867093
2025-06-03 00:00:00+00:00,0.001220781254129099,2.9999999999999996,0.0,0.0003174603174603174,56.43758349586648
2025-06-04 00:00:00+00:00,-0.010170370627208974,2.9999999999999996,0.0,0.0003174603174603174,55.86359235440946
2025-06-05 00:00:00+00:00,-0.05126373687586707,2.9999999999999996,0.0,0.0003174603174603174,52.999815855012315
2025-06-06 00:00:00+00:00,0.05422319856948577,2.9999999999999996,0.0,0.0003174603174603174,55.87363539426483
2025-06-09 00:00:00+00:00,0.08251937339116178,2.9999999999999996,0.0,0.0003174603174603174,60.4842927760858
2025-06-10 00:00:00+00:00,0.0076042297029906124,2.9999999999999996,0.0,0.0003174603174603174,60.94422923177809
2025-06-11 00:00:00+00:00,-0.0249094747924444,2.9999999999999996,0.0,0.0003174603174603174,59.42614048998416
2025-06-12 00:00:00+00:00,-0.03113852135543188,2.9999999999999996,0.0,0.0003174603174603174,57.57569834526589
2025-06-13 00:00:00+00:00,-0.01516373058672673,2.9999999999999996,0.0,0.0003174603174603174,56.702635967215635
2025-06-16 00:00:00+00:00,0.023524570822048937,2.9999999999999996,0.0,0.0003174603174603174,58.03654114282325
2025-06-17 00:00:00+00:00,-0.04269466599262983,2.9999999999999996,0.0,0.0003174603174603174,55.558690403362895
2025-06-18 00:00:00+00:00,-0.0029200148422219414,2.9999999999999996,0.0,0.0003174603174603174,55.39645820277066
2025-06-20 00:00:00+00:00,-0.0035807743384894558,2.9999999999999996,0.0,0.0003174603174603174,55.198095986794975
2025-06-23 00:00:00+00:00,0.013379300630098609,3.0,0.6093663394899232,0.00031746031746031746,55.93660790721135
2025-06-24 00:00:00+00:00,0.016975349568149087,3.0,0.0,0.00031746031746031746,56.88615138009275
2025-06-25 00:00:00+00:00,-0.001188661984746992,3.0,0.0,0.00031746031746031746,56.81853297448867
2025-06-26 00:00:00+00:00,0.013658349053052493,3.0,0.0,0.00031746031746031746,57.5945803305366
2025-06-27 00:00:00+00:00,0.009159019061849086,3.0,0.0,0.00031746031746031746,58.12209018964319
2025-06-30 00:00:00+00:00,0.005455601191492562,3.0,0.0,0.00031746031746031746,58.43918113413385
2025-07-01 00:00:00+00:00,-0.0177463094422353,3.0,0.0,0.00031746031746031746,57.402101342176664
2025-07-02 00:00:00+00:00,0.04238814181210558,3.0,0.0,0.00031746031746031746,59.8352697541817
2025-07-03 00:00:00+00:00,0.023647987866993594,3.0,0.0,0.00031746031746031746,61.250253487346875
2025-07-07 00:00:00+00:00,-0.02908452098867843,3.0,0.0,0.00031746031746031746,59.46881920423226
2025-07-08 00:00:00+00:00,0.005000866491333708,3.0,0.0,0.00031746031746031746,59.76621482946989
2025-07-09 00:00:00+00:00,0.03566560084960151,3.0,0.0,0.00031746031746031746,61.89781279186929
2025-07-10 00:00:00+00:00,0.05266747020700893,3.0,0.0,0.00031746031746031746,65.15781400296409
2025-07-11 00:00:00+00:00,0.008542364893121893,3.0,0.0,0.00031746031746031746,65.71441582581558
2025-07-14 00:00:00+00:00,0.02483160985351063,3.0,0.0,0.00031746031746031746,67.3462105613536
2025-07-15 00:00:00+00:00,-0.027200450690038087,3.0,0.0,0.00031746031746031746,65.51436328181858
2025-07-16 00:00:00+00:00,0.014886171913967872,3.0,0.0,0.00031746031746031746,66.48962135646588
2025-07-17 00:00:00+00:00,0.014976834265426335,3.0,0.0,0.00031746031746031746,67.48542539589262
2025-07-18 00:00:00+00:00,-0.012588530596521458,3.0,0.0,0.00031746031746031746,66.63588305347716
2025-07-21 00:00:00+00:00,-0.004087860118411557,3.0,0.0,0.00031746031746031746,66.36348488468771
2025-07-22 00:00:00+00:00,0.025218796766761264,3.0,0.0,0.00031746031746031746,68.03709212272868
2025-07-23 00:00:00+00:00,0.005947071221485802,3.0,0.681220577583231,0.00031746031746031746,68.44171355528533
2025-07-24 00:00:00+00:00,-0.0014604793337890472,3.0,0.0,0.00031746031746031746,68.34175584706873
2025-07-25 00:00:00+00:00,0.0027793072010599174,3.0,0.0,0.00031746031746031746,68.53169858122757
2025-07-28 00:00:00+00:00,0.00152692523053388,3.0,0.0,0.00031746031746031746,68.6363413608826
2025-07-29 00:00:00+00:00,-0.006182992500093076,3.0,0.0,0.00031746031746031746,68.21196337701443
2025-07-30 00:00:00+00:00,-0.003922533021229993,3.0,0.0,0.00031746031746031746,67.94439969822515
2025-07-31 00:00:00+00:00,-0.02134556794125177,3.0,0.0,0.00031746031746031746,66.49408789823913
2025-08-01 00:00:00+00:00,-0.04828686852751279,3.0,0.0,0.00031746031746031746,63.283296618039984
2025-08-04 00:00:00+00:00,0.03934219197461192,3.0,0.0,0.00031746031746031746,65.77300022237323
2025-08-05 00:00:00+00:00,-0.017512696479027142,3.0,0.0,0.00031746031746031746,64.62113763296382
2025-08-06 00:00:00+00:00,0.020838046232896906,3.0,0.0,0.00031746031746031746,65.96771588658193
2025-08-07 00:00:00+00:00,0.014812290998887066,3.0,0.0,0.00031746031746031746,66.94484889082588
2025-08-08 00:00:00+00:00,0.011040726528473373,3.0,0.0,0.00031746031746031746,67.68396865991946
2025-08-11 00:00:00+00:00,0.008366595090656187,3.0,0.0,0.00031746031746031746,68.25025301982566
2025-08-12 00:00:00+00:00,0.034259809938499836,3.0,0.0,0.00031746031746031746,70.58849371653942
2025-08-13 00:00:00+00:00,0.027868740171600338,3.0,0.0,0.00031746031746031746,72.55570610703029
2025-08-14 00:00:00+00:00,-0.03186009165957459,3.0,0.0,0.00031746031746031746,70.24407466003515
2025-08-15 00:00:00+00:00,-0.012702332677358931,3.0,0.0,0.00031746031746031746,69.35181105509014
2025-08-18 00:00:00+00:00,-0.0022810307258455103,3.0,0.0,0.00031746031746031746,69.19361744318044
2025-08-19 00:00:00+00:00,-0.011454445998590048,3.0,0.0,0.00031746031746031746,68.40104288873043
2025-08-20 00:00:00+00:00,-0.004948515614441987,3.0,0.0,0.00031746031746031746,68.06255925995143
2025-08-21 00:00:00+00:00,-0.007100718748480178,3.0,0.1154452263979592,0.00031746031746031746,67.57926616934475
2025-08-22 00:00:00+00:00,0.027270813933257237,3.0,0.0,0.00031746031746031746,69.42220776279501
2025-08-25 00:00:00+00:00,-0.009675034703634127,3.0,0.0,0.00031746031746031746,68.75054549348707
2025-08-26 00:00:00+00:00,0.00833932663767838,3.0,0.0,0.00031746031746031746,69.32387874887581
2025-08-27 00:00:00+00:00,0.004771588409662443,3.0,0.0,0.00031746031746031746,69.65466376522679
2025-08-28 00:00:00+00:00,0.005414958582506228,3.0,0.0,0.00031746031746031746,70.03184088459389
2025-08-29 00:00:00+00:00,-0.013391888311174386,3.0,0.0,0.00031746031746031746,69.09398229324147
2025-09-02 00:00:00+00:00,-0.013675433439337307,3.0,0.0,0.00031746031746031746,68.1490921373315
2025-09-03 00:00:00+00:00,0.008946118479038328,3.0,0.0,0.00031746031746031746,68.75876198983096
2025-09-04 00:00:00+00:00,0.01704867281046622,3.0,0.0,0.00031746031746031746,69.93100762584831
2025-09-05 00:00:00+00:00,-0.007490525537825974,3.0,0.0,0.00031746031746031746,69.40718762734099
2025-09-08 00:00:00+00:00,0.0038897315499251974,3.0,0.0,0.00031746031746031746,69.67716295484662
2025-09-09 00:00:00+00:00,0.005637388786716041,3.0,0.0,0.00031746031746031746,70.06996021197845
2025-09-10 00:00:00+00:00,0.006365567842464549,3.0,0.0,0.00031746031746031746,70.5159952974266
2025-09-11 00:00:00+00:00,0.018463065912436634,3.0,0.0,0.00031746031746031746,71.81793676648407
2025-09-12 00:00:00+00:00,-0.0013132464620513528,3.0,0.0,0.00031746031746031746,71.72362211511366
2025-09-15 00:00:00+00:00,0.010674978564010987,3.0,0.0,0.00031746031746031746,72.48927024372573
2025-09-16 00:00:00+00:00,-0.0031452104576500752,3.0,0.0,0.00031746031746031746,72.26127623288774
2025-09-17 00:00:00+00:00,-0.002697551376945099,3.0,0.0,0.00031746031746031746,72.06634772768591
2025-09-18 00:00:00+00:00,0.01368967670052783,3.0,0.0,0.00031746031746031746,73.05291272906575
2025-09-19 00:00:00+00:00,0.00044186004923563215,3.0,0.0,0.00031746031746031746,73.08519189268104
2025-09-22 00:00:00+00:00,0.004353236508086318,2.9999999999999996,0.21132600811222416,0.0003174603174603174,73.40334901822875
2025-09-23 00:00:00+00:00,-0.01126012362443219,2.9999999999999996,0.0,0.0003174603174603174,72.57681823383615
2025-09-24 00:00:00+00:00,-0.006628271007370682,2.9999999999999996,0.0,0.0003174603174603174,72.0957594137296
2025-09-25 00:00:00+00:00,-0.043503279319341906,2.9999999999999996,0.0,0.0003174603174603174,68.95935745421404
2025-09-26 00:00:00+00:00,0.009051969743314887,2.9999999999999996,0.0,0.0003174603174603174,69.58357547140803
2025-09-29 00:00:00+00:00,0.02065069758551858,2.9999999999999996,0.0,0.0003174603174603174,71.02052484538717
2025-09-30 00:00:00+00:00,0.005865897043309975,2.9999999999999996,0.0,0.0003174603174603174,71.43712393209205
2025-10-01 00:00:00+00:00,0.04060071819595439,2.9999999999999996,0.0,0.0003174603174603174,74.3375224695884
2025-10-02 00:00:00+00:00,0.015339645796512442,2.9999999999999996,0.0,0.0003174603174603174,75.47783373366217
2025-10-03 00:00:00+00:00,0.010911626778961094,2.9999999999999996,0.0,0.0003174603174603174,76.30141968544837
2025-10-06 00:00:00+00:00,0.023943519771003462,2.9999999999999996,0.0,0.0003174603174603174,78.12834423624253
2025-10-07 00:00:00+00:00,-0.030670047200729255,2.9999999999999996,0.0,0.0003174603174603174,75.73214423080213
2025-10-08 00:00:00+00:00,0.025021231658814088,2.9999999999999996,0.0,0.0003174603174603174,77.62705575561975
2025-10-09 00:00:00+00:00,-0.01749208136725316,2.9999999999999996,0.0,0.0003174603174603174,76.26919698004215
2025-10-10 00:00:00+00:00,-0.1136759897304357,2.9999999999999996,0.0,0.0003174603174603174,67.5992205273903
2025-10-13 00:00:00+00:00,0.028070175813996838,2.9999999999999996,0.0,0.0003174603174603174,69.49674253248328
2025-10-14 00:00:00+00:00,-0.0036353970456998817,2.9999999999999996,0.0,0.0003174603174603174,69.24409427999493
2025-10-15 00:00:00+00:00,0.008065214713636961,2.9999999999999996,0.0,0.0003174603174603174,69.8025627680144
2025-10-16 00:00:00+00:00,-0.013942561447757074,2.9999999999999996,0.0,0.0003174603174603174,68.82933624741044
2025-10-17 00:00:00+00:00,0.006097872328898154,2.9999999999999996,0.0,0.0003174603174603174,69.24904875232995
2025-10-20 00:00:00+00:00,0.016096451310271716,2.9999999999999996,0.0,0.0003174603174603174,70.36371269385447
2025-10-21 00:00:00+00:00,-0.001032578282028414,3.0,0.0040666134794452025,0.00031746031746031746,70.2910566522839
2025-10-22 00:00:00+00:00,-0.010474293589386827,3.0,0.0,0.00031746031746031746,69.55480748819966
2025-10-23 00:00:00+00:00,0.009630718873866123,3.0,0.0,0.00031746031746031746,70.22467028544438
2025-10-24 00:00:00+00:00,0.014919595338850301,3.0,0.0,0.00031746031746031746,71.27239394890739
2025-10-27 00:00:00+00:00,0.04189972369551483,3.0,0.0,0.00031746031746031746,74.2586875624845
2025-10-28 00:00:00+00:00,-0.004057958782833325,3.0,0.0,0.00031746031746031746,73.95734886908863
2025-10-29 00:00:00+00:00,-0.02208426886127096,3.0,0.0,0.00031746031746031746,72.32405489239686
2025-10-30 00:00:00+00:00,-0.022130182420671978,3.0,0.0,0.00031746031746031746,70.72351036422542
2025-10-31 00:00:00+00:00,0.005064631288488868,3.0,0.0,0.00031746031746031746,71.08169886764783
2025-11-03 00:00:00+00:00,0.0026453001543748126,3.0,0.0,0.00031746031746031746,71.26973129663565
2025-11-04 00:00:00+00:00,-0.02418636344868269,3.0,0.0,0.00031746031746031746,69.54597567260527
2025-11-05 00:00:00+00:00,0.006483085341237739,3.0,0.0,0.00031746031746031746,69.9968481680304
2025-11-06 00:00:00+00:00,-0.023108563268076927,3.0,0.0,0.00031746031746031746,68.37932157357349
2025-11-07 00:00:00+00:00,0.001766876387078369,3.0,0.0,0.00031746031746031746,68.50013938222628
2025-11-10 00:00:00+00:00,0.03134453805753919,3.0,0.0,0.00031746031746031746,70.64724460803922
2025-11-11 00:00:00+00:00,0.003797438406302533,3.0,0.0,0.00031746031746031746,70.91552316801322
2025-11-12 00:00:00+00:00,0.0010375544826799325,3.0,0.0,0.00031746031746031746,70.98910188696779
2025-11-13 00:00:00+00:00,-0.03493786403305478,3.0,0.0,0.00031746031746031746,68.50889429741224
2025-11-14 00:00:00+00:00,-0.0014803488251113025,3.0,0.0,0.00031746031746031746,68.4074772362294
2025-11-17 00:00:00+00:00,-0.01959553364417386,3.0,0.0,0.00031746031746031746,67.0669962145338
2025-11-18 00:00:00+00:00,-0.01789534615488132,3.0,0.0,0.00031746031746031746,65.86680910170661
2025-11-19 00:00:00+00:00,0.006360635483719054,3.0,0.2498479884128501,0.00031746031746031746,66.28576386487828
2025-11-20 00:00:00+00:00,-0.03158845524364694,3.0,0.0,0.00031746031746031746,64.19189897974162
2025-11-21 00:00:00+00:00,0.019036750986527958,3.0,0.0,0.00031746031746031746,65.41390417597133
2025-11-24 00:00:00+00:00,0.024598351187953768,3.0,0.0,0.00031746031746031746,67.02297836346702
2025-11-25 00:00:00+00:00,0.015308146723597604,3.0,0.0,0.00031746031746031746,68.04897595010748
2025-11-26 00:00:00+00:00,0.012282679696339591,3.0,0.0,0.00031746031746031746,68.88479972536656
2025-11-28 00:00:00+00:00,0.009426670860657935,3.0,0.0,0.00031746031746031746,69.53415405967992
2025-12-01 00:00:00+00:00,-0.010731199947538461,3.0,0.0,0.00031746031746031746,68.78796914928255
2025-12-02 00:00:00+00:00,0.004191422313076275,3.0,0.0,0.00031746031746031746,69.07628857804606
2025-12-03 00:00:00+00:00,0.005458283847002938,3.0,0.0,0.00031746031746031746,69.45332656820253
2025-12-04 00:00:00+00:00,0.0017913234466766345,3.0,0.0,0.00031746031746031746,69.57773994053385
2025-12-05 00:00:00+00:00,0.0036870606865275816,3.0,0.0,0.00031746031746031746,69.83427729012602
2025-12-08 00:00:00+00:00,-0.007299186301951831,3.0,0.0,0.00031746031746031746,69.32454388992323
2025-12-09 00:00:00+00:00,-0.0021982807037484653,3.0,0.0,0.00031746031746031746,69.17214908279385
2025-12-10 00:00:00+00:00,0.013258911126122826,3.0,0.0,0.00031746031746031746,70.08929645988553
2025-12-11 00:00:00+00:00,0.003768975815786456,3.0,0.0,0.00031746031746031746,70.35346132318833
2025-12-12 00:00:00+00:00,-0.021794828207094084,3.0,0.0,0.00031746031746031746,68.820119719875
2025-12-15 00:00:00+00:00,-0.0033414554457960343,3.0,0.0,0.00031746031746031746,68.59016035605669
2025-12-16 00:00:00+00:00,-0.00511509038263641,3.0,0.0,0.00031746031746031746,68.23931548647593
2025-12-17 00:00:00+00:00,-0.023741244176326084,3.0,0.0,0.00031746031746031746,66.61922923508615
2025-12-18 00:00:00+00:00,0.015696808810861062,3.0,0.0,0.00031746031746031746,67.66493853951623
2025-12-19 00:00:00+00:00,0.01620250206049409,3.0,0.15515907670642687,0.00031746031746031746,68.76127984562595
2025-12-22 00:00:00+00:00,0.010588681975299613,3.0,0.0,0.00031746031746031746,69.48937117012586
2025-12-23 00:00:00+00:00,0.0015140229069596804,3.0,0.0,0.00031746031746031746,69.59457966986766
2025-12-24 00:00:00+00:00,0.006509646838814847,3.0,0.0,0.00031746031746031746,70.04761580541425
2025-12-26 00:00:00+00:00,-0.0017954810260525282,3.0,0.0,0.00031746031746031746,69.92184664031541
2025-12-29 00:00:00+00:00,-0.007329207918176572,3.0,0.0,0.00031746031746031746,69.40937488826567
2025-12-30 00:00:00+00:00,-0.003046677007113457,3.0,0.0,0.00031746031746031746,69.19790694171547
2025-12-31 00:00:00+00:00,-0.014049293886231076,3.0,0.0,0.00031746031746031746,68.22572521077925
2026-01-02 00:00:00+00:00,0.009107240737421874,3.0,0.0,0.00031746031746031746,68.84707331475902
2026-01-05 00:00:00+00:00,0.025060113912090686,3.0,0.0,0.00031746031746031746,70.57238881454094
2026-01-06 00:00:00+00:00,0.010863979820820406,3.0,0.0,0.00031746031746031746,71.3390858225292
2026-01-07 00:00:00+00:00,-0.02051798391458288,3.0,0.0,0.00031746031746031746,69.8753516071415
2026-01-08 00:00:00+00:00,-0.0018418307099764709,3.0,0.0,0.00031746031746031746,69.74665303868106
2026-01-09 00:00:00+00:00,0.011563803740417137,3.0,0.0,0.00031746031746031746,70.55318964597133
2026-01-12 00:00:00+00:00,0.004311650917637711,3.0,0.0,0.00031746031746031746,70.85739037085065
2026-01-13 00:00:00+00:00,0.01960571973808257,3.0,0.0,0.00031746031746031746,72.24660050783346
2026-01-14 00:00:00+00:00,-0.0019062893765714318,3.0,0.0,0.00031746031746031746,72.10887758079198
2026-01-15 00:00:00+00:00,-0.00270249633252157,3.0,0.0,0.00031746031746031746,71.91400360358764
2026-01-16 00:00:00+00:00,-0.0011506242117472361,3.0,0.0,0.00031746031746031746,71.83125760987768
2026-01-20 00:00:00+00:00,-0.0708864954505105,3.0,0.0,0.00031746031746031746,66.73939149411063
2026-01-21 00:00:00+00:00,0.013580489169678779,3.0,0.0,0.00031746031746031746,67.64574507748735
2026-01-22 00:00:00+00:00,0.005428403464510668,3.0,0.7136261191264733,0.00031746031746031746,68.01295347442539
2026-01-23 00:00:00+00:00,0.00048120046045846355,3.0,0.0,0.00031746031746031746,68.04568133895442
2026-01-26 00:00:00+00:00,-0.017628189499557002,3.0,0.0,0.00031746031746031746,66.84615917368487
2026-01-27 00:00:00+00:00,0.011346575513668177,3.0,0.0,0.00031746031746031746,67.60463416654777
2026-01-28 00:00:00+00:00,0.00021265988306672676,3.0,0.0,0.00031746031746031746,67.6190109601444
2026-01-29 00:00:00+00:00,-0.03847424690698087,3.0,0.0,0.00031746031746031746,65.01742043685795
2026-01-30 00:00:00+00:00,-0.007519858857917984,3.0,0.0,0.00031746031746031746,64.52849861186687
2026-02-02 00:00:00+00:00,0.00636608832587454,3.0,0.0,0.00031746031746031746,64.93929273356608
2026-02-03 00:00:00+00:00,-0.012225207027041033,3.0,0.0,0.00031746031746031746,64.14539643570862
2026-02-04 00:00:00+00:00,-0.006891063889624556,3.0,0.0,0.00031746031746031746,63.703366410644854
2026-02-05 00:00:00+00:00,-0.015493007483216914,3.0,0.0,0.00031746031746031746,62.716409678138625
2026-02-06 00:00:00+00:00,0.02347169068888882,3.0,0.0,0.00031746031746031746,64.18846984722153
2026-02-09 00:00:00+00:00,0.006147925627086503,3.0,0.0,0.00031746031746031746,64.58309578595872
2026-02-10 00:00:00+00:00,-0.0055199303315263785,3.0,0.0,0.00031746031746031746,64.22660159662593
2026-02-11 00:00:00+00:00,-0.0006974815838983342,3.0,0.0,0.00031746031746031746,64.1818047248159
2026-02-12 00:00:00+00:00,-0.022394970243840313,3.0,0.0,0.00031746031746031746,62.74445511780768
2026-02-13 00:00:00+00:00,-0.0008759564532590583,3.0,0.0,0.00031746031746031746,62.68949370744101
2026-02-17 00:00:00+00:00,-0.00020729578688213993,3.0,0.0,0.00031746031746031746,62.67649843951368
2026-02-18 00:00:00+00:00,0.008203965098968534,3.0,0.0,0.00031746031746031746,63.190694245237005
2026-02-19 00:00:00+00:00,-0.00467686770419579,3.0,0.0,0.00031746031746031746,62.89515972811574
2026-02-20 00:00:00+00:00,0.010387225912938513,3.0,0.0,0.00031746031746031746,63.548465961042034
2026-02-23 00:00:00+00:00,-0.014468715298108992,3.0,0.17202482923864032,0.00031746031746031746,62.629001299420146
2026-02-24 00:00:00+00:00,0.008630261308037752,3.0,0.0,0.00031746031746031746,63.16950594609558
2026-02-25 00:00:00+00:00,0.010255880614770119,3.0,0.0,0.00031746031746031746,63.81736485757275
2026-02-26 00:00:00+00:00,-0.008474351435814726,3.0,0.0,0.00031746031746031746,63.27655408006206
2026-02-27 00:00:00+00:00,-0.005707809421377316,3.0,0.0,0.00031746031746031746,62.915383568531595
2026-03-02 00:00:00+00:00,0.0006650020859260163,3.0,0.0,0.00031746031746031746,62.9572224298415
2026-03-03 00:00:00+00:00,-0.012644707204607832,3.0,0.0,0.00031746031746031746,62.16114678580078
2026-03-04 00:00:00+00:00,0.008418514318381632,3.0,0.0,0.00031746031746031746,62.684451290064075
2026-03-05 00:00:00+00:00,-0.007635641416261198,3.0,0.0,0.00031746031746031746,62.205815297638054
2026-03-06 00:00:00+00:00,-0.013539417777638384,3.0,0.0,0.00031746031746031746,61.363584776124725
2026-03-09 00:00:00+00:00,-0.00930261037397813,3.0,0.0,0.00031746031746031746,60.79274325580186
2026-03-10 00:00:00+00:00,-0.003922158254723716,3.0,0.0,0.00031746031746031746,60.55430449601381
2026-03-11 00:00:00+00:00,-0.0037459298449424344,3.0,0.0,0.00031746031746031746,60.32747231956246
2026-03-12 00:00:00+00:00,-0.01705205807291507,3.0,0.0,0.00031746031746031746,59.2987647581771
2026-03-13 00:00:00+00:00,-0.005218596761796422,3.0,0.0,0.00031746031746031746,58.989308416431555
2026-03-16 00:00:00+00:00,0.04206967403071891,3.0,0.0,0.00031746031746031746,61.47096939280838
2026-03-17 00:00:00+00:00,-0.007098354397667003,3.0,0.0,0.00031746031746031746,61.034626666890084
2026-03-18 00:00:00+00:00,-0.04412884756896331,3.0,0.0,0.00031746031746031746,58.34123893027831
2026-03-19 00:00:00+00:00,-0.02055037713172017,3.0,0.0,0.00031746031746031746,57.14230446792929
2026-03-20 00:00:00+00:00,-0.01800800813101358,3.0,0.0,0.00031746031746031746,56.11328538444597
2026-03-23 00:00:00+00:00,-0.01242898542829268,3.0,0.0,0.00031746031746031746,55.41585417806907
2026-03-24 00:00:00+00:00,-0.010227714002951586,3.0,0.2524484086501781,0.00031746031746031746,54.8490766703065
2026-03-25 00:00:00+00:00,0.012478324579810414,3.0,0.0,0.00031746031746031746,55.53350125190149
2026-03-26 00:00:00+00:00,-0.04551745200548394,3.0,0.0,0.00031746031746031746,53.00575777397158
2026-03-27 00:00:00+00:00,-0.04204606939570304,3.0,0.0,0.00031746031746031746,50.777074004235345
2026-03-30 00:00:00+00:00,-0.004667992468610705,3.0,0.0,0.00031746031746031746,50.54004700520549
2026-03-31 00:00:00+00:00,0.03454890616665022,3.0,0.0,0.00031746031746031746,52.28615034684642
2026-04-01 00:00:00+00:00,0.007809204594295127,3.0,0.0,0.00031746031746031746,52.694463592353024
2026-04-02 00:00:00+00:00,-0.00038734149788136345,3.0,0.0,0.00031746031746031746,52.67405283989511
2026-04-06 00:00:00+00:00,0.003971276376993061,3.0,0.0,0.00031746031746031746,52.88323606161867
2026-04-07 00:00:00+00:00,0.028957866255310834,3.0,0.0,0.00031746031746031746,54.414621738639056
2026-04-08 00:00:00+00:00,0.033456723880611626,3.0,0.0,0.00031746031746031746,56.235156713216625
2026-04-09 00:00:00+00:00,0.0158345082935848,3.0,0.0,0.00031746031746031746,57.1256127685831
2026-04-10 00:00:00+00:00,0.007757354116783098,3.0,0.0,0.00031746031746031746,57.568756375967226
2026-04-13 00:00:00+00:00,-0.0009231676662117259,3.0,0.0,0.00031746031746031746,57.515610761496916
2026-04-14 00:00:00+00:00,0.01783521280493334,3.0,0.0,0.00031746031746031746,58.54141391903392
2026-04-15 00:00:00+00:00,0.019217368527070806,3.0,0.0,0.00031746031746031746,59.66642584441179
2026-04-16 00:00:00+00:00,0.003648943833511478,3.0,0.0,0.00031746031746031746,59.88414528106443
2026-04-17 00:00:00+00:00,0.03622551529032728,3.0,0.0,0.00031746031746031746,62.05347930159181
2026-04-20 00:00:00+00:00,-0.013299148376231956,3.0,0.0,0.00031746031746031746,61.2282208730985
2026-04-21 00:00:00+00:00,-0.005121756262581512,3.0,0.0,0.00031746031746031746,60.91462484939498
2026-04-22 00:00:00+00:00,0.028739192823303283,3.0,0.0,0.00031746031746031746,62.665261998700934
2026-04-23 00:00:00+00:00,-0.005684938465862184,3.0,0.46387456283613626,0.00031746031746031746,62.309013840291186
2026-04-24 00:00:00+00:00,0.0030393353482916783,3.0,0.0,0.00031746031746031746,62.498391828573176
2026-04-27 00:00:00+00:00,-0.0003581792015432902,3.0,0.0,0.00031746031746031746,62.47600620449028
2026-04-28 00:00:00+00:00,-0.017339228853057765,3.0,0.0,0.00031746031746031746,61.39272043508557
2026-04-29 00:00:00+00:00,-0.006140308343386526,3.0,0.0,0.00031746031746031746,61.01575020157482
2026-04-30 00:00:00+00:00,0.01895948121371654,3.0,0.0,0.00031746031746031746,62.172577171262404
2026-05-01 00:00:00+00:00,0.02120441542965795,3.0,0.0,0.00031746031746031746,63.49091032593432
2026-05-04 00:00:00+00:00,0.008456279815570573,3.0,0.0,0.00031746031746031746,64.02780722939572
2026-05-05 00:00:00+00:00,0.021674685797587197,3.0,0.0,0.00031746031746031746,65.41558983340136
2026-05-06 00:00:00+00:00,0.026759498102342853,3.0,0.0,0.00031746031746031746,67.1660781854119
2026-05-07 00:00:00+00:00,-0.01880811422210836,3.0,0.0,0.00031746031746031746,65.90281091504961
2026-05-08 00:00:00+00:00,0.01465502155818527,3.0,0.0,0.00031746031746031746,66.86861802975467
2026-05-11 00:00:00+00:00,0.016436098317551242,3.0,0.0,0.00031746031746031746,67.96767721005051
2026-05-12 00:00:00+00:00,-0.013651156642970896,3.0,0.0,0.00031746031746031746,67.03983980179723
2026-05-13 00:00:00+00:00,-0.0017407020338416116,3.0,0.0,0.00031746031746031746,66.92314341630582
2026-05-14 00:00:00+00:00,0.02769065375896015,3.0,0.0,0.00031746031746031746,68.77628900910797
2026-05-15 00:00:00+00:00,-0.037040153658190945,3.0,0.0,0.00031746031746031746,66.22880469617047
2026-05-18 00:00:00+00:00,-0.02161303128008161,3.0,0.0,0.00031746031746031746,64.79739946862972
2026-05-19 00:00:00+00:00,-0.011080865555775865,3.0,0.0,0.00031746031746031746,64.07938819675392
2026-05-20 00:00:00+00:00,0.020265516124214126,3.0,0.0,0.00031746031746031746,65.37799007148503
2026-05-21 00:00:00+00:00,0.002048280463117072,3.0,0.0,0.00031746031746031746,65.51190253126632
2026-05-22 00:00:00+00:00,-0.013272352115241238,3.0,0.08566973593712646,0.00031746031746031746,64.64240549313199
2026-05-26 00:00:00+00:00,0.007198670209949914,3.0,0.0,0.00031746031746031746,65.1077448518549
2026-05-27 00:00:00+00:00,-0.0006141001578090441,3.0,0.0,0.00031746031746031746,65.06776217546678
2026-05-28 00:00:00+00:00,0.008093819451116282,3.0,0.0,0.00031746031746031746,65.59440889460318
2026-05-29 00:00:00+00:00,0.003106413697415726,3.0,0.0,0.00031746031746031746,65.79817226486726
2026-06-01 00:00:00+00:00,0.0037545414265336345,3.0,0.0,0.00031746031746031746,66.0452142284259
2026-06-02 00:00:00+00:00,0.0015628626728723892,3.0,0.0,0.00031746031746031746,66.14843382846537
2026-06-03 00:00:00+00:00,-0.01212921843537895,3.0,0.0,0.00031746031746031746,65.3461050254017
2026-06-04 00:00:00+00:00,0.0060973929438975,3.0,0.0,0.00031746031746031746,65.74454590509477
2026-06-05 00:00:00+00:00,-0.03880934873561332,3.0,0.0,0.00031746031746031746,63.193042895599405
2026-06-08 00:00:00+00:00,0.002095470162013621,3.0,0.0,0.00031746031746031746,63.325462031433986
2026-06-09 00:00:00+00:00,-0.0033592541231176796,3.0,0.0,0.00031746031746031746,63.11273571200656
2026-06-10 00:00:00+00:00,-0.022977705545706963,3.0,0.0,0.00031746031746031746,61.66254985463205
2026-06-11 00:00:00+00:00,0.02272547207442076,3.0,0.0,0.00031746031746031746,63.06386040939107
2026-06-12 00:00:00+00:00,0.006667428299764886,3.0,0.0,0.00031746031746031746,63.48433417697707
2026-06-15 00:00:00+00:00,0.026307938159575838,3.0,0.0,0.00031746031746031746,65.15447611460684
2026-06-16 00:00:00+00:00,-0.009620510642790257,3.0,0.0,0.00031746031746031746,64.52765678372084
2026-06-17 00:00:00+00:00,-0.019937726857011787,3.0,0.0,0.00031746031746031746,63.241121988044014
2026-06-18 00:00:00+00:00,0.016526622792111072,3.0,0.0,0.00031746031746031746,64.2862841560903
2026-06-22 00:00:00+00:00,-0.006072922397679138,3.0,0.0,0.00031746031746031746,63.89587854117522
2026-06-23 00:00:00+00:00,-0.018855903212054746,3.0,0.0,0.00031746031746031746,62.69106403975361
2026-06-24 00:00:00+00:00,-0.002293724145170929,3.0,0.49701663672714913,0.00031746031746031746,62.547268032479174
2026-06-25 00:00:00+00:00,-0.0015027861373747857,3.0,0.0,0.00031746031746031746,62.4532728651493
2026-06-26 00:00:00+00:00,-0.00015714258607584872,3.0,0.0,0.00031746031746031746,62.44345879634238
2026-06-29 00:00:00+00:00,0.010852173456907206,3.0,0.0,0.00031746031746031746,63.12110604244952
2026-06-30 00:00:00+00:00,0.009159174753794783,3.0,0.0,0.00031746031746031746,63.69924328334512
2026-07-01 00:00:00+00:00,-0.0035641460282150135,3.0,0.0,0.00031746031746031746,63.472209878396484
2026-07-02 00:00:00+00:00,-0.0005643887635885951,3.0,0.0,0.00031746031746031746,63.43638687634098
2026-07-06 00:00:00+00:00,0.013494237601860084,3.0,0.0,0.00031746031746031746,64.29241255345384
2026-07-07 00:00:00+00:00,-0.015082622565496102,3.0,0.0,0.00031746031746031746,63.322714361084934
2026-07-08 00:00:00+00:00,-0.01751689016588239,3.0,0.0,0.00031746031746031746,62.21349732861626
2026-07-09 00:00:00+00:00,0.009264253533320062,3.0,0.0,0.00031746031746031746,62.789858941063095
2026-07-10 00:00:00+00:00,0.01655333289628368,3.0,0.0,0.00031746031746031746,63.82924037862521
2026-07-13 00:00:00+00:00,-0.035204766719065854,3.0,0.0,0.00031746031746031746,61.58214686124053
2026-07-14 00:00:00+00:00,0.0037002924457616364,3.0,0.0,0.00031746031746031746,61.81001881406496
2026-07-15 00:00:00+00:00,0.004982676383264585,3.0,0.0,0.00031746031746031746,62.11799813505894
2026-07-16 00:00:00+00:00,-0.0073195243386757775,3.0,0.0,0.00031746031746031746,61.66332393583956
2026-07-17 00:00:00+00:00,-0.012731533236916169,3.0,0.0,0.00031746031746031746,60.87825527765169
2026-07-20 00:00:00+00:00,0.0008602909398335889,3.0,0.0,0.00031746031746031746,60.930628289099936
2026-07-21 00:00:00+00:00,0.02504375163599355,3.0,0.0,0.00031746031746031746,62.4565598109972
2026-07-22 00:00:00+00:00,-0.007057909473992385,3.0,0.0,0.00031746031746031746,62.01574706579419
2026-07-23 00:00:00+00:00,-0.026656177657822834,3.0,0.0,0.00031746031746031746,60.36264429442578
2026-07-24 00:00:00+00:00,-0.013095685010821347,3.0,0.16849378143361343,0.00031746031746031746,59.57215411832573
2026-07-27 00:00:00+00:00,-0.00561879439087477,3.0,0.0,0.00031746031746031746,59.23743043291335
2026-07-28 00:00:00+00:00,0.0033744417282185754,3.0,0.0,0.00031746031746031746,59.437323690038625
2026-07-29 00:00:00+00:00,-0.01504478191901516,3.0,0.0,0.00031746031746031746,58.54310211727208
2026-07-30 00:00:00+00:00,0.02559291318856138,3.0,0.0,0.00031746031746031746,60.041390647548496
2026-07-31 00:00:00+00:00,-0.017805783449056752,3.0,0.0,0.00031746031746031746,58.972306647698026
2026-08-03 00:00:00+00:00,0.02619794864181113,3.0,0.0,0.00031746031746031746,60.51726010854355
2026-08-04 00:00:00+00:00,0.030271365314832436,3.0,0.0,0.00031746031746031746,62.34920019714202
2026-08-05 00:00:00+00:00,0.004564412789109504,3.0,0.0,0.00031746031746031746,62.63378768391261
2026-08-06 00:00:00+00:00,-0.007080600155455979,3.0,0.0,0.00031746031746031746,62.1903028771011
2026-08-07 00:00:00+00:00,0.015787203490839934,3.0,0.0,0.00031746031746031746,63.17211384377886
2026-08-10 00:00:00+00:00,-0.013777016509878597,3.0,0.0,0.00031746031746031746,62.30179058838919
2026-08-11 00:00:00+00:00,-0.009255416526720545,3.0,0.0,0.00031746031746031746,61.725161566133124
2026-08-12 00:00:00+00:00,0.001957608215274064,3.0,0.0,0.00031746031746031746,61.84599524950411
2026-08-13 00:00:00+00:00,0.006985434800421932,3.0,0.0,0.00031746031746031746,62.27801641698672
2026-08-14 00:00:00+00:00,-0.0034471861746839167,3.0,0.0,0.00031746031746031746,62.06333249980735
2026-08-17 00:00:00+00:00,-0.006884106316091963,3.0,0.0,0.00031746031746031746,61.63608192054772
2026-08-18 00:00:00+00:00,-0.009146758425583922,3.0,0.0,0.00031746031746031746,61.072311568920966
2026-08-19 00:00:00+00:00,0.002485100773464539,3.0,0.0,0.00031746031746031746,61.22408241763816
2026-08-20 00:00:00+00:00,0.03415960144575788,3.0,0.0,0.00031746031746031746,63.31547267190691
2026-08-21 00:00:00+00:00,0.06746834203783447,3.0,0.0,0.00031746031746031746,67.58726263842227
2026-08-24 00:00:00+00:00,0.0019510375549269252,3.0,0.31927899681421024,0.00031746031746031746,67.71912792606454
2026-08-25 00:00:00+00:00,-0.00037208897115102377,3.0,0.0,0.00031746031746031746,67.6939303854273
2026-08-26 00:00:00+00:00,0.0036250333007597983,3.0,0.0,0.00031746031746031746,67.93932313733377
2026-08-27 00:00:00+00:00,0.02106864058562643,3.0,0.0,0.00031746031746031746,69.370712318145
2026-08-28 00:00:00+00:00,-0.027515577786346335,3.0,0.0,0.00031746031746031746,67.46193708726082
2026-08-31 00:00:00+00:00,0.0022080431167984774,3.0,0.0,0.00031746031746031746,67.61089595309224
2026-09-01 00:00:00+00:00,-0.020740232155053207,3.0,0.0,0.00031746031746031746,66.20863027481396
2026-09-02 00:00:00+00:00,0.004163234021434774,3.0,0.0,0.00031746031746031746,66.48427229688666
2026-09-03 00:00:00+00:00,0.05385858402974315,3.0,0.0,0.00031746031746031746,70.06502106304485
2026-09-04 00:00:00+00:00,-0.020739858812263156,3.0,0.0,0.00031746031746031746,68.61188241851906
2026-09-08 00:00:00+00:00,-0.020654810753354427,3.0,0.0,0.00031746031746031746,67.19471697173314
2026-09-09 00:00:00+00:00,-0.008783005512547942,3.0,0.0,0.00031746031746031746,66.6045454021563
2026-09-10 00:00:00+00:00,-0.024583997500048024,3.0,0.0,0.00031746031746031746,64.96713942449786
