date,gross_fund_return,leverage,external_cost,financing_cost,net_return,equity,solvent
2015-05-29 13:30:00+00:00,0.0,2.0,0.097,0.00015873015873015873,-0.09715873015873017,9028.412698412698,True
2015-06-01 13:30:00+00:00,0.0,2.0,0.0,0.00015873015873015873,-0.00015873015873015873,9026.979617031997,True
2015-06-02 13:30:00+00:00,0.02200012263822404,2.0,0.0,0.00015873015873015873,0.04384151511771792,9422.736080379436,True
2015-06-03 13:30:00+00:00,0.011741802434640736,2.0,0.0,0.00015873015873015873,0.02332487471055131,9642.520218884876,True
2015-06-04 13:30:00+00:00,0.0,2.0,0.0,0.00015873015873015873,-0.00015873015873015873,9640.989660119974,True
2015-06-05 13:30:00+00:00,0.005802292892494565,2.0,0.0,0.00015873015873015873,0.011445855626258971,9751.339035863963,True
2015-06-08 13:30:00+00:00,0.0019226834458478947,2.0,0.0,0.00015873015873015873,0.003686636732965631,9787.28868054918,True
2015-06-09 13:30:00+00:00,0.0,2.0,0.0,0.00015873015873015873,-0.00015873015873015873,9785.73514266338,True
2015-06-10 13:30:00+00:00,0.0,2.0,0.0,0.00015873015873015873,-0.00015873015873015873,9784.181851370893,True
2015-06-11 13:30:00+00:00,0.003838500116883692,2.0,0.0,0.00015873015873015873,0.007518270075037225,9857.741972992775,True
2015-06-12 13:30:00+00:00,0.006693263199576638,2.0,0.0,0.00015873015873015873,0.013227796240423117,9988.13817520219,True
2015-06-15 13:30:00+00:00,0.0,2.0,0.0,0.00015873015873015873,-0.00015873015873015873,9986.55275644422,True
2015-06-16 13:30:00+00:00,0.0,2.0,0.0,0.00015873015873015873,-0.00015873015873015873,9984.967589340022,True
2015-06-17 13:30:00+00:00,0.000948965789563605,2.0,0.0,0.00015873015873015873,0.0017392014203970513,10002.33345915402,True
2015-06-18 13:30:00+00:00,0.0,2.0,0.0,0.00015873015873015873,-0.00015873015873015873,10000.745787176376,True
2015-06-19 13:30:00+00:00,0.0,2.0,0.0,0.00015873015873015873,-0.00015873015873015873,9999.158367210159,True
2015-06-22 13:30:00+00:00,0.0009487416085847133,2.0,0.0,0.00015873015873015873,0.001738753058439268,10016.544434402964,True
2015-06-23 13:30:00+00:00,0.0,2.0,0.0,0.00015873015873015873,-0.00015873015873015873,10014.954506714963,True
2015-06-24 13:30:00+00:00,0.0,2.0,0.0,0.00015873015873015873,-0.00015873015873015873,10013.364831396439,True
2015-06-25 13:30:00+00:00,0.0,2.0,0.0,0.00015873015873015873,-0.00015873015873015873,10011.775408407328,True
2015-06-26 13:30:00+00:00,0.0009479267087397769,2.0,0.0,0.00015873015873015873,0.001737123258749395,10029.167096330646,True
2015-06-29 13:30:00+00:00,0.0009471975501471608,2.0,0.0,0.00015873015873015873,0.0017356649415641628,10046.574370052836,True
2015-06-30 13:30:00+00:00,-0.0009463012159537376,2.0,0.0,0.00015873015873015873,-0.0020513325906376337,10025.965504623282,True
2015-07-01 13:30:00+00:00,0.0,2.0,0.0,0.00015873015873015873,-0.00015873015873015873,10024.37408152731,True
2015-07-02 13:30:00+00:00,0.00189414226706619,2.0,0.0,0.00015873015873015873,0.0036295543754022216,10060.758092335584,True
2015-07-06 13:30:00+00:00,0.0,2.0,0.0,0.00015873015873015873,-0.00015873015873015873,10059.161146606642,True
2015-07-07 13:30:00+00:00,0.01134202175571275,2.0,0.0,0.00015873015873015873,0.02252531335269534,10285.746903499215,True
2015-07-08 13:30:00+00:00,0.0009345547199421933,2.0,0.0,0.00015873015873015873,0.0017103792811542279,10303.339431894155,True
2015-07-09 13:30:00+00:00,0.0,2.0,0.0,0.00015873015873015873,-0.00015873015873015873,10301.703981190682,True
2015-07-10 13:30:00+00:00,0.0018672811883988505,2.0,0.0,0.00015873015873015873,0.0035758322180675425,10338.541146187616,True
2015-07-13 13:30:00+00:00,0.0,2.0,0.0,0.00015873015873015873,-0.00015873015873015873,10336.900107910446,True
2015-07-14 13:30:00+00:00,0.0,2.0,0.0,0.00015873015873015873,-0.00015873015873015873,10335.259330115538,True
2015-07-15 13:30:00+00:00,0.0018644644879606265,2.0,0.0,0.00015873015873015873,0.0035701988171910944,10372.15826075128,True
2015-07-16 13:30:00+00:00,0.0,2.0,0.0,0.00015873015873015873,-0.00015873015873015873,10370.511886424176,True
2015-07-17 13:30:00+00:00,0.0009301248180315635,2.0,0.0,0.00015873015873015873,0.0017015194773329684,10388.157514388839,True
2015-07-20 13:30:00+00:00,0.0009290950673594978,2.0,0.0,0.00015873015873015873,0.0016994599759888368,10405.811772308809,True
2015-07-21 13:30:00+00:00,0.0,2.0,0.0,0.00015873015873015873,-0.00015873015873015873,10404.160056154475,True
2015-07-22 13:30:00+00:00,0.0,2.0,0.0,0.00015873015873015873,-0.00015873015873015873,10402.508602177308,True
2015-07-23 13:30:00+00:00,0.0,2.0,0.0,0.00015873015873015873,-0.00015873015873015873,10400.857410335691,True
2015-07-24 13:30:00+00:00,0.0018573742807912463,2.0,0.0,0.00015873015873015873,0.003556018402852334,10437.843050692285,True
2015-07-27 13:30:00+00:00,-0.0009270891405281922,2.0,0.0,0.00015873015873015873,-0.002012908439786543,10416.832628322381,True
2015-07-28 13:30:00+00:00,0.0009279494323699566,2.0,0.0,0.00015873015873015873,0.0016971687060097545,10434.51175067491,True
2015-07-29 13:30:00+00:00,-0.0009270891405281922,2.0,0.0,0.00015873015873015873,-0.002012908439786543,10413.508033906926,True
2015-07-30 13:30:00+00:00,0.0002789627341617251,2.0,0.0,0.00015873015873015873,0.0003991953095932915,10417.665057470473,True
2015-07-31 13:30:00+00:00,0.0,2.0,0.0,0.00015873015873015873,-0.00015873015873015873,10416.011459842302,True
2015-08-03 13:30:00+00:00,0.0,2.0,0.0,0.00015873015873015873,-0.00015873015873015873,10414.358124689947,True
2015-08-04 13:30:00+00:00,0.0,2.0,0.0,0.00015873015873015873,-0.00015873015873015873,10412.705051971743,True
2015-08-05 13:30:00+00:00,0.0,2.0,0.0,0.00015873015873015873,-0.00015873015873015873,10411.052241646034,True
2015-08-06 13:30:00+00:00,0.0027851352926204775,2.0,0.0,0.00015873015873015873,0.005411540426510797,10467.392071734215,True
2015-08-07 13:30:00+00:00,0.0,2.0,0.0,0.00015873015873015873,-0.00015873015873015873,10465.73058092918,True
2015-08-10 13:30:00+00:00,0.0009261017396671178,2.0,0.0,0.00015873015873015873,0.001693473320604077,10483.454016448612,True
2015-08-11 13:30:00+00:00,0.0,2.0,0.0,0.00015873015873015873,-0.00015873015873015873,10481.78997612854,True
2015-08-12 13:30:00+00:00,0.0,2.0,0.0,0.00015873015873015873,-0.00015873015873015873,10480.126199941855,True
2015-08-13 13:30:00+00:00,0.0,2.0,0.0,0.00015873015873015873,-0.00015873015873015873,10478.462687846626,True
2015-08-14 13:30:00+00:00,0.0,2.0,0.0,0.00015873015873015873,-0.00015873015873015873,10476.799439800936,True
2015-08-17 13:30:00+00:00,0.0009245870338263629,2.0,0.0,0.00015873015873015873,0.001690443908922567,10494.50988159895,True
2015-08-18 13:30:00+00:00,0.0,2.0,0.0,0.00015873015873015873,-0.00015873015873015873,10492.84408637965,True
2015-08-19 13:30:00+00:00,0.0,2.0,0.0,0.00015873015873015873,-0.00015873015873015873,10491.178555572287,True
2015-08-20 13:30:00+00:00,0.0,2.0,0.0,0.00015873015873015873,-0.00015873015873015873,10489.513289134895,True
2015-08-21 13:30:00+00:00,0.0009248831100718835,2.0,0.0,0.00015873015873015873,0.0016910360614136083,10507.251434373498,True
2015-08-24 13:30:00+00:00,0.0,2.0,0.0,0.00015873015873015873,-0.00015873015873015873,10505.583616685502,True
2015-08-25 13:30:00+00:00,0.0009230435617300081,2.0,0.0,0.00015873015873015873,0.0016873569647298575,10523.31028636967,True
2015-08-26 13:30:00+00:00,-0.001845368697761307,2.0,0.0,0.00015873015873015873,-0.0038494675542527727,10482.801144858955,True
2015-08-27 13:30:00+00:00,-0.0009237329623066337,2.0,0.0,0.00015873015873015873,-0.002006196083343426,10461.770590259672,True
2015-08-28 13:30:00+00:00,0.00027851087545083253,2.0,0.0,0.00015873015873015873,0.00039829159217150633,10465.937425524999,True
2015-08-31 13:30:00+00:00,0.0,2.0,0.0,0.00015873015873015873,-0.00015873015873015873,10464.276165616184,True
2015-09-01 13:30:00+00:00,0.0009283577152257028,2.0,0.0,0.00015873015873015873,0.0016979852717212468,10482.044352424624,True
2015-09-02 13:30:00+00:00,-0.0009274966665393514,2.0,0.0,0.00015873015873015873,-0.0020137234918088612,10460.936413469966,True
2015-09-03 13:30:00+00:00,0.009284974662320478,2.0,0.0,0.00015873015873015873,0.018411219165910795,10653.535006459017,True
2015-09-04 13:30:00+00:00,-0.008279739773091155,2.0,0.0,0.00015873015873015873,-0.01671820970491247,10475.426974122409,True
2015-09-08 13:30:00+00:00,0.0,2.0,0.0,0.00015873015873015873,-0.00015873015873015873,10473.764207936041,True
2015-09-09 13:30:00+00:00,0.0,2.0,0.0,0.00015873015873015873,-0.00015873015873015873,10472.101705680812,True
2015-09-10 13:30:00+00:00,0.0009277430572238732,2.0,0.0,0.00015873015873015873,0.0016967559557175876,10489.870306618805,True
2015-09-11 13:30:00+00:00,0.0,2.0,0.0,0.00015873015873015873,-0.00015873015873015873,10488.205247839976,True
2015-09-14 13:30:00+00:00,0.0,2.0,0.0,0.00015873015873015873,-0.00015873015873015873,10486.540453356192,True
2015-09-15 13:30:00+00:00,0.0,2.0,0.0,0.00015873015873015873,-0.00015873015873015873,10484.8759231255,True
2015-09-16 13:30:00+00:00,0.0009266369855094325,2.0,0.0,0.00015873015873015873,0.0016945438122887063,10502.643004743646,True
2015-09-17 13:30:00+00:00,0.0,2.0,0.0,0.00015873015873015873,-0.00015873015873015873,10500.975918552418,True
2015-09-18 13:30:00+00:00,0.0,2.0,0.0,0.00015873015873015873,-0.00015873015873015873,10499.309096978044,True
2015-09-21 13:30:00+00:00,0.0,2.0,0.0,0.00015873015873015873,-0.00015873015873015873,10497.642539978524,True
2015-09-22 13:30:00+00:00,0.0,2.0,0.0,0.00015873015873015873,-0.00015873015873015873,10495.976247511862,True
2015-09-23 13:30:00+00:00,0.0009265989057229973,2.0,0.0,0.00015873015873015873,0.0016944676527158359,10513.761339746943,True
2015-09-24 13:30:00+00:00,0.0,2.0,0.0,0.00015873015873015873,-0.00015873015873015873,10512.092488740635,True
2015-09-25 13:30:00+00:00,-0.0009257411150188632,2.0,0.0,0.00015873015873015873,-0.002010212388767885,10490.960950187893,True
2015-09-28 13:30:00+00:00,-0.001851804183082062,2.0,0.0,0.00015873015873015873,-0.0038623385248942824,10450.44130754682,True
2015-09-29 13:30:00+00:00,-0.0006517854906274989,2.0,0.0,0.00015873015873015873,-0.0014623011399851565,10435.159615309447,True
2015-09-30 13:30:00+00:00,0.0,2.0,0.0,0.00015873015873015873,-0.00015873015873015873,10433.503240767335,True
2015-10-01 13:30:00+00:00,0.0,2.0,0.0,0.00015873015873015873,-0.00015873015873015873,10431.847129141815,True
2015-10-02 13:30:00+00:00,-0.000932868249762131,2.0,0.0,0.00015873015873015873,-0.0020244666582544205,10410.728202444861,True
2015-10-05 13:30:00+00:00,0.0018667382662342913,2.0,0.0,0.00015873015873015873,0.003574746373738424,10447.943915334525,True
2015-10-06 13:30:00+00:00,0.0,2.0,0.0,0.00015873015873015873,-0.00015873015873015873,10446.285511538441,True
2015-10-07 13:30:00+00:00,0.0,2.0,0.0,0.00015873015873015873,-0.00015873015873015873,10444.627370981052,True
2015-10-08 13:30:00+00:00,0.0,2.0,0.0,0.00015873015873015873,-0.00015873015873015873,10442.96949362058,True
2015-10-09 13:30:00+00:00,0.0,2.0,0.0,0.00015873015873015873,-0.00015873015873015873,10441.311879415243,True
2015-10-12 13:30:00+00:00,0.0,2.0,0.0,0.00015873015873015873,-0.00015873015873015873,10439.654528323272,True
2015-10-13 13:30:00+00:00,0.0009307678974737055,2.0,0.0,0.00015873015873015873,0.0017028056362172522,10457.43123089426,True
2015-10-14 13:30:00+00:00,0.0018606250574728644,2.0,0.0,0.00015873015873015873,0.0035625199562155704,10494.686038345073,True
2015-10-15 13:30:00+00:00,0.0009285847806257408,2.0,0.0,0.00015873015873015873,0.0016984394025213229,10512.510626629688,True
2015-10-16 13:30:00+00:00,0.0027833335378397717,2.0,0.0,0.00015873015873015873,0.005407936916949385,10569.361620937261,True
2015-10-19 13:30:00+00:00,0.000924250983495245,2.0,0.0,0.00015873015873015873,0.0016897718082603313,10587.22143023563,True
2015-10-20 13:30:00+00:00,0.0,2.0,0.0,0.00015873015873015873,-0.00015873015873015873,10585.540918897497,True
2015-10-21 13:30:00+00:00,0.0,2.0,0.0,0.00015873015873015873,-0.00015873015873015873,10583.860674307198,True
2015-10-22 13:30:00+00:00,0.0009247830362175691,2.0,0.0,0.00015873015873015873,0.0016908359137049794,10601.756246040964,True
2015-10-23 13:30:00+00:00,0.0,2.0,0.0,0.00015873015873015873,-0.00015873015873015873,10600.073427589214,True
2015-10-26 13:30:00+00:00,-0.002770564434310119,2.0,0.0,0.00015873015873015873,-0.005699859027350396,10539.654503372392,True
2015-10-27 13:30:00+00:00,-0.0009256790068216114,2.0,0.0,0.00015873015873015873,-0.0020100881723733813,10518.468868514263,True
2015-10-28 13:30:00+00:00,0.0,2.0,0.0,0.00015873015873015873,-0.00015873015873015873,10516.799270281164,True
2015-10-29 13:30:00+00:00,0.00027909700717287933,2.0,0.0,0.00015873015873015873,0.00039946385561559993,10521.000351466406,True
2015-10-30 13:30:00+00:00,0.0018608084250542056,2.0,0.0,0.00015873015873015873,0.0035628866913782527,10558.48548359863,True
2015-11-02 14:30:00+00:00,-0.00185735224834227,2.0,0.0,0.00015873015873015873,-0.0038734346554146985,10517.587880017767,True
2015-11-03 14:30:00+00:00,0.0,2.0,0.0,0.00015873015873015873,-0.00015873015873015873,10515.918421624114,True
2015-11-04 14:30:00+00:00,0.0,2.0,0.0,0.00015873015873015873,-0.00015873015873015873,10514.249228223855,True
2015-11-05 14:30:00+00:00,0.0009306084725078101,2.0,0.0,0.00015873015873015873,0.0017024867862854615,10532.149598602618,True
2015-11-06 14:30:00+00:00,0.0,2.0,0.0,0.00015873015873015873,-0.00015873015873015873,10530.477828825062,True
2015-11-09 14:30:00+00:00,0.0009293351054233678,2.0,0.0,0.00015873015873015873,0.001699940052116577,10548.379009854207,True
2015-11-10 14:30:00+00:00,0.0,2.0,0.0,0.00015873015873015873,-0.00015873015873015873,10546.704663979626,True
2015-11-11 14:30:00+00:00,0.0,2.0,0.0,0.00015873015873015873,-0.00015873015873015873,10545.030583874233,True
2015-11-12 14:30:00+00:00,0.0,2.0,0.0,0.00015873015873015873,-0.00015873015873015873,10543.35676949584,True
2015-11-13 14:30:00+00:00,0.0,2.0,0.0,0.00015873015873015873,-0.00015873015873015873,10541.68322080227,True
2015-11-16 14:30:00+00:00,0.0,2.0,0.0,0.00015873015873015873,-0.00015873015873015873,10540.009937751349,True
2015-11-17 14:30:00+00:00,0.0009284722435729531,2.0,0.0,0.00015873015873015873,0.0016982143284157475,10557.909133649282,True
2015-11-18 14:30:00+00:00,0.0,2.0,0.0,0.00015873015873015873,-0.00015873015873015873,10556.233275056638,True
2015-11-19 14:30:00+00:00,0.0,2.0,0.0,0.00015873015873015873,-0.00015873015873015873,10554.557682473298,True
2015-11-20 14:30:00+00:00,0.0,2.0,0.0,0.00015873015873015873,-0.00015873015873015873,10552.882355857031,True
2015-11-23 14:30:00+00:00,0.0009269591697991242,2.0,0.0,0.00015873015873015873,0.0016951881808680896,10570.771477300772,True
2015-11-24 14:30:00+00:00,0.0,2.0,0.0,0.00015873015873015873,-0.00015873015873015873,10569.09357706628,True
2015-11-25 14:30:00+00:00,0.0,2.0,0.0,0.00015873015873015873,-0.00015873015873015873,10567.415943165159,True
2015-11-27 14:30:00+00:00,0.002140931250148137,2.0,0.0,0.00015873015873015873,0.0041231323415661155,10610.986797607206,True
2015-11-30 14:30:00+00:00,-0.0009286709551397099,2.0,0.0,0.00015873015873015873,-0.0020160720690095783,10589.594283499919,True
2015-12-01 14:30:00+00:00,0.0,2.0,0.0,0.00015873015873015873,-0.00015873015873015873,10587.913395518412,True
2015-12-02 14:30:00+00:00,0.0,2.0,0.0,0.00015873015873015873,-0.00015873015873015873,10586.23277434452,True
2015-12-03 14:30:00+00:00,0.0009295341865405149,2.0,0.0,0.00015873015873015873,0.001700338214350871,10604.232950476751,True
2015-12-04 14:30:00+00:00,0.0009282648189745668,2.0,0.0,0.00015873015873015873,0.0016977994792189749,10622.236811657585,True
2015-12-07 14:30:00+00:00,0.0,2.0,0.0,0.00015873015873015873,-0.00015873015873015873,10620.550742322403,True
2015-12-08 14:30:00+00:00,0.0018552947964589617,2.0,0.0,0.00015873015873015873,0.003551859434187765,10658.27344567279,True
2015-12-09 14:30:00+00:00,0.0,2.0,0.0,0.00015873015873015873,-0.00015873015873015873,10656.58165623697,True
2015-12-10 14:30:00+00:00,0.0009260915292392813,2.0,0.0,0.00015873015873015873,0.0016934528997484038,10674.628075344128,True
2015-12-11 14:30:00+00:00,0.0,2.0,0.0,0.00015873015873015873,-0.00015873015873015873,10672.933689935344,True
2015-12-14 14:30:00+00:00,0.0,2.0,0.0,0.00015873015873015873,-0.00015873015873015873,10671.239573476625,True
2015-12-15 14:30:00+00:00,0.0009246681905159537,2.0,0.0,0.00015873015873015873,0.0016906062223017487,10689.280437499216,True
2015-12-16 14:30:00+00:00,0.0,2.0,0.0,0.00015873015873015873,-0.00015873015873015873,10687.58372631866,True
2015-12-17 14:30:00+00:00,0.0,2.0,0.0,0.00015873015873015873,-0.00015873015873015873,10685.88728445734,True
2015-12-18 14:30:00+00:00,0.0,2.0,0.0,0.00015873015873015873,-0.00015873015873015873,10684.191111872506,True
2015-12-21 14:30:00+00:00,0.0,2.0,0.0,0.00015873015873015873,-0.00015873015873015873,10682.495208521414,True
2015-12-22 14:30:00+00:00,0.0009242182286945955,2.0,0.0,0.00015873015873015873,0.0016897062986590322,10700.545487960646,True
2015-12-23 14:30:00+00:00,0.0,2.0,0.0,0.00015873015873015873,-0.00015873015873015873,10698.846988676845,True
2015-12-24 14:30:00+00:00,0.0,2.0,0.0,0.00015873015873015873,-0.00015873015873015873,10697.148758996102,True
2015-12-28 14:30:00+00:00,0.0036932170205437043,2.0,0.0,0.00015873015873015873,0.00722770388235725,10774.464582611652,True
2015-12-29 14:30:00+00:00,-0.0006467375046507184,2.0,0.0,0.00015873015873015873,-0.0014522051680315956,10758.81784946201,True
2015-12-30 14:30:00+00:00,0.0,2.0,0.0,0.00015873015873015873,-0.00015873015873015873,10757.110100597016,True
2015-12-31 14:30:00+00:00,0.0,2.0,0.0,0.00015873015873015873,-0.00015873015873015873,10755.402622803273,True
2016-01-04 14:30:00+00:00,0.0,2.0,0.0,0.00015873015873015873,-0.00015873015873015873,10753.695416037748,True
2016-01-05 14:30:00+00:00,0.0,2.0,0.0,0.00015873015873015873,-0.00015873015873015873,10751.988480257423,True
2016-01-06 14:30:00+00:00,0.0036972292202390733,2.0,0.0,0.00015873015873015873,0.007235728281747988,10829.786947389051,True
2016-01-07 14:30:00+00:00,-0.0073661770778998825,2.0,0.0,0.00015873015873015873,-0.014891084314529924,10668.519676847085,True
2016-01-08 14:30:00+00:00,0.0009278576341933409,2.0,0.0,0.00015873015873015873,0.001696985109656523,10686.623995880773,True
2016-01-11 14:30:00+00:00,0.0009262707089541244,2.0,0.0,0.00015873015873015873,0.0016938112591780902,10704.725119927598,True
2016-01-12 14:30:00+00:00,0.0,2.0,0.0,0.00015873015873015873,-0.00015873015873015873,10703.025957210151,True
2016-01-13 14:30:00+00:00,0.0,2.0,0.0,0.00015873015873015873,-0.00015873015873015873,10701.32706420107,True
2016-01-14 14:30:00+00:00,0.0,2.0,0.0,0.00015873015873015873,-0.00015873015873015873,10699.628440857545,True
2016-01-15 14:30:00+00:00,0.0,2.0,0.0,0.00015873015873015873,-0.00015873015873015873,10697.930087136774,True
2016-01-19 14:30:00+00:00,0.0009261396564383961,2.0,0.0,0.00015873015873015873,0.0016935491541466335,10716.047557586962,True
2016-01-20 14:30:00+00:00,0.0,2.0,0.0,0.00015873015873015873,-0.00015873015873015873,10714.346597657188,True
2016-01-21 14:30:00+00:00,0.0,2.0,0.0,0.00015873015873015873,-0.00015873015873015873,10712.645907721053,True
2016-01-22 14:30:00+00:00,-0.007401294444644213,2.0,0.0,0.00015873015873015873,-0.014961319048018585,10552.370594447188,True
2016-01-25 14:30:00+00:00,0.0018646077615953605,2.0,0.0,0.00015873015873015873,0.0035704853644605624,10590.047679215024,True
2016-01-26 14:30:00+00:00,-0.0009302850374873772,2.0,0.0,0.00015873015873015873,-0.002019300233704913,10568.66319346144,True
2016-01-27 14:30:00+00:00,0.0,2.0,0.0,0.00015873015873015873,-0.00015873015873015873,10566.985627875176,True
2016-01-28 14:30:00+00:00,0.0013090638493762352,2.0,0.0,0.00015873015873015873,0.002459397540022312,10592.974046333822,True
2016-01-29 14:30:00+00:00,0.0,2.0,0.0,0.00015873015873015873,-0.00015873015873015873,10591.292621882025,True
2016-02-01 14:30:00+00:00,0.000933255991437898,2.0,0.0,0.00015873015873015873,0.0017077818241456372,10609.380238915883,True
2016-02-02 14:30:00+00:00,0.0,2.0,0.0,0.00015873015873015873,-0.00015873015873015873,10607.696210306529,True
2016-02-03 14:30:00+00:00,0.0,2.0,0.0,0.00015873015873015873,-0.00015873015873015873,10606.012449003307,True
2016-02-04 14:30:00+00:00,0.0,2.0,0.0,0.00015873015873015873,-0.00015873015873015873,10604.328954963781,True
2016-02-05 14:30:00+00:00,0.0,2.0,0.0,0.00015873015873015873,-0.00015873015873015873,10602.645728145535,True
2016-02-08 14:30:00+00:00,0.0,2.0,0.0,0.00015873015873015873,-0.00015873015873015873,10600.962768506146,True
2016-02-09 14:30:00+00:00,0.0,2.0,0.0,0.00015873015873015873,-0.00015873015873015873,10599.280076003208,True
2016-02-10 14:30:00+00:00,0.0,2.0,0.0,0.00015873015873015873,-0.00015873015873015873,10597.59765059432,True
2016-02-11 14:30:00+00:00,0.0,2.0,0.0,0.00015873015873015873,-0.00015873015873015873,10595.915492237082,True
2016-02-12 14:30:00+00:00,0.0,2.0,0.0,0.00015873015873015873,-0.00015873015873015873,10594.233600889109,True
2016-02-16 14:30:00+00:00,-0.006529615069064798,2.0,0.0,0.00015873015873015873,-0.013217960296859755,10454.199441776898,True
2016-02-17 14:30:00+00:00,0.0,2.0,0.0,0.00015873015873015873,-0.00015873015873015873,10452.540045040108,True
2016-02-18 14:30:00+00:00,0.0018783316614507939,2.0,0.0,0.00015873015873015873,0.0035979331641714293,10490.147585517989,True
2016-02-19 14:30:00+00:00,0.0,2.0,0.0,0.00015873015873015873,-0.00015873015873015873,10488.482482726635,True
2016-02-22 14:30:00+00:00,0.0,2.0,0.0,0.00015873015873015873,-0.00015873015873015873,10486.817644237313,True
2016-02-23 14:30:00+00:00,0.0,2.0,0.0,0.00015873015873015873,-0.00015873015873015873,10485.153070008071,True
2016-02-24 14:30:00+00:00,0.0009369170954431905,2.0,0.0,0.00015873015873015873,0.0017151040321562222,10503.136198316217,True
2016-02-25 14:30:00+00:00,0.0018722427138988529,2.0,0.0,0.00015873015873015873,0.0035857552690675473,10540.797874281063,True
2016-02-26 14:30:00+00:00,-0.0006565177697340774,2.0,0.0,0.00015873015873015873,-0.0014717656981983135,10525.284289538055,True
2016-02-29 14:30:00+00:00,0.0,2.0,0.0,0.00015873015873015873,-0.00015873015873015873,10523.613609492097,True
2016-03-01 14:30:00+00:00,0.0,2.0,0.0,0.00015873015873015873,-0.00015873015873015873,10521.943194633448,True
2016-03-02 14:30:00+00:00,0.0018783305978715692,2.0,0.0,0.00015873015873015873,0.00359793103701298,10559.800420623107,True
2016-03-03 14:30:00+00:00,0.0009370400308392757,2.0,0.0,0.00015873015873015873,0.0017153499029483926,10577.914173249776,True
2016-03-04 14:30:00+00:00,0.0009356772471893482,2.0,0.0,0.00015873015873015873,0.0017126243356485377,10596.030166483284,True
2016-03-07 14:30:00+00:00,0.0009365813019919234,2.0,0.0,0.00015873015873015873,0.001714432445253688,10614.196344391588,True
2016-03-08 14:30:00+00:00,0.0,2.0,0.0,0.00015873015873015873,-0.00015873015873015873,10612.511551321051,True
2016-03-09 14:30:00+00:00,0.0,2.0,0.0,0.00015873015873015873,-0.00015873015873015873,10610.827025677985,True
2016-03-10 14:30:00+00:00,0.0,2.0,0.0,0.00015873015873015873,-0.00015873015873015873,10609.14276741994,True
2016-03-11 14:30:00+00:00,0.0009339278743059065,2.0,0.0,0.00015873015873015873,0.0017091255898816543,10627.275124810445,True
2016-03-14 13:30:00+00:00,0.0,2.0,0.0,0.00015873015873015873,-0.00015873015873015873,10625.588255743014,True
2016-03-15 13:30:00+00:00,0.0,2.0,0.0,0.00015873015873015873,-0.00015873015873015873,10623.901654432579,True
2016-03-16 13:30:00+00:00,0.0,2.0,0.0,0.00015873015873015873,-0.00015873015873015873,10622.215320836638,True
2016-03-17 13:30:00+00:00,0.0,2.0,0.0,0.00015873015873015873,-0.00015873015873015873,10620.529254912697,True
2016-03-18 13:30:00+00:00,0.0009334599681896094,2.0,0.0,0.00015873015873015873,0.00170818977764906,10638.671134419159,True
2016-03-21 13:30:00+00:00,0.0,2.0,0.0,0.00015873015873015873,-0.00015873015873015873,10636.982456461315,True
2016-03-22 13:30:00+00:00,0.0,2.0,0.0,0.00015873015873015873,-0.00015873015873015873,10635.29404654759,True
2016-03-23 13:30:00+00:00,0.0,2.0,0.0,0.00015873015873015873,-0.00015873015873015873,10633.605904635438,True
2016-03-24 13:30:00+00:00,0.0,2.0,0.0,0.00015873015873015873,-0.00015873015873015873,10631.918030682324,True
2016-03-28 13:30:00+00:00,0.003732292733268361,2.0,0.0,0.00015873015873015873,0.007305855307806563,10709.593285458946,True
2016-03-29 13:30:00+00:00,0.0009286397279482106,2.0,0.0,0.00015873015873015873,0.0016985492971662625,10727.7840576069,True
2016-03-30 13:30:00+00:00,-0.0006526788119656235,2.0,0.0,0.00015873015873015873,-0.0014640877826614057,10712.077640033129,True
2016-03-31 13:30:00+00:00,0.0,2.0,0.0,0.00015873015873015873,-0.00015873015873015873,10710.377310248998,True
2016-04-01 13:30:00+00:00,0.0,2.0,0.0,0.00015873015873015873,-0.00015873015873015873,10708.677250358483,True
2016-04-04 13:30:00+00:00,0.0,2.0,0.0,0.00015873015873015873,-0.00015873015873015873,10706.977460318743,True
2016-04-05 13:30:00+00:00,0.0,2.0,0.0,0.00015873015873015873,-0.00015873015873015873,10705.277940086946,True
2016-04-06 13:30:00+00:00,0.000932961369392693,2.0,0.0,0.00015873015873015873,0.0017071925800552273,10723.55391115369,True
2016-04-07 13:30:00+00:00,0.0,2.0,0.0,0.00015873015873015873,-0.00015873015873015873,10721.85175973922,True
2016-04-08 13:30:00+00:00,0.0,2.0,0.0,0.00015873015873015873,-0.00015873015873015873,10720.149878507516,True
2016-04-11 13:30:00+00:00,0.0009316906225536048,2.0,0.0,0.00015873015873015873,0.0017046510863770509,10738.423993644037,True
2016-04-12 13:30:00+00:00,0.0,2.0,0.0,0.00015873015873015873,-0.00015873015873015873,10736.719481899016,True
2016-04-13 13:30:00+00:00,-0.0009308233831362145,2.0,0.0,0.00015873015873015873,-0.0020203769250025875,10715.027261607562,True
2016-04-14 13:30:00+00:00,0.0,2.0,0.0,0.00015873015873015873,-0.00015873015873015873,10713.326463629528,True
2016-04-15 13:30:00+00:00,0.0,2.0,0.0,0.00015873015873015873,-0.00015873015873015873,10711.62593561943,True
2016-04-18 13:30:00+00:00,0.0,2.0,0.0,0.00015873015873015873,-0.00015873015873015873,10709.925677534411,True
2016-04-19 13:30:00+00:00,0.01584339382168687,2.0,0.0,0.00015873015873015873,0.03152805748464358,11047.588829951976,True
2016-04-20 13:30:00+00:00,0.0,2.0,0.0,0.00015873015873015873,-0.00015873015873015873,11045.835244423411,True
2016-04-21 13:30:00+00:00,0.0082569645654762,2.0,0.0,0.00015873015873015873,0.016355198972222238,11226.492077660341,True
2016-04-22 13:30:00+00:00,0.0,2.0,0.0,0.00015873015873015873,-0.00015873015873015873,11224.710094790873,True
2016-04-25 13:30:00+00:00,0.0018201591575930376,2.0,0.0,0.00015873015873015873,0.0034815881564559167,11263.789912516546,True
2016-04-26 13:30:00+00:00,0.0018165394458338202,2.0,0.0,0.00015873015873015873,0.003474348732937482,11302.92424672717,True
2016-04-27 13:30:00+00:00,0.0,2.0,0.0,0.00015873015873015873,-0.00015873015873015873,11301.130131767373,True
2016-04-28 13:30:00+00:00,0.00036361689467589997,2.0,0.0,0.00015873015873015873,0.0005685036306216412,11307.554865277409,True
2016-04-29 13:30:00+00:00,0.0,2.0,0.0,0.00015873015873015873,-0.00015873015873015873,11305.760015298794,True
2016-05-02 13:30:00+00:00,0.0,2.0,0.0,0.00015873015873015873,-0.00015873015873015873,11303.965450217,True
2016-05-03 13:30:00+00:00,0.0,2.0,0.0,0.00015873015873015873,-0.00015873015873015873,11302.171169986805,True
2016-05-04 13:30:00+00:00,0.0009103891954769239,2.0,0.0,0.00015873015873015873,0.001662048232223689,11320.955923600171,True
2016-05-05 13:30:00+00:00,0.0,2.0,0.0,0.00015873015873015873,-0.00015873015873015873,11319.15894646944,True
2016-05-06 13:30:00+00:00,0.0,2.0,0.0,0.00015873015873015873,-0.00015873015873015873,11317.362254573176,True
2016-05-09 13:30:00+00:00,0.0,2.0,0.0,0.00015873015873015873,-0.00015873015873015873,11315.5658478661,True
2016-05-10 13:30:00+00:00,0.0,2.0,0.0,0.00015873015873015873,-0.00015873015873015873,11313.769726302948,True
2016-05-11 13:30:00+00:00,0.0,2.0,0.0,0.00015873015873015873,-0.00015873015873015873,11311.973889838453,True
2016-05-12 13:30:00+00:00,0.0009090934600768374,2.0,0.0,0.00015873015873015873,0.0016594567614235162,11330.745621394992,True
2016-05-13 13:30:00+00:00,0.0,2.0,0.0,0.00015873015873015873,-0.00015873015873015873,11328.947090343978,True
2016-05-16 13:30:00+00:00,0.0,2.0,0.0,0.00015873015873015873,-0.00015873015873015873,11327.148844774081,True
2016-05-17 13:30:00+00:00,0.0,2.0,0.0,0.00015873015873015873,-0.00015873015873015873,11325.35088463999,True
2016-05-18 13:30:00+00:00,0.0,2.0,0.0,0.00015873015873015873,-0.00015873015873015873,11323.553209896398,True
2016-05-19 13:30:00+00:00,0.0009080341318037366,2.0,0.0,0.00015873015873015873,0.0016573381048773145,11342.320166113765,True
2016-05-20 13:30:00+00:00,0.0,2.0,0.0,0.00015873015873015873,-0.00015873015873015873,11340.519797833429,True
2016-05-23 13:30:00+00:00,0.0,2.0,0.0,0.00015873015873015873,-0.00015873015873015873,11338.719715325835,True
2016-05-24 13:30:00+00:00,0.0,2.0,0.0,0.00015873015873015873,-0.00015873015873015873,11336.919918545625,True
2016-05-25 13:30:00+00:00,-0.000907210353837673,2.0,0.0,0.00015873015873015873,-0.0019731508664055045,11314.550465185977,True
2016-05-26 13:30:00+00:00,0.0018163018916002027,2.0,0.0,0.00015873015873015873,0.003473873624470247,11353.855783619723,True
2016-05-27 13:30:00+00:00,0.00036403210447555345,2.0,0.0,0.00015873015873015873,0.0005693340502209482,11360.319920318636,True
2016-05-31 13:30:00+00:00,0.0009100987626557977,2.0,0.0,0.00015873015873015873,0.0016614673665814367,11379.19472114017,True
2016-06-01 13:30:00+00:00,0.0,2.0,0.0,0.00015873015873015873,-0.00015873015873015873,11377.38849975586,True
2016-06-02 13:30:00+00:00,0.0,2.0,0.0,0.00015873015873015873,-0.00015873015873015873,11375.582565073359,True
2016-06-03 13:30:00+00:00,0.0,2.0,0.0,0.00015873015873015873,-0.00015873015873015873,11373.776917047158,True
2016-06-06 13:30:00+00:00,0.0009093488718927567,2.0,0.0,0.00015873015873015873,0.0016599675850553547,11392.657018049105,True
2016-06-07 13:30:00+00:00,0.0,2.0,0.0,0.00015873015873015873,-0.00015873015873015873,11390.848659792273,True
2016-06-08 13:30:00+00:00,0.0,2.0,0.0,0.00015873015873015873,-0.00015873015873015873,11389.04058857643,True
2016-06-09 13:30:00+00:00,0.0,2.0,0.0,0.00015873015873015873,-0.00015873015873015873,11387.232804356023,True
2016-06-10 13:30:00+00:00,0.0,2.0,0.0,0.00015873015873015873,-0.00015873015873015873,11385.42530708549,True
2016-06-13 13:30:00+00:00,0.0009074367931762861,2.0,0.0,0.00015873015873015873,0.0016561434276224135,11404.281204378505,True
2016-06-14 13:30:00+00:00,0.0009081639983457013,2.0,0.0,0.00015873015873015873,0.0016575978379612438,11423.184916246384,True
2016-06-15 13:30:00+00:00,0.0,2.0,0.0,0.00015873015873015873,-0.00015873015873015873,11421.371712291426,True
2016-06-16 13:30:00+00:00,0.0,2.0,0.0,0.00015873015873015873,-0.00015873015873015873,11419.558796146619,True
2016-06-17 13:30:00+00:00,0.0009062560391261965,2.0,0.0,0.00015873015873015873,0.0016537819195222342,11438.444256012606,True
2016-06-20 13:30:00+00:00,0.0,2.0,0.0,0.00015873015873015873,-0.00015873015873015873,11436.628629940222,True
2016-06-21 13:30:00+00:00,0.0,2.0,0.0,0.00015873015873015873,-0.00015873015873015873,11434.813292062454,True
2016-06-22 13:30:00+00:00,0.0009055901919330367,2.0,0.0,0.00015873015873015873,0.0016524502251359147,11453.70875186131,True
2016-06-23 13:30:00+00:00,0.0,2.0,0.0,0.00015873015873015873,-0.00015873015873015873,11451.890702853078,True
2016-06-24 13:30:00+00:00,0.0,2.0,0.0,0.00015873015873015873,-0.00015873015873015873,11450.072942424054,True
2016-06-27 13:30:00+00:00,0.0009053891171533213,2.0,0.0,0.00015873015873015873,0.0016520480755764838,11468.989013393795,True
2016-06-28 13:30:00+00:00,-0.004520534205221027,2.0,0.0,0.00015873015873015873,-0.009199798569172213,11363.476624678524,True
2016-06-29 13:30:00+00:00,0.00218765256130804,2.0,0.0,0.00015873015873015873,0.0042165749638859214,11411.391575716845,True
2016-06-30 13:30:00+00:00,0.0,2.0,0.0,0.00015873015873015873,-0.00015873015873015873,11409.5802437207,True
2016-07-01 13:30:00+00:00,0.0,2.0,0.0,0.00015873015873015873,-0.00015873015873015873,11407.76919923757,True
2016-07-05 13:30:00+00:00,0.0009101771269701686,2.0,0.0,0.00015873015873015873,0.0016616240952101785,11426.72462341162,True
2016-07-06 13:30:00+00:00,0.0,2.0,0.0,0.00015873015873015873,-0.00015873015873015873,11424.910857598381,True
2016-07-07 13:30:00+00:00,0.0,2.0,0.0,0.00015873015873015873,-0.00015873015873015873,11423.097379684477,True
2016-07-08 13:30:00+00:00,0.0,2.0,0.0,0.00015873015873015873,-0.00015873015873015873,11421.28418962421,True
2016-07-11 13:30:00+00:00,0.0009096587604298101,2.0,0.0,0.00015873015873015873,0.0016605873621294614,11440.250229808787,True
2016-07-12 13:30:00+00:00,0.0,2.0,0.0,0.00015873015873015873,-0.00015873015873015873,11438.434317073898,True
2016-07-13 13:30:00+00:00,0.0145313465933401,2.0,0.0,0.00015873015873015873,0.02890396302795004,11769.050399672236,True
2016-07-14 13:30:00+00:00,0.0,2.0,0.0,0.00015873015873015873,-0.00015873015873015873,11767.182296434194,True
2016-07-15 13:30:00+00:00,0.0,2.0,0.0,0.00015873015873015873,-0.00015873015873015873,11765.314489720473,True
2016-07-18 13:30:00+00:00,0.0,2.0,0.0,0.00015873015873015873,-0.00015873015873015873,11763.44697948401,True
2016-07-19 13:30:00+00:00,0.0,2.0,0.0,0.00015873015873015873,-0.00015873015873015873,11761.579765677741,True
2016-07-20 13:30:00+00:00,0.0,2.0,0.0,0.00015873015873015873,-0.00015873015873015873,11759.712848254618,True
2016-07-21 13:30:00+00:00,0.0008955861939459187,2.0,0.0,0.00015873015873015873,0.0016324422291616786,11778.909900110923,True
2016-07-22 13:30:00+00:00,0.0,2.0,0.0,0.00015873015873015873,-0.00015873015873015873,11777.04023187281,True
2016-07-25 13:30:00+00:00,-0.0008947848369994515,2.0,0.0,0.00015873015873015873,-0.0019482998327290618,11754.095026359011,True
2016-07-26 13:30:00+00:00,-0.0008945962593722712,2.0,0.0,0.00015873015873015873,-0.001947922677474701,11731.198958103974,True
2016-07-27 13:30:00+00:00,0.0,2.0,0.0,0.00015873015873015873,-0.00015873015873015873,11729.33686303126,True
2016-07-28 13:30:00+00:00,-0.0005403022903284205,2.0,0.0,0.00015873015873015873,-0.0012393347393869997,11714.800288386932,True
2016-07-29 13:30:00+00:00,0.0,2.0,0.0,0.00015873015873015873,-0.00015873015873015873,11712.940796277664,True
2016-08-01 13:30:00+00:00,0.0,2.0,0.0,0.00015873015873015873,-0.00015873015873015873,11711.081599325875,True
2016-08-02 13:30:00+00:00,0.0008999230097219701,2.0,0.0,0.00015873015873015873,0.0016411158607137816,11730.30084108464,True
2016-08-03 13:30:00+00:00,0.0,2.0,0.0,0.00015873015873015873,-0.00015873015873015873,11728.438888570183,True
2016-08-04 13:30:00+00:00,0.0,2.0,0.0,0.00015873015873015873,-0.00015873015873015873,11726.577231603744,True
2016-08-05 13:30:00+00:00,0.0,2.0,0.0,0.00015873015873015873,-0.00015873015873015873,11724.715870138409,True
2016-08-08 13:30:00+00:00,0.0,2.0,0.0,0.00015873015873015873,-0.00015873015873015873,11722.854804127277,True
2016-08-09 13:30:00+00:00,0.0,2.0,0.0,0.00015873015873015873,-0.00015873015873015873,11720.994033523446,True
2016-08-10 13:30:00+00:00,0.0008999519624355301,2.0,0.0,0.00015873015873015873,0.0016411737661409015,11740.230221444359,True
2016-08-11 13:30:00+00:00,0.0,2.0,0.0,0.00015873015873015873,-0.00015873015873015873,11738.36669283778,True
2016-08-12 13:30:00+00:00,0.0,2.0,0.0,0.00015873015873015873,-0.00015873015873015873,11736.503460029395,True
2016-08-15 13:30:00+00:00,0.0,2.0,0.0,0.00015873015873015873,-0.00015873015873015873,11734.640522972248,True
2016-08-16 13:30:00+00:00,0.0008983815658374361,2.0,0.0,0.00015873015873015873,0.0016380329729447135,11753.86225107453,True
2016-08-17 13:30:00+00:00,0.0,2.0,0.0,0.00015873015873015873,-0.00015873015873015873,11751.996558653724,True
2016-08-18 13:30:00+00:00,0.0,2.0,0.0,0.00015873015873015873,-0.00015873015873015873,11750.131162374573,True
2016-08-19 13:30:00+00:00,0.0,2.0,0.0,0.00015873015873015873,-0.00015873015873015873,11748.266062190069,True
2016-08-22 13:30:00+00:00,0.0,2.0,0.0,0.00015873015873015873,-0.00015873015873015873,11746.401258053214,True
2016-08-23 13:30:00+00:00,0.0008978033592372814,2.0,0.0,0.00015873015873015873,0.001636876559744404,11765.628666933872,True
2016-08-24 13:30:00+00:00,0.0008967700776350007,2.0,0.0,0.00015873015873015873,0.0016348099965398427,11784.86323429415,True
2016-08-25 13:30:00+00:00,-0.0017921609527096205,2.0,0.0,0.00015873015873015873,-0.0037430520641493995,11740.751877639306,True
2016-08-26 13:30:00+00:00,0.0008978033592372814,2.0,0.0,0.00015873015873015873,0.001636876559744404,11759.97003918159,True
2016-08-29 13:30:00+00:00,-0.0008969980313913162,2.0,0.0,0.00015873015873015873,-0.001952726221512791,11737.006037321873,True
2016-08-30 13:30:00+00:00,-0.0005409635996826978,2.0,0.0,0.00015873015873015873,-0.0012406573580955543,11722.444434419658,True
2016-08-31 13:30:00+00:00,0.0,2.0,0.0,0.00015873015873015873,-0.00015873015873015873,11720.583728953878,True
2016-09-01 13:30:00+00:00,0.0,2.0,0.0,0.00015873015873015873,-0.00015873015873015873,11718.72331883817,True
2016-09-02 13:30:00+00:00,0.0,2.0,0.0,0.00015873015873015873,-0.00015873015873015873,11716.863204025658,True
2016-09-06 13:30:00+00:00,0.0009019418115507882,2.0,0.0,0.00015873015873015873,0.0016451534643714177,11736.139242117324,True
2016-09-07 13:30:00+00:00,0.0,2.0,0.0,0.00015873015873015873,-0.00015873015873015873,11734.276362872544,True
2016-09-08 13:30:00+00:00,0.0,2.0,0.0,0.00015873015873015873,-0.00015873015873015873,11732.413779322884,True
2016-09-09 13:30:00+00:00,0.0,2.0,0.0,0.00015873015873015873,-0.00015873015873015873,11730.551491421404,True
2016-09-12 13:30:00+00:00,0.0009002927662060678,2.0,0.0,0.00015873015873015873,0.0016418553736819769,11749.811360423846,True
2016-09-13 13:30:00+00:00,0.000900014667299498,2.0,0.0,0.00015873015873015873,0.0016412991758688372,11769.096316126323,True
2016-09-14 13:30:00+00:00,0.0,2.0,0.0,0.00015873015873015873,-0.00015873015873015873,11767.228205599953,True
2016-09-15 13:30:00+00:00,0.0,2.0,0.0,0.00015873015873015873,-0.00015873015873015873,11765.360391599064,True
2016-09-16 13:30:00+00:00,0.0,2.0,0.0,0.00015873015873015873,-0.00015873015873015873,11763.492874076588,True
2016-09-19 13:30:00+00:00,0.0008999642564158084,2.0,0.0,0.00015873015873015873,0.001641198354101458,11782.799099220007,True
2016-09-20 13:30:00+00:00,0.0,2.0,0.0,0.00015873015873015873,-0.00015873015873015873,11780.928813648703,True
2016-09-21 13:30:00+00:00,0.0,2.0,0.0,0.00015873015873015873,-0.00015873015873015873,11779.058824948126,True
2016-09-22 13:30:00+00:00,0.0,2.0,0.0,0.00015873015873015873,-0.00015873015873015873,11777.189133071148,True
2016-09-23 13:30:00+00:00,0.0008987001261424599,2.0,0.0,0.00015873015873015873,0.001638670093554761,11796.48806068965,True
2016-09-26 13:30:00+00:00,-0.0008978931894199071,2.0,0.0,0.00015873015873015873,-0.001954516537569973,11773.431629689785,True
2016-09-27 13:30:00+00:00,-0.0035941181202677752,2.0,0.0,0.00015873015873015873,-0.007346966399265709,11686.932623102404,True
2016-09-28 13:30:00+00:00,0.0009019418115507882,2.0,0.0,0.00015873015873015873,0.0016451534643714177,11706.159420795175,True
2016-09-29 13:30:00+00:00,0.004883491457292166,2.0,0.0,0.00015873015873015873,0.009608252755854174,11818.635159310497,True
2016-09-30 13:30:00+00:00,0.014402090403695444,2.0,0.0,0.00015873015873015873,0.02864545064866073,12157.18528950105,True
2016-10-03 13:30:00+00:00,0.0008875234121590303,2.0,0.0,0.00015873015873015873,0.0016163166655879019,12176.83515069111,True
2016-10-04 13:30:00+00:00,0.0,2.0,0.0,0.00015873015873015873,-0.00015873015873015873,12174.90231971481,True
2016-10-05 13:30:00+00:00,0.0,2.0,0.0,0.00015873015873015873,-0.00015873015873015873,12172.96979553708,True
2016-10-06 13:30:00+00:00,0.0,2.0,0.0,0.00015873015873015873,-0.00015873015873015873,12171.037578109217,True
2016-10-07 13:30:00+00:00,0.0,2.0,0.0,0.00015873015873015873,-0.00015873015873015873,12169.105667382531,True
2016-10-10 13:30:00+00:00,0.0,2.0,0.0,0.00015873015873015873,-0.00015873015873015873,12167.174063308343,True
2016-10-11 13:30:00+00:00,0.0,2.0,0.0,0.00015873015873015873,-0.00015873015873015873,12165.242765837978,True
2016-10-12 13:30:00+00:00,0.0008859912561829386,2.0,0.0,0.00015873015873015873,0.0016132523536357185,12184.868372362514,True
2016-10-13 13:30:00+00:00,0.0,2.0,0.0,0.00015873015873015873,-0.00015873015873015873,12182.934266271663,True
2016-10-14 13:30:00+00:00,-0.0008852069705470589,2.0,0.0,0.00015873015873015873,-0.0019291440998242765,12159.431630513338,True
2016-10-17 13:30:00+00:00,0.0008859912561829386,2.0,0.0,0.00015873015873015873,0.0016132523536357185,12179.047862210135,True
2016-10-18 13:30:00+00:00,0.0,2.0,0.0,0.00015873015873015873,-0.00015873015873015873,12177.114680009785,True
2016-10-19 13:30:00+00:00,0.0,2.0,0.0,0.00015873015873015873,-0.00015873015873015873,12175.18180466375,True
2016-10-20 13:30:00+00:00,0.0,2.0,0.0,0.00015873015873015873,-0.00015873015873015873,12173.249236123329,True
2016-10-21 13:30:00+00:00,0.0,2.0,0.0,0.00015873015873015873,-0.00015873015873015873,12171.31697433982,True
2016-10-24 13:30:00+00:00,0.0008859514675785274,2.0,0.0,0.00015873015873015873,0.001613172776426896,12190.951411536085,True
2016-10-25 13:30:00+00:00,0.001770036969493738,2.0,0.0,0.00015873015873015873,0.0033813437802573173,12232.1732092669,True
2016-10-26 13:30:00+00:00,-0.0017669094744023894,2.0,0.0,0.00015873015873015873,-0.0036925491075349374,12187.00530899981,True
2016-10-27 13:30:00+00:00,0.0,2.0,0.0,0.00015873015873015873,-0.00015873015873015873,12185.070863712668,True
2016-10-28 13:30:00+00:00,-0.00044384815082243456,2.0,0.0,0.00015873015873015873,-0.0010464264603750279,12172.320083139333,True
2016-10-31 13:30:00+00:00,0.0008884625631240262,2.0,0.0,0.00015873015873015873,0.0016181949675178936,12192.017270240887,True
2016-11-01 13:30:00+00:00,0.0017762400054901484,2.0,0.0,0.00015873015873015873,0.0033937498522501382,12233.393927050398,True
2016-11-02 13:30:00+00:00,0.0,2.0,0.0,0.00015873015873015873,-0.00015873015873015873,12231.45211849055,True
2016-11-03 13:30:00+00:00,0.0,2.0,0.0,0.00015873015873015873,-0.00015873015873015873,12229.51061815428,True
2016-11-04 13:30:00+00:00,0.0,2.0,0.0,0.00015873015873015873,-0.00015873015873015873,12227.569425992668,True
2016-11-07 14:30:00+00:00,0.0008863226287103565,2.0,0.0,0.00015873015873015873,0.0016139150986905543,12247.303684909562,True
2016-11-08 14:30:00+00:00,0.0,2.0,0.0,0.00015873015873015873,-0.00015873015873015873,12245.359668451641,True
2016-11-09 14:30:00+00:00,0.0,2.0,0.0,0.00015873015873015873,-0.00015873015873015873,12243.415960567761,True
2016-11-10 14:30:00+00:00,0.0,2.0,0.0,0.00015873015873015873,-0.00015873015873015873,12241.472561208942,True
2016-11-11 14:30:00+00:00,0.0,2.0,0.0,0.00015873015873015873,-0.00015873015873015873,12239.52947032621,True
2016-11-14 14:30:00+00:00,0.0008858343694391202,2.0,0.0,0.00015873015873015873,0.0016129385801480817,12259.271079611757,True
2016-11-15 14:30:00+00:00,-0.0008850503614103999,2.0,0.0,0.00015873015873015873,-0.0019288308815509586,12235.6250189681,True
2016-11-16 14:30:00+00:00,0.0,2.0,0.0,0.00015873015873015873,-0.00015873015873015873,12233.682856266676,True
2016-11-17 14:30:00+00:00,0.0008858343694391202,2.0,0.0,0.00015873015873015873,0.0016129385801480817,12253.415035322843,True
2016-11-18 14:30:00+00:00,0.0,2.0,0.0,0.00015873015873015873,-0.00015873015873015873,12251.4700488093,True
2016-11-21 14:30:00+00:00,0.0,2.0,0.0,0.00015873015873015873,-0.00015873015873015873,12249.525371023776,True
2016-11-22 14:30:00+00:00,0.0026551510842312,2.0,0.0,0.00015873015873015873,0.005151572009732241,12312.629683057645,True
2016-11-23 14:30:00+00:00,0.0,2.0,0.0,0.00015873015873015873,-0.00015873015873015873,12310.675297393667,True
2016-11-25 14:30:00+00:00,0.0008826327505149223,2.0,0.0,0.00015873015873015873,0.0016065353422996859,12330.452832346506,True
2016-11-28 14:30:00+00:00,0.0,2.0,0.0,0.00015873015873015873,-0.00015873015873015873,12328.495617611212,True
2016-11-29 14:30:00+00:00,-0.00044244063632314923,2.0,0.0,0.00015873015873015873,-0.0010436114313764572,12315.629458652998,True
2016-11-30 14:30:00+00:00,0.0,2.0,0.0,0.00015873015873015873,-0.00015873015873015873,12313.674596834166,True
2016-12-01 14:30:00+00:00,0.0008851252355452921,2.0,0.0,0.00015873015873015873,0.0016115203123604255,12333.518333566759,True
2016-12-02 14:30:00+00:00,0.0,2.0,0.0,0.00015873015873015873,-0.00015873015873015873,12331.560632243973,True
2016-12-05 14:30:00+00:00,0.0008846376560909253,2.0,0.0,0.00015873015873015873,0.0016105451534516918,12351.421167454728,True
2016-12-06 14:30:00+00:00,0.0,2.0,0.0,0.00015873015873015873,-0.00015873015873015873,12349.460624412277,True
2016-12-07 14:30:00+00:00,0.0,2.0,0.0,0.00015873015873015873,-0.00015873015873015873,12347.500392567132,True
2016-12-08 14:30:00+00:00,0.0,2.0,0.0,0.00015873015873015873,-0.00015873015873015873,12345.540471869901,True
2016-12-09 14:30:00+00:00,0.0,2.0,0.0,0.00015873015873015873,-0.00015873015873015873,12343.58086227119,True
2016-12-12 14:30:00+00:00,0.0008847405045040446,2.0,0.0,0.00015873015873015873,0.0016107508502779305,12363.463295640566,True
2016-12-13 14:30:00+00:00,0.0,2.0,0.0,0.00015873015873015873,-0.00015873015873015873,12361.500841149196,True
2016-12-14 14:30:00+00:00,0.0,2.0,0.0,0.00015873015873015873,-0.00015873015873015873,12359.538698158536,True
2016-12-15 14:30:00+00:00,0.0,2.0,0.0,0.00015873015873015873,-0.00015873015873015873,12357.576866619147,True
2016-12-16 14:30:00+00:00,0.000883295461853173,2.0,0.0,0.00015873015873015873,0.0016078607649761872,12377.44612961316,True
2016-12-19 14:30:00+00:00,0.0,2.0,0.0,0.00015873015873015873,-0.00015873015873015873,12375.481455624331,True
2016-12-20 14:30:00+00:00,0.00017759244117110384,2.0,0.0,0.00015873015873015873,0.00019645472361204896,12377.91267741326,True
2016-12-21 14:30:00+00:00,0.0,2.0,0.0,0.00015873015873015873,-0.00015873015873015873,12375.947929369226,True
2016-12-22 14:30:00+00:00,0.0,2.0,0.0,0.00015873015873015873,-0.00015873015873015873,12373.983493189962,True
2016-12-23 14:30:00+00:00,0.0008866271764731426,2.0,0.0,0.00015873015873015873,0.0016145241942161265,12393.961588918548,True
2016-12-27 14:30:00+00:00,0.0008853271255055972,2.0,0.0,0.00015873015873015873,0.0016119240922810357,12413.939714202528,True
2016-12-28 14:30:00+00:00,0.0,2.0,0.0,0.00015873015873015873,-0.00015873015873015873,12411.969247581226,True
2016-12-29 14:30:00+00:00,-0.0008845440146957317,2.0,0.0,0.00015873015873015873,-0.0019278181881216222,12388.041227515334,True
2016-12-30 14:30:00+00:00,-0.0008858417650902117,2.0,0.0,0.00015873015873015873,-0.0019304136889105822,12364.127183150951,True
2017-01-03 14:30:00+00:00,0.0,2.0,0.0,0.00015873015873015873,-0.00015873015873015873,12362.164623280609,True
2017-01-04 14:30:00+00:00,0.0017727392570683342,2.0,0.0,0.00015873015873015873,0.00338674835540651,12404.032163987767,True
2017-01-05 14:30:00+00:00,0.0,2.0,0.0,0.00015873015873015873,-0.00015873015873015873,12402.063269993485,True
2017-01-06 14:30:00+00:00,0.0,2.0,0.0,0.00015873015873015873,-0.00015873015873015873,12400.094688522056,True
2017-01-09 14:30:00+00:00,0.0008848378343317975,2.0,0.0,0.00015873015873015873,0.0016109455099334363,12420.07056538328,True
2017-01-10 14:30:00+00:00,0.0,2.0,0.0,0.00015873015873015873,-0.00015873015873015873,12418.099125610996,True
2017-01-11 14:30:00+00:00,0.0,2.0,0.0,0.00015873015873015873,-0.00015873015873015873,12416.12799876566,True
2017-01-12 14:30:00+00:00,0.0,2.0,0.0,0.00015873015873015873,-0.00015873015873015873,12414.157184797603,True
2017-01-13 14:30:00+00:00,0.0,2.0,0.0,0.00015873015873015873,-0.00015873015873015873,12412.186683657159,True
2017-01-17 14:30:00+00:00,0.000884642708266048,2.0,0.0,0.00015873015873015873,0.0016105552578019372,12432.17719618134,True
2017-01-18 14:30:00+00:00,0.0,2.0,0.0,0.00015873015873015873,-0.00015873015873015873,12430.20383472163,True
2017-01-19 14:30:00+00:00,0.0,2.0,0.0,0.00015873015873015873,-0.00015873015873015873,12428.230786493898,True
2017-01-20 14:30:00+00:00,0.0,2.0,0.0,0.00015873015873015873,-0.00015873015873015873,12426.258051448422,True
2017-01-23 14:30:00+00:00,0.000882907580891823,2.0,0.0,0.00015873015873015873,0.0016070850030534872,12446.228104406975,True
2017-01-24 14:30:00+00:00,0.0008824950448482749,2.0,0.0,0.00015873015873015873,0.001606259930966391,12466.21998190275,True
2017-01-25 14:30:00+00:00,0.0008818633256773012,2.0,0.0,0.00015873015873015873,0.0016049964926244437,12486.228221249989,True
2017-01-26 14:30:00+00:00,-0.0035241259178256934,2.0,0.0,0.00015873015873015873,-0.007206981994381545,12396.240199281701,True
2017-01-27 14:30:00+00:00,0.0,2.0,0.0,0.00015873015873015873,-0.00015873015873015873,12394.272542107212,True
2017-01-30 14:30:00+00:00,0.0014207564451071963,2.0,0.0,0.00015873015873015873,0.002682782731484234,12427.523682452485,True
2017-01-31 14:30:00+00:00,0.0,2.0,0.0,0.00015873015873015873,-0.00015873015873015873,12425.551059645748,True
2017-02-01 14:30:00+00:00,0.0,2.0,0.0,0.00015873015873015873,-0.00015873015873015873,12423.57874995374,True
2017-02-02 14:30:00+00:00,0.0017728579847020587,2.0,0.0,0.00015873015873015873,0.003386985810673959,12465.657234897624,True
2017-02-03 14:30:00+00:00,0.0,2.0,0.0,0.00015873015873015873,-0.00015873015873015873,12463.678559146054,True
2017-02-06 14:30:00+00:00,0.0,2.0,0.0,0.00015873015873015873,-0.00015873015873015873,12461.70019747,True
2017-02-07 14:30:00+00:00,0.0,2.0,0.0,0.00015873015873015873,-0.00015873015873015873,12459.722149819607,True
2017-02-08 14:30:00+00:00,0.0,2.0,0.0,0.00015873015873015873,-0.00015873015873015873,12457.744416145033,True
2017-02-09 14:30:00+00:00,0.0008844579019253729,2.0,0.0,0.00015873015873015873,0.001610185645120587,12477.80369737449,True
2017-02-10 14:30:00+00:00,0.0,2.0,0.0,0.00015873015873015873,-0.00015873015873015873,12475.823093613004,True
2017-02-13 14:30:00+00:00,0.0,2.0,0.0,0.00015873015873015873,-0.00015873015873015873,12473.842804233063,True
2017-02-14 14:30:00+00:00,0.0008849919745523849,2.0,0.0,0.00015873015873015873,0.001611253790374611,12493.941330731921,True
2017-02-15 14:30:00+00:00,0.0,2.0,0.0,0.00015873015873015873,-0.00015873015873015873,12491.95816544133,True
2017-02-16 14:30:00+00:00,0.0,2.0,0.0,0.00015873015873015873,-0.00015873015873015873,12489.97531493888,True
2017-02-17 14:30:00+00:00,0.0,2.0,0.0,0.00015873015873015873,-0.00015873015873015873,12487.992779174603,True
2017-02-21 14:30:00+00:00,0.0,2.0,0.0,0.00015873015873015873,-0.00015873015873015873,12486.010558098544,True
2017-02-22 14:30:00+00:00,0.0008829679993294093,2.0,0.0,0.00015873015873015873,0.0016072058399286598,12506.07814718493,True
2017-02-23 14:30:00+00:00,0.0,2.0,0.0,0.00015873015873015873,-0.00015873015873015873,12504.093055415535,True
2017-02-24 14:30:00+00:00,0.013238380966021479,2.0,0.0,0.00015873015873015873,0.026318031773312798,12833.176173744421,True
2017-02-27 14:30:00+00:00,0.0005255949397715565,2.0,0.0,0.00015873015873015873,0.0008924597208129542,12844.629266569582,True
2017-02-28 14:30:00+00:00,-0.0026222758936519375,2.0,0.0,0.00015873015873015873,-0.0054032819460340335,12775.226113150027,True
2017-03-01 14:30:00+00:00,0.0,2.0,0.0,0.00015873015873015873,-0.00015873015873015873,12773.198299481272,True
2017-03-02 14:30:00+00:00,0.00175328532635044,2.0,0.0,0.00015873015873015873,0.0033478404939707215,12815.960929985793,True
2017-03-03 14:30:00+00:00,0.0,2.0,0.0,0.00015873015873015873,-0.00015873015873015873,12813.926650473097,True
2017-03-06 14:30:00+00:00,0.0008743519886968976,2.0,0.0,0.00015873015873015873,0.0015899738186636364,12834.300458361626,True
2017-03-07 14:30:00+00:00,0.0,2.0,0.0,0.00015873015873015873,-0.00015873015873015873,12832.263267812677,True
2017-03-08 14:30:00+00:00,0.002622779693055133,2.0,0.0,0.00015873015873015873,0.005086829227380107,12897.538799656822,True
2017-03-09 14:30:00+00:00,0.0,2.0,0.0,0.00015873015873015873,-0.00015873015873015873,12895.491571275925,True
2017-03-10 14:30:00+00:00,0.0,2.0,0.0,0.00015873015873015873,-0.00015873015873015873,12893.444667851914,True
2017-03-13 13:30:00+00:00,0.0008711593633732306,2.0,0.0,0.00015873015873015873,0.0015835885680163025,12913.862579430275,True
2017-03-14 13:30:00+00:00,0.0,2.0,0.0,0.00015873015873015873,-0.00015873015873015873,12911.812759973222,True
2017-03-15 13:30:00+00:00,0.0,2.0,0.0,0.00015873015873015873,-0.00015873015873015873,12909.763265884338,True
2017-03-16 13:30:00+00:00,0.0,2.0,0.0,0.00015873015873015873,-0.00015873015873015873,12907.714097111975,True
2017-03-17 13:30:00+00:00,0.0,2.0,0.0,0.00015873015873015873,-0.00015873015873015873,12905.665253604497,True
2017-03-20 13:30:00+00:00,0.0008714769141813239,2.0,0.0,0.00015873015873015873,0.001584223669632489,12926.11071397161,True
2017-03-21 13:30:00+00:00,0.0,2.0,0.0,0.00015873015873015873,-0.00015873015873015873,12924.058950366218,True
2017-03-22 13:30:00+00:00,0.0,2.0,0.0,0.00015873015873015873,-0.00015873015873015873,12922.007512437587,True
2017-03-23 13:30:00+00:00,0.0,2.0,0.0,0.00015873015873015873,-0.00015873015873015873,12919.956400134028,True
2017-03-24 13:30:00+00:00,0.0008700015220188817,2.0,0.0,0.00015873015873015873,0.0015812728853076047,12940.386376868915,True
2017-03-27 13:30:00+00:00,0.0008701044275665204,2.0,0.0,0.00015873015873015873,0.001581478696402882,12960.851322247156,True
2017-03-28 13:30:00+00:00,-0.0017378376046769395,2.0,0.0,0.00015873015873015873,-0.0036344053680840375,12913.746334626641,True
2017-03-29 13:30:00+00:00,0.0,2.0,0.0,0.00015873015873015873,-0.00015873015873015873,12911.696533621143,True
2017-03-30 13:30:00+00:00,0.0005237493719163488,2.0,0.0,0.00015873015873015873,0.000888768585102539,12923.172043880602,True
2017-03-31 13:30:00+00:00,0.0008740581976367512,2.0,0.0,0.00015873015873015873,0.0015893862365433436,12943.711955659626,True
2017-04-03 13:30:00+00:00,0.0008725793062172027,2.0,0.0,0.00015873015873015873,0.0015864284537042467,12964.246228602637,True
2017-04-04 13:30:00+00:00,0.0,2.0,0.0,0.00015873015873015873,-0.00015873015873015873,12962.188411740954,True
2017-04-05 13:30:00+00:00,0.0,2.0,0.0,0.00015873015873015873,-0.00015873015873015873,12960.130921516868,True
2017-04-06 13:30:00+00:00,0.0,2.0,0.0,0.00015873015873015873,-0.00015873015873015873,12958.073757878532,True
2017-04-07 13:30:00+00:00,0.000871175114062428,2.0,0.0,0.00015873015873015873,0.0015836200693946972,12978.594423542205,True
2017-04-10 13:30:00+00:00,0.0008716311975678348,2.0,0.0,0.00015873015873015873,0.0015845322364055109,12999.15942478954,True
2017-04-11 13:30:00+00:00,0.0,2.0,0.0,0.00015873015873015873,-0.00015873015873015873,12997.096066150683,True
2017-04-12 13:30:00+00:00,0.000870015663136714,2.0,0.0,0.00015873015873015873,0.0015813011675432692,13017.64838933476,True
2017-04-13 13:30:00+00:00,0.0,2.0,0.0,0.00015873015873015873,-0.00015873015873015873,13015.582095939626,True
2017-04-17 13:30:00+00:00,0.0017393031891195232,2.0,0.0,0.00015873015873015873,0.003319876219508888,13058.792217423,True
2017-04-18 13:30:00+00:00,0.0008674653716806979,2.0,0.0,0.00015873015873015873,0.0015762005846312371,13079.37549335068,True
2017-04-19 13:30:00+00:00,0.0,2.0,0.0,0.00015873015873015873,-0.00015873015873015873,13077.299402002529,True
2017-04-20 13:30:00+00:00,0.0,2.0,0.0,0.00015873015873015873,-0.00015873015873015873,13075.223640192688,True
2017-04-21 13:30:00+00:00,0.0,2.0,0.0,0.00015873015873015873,-0.00015873015873015873,13073.148207868848,True
2017-04-24 13:30:00+00:00,0.0008677803833554432,2.0,0.0,0.00015873015873015873,0.0015768306079807276,13093.762348105682,True
2017-04-25 13:30:00+00:00,0.0008670990555144087,2.0,0.0,0.00015873015873015873,0.0015754679522986586,13114.391151060136,True
2017-04-26 13:30:00+00:00,-0.0043296092162029565,2.0,0.0,0.00015873015873015873,-0.008817948591136071,12998.749124086038,True
2017-04-27 13:30:00+00:00,0.0005245506235562747,2.0,0.0,0.00015873015873015873,0.0008903710883823906,13010.322834491259,True
2017-04-28 13:30:00+00:00,0.0017443068771334502,2.0,0.0,0.00015873015873015873,0.003329883595536742,13053.645695070469,True
2017-05-01 13:30:00+00:00,0.0,2.0,0.0,0.00015873015873015873,-0.00015873015873015873,13051.573687817281,True
2017-05-02 13:30:00+00:00,0.0,2.0,0.0,0.00015873015873015873,-0.00015873015873015873,13049.502009454138,True
2017-05-03 13:30:00+00:00,0.0008718442957520445,2.0,0.0,0.00015873015873015873,0.0015849584327739302,13070.18492770752,True
2017-05-04 13:30:00+00:00,0.0,2.0,0.0,0.00015873015873015873,-0.00015873015873015873,13068.110295179315,True
2017-05-05 13:30:00+00:00,0.014795362592798789,2.0,0.0,0.00015873015873015873,0.029431995026867417,13452.730852397584,True
2017-05-08 13:30:00+00:00,0.0,2.0,0.0,0.00015873015873015873,-0.00015873015873015873,13450.595498294031,True
2017-05-09 13:30:00+00:00,0.0017151583290428984,2.0,0.0,0.00015873015873015873,0.0032715864993556384,13494.600284934542,True
2017-05-10 13:30:00+00:00,0.0,2.0,0.0,0.00015873015873015873,-0.00015873015873015873,13492.458284889315,True
2017-05-11 13:30:00+00:00,0.0,2.0,0.0,0.00015873015873015873,-0.00015873015873015873,13490.316624844094,True
2017-05-12 13:30:00+00:00,0.0017122215979079591,2.0,0.0,0.00015873015873015873,0.0032657130370857598,13534.372127720262,True
2017-05-15 13:30:00+00:00,0.0,2.0,0.0,0.00015873015873015873,-0.00015873015873015873,13532.223814684117,True
2017-05-16 13:30:00+00:00,0.0008546125481863065,2.0,0.0,0.00015873015873015873,0.0015504949376424543,13553.205459203828,True
2017-05-17 13:30:00+00:00,0.0,2.0,0.0,0.00015873015873015873,-0.00015873015873015873,13551.054156749986,True
2017-05-18 13:30:00+00:00,0.0,2.0,0.0,0.00015873015873015873,-0.00015873015873015873,13548.903195772726,True
2017-05-19 13:30:00+00:00,0.0,2.0,0.0,0.00015873015873015873,-0.00015873015873015873,13546.752576217841,True
2017-05-22 13:30:00+00:00,0.0008547198124666533,2.0,0.0,0.00015873015873015873,0.0015507094662031479,13567.759653674095,True
2017-05-23 13:30:00+00:00,0.0,2.0,0.0,0.00015873015873015873,-0.00015873015873015873,13565.606041030653,True
2017-05-24 13:30:00+00:00,0.0,2.0,0.0,0.00015873015873015873,-0.00015873015873015873,13563.452770230491,True
2017-05-25 13:30:00+00:00,0.0034121265728146444,2.0,0.0,0.00015873015873015873,0.00666552298689913,13653.86027645218,True
2017-05-26 13:30:00+00:00,-0.0025508962064864082,2.0,0.0,0.00015873015873015873,-0.005260522571702975,13582.033836277025,True
2017-05-30 13:30:00+00:00,0.0005993169583162761,2.0,0.0,0.00015873015873015873,0.0010399037579023934,13596.157844303327,True
2017-05-31 13:30:00+00:00,0.0017106524195342754,2.0,0.0,0.00015873015873015873,0.0032625746803383922,13640.516324636033,True
2017-06-01 13:30:00+00:00,0.0,2.0,0.0,0.00015873015873015873,-0.00015873015873015873,13638.351163314665,True
2017-06-02 13:30:00+00:00,0.0008543518381765036,2.0,0.0,0.00015873015873015873,0.0015499735176228485,13659.490246441841,True
2017-06-05 13:30:00+00:00,0.0008529284292539963,2.0,0.0,0.00015873015873015873,0.0015471266997778338,13680.623208507464,True
2017-06-06 13:30:00+00:00,0.0,2.0,0.0,0.00015873015873015873,-0.00015873015873015873,13678.451681014052,True
2017-06-07 13:30:00+00:00,0.0,2.0,0.0,0.00015873015873015873,-0.00015873015873015873,13676.280498207543,True
2017-06-08 13:30:00+00:00,0.0008530337904022467,2.0,0.0,0.00015873015873015873,0.0015473374220743347,13697.442318817204,True
2017-06-09 13:30:00+00:00,0.0,2.0,0.0,0.00015873015873015873,-0.00015873015873015873,13695.26812162374,True
2017-06-12 13:30:00+00:00,0.0,2.0,0.0,0.00015873015873015873,-0.00015873015873015873,13693.094269540945,True
2017-06-13 13:30:00+00:00,0.0008509901725568536,2.0,0.0,0.00015873015873015873,0.0015432501863835485,13714.22613982458,True
2017-06-14 13:30:00+00:00,0.0,2.0,0.0,0.00015873015873015873,-0.00015873015873015873,13712.049278532542,True
2017-06-15 13:30:00+00:00,0.0,2.0,0.0,0.00015873015873015873,-0.00015873015873015873,13709.872762774046,True
2017-06-16 13:30:00+00:00,0.0,2.0,0.0,0.00015873015873015873,-0.00015873015873015873,13707.696592494243,True
2017-06-19 13:30:00+00:00,0.0008513743530487172,2.0,0.0,0.00015873015873015873,0.0015440185473672757,13728.861530274737,True
2017-06-20 13:30:00+00:00,0.0,2.0,0.0,0.00015873015873015873,-0.00015873015873015873,13726.682345904852,True
2017-06-21 13:30:00+00:00,0.0,2.0,0.0,0.00015873015873015873,-0.00015873015873015873,13724.503507437248,True
2017-06-22 13:30:00+00:00,0.0,2.0,0.0,0.00015873015873015873,-0.00015873015873015873,13722.325014817021,True
2017-06-23 13:30:00+00:00,0.005101825525480663,2.0,0.0,0.00015873015873015873,0.010044920892231168,13860.16468404834,True
2017-06-26 13:30:00+00:00,0.0,2.0,0.0,0.00015873015873015873,-0.00015873015873015873,13857.964657908018,True
2017-06-27 13:30:00+00:00,-0.0033836773836638523,2.0,0.0,0.00015873015873015873,-0.006926084926057863,13761.983217785039,True
2017-06-28 13:30:00+00:00,0.0016978589960767732,2.0,0.0,0.00015873015873015873,0.003236987833423388,13806.530590024784,True
2017-06-29 13:30:00+00:00,-0.00025583970852882665,2.0,0.0,0.00015873015873015873,-0.000670409575787812,13797.274559708823,True
2017-06-30 13:30:00+00:00,0.0,2.0,0.0,0.00015873015873015873,-0.00015873015873015873,13795.084516127918,True
2017-07-03 13:30:00+00:00,0.0008514312174665584,2.0,0.0,0.00015873015873015873,0.001544132276202958,13816.385951382217,True
2017-07-05 13:30:00+00:00,0.0,2.0,0.0,0.00015873015873015873,-0.00015873015873015873,13814.192874247077,True
2017-07-06 13:30:00+00:00,0.0,2.0,0.0,0.00015873015873015873,-0.00015873015873015873,13812.000145219421,True
2017-07-07 13:30:00+00:00,0.0,2.0,0.0,0.00015873015873015873,-0.00015873015873015873,13809.80776424399,True
2017-07-10 13:30:00+00:00,0.0,2.0,0.0,0.00015873015873015873,-0.00015873015873015873,13807.615731265536,True
2017-07-11 13:30:00+00:00,0.0008505690992828274,2.0,0.0,0.00015873015873015873,0.0015424080398354961,13828.912708780399,True
2017-07-12 13:30:00+00:00,0.0,2.0,0.0,0.00015873015873015873,-0.00015873015873015873,13826.71764327107,True
2017-07-13 13:30:00+00:00,0.0,2.0,0.0,0.00015873015873015873,-0.00015873015873015873,13824.522926184836,True
2017-07-14 13:30:00+00:00,0.0,2.0,0.0,0.00015873015873015873,-0.00015873015873015873,13822.328557466395,True
2017-07-17 13:30:00+00:00,0.0008496397223298757,2.0,0.0,0.00015873015873015873,0.0015405492859295927,13843.622535855482,True
2017-07-18 13:30:00+00:00,0.0008483681843634017,2.0,0.0,0.00015873015873015873,0.0015380062099966446,13864.914113284476,True
2017-07-19 13:30:00+00:00,0.005089742972103295,2.0,0.0,0.00015873015873015873,0.010020755785476431,14003.851031600305,True
2017-07-20 13:30:00+00:00,0.0008432882209805648,2.0,0.0,0.00015873015873015873,0.0015278462832309708,14025.246763349855,True
2017-07-21 13:30:00+00:00,0.0008427143230553824,2.0,0.0,0.00015873015873015873,0.001526698487380606,14046.6590863686,True
2017-07-24 13:30:00+00:00,0.0008433699822130158,2.0,0.0,0.00015873015873015873,0.001528009805695873,14068.122519189836,True
2017-07-25 13:30:00+00:00,-0.00168395453909298,2.0,0.0,0.00015873015873015873,-0.0035266392369161185,14018.509326323918,True
2017-07-26 13:30:00+00:00,-0.002529372710375566,2.0,0.0,0.00015873015873015873,-0.00521747557948129,13945.368096253093,True
2017-07-27 13:30:00+00:00,0.002535786659952688,2.0,0.0,0.00015873015873015873,0.004912843161175217,14013.879502534839,True
2017-07-28 13:30:00+00:00,0.000592803581771495,2.0,0.0,0.00015873015873015873,0.0010268770048128312,14028.270033144208,True
2017-07-31 13:30:00+00:00,0.0016920772997062183,2.0,0.0,0.00015873015873015873,0.003225424440682278,14073.517158169601,True
2017-08-01 13:30:00+00:00,0.0,2.0,0.0,0.00015873015873015873,-0.00015873015873015873,14071.283266557195,True
2017-08-02 13:30:00+00:00,0.0,2.0,0.0,0.00015873015873015873,-0.00015873015873015873,14069.049729530758,True
2017-08-03 13:30:00+00:00,0.0,2.0,0.0,0.00015873015873015873,-0.00015873015873015873,14066.816547034006,True
2017-08-04 13:30:00+00:00,0.0008448139947112576,2.0,0.0,0.00015873015873015873,0.0015308978306923565,14088.351405970607,True
2017-08-07 13:30:00+00:00,0.004218665580972392,2.0,0.0,0.00015873015873015873,0.008278601003214625,14204.983246053715,True
2017-08-08 13:30:00+00:00,0.0008409617835769545,2.0,0.0,0.00015873015873015873,0.0015231934084237503,14226.620182900873,True
2017-08-09 13:30:00+00:00,0.0,2.0,0.0,0.00015873015873015873,-0.00015873015873015873,14224.361989221048,True
2017-08-10 13:30:00+00:00,0.0,2.0,0.0,0.00015873015873015873,-0.00015873015873015873,14222.104153984665,True
2017-08-11 13:30:00+00:00,0.0,2.0,0.0,0.00015873015873015873,-0.00015873015873015873,14219.846677134827,True
2017-08-14 13:30:00+00:00,0.0008393742484289479,2.0,0.0,0.00015873015873015873,0.0015200183381277371,14241.461104849435,True
2017-08-15 13:30:00+00:00,0.000839008818597442,2.0,0.0,0.00015873015873015873,0.0015192874784647253,14263.097978381074,True
2017-08-16 13:30:00+00:00,0.0,2.0,0.0,0.00015873015873015873,-0.00015873015873015873,14260.833994574981,True
2017-08-17 13:30:00+00:00,0.0,2.0,0.0,0.00015873015873015873,-0.00015873015873015873,14258.570370131398,True
2017-08-18 13:30:00+00:00,0.0,2.0,0.0,0.00015873015873015873,-0.00015873015873015873,14256.307104993282,True
2017-08-21 13:30:00+00:00,0.0008378995793656419,2.0,0.0,0.00015873015873015873,0.001517069000001125,14277.934906556762,True
2017-08-22 13:30:00+00:00,0.023450603926963298,2.0,0.0,0.00015873015873015873,0.04674247769519644,14945.320960459956,True
2017-08-23 13:30:00+00:00,0.0,2.0,0.0,0.00015873015873015873,-0.00015873015873015873,14942.948687291628,True
2017-08-24 13:30:00+00:00,0.0,2.0,0.0,0.00015873015873015873,-0.00015873015873015873,14940.576790674599,True
2017-08-25 13:30:00+00:00,-0.0008186755776117272,2.0,0.0,0.00015873015873015873,-0.001796081313953613,14913.742299881178,True
2017-08-28 13:30:00+00:00,-0.002456651018931444,2.0,0.0,0.00015873015873015873,-0.005072032196593046,14838.09931876449,True
2017-08-29 13:30:00+00:00,-0.0008203039948539992,2.0,0.0,0.00015873015873015873,-0.001799338148438157,14811.400560609924,True
2017-08-30 13:30:00+00:00,-0.00016558810036293448,2.0,0.0,0.00015873015873015873,-0.0004899063594560277,14804.144361282832,True
2017-08-31 13:30:00+00:00,0.0,2.0,0.0,0.00015873015873015873,-0.00015873015873015873,14801.7944970985,True
2017-09-01 13:30:00+00:00,0.0,2.0,0.0,0.00015873015873015873,-0.00015873015873015873,14799.445005908487,True
2017-09-05 13:30:00+00:00,0.0,2.0,0.0,0.00015873015873015873,-0.00015873015873015873,14797.095887653582,True
2017-09-06 13:30:00+00:00,0.0024753452075529925,2.0,0.0,0.00015873015873015873,0.0047919602563758264,14868.002983056998,True
2017-09-07 13:30:00+00:00,-0.0008233202619222224,2.0,0.0,0.00015873015873015873,-0.0018053706825746035,14841.160726362956,True
2017-09-08 13:30:00+00:00,0.0,2.0,0.0,0.00015873015873015873,-0.00015873015873015873,14838.804986565121,True
2017-09-11 13:30:00+00:00,0.0008239986767286656,2.0,0.0,0.00015873015873015873,0.0014892671947271724,14860.903932040566,True
2017-09-12 13:30:00+00:00,0.0016461773896567777,2.0,0.0,0.00015873015873015873,0.003133624620583397,14907.47242648613,True
2017-09-13 13:30:00+00:00,0.0008218350515885042,2.0,0.0,0.00015873015873015873,0.0014849399444468497,14929.609127762957,True
2017-09-14 13:30:00+00:00,0.0,2.0,0.0,0.00015873015873015873,-0.00015873015873015873,14927.239348536328,True
2017-09-15 13:30:00+00:00,0.0008206982000011909,2.0,0.0,0.00015873015873015873,0.001482666241272223,14949.371462393792,True
2017-09-18 13:30:00+00:00,0.0,2.0,0.0,0.00015873015873015873,-0.00015873015873015873,14946.99854628865,True
2017-09-19 13:30:00+00:00,0.0,2.0,0.0,0.00015873015873015873,-0.00015873015873015873,14944.62600683686,True
2017-09-20 13:30:00+00:00,0.001640709862882117,2.0,0.0,0.00015873015873015873,0.0031226895670340756,14991.293434551633,True
2017-09-21 13:30:00+00:00,0.005733012365225276,2.0,0.0,0.00015873015873015873,0.011307294571720394,15160.804405427207,True
2017-09-22 13:30:00+00:00,0.001628619610193116,2.0,0.0,0.00015873015873015873,0.0030985090616560736,15207.780295259416,True
2017-09-25 13:30:00+00:00,-0.001625971521088232,2.0,0.0,0.00015873015873015873,-0.0034106732009066224,15155.911526561098,True
2017-09-26 13:30:00+00:00,0.001628619610193116,2.0,0.0,0.00015873015873015873,0.0030985090616560736,15202.872255763805,True
2017-09-27 13:30:00+00:00,0.0,2.0,0.0,0.00015873015873015873,-0.00015873015873015873,15200.459101437493,True
2017-09-28 13:30:00+00:00,0.0015511398400862575,2.0,0.0,0.00015873015873015873,0.0029435495214423565,15245.202405551232,True
2017-09-29 13:30:00+00:00,-0.000815021984059805,2.0,0.0,0.00015873015873015873,-0.0017887741268497687,15217.932181929595,True
2017-10-02 13:30:00+00:00,0.0008156867867230577,2.0,0.0,0.00015873015873015873,0.0014726434147159567,15240.342769542905,True
2017-10-03 13:30:00+00:00,0.0008148262221741032,2.0,0.0,0.00015873015873015873,0.0014709222856180476,15262.760129363081,True
2017-10-04 13:30:00+00:00,0.0008145540259656414,2.0,0.0,0.00015873015873015873,0.001470377893201124,15285.20215444653,True
2017-10-05 13:30:00+00:00,0.0,2.0,0.0,0.00015873015873015873,-0.00015873015873015873,15282.77593188233,True
2017-10-06 13:30:00+00:00,0.0,2.0,0.0,0.00015873015873015873,-0.00015873015873015873,15280.350094432826,True
2017-10-09 13:30:00+00:00,0.0008132395900382061,2.0,0.0,0.00015873015873015873,0.0014677490213462535,15302.777813329758,True
2017-10-10 13:30:00+00:00,0.0,2.0,0.0,0.00015873015873015873,-0.00015873015873015873,15300.348800978436,True
2017-10-11 13:30:00+00:00,0.0,2.0,0.0,0.00015873015873015873,-0.00015873015873015873,15297.92017418463,True
2017-10-12 13:30:00+00:00,0.0,2.0,0.0,0.00015873015873015873,-0.00015873015873015873,15295.49193288714,True
2017-10-13 13:30:00+00:00,0.0008130344326267025,2.0,0.0,0.00015873015873015873,0.0014673387065232463,15317.935600235576,True
2017-10-16 13:30:00+00:00,0.0,2.0,0.0,0.00015873015873015873,-0.00015873015873015873,15315.504181886336,True
2017-10-17 13:30:00+00:00,0.0008125690704847699,2.0,0.0,0.00015873015873015873,0.001466407982239381,15337.962959470673,True
2017-10-18 13:30:00+00:00,0.0,2.0,0.0,0.00015873015873015873,-0.00015873015873015873,15335.528362175519,True
2017-10-19 13:30:00+00:00,0.0,2.0,0.0,0.00015873015873015873,-0.00015873015873015873,15333.09415132438,True
2017-10-20 13:30:00+00:00,0.0,2.0,0.0,0.00015873015873015873,-0.00015873015873015873,15330.660326855916,True
2017-10-23 13:30:00+00:00,0.0008118443489277816,2.0,0.0,0.00015873015873015873,0.0014649585391254044,15353.119108612174,True
2017-10-24 13:30:00+00:00,0.0,2.0,0.0,0.00015873015873015873,-0.00015873015873015873,15350.68210557906,True
2017-10-25 13:30:00+00:00,0.0,2.0,0.0,0.00015873015873015873,-0.00015873015873015873,15348.245489371826,True
2017-10-26 13:30:00+00:00,0.0008108611102128904,2.0,0.0,0.00015873015873015873,0.0014629920616956221,15370.699850683732,True
2017-10-27 13:30:00+00:00,0.0008102690309894633,2.0,0.0,0.00015873015873015873,0.001461807903248768,15393.168861203923,True
2017-10-30 13:30:00+00:00,1.9449384036640538e-07,2.0,0.0,0.00015873015873015873,-0.00015834117104942592,15390.73148882028,True
2017-10-31 13:30:00+00:00,0.0,2.0,0.0,0.00015873015873015873,-0.00015873015873015873,15388.288515568087,True
2017-11-01 13:30:00+00:00,0.0,2.0,0.0,0.00015873015873015873,-0.00015873015873015873,15385.845930089426,True
2017-11-02 13:30:00+00:00,0.0,2.0,0.0,0.00015873015873015873,-0.00015873015873015873,15383.403732322744,True
2017-11-03 13:30:00+00:00,0.0,2.0,0.0,0.00015873015873015873,-0.00015873015873015873,15380.961922206505,True
2017-11-06 14:30:00+00:00,0.0,2.0,0.0,0.00015873015873015873,-0.00015873015873015873,15378.520499679169,True
2017-11-07 14:30:00+00:00,0.0008127247700044915,2.0,0.0,0.00015873015873015873,0.0014667193812788243,15401.07647375144,True
2017-11-08 14:30:00+00:00,0.0008125830138019374,2.0,0.0,0.00015873015873015873,0.0014664358688737161,15423.661164711815,True
2017-11-09 14:30:00+00:00,0.0008117290806781696,2.0,0.0,0.00015873015873015873,0.0014647280026261805,15446.252633122785,True
2017-11-10 14:30:00+00:00,0.0008110060374677541,2.0,0.0,0.00015873015873015873,0.0014632819162053495,15468.854855273972,True
2017-11-13 14:30:00+00:00,0.0008104780819055968,2.0,0.0,0.00015873015873015873,0.0014622260050810348,15491.473817112175,True
2017-11-14 14:30:00+00:00,0.001619191496755601,2.0,0.0,0.00015873015873015873,0.0030796528347810433,15539.18217836798,True
2017-11-15 14:30:00+00:00,0.0,2.0,0.0,0.00015873015873015873,-0.00015873015873015873,15536.71564151427,True
2017-11-16 14:30:00+00:00,0.0,2.0,0.0,0.00015873015873015873,-0.00015873015873015873,15534.249496174349,True
2017-11-17 14:30:00+00:00,0.002425795664845909,2.0,0.0,0.00015873015873015873,0.004692861170961659,15607.149572454975,True
2017-11-20 14:30:00+00:00,0.0,2.0,0.0,0.00015873015873015873,-0.00015873015873015873,15604.672247126015,True
2017-11-21 14:30:00+00:00,0.0,2.0,0.0,0.00015873015873015873,-0.00015873015873015873,15602.195315023297,True
2017-11-22 14:30:00+00:00,0.0008061059033446227,2.0,0.0,0.00015873015873015873,0.0014534816479590867,15624.872819581555,True
2017-11-24 14:30:00+00:00,0.0,2.0,0.0,0.00015873015873015873,-0.00015873015873015873,15622.392681038764,True
2017-11-27 14:30:00+00:00,-0.0008054566200084157,2.0,0.0,0.00015873015873015873,-0.00176964339874699,15594.746616958131,True
2017-11-28 14:30:00+00:00,-0.003226352865640547,2.0,0.0,0.00015873015873015873,-0.006611435890011253,15491.642949479143,True
2017-11-29 14:30:00+00:00,-8.11618348922627e-05,2.0,0.0,0.00015873015873015873,-0.0003210538285146841,15486.669298200231,True
2017-11-30 14:30:00+00:00,0.000812264922891881,2.0,0.0,0.00015873015873015873,0.0014657996870536033,15509.369653211033,True
2017-12-01 14:30:00+00:00,0.0008119925006577766,2.0,0.0,0.00015873015873015873,0.0014652548425853945,15532.094832200846,True
2017-12-04 14:30:00+00:00,0.0,2.0,0.0,0.00015873015873015873,-0.00015873015873015873,15529.629420322719,True
2017-12-05 14:30:00+00:00,0.0,2.0,0.0,0.00015873015873015873,-0.00015873015873015873,15527.164399779811,True
2017-12-06 14:30:00+00:00,0.0008107539496393645,2.0,0.0,0.00015873015873015873,0.0014627777405485703,15549.877190237647,True
2017-12-07 14:30:00+00:00,0.0,2.0,0.0,0.00015873015873015873,-0.00015873015873015873,15547.408955763007,True
2017-12-08 14:30:00+00:00,0.0,2.0,0.0,0.00015873015873015873,-0.00015873015873015873,15544.941113071616,True
2017-12-11 14:30:00+00:00,0.0008108695394715149,2.0,0.0,0.00015873015873015873,0.001463008920212871,15567.683500584222,True
2017-12-12 14:30:00+00:00,0.0,2.0,0.0,0.00015873015873015873,-0.00015873015873015873,15565.212439711113,True
2017-12-13 14:30:00+00:00,0.0,2.0,0.0,0.00015873015873015873,-0.00015873015873015873,15562.74177106989,True
2017-12-14 14:30:00+00:00,0.0,2.0,0.0,0.00015873015873015873,-0.00015873015873015873,15560.271494598292,True
2017-12-15 14:30:00+00:00,0.0,2.0,0.0,0.00015873015873015873,-0.00015873015873015873,15557.80161023407,True
2017-12-18 14:30:00+00:00,0.0,2.0,0.0,0.00015873015873015873,-0.00015873015873015873,15555.332117914986,True
2017-12-19 14:30:00+00:00,0.0004058780349045499,2.0,0.0,0.00015873015873015873,0.000653025911078941,15565.490152843422,True
2017-12-20 14:30:00+00:00,0.0,2.0,0.0,0.00015873015873015873,-0.00015873015873015873,15563.019440120748,True
2017-12-21 14:30:00+00:00,-0.0008122624566249126,2.0,0.0,0.00015873015873015873,-0.001783255071979984,15535.266606768831,True
2017-12-22 14:30:00+00:00,0.0,2.0,0.0,0.00015873015873015873,-0.00015873015873015873,15532.800691434426,True
2017-12-26 14:30:00+00:00,-0.0008129227632657221,2.0,0.0,0.00015873015873015873,-0.001784575685261603,15505.081232996476,True
2017-12-27 14:30:00+00:00,-0.004882341952989533,2.0,0.0,0.00015873015873015873,-0.009923414064709224,15351.2178918145,True
2017-12-28 14:30:00+00:00,0.0,2.0,0.0,0.00015873015873015873,-0.00015873015873015873,15348.781190561831,True
2017-12-29 14:30:00+00:00,0.0,2.0,0.0,0.00015873015873015873,-0.00015873015873015873,15346.34487608714,True
2018-01-02 14:30:00+00:00,0.000817834658019656,2.0,0.0,0.00015873015873015873,0.0014769391573091534,15369.010493756201,True
2018-01-03 14:30:00+00:00,-0.0016339447760027603,2.0,0.0,0.00015873015873015873,-0.003426619710735679,15316.346739463794,True
2018-01-04 14:30:00+00:00,-0.0016366189209389148,2.0,0.0,0.00015873015873015873,-0.003431968000607988,15263.781527567737,True
2018-01-05 14:30:00+00:00,0.0008198455156513962,2.0,0.0,0.00015873015873015873,0.0014809608725726336,15286.386590777562,True
2018-01-08 14:30:00+00:00,0.0032760475464383987,2.0,0.0,0.00015873015873015873,0.006393364934146639,15384.118038776845,True
2018-01-09 14:30:00+00:00,0.0008163052252836422,2.0,0.0,0.00015873015873015873,0.0014738802918371258,15406.792387161495,True
2018-01-10 14:30:00+00:00,0.0008157039634291152,2.0,0.0,0.00015873015873015873,0.0014726777681280717,15429.481627788231,True
2018-01-11 14:30:00+00:00,0.0008145231627645355,2.0,0.0,0.00015873015873015873,0.0014703161667989123,15452.167844070895,True
2018-01-12 14:30:00+00:00,0.0,2.0,0.0,0.00015873015873015873,-0.00015873015873015873,15449.71511901628,True
2018-01-16 14:30:00+00:00,0.0008146335798651094,2.0,0.0,0.00015873015873015873,0.0014705370010000601,15472.434496753702,True
2018-01-17 14:30:00+00:00,0.0,2.0,0.0,0.00015873015873015873,-0.00015873015873015873,15469.97855477009,True
2018-01-18 14:30:00+00:00,0.0,2.0,0.0,0.00015873015873015873,-0.00015873015873015873,15467.52300261854,True
2018-01-19 14:30:00+00:00,0.0,2.0,0.0,0.00015873015873015873,-0.00015873015873015873,15465.067840237172,True
2018-01-22 14:30:00+00:00,0.00081358414433641,2.0,0.0,0.00015873015873015873,0.0014684381299426613,15487.777335535926,True
2018-01-23 14:30:00+00:00,0.0008129227632656111,2.0,0.0,0.00015873015873015873,0.0014671153678010634,15510.499691677971,True
2018-01-24 14:30:00+00:00,-0.0008122624566249126,2.0,0.0,0.00015873015873015873,-0.001783255071979984,15482.840514433841,True
2018-01-25 14:30:00+00:00,-0.0016262315602931787,2.0,0.0,0.00015873015873015873,-0.003411193279316516,15430.025552926276,True
2018-01-26 14:30:00+00:00,0.0008146335798651094,2.0,0.0,0.00015873015873015873,0.0014705370010000601,15452.715976428228,True
2018-01-29 14:30:00+00:00,0.0,2.0,0.0,0.00015873015873015873,-0.00015873015873015873,15450.263164368478,True
2018-01-30 14:30:00+00:00,0.0023691493013511256,2.0,0.0,0.00015873015873015873,0.004579568443972093,15521.018702007083,True
2018-01-31 14:30:00+00:00,-0.0008150658707868352,2.0,0.0,0.00015873015873015873,-0.0017888619003038292,15493.25374299716,True
2018-02-01 14:30:00+00:00,0.0,2.0,0.0,0.00015873015873015873,-0.00015873015873015873,15490.794496371287,True
2018-02-02 14:30:00+00:00,0.0,2.0,0.0,0.00015873015873015873,-0.00015873015873015873,15488.335640102023,True
2018-02-05 14:30:00+00:00,0.0,2.0,0.0,0.00015873015873015873,-0.00015873015873015873,15485.877174127403,True
2018-02-06 14:30:00+00:00,0.0,2.0,0.0,0.00015873015873015873,-0.00015873015873015873,15483.419098385479,True
2018-02-07 14:30:00+00:00,0.0008157307450769036,2.0,0.0,0.00015873015873015873,0.0014727313314236484,15506.222014809233,True
2018-02-08 14:30:00+00:00,0.0,2.0,0.0,0.00015873015873015873,-0.00015873015873015873,15503.760709727516,True
2018-02-09 14:30:00+00:00,0.0,2.0,0.0,0.00015873015873015873,-0.00015873015873015873,15501.299795329147,True
2018-02-12 14:30:00+00:00,0.0008146161969930787,2.0,0.0,0.00015873015873015873,0.0014705022352559988,15524.094491327549,True
2018-02-13 14:30:00+00:00,0.0,2.0,0.0,0.00015873015873015873,-0.00015873015873015873,15521.6303493448,True
2018-02-14 14:30:00+00:00,0.0,2.0,0.0,0.00015873015873015873,-0.00015873015873015873,15519.166598495698,True
2018-02-15 14:30:00+00:00,0.00081485175314433,2.0,0.0,0.00015873015873015873,0.0014709733475585013,15541.994878938403,True
2018-02-16 14:30:00+00:00,0.0008134828301507024,2.0,0.0,0.00015873015873015873,0.0014682355015712462,15564.814187584896,True
2018-02-20 14:30:00+00:00,0.0008128856961595599,2.0,0.0,0.00015873015873015873,0.001467041233588961,15587.648411791233,True
2018-02-21 14:30:00+00:00,0.0,2.0,0.0,0.00015873015873015873,-0.00015873015873015873,15585.1741818846,True
2018-02-22 14:30:00+00:00,0.0,2.0,0.0,0.00015873015873015873,-0.00015873015873015873,15582.700344712872,True
2018-02-23 14:30:00+00:00,0.0,2.0,0.0,0.00015873015873015873,-0.00015873015873015873,15580.22690021371,True
2018-02-26 14:30:00+00:00,-0.0016243868690325458,2.0,0.0,0.00015873015873015873,-0.00340750389679525,15527.13721633828,True
2018-02-27 14:30:00+00:00,-0.004166309650918132,2.0,0.0,0.00015873015873015873,-0.008491349460566422,15395.290868112186,True
2018-02-28 14:30:00+00:00,0.0008202351813140218,2.0,0.0,0.00015873015873015873,0.001481740203897885,15418.102689542167,True
2018-03-01 14:30:00+00:00,0.0008193055465286481,2.0,0.0,0.00015873015873015873,0.0014798809343271374,15440.919645755917,True
2018-03-02 14:30:00+00:00,0.0008193421061599704,2.0,0.0,0.00015873015873015873,0.001479954053589782,15463.771497376805,True
2018-03-05 14:30:00+00:00,0.0,2.0,0.0,0.00015873015873015873,-0.00015873015873015873,15461.316930472462,True
2018-03-06 14:30:00+00:00,0.0,2.0,0.0,0.00015873015873015873,-0.00015873015873015873,15458.86275318191,True
2018-03-07 14:30:00+00:00,0.001636571731072678,2.0,0.0,0.00015873015873015873,0.0031144133034151974,15507.008040996088,True
2018-03-08 14:30:00+00:00,0.0,2.0,0.0,0.00015873015873015873,-0.00015873015873015873,15504.546611148311,True
2018-03-09 14:30:00+00:00,0.0008168205904723891,2.0,0.0,0.00015873015873015873,0.0014749110222146194,15527.414437839532,True
2018-03-12 13:30:00+00:00,0.0,2.0,0.0,0.00015873015873015873,-0.00015873015873015873,15524.949768881146,True
2018-03-13 13:30:00+00:00,0.0,2.0,0.0,0.00015873015873015873,-0.00015873015873015873,15522.485491140054,True
2018-03-14 13:30:00+00:00,0.0008166025514246833,2.0,0.0,0.00015873015873015873,0.0014744749441192079,15545.373007067194,True
2018-03-15 13:30:00+00:00,0.0,2.0,0.0,0.00015873015873015873,-0.00015873015873015873,15542.905487542263,True
2018-03-16 13:30:00+00:00,0.0,2.0,0.0,0.00015873015873015873,-0.00015873015873015873,15540.438359687096,True
2018-03-19 13:30:00+00:00,0.0008157441502583129,2.0,0.0,0.00015873015873015873,0.0014727581417864671,15563.325666808254,True
2018-03-20 13:30:00+00:00,0.0,2.0,0.0,0.00015873015873015873,-0.00015873015873015873,15560.855297654793,True
2018-03-21 13:30:00+00:00,0.0,2.0,0.0,0.00015873015873015873,-0.00015873015873015873,15558.385320623418,True
2018-03-22 13:30:00+00:00,0.0,2.0,0.0,0.00015873015873015873,-0.00015873015873015873,15555.91573565189,True
2018-03-23 13:30:00+00:00,0.0,2.0,0.0,0.00015873015873015873,-0.00015873015873015873,15553.446542677977,True
2018-03-26 13:30:00+00:00,-0.0008150792541247176,2.0,0.0,0.00015873015873015873,-0.001788888666979594,15525.623158425307,True
2018-03-27 13:30:00+00:00,0.0008157441502583129,2.0,0.0,0.00015873015873015873,0.0014727581417864671,15548.488646338186,True
2018-03-28 13:30:00+00:00,-8.196220461054171e-05,2.0,0.0,0.00015873015873015873,-0.00032265456795124215,15543.471855451708,True
2018-03-29 13:30:00+00:00,0.0008177055945037814,2.0,0.0,0.00015873015873015873,0.0014766810302774042,15566.424605485303,True
2018-04-02 13:30:00+00:00,0.0,2.0,0.0,0.00015873015873015873,-0.00015873015873015873,15563.953744436814,True
2018-04-03 13:30:00+00:00,0.0008181883454609906,2.0,0.0,0.00015873015873015873,0.0014776465321918225,15586.951766714474,True
2018-04-04 13:30:00+00:00,0.0,2.0,0.0,0.00015873015873015873,-0.00015873015873015873,15584.477647386426,True
2018-04-05 13:30:00+00:00,0.0,2.0,0.0,0.00015873015873015873,-0.00015873015873015873,15582.003920775729,True
2018-04-06 13:30:00+00:00,0.0008168167400797177,2.0,0.0,0.00015873015873015873,0.0014749033214292767,15604.985870113003,True
2018-04-09 13:30:00+00:00,0.0,2.0,0.0,0.00015873015873015873,-0.00015873015873015873,15602.508888228858,True
2018-04-10 13:30:00+00:00,0.0008165969158131503,2.0,0.0,0.00015873015873015873,0.0014744636728961419,15625.51422079059,True
2018-04-11 13:30:00+00:00,0.0,2.0,0.0,0.00015873015873015873,-0.00015873015873015873,15623.033980438084,True
2018-04-12 13:30:00+00:00,0.0,2.0,0.0,0.00015873015873015873,-0.00015873015873015873,15620.554133774522,True
2018-04-13 13:30:00+00:00,0.0008158030704579211,2.0,0.0,0.00015873015873015873,0.0014728759821856835,15643.561272786588,True
2018-04-16 13:30:00+00:00,0.0008143733486618565,2.0,0.0,0.00015873015873015873,0.0014700165385935543,15666.557566580084,True
2018-04-17 13:30:00+00:00,0.0,2.0,0.0,0.00015873015873015873,-0.00015873015873015873,15664.070811410786,True
2018-04-18 13:30:00+00:00,0.0,2.0,0.0,0.00015873015873015873,-0.00015873015873015873,15661.584450964532,True
2018-04-19 13:30:00+00:00,0.0008145384673623468,2.0,0.0,0.00015873015873015873,0.0014703467759945349,15684.612411168971,True
2018-04-20 13:30:00+00:00,0.0,2.0,0.0,0.00015873015873015873,-0.00015873015873015873,15682.122790151327,True
2018-04-23 13:30:00+00:00,0.0008136210392679644,2.0,0.0,0.00015873015873015873,0.00146851191980577,15705.152174396522,True
2018-04-24 13:30:00+00:00,0.0016261099126717582,2.0,0.0,0.00015873015873015873,0.003093489666613358,15753.735900360605,True
2018-04-25 13:30:00+00:00,-0.001623469972057201,2.0,0.0,0.00015873015873015873,-0.0034056701028445605,15700.08387299664,True
2018-04-26 13:30:00+00:00,0.000812959598234686,2.0,0.0,0.00015873015873015873,0.0014671890377392133,15723.118863946685,True
2018-04-27 13:30:00+00:00,-8.136966811911339e-05,2.0,0.0,0.00015873015873015873,-0.0003214694949683855,15718.064360866165,True
2018-04-30 13:30:00+00:00,0.0008159227671038494,2.0,0.0,0.00015873015873015873,0.00147311537547754,15741.2188831489,True
2018-05-01 13:30:00+00:00,0.0008143689465822668,2.0,0.0,0.00015873015873015873,0.0014700077344343748,15764.358596656552,True
2018-05-02 13:30:00+00:00,0.0008147844661376968,2.0,0.0,0.00015873015873015873,0.001470838773545235,15787.545426520584,True
2018-05-03 13:30:00+00:00,0.0,2.0,0.0,0.00015873015873015873,-0.00015873015873015873,15785.039466929074,True
2018-05-04 13:30:00+00:00,0.0016270382257976834,2.0,0.0,0.00015873015873015873,0.0030953462928652083,15833.899630325763,True
2018-05-07 13:30:00+00:00,0.0008124190728489022,2.0,0.0,0.00015873015873015873,0.0014661079869676458,15857.113837038625,True
2018-05-08 13:30:00+00:00,0.0008113802865123976,2.0,0.0,0.00015873015873015873,0.0014640304142946364,15880.329133978981,True
2018-05-09 13:30:00+00:00,0.0,2.0,0.0,0.00015873015873015873,-0.00015873015873015873,15877.808446814859,True
2018-05-10 13:30:00+00:00,0.0,2.0,0.0,0.00015873015873015873,-0.00015873015873015873,15875.288159759808,True
2018-05-11 13:30:00+00:00,0.0,2.0,0.0,0.00015873015873015873,-0.00015873015873015873,15872.768272750323,True
2018-05-14 13:30:00+00:00,0.0008113541320444728,2.0,0.0,0.00015873015873015873,0.001463978105358787,15896.005657973063,True
2018-05-15 13:30:00+00:00,0.0,2.0,0.0,0.00015873015873015873,-0.00015873015873015873,15893.482482471796,True
2018-05-16 13:30:00+00:00,0.0,2.0,0.0,0.00015873015873015873,-0.00015873015873015873,15890.95970747458,True
2018-05-17 13:30:00+00:00,0.000810507028885743,2.0,0.0,0.00015873015873015873,0.0014622838990413273,15914.196801995133,True
2018-05-18 13:30:00+00:00,0.0,2.0,0.0,0.00015873015873015873,-0.00015873015873015873,15911.670739010691,True
2018-05-21 13:30:00+00:00,0.0,2.0,0.0,0.00015873015873015873,-0.00015873015873015873,15909.145076988627,True
2018-05-22 13:30:00+00:00,0.0008095983886229341,2.0,0.0,0.00015873015873015873,0.0014604666185157095,15932.37985230269,True
2018-05-23 13:30:00+00:00,0.0008090064809365138,2.0,0.0,0.00015873015873015873,0.001459282803142869,15955.629700234294,True
2018-05-24 13:30:00+00:00,0.0,2.0,0.0,0.00015873015873015873,-0.00015873015873015873,15953.097060599337,True
2018-05-25 13:30:00+00:00,-0.0016166420763131795,2.0,0.0,0.00015873015873015873,-0.0033920143113565174,15898.983927059324,True
2018-05-29 13:30:00+00:00,-0.0032390872437173535,2.0,0.0,0.00015873015873015873,-0.006636904646164865,15793.463886764524,True
2018-05-30 13:30:00+00:00,-8.136211569842455e-05,2.0,0.0,0.00015873015873015873,-0.00032145439012700784,15788.387008462812,True
2018-05-31 13:30:00+00:00,0.0,2.0,0.0,0.00015873015873015873,-0.00015873015873015873,15785.880915286865,True
2018-06-01 13:30:00+00:00,0.0008155222695980235,2.0,0.0,0.00015873015873015873,0.0014723143804658884,15809.122694766762,True
2018-06-04 13:30:00+00:00,0.0,2.0,0.0,0.00015873015873015873,-0.00015873015873015873,15806.613310212037,True
2018-06-05 13:30:00+00:00,0.0,2.0,0.0,0.00015873015873015873,-0.00015873015873015873,15804.10432397232,True
2018-06-06 13:30:00+00:00,0.0,2.0,0.0,0.00015873015873015873,-0.00015873015873015873,15801.595735984389,True
2018-06-07 13:30:00+00:00,0.0008146680714411492,2.0,0.0,0.00015873015873015873,0.0014706059841521396,15824.833657232879,True
2018-06-08 13:30:00+00:00,0.0,2.0,0.0,0.00015873015873015873,-0.00015873015873015873,15822.321778874588,True
2018-06-11 13:30:00+00:00,0.0,2.0,0.0,0.00015873015873015873,-0.00015873015873015873,15819.810299227149,True
2018-06-12 13:30:00+00:00,0.0,2.0,0.0,0.00015873015873015873,-0.00015873015873015873,15817.299218227272,True
2018-06-13 13:30:00+00:00,0.0,2.0,0.0,0.00015873015873015873,-0.00015873015873015873,15814.788535811682,True
2018-06-14 13:30:00+00:00,0.0,2.0,0.0,0.00015873015873015873,-0.00015873015873015873,15812.278251917109,True
2018-06-15 13:30:00+00:00,0.0008146997944646905,2.0,0.0,0.00015873015873015873,0.0014706694301992224,15835.532886164005,True
2018-06-18 13:30:00+00:00,0.0,2.0,0.0,0.00015873015873015873,-0.00015873015873015873,15833.019309515408,True
2018-06-19 13:30:00+00:00,0.0,2.0,0.0,0.00015873015873015873,-0.00015873015873015873,15830.50613184723,True
2018-06-20 13:30:00+00:00,0.0008133422978138238,2.0,0.0,0.00015873015873015873,0.001467954436897489,15853.744593561807,True
2018-06-21 13:30:00+00:00,0.0008133119796893684,2.0,0.0,0.00015873015873015873,0.001467893800648578,15877.01620696776,True
2018-06-22 13:30:00+00:00,0.0008126510408625887,2.0,0.0,0.00015873015873015873,0.0014665719229950186,15900.300993157834,True
2018-06-25 13:30:00+00:00,0.0016228489884049235,2.0,0.0,0.00015873015873015873,0.0030869678180796885,15949.384710621493,True
2018-06-26 13:30:00+00:00,-0.0008097954955204045,2.0,0.0,0.00015873015873015873,-0.0017783211497709678,15921.02158246476,True
2018-06-27 13:30:00+00:00,0.0,2.0,0.0,0.00015873015873015873,-0.00015873015873015873,15918.494436181829,True
2018-06-28 13:30:00+00:00,-8.153590492709917e-05,2.0,0.0,0.00015873015873015873,-0.00032180196858435707,15913.371833335368,True
2018-06-29 13:30:00+00:00,0.0008139154884416744,2.0,0.0,0.00015873015873015873,0.00146910081815319,15936.750180915296,True
2018-07-02 13:30:00+00:00,0.0,2.0,0.0,0.00015873015873015873,-0.00015873015873015873,15934.220538029436,True
2018-07-03 13:30:00+00:00,0.0,2.0,0.0,0.00015873015873015873,-0.00015873015873015873,15931.691296674193,True
2018-07-05 13:30:00+00:00,0.0008139451109163698,2.0,0.0,0.00015873015873015873,0.0014691600631025808,15955.097501264945,True
2018-07-06 13:30:00+00:00,0.0,2.0,0.0,0.00015873015873015873,-0.00015873015873015873,15952.564946106017,True
2018-07-09 13:30:00+00:00,0.0,2.0,0.0,0.00015873015873015873,-0.00015873015873015873,15950.032792939968,True
2018-07-10 13:30:00+00:00,0.0008130318777217482,2.0,0.0,0.00015873015873015873,0.0014673335967133377,15973.436811925727,True
2018-07-11 13:30:00+00:00,0.0,2.0,0.0,0.00015873015873015873,-0.00015873015873015873,15970.901345765105,True
2018-07-12 13:30:00+00:00,0.0008123086285729553,2.0,0.0,0.00015873015873015873,0.0014658870984157518,15994.312883997933,True
2018-07-13 13:30:00+00:00,0.0,2.0,0.0,0.00015873015873015873,-0.00015873015873015873,15991.774104175076,True
2018-07-16 13:30:00+00:00,0.0,2.0,0.0,0.00015873015873015873,-0.00015873015873015873,15989.235727333144,True
2018-07-17 13:30:00+00:00,0.0,2.0,0.0,0.00015873015873015873,-0.00015873015873015873,15986.69775340817,True
2018-07-18 13:30:00+00:00,0.0008115238900967547,2.0,0.0,0.00015873015873015873,0.0014643176214633508,16010.107356637493,True
2018-07-19 13:30:00+00:00,0.0,2.0,0.0,0.00015873015873015873,-0.00015873015873015873,16007.566069755489,True
2018-07-20 13:30:00+00:00,0.0,2.0,0.0,0.00015873015873015873,-0.00015873015873015873,16005.025186252353,True
2018-07-23 13:30:00+00:00,0.0,2.0,0.0,0.00015873015873015873,-0.00015873015873015873,16002.48470606406,True
2018-07-24 13:30:00+00:00,0.0,2.0,0.0,0.00015873015873015873,-0.00015873015873015873,15999.94462912659,True
2018-07-25 13:30:00+00:00,0.0008109285165980307,2.0,0.0,0.00015873015873015873,0.0014631268744659026,16023.35457810343,True
2018-07-26 13:30:00+00:00,-0.0008102714443776193,2.0,0.0,0.00015873015873015873,-0.0017792730474853974,15994.844655172308,True
2018-07-27 13:30:00+00:00,-0.002432910876819183,2.0,0.0,0.00015873015873015873,-0.005024551912368525,15914.477727872125,True
2018-07-30 13:30:00+00:00,0.0007346999027917356,2.0,0.0,0.00015873015873015873,0.0013106696468533124,15935.33635077557,True
2018-07-31 13:30:00+00:00,0.0,2.0,0.0,0.00015873015873015873,-0.00015873015873015873,15932.80693230719,True
2018-08-01 13:30:00+00:00,0.000815699033357431,2.0,0.0,0.00015873015873015873,0.0014726679079847033,15956.270665760514,True
2018-08-02 13:30:00+00:00,0.0,2.0,0.0,0.00015873015873015873,-0.00015873015873015873,15953.737924384995,True
2018-08-03 13:30:00+00:00,0.0,2.0,0.0,0.00015873015873015873,-0.00015873015873015873,15951.20558503192,True
2018-08-06 13:30:00+00:00,0.0008145324582433666,2.0,0.0,0.00015873015873015873,0.0014703347577565745,15974.659197031711,True
2018-08-07 13:30:00+00:00,0.0,2.0,0.0,0.00015873015873015873,-0.00015873015873015873,15972.123536841707,True
2018-08-08 13:30:00+00:00,0.0008144335472424213,2.0,0.0,0.00015873015873015873,0.001470136935754684,15995.604745595652,True
2018-08-09 13:30:00+00:00,0.0008141464871320725,2.0,0.0,0.00015873015873015873,0.0014695628155339863,16019.111291541758,True
2018-08-10 13:30:00+00:00,0.0008129836631827203,2.0,0.0,0.00015873015873015873,0.0014672371676352819,16042.615127021194,True
2018-08-13 13:30:00+00:00,0.0,2.0,0.0,0.00015873015873015873,-0.00015873015873015873,16040.068680175635,True
2018-08-14 13:30:00+00:00,0.0,2.0,0.0,0.00015873015873015873,-0.00015873015873015873,16037.522637527987,True
2018-08-15 13:30:00+00:00,0.0016241463932291644,2.0,0.0,0.00015873015873015873,0.0030895626277281703,16087.071568110237,True
2018-08-16 13:30:00+00:00,0.0,2.0,0.0,0.00015873015873015873,-0.00015873015873015873,16084.518064686728,True
2018-08-17 13:30:00+00:00,0.009733008989160297,2.0,0.0,0.00015873015873015873,0.019307287819590433,16395.066484401035,True
2018-08-20 13:30:00+00:00,0.0,2.0,0.0,0.00015873015873015873,-0.00015873015873015873,16392.464092895574,True
2018-08-21 13:30:00+00:00,0.0,2.0,0.0,0.00015873015873015873,-0.00015873015873015873,16389.86211446813,True
2018-08-22 13:30:00+00:00,0.000802632312561613,2.0,0.0,0.00015873015873015873,0.0014465344663930674,16413.57061491614,True
2018-08-23 13:30:00+00:00,0.0,2.0,0.0,0.00015873015873015873,-0.00015873015873015873,16410.965286247105,True
2018-08-24 13:30:00+00:00,0.0016055212885821568,2.0,0.0,0.00015873015873015873,0.003052312418434155,16461.056679388807,True
2018-08-27 13:30:00+00:00,-0.0024036507866622703,2.0,0.0,0.00015873015873015873,-0.004966031732054699,16379.310549575812,True
2018-08-28 13:30:00+00:00,-0.0008036213088649102,2.0,0.0,0.00015873015873015873,-0.0017659727764599792,16350.385133048077,True
2018-08-29 13:30:00+00:00,0.0,2.0,0.0,0.00015873015873015873,-0.00015873015873015873,16347.789833820609,True
2018-08-30 13:30:00+00:00,-8.072988726215424e-05,2.0,0.0,0.00015873015873015873,-0.0003201899332544672,16342.55543608486,True
2018-08-31 13:30:00+00:00,0.0,2.0,0.0,0.00015873015873015873,-0.00015873015873015873,16339.961379666434,True
2018-09-04 13:30:00+00:00,0.0,2.0,0.0,0.00015873015873015873,-0.00015873015873015873,16337.367735002998,True
2018-09-05 13:30:00+00:00,0.0016139238313575,2.0,0.0,0.00015873015873015873,0.0030691175039848414,16387.50903628753,True
2018-09-06 13:30:00+00:00,0.0,2.0,0.0,0.00015873015873015873,-0.00015873015873015873,16384.90784437701,True
2018-09-07 13:30:00+00:00,0.0,2.0,0.0,0.00015873015873015873,-0.00015873015873015873,16382.307065354094,True
2018-09-10 13:30:00+00:00,0.0008058778246722298,2.0,0.0,0.00015873015873015873,0.0014530254906143009,16406.110975115123,True
2018-09-11 13:30:00+00:00,-0.0008052289085510589,2.0,0.0,0.00015873015873015873,-0.0017691879758322765,16377.08548084778,True
2018-09-12 13:30:00+00:00,0.0016121880203701089,2.0,0.0,0.00015873015873015873,0.0030656458820100593,16427.291825511464,True
2018-09-13 13:30:00+00:00,0.0,2.0,0.0,0.00015873015873015873,-0.00015873015873015873,16424.684318872496,True
2018-09-14 13:30:00+00:00,0.0,2.0,0.0,0.00015873015873015873,-0.00015873015873015873,16422.077226123467,True
2018-09-17 13:30:00+00:00,0.0,2.0,0.0,0.00015873015873015873,-0.00015873015873015873,16419.470547198685,True
2018-09-18 13:30:00+00:00,0.0,2.0,0.0,0.00015873015873015873,-0.00015873015873015873,16416.864282032468,True
2018-09-19 13:30:00+00:00,0.0,2.0,0.0,0.00015873015873015873,-0.00015873015873015873,16414.258430559126,True
2018-09-20 13:30:00+00:00,0.0,2.0,0.0,0.00015873015873015873,-0.00015873015873015873,16411.652992713007,True
2018-09-21 13:30:00+00:00,0.0008044573535850308,2.0,0.0,0.00015873015873015873,0.0014501845484399028,16435.452918297397,True
2018-09-24 13:30:00+00:00,0.0,2.0,0.0,0.00015873015873015873,-0.00015873015873015873,16432.844116246873,True
2018-09-25 13:30:00+00:00,0.0,2.0,0.0,0.00015873015873015873,-0.00015873015873015873,16430.235728291915,True
2018-09-26 13:30:00+00:00,-0.0008038107221387536,2.0,0.0,0.00015873015873015873,-0.001766351603007666,16401.214155075453,True
2018-09-27 13:30:00+00:00,0.001615698172781066,2.0,0.0,0.00015873015873015873,0.0030726661868319734,16451.609611232743,True
2018-09-28 13:30:00+00:00,0.0008061149728175732,2.0,0.0,0.00015873015873015873,0.0014534997869049876,16475.52202229691,True
2018-10-01 13:30:00+00:00,0.0,2.0,0.0,0.00015873015873015873,-0.00015873015873015873,16472.90686007115,True
2018-10-02 13:30:00+00:00,0.0008056502312829839,2.0,0.0,0.00015873015873015873,0.001452570303835809,16496.83491539394,True
2018-10-03 13:30:00+00:00,-0.0008050016814921124,2.0,0.0,0.00015873015873015873,-0.0017687335217143835,16467.656410476895,True
2018-10-04 13:30:00+00:00,0.0,2.0,0.0,0.00015873015873015873,-0.00015873015873015873,16465.042496760947,True
2018-10-05 13:30:00+00:00,0.0,2.0,0.0,0.00015873015873015873,-0.00015873015873015873,16462.428997951938,True
2018-10-08 13:30:00+00:00,0.0008056502312829839,2.0,0.0,0.00015873015873015873,0.001452570303835809,16486.341833443366,True
2018-10-09 13:30:00+00:00,0.0,2.0,0.0,0.00015873015873015873,-0.00015873015873015873,16483.724953787267,True
2018-10-10 13:30:00+00:00,0.0,2.0,0.0,0.00015873015873015873,-0.00015873015873015873,16481.10848950889,True
2018-10-11 13:30:00+00:00,0.0,2.0,0.0,0.00015873015873015873,-0.00015873015873015873,16478.4924405423,True
2018-10-12 13:30:00+00:00,0.0008050016814922234,2.0,0.0,0.00015873015873015873,0.001451273204254288,16502.407235067763,True
2018-10-15 13:30:00+00:00,0.0,2.0,0.0,0.00015873015873015873,-0.00015873015873015873,16499.78780534791,True
2018-10-16 13:30:00+00:00,0.0,2.0,0.0,0.00015873015873015873,-0.00015873015873015873,16497.168791410553,True
2018-10-17 13:30:00+00:00,0.0,2.0,0.0,0.00015873015873015873,-0.00015873015873015873,16494.550193189698,True
2018-10-18 13:30:00+00:00,0.0,2.0,0.0,0.00015873015873015873,-0.00015873015873015873,16491.93201061935,True
2018-10-19 13:30:00+00:00,0.0,2.0,0.0,0.00015873015873015873,-0.00015873015873015873,16489.314243633537,True
2018-10-22 13:30:00+00:00,0.0,2.0,0.0,0.00015873015873015873,-0.00015873015873015873,16486.696892166296,True
2018-10-23 13:30:00+00:00,0.0008046612742096393,2.0,0.0,0.00015873015873015873,0.0014505923896891198,16510.612369209182,True
2018-10-24 13:30:00+00:00,0.0008041370559341843,2.0,0.0,0.00015873015873015873,0.0014495439531382098,16534.545227531577,True
2018-10-25 13:30:00+00:00,-0.0016068592359054223,2.0,0.0,0.00015873015873015873,-0.003372448630541003,16478.78332312237,True
2018-10-26 13:30:00+00:00,-0.002412878265577567,2.0,0.0,0.00015873015873015873,-0.004984486689885293,16396.64504698276,True
2018-10-29 13:30:00+00:00,0.0008061149728175732,2.0,0.0,0.00015873015873015873,0.0014534997869049876,16420.47756706451,True
2018-10-30 13:30:00+00:00,-8.06511494511053e-05,2.0,0.0,0.00015873015873015873,-0.0003200324576323693,16415.222481273224,True
2018-10-31 13:30:00+00:00,0.0,2.0,0.0,0.00015873015873015873,-0.00015873015873015873,16412.61689040318,True
2018-11-01 13:30:00+00:00,0.0,2.0,0.0,0.00015873015873015873,-0.00015873015873015873,16410.01171311899,True
2018-11-02 13:30:00+00:00,-0.000809283591452159,2.0,0.0,0.00015873015873015873,-0.0017772973416344767,16380.846242925074,True
2018-11-05 14:30:00+00:00,0.0008099390618450109,2.0,0.0,0.00015873015873015873,0.001461147964959863,16404.781083077243,True
2018-11-06 14:30:00+00:00,0.0,2.0,0.0,0.00015873015873015873,-0.00015873015873015873,16402.17714957199,True
2018-11-07 14:30:00+00:00,0.0,2.0,0.0,0.00015873015873015873,-0.00015873015873015873,16399.57362938952,True
2018-11-08 14:30:00+00:00,0.0,2.0,0.0,0.00015873015873015873,-0.00015873015873015873,16396.970522464224,True
2018-11-09 14:30:00+00:00,0.000808422258756325,2.0,0.0,0.00015873015873015873,0.0014581143587824913,16420.87918062356,True
2018-11-12 14:30:00+00:00,0.0,2.0,0.0,0.00015873015873015873,-0.00015873015873015873,16418.27269186473,True
2018-11-13 14:30:00+00:00,0.0008091831436634056,2.0,0.0,0.00015873015873015873,0.0014596361285966525,16442.237395854925,True
2018-11-14 14:30:00+00:00,0.0,2.0,0.0,0.00015873015873015873,-0.00015873015873015873,16439.627516903205,True
2018-11-15 14:30:00+00:00,-0.0008085288957097037,2.0,0.0,0.00015873015873015873,-0.001775787950149566,16410.43422445374,True
2018-11-16 14:30:00+00:00,0.0008091831436634056,2.0,0.0,0.00015873015873015873,0.0014596361285966525,16434.38748713371,True
2018-11-19 14:30:00+00:00,0.0008069318622607735,2.0,0.0,0.00015873015873015873,0.0014551335657913883,16458.30171599946,True
2018-11-20 14:30:00+00:00,-0.01210587994271517,2.0,0.0,0.00015873015873015873,-0.0243704900441605,16057.204837885905,True
2018-11-21 14:30:00+00:00,0.0024502864890618703,2.0,0.0,0.00015873015873015873,0.004741842819393582,16133.345579345965,True
2018-11-23 14:30:00+00:00,0.0008150962872772727,2.0,0.0,0.00015873015873015873,0.0014714624158243866,16157.085191007478,True
2018-11-26 14:30:00+00:00,-0.0008144324464139929,2.0,0.0,0.00015873015873015873,-0.0017875950515581446,16128.202865472429,True
2018-11-27 14:30:00+00:00,-0.0024442972605092095,2.0,0.0,0.00015873015873015873,-0.0050473246797485775,16046.79858910954,True
2018-11-28 14:30:00+00:00,0.0016334414901220118,2.0,0.0,0.00015873015873015873,0.003108152821513865,16096.674491420545,True
2018-11-29 14:30:00+00:00,-8.162572138126212e-05,2.0,0.0,0.00015873015873015873,-0.00032198160149268296,16091.49165838909,True
2018-11-30 14:30:00+00:00,0.0008192392891457345,2.0,0.0,0.00015873015873015873,0.0014797484195613103,16115.303017738974,True
2018-12-03 14:30:00+00:00,0.0008180728462290343,2.0,0.0,0.00015873015873015873,0.00147741553372791,16139.112016748111,True
2018-12-04 14:30:00+00:00,0.0,2.0,0.0,0.00015873015873015873,-0.00015873015873015873,16136.550252935931,True
2018-12-06 14:30:00+00:00,-0.0024527698135043963,2.0,0.0,0.00015873015873015873,-0.005064269785738951,16054.83040904393,True
2018-12-07 14:30:00+00:00,0.0,2.0,0.0,0.00015873015873015873,-0.00015873015873015873,16052.282023264717,True
2018-12-10 14:30:00+00:00,0.0008194760654942623,2.0,0.0,0.00015873015873015873,0.001480221972258366,16076.04296382044,True
2018-12-11 14:30:00+00:00,-0.0008188050743335173,2.0,0.0,0.00015873015873015873,-0.0017963403073971934,16047.164919861081,True
2018-12-12 14:30:00+00:00,0.0,2.0,0.0,0.00015873015873015873,-0.00015873015873015873,16044.617750826183,True
2018-12-13 14:30:00+00:00,0.0,2.0,0.0,0.00015873015873015873,-0.00015873015873015873,16042.070986103829,True
2018-12-14 14:30:00+00:00,0.0,2.0,0.0,0.00015873015873015873,-0.00015873015873015873,16039.524625629843,True
2018-12-17 14:30:00+00:00,-0.0008202831252557274,2.0,0.0,0.00015873015873015873,-0.0017992964092416136,16010.664766565005,True
2018-12-18 14:30:00+00:00,0.0,2.0,0.0,0.00015873015873015873,-0.00015873015873015873,16008.123391205234,True
2018-12-19 14:30:00+00:00,0.0,2.0,0.0,0.00015873015873015873,-0.00015873015873015873,16005.582419238375,True
2018-12-20 14:30:00+00:00,0.0,2.0,0.0,0.00015873015873015873,-0.00015873015873015873,16003.0418506004,True
2018-12-21 14:30:00+00:00,0.0,2.0,0.0,0.00015873015873015873,-0.00015873015873015873,16000.501685227291,True
2018-12-24 14:30:00+00:00,0.0,2.0,0.0,0.00015873015873015873,-0.00015873015873015873,15997.961923055032,True
2018-12-26 14:30:00+00:00,0.001641105361785078,2.0,0.0,0.00015873015873015873,0.0031234805648399974,16047.931246198743,True
2018-12-27 14:30:00+00:00,-0.0008188050743335173,2.0,0.0,0.00015873015873015873,-0.0017963403073971934,16019.103700450858,True
2018-12-28 14:30:00+00:00,-0.0001648264359005447,2.0,0.0,0.00015873015873015873,-0.0004883830305312481,16011.280242039238,True
2018-12-31 14:30:00+00:00,0.0008232745725944568,2.0,0.0,0.00015873015873015873,0.0014878189864587549,16035.102128780856,True
2019-01-02 14:30:00+00:00,0.0,2.0,0.0,0.00015873015873015873,-0.00015873015873015873,16032.556874474702,True
2019-01-03 14:30:00+00:00,0.0008216667389440158,2.0,0.0,0.00015873015873015873,0.0014846033191578728,16056.358861625133,True
2019-01-04 14:30:00+00:00,-0.0008209921569957146,2.0,0.0,0.00015873015873015873,-0.001800714472721588,16027.445943843795,True
2019-01-07 14:30:00+00:00,0.0008216667389440158,2.0,0.0,0.00015873015873015873,0.0014846033191578728,16051.240343289648,True
2019-01-08 14:30:00+00:00,0.0008222319518567112,2.0,0.0,0.00015873015873015873,0.0014857337449832636,16075.088212716508,True
2019-01-09 14:30:00+00:00,0.0,2.0,0.0,0.00015873015873015873,-0.00015873015873015873,16072.536611412903,True
2019-01-10 14:30:00+00:00,0.0008208751149352267,2.0,0.0,0.00015873015873015873,0.0014830200711402947,16096.372505801764,True
2019-01-11 14:30:00+00:00,0.0,2.0,0.0,0.00015873015873015873,-0.00015873015873015873,16093.817526038938,True
2019-01-14 14:30:00+00:00,0.0,2.0,0.0,0.00015873015873015873,-0.00015873015873015873,16091.262951828456,True
2019-01-15 14:30:00+00:00,0.0,2.0,0.0,0.00015873015873015873,-0.00015873015873015873,16088.708783105943,True
2019-01-16 14:30:00+00:00,0.000820882599801509,2.0,0.0,0.00015873015873015873,0.0014830350408728593,16112.568901993687,True
2019-01-17 14:30:00+00:00,0.0,2.0,0.0,0.00015873015873015873,-0.00015873015873015873,16110.011351374322,True
2019-01-18 14:30:00+00:00,0.0,2.0,0.0,0.00015873015873015873,-0.00015873015873015873,16107.454206715374,True
2019-01-22 14:30:00+00:00,0.0008191580709795421,2.0,0.0,0.00015873015873015873,0.0014795859832289254,16131.28657018513,True
2019-01-23 14:30:00+00:00,-0.0008184876002558239,2.0,0.0,0.00015873015873015873,-0.0017957053592418065,16102.319532439584,True
2019-01-24 14:30:00+00:00,0.0008191580709795421,2.0,0.0,0.00015873015873015873,0.0014795859832289254,16126.144298717254,True
2019-01-25 14:30:00+00:00,0.0008195379731104069,2.0,0.0,0.00015873015873015873,0.001480345787490655,16150.016568498324,True
2019-01-28 14:30:00+00:00,-0.0008188668806067279,2.0,0.0,0.00015873015873015873,-0.0017964639199436144,16121.003646426527,True
2019-01-29 14:30:00+00:00,0.0024566985335374714,2.0,0.0,0.00015873015873015873,0.004754666908344784,16197.653648993495,True
2019-01-30 14:30:00+00:00,-8.185157129747545e-05,2.0,0.0,0.00015873015873015873,-0.0003224333013251096,16192.43098605373,True
2019-01-31 14:30:00+00:00,0.0016411720477178537,2.0,0.0,0.00015873015873015873,0.003123613936705549,16243.009889150908,True
2019-02-01 14:30:00+00:00,0.0,2.0,0.0,0.00015873015873015873,-0.00015873015873015873,16240.431633612949,True
2019-02-04 14:30:00+00:00,-0.0008191491986940802,2.0,0.0,0.00015873015873015873,-0.0017970285561183191,16211.24711420366,True
2019-02-05 14:30:00+00:00,0.000819820754208056,2.0,0.0,0.00015873015873015873,0.0014809113496859533,16235.254534047644,True
2019-02-06 14:30:00+00:00,0.0,2.0,0.0,0.00015873015873015873,-0.00015873015873015873,16232.677509518431,True
2019-02-07 14:30:00+00:00,0.0,2.0,0.0,0.00015873015873015873,-0.00015873015873015873,16230.100894040732,True
2019-02-08 14:30:00+00:00,0.0008190876594258434,2.0,0.0,0.00015873015873015873,0.001479445160121528,16254.112438256703,True
2019-02-11 14:30:00+00:00,0.0,2.0,0.0,0.00015873015873015873,-0.00015873015873015873,16251.53242040936,True
2019-02-12 14:30:00+00:00,0.0,2.0,0.0,0.00015873015873015873,-0.00015873015873015873,16248.952812088663,True
2019-02-13 14:30:00+00:00,0.0,2.0,0.0,0.00015873015873015873,-0.00015873015873015873,16246.373613229602,True
2019-02-14 14:30:00+00:00,0.0008179253926849928,2.0,0.0,0.00015873015873015873,0.0014771206266398268,16270.371466801798,True
2019-02-15 14:30:00+00:00,0.0008176870080414123,2.0,0.0,0.00015873015873015873,0.0014766438573526658,16294.397010885095,True
2019-02-19 14:30:00+00:00,0.0008172644960855457,2.0,0.0,0.00015873015873015873,0.0014757988334409328,16318.44426298538,True
2019-02-20 14:30:00+00:00,0.0,2.0,0.0,0.00015873015873015873,-0.00015873015873015873,16315.854033737289,True
2019-02-21 14:30:00+00:00,0.0,2.0,0.0,0.00015873015873015873,-0.00015873015873015873,16313.264215636696,True
2019-02-22 14:30:00+00:00,0.0,2.0,0.0,0.00015873015873015873,-0.00015873015873015873,16310.674808618342,True
2019-02-25 14:30:00+00:00,-0.0032652843911566976,2.0,0.0,0.00015873015873015873,-0.006689298941043554,16201.567828893347,True
2019-02-26 14:30:00+00:00,-0.0008191491986940802,2.0,0.0,0.00015873015873015873,-0.0017970285561183191,16172.453148850938,True
2019-02-27 14:30:00+00:00,-8.216068560684686e-05,2.0,0.0,0.00015873015873015873,-0.00032305152994385245,16167.228613118255,True
2019-02-28 14:30:00+00:00,0.000823522208798666,2.0,0.0,0.00015873015873015873,0.0014883142588671733,16191.290529989525,True
2019-03-01 14:30:00+00:00,-0.0008228445780142923,2.0,0.0,0.00015873015873015873,-0.0018044193147587434,16162.074652626341,True
2019-03-04 14:30:00+00:00,0.000823522208798666,2.0,0.0,0.00015873015873015873,0.0014883142588671733,16186.12889878472,True
2019-03-05 14:30:00+00:00,0.0,2.0,0.0,0.00015873015873015873,-0.00015873015873015873,16183.559671975388,True
2019-03-06 14:30:00+00:00,0.0,2.0,0.0,0.00015873015873015873,-0.00015873015873015873,16180.990852979838,True
2019-03-07 14:30:00+00:00,0.0008212444314898981,2.0,0.0,0.00015873015873015873,0.0014837587042496375,16204.999539001328,True
2019-03-08 14:30:00+00:00,0.0,2.0,0.0,0.00015873015873015873,-0.00015873015873015873,16202.427316852281,True
2019-03-11 13:30:00+00:00,0.001643723816026954,2.0,0.0,0.00015873015873015873,0.0031287174733237496,16253.120134308774,True
2019-03-12 13:30:00+00:00,0.0008205746035905293,2.0,0.0,0.00015873015873015873,0.0014824190484508998,16277.214069192634,True
2019-03-13 13:30:00+00:00,0.0,2.0,0.0,0.00015873015873015873,-0.00015873015873015873,16274.630384419746,True
2019-03-14 13:30:00+00:00,0.0008197791282908984,2.0,0.0,0.00015873015873015873,0.001480828097851638,16298.730314375143,True
2019-03-15 13:30:00+00:00,0.0008191689330443452,2.0,0.0,0.00015873015873015873,0.0014796077073585317,16322.846041368448,True
2019-03-18 13:30:00+00:00,0.0,2.0,0.0,0.00015873015873015873,-0.00015873015873015873,16320.255113425375,True
2019-03-19 13:30:00+00:00,0.0008178247832755225,2.0,0.0,0.00015873015873015873,0.0014769194078208864,16344.358814942978,True
2019-03-20 13:30:00+00:00,0.0016357203983470292,2.0,0.0,0.00015873015873015873,0.0031127106379639,16395.234074496948,True
2019-03-21 13:30:00+00:00,0.0,2.0,0.0,0.00015873015873015873,-0.00015873015873015873,16392.631656389887,True
2019-03-22 13:30:00+00:00,0.0008160664035394838,2.0,0.0,0.00015873015873015873,0.0014734026483488088,16416.784603285818,True
2019-03-25 13:30:00+00:00,-0.0008154009821925712,2.0,0.0,0.00015873015873015873,-0.001789532123115301,16387.406239879972,True
2019-03-26 13:30:00+00:00,-0.000816616231180789,2.0,0.0,0.00015873015873015873,-0.0017919626210917367,16358.040620441461,True
2019-03-27 13:30:00+00:00,0.006535640004869281,2.0,0.0,0.00015873015873015873,0.012912549851008403,16569.26463541773,True
2019-03-28 13:30:00+00:00,-8.127665333601541e-05,2.0,0.0,0.00015873015873015873,-0.00032128346540218956,16563.941204656498,True
2019-03-29 13:30:00+00:00,0.0008152625904913613,2.0,0.0,0.00015873015873015873,0.0014717950222525639,16588.319930870395,True
2019-04-01 13:30:00+00:00,0.0,2.0,0.0,0.00015873015873015873,-0.00015873015873015873,16585.686864214702,True
2019-04-02 13:30:00+00:00,0.0008138700748203664,2.0,0.0,0.00015873015873015873,0.0014690099909105742,16610.051403924346,True
2019-04-03 13:30:00+00:00,0.0016276901283629464,2.0,0.0,0.00015873015873015873,0.003096650097995734,16661.48692123202,True
2019-04-04 13:30:00+00:00,0.0008118867289641507,2.0,0.0,0.00015873015873015873,0.0014650432991981427,16685.89672100065,True
2019-04-05 13:30:00+00:00,0.0008114701167900584,2.0,0.0,0.00015873015873015873,0.0014642100748499581,16710.32837908744,True
2019-04-08 13:30:00+00:00,0.005677498795600533,2.0,0.0,0.00015873015873015873,0.011196267432470907,16897.421684504112,True
2019-04-09 13:30:00+00:00,0.0,2.0,0.0,0.00015873015873015873,-0.00015873015873015873,16894.739554078,True
2019-04-10 13:30:00+00:00,0.000806595447659042,2.0,0.0,0.00015873015873015873,0.0014544607365879253,16919.312289414287,True
2019-04-11 13:30:00+00:00,0.0024177159983760355,2.0,0.0,0.00015873015873015873,0.004676701838021912,16998.438868296256,True
2019-04-12 13:30:00+00:00,0.0,2.0,0.0,0.00015873015873015873,-0.00015873015873015873,16995.74070339653,True
2019-04-15 13:30:00+00:00,0.0,2.0,0.0,0.00015873015873015873,-0.00015873015873015873,16993.042966776942,True
2019-04-16 13:30:00+00:00,0.0,2.0,0.0,0.00015873015873015873,-0.00015873015873015873,16990.345658369515,True
2019-04-17 13:30:00+00:00,0.0,2.0,0.0,0.00015873015873015873,-0.00015873015873015873,16987.648778106282,True
2019-04-18 13:30:00+00:00,0.000804121367679711,2.0,0.0,0.00015873015873015873,0.0014495125766292632,17012.27258865751,True
2019-04-22 13:30:00+00:00,0.0,2.0,0.0,0.00015873015873015873,-0.00015873015873015873,17009.57222792915,True
2019-04-23 13:30:00+00:00,0.0008025173323447099,2.0,0.0,0.00015873015873015873,0.001446304505959261,17034.173248886844,True
2019-04-24 13:30:00+00:00,0.0024081340299417775,2.0,0.0,0.00015873015873015873,0.0046575379011533965,17113.510556408346,True
2019-04-25 13:30:00+00:00,-0.0024023488519197,2.0,0.0,0.00015873015873015873,-0.004963427862569559,17028.568881286294,True
2019-04-26 13:30:00+00:00,-0.0024070572074511576,2.0,0.0,0.00015873015873015873,-0.004972844573632474,16943.888454928263,True
2019-04-29 13:30:00+00:00,0.0007262702398131982,2.0,0.0,0.00015873015873015873,0.0012938103208962376,16965.81063268736,True
2019-04-30 13:30:00+00:00,-0.004035362046419522,2.0,0.0,0.00015873015873015873,-0.008229454251569202,16826.191270244875,True
2019-05-01 13:30:00+00:00,0.0024314725396488157,2.0,0.0,0.00015873015873015873,0.004704214920567473,16905.34529027468,True
2019-05-02 13:30:00+00:00,0.0,2.0,0.0,0.00015873015873015873,-0.00015873015873015873,16902.661902133368,True
2019-05-03 13:30:00+00:00,0.0,2.0,0.0,0.00015873015873015873,-0.00015873015873015873,16899.978939926677,True
2019-05-06 13:30:00+00:00,0.0008086649897156573,2.0,0.0,0.00015873015873015873,0.0014585998207011558,16924.629246178305,True
2019-05-07 13:30:00+00:00,0.0008069920439075506,2.0,0.0,0.00015873015873015873,0.0014552539290849425,16949.25887938711,True
2019-05-08 13:30:00+00:00,0.0,2.0,0.0,0.00015873015873015873,-0.00015873015873015873,16946.56852083483,True
2019-05-09 13:30:00+00:00,0.0,2.0,0.0,0.00015873015873015873,-0.00015873015873015873,16943.878589323584,True
2019-05-10 13:30:00+00:00,0.0,2.0,0.0,0.00015873015873015873,-0.00015873015873015873,16941.189084785598,True
2019-05-13 13:30:00+00:00,0.0008074199702032825,2.0,0.0,0.00015873015873015873,0.0014561097816764062,16965.857315925183,True
2019-05-14 13:30:00+00:00,0.0,2.0,0.0,0.00015873015873015873,-0.00015873015873015873,16963.16432270043,True
2019-05-15 13:30:00+00:00,0.0008063494374894731,2.0,0.0,0.00015873015873015873,0.0014539687162487874,16987.828232954223,True
2019-05-16 13:30:00+00:00,0.0,2.0,0.0,0.00015873015873015873,-0.00015873015873015873,16985.131752282326,True
2019-05-17 13:30:00+00:00,0.0016118781455540798,2.0,0.0,0.00015873015873015873,0.003065026132378001,17037.191624964955,True
2019-05-20 13:30:00+00:00,0.0,2.0,0.0,0.00015873015873015873,-0.00015873015873015873,17034.48730883401,True
2019-05-21 13:30:00+00:00,0.0,2.0,0.0,0.00015873015873015873,-0.00015873015873015873,17031.783421959593,True
2019-05-22 13:30:00+00:00,0.0008045226249215887,2.0,0.0,0.00015873015873015873,0.0014503150911130186,17056.484874485028,True
2019-05-23 13:30:00+00:00,0.0008039355719944297,2.0,0.0,0.00015873015873015873,0.0014491409852587006,17081.20212578109,True
2019-05-24 13:30:00+00:00,0.0,2.0,0.0,0.00015873015873015873,-0.00015873015873015873,17078.490823856362,True
2019-05-28 13:30:00+00:00,-0.0008032897787667581,2.0,0.0,0.00015873015873015873,-0.001765309716263675,17048.341998065887,True
2019-05-29 13:30:00+00:00,0.0008039355719944297,2.0,0.0,0.00015873015873015873,0.0014491409852587006,17073.047449185993,True
2019-05-30 13:30:00+00:00,0.003144459053809223,2.0,0.0,0.00015873015873015873,0.006130187948888288,17177.708438909787,True
2019-05-31 13:30:00+00:00,0.001608082908355568,2.0,0.0,0.00015873015873015873,0.0030574356579809777,17230.22817721331,True
2019-06-03 13:30:00+00:00,0.0008025725054399135,2.0,0.0,0.00015873015873015873,0.0014464148521496684,17255.15023515476,True
2019-06-04 13:30:00+00:00,0.0008013358444070029,2.0,0.0,0.00015873015873015873,0.001443941530083847,17280.065663187135,True
2019-06-05 13:30:00+00:00,0.0008021164116478463,2.0,0.0,0.00015873015873015873,0.0014455026645655339,17305.044044147136,True
2019-06-06 13:30:00+00:00,0.0,2.0,0.0,0.00015873015873015873,-0.00015873015873015873,17302.297211759178,True
2019-06-07 13:30:00+00:00,0.000800526168324156,2.0,0.0,0.00015873015873015873,0.0014423221779181533,17327.25269875663,True
2019-06-10 13:30:00+00:00,0.0,2.0,0.0,0.00015873015873015873,-0.00015873015873015873,17324.502341185398,True
2019-06-11 13:30:00+00:00,0.0,2.0,0.0,0.00015873015873015873,-0.00015873015873015873,17321.752420178862,True
2019-06-12 13:30:00+00:00,0.0016000083301721535,2.0,0.0,0.00015873015873015873,0.0030412865016141485,17374.432831998653,True
2019-06-13 13:30:00+00:00,0.000798371784657359,2.0,0.0,0.00015873015873015873,0.0014380134105845593,17399.417499412364,True
2019-06-14 13:30:00+00:00,0.0023942670742771455,2.0,0.0,0.00015873015873015873,0.004629803989824132,17479.97339197176,True
2019-06-17 13:30:00+00:00,0.0,2.0,0.0,0.00015873015873015873,-0.00015873015873015873,17477.198793020652,True
2019-06-18 13:30:00+00:00,0.0007960649895211169,2.0,0.0,0.00015873015873015873,0.0014333998203120751,17502.250606630125,True
2019-06-19 13:30:00+00:00,0.0007956671089786038,2.0,0.0,0.00015873015873015873,0.001432604059227049,17527.32440189479,True
2019-06-20 13:30:00+00:00,0.0,2.0,0.0,0.00015873015873015873,-0.00015873015873015873,17524.542286910364,True
2019-06-21 13:30:00+00:00,0.0,2.0,0.0,0.00015873015873015873,-0.00015873015873015873,17521.76061353149,True
2019-06-24 13:30:00+00:00,0.0015898339045659071,2.0,0.0,0.00015873015873015873,0.0030209376504016557,17574.69275987023,True
2019-06-25 13:30:00+00:00,-0.0007935377851351344,2.0,0.0,0.00015873015873015873,-0.0017458057290004275,17544.010760564626,True
2019-06-26 13:30:00+00:00,-0.0023829738842087167,2.0,0.0,0.00015873015873015873,-0.004924677927147592,17457.612158018434,True
2019-06-27 13:30:00+00:00,0.0007994800612216579,2.0,0.0,0.00015873015873015873,0.0014402299637131571,17482.75513414329,True
2019-06-28 13:30:00+00:00,0.0,2.0,0.0,0.00015873015873015873,-0.00015873015873015873,17479.980093645812,True
2019-07-01 13:30:00+00:00,0.0,2.0,0.0,0.00015873015873015873,-0.00015873015873015873,17477.205493630947,True
2019-07-02 13:30:00+00:00,0.0007983707353647063,2.0,0.0,0.00015873015873015873,0.0014380113119992538,17502.33791283292,True
2019-07-03 13:30:00+00:00,0.0007985568600819004,2.0,0.0,0.00015873015873015873,0.001438383561433642,17527.512987973394,True
2019-07-05 13:30:00+00:00,-0.0007979196758509666,2.0,0.0,0.00015873015873015873,-0.0017545695104320919,17496.759748090994,True
2019-07-08 13:30:00+00:00,0.0007985568600819004,2.0,0.0,0.00015873015873015873,0.001438383561433642,17521.926799691002,True
2019-07-09 13:30:00+00:00,0.0,2.0,0.0,0.00015873015873015873,-0.00015873015873015873,17519.145541468828,True
2019-07-10 13:30:00+00:00,0.0007968623617928827,2.0,0.0,0.00015873015873015873,0.0014349945648556067,17544.285420101747,True
2019-07-11 13:30:00+00:00,0.0023905618060884315,2.0,0.0,0.00015873015873015873,0.0046223934534467045,17625.382010173023,True
2019-07-12 13:30:00+00:00,0.0007952658320375949,2.0,0.0,0.00015873015873015873,0.0014318015053450311,17650.61805866747,True
2019-07-15 13:30:00+00:00,0.0,2.0,0.0,0.00015873015873015873,-0.00015873015873015873,17647.816373261332,True
2019-07-16 13:30:00+00:00,0.0,2.0,0.0,0.00015873015873015873,-0.00015873015873015873,17645.015132567165,True
2019-07-17 13:30:00+00:00,0.0015882146585672885,2.0,0.0,0.00015873015873015873,0.0030176991584044185,17698.262479882746,True
2019-07-18 13:30:00+00:00,0.0007930233571546985,2.0,0.0,0.00015873015873015873,0.0014273165555792383,17723.523502925265,True
2019-07-19 13:30:00+00:00,0.0007926284387846927,2.0,0.0,0.00015873015873015873,0.0014265267188392267,17748.806582754165,True
2019-07-22 13:30:00+00:00,0.000792117318745289,2.0,0.0,0.00015873015873015873,0.0014255044787604193,17774.107586030532,True
2019-07-23 13:30:00+00:00,0.0,2.0,0.0,0.00015873015873015873,-0.00015873015873015873,17771.286299112115,True
2019-07-24 13:30:00+00:00,0.0,2.0,0.0,0.00015873015873015873,-0.00015873015873015873,17768.465460017018,True
2019-07-25 13:30:00+00:00,-0.0007914903655191763,2.0,0.0,0.00015873015873015873,-0.0017417108897685113,17737.51793023083,True
2019-07-26 13:30:00+00:00,0.000792117318745289,2.0,0.0,0.00015873015873015873,0.0014255044787604193,17762.802841482466,True
2019-07-29 13:30:00+00:00,0.0007914903655190653,2.0,0.0,0.00015873015873015873,0.0014242505723079718,17788.10152359524,True
2019-07-30 13:30:00+00:00,-0.00023932062290443756,2.0,0.0,0.00015873015873015873,-0.0006373714045390339,17776.76389634306,True
2019-07-31 13:30:00+00:00,0.0007938493738666175,2.0,0.0,0.00015873015873015873,0.0014289685890030762,17802.16633356506,True
2019-08-01 13:30:00+00:00,0.0015866721402510997,2.0,0.0,0.00015873015873015873,0.003014614121772041,17855.83299559236,True
2019-08-02 13:30:00+00:00,0.0015838099734823974,2.0,0.0,0.00015873015873015873,0.0030088897882346363,17909.55922915322,True
2019-08-05 13:30:00+00:00,0.0015808413858588999,2.0,0.0,0.00015873015873015873,0.0030029526129876413,17963.340786837856,True
2019-08-06 13:30:00+00:00,-0.002367693169021634,2.0,0.0,0.00015873015873015873,-0.004894116496773427,17875.426104355833,True
2019-08-07 13:30:00+00:00,0.0007912202650854905,2.0,0.0,0.00015873015873015873,0.0014237103714408222,17900.875533894523,True
2019-08-08 13:30:00+00:00,-0.0015813054860823739,2.0,0.0,0.00015873015873015873,-0.0033213411308949062,17841.42061970477,True
2019-08-09 13:30:00+00:00,0.0,2.0,0.0,0.00015873015873015873,-0.00015873015873015873,17838.588648177833,True
2019-08-12 13:30:00+00:00,0.0007919630911499276,2.0,0.0,0.00015873015873015873,0.0014251960235696964,17864.01213378531,True
2019-08-13 13:30:00+00:00,0.012657782488509683,2.0,0.0,0.00015873015873015873,0.025156834818289207,18313.41413622686,True
2019-08-14 13:30:00+00:00,0.0,2.0,0.0,0.00015873015873015873,-0.00015873015873015873,18310.507245094126,True
2019-08-15 13:30:00+00:00,0.002343761735291938,2.0,0.0,0.00015873015873015873,0.004528793311853718,18393.431747842355,True
2019-08-16 13:30:00+00:00,0.0007796177825154516,2.0,0.0,0.00015873015873015873,0.0014005054063007444,18419.19184844563,True
2019-08-19 13:30:00+00:00,0.0,2.0,0.0,0.00015873015873015873,-0.00015873015873015873,18416.268167199843,True
2019-08-20 13:30:00+00:00,0.0007784389110634393,2.0,0.0,0.00015873015873015873,0.00139814766339672,18442.0168295063,True
2019-08-21 13:30:00+00:00,0.0,2.0,0.0,0.00015873015873015873,-0.00015873015873015873,18439.08952524765,True
2019-08-22 13:30:00+00:00,0.0,2.0,0.0,0.00015873015873015873,-0.00015873015873015873,18436.16268564047,True
2019-08-23 13:30:00+00:00,0.0007784045117535943,2.0,0.0,0.00015873015873015873,0.0013980788647770298,18461.937895038853,True
2019-08-26 13:30:00+00:00,-0.000777799069448748,2.0,0.0,0.00015873015873015873,-0.0017143282976276547,18430.288072476345,True
2019-08-27 13:30:00+00:00,-0.0007778334152666044,2.0,0.0,0.00015873015873015873,-0.0017143969892633676,18398.691242093635,True
2019-08-28 13:30:00+00:00,0.0015574493631775876,2.0,0.0,0.00015873015873015873,0.0029561685676250168,18453.080874828946,True
2019-08-29 13:30:00+00:00,-0.0001556739443474564,2.0,0.0,0.00015873015873015873,-0.00047007804742507154,18444.40648660233,True
2019-08-30 13:30:00+00:00,0.003122410618798588,2.0,0.0,0.00015873015873015873,0.006086091078867017,18556.660824375434,True
2019-09-03 13:30:00+00:00,0.0015563457588751994,2.0,0.0,0.00015873015873015873,0.0029539613590202404,18611.476483403083,True
2019-09-04 13:30:00+00:00,0.0,2.0,0.0,0.00015873015873015873,-0.00015873015873015873,18608.52228078667,True
2019-09-05 13:30:00+00:00,0.0,2.0,0.0,0.00015873015873015873,-0.00015873015873015873,18605.56854709131,True
2019-09-06 13:30:00+00:00,0.0,2.0,0.0,0.00015873015873015873,-0.00015873015873015873,18602.61528224256,True
2019-09-09 13:30:00+00:00,0.0007765659990206508,2.0,0.0,0.00015873015873015873,0.001394401839311143,18628.554803208117,True
2019-09-10 13:30:00+00:00,-0.0015524944640942229,2.0,0.0,0.00015873015873015873,-0.0032637190869186043,18567.75643333518,True
2019-09-11 13:30:00+00:00,0.0,2.0,0.0,0.00015873015873015873,-0.00015873015873015873,18564.809170409255,True
2019-09-12 13:30:00+00:00,-0.0007773973731995953,2.0,0.0,0.00015873015873015873,-0.0017135249051293494,18532.997907536785,True
2019-09-13 13:30:00+00:00,-0.0007783435688167861,2.0,0.0,0.00015873015873015873,-0.001715417296363731,18501.206082372722,True
2019-09-16 13:30:00+00:00,0.001557558074185339,2.0,0.0,0.00015873015873015873,0.0029563859896405194,18555.9027888261,True
2019-09-17 13:30:00+00:00,0.0007777384865710335,2.0,0.0,0.00015873015873015873,0.0013967468144119083,18581.82068693493,True
2019-09-18 13:30:00+00:00,0.0,2.0,0.0,0.00015873015873015873,-0.00015873015873015873,18578.871191587798,True
2019-09-19 13:30:00+00:00,0.0007765659990206508,2.0,0.0,0.00015873015873015873,0.001394401839311143,18604.77760374967,True
2019-09-20 13:30:00+00:00,0.0023295931556279736,2.0,0.0,0.00015873015873015873,0.004500456152525789,18688.507589582838,True
2019-09-23 13:30:00+00:00,0.0007742731986057905,2.0,0.0,0.00015873015873015873,0.0013898162384814222,18714.481180903822,True
2019-09-24 13:30:00+00:00,0.0007743532220936267,2.0,0.0,0.00015873015873015873,0.0013899762854570946,18740.49386593991,True
2019-09-25 13:30:00+00:00,0.0,2.0,0.0,0.00015873015873015873,-0.00015873015873015873,18737.519184373887,True
2019-09-26 13:30:00+00:00,-0.001546829593050858,2.0,0.0,0.00015873015873015873,-0.0032523893448318745,18676.57747663005,True
2019-09-27 13:30:00+00:00,-0.0001556248354130929,2.0,0.0,0.00015873015873015873,-0.00046997982955634455,18667.799861930886,True
2019-09-30 13:30:00+00:00,0.0007779054462557777,2.0,0.0,0.00015873015873015873,0.0013970807337813967,18693.880285460073,True
2019-10-01 13:30:00+00:00,0.0,2.0,0.0,0.00015873015873015873,-0.00015873015873015873,18690.91300287508,True
2019-10-02 13:30:00+00:00,0.0007766216178586305,2.0,0.0,0.00015873015873015873,0.0013945130769871022,18716.977725478417,True
2019-10-03 13:30:00+00:00,0.0015528296301925426,2.0,0.0,0.00015873015873015873,0.0029469291016549267,18772.135331832655,True
2019-10-04 13:30:00+00:00,0.0007750416487484202,2.0,0.0,0.00015873015873015873,0.0013913531387666816,18798.254001247948,True
2019-10-07 13:30:00+00:00,0.0,2.0,0.0,0.00015873015873015873,-0.00015873015873015873,18795.270151406483,True
2019-10-08 13:30:00+00:00,0.0,2.0,0.0,0.00015873015873015873,-0.00015873015873015873,18792.286775191973,True
2019-10-09 13:30:00+00:00,0.0,2.0,0.0,0.00015873015873015873,-0.00015873015873015873,18789.303872529243,True
2019-10-10 13:30:00+00:00,0.0,2.0,0.0,0.00015873015873015873,-0.00015873015873015873,18786.321443343128,True
2019-10-11 13:30:00+00:00,-0.0007744414243899822,2.0,0.0,0.00015873015873015873,-0.0017076130075101231,18754.24167648321,True
2019-10-14 13:30:00+00:00,0.0,2.0,0.0,0.00015873015873015873,-0.00015873015873015873,18751.26481272504,True
2019-10-15 13:30:00+00:00,0.0007750416487484202,2.0,0.0,0.00015873015873015873,0.0013913531387666816,18777.354443878066,True
2019-10-16 13:30:00+00:00,0.0,2.0,0.0,0.00015873015873015873,-0.00015873015873015873,18774.373911426657,True
2019-10-17 13:30:00+00:00,0.0,2.0,0.0,0.00015873015873015873,-0.00015873015873015873,18771.39385207564,True
2019-10-18 13:30:00+00:00,0.0,2.0,0.0,0.00015873015873015873,-0.00015873015873015873,18768.414265749914,True
2019-10-21 13:30:00+00:00,0.0007743285814023615,2.0,0.0,0.00015873015873015873,0.0013899270040745643,18794.500991561537,True
2019-10-22 13:30:00+00:00,0.0007740677275998031,2.0,0.0,0.00015873015873015873,0.0013894052964694475,18820.61417078371,True
2019-10-23 13:30:00+00:00,0.0023200690252083156,2.0,0.0,0.00015873015873015873,0.004481407891686473,18904.957019655045,True
2019-10-24 13:30:00+00:00,0.0007716786624385463,2.0,0.0,0.00015873015873015873,0.001384627166146934,18931.133336719296,True
2019-10-25 13:30:00+00:00,-0.0015421672673031628,2.0,0.0,0.00015873015873015873,-0.003243064693336484,18869.738446590138,True
2019-10-28 13:30:00+00:00,0.003861260556903945,2.0,0.0,0.00015873015873015873,0.007563790955077731,19012.46520357714,True
2019-10-29 13:30:00+00:00,0.0015382720678502881,2.0,0.0,0.00015873015873015873,0.0029178139769704178,19067.940040284797,True
2019-10-30 13:30:00+00:00,0.0005405389680370742,2.0,0.0,0.00015873015873015873,0.0009223477773439898,19085.52731239948,True
2019-10-31 13:30:00+00:00,0.0015403356240801802,2.0,0.0,0.00015873015873015873,0.002921941089430202,19141.29409886702,True
2019-11-01 13:30:00+00:00,0.0,2.0,0.0,0.00015873015873015873,-0.00015873015873015873,19138.255798216407,True
2019-11-04 14:30:00+00:00,0.0,2.0,0.0,0.00015873015873015873,-0.00015873015873015873,19135.21797983574,True
2019-11-05 14:30:00+00:00,-0.0007694299485450085,2.0,0.0,0.00015873015873015873,-0.0016975900558201756,19102.73422407722,True
2019-11-06 14:30:00+00:00,0.0,2.0,0.0,0.00015873015873015873,-0.00015873015873015873,19099.702044041653,True
2019-11-07 14:30:00+00:00,0.0,2.0,0.0,0.00015873015873015873,-0.00015873015873015873,19096.6703453045,True
2019-11-08 14:30:00+00:00,0.0,2.0,0.0,0.00015873015873015873,-0.00015873015873015873,19093.639127789374,True
2019-11-11 14:30:00+00:00,0.0,2.0,0.0,0.00015873015873015873,-0.00015873015873015873,19090.608391419886,True
2019-11-12 14:30:00+00:00,0.0007700224268611944,2.0,0.0,0.00015873015873015873,0.00138131469499223,19116.978529327294,True
2019-11-13 14:30:00+00:00,0.0007695416057715843,2.0,0.0,0.00015873015873015873,0.0013803530528130098,19143.36670900081,True
2019-11-14 14:30:00+00:00,0.0007686151527528384,2.0,0.0,0.00015873015873015873,0.0013785001467755181,19169.755842818944,True
2019-11-15 14:30:00+00:00,0.0,2.0,0.0,0.00015873015873015873,-0.00015873015873015873,19166.713024431196,True
2019-11-18 14:30:00+00:00,0.0007679133515470227,2.0,0.0,0.00015873015873015873,0.0013770965443638866,19193.10743870395,True
2019-11-19 14:30:00+00:00,0.0007674355132483157,2.0,0.0,0.00015873015873015873,0.0013761408677664727,19219.51985822978,True
2019-11-20 14:30:00+00:00,0.0007669583223270937,2.0,0.0,0.00015873015873015873,0.0013751864859240287,19245.950282204765,True
2019-11-21 14:30:00+00:00,0.0,2.0,0.0,0.00015873015873015873,-0.00015873015873015873,19242.895369461563,True
2019-11-22 14:30:00+00:00,0.0,2.0,0.0,0.00015873015873015873,-0.00015873015873015873,19239.840941625138,True
2019-11-25 14:30:00+00:00,-0.0015326298667170946,2.0,0.0,0.00015873015873015873,-0.0032239898921643476,19177.811888902488,True
2019-11-26 14:30:00+00:00,0.0007674355132483157,2.0,0.0,0.00015873015873015873,0.0013761408677664727,19204.203259597143,True
2019-11-27 14:30:00+00:00,0.0013856454566514298,2.0,0.0,0.00015873015873015873,0.002612560754572701,19254.375407356,True
2019-11-29 14:30:00+00:00,0.0007688983988083375,2.0,0.0,0.00015873015873015873,0.0013790666388865164,19280.92847413288,True
2019-12-02 14:30:00+00:00,-0.0007683076482877249,2.0,0.0,0.00015873015873015873,-0.0016953454553056085,19248.240639670188,True
2019-12-03 14:30:00+00:00,0.0015371298335580263,2.0,0.0,0.00015873015873015873,0.002915529508385894,19304.35945323966,True
2019-12-04 14:30:00+00:00,-0.0007670523756592162,2.0,0.0,0.00015873015873015873,-0.0016928349100485912,19271.680359641086,True
2019-12-05 14:30:00+00:00,0.0,2.0,0.0,0.00015873015873015873,-0.00015873015873015873,19268.621362758608,True
2019-12-06 14:30:00+00:00,0.0,2.0,0.0,0.00015873015873015873,-0.00015873015873015873,19265.562851431187,True
2019-12-09 14:30:00+00:00,0.0007676411966628383,2.0,0.0,0.00015873015873015873,0.0013765522345955178,19292.08290502506,True
2019-12-10 14:30:00+00:00,0.0,2.0,0.0,0.00015873015873015873,-0.00015873015873015873,19289.020669643312,True
2019-12-11 14:30:00+00:00,0.0,2.0,0.0,0.00015873015873015873,-0.00015873015873015873,19285.95892033067,True
2019-12-12 14:30:00+00:00,-0.0007670523756592162,2.0,0.0,0.00015873015873015873,-0.0016928349100485912,19253.310975796572,True
2019-12-13 14:30:00+00:00,0.0,2.0,0.0,0.00015873015873015873,-0.00015873015873015873,19250.254894689304,True
2019-12-16 14:30:00+00:00,0.0007676411966628383,2.0,0.0,0.00015873015873015873,0.0013765522345955178,19276.753876081122,True
2019-12-17 14:30:00+00:00,0.0,2.0,0.0,0.00015873015873015873,-0.00015873015873015873,19273.69407387857,True
2019-12-18 14:30:00+00:00,-0.0015347706917400172,2.0,0.0,0.00015873015873015873,-0.003228271542210193,19211.473355786602,True
2019-12-19 14:30:00+00:00,0.0,2.0,0.0,0.00015873015873015873,-0.00015873015873015873,19208.4239155714,True
2019-12-20 14:30:00+00:00,0.0007688983988083375,2.0,0.0,0.00015873015873015873,0.0013790666388865164,19234.91361217895,True
2019-12-23 14:30:00+00:00,0.0,2.0,0.0,0.00015873015873015873,-0.00015873015873015873,19231.86045128813,True
2019-12-24 14:30:00+00:00,0.0,2.0,0.0,0.00015873015873015873,-0.00015873015873015873,19228.807775026016,True
2019-12-26 14:30:00+00:00,-0.0007683076482877249,2.0,0.0,0.00015873015873015873,-0.0016953454553056085,19196.208303153682,True
2019-12-27 14:30:00+00:00,0.0,2.0,0.0,0.00015873015873015873,-0.00015873015873015873,19193.16128596271,True
2019-12-30 14:30:00+00:00,-0.00023165884966258599,2.0,0.0,0.00015873015873015873,-0.0006220478580553307,19181.222221095464,True
2019-12-31 14:30:00+00:00,0.0,2.0,0.0,0.00015873015873015873,-0.00015873015873015873,19178.17758264767,True
2020-01-02 14:30:00+00:00,0.0007715226637423633,2.0,0.0,0.00015873015873015873,0.001384315168754568,19204.726224784397,True
2020-01-03 14:30:00+00:00,0.0015423001536967185,2.0,0.0,0.00015873015873015873,0.0029258701486632784,19260.91675995874,True
2020-01-06 14:30:00+00:00,0.0,2.0,0.0,0.00015873015873015873,-0.00015873015873015873,19257.859471584143,True
2020-01-07 14:30:00+00:00,0.0,2.0,0.0,0.00015873015873015873,-0.00015873015873015873,19254.80266849342,True
2020-01-08 14:30:00+00:00,0.0,2.0,0.0,0.00015873015873015873,-0.00015873015873015873,19251.74635060953,True
2020-01-09 14:30:00+00:00,0.0015397032676762734,2.0,0.0,0.00015873015873015873,0.0029206763766223883,19307.97447138448,True
2020-01-10 14:30:00+00:00,0.0015371147078773184,2.0,0.0,0.00015873015873015873,0.0029154992570244783,19364.266856610448,True
2020-01-13 14:30:00+00:00,0.0,2.0,0.0,0.00015873015873015873,-0.00015873015873015873,19361.193163458607,True
2020-01-14 14:30:00+00:00,0.0007671566280142983,2.0,0.0,0.00015873015873015873,0.0013755830972984379,19387.82609351779,True
2020-01-15 14:30:00+00:00,0.0007667895585341533,2.0,0.0,0.00015873015873015873,0.001374848958338148,19414.4814260269,True
2020-01-16 14:30:00+00:00,0.0,2.0,0.0,0.00015873015873015873,-0.00015873015873015873,19411.399762308487,True
2020-01-17 14:30:00+00:00,0.003831783151681867,2.0,0.0,0.00015873015873015873,0.007504836144633575,19557.079136862587,True
2020-01-21 14:30:00+00:00,0.001526334662844686,2.0,0.0,0.00015873015873015873,0.0028939391669592137,19613.676134168072,True
2020-01-22 14:30:00+00:00,0.0,2.0,0.0,0.00015873015873015873,-0.00015873015873015873,19610.562852242016,True
2020-01-23 14:30:00+00:00,0.000762553410589506,2.0,0.0,0.00015873015873015873,0.0013663766624488532,19637.358267660802,True
2020-01-24 14:30:00+00:00,0.0007615333785708778,2.0,0.0,0.00015873015873015873,0.0013643365984115968,19664.15023424149,True
2020-01-27 14:30:00+00:00,0.0,2.0,0.0,0.00015873015873015873,-0.00015873015873015873,19661.028940553515,True
2020-01-28 14:30:00+00:00,-0.0007609538867866528,2.0,0.0,0.00015873015873015873,-0.0016806379323034643,19627.985869527907,True
2020-01-29 14:30:00+00:00,0.0030464627548281165,2.0,0.0,0.00015873015873015873,0.005934195350926074,19744.4621720229,True
2020-01-30 14:30:00+00:00,0.0005337191691836551,2.0,0.0,0.00015873015873015873,0.0009087081796371515,19762.404126301153,True
2020-01-31 14:30:00+00:00,0.001522551876993905,2.0,0.0,0.00015873015873015873,0.0028863735952576516,19819.445807750115,True
2020-02-03 14:30:00+00:00,0.0007607191574896532,2.0,0.0,0.00015873015873015873,0.0013627081562491478,19846.45392820467,True
2020-02-04 14:30:00+00:00,-0.0007601409037417683,2.0,0.0,0.00015873015873015873,-0.0016790119662136954,19813.13149457231,True
2020-02-05 14:30:00+00:00,-0.0007601732129242089,2.0,0.0,0.00015873015873015873,-0.0016790765845785766,19779.8637294126,True
2020-02-06 14:30:00+00:00,0.0007607515158483125,2.0,0.0,0.00015873015873015873,0.0013627728729664662,19806.81919113401,True
2020-02-07 14:30:00+00:00,0.0007607191574896532,2.0,0.0,0.00015873015873015873,0.0013627081562491478,19833.81010519512,True
2020-02-10 14:30:00+00:00,0.0007599226919134949,2.0,0.0,0.00015873015873015873,0.0013611152250968311,19860.806206100977,True
2020-02-11 14:30:00+00:00,0.0,2.0,0.0,0.00015873015873015873,-0.00015873015873015873,19857.653697179376,True
2020-02-12 14:30:00+00:00,0.0022779279207088,2.0,0.0,0.00015873015873015873,0.004397125682687441,19944.970296249157,True
2020-02-13 14:30:00+00:00,0.0007577286198101607,2.0,0.0,0.00015873015873015873,0.0013567270808901627,19972.030177577624,True
2020-02-14 14:30:00+00:00,0.0007565027443332539,2.0,0.0,0.00015873015873015873,0.0013542753299363491,19999.077805335863,True
2020-02-18 14:30:00+00:00,0.0015133823117170486,2.0,0.0,0.00015873015873015873,0.0028680344647039387,20056.43584974386,True
2020-02-19 14:30:00+00:00,0.0,2.0,0.0,0.00015873015873015873,-0.00015873015873015873,20053.252288497868,True
2020-02-20 14:30:00+00:00,0.0007552223833859895,2.0,0.0,0.00015873015873015873,0.0013517146080418202,20080.358562554975,True
2020-02-21 14:30:00+00:00,0.001509304905923603,2.0,0.0,0.00015873015873015873,0.0028598796531170475,20137.785971435318,True
2020-02-24 14:30:00+00:00,0.0007535151688209396,2.0,0.0,0.00015873015873015873,0.0013483001789117205,20164.93775186349,True
2020-02-25 14:30:00+00:00,-0.0007529478112237031,2.0,0.0,0.00015873015873015873,-0.001664625781177565,20131.3706766059,True
2020-02-26 14:30:00+00:00,0.0015074631435973984,2.0,0.0,0.00015873015873015873,0.0028561961284646383,20188.869819593107,True
2020-02-27 14:30:00+00:00,-0.0001513621131663534,2.0,0.0,0.00015873015873015873,-0.0004614543850628655,20179.55357708539,True
2020-02-28 14:30:00+00:00,-0.0007555204208784527,2.0,0.0,0.00015873015873015873,-0.0016697710004870642,20145.8583437196,True
2020-03-02 14:30:00+00:00,0.0015119670537815377,2.0,0.0,0.00015873015873015873,0.002865203948832917,20203.58033659865,True
2020-03-03 14:30:00+00:00,0.0,2.0,0.0,0.00015873015873015873,-0.00015873015873015873,20200.373419084903,True
2020-03-04 14:30:00+00:00,0.0,2.0,0.0,0.00015873015873015873,-0.00015873015873015873,20197.167010605684,True
2020-03-05 14:30:00+00:00,0.0007546262834532413,2.0,0.0,0.00015873015873015873,0.001350522408176324,20224.443737235186,True
2020-03-06 14:30:00+00:00,0.001508761856118035,2.0,0.0,0.00015873015873015873,0.0028587935535059113,20282.261246614435,True
2020-03-09 13:30:00+00:00,-0.0037656836603802146,2.0,0.0,0.00015873015873015873,-0.007690097479490588,20126.288680523478,True
2020-03-10 13:30:00+00:00,-0.003023393424165244,2.0,0.0,0.00015873015873015873,-0.006205517007060646,20001.39465382748,True
2020-03-11 13:30:00+00:00,-0.003790729681568461,2.0,0.0,0.00015873015873015873,-0.0077401895218670805,19846.580068505195,True
2020-03-12 13:30:00+00:00,-0.017503338179100658,2.0,0.0,0.00015873015873015873,-0.03516540651693147,19148.66701242538,True
2020-03-13 13:30:00+00:00,-0.003098775848897062,2.0,0.0,0.00015873015873015873,-0.006356281856524282,19026.952687717676,True
2020-03-16 13:30:00+00:00,-0.02408757833965458,2.0,0.0,0.00015873015873015873,-0.04833388683803932,18107.306109636804,True
2020-03-17 13:30:00+00:00,-0.019107705650368345,2.0,0.0,0.00015873015873015873,-0.03837414145946685,17412.453783535733,True
2020-03-18 13:30:00+00:00,-0.026785807599667533,2.0,0.0,0.00015873015873015873,-0.05373034535806522,16476.87662821501,True
2020-03-19 13:30:00+00:00,-0.10592183947709632,2.0,0.0,0.00015873015873015873,-0.2120024091129228,12983.739088377015,True
2020-03-20 13:30:00+00:00,-0.1725741198074764,2.0,0.0,0.00015873015873015873,-0.3453069697736829,8500.363487437427,True
2020-03-23 13:30:00+00:00,-0.13754274402744904,2.0,0.0,0.00015873015873015873,-0.2752442182136282,6160.687584806043,True
2020-03-24 13:30:00+00:00,-0.014378578199105263,2.0,0.0,0.00015873015873015873,-0.028915886556940686,5982.545841491038,True
2020-03-25 13:30:00+00:00,-0.039788324851907086,2.0,0.0,0.00015873015873015873,-0.07973537986254434,5505.525276274665,True
2020-03-26 13:30:00+00:00,0.04834307583899444,2.0,0.0,0.00015873015873015873,0.09652742151925872,6036.959435302562,True
2020-03-27 13:30:00+00:00,0.0329378851934361,2.0,0.0,0.00015873015873015873,0.06571704022814204,6433.690541368002,True
2020-03-30 13:30:00+00:00,0.026430401709186535,2.0,0.0,0.00015873015873015873,0.05270207325964291,6772.75937160905,True
2020-03-31 13:30:00+00:00,0.020000094224341236,2.0,0.0,0.00015873015873015873,0.039841458289952315,7042.595981620895,True
2020-04-01 13:30:00+00:00,0.0012256483652837158,2.0,0.0,0.00015873015873015873,0.002292566571837273,7058.741601747313,True
2020-04-02 13:30:00+00:00,0.0,2.0,0.0,0.00015873015873015873,-0.00015873015873015873,7057.621166572433,True
2020-04-03 13:30:00+00:00,-0.0012241479903004615,2.0,0.0,0.00015873015873015873,-0.0026070261393310815,7039.221763709682,True
2020-04-06 13:30:00+00:00,0.0012256483652837158,2.0,0.0,0.00015873015873015873,0.002292566571837273,7055.359648216911,True
2020-04-07 13:30:00+00:00,0.007343669364451744,2.0,0.0,0.00015873015873015873,0.014528608570173329,7157.86420686765,True
2020-04-08 13:30:00+00:00,0.0,2.0,0.0,0.00015873015873015873,-0.00015873015873015873,7156.728037945925,True
2020-04-09 13:30:00+00:00,0.009721099055168603,2.0,0.0,0.00015873015873015873,0.019283467951607045,7294.734573704022,True
2020-04-13 13:30:00+00:00,0.018050295913434544,2.0,0.0,0.00015873015873015873,0.03594186166813893,7556.920914657882,True
2020-04-14 13:30:00+00:00,0.004727648907743465,2.0,0.0,0.00015873015873015873,0.00929656765675677,7627.174341217758,True
2020-04-15 13:30:00+00:00,0.00117695740280932,2.0,0.0,0.00015873015873015873,0.0021951846468884813,7643.917397230741,True
2020-04-16 13:30:00+00:00,0.0,2.0,0.0,0.00015873015873015873,-0.00015873015873015873,7642.704077008958,True
2020-04-17 13:30:00+00:00,0.007050434522761995,2.0,0.0,0.00015873015873015873,0.01394213888679383,7749.259718721282,True
2020-04-20 13:30:00+00:00,0.0,2.0,0.0,0.00015873015873015873,-0.00015873015873015873,7748.029677496088,True
2020-04-21 13:30:00+00:00,-0.0011668456515956382,2.0,0.0,0.00015873015873015873,-0.002492421461921435,7728.718322040292,True
2020-04-22 13:30:00+00:00,0.005840960779022852,2.0,0.0,0.00015873015873015873,0.011523191399315546,7817.777822536559,True
2020-04-23 13:30:00+00:00,0.0,2.0,0.0,0.00015873015873015873,-0.00015873015873015873,7816.536905421872,True
2020-04-24 13:30:00+00:00,0.006968879973233255,2.0,0.0,0.00015873015873015873,0.013779029787736352,7924.241200278619,True
2020-04-27 13:30:00+00:00,0.008073791840938593,2.0,0.0,0.00015873015873015873,0.015988853523147026,8050.94073211196,True
2020-04-28 13:30:00+00:00,0.005720503367194096,2.0,0.0,0.00015873015873015873,0.011282276575658034,8141.773672145877,True
2020-04-29 13:30:00+00:00,0.008922582525737521,2.0,0.0,0.00015873015873015873,0.017686434892744882,8285.77262210975,True
2020-04-30 13:30:00+00:00,0.0011335946553541199,2.0,0.0,0.00015873015873015873,0.002108459151978081,8303.242835226045,True
2020-05-01 13:30:00+00:00,0.0,2.0,0.0,0.00015873015873015873,-0.00015873015873015873,8301.924860172834,True
2020-05-04 13:30:00+00:00,0.0011326314558530726,2.0,0.0,0.00015873015873015873,0.0021065327529759866,8319.413136803534,True
2020-05-05 13:30:00+00:00,0.0,2.0,0.0,0.00015873015873015873,-0.00015873015873015873,8318.092595035787,True
2020-05-06 13:30:00+00:00,0.0033942901744477005,2.0,0.0,0.00015873015873015873,0.0066298501901652426,8373.240302808796,True
2020-05-07 13:30:00+00:00,0.0022540092804361755,2.0,0.0,0.00015873015873015873,0.004349288402142193,8409.657939746152,True
2020-05-08 13:30:00+00:00,0.005624697243522769,2.0,0.0,0.00015873015873015873,0.01109066432831538,8502.926633071827,True
2020-05-11 13:30:00+00:00,0.0011182993116716222,2.0,0.0,0.00015873015873015873,0.002077868464613086,8520.594596179606,True
2020-05-12 13:30:00+00:00,0.0033519405624398146,2.0,0.0,0.00015873015873015873,0.006545150966149471,8576.36317413296,True
2020-05-13 13:30:00+00:00,0.0,2.0,0.0,0.00015873015873015873,-0.00015873015873015873,8575.001846645,True
2020-05-14 13:30:00+00:00,0.0011137908843832367,2.0,0.0,0.00015873015873015873,0.002068851610036315,8592.742253021495,True
2020-05-15 13:30:00+00:00,0.0011122370542349103,2.0,0.0,0.00015873015873015873,0.002065743949739662,8610.492658342348,True
2020-05-18 13:30:00+00:00,0.009999955207895539,2.0,0.0,0.00015873015873015873,0.019841180257060918,8781.334995278617,True
2020-05-19 13:30:00+00:00,0.0,2.0,0.0,0.00015873015873015873,-0.00015873015873015873,8779.941132580954,True
2020-05-20 13:30:00+00:00,0.001100468220284423,2.0,0.0,0.00015873015873015873,0.0020422062818386873,8797.871583516084,True
2020-05-21 13:30:00+00:00,0.00549403875305976,2.0,0.0,0.00015873015873015873,0.010829347347389362,8893.146790811705,True
2020-05-22 13:30:00+00:00,0.0,2.0,0.0,0.00015873015873015873,-0.00015873015873015873,8891.73518020999,True
2020-05-26 13:30:00+00:00,0.006558044315359446,2.0,0.0,0.00015873015873015873,0.012957358471988733,9006.948580377963,True
2020-05-27 13:30:00+00:00,0.013028483018210801,2.0,0.0,0.00015873015873015873,0.025898235877691442,9240.212659250828,True
2020-05-28 13:30:00+00:00,0.0035535030066964346,2.0,0.0,0.00015873015873015873,0.006948275854662711,9304.41620576305,True
2020-05-29 13:30:00+00:00,0.0010728207587153982,2.0,0.0,0.00015873015873015873,0.001986911358700638,9322.903256008356,True
2020-06-01 13:30:00+00:00,0.00214432299560241,2.0,0.0,0.00015873015873015873,0.004129915832474662,9361.406061769974,True
2020-06-02 13:30:00+00:00,0.003207907990880221,2.0,0.0,0.00015873015873015873,0.006257085823030284,9419.981182922704,True
2020-06-03 13:30:00+00:00,0.007462759938544616,2.0,0.0,0.00015873015873015873,0.014766789718359074,9559.084064201823,True
2020-06-04 13:30:00+00:00,0.0031747086510511835,2.0,0.0,0.00015873015873015873,0.0061906871433722085,9618.26136302049,True
2020-06-05 13:30:00+00:00,0.01160363606389625,2.0,0.0,0.00015873015873015873,0.02304854196906234,9839.948263715478,True
2020-06-08 13:30:00+00:00,0.0010427626655289401,2.0,0.0,0.00015873015873015873,0.0019267951723277216,9858.907828525958,True
2020-06-09 13:30:00+00:00,0.007292101767938597,2.0,0.0,0.00015873015873015873,0.014425473377147035,10001.127240934105,True
2020-06-10 13:30:00+00:00,0.0,2.0,0.0,0.00015873015873015873,-0.00015873015873015873,9999.539760419671,True
2020-06-11 13:30:00+00:00,-0.0020690716557931754,2.0,0.0,0.00015873015873015873,-0.004296873470316509,9956.573003307749,True
2020-06-12 13:30:00+00:00,0.00310905753565649,2.0,0.0,0.00015873015873015873,0.006059384912582821,10016.90371154502,True
2020-06-15 13:30:00+00:00,0.0,2.0,0.0,0.00015873015873015873,-0.00015873015873015873,10015.313726828903,True
2020-06-16 13:30:00+00:00,0.005165483917488611,2.0,0.0,0.00015873015873015873,0.010172237676247064,10117.191878460386,True
2020-06-17 13:30:00+00:00,0.0,2.0,0.0,0.00015873015873015873,-0.00015873015873015873,10115.585974987613,True
2020-06-18 13:30:00+00:00,0.0,2.0,0.0,0.00015873015873015873,-0.00015873015873015873,10113.980326420156,True
2020-06-19 13:30:00+00:00,0.0030829870571122964,2.0,0.0,0.00015873015873015873,0.006007243955494434,10174.737473602032,True
2020-06-22 13:30:00+00:00,0.0010244557339984528,2.0,0.0,0.00015873015873015873,0.0018901813092667469,10193.96957220133,True
2020-06-23 13:30:00+00:00,0.0,2.0,0.0,0.00015873015873015873,-0.00015873015873015873,10192.351481793043,True
2020-06-24 13:30:00+00:00,0.0,2.0,0.0,0.00015873015873015873,-0.00015873015873015873,10190.733648224505,True
2020-06-25 13:30:00+00:00,0.0,2.0,0.0,0.00015873015873015873,-0.00015873015873015873,10189.116071454944,True
2020-06-26 13:30:00+00:00,-0.0010234072985232379,2.0,0.0,0.00015873015873015873,-0.0022055447557766342,10166.643519937548,True
2020-06-29 13:30:00+00:00,-0.00020592981205136418,2.0,0.0,0.00015873015873015873,-0.0005705897828328871,10160.842537019367,True
2020-06-30 13:30:00+00:00,0.0010292118398751438,2.0,0.0,0.00015873015873015873,0.0018996935210201288,10180.145023755047,True
2020-07-01 13:30:00+00:00,0.0010277212306881722,2.0,0.0,0.00015873015873015873,0.0018967123026461857,10199.453830064325,True
2020-07-02 13:30:00+00:00,0.0,2.0,0.0,0.00015873015873015873,-0.00015873015873015873,10197.834869138918,True
2020-07-06 13:30:00+00:00,0.0010266661041362646,2.0,0.0,0.00015873015873015873,0.0018946020495423704,10217.155707982882,True
2020-07-07 13:30:00+00:00,0.0,2.0,0.0,0.00015873015873015873,-0.00015873015873015873,10215.533937235583,True
2020-07-08 13:30:00+00:00,0.0,2.0,0.0,0.00015873015873015873,-0.00015873015873015873,10213.912423912212,True
2020-07-09 13:30:00+00:00,0.002051010516634255,2.0,0.0,0.00015873015873015873,0.003943290874538352,10254.18885156676,True
2020-07-10 13:30:00+00:00,0.008188613659029897,2.0,0.0,0.00015873015873015873,0.016218497159329635,10420.496384327123,True
2020-07-13 13:30:00+00:00,0.0010150584324246648,2.0,0.0,0.00015873015873015873,0.0018713867061191708,10439.997162731914,True
2020-07-14 13:30:00+00:00,0.0,2.0,0.0,0.00015873015873015873,-0.00015873015873015873,10438.34002032513,True
2020-07-15 13:30:00+00:00,-0.0010140291336018237,2.0,0.0,0.00015873015873015873,-0.002186788425933806,10415.51357918272,True
2020-07-16 13:30:00+00:00,0.0010150584324246648,2.0,0.0,0.00015873015873015873,0.0018713867061191708,10435.005032832205,True
2020-07-17 13:30:00+00:00,0.0,2.0,0.0,0.00015873015873015873,-0.00015873015873015873,10433.348682826994,True
2020-07-20 13:30:00+00:00,0.0,2.0,0.0,0.00015873015873015873,-0.00015873015873015873,10431.692595734483,True
2020-07-21 13:30:00+00:00,0.0010144558536748782,2.0,0.0,0.00015873015873015873,0.0018701815486195977,10451.201754747897,True
2020-07-22 13:30:00+00:00,0.001013072536249382,2.0,0.0,0.00015873015873015873,0.0018674149137686052,10470.718484771518,True
2020-07-23 13:30:00+00:00,0.0,2.0,0.0,0.00015873015873015873,-0.00015873015873015873,10469.05646596441,True
2020-07-24 13:30:00+00:00,0.0,2.0,0.0,0.00015873015873015873,-0.00015873015873015873,10467.394710969813,True
2020-07-27 13:30:00+00:00,0.0,2.0,0.0,0.00015873015873015873,-0.00015873015873015873,10465.733219745849,True
2020-07-28 13:30:00+00:00,0.0010119762829325918,2.0,0.0,0.00015873015873015873,0.0018652224071350248,10485.254139854416,True
2020-07-29 13:30:00+00:00,0.010111375733761863,2.0,0.0,0.00015873015873015873,0.020064021308793565,10695.630502344571,True
2020-07-30 13:30:00+00:00,0.0008037272165268838,2.0,0.0,0.00015873015873015873,0.001448724274323609,10711.125521882512,True
2020-07-31 13:30:00+00:00,0.0,2.0,0.0,0.00015873015873015873,-0.00015873015873015873,10709.425343228246,True
2020-08-03 13:30:00+00:00,0.0,2.0,0.0,0.00015873015873015873,-0.00015873015873015873,10707.725434443606,True
2020-08-04 13:30:00+00:00,0.0,2.0,0.0,0.00015873015873015873,-0.00015873015873015873,10706.025795485759,True
2020-08-05 13:30:00+00:00,0.001003887266398662,2.0,0.0,0.00015873015873015873,0.0018490443740671653,10725.821712251518,True
2020-08-06 13:30:00+00:00,0.005015313318698533,2.0,0.0,0.00015873015873015873,0.009871896478666908,10831.705913843502,True
2020-08-07 13:30:00+00:00,0.0009981547001045588,2.0,0.0,0.00015873015873015873,0.0018375792414789588,10851.610031780583,True
2020-08-10 13:30:00+00:00,0.002991129899214906,2.0,0.0,0.00015873015873015873,0.0058235296396996535,10914.804704439119,True
2020-08-11 13:30:00+00:00,0.0,2.0,0.0,0.00015873015873015873,-0.00015873015873015873,10913.072195755874,True
2020-08-12 13:30:00+00:00,0.004970164361795204,2.0,0.0,0.00015873015873015873,0.00978159856486025,11019.819487084096,True
2020-08-13 13:30:00+00:00,0.0019779157501171873,2.0,0.0,0.00015873015873015873,0.003797101341504216,11061.662858441636,True
2020-08-14 13:30:00+00:00,0.000987384947034542,2.0,0.0,0.00015873015873015873,0.0018160397353389251,11081.751277731488,True
2020-08-17 13:30:00+00:00,0.000986273193541054,2.0,0.0,0.00015873015873015873,0.0018138162283519493,11101.851538037597,True
2020-08-18 13:30:00+00:00,0.000984957291216615,2.0,0.0,0.00015873015873015873,0.001811184423703071,11121.959038617555,True
2020-08-19 13:30:00+00:00,0.0,2.0,0.0,0.00015873015873015873,-0.00015873015873015873,11120.193648293965,True
2020-08-20 13:30:00+00:00,0.0,2.0,0.0,0.00015873015873015873,-0.00015873015873015873,11118.428538191063,True
2020-08-21 13:30:00+00:00,0.0009843318922915234,2.0,0.0,0.00015873015873015873,0.001809933625852888,11138.552155868978,True
2020-08-24 13:30:00+00:00,0.0,2.0,0.0,0.00015873015873015873,-0.00015873015873015873,11136.784131717252,True
2020-08-25 13:30:00+00:00,0.0009832952459547517,2.0,0.0,0.00015873015873015873,0.0018078603331793447,11156.917881988164,True
2020-08-26 13:30:00+00:00,0.0,2.0,0.0,0.00015873015873015873,-0.00015873015873015873,11155.146942641819,True
2020-08-27 13:30:00+00:00,0.020629053094917138,2.0,0.0,0.00015873015873015873,0.04109937603110412,11613.616521519674,True
2020-08-28 13:30:00+00:00,0.0007723999862032649,2.0,0.0,0.00015873015873015873,0.001386069813676371,11629.713804807765,True
2020-08-31 13:30:00+00:00,0.0,2.0,0.0,0.00015873015873015873,-0.00015873015873015873,11627.867818489542,True
2020-09-01 13:30:00+00:00,0.0057918208275646865,2.0,0.0,0.00015873015873015873,0.011424911496399215,11760.715179207613,True
2020-09-02 13:30:00+00:00,0.0019188661676514673,2.0,0.0,0.00015873015873015873,0.003679002176572776,11803.98287594997,True
2020-09-03 13:30:00+00:00,0.0009578289264335904,2.0,0.0,0.00015873015873015873,0.001756927694137022,11824.721620365843,True
2020-09-04 13:30:00+00:00,-0.0009569123680873703,2.0,0.0,0.00015873015873015873,-0.002072554894904899,11800.214235690666,True
2020-09-08 13:30:00+00:00,0.0009578289264335904,2.0,0.0,0.00015873015873015873,0.001756927694137022,11820.946358878102,True
2020-09-09 13:30:00+00:00,0.0,2.0,0.0,0.00015873015873015873,-0.00015873015873015873,11819.070018186218,True
2020-09-10 13:30:00+00:00,0.012439927390019756,2.0,0.0,0.00015873015873015873,0.024721124621309352,12111.25072101378,True
2020-09-11 13:30:00+00:00,0.0009457467906381911,2.0,0.0,0.00015873015873015873,0.0017327634225462235,12132.23665326444,True
2020-09-14 13:30:00+00:00,0.0009444588526816844,2.0,0.0,0.00015873015873015873,0.00173018754663321,12153.227698034723,True
2020-09-15 13:30:00+00:00,0.0009432393801687144,2.0,0.0,0.00015873015873015873,0.0017277486016072702,12174.225420195018,True
2020-09-16 13:30:00+00:00,0.0009428097212262898,2.0,0.0,0.00015873015873015873,0.0017268892837224209,12195.248959610772,True
2020-09-17 13:30:00+00:00,0.0,2.0,0.0,0.00015873015873015873,-0.00015873015873015873,12193.313205807659,True
2020-09-18 13:30:00+00:00,0.0,2.0,0.0,0.00015873015873015873,-0.00015873015873015873,12191.377759267054,True
2020-09-21 13:30:00+00:00,0.0,2.0,0.0,0.00015873015873015873,-0.00015873015873015873,12189.442619940188,True
2020-09-22 13:30:00+00:00,0.0,2.0,0.0,0.00015873015873015873,-0.00015873015873015873,12187.507787778293,True
2020-09-23 13:30:00+00:00,0.0,2.0,0.0,0.00015873015873015873,-0.00015873015873015873,12185.573262732614,True
2020-09-24 13:30:00+00:00,0.0,2.0,0.0,0.00015873015873015873,-0.00015873015873015873,12183.639044754402,True
2020-09-25 13:30:00+00:00,0.0018833845659986803,2.0,0.0,0.00015873015873015873,0.003608038973267202,12227.598089264096,True
2020-09-28 13:30:00+00:00,0.0009391697705212199,2.0,0.0,0.00015873015873015873,0.001719609382312281,12248.624781661536,True
2020-09-29 13:30:00+00:00,0.000754447525018076,2.0,0.0,0.00015873015873015873,0.0013501648913059933,12265.162444808515,True
2020-09-30 13:30:00+00:00,0.0,2.0,0.0,0.00015873015873015873,-0.00015873015873015873,12263.2155936268,True
2020-10-01 13:30:00+00:00,0.0,2.0,0.0,0.00015873015873015873,-0.00015873015873015873,12261.269051469082,True
2020-10-02 13:30:00+00:00,0.0,2.0,0.0,0.00015873015873015873,-0.00015873015873015873,12259.32281828631,True
2020-10-05 13:30:00+00:00,0.0009410423575508808,2.0,0.0,0.00015873015873015873,0.001723354556371603,12280.449978123232,True
2020-10-06 13:30:00+00:00,0.0,2.0,0.0,0.00015873015873015873,-0.00015873015873015873,12278.500700348926,True
2020-10-07 13:30:00+00:00,0.0009413320108928591,2.0,0.0,0.00015873015873015873,0.0017239338630555595,12299.668023493809,True
2020-10-08 13:30:00+00:00,0.0,2.0,0.0,0.00015873015873015873,-0.00015873015873015873,12297.715695236111,True
2020-10-09 13:30:00+00:00,0.0,2.0,0.0,0.00015873015873015873,-0.00015873015873015873,12295.763676871788,True
2020-10-12 13:30:00+00:00,0.0009392734612228004,2.0,0.0,0.00015873015873015873,0.0017198167637154421,12316.910137365952,True
2020-10-13 13:30:00+00:00,0.0,2.0,0.0,0.00015873015873015873,-0.00015873015873015873,12314.955072264784,True
2020-10-14 13:30:00+00:00,0.0,2.0,0.0,0.00015873015873015873,-0.00015873015873015873,12313.000317491409,True
2020-10-15 13:30:00+00:00,0.0,2.0,0.0,0.00015873015873015873,-0.00015873015873015873,12311.045872996569,True
2020-10-16 13:30:00+00:00,0.0009387827798219561,2.0,0.0,0.00015873015873015873,0.0017188354009137535,12332.206534465346,True
2020-10-19 13:30:00+00:00,0.000938487831635193,2.0,0.0,0.00015873015873015873,0.0017182455045402273,12353.396292904254,True
2020-10-20 13:30:00+00:00,0.0,2.0,0.0,0.00015873015873015873,-0.00015873015873015873,12351.435436349824,True
2020-10-21 13:30:00+00:00,0.0009365029181866991,2.0,0.0,0.00015873015873015873,0.0017142756776432394,12372.609201702338,True
2020-10-22 13:30:00+00:00,0.0028091529331455423,2.0,0.0,0.00015873015873015873,0.005459575707560926,12440.158398339096,True
2020-10-23 13:30:00+00:00,0.0,2.0,0.0,0.00015873015873015873,-0.00015873015873015873,12438.1837700219,True
2020-10-26 13:30:00+00:00,0.0009337180622155383,2.0,0.0,0.00015873015873015873,0.001708705965700918,12459.43696883222,True
2020-10-27 13:30:00+00:00,0.0,2.0,0.0,0.00015873015873015873,-0.00015873015873015873,12457.45928042447,True
2020-10-28 13:30:00+00:00,-0.0009328470460793215,2.0,0.0,0.00015873015873015873,-0.0020244242508888014,12432.240097752718,True
2020-10-29 13:30:00+00:00,0.000749486986065806,2.0,0.0,0.00015873015873015873,0.0013402438134014533,12448.902330630452,True
2020-10-30 13:30:00+00:00,0.0,2.0,0.0,0.00015873015873015873,-0.00015873015873015873,12446.926314387494,True
2020-11-02 14:30:00+00:00,0.0,2.0,0.0,0.00015873015873015873,-0.00015873015873015873,12444.950611797909,True
2020-11-03 14:30:00+00:00,0.0,2.0,0.0,0.00015873015873015873,-0.00015873015873015873,12442.975222811909,True
2020-11-04 14:30:00+00:00,0.000936836524744189,2.0,0.0,0.00015873015873015873,0.0017149428907582193,12464.31421471015,True
2020-11-05 14:30:00+00:00,0.0,2.0,0.0,0.00015873015873015873,-0.00015873015873015873,12462.335752136387,True
2020-11-06 14:30:00+00:00,0.0009354425072962691,2.0,0.0,0.00015873015873015873,0.0017121548558623795,12483.673200809793,True
2020-11-09 14:30:00+00:00,0.007477450391830898,2.0,0.0,0.00015873015873015873,0.014796170624931637,12668.383759514862,True
2020-11-10 14:30:00+00:00,0.0,2.0,0.0,0.00015873015873015873,-0.00015873015873015873,12666.372904949858,True
2020-11-11 14:30:00+00:00,0.0009268626634806321,2.0,0.0,0.00015873015873015873,0.0016949951682311054,12687.842345822763,True
2020-11-12 14:30:00+00:00,0.0,2.0,0.0,0.00015873015873015873,-0.00015873015873015873,12685.828402593266,True
2020-11-13 14:30:00+00:00,0.0018534818706363865,2.0,0.0,0.00015873015873015873,0.0035482335825426144,12730.840684953719,True
2020-11-16 14:30:00+00:00,0.0009250583803257495,2.0,0.0,0.00015873015873015873,0.0016913866019213403,12752.373458319444,True
2020-11-17 14:30:00+00:00,0.0,2.0,0.0,0.00015873015873015873,-0.00015873015873015873,12750.349272056219,True
2020-11-18 14:30:00+00:00,0.0,2.0,0.0,0.00015873015873015873,-0.00015873015873015873,12748.3254070924,True
2020-11-19 14:30:00+00:00,0.0009242673085037012,2.0,0.0,0.00015873015873015873,0.0016898044582772437,12769.867584200874,True
2020-11-20 14:30:00+00:00,0.0,2.0,0.0,0.00015873015873015873,-0.00015873015873015873,12767.84062109227,True
2020-11-23 14:30:00+00:00,0.0018468914659166558,2.0,0.0,0.00015873015873015873,0.003535052773103153,12812.975611486401,True
2020-11-24 14:30:00+00:00,0.0,2.0,0.0,0.00015873015873015873,-0.00015873015873015873,12810.941805833785,True
2020-11-25 14:30:00+00:00,0.0009218389135383642,2.0,0.0,0.00015873015873015873,0.0016849476683465697,12832.527572358847,True
2020-11-27 14:30:00+00:00,0.0007392482398389522,2.0,0.0,0.00015873015873015873,0.0013197663209477456,12849.463510061478,True
2020-11-30 14:30:00+00:00,0.0,2.0,0.0,0.00015873015873015873,-0.00015873015873015873,12847.42391267893,True
2020-12-01 14:30:00+00:00,0.003693320013760326,2.0,0.0,0.00015873015873015873,0.007227909868790494,12940.283934765917,True
2020-12-02 14:30:00+00:00,0.0055196577462484075,2.0,0.0,0.00015873015873015873,0.010880585333766657,13081.081798361307,True
2020-12-03 14:30:00+00:00,0.0009145990318708552,2.0,0.0,0.00015873015873015873,0.0016704679050115517,13102.9333256683,True
2020-12-04 14:30:00+00:00,0.0036568157829004466,2.0,0.0,0.00015873015873015873,0.007154901407070735,13196.683521756879,True
2020-12-07 14:30:00+00:00,0.0,2.0,0.0,0.00015873015873015873,-0.00015873015873015873,13194.588810086758,True
2020-12-08 14:30:00+00:00,0.0009101204186341416,2.0,0.0,0.00015873015873015873,0.0016615106785381245,13216.511760293637,True
2020-12-09 14:30:00+00:00,0.0,2.0,0.0,0.00015873015873015873,-0.00015873015873015873,13214.413901284066,True
2020-12-10 14:30:00+00:00,0.0009102327873669047,2.0,0.0,0.00015873015873015873,0.0016617354160036507,13236.37276086556,True
2020-12-11 14:30:00+00:00,0.0009091545957853331,2.0,0.0,0.00015873015873015873,0.0016595790328405074,13258.339567570352,True
2020-12-14 14:30:00+00:00,0.0,2.0,0.0,0.00015873015873015873,-0.00015873015873015873,13256.235069226293,True
2020-12-15 14:30:00+00:00,0.0009087040752764342,2.0,0.0,0.00015873015873015873,0.0016586779918227096,13278.222894590046,True
2020-12-16 14:30:00+00:00,0.0,2.0,0.0,0.00015873015873015873,-0.00015873015873015873,13276.115240162333,True
2020-12-17 14:30:00+00:00,0.0009070666900552471,2.0,0.0,0.00015873015873015873,0.0016554032213803355,13298.092564098313,True
2020-12-18 14:30:00+00:00,-0.0009062446657058798,2.0,0.0,0.00015873015873015873,-0.001971219490141918,13271.879104854252,True
2020-12-21 14:30:00+00:00,0.0009070666900552471,2.0,0.0,0.00015873015873015873,0.0016554032213803355,13293.849416278195,True
2020-12-22 14:30:00+00:00,0.0,2.0,0.0,0.00015873015873015873,-0.00015873015873015873,13291.739281450216,True
2020-12-23 14:30:00+00:00,0.0,2.0,0.0,0.00015873015873015873,-0.00015873015873015873,13289.629481564274,True
2020-12-24 14:30:00+00:00,0.0,2.0,0.0,0.00015873015873015873,-0.00015873015873015873,13287.5200165672,True
2020-12-28 14:30:00+00:00,0.0009059949255294519,2.0,0.0,0.00015873015873015873,0.0016532596923287451,13309.4877378216,True
2020-12-29 14:30:00+00:00,0.000906422412306318,2.0,0.0,0.00015873015873015873,0.0016541146658824773,13331.503156684115,True
2020-12-30 14:30:00+00:00,-0.00027272124448629587,2.0,0.0,0.00015873015873015873,-0.0007041726477027505,13322.115476808416,True
2020-12-31 14:30:00+00:00,0.0,2.0,0.0,0.00015873015873015873,-0.00015873015873015873,13320.00085530416,True
2021-01-04 14:30:00+00:00,0.0009087785338255383,2.0,0.0,0.00015873015873015873,0.0016588269089209179,13342.096431149788,True
2021-01-05 14:30:00+00:00,0.0009072060159853734,2.0,0.0,0.00015873015873015873,0.0016556818732405881,13364.18669836187,True
2021-01-06 14:30:00+00:00,0.0,2.0,0.0,0.00015873015873015873,-0.00015873015873015873,13362.065398885938,True
2021-01-07 14:30:00+00:00,0.0,2.0,0.0,0.00015873015873015873,-0.00015873015873015873,13359.944436124211,True
2021-01-08 14:30:00+00:00,0.0009068815471073854,2.0,0.0,0.00015873015873015873,0.0016550329354846122,13382.055584182239,True
2021-01-11 14:30:00+00:00,0.0,2.0,0.0,0.00015873015873015873,-0.00015873015873015873,13379.931448375226,True
2021-01-12 14:30:00+00:00,0.0,2.0,0.0,0.00015873015873015873,-0.00015873015873015873,13377.807649732627,True
2021-01-13 14:30:00+00:00,0.0,2.0,0.0,0.00015873015873015873,-0.00015873015873015873,13375.684188200925,True
2021-01-14 14:30:00+00:00,0.009057365761829583,2.0,0.0,0.00015873015873015873,0.017956001364929006,13615.857991741119,True
2021-01-15 14:30:00+00:00,0.0008982966742445697,2.0,0.0,0.00015873015873015873,0.0016378631897589807,13638.158904342776,True
2021-01-19 14:30:00+00:00,0.0008966286737246421,2.0,0.0,0.00015873015873015873,0.0016345271887191254,13660.450845875996,True
2021-01-20 14:30:00+00:00,0.0008960714554562266,2.0,0.0,0.00015873015873015873,0.0016334127521822944,13682.764000488209,True
2021-01-21 14:30:00+00:00,0.011638069870816947,2.0,0.0,0.00015873015873015873,0.023117409582903734,13999.074060113704,True
2021-01-22 14:30:00+00:00,0.0,2.0,0.0,0.00015873015873015873,-0.00015873015873015873,13996.851984866065,True
2021-01-25 14:30:00+00:00,0.0008850306280365761,2.0,0.0,0.00015873015873015873,0.0016113310973429934,14019.405547734184,True
2021-01-26 14:30:00+00:00,0.000884369412385011,2.0,0.0,0.00015873015873015873,0.0016100086660398632,14041.976912158761,True
2021-01-27 14:30:00+00:00,0.0,2.0,0.0,0.00015873015873015873,-0.00015873015873015873,14039.74802693461,True
2021-01-28 14:30:00+00:00,0.000708725730054427,2.0,0.0,0.00015873015873015873,0.0012587213013786952,14057.420156842101,True
2021-01-29 14:30:00+00:00,0.0008861128395780682,2.0,0.0,0.00015873015873015873,0.0016134955204259776,14080.10174129391,True
2021-02-01 14:30:00+00:00,0.000884359774433463,2.0,0.0,0.00015873015873015873,0.0016099893901367673,14102.770555709438,True
2021-02-02 14:30:00+00:00,0.0,2.0,0.0,0.00015873015873015873,-0.00015873015873015873,14100.532020700595,True
2021-02-03 14:30:00+00:00,0.008842073838096542,2.0,0.0,0.00015873015873015873,0.017525417517462925,14347.649731581729,True
2021-02-04 14:30:00+00:00,0.0008767334580408459,2.0,0.0,0.00015873015873015873,0.001594736757351533,14370.530455990285,True
2021-02-05 14:30:00+00:00,0.0,2.0,0.0,0.00015873015873015873,-0.00015873015873015873,14368.249419409969,True
2021-02-08 14:30:00+00:00,0.0,2.0,0.0,0.00015873015873015873,-0.00015873015873015873,14365.968744898952,True
2021-02-09 14:30:00+00:00,0.000875126881417998,2.0,0.0,0.00015873015873015873,0.0015915236041058373,14388.832523252304,True
2021-02-10 14:30:00+00:00,0.0,2.0,0.0,0.00015873015873015873,-0.00015873015873015873,14386.548581581947,True
2021-02-11 14:30:00+00:00,0.0,2.0,0.0,0.00015873015873015873,-0.00015873015873015873,14384.265002442015,True
2021-02-12 14:30:00+00:00,0.0008748404783627262,2.0,0.0,0.00015873015873015873,0.0015909507979952936,14407.149660326224,True
2021-02-16 14:30:00+00:00,0.0061193677331012886,2.0,0.0,0.00015873015873015873,0.012080005307472419,14581.188104688514,True
2021-02-17 14:30:00+00:00,0.0,2.0,0.0,0.00015873015873015873,-0.00015873015873015873,14578.873630386182,True
2021-02-18 14:30:00+00:00,0.0,2.0,0.0,0.00015873015873015873,-0.00015873015873015873,14576.559523460724,True
2021-02-19 14:30:00+00:00,0.0,2.0,0.0,0.00015873015873015873,-0.00015873015873015873,14574.245783853825,True
2021-02-22 14:30:00+00:00,0.0,2.0,0.0,0.00015873015873015873,-0.00015873015873015873,14571.932411507183,True
2021-02-23 14:30:00+00:00,0.0,2.0,0.0,0.00015873015873015873,-0.00015873015873015873,14569.619406362499,True
2021-02-24 14:30:00+00:00,0.000868521819129553,2.0,0.0,0.00015873015873015873,0.0015783134795289472,14592.614833063166,True
2021-02-25 14:30:00+00:00,-0.00017445619308797955,2.0,0.0,0.00015873015873015873,-0.0005076425449061178,14585.207000932476,True
2021-02-26 14:30:00+00:00,0.0008714829332712171,2.0,0.0,0.00015873015873015873,0.0015842357078122754,14608.313406669187,True
2021-03-01 14:30:00+00:00,0.0,2.0,0.0,0.00015873015873015873,-0.00015873015873015873,14605.994626763366,True
2021-03-02 14:30:00+00:00,0.0,2.0,0.0,0.00015873015873015873,-0.00015873015873015873,14603.676214917848,True
2021-03-03 14:30:00+00:00,0.0,2.0,0.0,0.00015873015873015873,-0.00015873015873015873,14601.358171074213,True
2021-03-04 14:30:00+00:00,-0.0008707241120678999,2.0,0.0,0.00015873015873015873,-0.0019001783828659585,14573.612985917054,True
2021-03-05 14:30:00+00:00,0.0,2.0,0.0,0.00015873015873015873,-0.00015873015873015873,14571.299714014529,True
2021-03-08 14:30:00+00:00,0.0,2.0,0.0,0.00015873015873015873,-0.00015873015873015873,14568.98680929802,True
2021-03-09 14:30:00+00:00,0.0008714829332712171,2.0,0.0,0.00015873015873015873,0.0015842357078122754,14592.067518427953,True
2021-03-10 14:30:00+00:00,0.0,2.0,0.0,0.00015873015873015873,-0.00015873015873015873,14589.751317234552,True
2021-03-11 14:30:00+00:00,0.0008706054362996873,2.0,0.0,0.00015873015873015873,0.001582480713869216,14612.839317314221,True
2021-03-12 14:30:00+00:00,0.0008690181340096359,2.0,0.0,0.00015873015873015873,0.001579306109289113,14635.917463722115,True
2021-03-15 13:30:00+00:00,0.0,2.0,0.0,0.00015873015873015873,-0.00015873015873015873,14633.594302219937,True
2021-03-16 13:30:00+00:00,0.0,2.0,0.0,0.00015873015873015873,-0.00015873015873015873,14631.271509473554,True
2021-03-17 13:30:00+00:00,0.0,2.0,0.0,0.00015873015873015873,-0.00015873015873015873,14628.949085424432,True
2021-03-18 13:30:00+00:00,0.0,2.0,0.0,0.00015873015873015873,-0.00015873015873015873,14626.627030014048,True
2021-03-19 13:30:00+00:00,0.0,2.0,0.0,0.00015873015873015873,-0.00015873015873015873,14624.305343183887,True
2021-03-22 13:30:00+00:00,0.0,2.0,0.0,0.00015873015873015873,-0.00015873015873015873,14621.984024875444,True
2021-03-23 13:30:00+00:00,0.0008692113538881774,2.0,0.0,0.00015873015873015873,0.001579692549046196,14645.08226409181,True
2021-03-24 13:30:00+00:00,0.0,2.0,0.0,0.00015873015873015873,-0.00015873015873015873,14642.757647859416,True
2021-03-25 13:30:00+00:00,0.0008678646481514729,2.0,0.0,0.00015873015873015873,0.001576999137572787,14665.849264041777,True
2021-03-26 13:30:00+00:00,0.0,2.0,0.0,0.00015873015873015873,-0.00015873015873015873,14663.521351460182,True
2021-03-29 13:30:00+00:00,0.0008671121122032499,2.0,0.0,0.00015873015873015873,0.001575494065676341,14686.623642331324,True
2021-03-30 13:30:00+00:00,-0.0002603100135105674,2.0,0.0,0.00015873015873015873,-0.0006793501857512935,14676.646281831849,True
2021-03-31 13:30:00+00:00,0.0,2.0,0.0,0.00015873015873015873,-0.00015873015873015873,14674.316655437906,True
2021-04-01 13:30:00+00:00,0.0008690685011067956,2.0,0.0,0.00015873015873015873,0.0015794068434834324,14697.493371586947,True
2021-04-05 13:30:00+00:00,0.0,2.0,0.0,0.00015873015873015873,-0.00015873015873015873,14695.16043613114,True
2021-04-06 13:30:00+00:00,0.0008690224153224957,2.0,0.0,0.00015873015873015873,0.0015793146719148326,14718.368718614063,True
2021-04-07 13:30:00+00:00,0.0,2.0,0.0,0.00015873015873015873,-0.00015873015873015873,14716.03246961111,True
2021-04-08 13:30:00+00:00,0.0,2.0,0.0,0.00015873015873015873,-0.00015873015873015873,14713.69659144133,True
2021-04-09 13:30:00+00:00,0.0,2.0,0.0,0.00015873015873015873,-0.00015873015873015873,14711.361084045864,True
2021-04-12 13:30:00+00:00,0.0008680318966620693,2.0,0.0,0.00015873015873015873,0.0015773336345939798,14734.565808694386,True
2021-04-13 13:30:00+00:00,0.0,2.0,0.0,0.00015873015873015873,-0.00015873015873015873,14732.226988724753,True
2021-04-14 13:30:00+00:00,0.0008670433010029566,2.0,0.0,0.00015873015873015873,0.0015753564432757544,14755.43549743524,True
2021-04-15 13:30:00+00:00,0.0,2.0,0.0,0.00015873015873015873,-0.00015873015873015873,14753.093364816601,True
2021-04-16 13:30:00+00:00,0.0,2.0,0.0,0.00015873015873015873,-0.00015873015873015873,14750.751603965042,True
2021-04-19 13:30:00+00:00,0.0008666455364398917,2.0,0.0,0.00015873015873015873,0.0015745609141496247,14773.977560894973,True
2021-04-20 13:30:00+00:00,0.0,2.0,0.0,0.00015873015873015873,-0.00015873015873015873,14771.632485091657,True
2021-04-21 13:30:00+00:00,0.0,2.0,0.0,0.00015873015873015873,-0.00015873015873015873,14769.287781522595,True
2021-04-22 13:30:00+00:00,0.0,2.0,0.0,0.00015873015873015873,-0.00015873015873015873,14766.943450128701,True
2021-04-23 13:30:00+00:00,0.0008658951123057257,2.0,0.0,0.00015873015873015873,0.0015730600658812926,14790.172739165226,True
2021-04-26 13:30:00+00:00,0.0,2.0,0.0,0.00015873015873015873,-0.00015873015873015873,14787.825092698691,True
2021-04-27 13:30:00+00:00,0.0025954379598733812,2.0,0.0,0.00015873015873015873,0.005032145761016604,14862.23958405357,True
2021-04-28 13:30:00+00:00,0.0,2.0,0.0,0.00015873015873015873,-0.00015873015873015873,14859.880498405308,True
2021-04-29 13:30:00+00:00,0.0006927409497152759,2.0,0.0,0.00015873015873015873,0.001226751740700393,14878.109882673325,True
2021-04-30 13:30:00+00:00,0.0,2.0,0.0,0.00015873015873015873,-0.00015873015873015873,14875.748277930043,True
2021-05-03 13:30:00+00:00,0.0,2.0,0.0,0.00015873015873015873,-0.00015873015873015873,14873.387048044657,True
2021-05-04 13:30:00+00:00,0.0,2.0,0.0,0.00015873015873015873,-0.00015873015873015873,14871.026192957666,True
2021-05-05 13:30:00+00:00,0.0008645356844516616,2.0,0.0,0.00015873015873015873,0.0015703412101731645,14894.37877822603,True
2021-05-06 13:30:00+00:00,0.0,2.0,0.0,0.00015873015873015873,-0.00015873015873015873,14892.014591118374,True
2021-05-07 13:30:00+00:00,0.0008647256454441532,2.0,0.0,0.00015873015873015873,0.0015707211321581477,14915.405793137052,True
2021-05-10 13:30:00+00:00,0.0,2.0,0.0,0.00015873015873015873,-0.00015873015873015873,14913.038268407981,True
2021-05-11 13:30:00+00:00,0.0,2.0,0.0,0.00015873015873015873,-0.00015873015873015873,14910.671119476488,True
2021-05-12 13:30:00+00:00,0.0,2.0,0.0,0.00015873015873015873,-0.00015873015873015873,14908.304346282921,True
2021-05-13 13:30:00+00:00,0.0,2.0,0.0,0.00015873015873015873,-0.00015873015873015873,14905.937948767638,True
2021-05-14 13:30:00+00:00,0.0008631596040369338,2.0,0.0,0.00015873015873015873,0.001567589049343709,14929.304333866323,True
2021-05-17 13:30:00+00:00,0.0,2.0,0.0,0.00015873015873015873,-0.00015873015873015873,14926.934603019678,True
2021-05-18 13:30:00+00:00,0.0,2.0,0.0,0.00015873015873015873,-0.00015873015873015873,14924.565248320785,True
2021-05-19 13:30:00+00:00,0.0,2.0,0.0,0.00015873015873015873,-0.00015873015873015873,14922.196269709939,True
2021-05-20 13:30:00+00:00,0.0008633503229205086,2.0,0.0,0.00015873015873015873,0.0015679704871108585,14945.59383306372,True
2021-05-21 13:30:00+00:00,0.0,2.0,0.0,0.00015873015873015873,-0.00015873015873015873,14943.221516582282,True
2021-05-24 13:30:00+00:00,0.0008616712778966029,2.0,0.0,0.00015873015873015873,0.001564612397063047,14966.601866219185,True
2021-05-25 13:30:00+00:00,0.0008616295720977885,2.0,0.0,0.00015873015873015873,0.0015645289854654182,14990.017548652802,True
2021-05-26 13:30:00+00:00,0.0025812643578457806,2.0,0.0,0.00015873015873015873,0.005003798556961403,15065.024576831576,True
2021-05-27 13:30:00+00:00,-0.000171757527212546,2.0,0.0,0.00015873015873015873,-0.0005022452131552507,15057.458240351798,True
2021-05-28 13:30:00+00:00,0.0008609124019887116,2.0,0.0,0.00015873015873015873,0.0015630946452472644,15080.994472698323,True
2021-06-01 13:30:00+00:00,0.0,2.0,0.0,0.00015873015873015873,-0.00015873015873015873,15078.600664051864,True
2021-06-02 13:30:00+00:00,0.000860752909529694,2.0,0.0,0.00015873015873015873,0.0015627756603292292,15102.165134161467,True
2021-06-03 13:30:00+00:00,0.0,2.0,0.0,0.00015873015873015873,-0.00015873015873015873,15099.767965092553,True
2021-06-04 13:30:00+00:00,0.0,2.0,0.0,0.00015873015873015873,-0.00015873015873015873,15097.371176526663,True
2021-06-07 13:30:00+00:00,0.000860012651137998,2.0,0.0,0.00015873015873015873,0.0015612951435458372,15120.942628824883,True
2021-06-08 13:30:00+00:00,0.000858693623289275,2.0,0.0,0.00015873015873015873,0.0015586570878483913,15144.510993228248,True
2021-06-09 13:30:00+00:00,0.0,2.0,0.0,0.00015873015873015873,-0.00015873015873015873,15142.107102594402,True
2021-06-10 13:30:00+00:00,0.0,2.0,0.0,0.00015873015873015873,-0.00015873015873015873,15139.703593530498,True
2021-06-11 13:30:00+00:00,0.0008583046275543182,2.0,0.0,0.00015873015873015873,0.0015578790963784778,15163.289421284222,True
2021-06-14 13:30:00+00:00,0.0,2.0,0.0,0.00015873015873015873,-0.00015873015873015873,15160.882549947512,True
2021-06-15 13:30:00+00:00,0.0,2.0,0.0,0.00015873015873015873,-0.00015873015873015873,15158.47606065387,True
2021-06-16 13:30:00+00:00,0.0,2.0,0.0,0.00015873015873015873,-0.00015873015873015873,15156.069953342654,True
2021-06-17 13:30:00+00:00,0.0,2.0,0.0,0.00015873015873015873,-0.00015873015873015873,15153.664227953237,True
2021-06-18 13:30:00+00:00,0.0,2.0,0.0,0.00015873015873015873,-0.00015873015873015873,15151.25888442499,True
2021-06-21 13:30:00+00:00,0.0008579160006660924,2.0,0.0,0.00015873015873015873,0.001557101842602026,15174.850937551668,True
2021-06-22 13:30:00+00:00,0.0,2.0,0.0,0.00015873015873015873,-0.00015873015873015873,15172.442231053645,True
2021-06-23 13:30:00+00:00,0.0,2.0,0.0,0.00015873015873015873,-0.00015873015873015873,15170.033906889987,True
2021-06-24 13:30:00+00:00,0.0,2.0,0.0,0.00015873015873015873,-0.00015873015873015873,15167.625965000005,True
2021-06-25 13:30:00+00:00,0.0008570649015782195,2.0,0.0,0.00015873015873015873,0.0015553996444262802,15191.217685032754,True
2021-06-28 13:30:00+00:00,0.0008563309703593092,2.0,0.0,0.00015873015873015873,0.0015539317819884596,15214.82380100063,True
2021-06-29 13:30:00+00:00,0.0006000854789709464,2.0,0.0,0.00015873015873015873,0.0010414407992117341,15230.66913925981,True
2021-06-30 13:30:00+00:00,0.0,2.0,0.0,0.00015873015873015873,-0.00015873015873015873,15228.251572729767,True
2021-07-01 13:30:00+00:00,0.0,2.0,0.0,0.00015873015873015873,-0.00015873015873015873,15225.834389940444,True
2021-07-02 13:30:00+00:00,0.0008582021277270258,2.0,0.0,0.00015873015873015873,0.0015576740967238928,15249.55127777066,True
2021-07-06 13:30:00+00:00,0.0008570048729319435,2.0,0.0,0.00015873015873015873,0.0015552795871337283,15273.268593585924,True
2021-07-07 13:30:00+00:00,0.0,2.0,0.0,0.00015873015873015873,-0.00015873015873015873,15270.844265237738,True
2021-07-08 13:30:00+00:00,0.0,2.0,0.0,0.00015873015873015873,-0.00015873015873015873,15268.420321703574,True
2021-07-09 13:30:00+00:00,0.0008560405542874516,2.0,0.0,0.00015873015873015873,0.0015533509498447445,15292.13753691292,True
2021-07-12 13:30:00+00:00,0.0,2.0,0.0,0.00015873015873015873,-0.00015873015873015873,15289.710213494363,True
2021-07-13 13:30:00+00:00,0.0042768873177274624,2.0,0.0,0.00015873015873015873,0.008395044476724766,15418.06801077288,True
2021-07-14 13:30:00+00:00,0.0,2.0,0.0,0.00015873015873015873,-0.00015873015873015873,15415.620698390218,True
2021-07-15 13:30:00+00:00,0.0008515512404074776,2.0,0.0,0.00015873015873015873,0.0015443723220847966,15439.428156324568,True
2021-07-16 13:30:00+00:00,0.0,2.0,0.0,0.00015873015873015873,-0.00015873015873015873,15436.977453442612,True
2021-07-19 13:30:00+00:00,0.0,2.0,0.0,0.00015873015873015873,-0.00015873015873015873,15434.527139561114,True
2021-07-20 13:30:00+00:00,0.0008517431866559289,2.0,0.0,0.00015873015873015873,0.001544756214581699,15458.36972127908,True
2021-07-21 13:30:00+00:00,0.0,2.0,0.0,0.00015873015873015873,-0.00015873015873015873,15455.91601179951,True
2021-07-22 13:30:00+00:00,0.0,2.0,0.0,0.00015873015873015873,-0.00015873015873015873,15453.462691797638,True
2021-07-23 13:30:00+00:00,0.0,2.0,0.0,0.00015873015873015873,-0.00015873015873015873,15451.00976121164,True
2021-07-26 13:30:00+00:00,0.0008502171098294653,2.0,0.0,0.00015873015873015873,0.0015417040609287719,15474.830645705948,True
2021-07-27 13:30:00+00:00,0.0016988753456648187,2.0,0.0,0.00015873015873015873,0.003239020532599479,15524.953939905889,True
2021-07-28 13:30:00+00:00,0.0008483966262791132,2.0,0.0,0.00015873015873015873,0.0015380630938280676,15548.832298594238,True
2021-07-29 13:30:00+00:00,-0.00016962675042375697,2.0,0.0,0.00015873015873015873,-0.0004979836595776727,15541.089234184024,True
2021-07-30 13:30:00+00:00,0.000849532660058383,2.0,0.0,0.00015873015873015873,0.0015403351613866073,15565.027720377684,True
2021-08-02 13:30:00+00:00,0.0,2.0,0.0,0.00015873015873015873,-0.00015873015873015873,15562.55708105699,True
2021-08-03 13:30:00+00:00,0.0,2.0,0.0,0.00015873015873015873,-0.00015873015873015873,15560.086833901265,True
2021-08-04 13:30:00+00:00,0.0,2.0,0.0,0.00015873015873015873,-0.00015873015873015873,15557.616978848266,True
2021-08-05 13:30:00+00:00,0.0,2.0,0.0,0.00015873015873015873,-0.00015873015873015873,15555.14751583575,True
2021-08-06 13:30:00+00:00,0.0,2.0,0.0,0.00015873015873015873,-0.00015873015873015873,15552.678444801491,True
2021-08-09 13:30:00+00:00,0.0,2.0,0.0,0.00015873015873015873,-0.00015873015873015873,15550.20976568327,True
2021-08-10 13:30:00+00:00,0.0,2.0,0.0,0.00015873015873015873,-0.00015873015873015873,15547.741478418875,True
2021-08-11 13:30:00+00:00,0.0,2.0,0.0,0.00015873015873015873,-0.00015873015873015873,15545.27358294611,True
2021-08-12 13:30:00+00:00,0.0,2.0,0.0,0.00015873015873015873,-0.00015873015873015873,15542.806079202786,True
2021-08-13 13:30:00+00:00,0.0008500655189964679,2.0,0.0,0.00015873015873015873,0.001541400879262777,15566.76377415948,True
2021-08-16 13:30:00+00:00,0.005941987684803696,2.0,0.0,0.00015873015873015873,0.011725245210877233,15749.2878965513,True
2021-08-17 13:30:00+00:00,0.0,2.0,0.0,0.00015873015873015873,-0.00015873015873015873,15746.788009583592,True
2021-08-18 13:30:00+00:00,0.0008441000913621544,2.0,0.0,0.00015873015873015873,0.00152947002399415,15770.87224981844,True
2021-08-19 13:30:00+00:00,0.0,2.0,0.0,0.00015873015873015873,-0.00015873015873015873,15768.368936762914,True
2021-08-20 13:30:00+00:00,0.0,2.0,0.0,0.00015873015873015873,-0.00015873015873015873,15765.866021058666,True
2021-08-23 13:30:00+00:00,0.0,2.0,0.0,0.00015873015873015873,-0.00015873015873015873,15763.363502642624,True
2021-08-24 13:30:00+00:00,0.0,2.0,0.0,0.00015873015873015873,-0.00015873015873015873,15760.86138145173,True
2021-08-25 13:30:00+00:00,0.0,2.0,0.0,0.00015873015873015873,-0.00015873015873015873,15758.359657422929,True
2021-08-26 13:30:00+00:00,0.0016862107219244304,2.0,0.0,0.00015873015873015873,0.0032136912851187024,15809.002160521755,True
2021-08-27 13:30:00+00:00,0.0008415166906834415,2.0,0.0,0.00015873015873015873,0.0015243032226367242,15833.099873461706,True
2021-08-30 13:30:00+00:00,0.0006752653158501598,2.0,0.0,0.00015873015873015873,0.0011918004729701609,15851.96976937948,True
2021-08-31 13:30:00+00:00,0.0,2.0,0.0,0.00015873015873015873,-0.00015873015873015873,15849.453583701803,True
2021-09-01 13:30:00+00:00,0.0008428354364373725,2.0,0.0,0.00015873015873015873,0.0015269407141445862,15873.6547596757,True
2021-09-02 13:30:00+00:00,0.0008426890332118298,2.0,0.0,0.00015873015873015873,0.0015266479076935008,15897.888241502005,True
2021-09-03 13:30:00+00:00,0.006733922204876341,2.0,0.0,0.00015873015873015873,0.013309114251022524,16109.475052458141,True
2021-09-07 13:30:00+00:00,-0.0008362357804692078,2.0,0.0,0.00015873015873015873,-0.0018312017196685743,16079.975354039123,True
2021-09-08 13:30:00+00:00,0.0008369356560107288,2.0,0.0,0.00015873015873015873,0.001515141153291299,16104.338786441936,True
2021-09-09 13:30:00+00:00,0.0,2.0,0.0,0.00015873015873015873,-0.00015873015873015873,16101.78254219012,True
2021-09-10 13:30:00+00:00,0.0,2.0,0.0,0.00015873015873015873,-0.00015873015873015873,16099.22670369136,True
2021-09-13 13:30:00+00:00,0.0,2.0,0.0,0.00015873015873015873,-0.00015873015873015873,16096.67127088125,True
2021-09-14 13:30:00+00:00,0.0008362357804692078,2.0,0.0,0.00015873015873015873,0.0015137414022082568,16121.03746862172,True
2021-09-15 13:30:00+00:00,0.0,2.0,0.0,0.00015873015873015873,-0.00015873015873015873,16118.47857378543,True
2021-09-16 13:30:00+00:00,0.0,2.0,0.0,0.00015873015873015873,-0.00015873015873015873,16115.920085122925,True
2021-09-17 13:30:00+00:00,0.005847865659761364,2.0,0.0,0.00015873015873015873,0.01153700116079257,16301.849473852228,True
2021-09-20 13:30:00+00:00,0.0008306793730914475,2.0,0.0,0.00015873015873015873,0.0015026285874527362,16326.345098899988,True
2021-09-21 13:30:00+00:00,0.0,2.0,0.0,0.00015873015873015873,-0.00015873015873015873,16323.753615550957,True
2021-09-22 13:30:00+00:00,0.0,2.0,0.0,0.00015873015873015873,-0.00015873015873015873,16321.16254354849,True
2021-09-23 13:30:00+00:00,0.0,2.0,0.0,0.00015873015873015873,-0.00015873015873015873,16318.571882827291,True
2021-09-24 13:30:00+00:00,0.0,2.0,0.0,0.00015873015873015873,-0.00015873015873015873,16315.98163332208,True
2021-09-27 13:30:00+00:00,-0.0008299899175870928,2.0,0.0,0.00015873015873015873,-0.0018187099939043444,16286.3075944652,True
2021-09-28 13:30:00+00:00,0.0016612476630895046,2.0,0.0,0.00015873015873015873,0.0031637651674488506,16337.833647138925,True
2021-09-29 13:30:00+00:00,0.000581886334210413,2.0,0.0,0.00015873015873015873,0.0010050425096906673,16354.253864470551,True
2021-09-30 13:30:00+00:00,0.0008313686094010286,2.0,0.0,0.00015873015873015873,0.0015040070600718985,16378.850777744921,True
2021-10-01 13:30:00+00:00,0.0,2.0,0.0,0.00015873015873015873,-0.00015873015873015873,16376.250960161155,True
2021-10-04 13:30:00+00:00,0.0008311209789886309,2.0,0.0,0.00015873015873015873,0.001503511799247103,16400.872846707185,True
2021-10-05 13:30:00+00:00,0.0,2.0,0.0,0.00015873015873015873,-0.00015873015873015873,16398.269533556915,True
2021-10-06 13:30:00+00:00,0.0,2.0,0.0,0.00015873015873015873,-0.00015873015873015873,16395.666633630954,True
2021-10-07 13:30:00+00:00,0.0,2.0,0.0,0.00015873015873015873,-0.00015873015873015873,16393.06414686371,True
2021-10-08 13:30:00+00:00,0.0,2.0,0.0,0.00015873015873015873,-0.00015873015873015873,16390.462073189607,True
2021-10-11 13:30:00+00:00,0.0008295455878288838,2.0,0.0,0.00015873015873015873,0.0015003610169276088,16415.05368353365,True
2021-10-12 13:30:00+00:00,0.0,2.0,0.0,0.00015873015873015873,-0.00015873015873015873,16412.448119456898,True
2021-10-13 13:30:00+00:00,0.0,2.0,0.0,0.00015873015873015873,-0.00015873015873015873,16409.842968961744,True
2021-10-14 13:30:00+00:00,0.0008286368950716216,2.0,0.0,0.00015873015873015873,0.0014985436314130845,16434.433834635372,True
2021-10-15 13:30:00+00:00,0.0008288345611751069,2.0,0.0,0.00015873015873015873,0.001498938963620055,16459.06804785514,True
2021-10-18 13:30:00+00:00,0.0,2.0,0.0,0.00015873015873015873,-0.00015873015873015873,16456.455497371353,True
2021-10-19 13:30:00+00:00,0.0,2.0,0.0,0.00015873015873015873,-0.00015873015873015873,16453.84336157812,True
2021-10-20 13:30:00+00:00,0.0,2.0,0.0,0.00015873015873015873,-0.00015873015873015873,16451.231640409616,True
2021-10-21 13:30:00+00:00,0.0049670125948499955,2.0,0.0,0.00015873015873015873,0.009775295030969832,16612.047283317443,True
2021-10-22 13:30:00+00:00,0.0,2.0,0.0,0.00015873015873015873,-0.00015873015873015873,16609.41045041533,True
2021-10-25 13:30:00+00:00,0.0024712865736904455,2.0,0.0,0.00015873015873015873,0.004783842988650732,16688.86726214417,True
2021-10-26 13:30:00+00:00,0.0008218044968624216,2.0,0.0,0.00015873015873015873,0.0014848788349946845,16713.64820792176,True
2021-10-27 13:30:00+00:00,0.0,2.0,0.0,0.00015873015873015873,-0.00015873015873015873,16710.995247888757,True
2021-10-28 13:30:00+00:00,0.0006585676853447797,2.0,0.0,0.00015873015873015873,0.0011584052119594007,16730.35335188094,True
2021-10-29 13:30:00+00:00,0.0,2.0,0.0,0.00015873015873015873,-0.00015873015873015873,16727.697740237785,True
2021-11-01 13:30:00+00:00,0.0,2.0,0.0,0.00015873015873015873,-0.00015873015873015873,16725.042550120284,True
2021-11-02 13:30:00+00:00,0.000823105413504388,2.0,0.0,0.00015873015873015873,0.0014874806682786173,16749.920727589728,True
2021-11-03 13:30:00+00:00,0.0,2.0,0.0,0.00015873015873015873,-0.00015873015873015873,16747.262010013917,True
2021-11-04 13:30:00+00:00,-0.0008224284681799254,2.0,0.0,0.00015873015873015873,-0.0018035870950900096,16717.05686437457,True
2021-11-05 13:30:00+00:00,0.000823105413504388,2.0,0.0,0.00015873015873015873,0.0014874806682786173,16741.923163290838,True
2021-11-08 14:30:00+00:00,0.0,2.0,0.0,0.00015873015873015873,-0.00015873015873015873,16739.26571516968,True
2021-11-09 14:30:00+00:00,0.0,2.0,0.0,0.00015873015873015873,-0.00015873015873015873,16736.608688865686,True
2021-11-10 14:30:00+00:00,-0.0008224284681799254,2.0,0.0,0.00015873015873015873,-0.0018035870950900096,16706.422757418877,True
2021-11-11 14:30:00+00:00,0.000823105413504388,2.0,0.0,0.00015873015873015873,0.0014874806682786173,16731.273238306625,True
2021-11-12 14:30:00+00:00,-0.0008224284681799254,2.0,0.0,0.00015873015873015873,-0.0018035870950900096,16701.09692980959,True
2021-11-15 14:30:00+00:00,0.000823105413504388,2.0,0.0,0.00015873015873015873,0.0014874806682786173,16725.939488631728,True
2021-11-16 14:30:00+00:00,0.0,2.0,0.0,0.00015873015873015873,-0.00015873015873015873,16723.28457760179,True
2021-11-17 14:30:00+00:00,0.0,2.0,0.0,0.00015873015873015873,-0.00015873015873015873,16720.630087986297,True
2021-11-18 14:30:00+00:00,0.0,2.0,0.0,0.00015873015873015873,-0.00015873015873015873,16717.976019718364,True
2021-11-19 14:30:00+00:00,0.0,2.0,0.0,0.00015873015873015873,-0.00015873015873015873,16715.32237273111,True
2021-11-22 14:30:00+00:00,0.0,2.0,0.0,0.00015873015873015873,-0.00015873015873015873,16712.669146957658,True
2021-11-23 14:30:00+00:00,0.0,2.0,0.0,0.00015873015873015873,-0.00015873015873015873,16710.016342331157,True
2021-11-24 14:30:00+00:00,0.0008224284681799254,2.0,0.0,0.00015873015873015873,0.0014861267776296921,16734.849545072124,True
2021-11-26 14:30:00+00:00,-0.0008217526354188376,2.0,0.0,0.00015873015873015873,-0.001802235429567834,16704.689406313508,True
2021-11-29 14:30:00+00:00,0.000659888445295298,2.0,0.0,0.00015873015873015873,0.0011610467318604373,16724.08433135545,True
2021-11-30 14:30:00+00:00,-0.0016484693463459932,2.0,0.0,0.00015873015873015873,-0.003455668851422145,16666.29143406303,True
2021-12-01 14:30:00+00:00,0.0,2.0,0.0,0.00015873015873015873,-0.00015873015873015873,16663.645990978257,True
2021-12-02 14:30:00+00:00,0.0008252126875738508,2.0,0.0,0.00015873015873015873,0.0014916952164175429,16688.503071991076,True
2021-12-03 14:30:00+00:00,0.0,2.0,0.0,0.00015873015873015873,-0.00015873015873015873,16685.85410324949,True
2021-12-06 14:30:00+00:00,0.0,2.0,0.0,0.00015873015873015873,-0.00015873015873015873,16683.205554979133,True
2021-12-07 14:30:00+00:00,0.0008252975509794869,2.0,0.0,0.00015873015873015873,0.001491864943228815,16708.094644487282,True
2021-12-08 14:30:00+00:00,0.0,2.0,0.0,0.00015873015873015873,-0.00015873015873015873,16705.442565972287,True
2021-12-09 14:30:00+00:00,0.0,2.0,0.0,0.00015873015873015873,-0.00015873015873015873,16702.790908422132,True
2021-12-10 14:30:00+00:00,0.0,2.0,0.0,0.00015873015873015873,-0.00015873015873015873,16700.13967177,True
2021-12-13 14:30:00+00:00,0.0008246169965917538,2.0,0.0,0.00015873015873015873,0.0014905038344533489,16725.03129398668,True
2021-12-14 14:30:00+00:00,-0.0008239375636726054,2.0,0.0,0.00015873015873015873,-0.0018066052860753695,16694.81576404119,True
2021-12-15 14:30:00+00:00,0.0008246169965917538,2.0,0.0,0.00015873015873015873,0.0014905038344533489,16719.699450952983,True
2021-12-16 14:30:00+00:00,0.0,2.0,0.0,0.00015873015873015873,-0.00015873015873015873,16717.045530405212,True
2021-12-17 14:30:00+00:00,0.0,2.0,0.0,0.00015873015873015873,-0.00015873015873015873,16714.392031114672,True
2021-12-20 14:30:00+00:00,0.0,2.0,0.0,0.00015873015873015873,-0.00015873015873015873,16711.738953014497,True
2021-12-21 14:30:00+00:00,0.0,2.0,0.0,0.00015873015873015873,-0.00015873015873015873,16709.08629603783,True
2021-12-22 14:30:00+00:00,0.0008233918373752314,2.0,0.0,0.00015873015873015873,0.001488053516020304,16733.950310650132,True
2021-12-23 14:30:00+00:00,0.0,2.0,0.0,0.00015873015873015873,-0.00015873015873015873,16731.29412806114,True
2021-12-27 14:30:00+00:00,0.0008234778092850448,2.0,0.0,0.00015873015873015873,0.0014882254598399308,16756.19406595859,True
2021-12-28 14:30:00+00:00,0.001644619811474124,2.0,0.0,0.00015873015873015873,0.0031305094642180894,16808.64949006635,True
2021-12-29 14:30:00+00:00,0.0008209053456755822,2.0,0.0,0.00015873015873015873,0.0014830805326210056,16833.578070904714,True
2021-12-30 14:30:00+00:00,0.0005762059236709138,2.0,0.0,0.00015873015873015873,0.000993681688611669,16850.305289187585,True
2021-12-31 14:30:00+00:00,0.0,2.0,0.0,0.00015873015873015873,-0.00015873015873015873,16847.63063755438,True
2022-01-03 14:30:00+00:00,-0.0008226928072879724,2.0,0.0,0.00015873015873015873,-0.0018041157733061036,16817.235561378333,True
2022-01-04 14:30:00+00:00,0.0008233701880193678,2.0,0.0,0.00015873015873015873,0.0014880102173085768,16842.25977972055,True
2022-01-05 14:30:00+00:00,-0.0008226928072879724,2.0,0.0,0.00015873015873015873,-0.0018041157733061036,16811.874393193837,True
2022-01-06 14:30:00+00:00,0.0,2.0,0.0,0.00015873015873015873,-0.00015873015873015873,16809.205841702853,True
2022-01-07 14:30:00+00:00,0.0,2.0,0.0,0.00015873015873015873,-0.00015873015873015873,16806.537713791473,True
2022-01-10 14:30:00+00:00,0.0,2.0,0.0,0.00015873015873015873,-0.00015873015873015873,16803.87000939246,True
2022-01-11 14:30:00+00:00,0.0,2.0,0.0,0.00015873015873015873,-0.00015873015873015873,16801.202728438588,True
2022-01-12 14:30:00+00:00,0.0008233701880193678,2.0,0.0,0.00015873015873015873,0.0014880102173085768,16826.203089761577,True
2022-01-13 14:30:00+00:00,0.0,2.0,0.0,0.00015873015873015873,-0.00015873015873015873,16823.532263874313,True
2022-01-14 14:30:00+00:00,0.0,2.0,0.0,0.00015873015873015873,-0.00015873015873015873,16820.861861927668,True
2022-01-18 14:30:00+00:00,-0.0008226928072879724,2.0,0.0,0.00015873015873015873,-0.0018041157733061036,16790.51507972196,True
2022-01-19 14:30:00+00:00,0.0008233701880193678,2.0,0.0,0.00015873015873015873,0.0014880102173085768,16815.49953771446,True
2022-01-20 14:30:00+00:00,0.0,2.0,0.0,0.00015873015873015873,-0.00015873015873015873,16812.830410803712,True
2022-01-21 14:30:00+00:00,0.0,2.0,0.0,0.00015873015873015873,-0.00015873015873015873,16810.1617075639,True
2022-01-24 14:30:00+00:00,0.0,2.0,0.0,0.00015873015873015873,-0.00015873015873015873,16807.49342792778,True
2022-01-25 14:30:00+00:00,0.0,2.0,0.0,0.00015873015873015873,-0.00015873015873015873,16804.82557182811,True
2022-01-26 14:30:00+00:00,0.0,2.0,0.0,0.00015873015873015873,-0.00015873015873015873,16802.15813919766,True
2022-01-27 14:30:00+00:00,0.0008218237273383,2.0,0.0,0.00015873015873015873,0.0014849172959464413,16827.10795442778,True
2022-01-28 14:30:00+00:00,0.0006598498464402969,2.0,0.0,0.00015873015873015873,0.001160969534150435,16846.64371411073,True
2022-01-31 14:30:00+00:00,0.0,2.0,0.0,0.00015873015873015873,-0.00015873015873015873,16843.96964367992,True
2022-02-01 14:30:00+00:00,0.0,2.0,0.0,0.00015873015873015873,-0.00015873015873015873,16841.295997704736,True
2022-02-02 14:30:00+00:00,0.0008238616363702711,2.0,0.0,0.00015873015873015873,0.0014889931140103835,16866.372571476328,True
2022-02-03 14:30:00+00:00,-0.000823183447108633,2.0,0.0,0.00015873015873015873,-0.0018050970529474247,16835.927132053643,True
2022-02-04 14:30:00+00:00,0.0,2.0,0.0,0.00015873015873015873,-0.00015873015873015873,16833.254762667602,True
2022-02-07 14:30:00+00:00,0.0,2.0,0.0,0.00015873015873015873,-0.00015873015873015873,16830.58281746718,True
2022-02-08 14:30:00+00:00,0.0,2.0,0.0,0.00015873015873015873,-0.00015873015873015873,16827.911296385042,True
2022-02-09 14:30:00+00:00,0.0008238616363702711,2.0,0.0,0.00015873015873015873,0.0014889931140103835,16852.967940428534,True
2022-02-10 14:30:00+00:00,-0.000823183447108633,2.0,0.0,0.00015873015873015873,-0.0018050970529474247,16822.54669766585,True
2022-02-11 14:30:00+00:00,0.0,2.0,0.0,0.00015873015873015873,-0.00015873015873015873,16819.876452158285,True
2022-02-14 14:30:00+00:00,0.0,2.0,0.0,0.00015873015873015873,-0.00015873015873015873,16817.20663049921,True
2022-02-15 14:30:00+00:00,0.0,2.0,0.0,0.00015873015873015873,-0.00015873015873015873,16814.537232621355,True
2022-02-16 14:30:00+00:00,0.0,2.0,0.0,0.00015873015873015873,-0.00015873015873015873,16811.86825845745,True
2022-02-17 14:30:00+00:00,-0.0008239701105818842,2.0,0.0,0.00015873015873015873,-0.001806670379893927,16781.494754044215,True
2022-02-18 14:30:00+00:00,0.0,2.0,0.0,0.00015873015873015873,-0.00015873015873015873,16778.831024718176,True
2022-02-22 14:30:00+00:00,0.0,2.0,0.0,0.00015873015873015873,-0.00015873015873015873,16776.167718206318,True
2022-02-23 14:30:00+00:00,-0.0032971870611653298,2.0,0.0,0.00015873015873015873,-0.006753104281060818,16662.876508168705,True
2022-02-24 14:30:00+00:00,-0.0074446557788884204,2.0,0.0,0.00015873015873015873,-0.015048041716507,16412.132847356777,True
2022-02-25 14:30:00+00:00,-0.0018390192073144407,2.0,0.0,0.00015873015873015873,-0.00383676857335904,16349.163291826246,True
2022-02-28 14:30:00+00:00,-0.0025123937575832755,2.0,0.0,0.00015873015873015873,-0.00518351767389671,16264.417114949641,True
2022-03-01 14:30:00+00:00,-0.0025188319973336037,2.0,0.0,0.00015873015873015873,-0.005196394153397366,16179.900792945102,True
2022-03-02 14:30:00+00:00,0.0,2.0,0.0,0.00015873015873015873,-0.00015873015873015873,16177.332554724,True
2022-03-03 14:30:00+00:00,-0.005892705228937478,2.0,0.0,0.00015873015873015873,-0.011944140616605115,15984.108219888793,True
2022-03-04 14:30:00+00:00,0.0,2.0,0.0,0.00015873015873015873,-0.00015873015873015873,15981.57105985389,True
2022-03-07 14:30:00+00:00,-0.009313997595111312,2.0,0.0,0.00015873015873015873,-0.018786725348952784,15681.329673707642,True
2022-03-08 14:30:00+00:00,-0.0008546060145100398,2.0,0.0,0.00015873015873015873,-0.0018679421877502384,15652.037856450104,True
2022-03-09 14:30:00+00:00,-0.0008547755248525801,2.0,0.0,0.00015873015873015873,-0.001868281208435319,15622.79544824918,True
2022-03-10 14:30:00+00:00,0.0,2.0,0.0,0.00015873015873015873,-0.00015873015873015873,15620.31563944787,True
2022-03-11 14:30:00+00:00,0.0,2.0,0.0,0.00015873015873015873,-0.00015873015873015873,15617.836224267005,True
2022-03-14 13:30:00+00:00,-0.0008569678510618184,2.0,0.0,0.00015873015873015873,-0.0018726658608537955,15588.589235549414,True
2022-03-15 13:30:00+00:00,0.0,2.0,0.0,0.00015873015873015873,-0.00015873015873015873,15586.114856305678,True
2022-03-16 13:30:00+00:00,-0.009425620287906944,2.0,0.0,0.00015873015873015873,-0.019009970734544048,15289.823269022065,True
2022-03-17 13:30:00+00:00,0.0,2.0,0.0,0.00015873015873015873,-0.00015873015873015873,15287.396312947616,True
2022-03-18 13:30:00+00:00,0.0,2.0,0.0,0.00015873015873015873,-0.00015873015873015873,15284.969742104291,True
2022-03-21 13:30:00+00:00,0.0,2.0,0.0,0.00015873015873015873,-0.00015873015873015873,15282.543556430941,True
2022-03-22 13:30:00+00:00,0.0,2.0,0.0,0.00015873015873015873,-0.00015873015873015873,15280.11775586643,True
2022-03-23 13:30:00+00:00,0.0,2.0,0.0,0.00015873015873015873,-0.00015873015873015873,15277.692340349624,True
2022-03-24 13:30:00+00:00,0.0,2.0,0.0,0.00015873015873015873,-0.00015873015873015873,15275.267309819412,True
2022-03-25 13:30:00+00:00,0.0008648421782257998,2.0,0.0,0.00015873015873015873,0.0015709541977214408,15299.26405512109,True
2022-03-28 13:30:00+00:00,-0.002592511533272557,2.0,0.0,0.00015873015873015873,-0.005343753225275272,15217.508563482199,True
2022-03-29 13:30:00+00:00,-0.0008667958821962918,2.0,0.0,0.00015873015873015873,-0.0018923219231227423,15188.712138412213,True
2022-03-30 13:30:00+00:00,-0.00026106132071979093,2.0,0.0,0.00015873015873015873,-0.0006808528001697406,15178.370861221803,True
2022-03-31 13:30:00+00:00,-0.0008705075592033706,2.0,0.0,0.00015873015873015873,-0.0018997452771369,15149.535822863565,True
2022-04-01 13:30:00+00:00,-0.0008705821205821085,2.0,0.0,0.00015873015873015873,-0.0018998943998943757,15120.753304592707,True
2022-04-04 13:30:00+00:00,0.0008713406942113533,2.0,0.0,0.00015873015873015873,0.0015839512296925479,15144.703840383394,True
2022-04-05 13:30:00+00:00,-0.008710608381661045,2.0,0.0,0.00015873015873015873,-0.01757994692205225,14878.460750719254,True
2022-04-06 13:30:00+00:00,0.0008789219477296495,2.0,0.0,0.00015873015873015873,0.0015991137367291402,14902.253101687113,True
2022-04-07 13:30:00+00:00,-0.0017559556017223699,2.0,0.0,0.00015873015873015873,-0.0036706413621748982,14847.55227506246,True
2022-04-08 13:30:00+00:00,-0.002638624149924662,2.0,0.0,0.00015873015873015873,-0.005435978458579483,14766.841300732589,True
2022-04-11 13:30:00+00:00,-0.0008819067648122569,2.0,0.0,0.00015873015873015873,-0.0019225436883546726,14738.451403192932,True
2022-04-12 13:30:00+00:00,-0.0008826852108708705,2.0,0.0,0.00015873015873015873,-0.0019241005804718997,14710.09314029279,True
2022-04-13 13:30:00+00:00,0.0008834650323892301,2.0,0.0,0.00015873015873015873,0.0016081999060483015,14733.74991069897,True
2022-04-14 13:30:00+00:00,-0.0008826852108708705,2.0,0.0,0.00015873015873015873,-0.0019241005804718997,14705.400693943267,True
2022-04-18 13:30:00+00:00,0.0008834650323892301,2.0,0.0,0.00015873015873015873,0.0016081999060483015,14729.04991795767,True
2022-04-19 13:30:00+00:00,0.0,2.0,0.0,0.00015873015873015873,-0.00015873015873015873,14726.711973526248,True
2022-04-20 13:30:00+00:00,-0.001765370421741741,2.0,0.0,0.00015873015873015873,-0.0036894710022136405,14672.37819674197,True
2022-04-21 13:30:00+00:00,0.0,2.0,0.0,0.00015873015873015873,-0.00015873015873015873,14670.049247821853,True
2022-04-22 13:30:00+00:00,0.0,2.0,0.0,0.00015873015873015873,-0.00015873015873015873,14667.720668576167,True
2022-04-25 13:30:00+00:00,0.0008842462330160838,2.0,0.0,0.00015873015873015873,0.001609762307302009,14691.332212442474,True
2022-04-26 13:30:00+00:00,0.0,2.0,0.0,0.00015873015873015873,-0.00015873015873015873,14689.000254948436,True
2022-04-27 13:30:00+00:00,0.0,2.0,0.0,0.00015873015873015873,-0.00015873015873015873,14686.668667606382,True
2022-04-28 13:30:00+00:00,0.000709384391439638,2.0,0.0,0.00015873015873015873,0.0012600386241491174,14705.174437387645,True
2022-04-29 13:30:00+00:00,0.0008856109872592555,2.0,0.0,0.00015873015873015873,0.0016124918157883522,14728.886410817671,True
2022-05-02 13:30:00+00:00,0.0,2.0,0.0,0.00015873015873015873,-0.00015873015873015873,14726.548492339763,True
2022-05-03 13:30:00+00:00,0.0,2.0,0.0,0.00015873015873015873,-0.00015873015873015873,14724.210944960028,True
2022-05-04 13:30:00+00:00,-0.0008848273744146429,2.0,0.0,0.00015873015873015873,-0.0019283849075594445,14695.816998798045,True
2022-05-05 13:30:00+00:00,-0.004429210030841069,2.0,0.0,0.00015873015873015873,-0.009017150220412296,14563.302609308195,True
2022-05-06 13:30:00+00:00,0.0,2.0,0.0,0.00015873015873015873,-0.00015873015873015873,14560.990973973385,True
2022-05-09 13:30:00+00:00,-0.001778753920863907,2.0,0.0,0.00015873015873015873,-0.0037162380004579724,14506.878865991579,True
2022-05-10 13:30:00+00:00,0.0,2.0,0.0,0.00015873015873015873,-0.00015873015873015873,14504.576186806502,True
2022-05-11 13:30:00+00:00,-0.0008912523373871828,2.0,0.0,0.00015873015873015873,-0.0019412348335045243,14476.419398267453,True
2022-05-12 13:30:00+00:00,-0.008920706434514036,2.0,0.0,0.00015873015873015873,-0.018000143027758233,14215.841778568825,True
2022-05-13 13:30:00+00:00,-0.002700347470922959,2.0,0.0,0.00015873015873015873,-0.005559425100576077,14136.809870959232,True
2022-05-16 13:30:00+00:00,0.0,2.0,0.0,0.00015873015873015873,-0.00015873015873015873,14134.565932884478,True
2022-05-17 13:30:00+00:00,-0.04783370206381177,2.0,0.0,0.00015873015873015873,-0.0958261342863537,12780.10511972057,True
2022-05-18 13:30:00+00:00,-0.022748969358064364,2.0,0.0,0.00015873015873015873,-0.045656668874858884,12196.608092083601,True
2022-05-19 13:30:00+00:00,-0.0019399619900516418,2.0,0.0,0.00015873015873015873,-0.004038654138833442,12147.35021033278,True
2022-05-20 13:30:00+00:00,-0.0009716762765497045,2.0,0.0,0.00015873015873015873,-0.0021020827118295674,12121.8154754611,True
2022-05-23 13:30:00+00:00,-0.00194600384811483,2.0,0.0,0.00015873015873015873,-0.004050737854959819,12072.713178643813,True
2022-05-24 13:30:00+00:00,-0.007797031858100434,2.0,0.0,0.00015873015873015873,-0.015752793874931028,11882.534216429473,True
2022-05-25 13:30:00+00:00,0.0009824320297693312,2.0,0.0,0.00015873015873015873,0.0018061339008085037,11903.995664305283,True
2022-05-26 13:30:00+00:00,0.0,2.0,0.0,0.00015873015873015873,-0.00015873015873015873,11902.106141183964,True
2022-05-27 13:30:00+00:00,-0.008175080341759178,2.0,0.0,0.00015873015873015873,-0.016508890842248516,11705.615570106302,True
2022-05-31 13:30:00+00:00,0.0,2.0,0.0,0.00015873015873015873,-0.00015873015873015873,11703.757535888826,True
2022-06-01 13:30:00+00:00,0.0,2.0,0.0,0.00015873015873015873,-0.00015873015873015873,11701.899796597414,True
2022-06-02 13:30:00+00:00,0.0009931059363967876,2.0,0.0,0.00015873015873015873,0.0018274817140634164,11723.284804495497,True
2022-06-03 13:30:00+00:00,0.0,2.0,0.0,0.00015873015873015873,-0.00015873015873015873,11721.423965637641,True
2022-06-06 13:30:00+00:00,-0.0009921206554841522,2.0,0.0,0.00015873015873015873,-0.002142971469698463,11696.30528849504,True
2022-06-07 13:30:00+00:00,0.0,2.0,0.0,0.00015873015873015873,-0.00015873015873015873,11694.44873210004,True
2022-06-08 13:30:00+00:00,0.0,2.0,0.0,0.00015873015873015873,-0.00015873015873015873,11692.592470396532,True
2022-06-09 13:30:00+00:00,0.0,2.0,0.0,0.00015873015873015873,-0.00015873015873015873,11690.73650333774,True
2022-06-10 13:30:00+00:00,-0.0009930414196724913,2.0,0.0,0.00015873015873015873,-0.002144812998075141,11665.66205972831,True
2022-06-13 13:30:00+00:00,-0.008945998457163373,2.0,0.0,0.00015873015873015873,-0.018050727073056907,11455.08837776164,True
2022-06-14 13:30:00+00:00,0.0,2.0,0.0,0.00015873015873015873,-0.00015873015873015873,11453.27010976517,True
2022-06-15 13:30:00+00:00,-0.00300913446754425,2.0,0.0,0.00015873015873015873,-0.006176999093818658,11382.52327067589,True
2022-06-16 13:30:00+00:00,-0.010060351915255117,2.0,0.0,0.00015873015873015873,-0.020279433989240394,11151.692141377227,True
2022-06-17 13:30:00+00:00,-0.0010162525133960987,2.0,0.0,0.00015873015873015873,-0.002191235185522356,11127.25616117893,True
2022-06-21 13:30:00+00:00,-0.0010176167926267965,2.0,0.0,0.00015873015873015873,-0.0021939637439837515,11102.843364591285,True
2022-06-22 13:30:00+00:00,0.0010186533914238183,2.0,0.0,0.00015873015873015873,0.0018785766241174778,11123.700906597243,True
2022-06-23 13:30:00+00:00,-0.003052255550892391,2.0,0.0,0.00015873015873015873,-0.0062632412605149405,11054.030484109417,True
2022-06-24 13:30:00+00:00,-0.003060937395172214,2.0,0.0,0.00015873015873015873,-0.006280604949074587,10984.604485543696,True
2022-06-27 13:30:00+00:00,-0.0030708674821600113,2.0,0.0,0.00015873015873015873,-0.006300465123050181,10915.396368092028,True
2022-06-28 13:30:00+00:00,-0.0020529730822931302,2.0,0.0,0.00015873015873015873,-0.004264676323316419,10868.845735641413,True
2022-06-29 13:30:00+00:00,-0.002272621240443029,2.0,0.0,0.00015873015873015873,-0.004703972639616217,10817.718982676748,True
2022-06-30 13:30:00+00:00,-0.0010352956497954313,2.0,0.0,0.00015873015873015873,-0.002229321458321021,10793.602809618578,True
2022-07-01 13:30:00+00:00,-0.004144870837181847,2.0,0.0,0.00015873015873015873,-0.008448471833093852,10702.413360303914,True
2022-07-05 13:30:00+00:00,0.0,2.0,0.0,0.00015873015873015873,-0.00015873015873015873,10700.714564532436,True
2022-07-06 13:30:00+00:00,-0.0031218442497432664,2.0,0.0,0.00015873015873015873,-0.006402418658216691,10632.204109948223,True
2022-07-07 13:30:00+00:00,0.0010437384575570086,2.0,0.0,0.00015873015873015873,0.0019287467563838584,10652.710939138495,True
2022-07-08 13:30:00+00:00,-0.0010426502034419638,2.0,0.0,0.00015873015873015873,-0.002244030565614086,10628.805930184417,True
2022-07-11 13:30:00+00:00,0.0010437384575570086,2.0,0.0,0.00015873015873015873,0.0019287467563838584,10649.306205146493,True
2022-07-12 13:30:00+00:00,-0.0010426502034419638,2.0,0.0,0.00015873015873015873,-0.002244030565614086,10625.40883651956,True
2022-07-13 13:30:00+00:00,-0.002087476915114128,2.0,0.0,0.00015873015873015873,-0.004333683988958415,10579.3616723686,True
2022-07-14 13:30:00+00:00,0.0,2.0,0.0,0.00015873015873015873,-0.00015873015873015873,10577.68240861108,True
2022-07-15 13:30:00+00:00,0.0,2.0,0.0,0.00015873015873015873,-0.00015873015873015873,10576.003411403366,True
2022-07-18 13:30:00+00:00,0.0,2.0,0.0,0.00015873015873015873,-0.00015873015873015873,10574.324680703143,True
2022-07-19 13:30:00+00:00,0.0,2.0,0.0,0.00015873015873015873,-0.00015873015873015873,10572.64621646811,True
2022-07-20 13:30:00+00:00,0.0,2.0,0.0,0.00015873015873015873,-0.00015873015873015873,10570.968018655973,True
2022-07-21 13:30:00+00:00,0.0,2.0,0.0,0.00015873015873015873,-0.00015873015873015873,10569.29008722444,True
2022-07-22 13:30:00+00:00,0.0010458541023372625,2.0,0.0,0.00015873015873015873,0.0019329780459443663,10589.720292924263,True
2022-07-25 13:30:00+00:00,0.001044896678503937,2.0,0.0,0.00015873015873015873,0.0019310631982777154,10610.169712061983,True
2022-07-26 13:30:00+00:00,0.0,2.0,0.0,0.00015873015873015873,-0.00015873015873015873,10608.485558139433,True
2022-07-27 13:30:00+00:00,0.0010437384575570086,2.0,0.0,0.00015873015873015873,0.0019287467563838584,10628.946640249838,True
2022-07-28 13:30:00+00:00,-0.00020912387421312406,2.0,0.0,0.00015873015873015873,-0.0005769779071564069,10622.81397286207,True
2022-07-29 13:30:00+00:00,0.0010471204895237118,2.0,0.0,0.00015873015873015873,0.001935510820317265,10643.374544248763,True
2022-08-01 13:30:00+00:00,0.0,2.0,0.0,0.00015873015873015873,-0.00015873015873015873,10641.68511971793,True
2022-08-02 13:30:00+00:00,0.0,2.0,0.0,0.00015873015873015873,-0.00015873015873015873,10639.99596334972,True
2022-08-03 13:30:00+00:00,0.0010458903259391583,2.0,0.0,0.00015873015873015873,0.001933050493148158,10660.563612793767,True
2022-08-04 13:30:00+00:00,0.00626986315994027,2.0,0.0,0.00015873015873015873,0.012380996161150381,10792.552009959467,True
2022-08-05 13:30:00+00:00,0.0,2.0,0.0,0.00015873015873015873,-0.00015873015873015873,10790.838906465822,True
2022-08-08 13:30:00+00:00,0.0,2.0,0.0,0.00015873015873015873,-0.00015873015873015873,10789.126074893367,True
2022-08-09 13:30:00+00:00,0.0010380868572608115,2.0,0.0,0.00015873015873015873,0.0019174435557914643,10809.813615158293,True
2022-08-10 13:30:00+00:00,0.0,2.0,0.0,0.00015873015873015873,-0.00015873015873015873,10808.097771727314,True
2022-08-11 13:30:00+00:00,0.0,2.0,0.0,0.00015873015873015873,-0.00015873015873015873,10806.382200652439,True
2022-08-12 13:30:00+00:00,0.0,2.0,0.0,0.00015873015873015873,-0.00015873015873015873,10804.66690189043,True
2022-08-15 13:30:00+00:00,0.001037411540857347,2.0,0.0,0.00015873015873015873,0.0019160929229845353,10825.369647676345,True
2022-08-16 13:30:00+00:00,0.0,2.0,0.0,0.00015873015873015873,-0.00015873015873015873,10823.651335033857,True
2022-08-17 13:30:00+00:00,0.0,2.0,0.0,0.00015873015873015873,-0.00015873015873015873,10821.933295139408,True
2022-08-18 13:30:00+00:00,0.001036269637707088,2.0,0.0,0.00015873015873015873,0.001913809116684017,10842.64440973979,True
2022-08-19 13:30:00+00:00,0.0,2.0,0.0,0.00015873015873015873,-0.00015873015873015873,10840.923355071576,True
2022-08-22 13:30:00+00:00,0.0,2.0,0.0,0.00015873015873015873,-0.00015873015873015873,10839.202573586646,True
2022-08-23 13:30:00+00:00,0.0,2.0,0.0,0.00015873015873015873,-0.00015873015873015873,10837.482065241633,True
2022-08-24 13:30:00+00:00,0.0010351968945960799,2.0,0.0,0.00015873015873015873,0.001911663630462001,10858.199685551537,True
2022-08-25 13:30:00+00:00,0.0,2.0,0.0,0.00015873015873015873,-0.00015873015873015873,10856.476161791927,True
2022-08-26 13:30:00+00:00,0.0010335931092015915,2.0,0.0,0.00015873015873015873,0.0019084560596730243,10877.195269509592,True
2022-08-29 13:30:00+00:00,0.0,2.0,0.0,0.00015873015873015873,-0.00015873015873015873,10875.468730577924,True
2022-08-30 13:30:00+00:00,0.0018671498882540938,2.0,0.0,0.00015873015873015873,0.003575569617778029,10914.354726150073,True
2022-08-31 13:30:00+00:00,0.0,2.0,0.0,0.00015873015873015873,-0.00015873015873015873,10912.622288891953,True
2022-09-01 13:30:00+00:00,0.0,2.0,0.0,0.00015873015873015873,-0.00015873015873015873,10910.890126623875,True
2022-09-02 13:30:00+00:00,0.0,2.0,0.0,0.00015873015873015873,-0.00015873015873015873,10909.15823930219,True
2022-09-06 13:30:00+00:00,0.0010354535328347403,2.0,0.0,0.00015873015873015873,0.0019121769069393218,10930.01847976153,True
2022-09-07 13:30:00+00:00,0.001033851310257683,2.0,0.0,0.00015873015873015873,0.0019089724617852072,10950.883584046196,True
2022-09-08 13:30:00+00:00,0.0,2.0,0.0,0.00015873015873015873,-0.00015873015873015873,10949.145348556665,True
2022-09-09 13:30:00+00:00,0.0,2.0,0.0,0.00015873015873015873,-0.00015873015873015873,10947.40738897753,True
2022-09-12 13:30:00+00:00,0.0,2.0,0.0,0.00015873015873015873,-0.00015873015873015873,10945.669705264996,True
2022-09-13 13:30:00+00:00,0.0,2.0,0.0,0.00015873015873015873,-0.00015873015873015873,10943.932297375271,True
2022-09-14 13:30:00+00:00,-0.008264125691437973,2.0,0.0,0.00015873015873015873,-0.016686981541606107,10761.311101136384,True
2022-09-15 13:30:00+00:00,0.0,2.0,0.0,0.00015873015873015873,-0.00015873015873015873,10759.602956517156,True
2022-09-16 13:30:00+00:00,0.0,2.0,0.0,0.00015873015873015873,-0.00015873015873015873,10757.895083031994,True
2022-09-19 13:30:00+00:00,0.0010415235014933355,2.0,0.0,0.00015873015873015873,0.0019243168442565123,10778.596681749015,True
2022-09-20 13:30:00+00:00,-0.0010404398589283215,2.0,0.0,0.00015873015873015873,-0.0022396098765868015,10754.456830164825,True
2022-09-21 13:30:00+00:00,0.0010415235014933355,2.0,0.0,0.00015873015873015873,0.0019243168442565123,10775.15181259394,True
2022-09-22 13:30:00+00:00,-0.0010404398589283215,2.0,0.0,0.00015873015873015873,-0.0022396098765868015,10751.019676172733,True
2022-09-23 13:30:00+00:00,-0.007291667711667893,2.0,0.0,0.00015873015873015873,-0.014742065582065944,10592.527439032514,True
2022-09-26 13:30:00+00:00,0.0,2.0,0.0,0.00015873015873015873,-0.00015873015873015873,10590.846085470763,True
2022-09-27 13:30:00+00:00,-0.003148127525035349,2.0,0.0,0.00015873015873015873,-0.006454985208800857,10522.482330640361,True
2022-09-28 13:30:00+00:00,-0.0010526898435502252,2.0,0.0,0.00015873015873015873,-0.002264109845830609,10498.65827479298,True
2022-09-29 13:30:00+00:00,-0.007617447087624796,2.0,0.0,0.00015873015873015873,-0.01539362433397975,10337.04587329999,True
2022-09-30 13:30:00+00:00,-0.0021320933913353546,2.0,0.0,0.00015873015873015873,-0.004422916941400868,10291.325977982935,True
2022-10-03 13:30:00+00:00,0.0010686660646737067,2.0,0.0,0.00015873015873015873,0.001978601970617255,10311.688415843235,True
2022-10-04 13:30:00+00:00,0.0,2.0,0.0,0.00015873015873015873,-0.00015873015873015873,10310.051639904212,True
2022-10-05 13:30:00+00:00,0.0,2.0,0.0,0.00015873015873015873,-0.00015873015873015873,10308.415123770894,True
2022-10-06 13:30:00+00:00,-0.001067525236680189,2.0,0.0,0.00015873015873015873,-0.0022937806320905366,10284.769880812439,True
2022-10-07 13:30:00+00:00,0.0,2.0,0.0,0.00015873015873015873,-0.00015873015873015873,10283.137377656754,True
2022-10-10 13:30:00+00:00,0.0,2.0,0.0,0.00015873015873015873,-0.00015873015873015873,10281.505133628554,True
2022-10-11 13:30:00+00:00,0.0,2.0,0.0,0.00015873015873015873,-0.00015873015873015873,10279.87314868671,True
2022-10-12 13:30:00+00:00,-0.005341758956568743,2.0,0.0,0.00015873015873015873,-0.010842248071867644,10168.416213861317,True
2022-10-13 13:30:00+00:00,-0.0010741992170757442,2.0,0.0,0.00015873015873015873,-0.002307128592881647,10144.956370069998,True
2022-10-14 13:30:00+00:00,-0.007526655400394655,2.0,0.0,0.00015873015873015873,-0.015212040959519469,9990.630878235956,True
2022-10-17 13:30:00+00:00,0.0,2.0,0.0,0.00015873015873015873,-0.00015873015873015873,9989.045063810838,True
2022-10-18 13:30:00+00:00,0.0,2.0,0.0,0.00015873015873015873,-0.00015873015873015873,9987.459501102298,True
2022-10-19 13:30:00+00:00,0.0,2.0,0.0,0.00015873015873015873,-0.00015873015873015873,9985.874190070375,True
2022-10-20 13:30:00+00:00,0.0,2.0,0.0,0.00015873015873015873,-0.00015873015873015873,9984.289130675126,True
2022-10-21 13:30:00+00:00,-0.002167088412551421,2.0,0.0,0.00015873015873015873,-0.004492906983833001,9939.430648311309,True
2022-10-24 13:30:00+00:00,0.0010859321585408033,2.0,0.0,0.00015873015873015873,0.002013134158351448,9959.44005566399,True
2022-10-25 13:30:00+00:00,0.0,2.0,0.0,0.00015873015873015873,-0.00015873015873015873,9957.85919216309,True
2022-10-26 13:30:00+00:00,-0.001084754189082826,2.0,0.0,0.00015873015873015873,-0.0023282385368958106,9934.674920646916,True
2022-10-27 13:30:00+00:00,-0.001085793292535886,2.0,0.0,0.00015873015873015873,-0.0023303167438019304,9911.523981335104,True
2022-10-28 13:30:00+00:00,-0.0013097481812238687,2.0,0.0,0.00015873015873015873,-0.002778226521177896,9883.987522544867,True
2022-10-31 13:30:00+00:00,0.0,2.0,0.0,0.00015873015873015873,-0.00015873015873015873,9882.418635636526,True
2022-11-01 13:30:00+00:00,0.0,2.0,0.0,0.00015873015873015873,-0.00015873015873015873,9880.849997757854,True
2022-11-02 13:30:00+00:00,-0.0032785602787103185,2.0,0.0,0.00015873015873015873,-0.0067158507161507956,9814.491684224233,True
2022-11-03 13:30:00+00:00,-0.0010963783691760876,2.0,0.0,0.00015873015873015873,-0.0023514868970823336,9791.413035627256,True
2022-11-04 13:30:00+00:00,0.0,2.0,0.0,0.00015873015873015873,-0.00015873015873015873,9789.858843081918,True
2022-11-07 14:30:00+00:00,0.0010975817340477256,2.0,0.0,0.00015873015873015873,0.0020364333093652928,9809.795237723953,True
2022-11-08 14:30:00+00:00,-0.004386072105260097,2.0,0.0,0.00015873015873015873,-0.008930874369250353,9722.18518886777,True
2022-11-09 14:30:00+00:00,-0.0022024868329820757,2.0,0.0,0.00015873015873015873,-0.00456370382469431,9677.816015136948,True
2022-11-10 14:30:00+00:00,0.0,2.0,0.0,0.00015873015873015873,-0.00015873015873015873,9676.279853864704,True
2022-11-11 14:30:00+00:00,0.0011036390989789258,2.0,0.0,0.00015873015873015873,0.002048548039227693,9696.102177986357,True
2022-11-14 14:30:00+00:00,0.0,2.0,0.0,0.00015873015873015873,-0.00015873015873015873,9694.563114148581,True
2022-11-15 14:30:00+00:00,0.0,2.0,0.0,0.00015873015873015873,-0.00015873015873015873,9693.024294606652,True
2022-11-16 14:30:00+00:00,0.0,2.0,0.0,0.00015873015873015873,-0.00015873015873015873,9691.485719321794,True
2022-11-17 14:30:00+00:00,0.0,2.0,0.0,0.00015873015873015873,-0.00015873015873015873,9689.947388255236,True
2022-11-18 14:30:00+00:00,-0.003307758762085111,2.0,0.0,0.00015873015873015873,-0.006774247682900381,9624.305284612921,True
2022-11-21 14:30:00+00:00,0.0,2.0,0.0,0.00015873015873015873,-0.00015873015873015873,9622.777617107426,True
2022-11-22 14:30:00+00:00,0.0,2.0,0.0,0.00015873015873015873,-0.00015873015873015873,9621.250192088839,True
2022-11-23 14:30:00+00:00,0.0,2.0,0.0,0.00015873015873015873,-0.00015873015873015873,9619.723009518666,True
2022-11-25 14:30:00+00:00,0.0033187363412972015,2.0,0.0,0.00015873015873015873,0.0064787425238642445,9682.04671804823,True
2022-11-28 14:30:00+00:00,-0.0011024224224899237,2.0,0.0,0.00015873015873015873,-0.002363575003710006,9659.162474440698,True
2022-11-29 14:30:00+00:00,-0.0013313819612610356,2.0,0.0,0.00015873015873015873,-0.0028214940812522297,9631.90920468921,True
2022-11-30 14:30:00+00:00,0.0,2.0,0.0,0.00015873015873015873,-0.00015873015873015873,9630.380330212274,True
2022-12-01 14:30:00+00:00,-0.0011113746627692267,2.0,0.0,0.00015873015873015873,-0.002381479484268612,9607.44577703017,True
2022-12-02 14:30:00+00:00,0.0011126111906560876,2.0,0.0,0.00015873015873015873,0.0020664922225820167,9627.29948900728,True
2022-12-05 14:30:00+00:00,-0.0011113746627692267,2.0,0.0,0.00015873015873015873,-0.002381479484268612,9604.3722727853,True
2022-12-06 14:30:00+00:00,-0.001112258875522798,2.0,0.0,0.00015873015873015873,-0.0023832479097757545,9581.482672641476,True
2022-12-07 14:30:00+00:00,0.0,2.0,0.0,0.00015873015873015873,-0.00015873015873015873,9579.961802375978,True
2022-12-08 14:30:00+00:00,0.0,2.0,0.0,0.00015873015873015873,-0.00015873015873015873,9578.441173518457,True
2022-12-09 14:30:00+00:00,0.0077947637759587796,2.0,0.0,0.00015873015873015873,0.0154307973931874,9726.244158609585,True
2022-12-12 14:30:00+00:00,0.001105235034284613,2.0,0.0,0.00015873015873015873,0.0020517399098390673,9746.199881922641,True
2022-12-13 14:30:00+00:00,0.008830021148980904,2.0,0.0,0.00015873015873015873,0.01750131213923165,9916.771168227511,True
2022-12-14 14:30:00+00:00,0.0,2.0,0.0,0.00015873015873015873,-0.00015873015873015873,9915.197077565888,True
2022-12-15 14:30:00+00:00,0.001094282383210965,2.0,0.0,0.00015873015873015873,0.0020298346076917714,9935.323287736015,True
2022-12-16 14:30:00+00:00,-0.0021859647837785268,2.0,0.0,0.00015873015873015873,-0.004530659726287212,9890.309718648627,True
2022-12-19 14:30:00+00:00,0.001095272773292244,2.0,0.0,0.00015873015873015873,0.0020318153878543296,9910.40500212562,True
2022-12-20 14:30:00+00:00,0.0,2.0,0.0,0.00015873015873015873,-0.00015873015873015873,9908.831921966554,True
2022-12-21 14:30:00+00:00,-0.00109407446332066,2.0,0.0,0.00015873015873015873,-0.0023468790853714786,9885.57709156843,True
2022-12-22 14:30:00+00:00,0.001095272773292244,2.0,0.0,0.00015873015873015873,0.0020318153878543296,9905.662759220897,True
2022-12-23 14:30:00+00:00,0.0,2.0,0.0,0.00015873015873015873,-0.00015873015873015873,9904.0904317988,True
2022-12-27 14:30:00+00:00,-0.00109407446332066,2.0,0.0,0.00015873015873015873,-0.0023468790853714786,9880.846729104784,True
2022-12-28 14:30:00+00:00,-0.0021904761640447745,2.0,0.0,0.00015873015873015873,-0.0045396824868197076,9835.990822253718,True
2022-12-29 14:30:00+00:00,-0.0002207731622163589,2.0,0.0,0.00015873015873015873,-0.0006002764831628765,9830.086508274513,True
2022-12-30 14:30:00+00:00,0.0,2.0,0.0,0.00015873015873015873,-0.00015873015873015873,9828.526177082724,True
2023-01-03 14:30:00+00:00,0.001103692267588663,2.0,0.0,0.00015873015873015873,0.0020486543764471673,9848.661430249429,True
2023-01-04 14:30:00+00:00,-0.001102475473932829,2.0,0.0,0.00015873015873015873,-0.0023636811065958167,9825.38233530149,True
2023-01-05 14:30:00+00:00,0.001103692267588663,2.0,0.0,0.00015873015873015873,0.0020486543764471673,9845.511147822972,True
2023-01-06 14:30:00+00:00,0.0,2.0,0.0,0.00015873015873015873,-0.00015873015873015873,9843.948368275698,True
2023-01-09 14:30:00+00:00,0.0,2.0,0.0,0.00015873015873015873,-0.00015873015873015873,9842.385836788671,True
2023-01-10 14:30:00+00:00,-0.0022053677890555567,2.0,0.0,0.00015873015873015873,-0.004569465736841272,9797.411391938695,True
2023-01-11 14:30:00+00:00,0.005525118075351498,2.0,0.0,0.00015873015873015873,0.010891505991972838,9904.119956819817,True
2023-01-12 14:30:00+00:00,0.0010989794745450698,2.0,0.0,0.00015873015873015873,0.002039228790359981,9924.316723378943,True
2023-01-13 14:30:00+00:00,0.0010977038760151547,2.0,0.0,0.00015873015873015873,0.002036677593300151,9944.529356878262,True
2023-01-17 14:30:00+00:00,0.0010965693360909246,2.0,0.0,0.00015873015873015873,0.0020344085134516906,9964.760592064164,True
2023-01-18 14:30:00+00:00,0.003285690465003155,2.0,0.0,0.00015873015873015873,0.006412650771276151,10028.661121760444,True
2023-01-19 14:30:00+00:00,0.0,2.0,0.0,0.00015873015873015873,-0.00015873015873015873,10027.069270788737,True
2023-01-20 14:30:00+00:00,0.00109178093471618,2.0,0.0,0.00015873015873015873,0.0020248317107022015,10047.372398613637,True
2023-01-23 14:30:00+00:00,0.0,2.0,0.0,0.00015873015873015873,-0.00015873015873015873,10045.777577597983,True
2023-01-24 14:30:00+00:00,0.001090384101336772,2.0,0.0,0.00015873015873015873,0.0020220380439433857,10066.090522040879,True
2023-01-25 14:30:00+00:00,-0.0010891964588347625,2.0,0.0,0.00015873015873015873,-0.0023371230763996834,10042.564829592688,True
2023-01-26 14:30:00+00:00,-0.0010905902490745412,2.0,0.0,0.00015873015873015873,-0.002339910656879241,10019.066125125524,True
2023-01-27 14:30:00+00:00,0.0,2.0,0.0,0.00015873015873015873,-0.00015873015873015873,10017.475797169156,True
2023-01-30 14:30:00+00:00,-0.00021944308372157106,2.0,0.0,0.00015873015873015873,-0.0005976163261733009,10011.48919008572,True
2023-01-31 14:30:00+00:00,0.0,2.0,0.0,0.00015873015873015873,-0.00015873015873015873,10009.900064817453,True
2023-02-01 14:30:00+00:00,0.0010978002779626905,2.0,0.0,0.00015873015873015873,0.0020368703971952225,10030.288933938362,True
2023-02-02 14:30:00+00:00,0.006578960029317793,2.0,0.0,0.00015873015873015873,0.012999189899905427,10160.674564541547,True
2023-02-03 14:30:00+00:00,0.0,2.0,0.0,0.00015873015873015873,-0.00015873015873015873,10159.061759055112,True
2023-02-06 14:30:00+00:00,0.0010890194352652927,2.0,0.0,0.00015873015873015873,0.002019308711800427,10179.57604096889,True
2023-02-07 14:30:00+00:00,-0.0010878347620670858,2.0,0.0,0.00015873015873015873,-0.00233439968286433,10155.81284188716,True
2023-02-08 14:30:00+00:00,0.0,2.0,0.0,0.00015873015873015873,-0.00015873015873015873,10154.200808102734,True
2023-02-09 14:30:00+00:00,0.0,2.0,0.0,0.00015873015873015873,-0.00015873015873015873,10152.589030196687,True
2023-02-10 14:30:00+00:00,0.0,2.0,0.0,0.00015873015873015873,-0.00015873015873015873,10150.9775081284,True
2023-02-13 14:30:00+00:00,-0.0010892242793499873,2.0,0.0,0.00015873015873015873,-0.002337178717430133,10127.252859535292,True
2023-02-14 14:30:00+00:00,0.0,2.0,0.0,0.00015873015873015873,-0.00015873015873015873,10125.645359081396,True
2023-02-15 14:30:00+00:00,0.0,2.0,0.0,0.00015873015873015873,-0.00015873015873015873,10124.038113786304,True
2023-02-16 14:30:00+00:00,-0.0010907537616376972,2.0,0.0,0.00015873015873015873,-0.002340237682005553,10100.345458298361,True
2023-02-17 14:30:00+00:00,0.0010919448045407787,2.0,0.0,0.00015873015873015873,0.002025159450351399,10120.800268355046,True
2023-02-21 14:30:00+00:00,-0.0032716460825658045,2.0,0.0,0.00015873015873015873,-0.0067020223238617675,10052.970439021185,True
2023-02-22 14:30:00+00:00,0.0,2.0,0.0,0.00015873015873015873,-0.00015873015873015873,10051.374729427689,True
2023-02-23 14:30:00+00:00,0.0,2.0,0.0,0.00015873015873015873,-0.00015873015873015873,10049.77927312143,True
2023-02-24 14:30:00+00:00,-0.0032823848842136183,2.0,0.0,0.00015873015873015873,-0.006723499927157395,9982.209582910651,True
2023-02-27 14:30:00+00:00,-0.0013242409369895736,2.0,0.0,0.00015873015873015873,-0.0028072120327093057,9954.18740405648,True
2023-02-28 14:30:00+00:00,0.0,2.0,0.0,0.00015873015873015873,-0.00015873015873015873,9952.607374309804,True
2023-03-01 14:30:00+00:00,0.0011050433284602867,2.0,0.0,0.00015873015873015873,0.002051356498190415,9973.023720121031,True
2023-03-02 14:30:00+00:00,-0.005518704850698608,2.0,0.0,0.00015873015873015873,-0.011196139860127375,9861.364351722188,True
2023-03-03 14:30:00+00:00,-0.001109810630473107,2.0,0.0,0.00015873015873015873,-0.0023783514196763725,9837.910561816325,True
2023-03-06 14:30:00+00:00,0.0,2.0,0.0,0.00015873015873015873,-0.00015873015873015873,9836.348988711274,True
2023-03-07 14:30:00+00:00,-0.003333477435774612,2.0,0.0,0.00015873015873015873,-0.006825685030279383,9769.209168666424,True
2023-03-08 14:30:00+00:00,0.0,2.0,0.0,0.00015873015873015873,-0.00015873015873015873,9767.658500544414,True
2023-03-09 14:30:00+00:00,-0.003344418138114258,2.0,0.0,0.00015873015873015873,-0.006847566434958674,9700.773810047947,True
2023-03-10 14:30:00+00:00,-0.0033556408040844588,2.0,0.0,0.00015873015873015873,-0.006870011766899076,9634.129379824893,True
2023-03-13 13:30:00+00:00,0.0,2.0,0.0,0.00015873015873015873,-0.00015873015873015873,9632.600152939207,True
2023-03-14 13:30:00+00:00,0.0022446027014728642,2.0,0.0,0.00015873015873015873,0.00433047524421557,9674.313889438938,True
2023-03-15 13:30:00+00:00,-0.0011199624295895605,2.0,0.0,0.00015873015873015873,-0.0023986550179092795,9651.108547883205,True
2023-03-16 13:30:00+00:00,0.0011212181517950004,2.0,0.0,0.00015873015873015873,0.0020837061448598423,9671.218622069138,True
2023-03-17 13:30:00+00:00,0.0,2.0,0.0,0.00015873015873015873,-0.00015873015873015873,9669.683508002143,True
2023-03-20 13:30:00+00:00,0.0011198227834012808,2.0,0.0,0.00015873015873015873,0.002080915408072403,9689.805301405127,True
2023-03-21 13:30:00+00:00,-0.007829991281178561,2.0,0.0,0.00015873015873015873,-0.015818712721087282,9536.52505501893,True
2023-03-22 13:30:00+00:00,0.0011273274017602475,2.0,0.0,0.00015873015873015873,0.0020959246447903365,9556.512892907405,True
2023-03-23 13:30:00+00:00,0.0,2.0,0.0,0.00015873015873015873,-0.00015873015873015873,9554.995986099007,True
2023-03-24 13:30:00+00:00,-0.005630640910036289,2.0,0.0,0.00015873015873015873,-0.011420011978802736,9445.877817480345,True
2023-03-27 13:30:00+00:00,-0.0022647273655780342,2.0,0.0,0.00015873015873015873,-0.004688184889886227,9401.593795824721,True
2023-03-28 13:30:00+00:00,-0.004540372962695827,2.0,0.0,0.00015873015873015873,-0.009239476084121812,9314.727994795572,True
2023-03-29 13:30:00+00:00,-0.0011406082044588262,2.0,0.0,0.00015873015873015873,-0.002439946567647811,9292.000556196097,True
2023-03-30 13:30:00+00:00,-0.00022933592231899613,2.0,0.0,0.00015873015873015873,-0.000617402003368151,9286.263656437404,True
2023-03-31 13:30:00+00:00,-0.0022962347104571457,2.0,0.0,0.00015873015873015873,-0.00475119957964445,9242.142764456472,True
2023-04-03 13:30:00+00:00,0.0,2.0,0.0,0.00015873015873015873,-0.00015873015873015873,9240.675757668463,True
2023-04-04 13:30:00+00:00,0.001150652732291757,2.0,0.0,0.00015873015873015873,0.0021425753058533555,9260.47460135624,True
2023-04-05 13:30:00+00:00,0.0,2.0,0.0,0.00015873015873015873,-0.00015873015873015873,9259.00468475285,True
2023-04-06 13:30:00+00:00,-0.002299016886066929,2.0,0.0,0.00015873015873015873,-0.004756763930864017,9214.961785232717,True
2023-04-10 13:30:00+00:00,0.004608343326078623,2.0,0.0,0.00015873015873015873,0.009057956493427088,9298.430508171947,True
2023-04-11 13:30:00+00:00,0.0,2.0,0.0,0.00015873015873015873,-0.00015873015873015873,9296.954566821445,True
2023-04-12 13:30:00+00:00,-0.0034401540417579035,2.0,0.0,0.00015873015873015873,-0.0070390382422459655,9231.512948089166,True
2023-04-13 13:30:00+00:00,-0.0011510095238367324,2.0,0.0,0.00015873015873015873,-0.0024607492064036233,9208.79650992825,True
2023-04-14 13:30:00+00:00,-0.0069123006675047005,2.0,0.0,0.00015873015873015873,-0.01398333149373956,9080.026855671533,True
2023-04-17 13:30:00+00:00,0.0,2.0,0.0,0.00015873015873015873,-0.00015873015873015873,9078.585581567457,True
2023-04-18 13:30:00+00:00,0.0,2.0,0.0,0.00015873015873015873,-0.00015873015873015873,9077.14453623705,True
2023-04-19 13:30:00+00:00,0.0,2.0,0.0,0.00015873015873015873,-0.00015873015873015873,9075.703719643998,True
2023-04-20 13:30:00+00:00,0.001160284669358358,2.0,0.0,0.00015873015873015873,0.0021618391799865574,9095.323931531073,True
2023-04-21 13:30:00+00:00,0.0,2.0,0.0,0.00015873015873015873,-0.00015873015873015873,9093.880229319719,True
2023-04-24 13:30:00+00:00,0.0,2.0,0.0,0.00015873015873015873,-0.00015873015873015873,9092.436756267445,True
2023-04-25 13:30:00+00:00,0.002317448811628431,2.0,0.0,0.00015873015873015873,0.004476167464526703,9133.136025849115,True
2023-04-26 13:30:00+00:00,0.0011559736416504318,2.0,0.0,0.00015873015873015873,0.002153217124570705,9152.801650741007,True
2023-04-27 13:30:00+00:00,0.00209016494688119,2.0,0.0,0.00015873015873015873,0.0040215997350322216,9189.610555434429,True
2023-04-28 13:30:00+00:00,0.0,2.0,0.0,0.00015873015873015873,-0.00015873015873015873,9188.151887092296,True
2023-05-01 13:30:00+00:00,0.0,2.0,0.0,0.00015873015873015873,-0.00015873015873015873,9186.693450284822,True
2023-05-02 13:30:00+00:00,0.0011586616118579585,2.0,0.0,0.00015873015873015873,0.0021585930649857584,9206.523783056757,True
2023-05-03 13:30:00+00:00,0.0011577489095919713,2.0,0.0,0.00015873015873015873,0.002156767660453784,9226.38011581725,True
2023-05-04 13:30:00+00:00,0.0,2.0,0.0,0.00015873015873015873,-0.00015873015873015873,9224.915611036962,True
2023-05-05 13:30:00+00:00,0.0,2.0,0.0,0.00015873015873015873,-0.00015873015873015873,9223.45133871775,True
2023-05-08 13:30:00+00:00,0.0,2.0,0.0,0.00015873015873015873,-0.00015873015873015873,9221.987298822716,True
2023-05-09 13:30:00+00:00,0.0,2.0,0.0,0.00015873015873015873,-0.00015873015873015873,9220.523491314969,True
2023-05-10 13:30:00+00:00,0.001155839749694687,2.0,0.0,0.00015873015873015873,0.0021529493406592156,9240.374811286127,True
2023-05-11 13:30:00+00:00,0.0011547901610198252,2.0,0.0,0.00015873015873015873,0.002150850163309492,9260.249472958021,True
2023-05-12 13:30:00+00:00,0.0046136192561008205,2.0,0.0,0.00015873015873015873,0.009068508353471482,9344.226122658769,True
2023-05-15 13:30:00+00:00,0.0,2.0,0.0,0.00015873015873015873,-0.00015873015873015873,9342.74291216311,True
2023-05-16 13:30:00+00:00,-0.001148373380789991,2.0,0.0,0.00015873015873015873,-0.0024554769203101404,9319.802022569904,True
2023-05-17 13:30:00+00:00,-0.0011492683709635187,2.0,0.0,0.00015873015873015873,-0.002457266900657196,9296.900781539165,True
2023-05-18 13:30:00+00:00,0.0,2.0,0.0,0.00015873015873015873,-0.00015873015873015873,9295.425083002412,True
2023-05-19 13:30:00+00:00,0.0034522688649614164,2.0,0.0,0.00015873015873015873,0.006745807571192674,9358.130231904783,True
2023-05-22 13:30:00+00:00,0.0,2.0,0.0,0.00015873015873015873,-0.00015873015873015873,9356.644814407655,True
2023-05-23 13:30:00+00:00,0.0,2.0,0.0,0.00015873015873015873,-0.00015873015873015873,9355.159632691082,True
2023-05-24 13:30:00+00:00,0.0011468443816966545,2.0,0.0,0.00015873015873015873,0.0021349586046631504,9375.132511246893,True
2023-05-25 13:30:00+00:00,0.0011452480857552239,2.0,0.0,0.00015873015873015873,0.002131766012780289,9395.11810009968,True
2023-05-26 13:30:00+00:00,-0.006865180208158184,2.0,0.0,0.00015873015873015873,-0.013889090575046526,9264.628453844136,True
2023-05-30 13:30:00+00:00,0.002085726499290841,2.0,0.0,0.00015873015873015873,0.004012722839851523,9301.804840043615,True
2023-05-31 13:30:00+00:00,-0.002312154055124638,2.0,0.0,0.00015873015873015873,-0.004783038268979434,9257.313951523107,True
2023-06-01 13:30:00+00:00,0.0,2.0,0.0,0.00015873015873015873,-0.00015873015873015873,9255.844536610168,True
2023-06-02 13:30:00+00:00,0.0,2.0,0.0,0.00015873015873015873,-0.00015873015873015873,9254.375354937689,True
2023-06-05 13:30:00+00:00,0.00115857859801749,2.0,0.0,0.00015873015873015873,0.0021584270373048216,9274.350248917153,True
2023-06-06 13:30:00+00:00,0.0,2.0,0.0,0.00015873015873015873,-0.00015873015873015873,9272.878129830024,True
2023-06-07 13:30:00+00:00,0.0,2.0,0.0,0.00015873015873015873,-0.00015873015873015873,9271.40624441259,True
2023-06-08 13:30:00+00:00,-0.002314546672799178,2.0,0.0,0.00015873015873015873,-0.004787823504328515,9227.016387677415,True
2023-06-09 13:30:00+00:00,-0.001160633976211467,2.0,0.0,0.00015873015873015873,-0.0024799981111530926,9204.133404464395,True
2023-06-12 13:30:00+00:00,0.0,2.0,0.0,0.00015873015873015873,-0.00015873015873015873,9202.672430908133,True
2023-06-13 13:30:00+00:00,0.0023233241905136204,2.0,0.0,0.00015873015873015873,0.004487918222297082,9243.973272204636,True
2023-06-14 13:30:00+00:00,0.004635025002103443,2.0,0.0,0.00015873015873015873,0.009111319845476728,9328.198069330729,True
2023-06-15 13:30:00+00:00,0.0,2.0,0.0,0.00015873015873015873,-0.00015873015873015873,9326.717402970518,True
2023-06-16 13:30:00+00:00,0.0,2.0,0.0,0.00015873015873015873,-0.00015873015873015873,9325.236971636714,True
2023-06-20 13:30:00+00:00,0.0011529504000737933,2.0,0.0,0.00015873015873015873,0.002147170641417428,9345.259846686471,True
2023-06-21 13:30:00+00:00,0.0,2.0,0.0,0.00015873015873015873,-0.00015873015873015873,9343.776472107633,True
2023-06-22 13:30:00+00:00,0.0,2.0,0.0,0.00015873015873015873,-0.00015873015873015873,9342.293332985075,True
2023-06-23 13:30:00+00:00,-0.002303951789543901,2.0,0.0,0.00015873015873015873,-0.0047666337378179605,9297.762042395478,True
2023-06-26 13:30:00+00:00,0.0011549901949758912,2.0,0.0,0.00015873015873015873,0.002151250231221624,9317.763855139025,True
2023-06-27 13:30:00+00:00,0.0,2.0,0.0,0.00015873015873015873,-0.00015873015873015873,9316.284845003287,True
2023-06-28 13:30:00+00:00,-0.0023068203311414903,2.0,0.0,0.00015873015873015873,-0.004772370821013139,9271.824079048747,True
2023-06-29 13:30:00+00:00,-0.0013953888361377675,2.0,0.0,0.00015873015873015873,-0.0029495078310056936,9244.476761319886,True
2023-06-30 13:30:00+00:00,-0.0011638335924560872,2.0,0.0,0.00015873015873015873,-0.002486397343642333,9221.491318857177,True
2023-07-03 13:30:00+00:00,0.0,2.0,0.0,0.00015873015873015873,-0.00015873015873015873,9220.027590076408,True
2023-07-05 13:30:00+00:00,0.0,2.0,0.0,0.00015873015873015873,-0.00015873015873015873,9218.564093633539,True
2023-07-06 13:30:00+00:00,-0.002331161222078104,2.0,0.0,0.00015873015873015873,-0.004821052602886367,9174.120911215052,True
2023-07-07 13:30:00+00:00,-0.004672788997729271,2.0,0.0,0.00015873015873015873,-0.009504308154188701,9086.927239031078,True
2023-07-10 13:30:00+00:00,0.0,2.0,0.0,0.00015873015873015873,-0.00015873015873015873,9085.484869628057,True
2023-07-11 13:30:00+00:00,-0.0011735384578823727,2.0,0.0,0.00015873015873015873,-0.002505807074494904,9062.718397366525,True
2023-07-12 13:30:00+00:00,0.0011749172684818454,2.0,0.0,0.00015873015873015873,0.0021911043782335323,9082.575759325693,True
2023-07-13 13:30:00+00:00,0.0,2.0,0.0,0.00015873015873015873,-0.00015873015873015873,9081.134080633738,True
2023-07-14 13:30:00+00:00,0.0,2.0,0.0,0.00015873015873015873,-0.00015873015873015873,9079.69263077967,True
2023-07-17 13:30:00+00:00,0.0,2.0,0.0,0.00015873015873015873,-0.00015873015873015873,9078.251409727163,True
2023-07-18 13:30:00+00:00,0.0,2.0,0.0,0.00015873015873015873,-0.00015873015873015873,9076.810417439905,True
2023-07-19 13:30:00+00:00,0.001173681615974198,2.0,0.0,0.00015873015873015873,0.0021886330732182376,9096.676224918847,True
2023-07-20 13:30:00+00:00,0.0,2.0,0.0,0.00015873015873015873,-0.00015873015873015873,9095.232308057748,True
2023-07-21 13:30:00+00:00,0.0,2.0,0.0,0.00015873015873015873,-0.00015873015873015873,9093.788620389802,True
2023-07-24 13:30:00+00:00,0.0,2.0,0.0,0.00015873015873015873,-0.00015873015873015873,9092.34516187863,True
2023-07-25 13:30:00+00:00,0.0,2.0,0.0,0.00015873015873015873,-0.00015873015873015873,9090.901932487855,True
2023-07-26 13:30:00+00:00,0.0,2.0,0.0,0.00015873015873015873,-0.00015873015873015873,9089.458932181113,True
2023-07-27 13:30:00+00:00,0.0,2.0,0.0,0.00015873015873015873,-0.00015873015873015873,9088.016160922036,True
2023-07-28 13:30:00+00:00,-0.00023593394021259595,2.0,0.0,0.00015873015873015873,-0.0006305980391553506,9082.285275751148,True
2023-07-31 13:30:00+00:00,0.0,2.0,0.0,0.00015873015873015873,-0.00015873015873015873,9080.843643167695,True
2023-08-01 13:30:00+00:00,0.0,2.0,0.0,0.00015873015873015873,-0.00015873015873015873,9079.402239414812,True
2023-08-02 13:30:00+00:00,-0.004716860371235976,2.0,0.0,0.00015873015873015873,-0.00959245090120211,8992.308519220962,True
2023-08-03 13:30:00+00:00,0.0,2.0,0.0,0.00015873015873015873,-0.00015873015873015873,8990.881168662356,True
2023-08-04 13:30:00+00:00,-0.001184965310736863,2.0,0.0,0.00015873015873015873,-0.0025286607802038844,8968.146280071685,True
2023-08-07 13:30:00+00:00,-0.0011860114385684462,2.0,0.0,0.00015873015873015873,-0.002530753035867051,8945.450116647295,True
2023-08-08 13:30:00+00:00,0.001187419731953021,2.0,0.0,0.00015873015873015873,0.0022161093051758837,8965.274211889784,True
2023-08-09 13:30:00+00:00,-0.00237252643024366,2.0,0.0,0.00015873015873015873,-0.004903783019217478,8921.31045244689,True
2023-08-10 13:30:00+00:00,0.0,2.0,0.0,0.00015873015873015873,-0.00015873015873015873,8919.894371422692,True
2023-08-11 13:30:00+00:00,0.0,2.0,0.0,0.00015873015873015873,-0.00015873015873015873,8918.478515173261,True
2023-08-14 13:30:00+00:00,0.0,2.0,0.0,0.00015873015873015873,-0.00015873015873015873,8917.062883662915,True
2023-08-15 13:30:00+00:00,0.0,2.0,0.0,0.00015873015873015873,-0.00015873015873015873,8915.647476855984,True
2023-08-16 13:30:00+00:00,-0.001188904081081965,2.0,0.0,0.00015873015873015873,-0.0025365383208940887,8893.032595375356,True
2023-08-17 13:30:00+00:00,-0.0023808550922028715,2.0,0.0,0.00015873015873015873,-0.0049204403431359015,8849.27495902025,True
2023-08-18 13:30:00+00:00,-0.0011935941896986657,2.0,0.0,0.00015873015873015873,-0.00254591853812749,8826.745425853092,True
2023-08-21 13:30:00+00:00,-0.005973653759782871,2.0,0.0,0.00015873015873015873,-0.0121060376782959,8719.888513150989,True
2023-08-22 13:30:00+00:00,-0.0036055129865741886,2.0,0.0,0.00015873015873015873,-0.007369756131878536,8655.625061311897,True
2023-08-23 13:30:00+00:00,0.003618559750748318,2.0,0.0,0.00015873015873015873,0.0070783893427664776,8716.892945500867,True
2023-08-24 13:30:00+00:00,0.0,2.0,0.0,0.00015873015873015873,-0.00015873015873015873,8715.509311699994,True
2023-08-25 13:30:00+00:00,0.0012020563239045767,2.0,0.0,0.00015873015873015873,0.002245382489078995,8735.07896369189,True
2023-08-28 13:30:00+00:00,0.0,2.0,0.0,0.00015873015873015873,-0.00015873015873015873,8733.692443221464,True
2023-08-29 13:30:00+00:00,0.0024011534388954647,2.0,0.0,0.00015873015873015873,0.004643576719060771,8774.248014122244,True
2023-08-30 13:30:00+00:00,0.0033724304608702127,2.0,0.0,0.00015873015873015873,0.006586130763010267,8832.036358890335,True
2023-08-31 13:30:00+00:00,0.0024011753555763793,2.0,0.0,0.00015873015873015873,0.0046436205524226,8873.04898444622,True
2023-09-01 13:30:00+00:00,-0.0011974951382448529,2.0,0.0,0.00015873015873015873,-0.0025537204352198643,8850.389697931934,True
2023-09-05 13:30:00+00:00,0.0,2.0,0.0,0.00015873015873015873,-0.00015873015873015873,8848.984874170357,True
2023-09-06 13:30:00+00:00,-0.0011993646187004048,2.0,0.0,0.00015873015873015873,-0.002557459396130968,8826.35395465769,True
2023-09-07 13:30:00+00:00,0.0,2.0,0.0,0.00015873015873015873,-0.00015873015873015873,8824.95294609346,True
2023-09-08 13:30:00+00:00,0.0,2.0,0.0,0.00015873015873015873,-0.00015873015873015873,8823.55215991154,True
2023-09-11 13:30:00+00:00,0.0,2.0,0.0,0.00015873015873015873,-0.00015873015873015873,8822.151596076632,True
2023-09-12 13:30:00+00:00,0.0,2.0,0.0,0.00015873015873015873,-0.00015873015873015873,8820.751254553446,True
2023-09-13 13:30:00+00:00,-0.0024008858306044933,2.0,0.0,0.00015873015873015873,-0.004960501819939145,8776.995901902004,True
2023-09-14 13:30:00+00:00,-0.0012034770888783575,2.0,0.0,0.00015873015873015873,-0.0025656843364868735,8754.476900995085,True
2023-09-15 13:30:00+00:00,-0.006023836884225475,2.0,0.0,0.00015873015873015873,-0.012206403927181109,8647.616219770362,True
2023-09-18 13:30:00+00:00,-0.0012121563805972402,2.0,0.0,0.00015873015873015873,-0.002583042919924639,8625.279055919658,True
2023-09-19 13:30:00+00:00,-0.003640736117095922,2.0,0.0,0.00015873015873015873,-0.007440202392922002,8561.105234048186,True
2023-09-20 13:30:00+00:00,0.0,2.0,0.0,0.00015873015873015873,-0.00015873015873015873,8559.74632845548,True
2023-09-21 13:30:00+00:00,-0.0036541863890626747,2.0,0.0,0.00015873015873015873,-0.007467102936855508,8495.829821507532,True
2023-09-22 13:30:00+00:00,0.0,2.0,0.0,0.00015873015873015873,-0.00015873015873015873,8494.48127709142,True
2023-09-25 13:30:00+00:00,0.0012223083547204805,2.0,0.0,0.00015873015873015873,0.0022858865507108025,8513.898697597986,True
2023-09-26 13:30:00+00:00,0.0,2.0,0.0,0.00015873015873015873,-0.00015873015873015873,8512.547285106304,True
2023-09-27 13:30:00+00:00,-0.007325780268112814,2.0,0.0,0.00015873015873015873,-0.014810290694955786,8386.473985259325,True
2023-09-28 13:30:00+00:00,-0.0014848680950333426,2.0,0.0,0.00015873015873015873,-0.0031284663487968437,8360.23718361138,True
2023-09-29 13:30:00+00:00,0.0,2.0,0.0,0.00015873015873015873,-0.00015873015873015873,8358.910161836204,True
2023-10-02 13:30:00+00:00,0.0,2.0,0.0,0.00015873015873015873,-0.00015873015873015873,8357.583350699404,True
2023-10-03 13:30:00+00:00,-0.001239081628317984,2.0,0.0,0.00015873015873015873,-0.0026368934153661264,8335.545294193571,True
2023-10-04 13:30:00+00:00,0.0012406188563507392,2.0,0.0,0.00015873015873015873,0.00232250755397132,8354.904661105806,True
2023-10-05 13:30:00+00:00,-0.004956400785383064,2.0,0.0,0.00015873015873015873,-0.010071531729496286,8270.757973714562,True
2023-10-06 13:30:00+00:00,0.0,2.0,0.0,0.00015873015873015873,-0.00015873015873015873,8269.445154988576,True
2023-10-09 13:30:00+00:00,0.0012451789621932274,2.0,0.0,0.00015873015873015873,0.0023316277656562964,8288.726422918518,True
2023-10-10 13:30:00+00:00,0.0,2.0,0.0,0.00015873015873015873,-0.00015873015873015873,8287.410752057738,True
2023-10-11 13:30:00+00:00,0.0,2.0,0.0,0.00015873015873015873,-0.00015873015873015873,8286.095290033601,True
2023-10-12 13:30:00+00:00,-0.0074627516586647236,2.0,0.0,0.00015873015873015873,-0.015084233476059606,8161.105894073857,True
2023-10-13 13:30:00+00:00,-0.001253056216354631,2.0,0.0,0.00015873015873015873,-0.0026648425914394206,8139.357831494081,True
2023-10-16 13:30:00+00:00,0.0,2.0,0.0,0.00015873015873015873,-0.00015873015873015873,8138.065869933527,True
2023-10-17 13:30:00+00:00,-0.001254853948191248,2.0,0.0,0.00015873015873015873,-0.0026684380551126544,8116.349945271183,True
2023-10-18 13:30:00+00:00,-0.008793884618167769,2.0,0.0,0.00015873015873015873,-0.017746499395065698,7972.313145877287,True
2023-10-19 13:30:00+00:00,-0.001267349615898028,2.0,0.0,0.00015873015873015873,-0.0026934293905262145,7950.840283339703,True
2023-10-20 13:30:00+00:00,-0.0012690338920434696,2.0,0.0,0.00015873015873015873,-0.0026967979428170977,7929.398473619925,True
2023-10-23 13:30:00+00:00,-0.0025412166111653534,2.0,0.0,0.00015873015873015873,-0.005241163381060865,7887.839200706148,True
2023-10-24 13:30:00+00:00,0.0,2.0,0.0,0.00015873015873015873,-0.00015873015873015873,7886.587162737783,True
2023-10-25 13:30:00+00:00,0.0,2.0,0.0,0.00015873015873015873,-0.00015873015873015873,7885.335323505602,True
2023-10-26 13:30:00+00:00,-0.008916956135921028,2.0,0.0,0.00015873015873015873,-0.017992642430572216,7743.4573045846055,True
2023-10-27 13:30:00+00:00,-0.003856343054903788,2.0,0.0,0.00015873015873015873,-0.007871416268537735,7682.50532878257,True
2023-10-30 13:30:00+00:00,-0.0015582998978276308,2.0,0.0,0.00015873015873015873,-0.00327532995438542,7657.342588954483,True
2023-10-31 13:30:00+00:00,-0.0013002356008938731,2.0,0.0,0.00015873015873015873,-0.0027592013605179048,7636.214438865089,True
2023-11-01 13:30:00+00:00,0.0,2.0,0.0,0.00015873015873015873,-0.00015873015873015873,7635.002341335111,True
2023-11-02 13:30:00+00:00,-0.007812423651508249,2.0,0.0,0.00015873015873015873,-0.01578357746174666,7514.494690460032,True
2023-11-03 13:30:00+00:00,-0.0013122578895138348,2.0,0.0,0.00015873015873015873,-0.002783245937757828,7493.580003638506,True
2023-11-06 14:30:00+00:00,0.0,2.0,0.0,0.00015873015873015873,-0.00015873015873015873,7492.390546495071,True
2023-11-07 14:30:00+00:00,-0.001314216994367734,2.0,0.0,0.00015873015873015873,-0.0027871641474656265,7471.508024185069,True
2023-11-08 14:30:00+00:00,0.003947447416614569,2.0,0.0,0.00015873015873015873,0.0077361646744989795,7529.308840627004,True
2023-11-09 14:30:00+00:00,-0.0013106160918330279,2.0,0.0,0.00015873015873015873,-0.0027799623423962142,7508.377645585791,True
2023-11-10 14:30:00+00:00,-0.0013122578895138348,2.0,0.0,0.00015873015873015873,-0.002783245937757828,7487.4799840045625,True
2023-11-13 14:30:00+00:00,0.0,2.0,0.0,0.00015873015873015873,-0.00015873015873015873,7486.291495118213,True
2023-11-14 14:30:00+00:00,0.0065702239601090895,2.0,0.0,0.00015873015873015873,0.01298171776148802,7583.476418388064,True
2023-11-15 14:30:00+00:00,-0.003916449390716226,2.0,0.0,0.00015873015873015873,-0.00799162894016261,7522.872088775834,True
2023-11-16 14:30:00+00:00,0.0039318482754990836,2.0,0.0,0.00015873015873015873,0.007704966392268009,7580.835565393182,True
2023-11-17 14:30:00+00:00,0.0,2.0,0.0,0.00015873015873015873,-0.00015873015873015873,7579.63225816058,True
2023-11-20 14:30:00+00:00,0.0,2.0,0.0,0.00015873015873015873,-0.00015873015873015873,7578.429141929126,True
2023-11-21 14:30:00+00:00,-0.003916449390716226,2.0,0.0,0.00015873015873015873,-0.00799162894016261,7517.865148277514,True
2023-11-22 14:30:00+00:00,0.0,2.0,0.0,0.00015873015873015873,-0.00015873015873015873,7516.6718363492155,True
2023-11-24 14:30:00+00:00,-0.0013106160918330279,2.0,0.0,0.00015873015873015873,-0.0027799623423962142,7495.775771704015,True
2023-11-27 14:30:00+00:00,0.005249344242367782,2.0,0.0,0.00015873015873015873,0.010339958326005405,7573.281780804515,True
2023-11-28 14:30:00+00:00,0.005221932520955042,2.0,0.0,0.00015873015873015873,0.010285134883179925,7651.174005428418,True
2023-11-29 14:30:00+00:00,0.0023521750502195626,2.0,0.0,0.00015873015873015873,0.004545619941708967,7685.953334564979,True
2023-11-30 14:30:00+00:00,-0.0013035258870285338,2.0,0.0,0.00015873015873015873,-0.002765781932787226,7664.695663695994,True
2023-12-01 14:30:00+00:00,0.005221604641323374,2.0,0.0,0.00015873015873015873,0.01028447912391659,7743.523066240448,True
2023-12-04 14:30:00+00:00,-0.003896033808523547,2.0,0.0,0.00015873015873015873,-0.007950797775777252,7681.955880268705,True
2023-12-05 14:30:00+00:00,0.005215106854006946,2.0,0.0,0.00015873015873015873,0.010271483549283733,7760.860963719208,True
2023-12-06 14:30:00+00:00,0.0025943708042341918,2.0,0.0,0.00015873015873015873,0.005030011449738225,7799.89818322654,True
2023-12-07 14:30:00+00:00,0.00517431940458235,2.0,0.0,0.00015873015873015873,0.010189908650434542,7879.378433196308,True
2023-12-08 14:30:00+00:00,-0.003861086516343204,2.0,0.0,0.00015873015873015873,-0.007880903191416566,7817.281814555752,True
2023-12-11 14:30:00+00:00,0.0,2.0,0.0,0.00015873015873015873,-0.00015873015873015873,7816.0409761724895,True
2023-12-12 14:30:00+00:00,0.0012922723611796805,2.0,0.0,0.00015873015873015873,0.0024258145636292024,7835.001242202411,True
2023-12-13 14:30:00+00:00,0.006451342367743473,2.0,0.0,0.00015873015873015873,0.012743954576756788,7934.8501421418705,True
2023-12-14 14:30:00+00:00,0.003846540015058242,2.0,0.0,0.00015873015873015873,0.007534349871386325,7994.634079289786,True
2023-12-15 14:30:00+00:00,0.01021677476752525,2.0,0.0,0.00015873015873015873,0.02027481937632034,8156.723841227162,True
2023-12-18 14:30:00+00:00,0.0,2.0,0.0,0.00015873015873015873,-0.00015873015873015873,8155.429123157125,True
2023-12-19 14:30:00+00:00,0.0012643493738195843,2.0,0.0,0.00015873015873015873,0.00236996858890901,8174.757234008081,True
2023-12-20 14:30:00+00:00,0.008838447538282335,2.0,0.0,0.00015873015873015873,0.01751816491783451,8317.963979396694,True
2023-12-21 14:30:00+00:00,0.0,2.0,0.0,0.00015873015873015873,-0.00015873015873015873,8316.643667653934,True
2023-12-22 14:30:00+00:00,0.0,2.0,0.0,0.00015873015873015873,-0.00015873015873015873,8315.323565484465,True
2023-12-26 14:30:00+00:00,-0.0012516898182979297,2.0,0.0,0.00015873015873015873,-0.002662109795326018,8293.187261169483,True
2023-12-27 14:30:00+00:00,0.005012737319835203,2.0,0.0,0.00015873015873015873,0.009866744480940248,8375.01402080803,True
2023-12-28 14:30:00+00:00,-0.00012569718389598972,2.0,0.0,0.00015873015873015873,-0.00041012452652213816,8371.57922214813,True
2023-12-29 14:30:00+00:00,0.0,2.0,0.0,0.00015873015873015873,-0.00015873015873015873,8370.250400049375,True
2024-01-02 14:30:00+00:00,-0.0037640815337662836,2.0,0.0,0.00015873015873015873,-0.007686893226262726,8305.909178947113,True
2024-01-03 14:30:00+00:00,0.0,2.0,0.0,0.00015873015873015873,-0.00015873015873015873,8304.590780664741,True
2024-01-04 14:30:00+00:00,-0.002518794819698633,2.0,0.0,0.00015873015873015873,-0.005196319798127425,8261.437471175826,True
2024-01-05 14:30:00+00:00,-0.0012627632951354162,2.0,0.0,0.00015873015873015873,-0.002684256749000991,8239.261651887373,True
2024-01-08 14:30:00+00:00,0.001264359882386712,2.0,0.0,0.00015873015873015873,0.0023699896060432653,8258.788616363816,True
2024-01-09 14:30:00+00:00,0.0,2.0,0.0,0.00015873015873015873,-0.00015873015873015873,8257.477697535822,True
2024-01-10 14:30:00+00:00,0.0,2.0,0.0,0.00015873015873015873,-0.00015873015873015873,8256.166986790182,True
2024-01-11 14:30:00+00:00,-0.003787992747152358,2.0,0.0,0.00015873015873015873,-0.007734715653034874,8192.307882763387,True
2024-01-12 14:30:00+00:00,0.0025348313748800866,2.0,0.0,0.00015873015873015873,0.004910932591030015,8232.539754540601,True
2024-01-16 14:30:00+00:00,-0.005056844501659663,2.0,0.0,0.00015873015873015873,-0.010272419162049485,8147.971655413724,True
2024-01-17 14:30:00+00:00,0.0,2.0,0.0,0.00015873015873015873,-0.00015873015873015873,8146.678326579532,True
2024-01-18 14:30:00+00:00,-0.0012706365367995964,2.0,0.0,0.00015873015873015873,-0.0027000032323293514,8124.68226876502,True
2024-01-19 14:30:00+00:00,0.0,2.0,0.0,0.00015873015873015873,-0.00015873015873015873,8123.392636658868,True
2024-01-22 14:30:00+00:00,0.001272253108082877,2.0,0.0,0.00015873015873015873,0.0023857760574355954,8142.773232316556,True
2024-01-23 14:30:00+00:00,0.0,2.0,0.0,0.00015873015873015873,-0.00015873015873015873,8141.480728628887,True
2024-01-24 14:30:00+00:00,0.002541273073599193,2.0,0.0,0.00015873015873015873,0.004923815988468227,8181.567881610315,True
2024-01-25 14:30:00+00:00,0.001267266553394375,2.0,0.0,0.00015873015873015873,0.0023758029480585915,8201.005674703185,True
2024-01-26 14:30:00+00:00,-0.0012656626214863076,2.0,0.0,0.00015873015873015873,-0.0026900554017027737,8178.944515088555,True
2024-01-29 14:30:00+00:00,0.001267266553394375,2.0,0.0,0.00015873015873015873,0.0023758029480585915,8198.37607557951,True
2024-01-30 14:30:00+00:00,0.0022926404120302557,2.0,0.0,0.00015873015873015873,0.004426550665330353,8234.666602651494,True
2024-01-31 14:30:00+00:00,0.003811782174789613,2.0,0.0,0.00015873015873015873,0.0074648341908490675,8296.137023457208,True
2024-02-01 14:30:00+00:00,0.005063422314188104,2.0,0.0,0.00015873015873015873,0.00996811446964605,8378.833866962897,True
2024-02-02 14:30:00+00:00,-0.006297281069028049,2.0,0.0,0.00015873015873015873,-0.012753292296786256,8271.976149551308,True
2024-02-05 14:30:00+00:00,-0.005069542979981412,2.0,0.0,0.00015873015873015873,-0.010297816118692982,8186.792860225016,True
2024-02-06 14:30:00+00:00,0.0012736573206282298,2.0,0.0,0.00015873015873015873,0.002388584482526301,8206.347706612605,True
2024-02-07 14:30:00+00:00,0.0,2.0,0.0,0.00015873015873015873,-0.00015873015873015873,8205.04511173854,True
2024-02-08 14:30:00+00:00,0.0,2.0,0.0,0.00015873015873015873,-0.00015873015873015873,8203.742723625566,True
2024-02-09 14:30:00+00:00,0.002544818330726839,2.0,0.0,0.00015873015873015873,0.00493090650272352,8244.194611968162,True
2024-02-12 14:30:00+00:00,-0.0038071669636099426,2.0,0.0,0.00015873015873015873,-0.007773064085950044,8180.111958912289,True
2024-02-13 14:30:00+00:00,-0.0038219403526417173,2.0,0.0,0.00015873015873015873,-0.007802610864013593,8116.2857284728325,True
2024-02-14 14:30:00+00:00,0.0,2.0,0.0,0.00015873015873015873,-0.00015873015873015873,8114.997429150853,True
2024-02-15 14:30:00+00:00,0.0012791420580502422,2.0,0.0,0.00015873015873015873,0.002399553957370326,8134.469803346022,True
2024-02-16 14:30:00+00:00,-0.0012775079439096837,2.0,0.0,0.00015873015873015873,-0.002713746046549526,8112.394918076416,True
2024-02-20 14:30:00+00:00,0.0,2.0,0.0,0.00015873015873015873,-0.00015873015873015873,8111.107236343388,True
2024-02-21 14:30:00+00:00,0.0,2.0,0.0,0.00015873015873015873,-0.00015873015873015873,8109.819759004286,True
2024-02-22 14:30:00+00:00,0.0,2.0,0.0,0.00015873015873015873,-0.00015873015873015873,8108.532486026667,True
2024-02-23 14:30:00+00:00,0.0012791420580502422,2.0,0.0,0.00015873015873015873,0.002399553957370326,8127.989347241977,True
2024-02-26 14:30:00+00:00,-0.0025546424785057864,2.0,0.0,0.00015873015873015873,-0.005268015115741731,8085.170976500119,True
2024-02-27 14:30:00+00:00,0.0012804055129089775,2.0,0.0,0.00015873015873015873,0.0024020808670877965,8104.592211009902,True
2024-02-28 14:30:00+00:00,0.0010295351254083762,2.0,0.0,0.00015873015873015873,0.0019003400920865937,8119.993692518497,True
2024-02-29 14:30:00+00:00,0.0025705183780373453,2.0,0.0,0.00015873015873015873,0.004982306597344532,8160.449990663126,True
2024-03-01 14:30:00+00:00,0.0025640767725401137,2.0,0.0,0.00015873015873015873,0.004969423386350069,8201.002721689867,True
2024-03-04 14:30:00+00:00,0.0,2.0,0.0,0.00015873015873015873,-0.00015873015873015873,8199.700975226107,True
2024-03-05 14:30:00+00:00,0.0038365387602412593,2.0,0.0,0.00015873015873015873,0.00751434736175236,8261.316376616456,True
2024-03-06 14:30:00+00:00,0.0,2.0,0.0,0.00015873015873015873,-0.00015873015873015873,8260.005056556674,True
2024-03-07 14:30:00+00:00,0.0,2.0,0.0,0.00015873015873015873,-0.00015873015873015873,8258.693944642937,True
2024-03-08 14:30:00+00:00,0.0,2.0,0.0,0.00015873015873015873,-0.00015873015873015873,8257.3830408422,True
2024-03-11 13:30:00+00:00,0.0,2.0,0.0,0.00015873015873015873,-0.00015873015873015873,8256.07234512143,True
2024-03-12 13:30:00+00:00,0.0,2.0,0.0,0.00015873015873015873,-0.00015873015873015873,8254.761857447602,True
2024-03-13 13:30:00+00:00,0.0,2.0,0.0,0.00015873015873015873,-0.00015873015873015873,8253.451577787691,True
2024-03-14 13:30:00+00:00,-0.005095785290275101,2.0,0.0,0.00015873015873015873,-0.01035030073928036,8168.0258718205005,True
2024-03-15 13:30:00+00:00,0.0012804341227545812,2.0,0.0,0.00015873015873015873,0.002402138086779004,8187.646597860996,True
2024-03-18 13:30:00+00:00,-0.001278796707813834,2.0,0.0,0.00015873015873015873,-0.0027163235743578266,8165.406300388716,True
2024-03-19 13:30:00+00:00,0.0,2.0,0.0,0.00015873015873015873,-0.00015873015873015873,8164.110204150558,True
2024-03-20 13:30:00+00:00,0.0,2.0,0.0,0.00015873015873015873,-0.00015873015873015873,8162.814313641964,True
2024-03-21 13:30:00+00:00,0.0,2.0,0.0,0.00015873015873015873,-0.00015873015873015873,8161.518628830276,True
2024-03-22 13:30:00+00:00,0.0012804341227545812,2.0,0.0,0.00015873015873015873,0.002402138086779004,8181.123723574544,True
2024-03-25 13:30:00+00:00,0.0025578906892274045,2.0,0.0,0.00015873015873015873,0.0049570512197246504,8221.677972907206,True
2024-03-26 13:30:00+00:00,0.0,2.0,0.0,0.00015873015873015873,-0.00015873015873015873,8220.37294465754,True
2024-03-27 13:30:00+00:00,-0.0014120792561265194,2.0,0.0,0.00015873015873015873,-0.0029828886709831973,8195.852487329663,True
2024-03-28 13:30:00+00:00,0.0,2.0,0.0,0.00015873015873015873,-0.00015873015873015873,8194.55155836342,True
2024-04-01 13:30:00+00:00,-0.005141197152072063,2.0,0.0,0.00015873015873015873,-0.010441124462874285,8108.991225625108,True
2024-04-02 13:30:00+00:00,0.0,2.0,0.0,0.00015873015873015873,-0.00015873015873015873,8107.704084160724,True
2024-04-03 13:30:00+00:00,0.0,2.0,0.0,0.00015873015873015873,-0.00015873015873015873,8106.417147004508,True
2024-04-04 13:30:00+00:00,0.0,2.0,0.0,0.00015873015873015873,-0.00015873015873015873,8105.130414124031,True
2024-04-05 13:30:00+00:00,0.0,2.0,0.0,0.00015873015873015873,-0.00015873015873015873,8103.843885486869,True
2024-04-08 13:30:00+00:00,-0.0038762905983033002,2.0,0.0,0.00015873015873015873,-0.007911311355336759,8039.73185333374,True
2024-04-09 13:30:00+00:00,0.0025944245826954315,2.0,0.0,0.00015873015873015873,0.0050301190066607045,8080.172661337649,True
2024-04-10 13:30:00+00:00,-0.0038810808032266886,2.0,0.0,0.00015873015873015873,-0.007920891765183536,8016.170488243199,True
2024-04-11 13:30:00+00:00,0.0,2.0,0.0,0.00015873015873015873,-0.00015873015873015873,8014.898080229192,True
2024-04-12 13:30:00+00:00,-0.0025974931876838747,2.0,0.0,0.00015873015873015873,-0.005353716534097908,7971.988587857959,True
2024-04-15 13:30:00+00:00,-0.0039062737938097,2.0,0.0,0.00015873015873015873,-0.007971277746349559,7908.441652633414,True
2024-04-16 13:30:00+00:00,0.0,2.0,0.0,0.00015873015873015873,-0.00015873015873015873,7907.186344434584,True
2024-04-17 13:30:00+00:00,0.0,2.0,0.0,0.00015873015873015873,-0.00015873015873015873,7905.931235491023,True
2024-04-18 13:30:00+00:00,-0.0013071975360817722,2.0,0.0,0.00015873015873015873,-0.002773125230893703,7884.007098108173,True
2024-04-19 13:30:00+00:00,-0.0013086817563700004,2.0,0.0,0.00015873015873015873,-0.0027760936714701593,7862.120355897288,True
2024-04-22 13:30:00+00:00,-0.001310775113393725,2.0,0.0,0.00015873015873015873,-0.0027802803855176087,7840.261456883209,True
2024-04-23 13:30:00+00:00,0.0013124954998313676,2.0,0.0,0.00015873015873015873,0.0024662608409325767,7859.597586696991,True
2024-04-24 13:30:00+00:00,-0.0039321739542468315,2.0,0.0,0.00015873015873015873,-0.008023078067223821,7796.539421681957,True
2024-04-25 13:30:00+00:00,-0.0013156456892370327,2.0,0.0,0.00015873015873015873,-0.002790021537204224,7774.786908779803,True
2024-04-26 13:30:00+00:00,-0.0013175310768790416,2.0,0.0,0.00015873015873015873,-0.0027937923124882417,7753.06576888282,True
2024-04-29 13:30:00+00:00,0.0025230310201611594,2.0,0.0,0.00015873015873015873,0.00488733188159216,7790.957574395161,True
2024-04-30 13:30:00+00:00,-0.001324689135056234,2.0,0.0,0.00015873015873015873,-0.0028081084288426265,7769.079720761747,True
2024-05-01 13:30:00+00:00,0.0013264462640103503,2.0,0.0,0.00015873015873015873,0.002494162369290542,7788.457067045288,True
2024-05-02 13:30:00+00:00,0.0,2.0,0.0,0.00015873015873015873,-0.00015873015873015873,7787.2208040187725,True
2024-05-03 13:30:00+00:00,0.0026489222669678902,2.0,0.0,0.00015873015873015873,0.005139114375205622,7827.240222395605,True
2024-05-06 13:30:00+00:00,-0.0013211136072807106,2.0,0.0,0.00015873015873015873,-0.0028009573732915797,7805.316456182162,True
2024-05-07 13:30:00+00:00,0.0013228612572881993,2.0,0.0,0.00015873015873015873,0.00248699235584624,7824.728218543647,True
2024-05-08 13:30:00+00:00,-0.0013211136072807106,2.0,0.0,0.00015873015873015873,-0.0028009573732915797,7802.811488345916,True
2024-05-09 13:30:00+00:00,0.0013228612572881993,2.0,0.0,0.00015873015873015873,0.00248699235584624,7822.217020871541,True
2024-05-10 13:30:00+00:00,-0.00264192401561536,2.0,0.0,0.00015873015873015873,-0.005442578189960879,7779.643993116604,True
2024-05-13 13:30:00+00:00,0.0,2.0,0.0,0.00015873015873015873,-0.00015873015873015873,7778.409128990713,True
2024-05-14 13:30:00+00:00,-0.001324689135056234,2.0,0.0,0.00015873015873015873,-0.0028081084288426265,7756.566512752608,True
2024-05-15 13:30:00+00:00,0.005305024042694617,2.0,0.0,0.00015873015873015873,0.010451317926659076,7837.632855396662,True
2024-05-16 13:30:00+00:00,0.0,2.0,0.0,0.00015873015873015873,-0.00015873015873015873,7836.3887866894565,True
2024-05-17 13:30:00+00:00,-0.0026385146377569946,2.0,0.0,0.00015873015873015873,-0.005435759434244148,7793.792062411804,True
2024-05-20 13:30:00+00:00,-0.001322557657252088,2.0,0.0,0.00015873015873015873,-0.0028038454732343347,7771.939473818281,True
2024-05-21 13:30:00+00:00,0.0,2.0,0.0,0.00015873015873015873,-0.00015873015873015873,7770.705832631961,True
2024-05-22 13:30:00+00:00,0.0,2.0,0.0,0.00015873015873015873,-0.00015873015873015873,7769.472387261702,True
2024-05-23 13:30:00+00:00,-0.001324689135056234,2.0,0.0,0.00015873015873015873,-0.0028081084288426265,7747.654866363373,True
2024-05-24 13:30:00+00:00,0.0,2.0,0.0,0.00015873015873015873,-0.00015873015873015873,7746.425079876649,True
2024-05-28 13:30:00+00:00,0.0026525120213474196,2.0,0.0,0.00015873015873015873,0.005146293883964681,7786.290459887808,True
2024-05-29 13:30:00+00:00,-0.003968431971846598,2.0,0.0,0.00015873015873015873,-0.008095594102423354,7723.2558127609855,True
2024-05-30 13:30:00+00:00,0.005079119441491198,2.0,0.0,0.00015873015873015873,0.009999508724252237,7800.48457664032,True
2024-05-31 13:30:00+00:00,0.0,2.0,0.0,0.00015873015873015873,-0.00015873015873015873,7799.246404485297,True
2024-06-03 13:30:00+00:00,0.0053190404528660196,2.0,0.0,0.00015873015873015873,0.01047935074700188,7880.97744312019,True
2024-06-04 13:30:00+00:00,0.002645448976311915,2.0,0.0,0.00015873015873015873,0.005132167793893671,7921.423941738174,True
2024-06-05 13:30:00+00:00,0.0,2.0,0.0,0.00015873015873015873,-0.00015873015873015873,7920.166572858532,True
2024-06-06 13:30:00+00:00,0.003958079647646606,2.0,0.0,0.00015873015873015873,0.007757429136563054,7981.606703797257,True
2024-06-07 13:30:00+00:00,-0.003942475017518321,2.0,0.0,0.00015873015873015873,-0.0080436801937668,7917.405212039486,True
2024-06-10 13:30:00+00:00,-0.003957778778835186,2.0,0.0,0.00015873015873015873,-0.00807428771640053,7853.477804390151,True
2024-06-11 13:30:00+00:00,0.0026489530111017956,2.0,0.0,0.00015873015873015873,0.005139175863473433,7893.838207966797,True
2024-06-12 13:30:00+00:00,0.00660503712692595,2.0,0.0,0.00015873015873015873,0.013051344095121742,7996.86340665019,True
2024-06-13 13:30:00+00:00,-0.009186315767735764,2.0,0.0,0.00015873015873015873,-0.01853136169420169,7848.67063844243,True
2024-06-14 13:30:00+00:00,0.0,2.0,0.0,0.00015873015873015873,-0.00015873015873015873,7847.424817706169,True
2024-06-17 13:30:00+00:00,-0.006622382527754267,2.0,0.0,0.00015873015873015873,-0.013403495214238692,7742.2418967179465,True
2024-06-18 13:30:00+00:00,0.001333534227555777,2.0,0.0,0.00015873015873015873,0.0025083382963813957,7761.662058567331,True
2024-06-20 13:30:00+00:00,-0.0013317582823035856,2.0,0.0,0.00015873015873015873,-0.0028222467233373297,7739.756733254888,True
2024-06-21 13:30:00+00:00,0.003999994526595385,2.0,0.0,0.00015873015873015873,0.007841258894460612,7800.446169580484,True
2024-06-24 13:30:00+00:00,0.0,2.0,0.0,0.00015873015873015873,-0.00015873015873015873,7799.2080035218205,True
2024-06-25 13:30:00+00:00,0.0,2.0,0.0,0.00015873015873015873,-0.00015873015873015873,7797.970033997452,True
2024-06-26 13:30:00+00:00,-0.0013279941994994715,2.0,0.0,0.00015873015873015873,-0.0028147185577291015,7776.020943030144,True
2024-06-27 13:30:00+00:00,0.0012047373395867034,2.0,0.0,0.00015873015873015873,0.0022507445204432482,7793.522779558521,True
2024-06-28 13:30:00+00:00,-0.0026738127870634676,2.0,0.0,0.00015873015873015873,-0.005506355732857094,7750.608870722146,True
2024-07-01 13:30:00+00:00,-0.005362038387028645,2.0,0.0,0.00015873015873015873,-0.010882806932787448,7666.260490770528,True
2024-07-02 13:30:00+00:00,0.0013476026177674516,2.0,0.0,0.00015873015873015873,0.0025364750768047447,7685.70576943766,True
2024-07-03 13:30:00+00:00,0.004037900736833411,2.0,0.0,0.00015873015873015873,0.007917071314936663,7746.554050119917,True
2024-07-05 13:30:00+00:00,0.002680981228955215,2.0,0.0,0.00015873015873015873,0.005203232299180271,7786.861170360846,True
2024-07-08 13:30:00+00:00,0.0,2.0,0.0,0.00015873015873015873,-0.00015873015873015873,7785.625160651265,True
2024-07-09 13:30:00+00:00,0.0,2.0,0.0,0.00015873015873015873,-0.00015873015873015873,7784.389347133701,True
2024-07-10 13:30:00+00:00,-0.0026738127870634676,2.0,0.0,0.00015873015873015873,-0.005506355732857094,7741.52573022532,True
2024-07-11 13:30:00+00:00,0.002680981228955215,2.0,0.0,0.00015873015873015873,0.005203232299180271,7781.806686949763,True
2024-07-12 13:30:00+00:00,0.0,2.0,0.0,0.00015873015873015873,-0.00015873015873015873,7780.571479539137,True
2024-07-15 13:30:00+00:00,-0.0013370199826784335,2.0,0.0,0.00015873015873015873,-0.0028327701240870255,7758.530909103575,True
2024-07-16 13:30:00+00:00,0.0026773166868758747,2.0,0.0,0.00015873015873015873,0.005195903215021591,7798.843484798029,True
2024-07-17 13:30:00+00:00,0.0,2.0,0.0,0.00015873015873015873,-0.00015873015873015873,7797.605573133776,True
2024-07-18 13:30:00+00:00,0.008010654656205318,2.0,0.0,0.00015873015873015873,0.015862579153680476,7921.295708746789,True
2024-07-19 13:30:00+00:00,-0.0026488729704596814,2.0,0.0,0.00015873015873015873,-0.005456476099649521,7878.073348033756,True
2024-07-22 13:30:00+00:00,-0.0013279916785005064,2.0,0.0,0.00015873015873015873,-0.0028147135157311712,7855.898828503124,True
2024-07-23 13:30:00+00:00,0.001329757585508462,2.0,0.0,0.00015873015873015873,0.0025007850122867655,7875.544742551485,True
2024-07-24 13:30:00+00:00,-0.0013279916785005064,2.0,0.0,0.00015873015873015873,-0.0028147135157311712,7853.37734032088,True
2024-07-25 13:30:00+00:00,0.003989197433222902,2.0,0.0,0.00015873015873015873,0.007819664707715645,7914.78811794536,True
2024-07-26 13:30:00+00:00,0.00397349701573213,2.0,0.0,0.00015873015873015873,0.007788263872734102,7976.430576304697,True
2024-07-29 13:30:00+00:00,0.0013193067597825348,2.0,0.0,0.00015873015873015873,0.002479883360834911,7996.211193769729,True
2024-07-30 13:30:00+00:00,0.0010607713630239601,2.0,0.0,0.00015873015873015873,0.0019628125673177618,8011.906257591787,True
2024-07-31 13:30:00+00:00,0.001324521874590312,2.0,0.0,0.00015873015873015873,0.0024903135904504655,8031.858416630482,True
2024-08-01 13:30:00+00:00,0.006613923635969465,2.0,0.0,0.00015873015873015873,0.013069117113208772,8136.827714914137,True
2024-08-02 13:30:00+00:00,0.011826411745127663,2.0,0.0,0.00015873015873015873,0.023494093331525166,8327.995104670868,True
2024-08-05 13:30:00+00:00,0.0,2.0,0.0,0.00015873015873015873,-0.00015873015873015873,8326.673200686002,True
2024-08-06 13:30:00+00:00,-0.0038960120973079437,2.0,0.0,0.00015873015873015873,-0.007950754353346046,8260.469867486758,True
2024-08-07 13:30:00+00:00,-0.002607671478157547,2.0,0.0,0.00015873015873015873,-0.005374073115045253,8216.077498454255,True
2024-08-08 13:30:00+00:00,-0.001307207816024114,2.0,0.0,0.00015873015873015873,-0.0027731457907783866,8193.293117722707,True
2024-08-09 13:30:00+00:00,0.0026177640185893747,2.0,0.0,0.00015873015873015873,0.005076797878448591,8234.888810840268,True
2024-08-12 13:30:00+00:00,0.0013056483085025494,2.0,0.0,0.00015873015873015873,0.0024525664582749403,8255.085422925358,True
2024-08-13 13:30:00+00:00,0.0013037256643013695,2.0,0.0,0.00015873015873015873,0.0024487211698725805,8275.299825359582,True
2024-08-14 13:30:00+00:00,0.0013018816014755963,2.0,0.0,0.00015873015873015873,0.002445033044221034,8295.533206883421,True
2024-08-15 13:30:00+00:00,-0.0039010790748194024,2.0,0.0,0.00015873015873015873,-0.007960888308368963,8229.493393565055,True
2024-08-16 13:30:00+00:00,0.0026110761800119953,2.0,0.0,0.00015873015873015873,0.005063422201293832,8271.162793119433,True
2024-08-19 13:30:00+00:00,0.0013018816014755963,2.0,0.0,0.00015873015873015873,0.002445033044221034,8291.38605946274,True
2024-08-20 13:30:00+00:00,0.0013005548712070603,2.0,0.0,0.00015873015873015873,0.002442379583683962,8311.636771494814,True
2024-08-21 13:30:00+00:00,0.0,2.0,0.0,0.00015873015873015873,-0.00015873015873015873,8310.317464070768,True
2024-08-22 13:30:00+00:00,-0.0025973657639664083,2.0,0.0,0.00015873015873015873,-0.005353461686662975,8265.828497922857,True
2024-08-23 13:30:00+00:00,0.0026041296411412063,2.0,0.0,0.00015873015873015873,0.005049529123552254,8307.567039653408,True
2024-08-26 13:30:00+00:00,0.0038961582918743964,2.0,0.0,0.00015873015873015873,0.007633586425018634,8370.983570632237,True
2024-08-27 13:30:00+00:00,0.0,2.0,0.0,0.00015873015873015873,-0.00015873015873015873,8369.654843081344,True
2024-08-28 13:30:00+00:00,0.0,2.0,0.0,0.00015873015873015873,-0.00015873015873015873,8368.326326439585,True
2024-08-29 13:30:00+00:00,-0.00013026351238198952,2.0,0.0,0.00015873015873015873,-0.00041925718349413777,8364.817845513402,True
2024-08-30 13:30:00+00:00,-0.0026042260250593863,2.0,0.0,0.00015873015873015873,-0.005367182208848931,8319.922343992701,True
2024-09-03 13:30:00+00:00,-0.001305330330056309,2.0,0.0,0.00015873015873015873,-0.0027693908188427766,8296.881227439762,True
2024-09-04 13:30:00+00:00,0.002614292214689007,2.0,0.0,0.00015873015873015873,0.005069854270647855,8338.945206163757,True
2024-09-05 13:30:00+00:00,0.002607475511758661,2.0,0.0,0.00015873015873015873,0.005056220864787164,8381.108754905477,True
2024-09-06 13:30:00+00:00,0.0013006744103001289,2.0,0.0,0.00015873015873015873,0.0024426186618700992,8401.580607557371,True
2024-09-09 13:30:00+00:00,0.0,2.0,0.0,0.00015873015873015873,-0.00015873015873015873,8400.24702333395,True
2024-09-10 13:30:00+00:00,0.0038957197853464187,2.0,0.0,0.00015873015873015873,0.007632709411962679,8464.363667851761,True
2024-09-11 13:30:00+00:00,0.0,2.0,0.0,0.00015873015873015873,-0.00015873015873015873,8463.020118063214,True
2024-09-12 13:30:00+00:00,-0.0012936546024692186,2.0,0.0,0.00015873015873015873,-0.0027460393636685957,8439.780331683494,True
2024-09-13 13:30:00+00:00,0.0025908779622803024,2.0,0.0,0.00015873015873015873,0.005023025765830446,8482.17356574749,True
2024-09-16 13:30:00+00:00,0.0012920552009105801,2.0,0.0,0.00015873015873015873,0.0024253802430910017,8502.746061932321,True
2024-09-17 13:30:00+00:00,-0.0012903879484505998,2.0,0.0,0.00015873015873015873,-0.002739506055631358,8479.452737606161,True
2024-09-18 13:30:00+00:00,-0.0012921997180181943,2.0,0.0,0.00015873015873015873,-0.002743129594766547,8456.192499854209,True
2024-09-19 13:30:00+00:00,-0.002587236852891417,2.0,0.0,0.00015873015873015873,-0.005333203864512992,8411.093901334922,True
2024-09-20 13:30:00+00:00,0.0,2.0,0.0,0.00015873015873015873,-0.00015873015873015873,8409.758807064869,True
2024-09-23 13:30:00+00:00,0.0,2.0,0.0,0.00015873015873015873,-0.00015873015873015873,8408.423924714541,True
2024-09-24 13:30:00+00:00,0.0,2.0,0.0,0.00015873015873015873,-0.00015873015873015873,8407.0892542503,True
2024-09-25 13:30:00+00:00,-0.0025940205505039504,2.0,0.0,0.00015873015873015873,-0.005346771259738059,8362.138471047621,True
2024-09-26 13:30:00+00:00,0.0013006744103001289,2.0,0.0,0.00015873015873015873,0.0024426186618700992,8382.563986530144,True
2024-09-27 13:30:00+00:00,0.00901800841594591,2.0,0.0,0.00015873015873015873,0.01787728667316166,8532.421485973464,True
2024-09-30 13:30:00+00:00,-0.003885880846088652,2.0,0.0,0.00015873015873015873,-0.007930491850907462,8464.755186910443,True
2024-10-01 13:30:00+00:00,0.0013006356696043664,2.0,0.0,0.00015873015873015873,0.0024425411804785743,8485.430700037141,True
2024-10-02 13:30:00+00:00,-0.001298946213825869,2.0,0.0,0.00015873015873015873,-0.0027566225863818964,8462.03957011424,True
2024-10-03 13:30:00+00:00,-0.002600693214675154,2.0,0.0,0.00015873015873015873,-0.005360116588080466,8416.682051445478,True
2024-10-04 13:30:00+00:00,-0.006518975955488893,2.0,0.0,0.00015873015873015873,-0.013196682069707944,8305.609774330735,True
2024-10-07 13:30:00+00:00,-0.002624584056155066,2.0,0.0,0.00015873015873015873,-0.00540789827104029,8260.693881592197,True
2024-10-08 13:30:00+00:00,0.0,2.0,0.0,0.00015873015873015873,-0.00015873015873015873,8259.38266034115,True
2024-10-09 13:30:00+00:00,-0.0013158915549171812,2.0,0.0,0.00015873015873015873,-0.002790513268564521,8236.334743437317,True
2024-10-10 13:30:00+00:00,-0.0026350311610794375,2.0,0.0,0.00015873015873015873,-0.0054287924808890334,8191.621391312059,True
2024-10-11 13:30:00+00:00,0.006605018942271945,2.0,0.0,0.00015873015873015873,0.013051307725813732,8298.532762863431,True
2024-10-14 13:30:00+00:00,0.0,2.0,0.0,0.00015873015873015873,-0.00015873015873015873,8297.215535440753,True
2024-10-15 13:30:00+00:00,0.002624802844422458,2.0,0.0,0.00015873015873015873,0.0050908755301147576,8339.455626978217,True
2024-10-16 13:30:00+00:00,0.0013089292762127336,2.0,0.0,0.00015873015873015873,0.0024591283936953087,8359.96341909848,True
2024-10-17 13:30:00+00:00,-0.003921727303455413,2.0,0.0,0.00015873015873015873,-0.008002184765640985,8293.065447184854,True
2024-10-18 13:30:00+00:00,0.0013123649574999785,2.0,0.0,0.00015873015873015873,0.0024659997562697985,8313.51614455634,True
2024-10-21 13:30:00+00:00,-0.006553078897546194,2.0,0.0,0.00015873015873015873,-0.013264887953822546,8203.238284396506,True
2024-10-22 13:30:00+00:00,0.0,2.0,0.0,0.00015873015873015873,-0.00015873015873015873,8201.936183081523,True
2024-10-23 13:30:00+00:00,0.0,2.0,0.0,0.00015873015873015873,-0.00015873015873015873,8200.634288449288,True
2024-10-24 13:30:00+00:00,0.00263858065328737,2.0,0.0,0.00015873015873015873,0.005118431147844582,8242.608670423368,True
2024-10-25 13:30:00+00:00,-0.0026316368671631674,2.0,0.0,0.00015873015873015873,-0.005422003893056493,8197.917214123392,True
2024-10-28 13:30:00+00:00,-0.0039577976656589575,2.0,0.0,0.00015873015873015873,-0.008074325490048074,8131.724562196091,True
2024-10-29 13:30:00+00:00,0.0,2.0,0.0,0.00015873015873015873,-0.00015873015873015873,8130.433812265584,True
2024-10-30 13:30:00+00:00,0.001066544972094352,2.0,0.0,0.00015873015873015873,0.0019743597854585456,8146.486213822854,True
2024-10-31 13:30:00+00:00,-0.0013317240687140686,2.0,0.0,0.00015873015873015873,-0.0028221782961582956,8123.49537724025,True
2024-11-01 13:30:00+00:00,-0.004000131641887283,2.0,0.0,0.00015873015873015873,-0.008158993442504725,8057.21583172713,True
2024-11-04 14:30:00+00:00,0.004016196958420704,2.0,0.0,0.00015873015873015873,0.007873663758111249,8120.655640012678,True
2024-11-05 14:30:00+00:00,0.0013334999226566335,2.0,0.0,0.00015873015873015873,0.0025082696865831085,8141.024434389702,True
2024-11-06 14:30:00+00:00,-0.003994657515965505,2.0,0.0,0.00015873015873015873,-0.008148045190661169,8074.690999400018,True
2024-11-07 14:30:00+00:00,0.004010678804194701,2.0,0.0,0.00015873015873015873,0.007862627449659243,8138.179286499416,True
2024-11-08 14:30:00+00:00,0.0026630069744195684,2.0,0.0,0.00015873015873015873,0.005167283790108978,8180.231568407545,True
2024-11-11 14:30:00+00:00,0.0,2.0,0.0,0.00015873015873015873,-0.00015873015873015873,8178.933118952242,True
2024-11-12 14:30:00+00:00,-0.00663998217155215,2.0,0.0,0.00015873015873015873,-0.013438694501834459,8069.018935415707,True
2024-11-13 14:30:00+00:00,-0.0013372128303333897,2.0,0.0,0.00015873015873015873,-0.002833155819396938,8046.158147462011,True
2024-11-14 14:30:00+00:00,0.0013390033628100095,2.0,0.0,0.00015873015873015873,0.0025192765668898606,8066.4286451364005,True
2024-11-15 14:30:00+00:00,0.0,2.0,0.0,0.00015873015873015873,-0.00015873015873015873,8065.1482596371725,True
2024-11-18 14:30:00+00:00,0.0,2.0,0.0,0.00015873015873015873,-0.00015873015873015873,8063.868077373738,True
2024-11-19 14:30:00+00:00,0.0026736136179852377,2.0,0.0,0.00015873015873015873,0.005188497077240317,8105.707433324443,True
2024-11-20 14:30:00+00:00,0.0,2.0,0.0,0.00015873015873015873,-0.00015873015873015873,8104.420813096931,True
2024-11-21 14:30:00+00:00,-0.0013332790470069744,2.0,0.0,0.00015873015873015873,-0.0028252882527441073,8081.523488178394,True
2024-11-22 14:30:00+00:00,0.0013350590532692497,2.0,0.0,0.00015873015873015873,0.002511387947808341,8101.819328866534,True
2024-11-25 14:30:00+00:00,0.006666616110684531,2.0,0.0,0.00015873015873015873,0.013174502062638904,8208.556764325813,True
2024-11-26 14:30:00+00:00,-0.0013243763133233832,2.0,0.0,0.00015873015873015873,-0.002807482785376925,8185.511382517178,True
2024-11-27 14:30:00+00:00,0.0025365545144278023,2.0,0.0,0.00015873015873015873,0.004914378870125446,8225.738086696592,True
2024-11-29 14:30:00+00:00,0.0039945566559300705,2.0,0.0,0.00015873015873015873,0.007830383153129982,8290.14876763272,True
2024-12-02 14:30:00+00:00,0.0,2.0,0.0,0.00015873015873015873,-0.00015873015873015873,8288.832871002936,True
2024-12-03 14:30:00+00:00,-0.0013262454724083383,2.0,0.0,0.00015873015873015873,-0.002811221103546835,8265.531129112202,True
2024-12-04 14:30:00+00:00,0.001328006735328513,2.0,0.0,0.00015873015873015873,0.0024972833119268675,8286.172502065145,True
2024-12-05 14:30:00+00:00,0.0013260999550206432,2.0,0.0,0.00015873015873015873,0.002493469751311128,8306.83382255319,True
2024-12-06 14:30:00+00:00,0.0013246343921882175,2.0,0.0,0.00015873015873015873,0.0024905386256462766,8327.522313045081,True
2024-12-09 14:30:00+00:00,-0.002645473849386515,2.0,0.0,0.00015873015873015873,-0.005449677857503188,8282.139999087816,True
2024-12-10 14:30:00+00:00,-0.0013262454724083383,2.0,0.0,0.00015873015873015873,-0.002811221103546835,8258.857072339852,True
2024-12-11 14:30:00+00:00,-0.003984165916621207,2.0,0.0,0.00015873015873015873,-0.008127061991972573,8191.736828930104,True
2024-12-12 14:30:00+00:00,-0.002666491504590529,2.0,0.0,0.00015873015873015873,-0.005491713167911217,8146.750159918605,True
2024-12-13 14:30:00+00:00,-0.0026739140607042744,2.0,0.0,0.00015873015873015873,-0.005506558280138707,8101.889605369284,True
2024-12-16 14:30:00+00:00,0.0,2.0,0.0,0.00015873015873015873,-0.00015873015873015873,8100.60359114621,True
2024-12-17 14:30:00+00:00,0.0,2.0,0.0,0.00015873015873015873,-0.00015873015873015873,8099.3177810523775,True
2024-12-18 14:30:00+00:00,-0.005361945475869101,2.0,0.0,0.00015873015873015873,-0.01088262111046836,8011.175974387906,True
2024-12-19 14:30:00+00:00,-0.002695462429991524,2.0,0.0,0.00015873015873015873,-0.005549655018713207,7966.716711435848,True
2024-12-20 14:30:00+00:00,0.0027027475845633475,2.0,0.0,0.00015873015873015873,0.0052467650103965365,8008.516201925151,True
2024-12-23 14:30:00+00:00,-0.002695462429991524,2.0,0.0,0.00015873015873015873,-0.005549655018713207,7964.071699792691,True
2024-12-24 14:30:00+00:00,0.0,2.0,0.0,0.00015873015873015873,-0.00015873015873015873,7962.807561427645,True
2024-12-26 14:30:00+00:00,0.0,2.0,0.0,0.00015873015873015873,-0.00015873015873015873,7961.543623719483,True
2024-12-27 14:30:00+00:00,-0.0027027475845634585,2.0,0.0,0.00015873015873015873,-0.005564225327857076,7917.243801039544,True
2024-12-30 14:30:00+00:00,0.002455024969877151,2.0,0.0,0.00015873015873015873,0.004751319781024143,7954.861158122613,True
2024-12-31 14:30:00+00:00,-0.0013602082543129335,2.0,0.0,0.00015873015873015873,-0.0028791466673560254,7931.957946129925,True
2025-01-02 14:30:00+00:00,0.0,2.0,0.0,0.00015873015873015873,-0.00015873015873015873,7930.6989051860955,True
2025-01-03 14:30:00+00:00,0.0,2.0,0.0,0.00015873015873015873,-0.00015873015873015873,7929.440064090034,True
2025-01-06 14:30:00+00:00,-0.0013628777467326048,2.0,0.0,0.00015873015873015873,-0.002884485652195368,7906.567707995224,True
2025-01-07 14:30:00+00:00,-0.004092428598133191,2.0,0.0,0.00015873015873015873,-0.00834358735499654,7840.598569645371,True
2025-01-08 14:30:00+00:00,-0.0013701964356376273,2.0,0.0,0.00015873015873015873,-0.002899123030005413,7817.867709763084,True
2025-01-10 14:30:00+00:00,-0.008230290531506146,2.0,0.0,0.00015873015873015873,-0.016619311221742452,7687.940133204121,True
2025-01-13 14:30:00+00:00,-0.001383161210876671,2.0,0.0,0.00015873015873015873,-0.0029250525804835007,7665.45250407889,True
2025-01-14 14:30:00+00:00,-0.005540006025552935,2.0,0.0,0.00015873015873015873,-0.011238742209836028,7579.3024594638055,True
2025-01-15 14:30:00+00:00,0.006963661749254779,2.0,0.0,0.00015873015873015873,0.0137685933397794,7683.658792827353,True
2025-01-16 14:30:00+00:00,0.0041494082477808725,2.0,0.0,0.00015873015873015873,0.008140086336831586,7746.204438783721,True
2025-01-17 14:30:00+00:00,-0.00137759577331098,2.0,0.0,0.00015873015873015873,-0.0029139217053521186,7723.632605535454,True
2025-01-21 14:30:00+00:00,0.002758766792076761,2.0,0.0,0.00015873015873015873,0.005358803425423364,7765.0220343987085,True
2025-01-22 14:30:00+00:00,0.0,2.0,0.0,0.00015873015873015873,-0.00015873015873015873,7763.789491218646,True
2025-01-23 14:30:00+00:00,-0.002751176936505173,2.0,0.0,0.00015873015873015873,-0.005661084031740505,7719.838026504113,True
2025-01-24 14:30:00+00:00,0.0,2.0,0.0,0.00015873015873015873,-0.00015873015873015873,7718.612655388796,True
2025-01-27 14:30:00+00:00,0.00413811259966379,2.0,0.0,0.00015873015873015873,0.008117495040597422,7781.268455339206,True
2025-01-28 14:30:00+00:00,0.001373436840584663,2.0,0.0,0.00015873015873015873,0.0025881435224391677,7801.407494888252,True
2025-01-29 14:30:00+00:00,0.0013720764498987847,2.0,0.0,0.00015873015873015873,0.002585422741067411,7821.577431237868,True
2025-01-30 14:30:00+00:00,0.0011030559143478946,2.0,0.0,0.00015873015873015873,0.0020473816699656307,7837.591185500801,True
2025-01-31 14:30:00+00:00,-0.0027548250457136714,2.0,0.0,0.00015873015873015873,-0.005668380250157501,7793.1647384161,True
2025-02-03 14:30:00+00:00,0.001381067964069338,2.0,0.0,0.00015873015873015873,0.0026034057694085174,7813.453508458043,True
2025-02-04 14:30:00+00:00,0.001379461976222185,2.0,0.0,0.00015873015873015873,0.0026001937937142113,7833.770001778209,True
2025-02-05 14:30:00+00:00,0.005509575511724929,2.0,0.0,0.00015873015873015873,0.0108604208647197,7918.848040954936,True
2025-02-06 14:30:00+00:00,0.0,2.0,0.0,0.00015873015873015873,-0.00015873015873015873,7917.591080948435,True
2025-02-07 14:30:00+00:00,-0.0027396561237215122,2.0,0.0,0.00015873015873015873,-0.005638042406173183,7872.951366679309,True
2025-02-10 14:30:00+00:00,-0.0013737027917032352,2.0,0.0,0.00015873015873015873,-0.002906135742136629,7850.071501316499,True
2025-02-11 14:30:00+00:00,-0.0013754434926434023,2.0,0.0,0.00015873015873015873,-0.002909617144016963,7827.23079869451,True
2025-02-12 14:30:00+00:00,-0.00413231214827281,2.0,0.0,0.00015873015873015873,-0.008423354455275778,7761.299259273855,True
2025-02-13 14:30:00+00:00,0.00414945900814101,2.0,0.0,0.00015873015873015873,0.008140187857551861,7824.477693263021,True
2025-02-14 14:30:00+00:00,0.0027548250457136714,2.0,0.0,0.00015873015873015873,0.005350919932697184,7866.345846914846,True
2025-02-18 14:30:00+00:00,-0.0013737027917032352,2.0,0.0,0.00015873015873015873,-0.002906135742136629,7843.4851780891195,True
2025-02-19 14:30:00+00:00,0.0,2.0,0.0,0.00015873015873015873,-0.00015873015873015873,7842.240180441804,True
2025-02-20 14:30:00+00:00,0.0013755924468876746,2.0,0.0,0.00015873015873015873,0.0025924547350451906,7862.5708331309515,True
2025-02-21 14:30:00+00:00,0.004120810875858583,2.0,0.0,0.00015873015873015873,0.008082891592987007,7926.123140817331,True
2025-02-24 14:30:00+00:00,0.0013678430447696677,2.0,0.0,0.00015873015873015873,0.002576955930809177,7946.548410853382,True
2025-02-25 14:30:00+00:00,0.005464416202484168,2.0,0.0,0.00015873015873015873,0.010770102246238178,8032.133549742954,True
2025-02-26 14:30:00+00:00,-0.0013586980510785773,2.0,0.0,0.00015873015873015873,-0.002876126260887313,8009.032119509584,True
2025-02-27 14:30:00+00:00,0.001232882575374905,2.0,0.0,0.00015873015873015873,0.0023070349920196517,8027.5092368615005,True
2025-02-28 14:30:00+00:00,0.0027358422334902155,2.0,0.0,0.00015873015873015873,0.0053129543082502725,8070.1590266460025,True
2025-03-03 14:30:00+00:00,0.0027285979473623545,2.0,0.0,0.00015873015873015873,0.0052984657359945505,8112.9184877327125,True
2025-03-04 14:30:00+00:00,-0.001360330366364293,2.0,0.0,0.00015873015873015873,-0.0028793908914587444,8089.558224135988,True
2025-03-05 14:30:00+00:00,0.004086989807732033,2.0,0.0,0.00015873015873015873,0.008015249456733908,8154.39805129721,True
2025-03-06 14:30:00+00:00,0.0,2.0,0.0,0.00015873015873015873,-0.00015873015873015873,8153.10370240018,True
2025-03-07 14:30:00+00:00,-0.0027137154943770447,2.0,0.0,0.00015873015873015873,-0.005586161147484248,8107.559151266421,True
2025-03-10 13:30:00+00:00,0.004081722852920855,2.0,0.0,0.00015873015873015873,0.008004715547111551,8172.45785605369,True
2025-03-11 13:30:00+00:00,-0.0027101839161647323,2.0,0.0,0.00015873015873015873,-0.005579097991059623,8126.862912846962,True
2025-03-12 13:30:00+00:00,-0.001358628334912959,2.0,0.0,0.00015873015873015873,-0.0028759868285560767,8103.490162152133,True
2025-03-13 13:30:00+00:00,0.0,2.0,0.0,0.00015873015873015873,-0.00015873015873015873,8102.203893872426,True
2025-03-14 13:30:00+00:00,-0.001360330366364293,2.0,0.0,0.00015873015873015873,-0.0028793908914587444,8078.874481779669,True
2025-03-17 13:30:00+00:00,0.0,2.0,0.0,0.00015873015873015873,-0.00015873015873015873,8077.592120750815,True
2025-03-18 13:30:00+00:00,0.001362183385788418,2.0,0.0,0.00015873015873015873,0.0025656366128466775,8098.316286839454,True
2025-03-19 13:30:00+00:00,0.0013604767171297993,2.0,0.0,0.00015873015873015873,0.00256222327552944,8119.065981322194,True
2025-03-20 13:30:00+00:00,0.0013587744868424068,2.0,0.0,0.00015873015873015873,0.002558818814954655,8139.841200115057,True
2025-03-21 13:30:00+00:00,-0.0013569307239941208,2.0,0.0,0.00015873015873015873,-0.0028725916067184,8116.458760603587,True
2025-03-24 13:30:00+00:00,-0.0027171105178966926,2.0,0.0,0.00015873015873015873,-0.005592951194523544,8071.063802883168,True
2025-03-25 13:30:00+00:00,-0.001362696311216216,2.0,0.0,0.00015873015873015873,-0.0028841227811625906,8047.7858639010565,True
2025-03-26 13:30:00+00:00,0.0,2.0,0.0,0.00015873015873015873,-0.00015873015873015873,8046.508437573454,True
2025-03-27 13:30:00+00:00,-0.0013641889111076777,2.0,0.0,0.00015873015873015873,-0.002887107980945514,8023.277298844591,True
2025-03-28 13:30:00+00:00,0.003988679222270086,2.0,0.0,0.00015873015873015873,0.007818628285810014,8086.008321678234,True
2025-03-31 13:30:00+00:00,-0.0027399124946347886,2.0,0.0,0.00015873015873015873,-0.005638555147999736,8040.414917829267,True
2025-04-01 13:30:00+00:00,0.005494586943175284,2.0,0.0,0.00015873015873015873,0.010830443727620409,8127.496179143536,True
2025-04-02 13:30:00+00:00,-0.0013662498339627183,2.0,0.0,0.00015873015873015873,-0.002891229826655595,8103.997719774367,True
2025-04-03 13:30:00+00:00,0.004104137829221921,2.0,0.0,0.00015873015873015873,0.008049545499713684,8169.231218149266,True
2025-04-04 13:30:00+00:00,0.0013622358893841113,2.0,0.0,0.00015873015873015873,0.002565741620038064,8190.191354689386,True
2025-04-07 13:30:00+00:00,-0.012244970941407973,2.0,0.0,0.00015873015873015873,-0.024648672041546107,7988.314014030141,True
2025-04-08 13:30:00+00:00,-0.0055096505901499615,2.0,0.0,0.00015873015873015873,-0.011178031339030082,7899.0203896353,True
2025-04-09 13:30:00+00:00,-0.005540175018711291,2.0,0.0,0.00015873015873015873,-0.01123908019615274,7810.242666005142,True
2025-04-10 13:30:00+00:00,-0.006963557619890093,2.0,0.0,0.00015873015873015873,-0.014085845398510344,7700.228795286946,True
2025-04-11 13:30:00+00:00,-0.008415196236441935,2.0,0.0,0.00015873015873015873,-0.01698912263161403,7569.40866399233,True
2025-04-14 13:30:00+00:00,0.004243155245695407,2.0,0.0,0.00015873015873015873,0.008327580332660655,7632.443522712463,True
2025-04-15 13:30:00+00:00,0.0014085845553670762,2.0,0.0,0.00015873015873015873,0.002658438952003994,7652.7339078722125,True
2025-04-16 13:30:00+00:00,0.0014064529576500728,2.0,0.0,0.00015873015873015873,0.002654175756569987,7673.045608681968,True
2025-04-17 13:30:00+00:00,-0.0014044776259390934,2.0,0.0,0.00015873015873015873,-0.0029676854106083454,7650.274423174151,True
2025-04-21 13:30:00+00:00,-0.005625886969661931,2.0,0.0,0.00015873015873015873,-0.01141050409805402,7562.980935517284,True
2025-04-22 13:30:00+00:00,0.001414410269957589,2.0,0.0,0.00015873015873015873,0.0026700903811850193,7583.174778166294,True
2025-04-23 13:30:00+00:00,0.0014124125391568043,2.0,0.0,0.00015873015873015873,0.00266609491958345,7603.392241916676,True
2025-04-24 13:30:00+00:00,0.0028209162382961672,2.0,0.0,0.00015873015873015873,0.005483102317862176,7645.082419541943,True
2025-04-25 13:30:00+00:00,0.002812981054361785,2.0,0.0,0.00015873015873015873,0.0054672319499934115,7686.879858406394,True
2025-04-28 13:30:00+00:00,0.002805015459954152,2.0,0.0,0.00015873015873015873,0.005451300761178146,7728.78335242961,True
2025-04-29 13:30:00+00:00,0.0026756020272677983,2.0,0.0,0.00015873015873015873,0.005192473895805438,7768.914858233436,True
2025-04-30 13:30:00+00:00,0.007022477038548525,2.0,0.0,0.00015873015873015873,0.01388622391836689,7876.795749557592,True
2025-05-01 13:30:00+00:00,-0.002789491101393149,2.0,0.0,0.00015873015873015873,-0.005737712361516456,7831.600961216215,True
2025-05-02 13:30:00+00:00,-0.004195718572738816,2.0,0.0,0.00015873015873015873,-0.00855016730420779,7764.639462738022,True
2025-05-05 13:30:00+00:00,-0.0028090802386019353,2.0,0.0,0.00015873015873015873,-0.005776890635934029,7719.7839897343265,True
2025-05-06 13:30:00+00:00,0.0014086461580240517,2.0,0.0,0.00015873015873015873,0.002658562157317945,7740.307515312103,True
2025-05-07 13:30:00+00:00,0.0,2.0,0.0,0.00015873015873015873,-0.00015873015873015873,7739.078895071577,True
2025-05-08 13:30:00+00:00,-0.002812956209894635,2.0,0.0,0.00015873015873015873,-0.005784642578519428,7694.3110897766255,True
2025-05-09 13:30:00+00:00,0.0014102585401649659,2.0,0.0,0.00015873015873015873,0.0026617869215997732,7714.791706406112,True
2025-05-12 13:30:00+00:00,0.01126767467940959,2.0,0.0,0.00015873015873015873,0.02237661920008902,7887.422662628366,True
2025-05-13 13:30:00+00:00,-0.00417833524713207,2.0,0.0,0.00015873015873015873,-0.008515400652994299,7820.2580985365785,True
2025-05-14 13:30:00+00:00,0.0,2.0,0.0,0.00015873015873015873,-0.00015873015873015873,7819.016787727288,True
2025-05-15 13:30:00+00:00,0.002797294128472405,2.0,0.0,0.00015873015873015873,0.005435858098214652,7861.519853452931,True
2025-05-16 13:30:00+00:00,0.0013946715510386731,2.0,0.0,0.00015873015873015873,0.0026306129433471877,7882.200469333804,True
2025-05-19 13:30:00+00:00,-0.0013927291513130546,2.0,0.0,0.00015873015873015873,-0.002944188461356268,7858.993785661895,True
2025-05-20 13:30:00+00:00,0.0,2.0,0.0,0.00015873015873015873,-0.00015873015873015873,7857.746326330838,True
2025-05-21 13:30:00+00:00,-0.002789491101393149,2.0,0.0,0.00015873015873015873,-0.005737712361516456,7812.660838100589,True
2025-05-22 13:30:00+00:00,0.0013987212708927999,2.0,0.0,0.00015873015873015873,0.002638712383055441,7833.276202998697,True
2025-05-23 13:30:00+00:00,0.004190006335066165,2.0,0.0,0.00015873015873015873,0.008221282511402172,7897.675779653393,True
2025-05-27 13:30:00+00:00,0.004172302054006538,2.0,0.0,0.00015873015873015873,0.008185873949282918,7962.32515807794,True
2025-05-28 13:30:00+00:00,0.004155260228462909,2.0,0.0,0.00015873015873015873,0.00815179029819566,8027.232363052638,True
2025-05-29 13:30:00+00:00,0.002638250935499631,2.0,0.0,0.00015873015873015873,0.005117771712269103,8068.313905768078,True
2025-05-30 13:30:00+00:00,0.0,2.0,0.0,0.00015873015873015873,-0.00015873015873015873,8067.033221021132,True
2025-06-02 13:30:00+00:00,-0.0027699179133815477,2.0,0.0,0.00015873015873015873,-0.005698565985493254,8021.062699903977,True
2025-06-03 13:30:00+00:00,0.0,2.0,0.0,0.00015873015873015873,-0.00015873015873015873,8019.789515348437,True
2025-06-04 13:30:00+00:00,0.00833334736204483,2.0,0.0,0.00015873015873015873,0.0165079645653595,8152.179916489449,True
2025-06-05 13:30:00+00:00,0.005509675267929115,2.0,0.0,0.00015873015873015873,0.010860620377128071,8240.717647808488,True
2025-06-06 13:30:00+00:00,-0.005479485084478153,2.0,0.0,0.00015873015873015873,-0.011117700327686464,8149.099818515076,True
2025-06-09 13:30:00+00:00,0.0013775095524484193,2.0,0.0,0.00015873015873015873,0.00259628894616668,8170.257236295094,True
2025-06-10 13:30:00+00:00,0.0013754696531163013,2.0,0.0,0.00015873015873015873,0.002592209147502444,8191.436251840466,True
2025-06-11 13:30:00+00:00,0.004120885783049033,2.0,0.0,0.00015873015873015873,0.008083041407367908,8257.647970249905,True
2025-06-12 13:30:00+00:00,0.010943978130210974,2.0,0.0,0.00015873015873015873,0.021729226101691788,8437.080270063641,True
2025-06-13 13:30:00+00:00,-0.002706411668376707,2.0,0.0,0.00015873015873015873,-0.0055715534954835725,8390.072625993293,True
2025-06-16 13:30:00+00:00,-0.0013568781049241307,2.0,0.0,0.00015873015873015873,-0.00287248636857842,8365.972256743744,True
2025-06-17 13:30:00+00:00,0.004076165174049073,2.0,0.0,0.00015873015873015873,0.007993600189367988,8432.846494159498,True
2025-06-18 13:30:00+00:00,0.0,2.0,0.0,0.00015873015873015873,-0.00015873015873015873,8431.507947096934,True
2025-06-20 13:30:00+00:00,0.0,2.0,0.0,0.00015873015873015873,-0.00015873015873015873,8430.169612502157,True
2025-06-23 13:30:00+00:00,0.0027063403569393962,2.0,0.0,0.00015873015873015873,0.005253950555148634,8474.461306817759,True
2025-06-24 13:30:00+00:00,0.0,2.0,0.0,0.00015873015873015873,-0.00015873015873015873,8473.116154229376,True
2025-06-25 13:30:00+00:00,0.005397929456671724,2.0,0.0,0.00015873015873015873,0.01063712875461329,8563.245781714706,True
2025-06-26 13:30:00+00:00,0.0026847570748980143,2.0,0.0,0.00015873015873015873,0.00521078399106587,8607.867005745627,True
2025-06-27 13:30:00+00:00,-0.004177483690952721,2.0,0.0,0.00015873015873015873,-0.008513697540635601,8534.582229588694,True
2025-06-30 13:30:00+00:00,0.0027063701074825364,2.0,0.0,0.00015873015873015873,0.005254010056234914,8579.423010448714,True
2025-07-01 13:30:00+00:00,-0.0013495327187322825,2.0,0.0,0.00015873015873015873,-0.0028577955961947236,8554.904773151562,True
2025-07-02 13:30:00+00:00,-0.0013513564184336468,2.0,0.0,0.00015873015873015873,-0.002861442995597452,8530.425400810425,True
2025-07-03 13:30:00+00:00,-0.0027062284201307962,2.0,0.0,0.00015873015873015873,-0.005571186998991751,8482.900805721561,True
2025-07-07 13:30:00+00:00,-0.0027137140375350643,2.0,0.0,0.00015873015873015873,-0.005586158233800287,8435.513979539168,True
2025-07-08 13:30:00+00:00,-0.001360477930911097,2.0,0.0,0.00015873015873015873,-0.0028796860205523526,8411.222347856117,True
2025-07-09 13:30:00+00:00,0.0040871367104504674,2.0,0.0,0.00015873015873015873,0.008015543262170776,8478.642864473093,True
2025-07-10 13:30:00+00:00,-0.0013569990905981655,2.0,0.0,0.00015873015873015873,-0.0028727283399264895,8454.286026832206,True
2025-07-11 13:30:00+00:00,-0.004076031191006746,2.0,0.0,0.00015873015873015873,-0.00831079254074365,8384.024209583096,True
2025-07-14 13:30:00+00:00,0.0,2.0,0.0,0.00015873015873015873,-0.00015873015873015873,8382.693412089513,True
2025-07-15 13:30:00+00:00,-0.0027284516706365114,2.0,0.0,0.00015873015873015873,-0.005615633500003181,8335.619278144328,True
2025-07-16 13:30:00+00:00,0.0013679224337845852,2.0,0.0,0.00015873015873015873,0.002577114708839012,8357.101125193314,True
2025-07-17 13:30:00+00:00,0.0,2.0,0.0,0.00015873015873015873,-0.00015873015873015873,8355.774601205188,True
2025-07-18 13:30:00+00:00,0.0013661252993160122,2.0,0.0,0.00015873015873015873,0.002573520439901866,8377.278357932602,True
2025-07-21 13:30:00+00:00,0.0027285945177699666,2.0,0.0,0.00015873015873015873,0.005298458876809775,8421.665022811696,True
2025-07-22 13:30:00+00:00,0.0013604067017001231,2.0,0.0,0.00015873015873015873,0.0025620832446700877,8443.242029658864,True
2025-07-23 13:30:00+00:00,0.0,2.0,0.0,0.00015873015873015873,-0.00015873015873015873,8441.901832511301,True
2025-07-24 13:30:00+00:00,-0.0013585585095989838,2.0,0.0,0.00015873015873015873,-0.002875847177928126,8417.624212949926,True
2025-07-25 13:30:00+00:00,0.0013604067017001231,2.0,0.0,0.00015873015873015873,0.0025620832446700877,8439.190866905854,True
2025-07-28 13:30:00+00:00,-0.0027171881516399043,2.0,0.0,0.00015873015873015873,-0.005593106462009967,8391.989573934028,True
2025-07-29 13:30:00+00:00,0.005449539389350333,2.0,0.0,0.00015873015873015873,0.010740348619970507,8482.122467573237,True
2025-07-30 13:30:00+00:00,-0.0016367907834058393,2.0,0.0,0.00015873015873015873,-0.003432311725541837,8453.009179170303,True
2025-07-31 13:30:00+00:00,0.0,2.0,0.0,0.00015873015873015873,-0.00015873015873015873,8451.667431681546,True
2025-08-01 13:30:00+00:00,0.004098436953535289,2.0,0.0,0.00015873015873015873,0.00803814374834042,8519.60314941057,True
2025-08-04 13:30:00+00:00,0.001360475088515889,2.0,0.0,0.00015873015873015873,0.0025622200183016194,8541.432247147974,True
2025-08-05 13:30:00+00:00,0.0,2.0,0.0,0.00015873015873015873,-0.00015873015873015873,8540.0764642516,True
2025-08-06 13:30:00+00:00,-0.001358626710721289,2.0,0.0,0.00015873015873015873,-0.0028759835801727366,8515.515344566995,True
2025-08-07 13:30:00+00:00,0.0,2.0,0.0,0.00015873015873015873,-0.00015873015873015873,8514.163675464682,True
2025-08-08 13:30:00+00:00,-0.001360475088515778,2.0,0.0,0.00015873015873015873,-0.0028796803357617144,8489.64560575299,True
2025-08-11 13:30:00+00:00,-0.002724940454374991,2.0,0.0,0.00015873015873015873,-0.005608611067480141,8442.030485449579,True
2025-08-12 13:30:00+00:00,0.0,2.0,0.0,0.00015873015873015873,-0.00015873015873015873,8440.69048061062,True
2025-08-13 13:30:00+00:00,0.0,2.0,0.0,0.00015873015873015873,-0.00015873015873015873,8439.35068847084,True
2025-08-14 13:30:00+00:00,-0.004098365897571177,2.0,0.0,0.00015873015873015873,-0.008355461953872512,8368.836014877936,True
2025-08-15 13:30:00+00:00,-0.0013716725257952866,2.0,0.0,0.00015873015873015873,-0.002902075210320732,8344.54902333992,True
2025-08-18 13:30:00+00:00,0.0,2.0,0.0,0.00015873015873015873,-0.00015873015873015873,8343.224491748913,True
2025-08-19 13:30:00+00:00,0.0013735565956400908,2.0,0.0,0.00015873015873015873,0.002588383032550023,8364.819952460111,True
2025-08-20 13:30:00+00:00,0.0,2.0,0.0,0.00015873015873015873,-0.00015873015873015873,8363.492203261309,True
2025-08-21 13:30:00+00:00,-0.0013716725257952866,2.0,0.0,0.00015873015873015873,-0.002902075210320732,8339.220719866513,True
2025-08-22 13:30:00+00:00,0.004120884126051161,2.0,0.0,0.00015873015873015873,0.008083038093372163,8406.626958614232,True
2025-08-25 13:30:00+00:00,-0.0013679907108122835,2.0,0.0,0.00015873015873015873,-0.0028947115803547255,8382.292198205409,True
2025-08-26 13:30:00+00:00,0.001369864672959853,2.0,0.0,0.00015873015873015873,0.0025809991871895473,8403.926887555761,True
2025-08-27 13:30:00+00:00,-0.0013679907108122835,2.0,0.0,0.00015873015873015873,-0.0028947115803547255,8379.5999430739,True
2025-08-28 13:30:00+00:00,0.0012411147788562449,2.0,0.0,0.00015873015873015873,0.0023234993989823313,8399.069938505343,True
2025-08-29 13:30:00+00:00,0.0,2.0,0.0,0.00015873015873015873,-0.00015873015873015873,8397.73675280082,True
2025-09-02 13:30:00+00:00,-0.0027547642812443263,2.0,0.0,0.00015873015873015873,-0.005668258721218811,8350.136208213256,True
2025-09-03 13:30:00+00:00,0.0041435966350287234,2.0,0.0,0.00015873015873015873,0.008128463111327288,8418.009982356276,True
2025-09-04 13:30:00+00:00,0.002751046103899979,2.0,0.0,0.00015873015873015873,0.005343362049069799,8462.990457424688,True
2025-09-05 13:30:00+00:00,0.004115247919095344,2.0,0.0,0.00015873015873015873,0.00807176567946053,8531.301733344531,True
2025-09-08 13:30:00+00:00,0.0027323252862436753,2.0,0.0,0.00015873015873015873,0.005305920413757192,8576.568141367405,True
2025-09-09 13:30:00+00:00,0.0,2.0,0.0,0.00015873015873015873,-0.00015873015873015873,8575.206781344965,True
2025-09-10 13:30:00+00:00,0.0013623344337823085,2.0,0.0,0.00015873015873015873,0.0025659387088344584,8597.210236361476,True
2025-09-11 13:30:00+00:00,0.0040816538837920024,2.0,0.0,0.00015873015873015873,0.008004577608853846,8666.027272918065,True
2025-09-12 13:30:00+00:00,0.006775032842937678,2.0,0.0,0.00015873015873015873,0.013391335527145198,8782.0769518171,True
2025-09-15 13:30:00+00:00,0.0013458325050084152,2.0,0.0,0.00015873015873015873,0.002532934851286672,8804.321380595038,True
2025-09-16 13:30:00+00:00,0.0,2.0,0.0,0.00015873015873015873,-0.00015873015873015873,8802.923869264785,True
2025-09-17 13:30:00+00:00,-0.0013440236742600087,2.0,0.0,0.00015873015873015873,-0.002846777507250176,8777.863903595726,True
2025-09-18 13:30:00+00:00,-0.0013457629709083818,2.0,0.0,0.00015873015873015873,-0.002850256100546922,8752.844743454732,True
2025-09-19 13:30:00+00:00,-0.0026957100013166313,2.0,0.0,0.00015873015873015873,-0.005550150161363421,8704.265140789457,True
2025-09-22 13:30:00+00:00,0.001351498248002292,2.0,0.0,0.00015873015873015873,0.0025442663372744253,8726.411109577879,True
2025-09-23 13:30:00+00:00,0.001349674165731951,2.0,0.0,0.00015873015873015873,0.0025406181727337437,8748.581588225617,True
2025-09-24 13:30:00+00:00,0.006738369841859271,2.0,0.0,0.00015873015873015873,0.013318009524988383,8865.095281147742,True
2025-09-25 13:30:00+00:00,-0.0013386259604494244,2.0,0.0,0.00015873015873015873,-0.0028359820796290073,8839.954029796205,True
2025-09-26 13:30:00+00:00,-0.001340628045248926,2.0,0.0,0.00015873015873015873,-0.0028399862492280107,8814.848681907775,True
2025-09-29 13:30:00+00:00,0.0010809878931159478,2.0,0.0,0.00015873015873015873,0.002003245627501737,8832.506988986896,True
2025-09-30 13:30:00+00:00,0.0,2.0,0.0,0.00015873015873015873,-0.00015873015873015873,8831.105003750548,True
2025-10-01 13:30:00+00:00,0.0013494986848952006,2.0,0.0,0.00015873015873015873,0.0025402672110602428,8853.538370229006,True
2025-10-02 13:30:00+00:00,0.0026953599850352283,2.0,0.0,0.00015873015873015873,0.005231989811340298,8899.859992776353,True
2025-10-03 13:30:00+00:00,-0.0013440572743227408,2.0,0.0,0.00015873015873015873,-0.00284684470737564,8874.523473459534,True
2025-10-06 13:30:00+00:00,-0.0026917323911463953,2.0,0.0,0.00015873015873015873,-0.005542194941022949,8825.339134360936,True
2025-10-07 13:30:00+00:00,0.0013494986848952006,2.0,0.0,0.00015873015873015873,0.0025402672110602428,8847.75785399044,True
2025-10-08 13:30:00+00:00,0.008086218313505089,2.0,0.0,0.00015873015873015873,0.016013706468280018,8989.443251166662,True
2025-10-09 13:30:00+00:00,-0.0013369383959758174,2.0,0.0,0.00015873015873015873,-0.0028326069506817934,8963.979691730647,True
2025-10-10 13:30:00+00:00,0.0040160471469807835,2.0,0.0,0.00015873015873015873,0.007873364135231408,9034.55636794446,True
2025-10-13 13:30:00+00:00,0.0,2.0,0.0,0.00015873015873015873,-0.00015873015873015873,9033.12231137812,True
2025-10-14 13:30:00+00:00,0.0,2.0,0.0,0.00015873015873015873,-0.00015873015873015873,9031.688482439806,True
2025-10-15 13:30:00+00:00,0.0026668150473936336,2.0,0.0,0.00015873015873015873,0.005174899936057109,9078.426566590071,True
2025-10-16 13:30:00+00:00,0.0039893441834613075,2.0,0.0,0.00015873015873015873,0.007819958208192456,9149.41948293695,True
2025-10-17 13:30:00+00:00,-0.001324542843372356,2.0,0.0,0.00015873015873015873,-0.0028078158454748706,9123.729597935862,True
2025-10-20 13:30:00+00:00,0.0013262995839944391,2.0,0.0,0.00015873015873015873,0.0024938690092587198,9146.48298442901,True
2025-10-21 13:30:00+00:00,0.002649017698712619,2.0,0.0,0.00015873015873015873,0.00513930523869508,9193.48955234652,True
2025-10-22 13:30:00+00:00,0.0,2.0,0.0,0.00015873015873015873,-0.00015873015873015873,9192.030268290593,True
2025-10-23 13:30:00+00:00,-0.0013211111844948498,2.0,0.0,0.00015873015873015873,-0.002800952527719858,9166.283827875748,True
2025-10-24 13:30:00+00:00,0.0,2.0,0.0,0.00015873015873015873,-0.00015873015873015873,9164.828862188782,True
2025-10-27 13:30:00+00:00,-0.0013226551337657266,2.0,0.0,0.00015873015873015873,-0.0028040404262616118,9139.130311559436,True
2025-10-28 13:30:00+00:00,-0.001324542843372356,2.0,0.0,0.00015873015873015873,-0.0028078158454748706,9113.469316656781,True
2025-10-29 13:30:00+00:00,-0.00265246301157962,2.0,0.0,0.00015873015873015873,-0.005463656181889398,9063.676453686368,True
2025-10-30 13:30:00+00:00,-0.0029444314334711175,2.0,0.0,0.00015873015873015873,-0.0060475930256723934,9008.863027178104,True
2025-10-31 13:30:00+00:00,0.0,2.0,0.0,0.00015873015873015873,-0.00015873015873015873,9007.433048919824,True
2025-11-03 14:30:00+00:00,0.0,2.0,0.0,0.00015873015873015873,-0.00015873015873015873,9006.003297642217,True
2025-11-04 14:30:00+00:00,0.001342311652767103,2.0,0.0,0.00015873015873015873,0.0025258931468040476,9028.751499651824,True
2025-11-05 14:30:00+00:00,0.0,2.0,0.0,0.00015873015873015873,-0.00015873015873015873,9027.31836449315,True
2025-11-06 14:30:00+00:00,0.002680956165994175,2.0,0.0,0.00015873015873015873,0.005203182173258191,9074.289146479607,True
2025-11-07 14:30:00+00:00,-0.001336928022105388,2.0,0.0,0.00015873015873015873,-0.0028325862029409347,9048.585440241792,True
2025-11-10 14:30:00+00:00,0.0,2.0,0.0,0.00015873015873015873,-0.00015873015873015873,9047.149156838579,True
2025-11-11 14:30:00+00:00,0.0,2.0,0.0,0.00015873015873015873,-0.00015873015873015873,9045.713101416859,True
2025-11-12 14:30:00+00:00,0.0013387177914345738,2.0,0.0,0.00015873015873015873,0.002518705424138989,9068.496588070602,True
2025-11-13 14:30:00+00:00,-0.0053475757158995,2.0,0.0,0.00015873015873015873,-0.010853881590529158,8970.068199899566,True
2025-11-14 14:30:00+00:00,0.0,2.0,0.0,0.00015873015873015873,-0.00015873015873015873,8968.644379550376,True
2025-11-17 14:30:00+00:00,0.0,2.0,0.0,0.00015873015873015873,-0.00015873015873015873,8967.220785204416,True
2025-11-18 14:30:00+00:00,0.0013440472301733397,2.0,0.0,0.00015873015873015873,0.002529364301616521,8989.902153343224,True
2025-11-19 14:30:00+00:00,0.0026845548446963186,2.0,0.0,0.00015873015873015873,0.005210379530662479,9036.742955505662,True
2025-11-20 14:30:00+00:00,0.0,2.0,0.0,0.00015873015873015873,-0.00015873015873015873,9035.308551861932,True
2025-11-21 14:30:00+00:00,0.0,2.0,0.0,0.00015873015873015873,-0.00015873015873015873,9033.874375901318,True
2025-11-24 14:30:00+00:00,0.0040160850967601025,2.0,0.0,0.00015873015873015873,0.007873440034790046,9105.002044081804,True
2025-11-25 14:30:00+00:00,0.0,2.0,0.0,0.00015873015873015873,-0.00015873015873015873,9103.556805662109,True
2025-11-26 14:30:00+00:00,0.0012078947160829578,2.0,0.0,0.00015873015873015873,0.002257059273435757,9124.104072971577,True
2025-11-28 14:30:00+00:00,0.0,2.0,0.0,0.00015873015873015873,-0.00015873015873015873,9122.655802483803,True
2025-12-01 14:30:00+00:00,-0.002680964601160407,2.0,0.0,0.00015873015873015873,-0.005520659361050973,9072.292727330176,True
2025-12-02 14:30:00+00:00,0.0,2.0,0.0,0.00015873015873015873,-0.00015873015873015873,9070.85268086552,True
2025-12-03 14:30:00+00:00,0.004032223188177753,2.0,0.0,0.00015873015873015873,0.007905716217625347,9142.564268012327,True
2025-12-04 14:30:00+00:00,-0.0026773757173261803,2.0,0.0,0.00015873015873015873,-0.005513481593382519,9092.156908204326,True
2025-12-05 14:30:00+00:00,-0.0026844952883604556,2.0,0.0,0.00015873015873015873,-0.00552772073545107,9041.89800393287,True
2025-12-08 14:30:00+00:00,0.0,2.0,0.0,0.00015873015873015873,-0.00015873015873015873,9040.462782027484,True
2025-12-09 14:30:00+00:00,0.0,2.0,0.0,0.00015873015873015873,-0.00015873015873015873,9039.0277879351,True
2025-12-10 14:30:00+00:00,0.0,2.0,0.0,0.00015873015873015873,-0.00015873015873015873,9037.593021619554,True
2025-12-11 14:30:00+00:00,0.0013458606006213625,2.0,0.0,0.00015873015873015873,0.0025329910425125664,9060.48516378919,True
2025-12-12 14:30:00+00:00,-0.004032155083202094,2.0,0.0,0.00015873015873015873,-0.008223040325134346,8985.98042892207,True
2025-12-15 14:30:00+00:00,0.0,2.0,0.0,0.00015873015873015873,-0.00015873015873015873,8984.554082822242,True
2025-12-16 14:30:00+00:00,0.0026989861194022247,2.0,0.0,0.00015873015873015873,0.005239242080074291,9031.626336643667,True
2025-12-17 14:30:00+00:00,0.0,2.0,0.0,0.00015873015873015873,-0.00015873015873015873,9030.192745161661,True
2025-12-18 14:30:00+00:00,0.0013458606006213625,2.0,0.0,0.00015873015873015873,0.0025329910425125664,9053.066142497315,True
2025-12-19 14:30:00+00:00,-0.0013440516944006609,2.0,0.0,0.00015873015873015873,-0.0028468335475314802,9027.293570094833,True
2025-12-22 14:30:00+00:00,0.0,2.0,0.0,0.00015873015873015873,-0.00015873015873015873,9025.860666353548,True
2025-12-23 14:30:00+00:00,0.0,2.0,0.0,0.00015873015873015873,-0.00015873015873015873,9024.4279900573,True
2025-12-24 14:30:00+00:00,0.0013458606006213625,2.0,0.0,0.00015873015873015873,0.0025329910425125664,9047.286785319915,True
2025-12-26 14:30:00+00:00,0.0013440516944007719,2.0,0.0,0.00015873015873015873,0.0025293732300713852,9070.170750319481,True
2025-12-29 14:30:00+00:00,0.0,2.0,0.0,0.00015873015873015873,-0.00015873015873015873,9068.731040676574,True
2025-12-30 14:30:00+00:00,-0.0016211032479876986,2.0,0.0,0.00015873015873015873,-0.0034009366547055556,9037.88886086867,True
2025-12-31 14:30:00+00:00,-0.0013531469710538202,2.0,0.0,0.00015873015873015873,-0.002865024100837799,9011.99509146159,True
2026-01-02 14:30:00+00:00,0.0,2.0,0.0,0.00015873015873015873,-0.00015873015873015873,9010.564616050246,True
2026-01-05 14:30:00+00:00,0.001354980458757371,2.0,0.0,0.00015873015873015873,0.0025512307587845836,9033.55264565273,True
2026-01-06 14:30:00+00:00,-0.0013531469710538202,2.0,0.0,0.00015873015873015873,-0.002865024100837799,9007.671299606747,True
2026-01-07 14:30:00+00:00,0.001354980458757371,2.0,0.0,0.00015873015873015873,0.0025512307587845836,9030.651947691325,True
2026-01-08 14:30:00+00:00,-0.0013531469710538202,2.0,0.0,0.00015873015873015873,-0.002865024100837799,9004.778912214912,True
2026-01-09 14:30:00+00:00,-0.0013550486750619761,2.0,0.0,0.00015873015873015873,-0.0028688275088541108,8978.9457547604,True
2026-01-12 14:30:00+00:00,-0.0013568873234318657,2.0,0.0,0.00015873015873015873,-0.00287250480559389,8953.153689930685,True
2026-01-13 14:30:00+00:00,0.0,2.0,0.0,0.00015873015873015873,-0.00015873015873015873,8951.732554424347,True
2026-01-14 14:30:00+00:00,0.0,2.0,0.0,0.00015873015873015873,-0.00015873015873015873,8950.311644495072,True
2026-01-15 14:30:00+00:00,0.001358730968258559,2.0,0.0,0.00015873015873015873,0.0025587317777869597,8973.213091320938,True
2026-01-16 14:30:00+00:00,-0.005427412675994336,2.0,0.0,0.00015873015873015873,-0.011013555510718831,8874.386110830166,True
2026-01-20 14:30:00+00:00,-0.002728446433891807,2.0,0.0,0.00015873015873015873,-0.005615623026513772,8824.550903840014,True
2026-01-21 14:30:00+00:00,0.004104004570733455,2.0,0.0,0.00015873015873015873,0.008049278982736751,8895.582175962385,True
2026-01-22 14:30:00+00:00,0.006811890890951133,2.0,0.0,0.00015873015873015873,0.013465051623172108,9015.361649179888,True
2026-01-23 14:30:00+00:00,0.001353078847055933,2.0,0.0,0.00015873015873015873,0.0025474275353817074,9038.327629686431,True
2026-01-26 14:30:00+00:00,0.0013514545944250944,2.0,0.0,0.00015873015873015873,0.0025441790301200303,9061.322753309234,True
2026-01-27 14:30:00+00:00,0.0,2.0,0.0,0.00015873015873015873,-0.00015873015873015873,9059.884448110295,True
2026-01-28 14:30:00+00:00,-0.0026990574394371025,2.0,0.0,0.00015873015873015873,-0.0055568450376043636,9009.540074173545,True
2026-01-29 14:30:00+00:00,0.0010895752230295486,2.0,0.0,0.00015873015873015873,0.0020204202873289386,9027.743131718908,True
2026-01-30 14:30:00+00:00,0.0,2.0,0.0,0.00015873015873015873,-0.00015873015873015873,9026.310156618636,True
2026-02-02 14:30:00+00:00,-0.0013604526512869253,2.0,0.0,0.00015873015873015873,-0.002879635461304009,9000.317673806909,True
2026-02-03 14:30:00+00:00,0.0,2.0,0.0,0.00015873015873015873,-0.00015873015873015873,8998.889051953924,True
2026-02-04 14:30:00+00:00,0.0013623060041021429,2.0,0.0,0.00015873015873015873,0.002565881849474127,9021.979138037763,True
2026-02-05 14:30:00+00:00,0.0027211094521313317,2.0,0.0,0.00015873015873015873,0.005283488745532505,9069.646663276013,True
2026-02-06 14:30:00+00:00,0.0013568964871351064,2.0,0.0,0.00015873015873015873,0.002555062815540054,9092.820180215436,True
2026-02-09 14:30:00+00:00,0.0,2.0,0.0,0.00015873015873015873,-0.00015873015873015873,9091.376875424925,True
2026-02-10 14:30:00+00:00,0.002709912308227258,2.0,0.0,0.00015873015873015873,0.0052610944577243576,9139.207467917306,True
2026-02-11 14:30:00+00:00,-0.0013512604701226838,2.0,0.0,0.00015873015873015873,-0.002861251098975526,9113.057900505963,True
2026-02-12 14:30:00+00:00,0.0027063130542142044,2.0,0.0,0.00015873015873015873,0.00525389594969825,9160.936958498796,True
2026-02-13 14:30:00+00:00,0.002699008691758431,2.0,0.0,0.00015873015873015873,0.005239287224786704,9208.933738472535,True
2026-02-17 14:30:00+00:00,0.0,2.0,0.0,0.00015873015873015873,-0.00015873015873015873,9207.472002958491,True
2026-02-18 14:30:00+00:00,0.0,2.0,0.0,0.00015873015873015873,-0.00015873015873015873,9206.010499465958,True
2026-02-19 14:30:00+00:00,0.0,2.0,0.0,0.00015873015873015873,-0.00015873015873015873,9204.549227958107,True
2026-02-20 14:30:00+00:00,0.0,2.0,0.0,0.00015873015873015873,-0.00015873015873015873,9203.088188398115,True
2026-02-23 14:30:00+00:00,0.0013460064604271516,2.0,0.0,0.00015873015873015873,0.0025332827621241446,9226.402213064091,True
2026-02-24 14:30:00+00:00,0.0,2.0,0.0,0.00015873015873015873,-0.00015873015873015873,9224.937704776305,True
2026-02-25 14:30:00+00:00,-0.002688192644730636,2.0,0.0,0.00015873015873015873,-0.00553511544819143,9173.876609577994,True
2026-02-26 14:30:00+00:00,-0.00013575945043176052,2.0,0.0,0.00015873015873015873,-0.00043024905959367977,9169.929557793894,True
2026-02-27 14:30:00+00:00,0.0027138048286632355,2.0,0.0,0.00015873015873015873,0.005268879498596312,9218.244811644527,True
2026-03-02 14:30:00+00:00,-0.004059622802009777,2.0,0.0,0.00015873015873015873,-0.008277975762749712,9141.93640451864,True
2026-03-03 14:30:00+00:00,-0.0013586109912270272,2.0,0.0,0.00015873015873015873,-0.002875952141184213,9115.644632941494,True
2026-03-04 14:30:00+00:00,0.0,2.0,0.0,0.00015873015873015873,-0.00015873015873015873,9114.19770522198,True
2026-03-05 14:30:00+00:00,-0.002721189054295192,2.0,0.0,0.00015873015873015873,-0.005601108267320543,9063.148097105268,True
2026-03-06 14:30:00+00:00,0.0,2.0,0.0,0.00015873015873015873,-0.00015873015873015873,9061.70950216922,True
2026-03-09 13:30:00+00:00,-0.0013642392796795466,2.0,0.0,0.00015873015873015873,-0.0028872087180892517,9035.546455493764,True
2026-03-10 13:30:00+00:00,0.0013661029710125838,2.0,0.0,0.00015873015873015873,0.002573475783295009,9058.799215485815,True
2026-03-11 13:30:00+00:00,-0.004092650054119518,2.0,0.0,0.00015873015873015873,-0.008344030266969194,8983.212320649403,True
2026-03-12 13:30:00+00:00,-0.004109604798257505,2.0,0.0,0.00015873015873015873,-0.008377939755245168,8907.951509018429,True
2026-03-13 13:30:00+00:00,0.0,2.0,0.0,0.00015873015873015873,-0.00015873015873015873,8906.537548461441,True
2026-03-16 13:30:00+00:00,0.002750996665616068,2.0,0.0,0.00015873015873015873,0.005343263172501977,8954.12752253864,True
2026-03-17 13:30:00+00:00,0.0,2.0,0.0,0.00015873015873015873,-0.00015873015873015873,8952.706232455697,True
2026-03-18 13:30:00+00:00,-0.004115242324857382,2.0,0.0,0.00015873015873015873,-0.008389214808444923,8877.600056754723,True
2026-03-19 13:30:00+00:00,0.0,2.0,0.0,0.00015873015873015873,-0.00015873015873015873,8876.190913888571,True
2026-03-20 13:30:00+00:00,-0.004132179086279053,2.0,0.0,0.00015873015873015873,-0.008423088331288265,8801.425973775511,True
2026-03-23 13:30:00+00:00,0.004149324839603397,2.0,0.0,0.00015873015873015873,0.008139919520476635,8873.068872867476,True
2026-03-24 13:30:00+00:00,-0.004132179086279053,2.0,0.0,0.00015873015873015873,-0.008423088331288265,8798.33022998171,True
2026-03-25 13:30:00+00:00,0.004149324839603397,2.0,0.0,0.00015873015873015873,0.008139919520476635,8869.947929968335,True
2026-03-26 13:30:00+00:00,-0.005509708992016749,2.0,0.0,0.00015873015873015873,-0.011178148142763656,8770.79833798855,True
2026-03-27 13:30:00+00:00,-0.0027699793994352406,2.0,0.0,0.00015873015873015873,-0.00569868895760064,8720.816286350513,True
2026-03-30 13:30:00+00:00,0.011047412915025978,2.0,0.0,0.00015873015873015873,0.021936095671321796,8912.11694673992,True
2026-03-31 13:30:00+00:00,0.0013830463754977984,2.0,0.0,0.00015873015873015873,0.0026073625922654383,8935.354067084741,True
2026-04-01 13:30:00+00:00,0.0,2.0,0.0,0.00015873015873015873,-0.00015873015873015873,8933.935756915364,True
2026-04-02 13:30:00+00:00,0.0013812043605816449,2.0,0.0,0.00015873015873015873,0.002603678562433131,8957.196853923799,True
2026-04-06 13:30:00+00:00,-0.0027585304663547694,2.0,0.0,0.00015873015873015873,-0.005675791091439697,8906.357675816025,True
2026-04-07 13:30:00+00:00,-0.001383182885034917,2.0,0.0,0.00015873015873015873,-0.0029250959287999926,8880.30572523806,True
2026-04-08 13:30:00+00:00,0.004155091141752054,2.0,0.0,0.00015873015873015873,0.00815145212477395,8952.693112210693,True
2026-04-09 13:30:00+00:00,0.004137965865746551,2.0,0.0,0.00015873015873015873,0.008117201572762944,9025.363926821594,True
2026-04-10 13:30:00+00:00,0.0,2.0,0.0,0.00015873015873015873,-0.00015873015873015873,9023.931329372892,True
2026-04-13 13:30:00+00:00,0.0013736152932242174,2.0,0.0,0.00015873015873015873,0.0025885004277182763,9047.289779478673,True
2026-04-14 13:30:00+00:00,0.0013717987554640043,2.0,0.0,0.00015873015873015873,0.00258486735219785,9070.67582345552,True
2026-04-15 13:30:00+00:00,-0.0013699195015967058,2.0,0.0,0.00015873015873015873,-0.00289856916192357,9044.383842235848,True
2026-04-16 13:30:00+00:00,-0.00548699194284008,2.0,0.0,0.00015873015873015873,-0.01113271404441032,8943.69530321235,True
2026-04-17 13:30:00+00:00,0.004137965865746551,2.0,0.0,0.00015873015873015873,0.008117201572762944,9016.293080793897,True
2026-04-20 13:30:00+00:00,0.0,2.0,0.0,0.00015873015873015873,-0.00015873015873015873,9014.861923162025,True
2026-04-21 13:30:00+00:00,-0.0027472305864484348,2.0,0.0,0.00015873015873015873,-0.005653191331627028,8963.899183882191,True
2026-04-22 13:30:00+00:00,0.0,2.0,0.0,0.00015873015873015873,-0.00015873015873015873,8962.476342741893,True
2026-04-23 13:30:00+00:00,-0.005509665279864406,2.0,0.0,0.00015873015873015873,-0.011178060718458971,8862.293237994973,True
2026-04-24 13:30:00+00:00,0.0013850987298922313,2.0,0.0,0.00015873015873015873,0.002611467301054304,8885.436826998352,True
2026-04-27 13:30:00+00:00,-0.005532526775833824,2.0,0.0,0.00015873015873015873,-0.011223783710397806,8785.708605879718,True
2026-04-28 13:30:00+00:00,0.0013907406855788729,2.0,0.0,0.00015873015873015873,0.0026227512124275872,8808.751333777824,True
2026-04-29 13:30:00+00:00,-0.0015382246038213587,2.0,0.0,0.00015873015873015873,-0.003235179366372876,8780.253443219277,True
2026-04-30 13:30:00+00:00,0.0014005590703962678,2.0,0.0,0.00015873015873015873,0.002642387982062377,8803.454279397101,True
2026-05-01 13:30:00+00:00,0.0013986687968878808,2.0,0.0,0.00015873015873015873,0.002638607435045603,8826.683139312801,True
2026-05-04 13:30:00+00:00,-0.0013967152548426398,2.0,0.0,0.00015873015873015873,-0.002952160668415438,8800.625352516356,True
2026-05-05 13:30:00+00:00,0.0013986687968878808,2.0,0.0,0.00015873015873015873,0.002638607435045603,8823.846748004557,True
2026-05-06 13:30:00+00:00,0.0041898719524804395,2.0,0.0,0.00015873015873015873,0.00822101374623072,8896.387713414535,True
2026-05-07 13:30:00+00:00,-0.00278163889288241,2.0,0.0,0.00015873015873015873,-0.005722007944494978,8845.48251224107,True
2026-05-08 13:30:00+00:00,0.0013946989954107814,2.0,0.0,0.00015873015873015873,0.002630667832091404,8868.752038545348,True
2026-05-11 13:30:00+00:00,-0.002785444776244872,2.0,0.0,0.00015873015873015873,-0.0057296197112199024,8817.937462051377,True
2026-05-12 13:30:00+00:00,-0.0013967152548426398,2.0,0.0,0.00015873015873015873,-0.002952160668415438,8791.905493899363,True
2026-05-13 13:30:00+00:00,0.0,2.0,0.0,0.00015873015873015873,-0.00015873015873015873,8790.509953344776,True
2026-05-14 13:30:00+00:00,0.0,2.0,0.0,0.00015873015873015873,-0.00015873015873015873,8789.114634304562,True
2026-05-15 13:30:00+00:00,-0.00839153294004169,2.0,0.0,0.00015873015873015873,-0.01694179603881354,8640.211246808423,True
2026-05-18 13:30:00+00:00,-0.0014105050968702404,2.0,0.0,0.00015873015873015873,-0.0029797403524706393,8614.465660702439,True
2026-05-19 13:30:00+00:00,-0.0014124282052005999,2.0,0.0,0.00015873015873015873,-0.0029835865691313582,8588.763656656924,True
2026-05-20 13:30:00+00:00,0.002828921285110919,2.0,0.0,0.00015873015873015873,0.00549911241149168,8635.994233480615,True
2026-05-21 13:30:00+00:00,0.0014103668391662882,2.0,0.0,0.00015873015873015873,0.002662003519602418,8658.983280525405,True
2026-05-22 13:30:00+00:00,0.0,2.0,0.0,0.00015873015873015873,-0.00015873015873015873,8657.608838734846,True
2026-05-26 13:30:00+00:00,0.0014084495374959705,2.0,0.0,0.00015873015873015873,0.0026581689162617824,8680.622225439123,True
2026-05-27 13:30:00+00:00,0.0028130061293023534,2.0,0.0,0.00015873015873015873,0.005467282099874548,8728.081635948038,True
2026-05-28 13:30:00+00:00,0.0040953845070910155,2.0,0.0,0.00015873015873015873,0.008032038855451873,8798.185926781529,True
2026-05-29 13:30:00+00:00,0.0,2.0,0.0,0.00015873015873015873,-0.00015873015873015873,8796.789389332833,True
2026-06-01 13:30:00+00:00,0.0,2.0,0.0,0.00015873015873015873,-0.00015873015873015873,8795.393073556748,True
2026-06-02 13:30:00+00:00,0.0,2.0,0.0,0.00015873015873015873,-0.00015873015873015873,8793.996979418089,True
2026-06-03 13:30:00+00:00,-0.002812843137664278,2.0,0.0,0.00015873015873015873,-0.005784416434058715,8743.12883876928,True
2026-06-04 13:30:00+00:00,0.0014102857905502475,2.0,0.0,0.00015873015873015873,0.0026618414223703365,8766.401661273436,True
2026-06-05 13:30:00+00:00,-0.0028168735993786553,2.0,0.0,0.00015873015873015873,-0.005792477357487469,8715.62247814387,True
2026-06-08 13:30:00+00:00,-0.001412346644578455,2.0,0.0,0.00015873015873015873,-0.0029834234478870684,8689.620085679644,True
2026-06-09 13:30:00+00:00,0.0,2.0,0.0,0.00015873015873015873,-0.00015873015873015873,8688.24078090414,True
2026-06-10 13:30:00+00:00,0.0,2.0,0.0,0.00015873015873015873,-0.00015873015873015873,8686.8616950659,True
2026-06-11 13:30:00+00:00,0.0028288949216555004,2.0,0.0,0.00015873015873015873,0.005499059684580842,8734.631265998767,True
2026-06-12 13:30:00+00:00,0.0,2.0,0.0,0.00015873015873015873,-0.00015873015873015873,8733.244816591465,True
2026-06-15 13:30:00+00:00,0.0014102857905502475,2.0,0.0,0.00015873015873015873,0.0026618414223703365,8756.491329395969,True
2026-06-16 13:30:00+00:00,0.0014085053567765016,2.0,0.0,0.00015873015873015873,0.0026582805548228446,8779.768540025376,True
2026-06-17 13:30:00+00:00,-0.0014065242598221284,2.0,0.0,0.00015873015873015873,-0.0029717786783744152,8753.677011077067,True
2026-06-18 13:30:00+00:00,0.0014085053567765016,2.0,0.0,0.00015873015873015873,0.0026582805548228446,8776.946740458812,True
2026-06-22 13:30:00+00:00,-0.002812843137664278,2.0,0.0,0.00015873015873015873,-0.005784416434058715,8726.177225492444,True
2026-06-23 13:30:00+00:00,0.0,2.0,0.0,0.00015873015873015873,-0.00015873015873015873,8724.792117996334,True
2026-06-24 13:30:00+00:00,0.008462538588569046,2.0,0.0,0.00015873015873015873,0.016766347018407932,8871.075010310129,True
2026-06-25 13:30:00+00:00,0.0,2.0,0.0,0.00015873015873015873,-0.00015873015873015873,8869.666903165637,True
2026-06-26 13:30:00+00:00,0.0,2.0,0.0,0.00015873015873015873,-0.00015873015873015873,8868.259019530213,True
2026-06-29 13:30:00+00:00,-0.000140852683614634,2.0,0.0,0.00015873015873015873,-0.0004404355259594267,8864.353123204603,True
2026-06-30 13:30:00+00:00,0.00985917036908135,2.0,0.0,0.00015873015873015873,0.019559610579432538,9037.73641833306,True
2026-07-01 13:30:00+00:00,-0.002789337181990703,2.0,0.0,0.00015873015873015873,-0.005737404522711565,8985.883268531441,True
2026-07-02 13:30:00+00:00,0.0,2.0,0.0,0.00015873015873015873,-0.00015873015873015873,8984.456937853898,True
2026-07-06 13:30:00+00:00,0.0,2.0,0.0,0.00015873015873015873,-0.00015873015873015873,8983.030833578046,True
2026-07-07 13:30:00+00:00,-0.0027972069578866554,2.0,0.0,0.00015873015873015873,-0.005753144074503469,8931.350162966766,True
2026-07-08 13:30:00+00:00,-0.0028050532724175348,2.0,0.0,0.00015873015873015873,-0.005768836703565228,8879.82666233425,True
2026-07-09 13:30:00+00:00,0.0014064038732302109,2.0,0.0,0.00015873015873015873,0.0026540775877302632,8903.394411261681,True
2026-07-10 13:30:00+00:00,0.0,2.0,0.0,0.00015873015873015873,-0.00015873015873015873,8901.981174053544,True
2026-07-13 13:30:00+00:00,-0.002808993150584027,2.0,0.0,0.00015873015873015873,-0.005776716459898213,8850.556952879684,True
2026-07-14 13:30:00+00:00,0.0014085209971215207,2.0,0.0,0.00015873015873015873,0.002658311835512883,8874.084493178405,True
2026-07-15 13:30:00+00:00,0.0014064038732302109,2.0,0.0,0.00015873015873015873,0.0026540775877302632,8897.637001943374,True
2026-07-16 13:30:00+00:00,-0.0014044286792959104,2.0,0.0,0.00015873015873015873,-0.0029675875173219794,8871.232485442744,True
2026-07-17 13:30:00+00:00,0.0014064038732302109,2.0,0.0,0.00015873015873015873,0.0026540775877302632,8894.777424757902,True
2026-07-20 13:30:00+00:00,-0.0014044286792959104,2.0,0.0,0.00015873015873015873,-0.0029675875173219794,8868.381394302833,True
2026-07-21 13:30:00+00:00,-0.0014065398562007614,2.0,0.0,0.00015873015873015873,-0.0029718098711316813,8842.026250934285,True
2026-07-22 13:30:00+00:00,0.0,2.0,0.0,0.00015873015873015873,-0.00015873015873015873,8840.622754703978,True
2026-07-23 13:30:00+00:00,-0.002816837732484756,2.0,0.0,0.00015873015873015873,-0.0057924056236996705,8789.414281742622,True
2026-07-24 13:30:00+00:00,0.001412431500213085,2.0,0.0,0.00015873015873015873,0.0026661328416960114,8812.848027818447,True
2026-07-27 13:30:00+00:00,0.002820878702488594,2.0,0.0,0.00015873015873015873,0.005483027246247029,8861.16911367201,True
2026-07-28 13:30:00+00:00,0.004219415594146403,2.0,0.0,0.00015873015873015873,0.008280101029562647,8934.540489173252,True
2026-07-29 13:30:00+00:00,-0.001400562310262976,2.0,0.0,0.00015873015873015873,-0.0029598547792561106,8908.095546805916,True
2026-07-30 13:30:00+00:00,-0.003106495476061677,2.0,0.0,0.00015873015873015873,-0.0063717211108535125,8851.335646352834,True
2026-07-31 13:30:00+00:00,-0.004249256526333789,2.0,0.0,0.00015873015873015873,-0.008657243211397736,8774.707480916642,True
2026-08-03 13:30:00+00:00,0.00426738976012242,2.0,0.0,0.00015873015873015873,0.008376049361514681,8848.204863909652,True
2026-08-04 13:30:00+00:00,0.0014164188421113,2.0,0.0,0.00015873015873015873,0.0026741075254924414,8871.865915123331,True
2026-08-05 13:30:00+00:00,-0.0014144154374351459,2.0,0.0,0.00015873015873015873,-0.0029875610336004502,8845.36067421998,True
2026-08-06 13:30:00+00:00,-0.0014164188421113,2.0,0.0,0.00015873015873015873,-0.0029915678429527585,8818.899177667665,True
2026-08-07 13:30:00+00:00,0.001418427930157673,2.0,0.0,0.00015873015873015873,0.0026781257015851875,8842.517298215065,True
2026-08-10 13:30:00+00:00,-0.0014164188421113,2.0,0.0,0.00015873015873015873,-0.0029915678429527585,8816.064307814971,True
2026-08-11 13:30:00+00:00,0.0,2.0,0.0,0.00015873015873015873,-0.00015873015873015873,8814.664932528018,True
2026-08-12 13:30:00+00:00,0.0,2.0,0.0,0.00015873015873015873,-0.00015873015873015873,8813.265779364123,True
2026-08-13 13:30:00+00:00,0.002836855860315346,2.0,0.0,0.00015873015873015873,0.0055149815619005334,8861.870777637445,True
2026-08-14 13:30:00+00:00,-0.0028288308748701807,2.0,0.0,0.00015873015873015873,-0.00581639190847052,8810.326664152484,True
2026-08-17 13:30:00+00:00,-0.001418496038672612,2.0,0.0,0.00015873015873015873,-0.0029957222360753825,8783.933372657593,True
2026-08-18 13:30:00+00:00,0.001420511027938609,2.0,0.0,0.00015873015873015873,0.0026822918971470596,8807.494445968152,True
2026-08-19 13:30:00+00:00,0.002836855860315346,2.0,0.0,0.00015873015873015873,0.0055149815619005334,8856.067615444208,True
2026-08-20 13:30:00+00:00,-0.0014144154374351459,2.0,0.0,0.00015873015873015873,-0.0029875610336004502,8829.609572925376,True
2026-08-21 13:30:00+00:00,-0.0014164188421113,2.0,0.0,0.00015873015873015873,-0.0029915678429527585,8803.195196861185,True
2026-08-24 13:30:00+00:00,0.001418427930157673,2.0,0.0,0.00015873015873015873,0.0026781257015851875,8826.77126017397,True
2026-08-25 13:30:00+00:00,0.004249324538378341,2.0,0.0,0.00015873015873015873,0.008339918918026523,8900.385816791786,True
2026-08-26 13:30:00+00:00,-0.001410493210744268,2.0,0.0,0.00015873015873015873,-0.0029797165802186946,8873.865189603148,True
2026-08-27 13:30:00+00:00,-0.001412417692047363,2.0,0.0,0.00015873015873015873,-0.0029835655428248845,8847.389431191776,True
2026-08-28 13:30:00+00:00,-0.0015666827672502492,2.0,0.0,0.00015873015873015873,-0.003292095693230657,8818.262978549015,True
2026-08-31 13:30:00+00:00,-0.0014265661277205188,2.0,0.0,0.00015873015873015873,-0.003011862414171196,8791.703583725646,True
2026-09-01 13:30:00+00:00,-0.0014286041259765625,2.0,0.0,0.00015873015873015873,-0.0030159384106832835,8765.188347192146,True
2026-09-02 13:30:00+00:00,0.0,2.0,0.0,0.00015873015873015873,-0.00015873015873015873,8763.797047454496,True
2026-09-03 13:30:00+00:00,0.0014306479555485918,2.0,0.0,0.00015873015873015873,0.002702565752367025,8787.481785215641,True
2026-09-04 13:30:00+00:00,-0.0014286041259765625,2.0,0.0,0.00015873015873015873,-0.0030159384106832835,8760.97928136643,True
2026-09-08 13:30:00+00:00,0.0,2.0,0.0,0.00015873015873015873,-0.00015873015873015873,8759.588649734467,True
2026-09-09 13:30:00+00:00,-0.002861227694048174,2.0,0.0,0.00015873015873015873,-0.0058811855468265065,8708.071883571505,True
2026-09-10 13:30:00+00:00,-0.005738875617947059,2.0,0.0,0.00015873015873015873,-0.011636481394624277,8606.740567115274,True
2026-09-11 13:30:00+00:00,0.0,2.0,0.0,0.00015873015873015873,-0.00015873015873015873,8605.374417818908,True
2026-09-14 13:30:00+00:00,0.004329034711612945,2.0,0.002,0.00015873015873015873,0.006499339264495731,8661.303665658324,True
