open_time,net_pnl
2016-09-12 00:00:00+00:00,-0.0005
2016-09-13 00:00:00+00:00,-0.014008220430618935
2016-09-14 00:00:00+00:00,-0.0005932458509079008
2016-09-15 00:00:00+00:00,0.010204635325598062
2016-09-16 00:00:00+00:00,-0.003607040777577681
2016-09-19 00:00:00+00:00,0.0002564216695001
2016-09-20 00:00:00+00:00,5.807810128774897e-05
2016-09-21 00:00:00+00:00,0.007375651613550286
2016-09-22 00:00:00+00:00,0.004174079498022476
2016-09-23 00:00:00+00:00,-0.0026283365191176454
2016-09-26 00:00:00+00:00,-0.005502980172225813
2016-09-27 00:00:00+00:00,0.004669308347847746
2016-09-28 00:00:00+00:00,0.003276756161187087
2016-09-29 00:00:00+00:00,-0.005948627311224926
2016-09-30 00:00:00+00:00,0.005195401900876964
2016-10-03 00:00:00+00:00,-0.0012636723562177285
2016-10-04 00:00:00+00:00,-0.0025554346684397425
2016-10-05 00:00:00+00:00,0.0032225061695163046
2016-10-06 00:00:00+00:00,0.0007386255818935756
2016-10-07 00:00:00+00:00,-0.0014065711764952857
2016-10-10 00:00:00+00:00,0.0033863956435371562
2016-10-11 00:00:00+00:00,-0.00804973512550932
2016-10-12 00:00:00+00:00,0.001195429528879016
2016-10-13 00:00:00+00:00,-0.002019655666535681
2016-10-14 00:00:00+00:00,0.0008290772373985044
2016-10-17 00:00:00+00:00,-0.0018894109021649255
2016-10-18 00:00:00+00:00,0.005383496389201277
2016-10-19 00:00:00+00:00,0.0019882144366563043
2016-10-20 00:00:00+00:00,-0.00012676557699916566
2016-10-21 00:00:00+00:00,0.0002903714640472288
2016-10-24 00:00:00+00:00,0.0033880827166044482
2016-10-25 00:00:00+00:00,-0.0026332215331358612
2016-10-26 00:00:00+00:00,-0.001229082647994354
2016-10-27 00:00:00+00:00,-0.002100036150530297
2016-10-28 00:00:00+00:00,-0.002050710509366783
2016-10-31 00:00:00+00:00,-0.0003991457709476371
2016-11-01 00:00:00+00:00,-0.004920083137274822
2016-11-02 00:00:00+00:00,-0.004818925841176509
2016-11-03 00:00:00+00:00,-0.003279667779743516
2016-11-04 00:00:00+00:00,-0.0011787528319565958
2016-11-07 00:00:00+00:00,0.016981774600169842
2016-11-08 00:00:00+00:00,0.003148108057698466
2016-11-09 00:00:00+00:00,0.008713150139615817
2016-11-10 00:00:00+00:00,0.0016046315660690658
2016-11-11 00:00:00+00:00,7.041613681894258e-05
2016-11-14 00:00:00+00:00,0.0008454947396487314
2016-11-15 00:00:00+00:00,0.0035446626418438646
2016-11-16 00:00:00+00:00,0.00014447016813738791
2016-11-17 00:00:00+00:00,0.0014565918932164651
2016-11-18 00:00:00+00:00,-0.0014718958482296419
2016-11-21 00:00:00+00:00,0.00508958691613348
2016-11-22 00:00:00+00:00,0.0013275299184414432
2016-11-23 00:00:00+00:00,0.0006600052666080629
2016-11-25 00:00:00+00:00,0.0022405318860038385
2016-11-28 00:00:00+00:00,-0.0026304397392095174
2016-11-29 00:00:00+00:00,0.0010420416725323294
2016-11-30 00:00:00+00:00,-0.001395692709207552
2016-12-01 00:00:00+00:00,-0.002033117858330832
2016-12-02 00:00:00+00:00,0.0006244174238686589
2016-12-05 00:00:00+00:00,0.004943629116496224
2016-12-06 00:00:00+00:00,0.002254693327185013
2016-12-07 00:00:00+00:00,0.0047955873060387625
2016-12-08 00:00:00+00:00,0.0006647632849103845
2016-12-09 00:00:00+00:00,0.0015963949659248227
2016-12-12 00:00:00+00:00,-0.00012197373059056505
2016-12-13 00:00:00+00:00,0.0015757467692799855
2016-12-14 00:00:00+00:00,-0.001749612781649996
2016-12-15 00:00:00+00:00,0.0010075930539703367
2016-12-16 00:00:00+00:00,-0.002558621692114015
2016-12-19 00:00:00+00:00,0.0018832677219084591
2016-12-20 00:00:00+00:00,0.002439647843812497
2016-12-21 00:00:00+00:00,-0.0013344865836638874
2016-12-22 00:00:00+00:00,-0.0009072496401635859
2016-12-23 00:00:00+00:00,0.0010297003235982248
2016-12-27 00:00:00+00:00,0.0018297575673404606
2016-12-28 00:00:00+00:00,-0.005757932634296277
2016-12-29 00:00:00+00:00,-0.0001935175890061552
2016-12-30 00:00:00+00:00,-0.0033608654140069054
2017-01-03 00:00:00+00:00,0.007150368089474489
2017-01-04 00:00:00+00:00,0.004600277796463182
2017-01-05 00:00:00+00:00,-0.00019849488826475736
2017-01-06 00:00:00+00:00,0.0026964332138095263
2017-01-09 00:00:00+00:00,-0.0016991927319571912
2017-01-10 00:00:00+00:00,0.00039273038847829726
2017-01-11 00:00:00+00:00,0.0021814456557125244
2017-01-12 00:00:00+00:00,-0.001151494611704123
2017-01-13 00:00:00+00:00,0.0016584199988639234
2017-01-17 00:00:00+00:00,-0.0016496040929336706
2017-01-18 00:00:00+00:00,0.001559626572784439
2017-01-19 00:00:00+00:00,-0.0022247310094232245
2017-01-20 00:00:00+00:00,0.0029525146443779363
2017-01-23 00:00:00+00:00,-0.001692014859921152
2017-01-24 00:00:00+00:00,0.004501651449863344
2017-01-25 00:00:00+00:00,0.0043911601959790245
2017-01-26 00:00:00+00:00,-0.0002110902850767998
2017-01-27 00:00:00+00:00,8.97018498686699e-05
2017-01-30 00:00:00+00:00,-0.0035270052822191584
2017-01-31 00:00:00+00:00,-0.00033120504556172946
2017-02-01 00:00:00+00:00,0.0007435946921464364
2017-02-02 00:00:00+00:00,0.0005759977007003133
2017-02-03 00:00:00+00:00,0.00483016957235175
2017-02-06 00:00:00+00:00,-0.0007371052044155154
2017-02-07 00:00:00+00:00,0.0003913706213573541
2017-02-08 00:00:00+00:00,0.0007837511449352685
2017-02-09 00:00:00+00:00,0.002861273219428844
2017-02-10 00:00:00+00:00,0.0013749434135252297
2017-02-13 00:00:00+00:00,0.001717171528663746
2017-02-14 00:00:00+00:00,0.001115266796457676
2017-02-15 00:00:00+00:00,0.0012388836081785525
2017-02-16 00:00:00+00:00,-0.0001428309816007444
2017-02-17 00:00:00+00:00,0.0025453255026189627
2017-02-21 00:00:00+00:00,0.003424478071360354
2017-02-22 00:00:00+00:00,-0.00048188570859067684
2017-02-23 00:00:00+00:00,0.0004606563568188105
2017-02-24 00:00:00+00:00,0.0012907482195772674
2017-02-27 00:00:00+00:00,0.00038514057778189954
2017-02-28 00:00:00+00:00,-0.001547985239594555
2017-03-01 00:00:00+00:00,0.006580322689540532
2017-03-02 00:00:00+00:00,-0.0016140468792268943
2017-03-03 00:00:00+00:00,0.0009663859369836425
2017-03-06 00:00:00+00:00,-0.0010370165053239034
2017-03-07 00:00:00+00:00,-0.0012045170649892627
2017-03-08 00:00:00+00:00,-0.0008606875480493305
2017-03-09 00:00:00+00:00,0.00034257720379671176
2017-03-10 00:00:00+00:00,0.001939873014588136
2017-03-13 00:00:00+00:00,0.0007209241354511581
2017-03-14 00:00:00+00:00,-0.001291329937101038
2017-03-15 00:00:00+00:00,0.0037727170432804618
2017-03-16 00:00:00+00:00,-0.00010396994510821937
2017-03-17 00:00:00+00:00,-0.0018057483091887573
2017-03-20 00:00:00+00:00,-0.0010412908350477005
2017-03-21 00:00:00+00:00,-0.00946678079158449
2017-03-22 00:00:00+00:00,0.001508594225670023
2017-03-23 00:00:00+00:00,-0.0009502909444922304
2017-03-24 00:00:00+00:00,-0.0004227252749385567
2017-03-27 00:00:00+00:00,-0.0005755886727926888
2017-03-28 00:00:00+00:00,0.006139147588076658
2017-03-29 00:00:00+00:00,0.0012910497254908317
2017-03-30 00:00:00+00:00,0.0024510058923147603
2017-03-31 00:00:00+00:00,-0.0016627930589174116
2017-04-03 00:00:00+00:00,-0.0010788777293746883
2017-04-04 00:00:00+00:00,0.0008748681536169041
2017-04-05 00:00:00+00:00,-0.002717791824043477
2017-04-06 00:00:00+00:00,0.0021647825832504177
2017-04-07 00:00:00+00:00,-0.0005751242008982759
2017-04-10 00:00:00+00:00,0.0008401419383402847
2017-04-11 00:00:00+00:00,-0.0011302343839137306
2017-04-12 00:00:00+00:00,-0.003476358767505774
2017-04-13 00:00:00+00:00,-0.0065101722062582325
2017-04-17 00:00:00+00:00,0.008459618714174461
2017-04-18 00:00:00+00:00,-0.002891179362639444
2017-04-19 00:00:00+00:00,-0.0015237729051007852
2017-04-20 00:00:00+00:00,0.007642566085864622
2017-04-21 00:00:00+00:00,-0.0028281689814018992
2017-04-24 00:00:00+00:00,0.008441083242925187
2017-04-25 00:00:00+00:00,0.003134554188800561
2017-04-26 00:00:00+00:00,-7.195753331812377e-05
2017-04-27 00:00:00+00:00,0.0005696511956301463
2017-04-28 00:00:00+00:00,-0.000753571680629533
2017-05-01 00:00:00+00:00,0.0011815044809342428
2017-05-02 00:00:00+00:00,0.0006067090779015647
2017-05-03 00:00:00+00:00,-0.00028323535854153463
2017-05-04 00:00:00+00:00,0.0003539404251929289
2017-05-05 00:00:00+00:00,0.0017980822039002533
2017-05-08 00:00:00+00:00,0.001061377388054092
2017-05-09 00:00:00+00:00,-0.00041936023880741164
2017-05-10 00:00:00+00:00,0.000764641190948675
2017-05-11 00:00:00+00:00,-0.000341737112620477
2017-05-12 00:00:00+00:00,3.411984821459387e-05
2017-05-15 00:00:00+00:00,0.0017785217279440064
2017-05-16 00:00:00+00:00,5.0004056581292946e-05
2017-05-17 00:00:00+00:00,-0.009180243264193578
2017-05-18 00:00:00+00:00,0.003561870848109443
2017-05-19 00:00:00+00:00,0.00502975592189137
2017-05-22 00:00:00+00:00,0.00391562753239299
2017-05-23 00:00:00+00:00,0.0011535986657466653
2017-05-24 00:00:00+00:00,0.0018364295075860909
2017-05-25 00:00:00+00:00,0.0021853787515414627
2017-05-26 00:00:00+00:00,0.0004972160191281402
2017-05-30 00:00:00+00:00,-0.00018088691178807663
2017-05-31 00:00:00+00:00,-0.00010051193616868499
2017-06-01 00:00:00+00:00,0.003217133881926028
2017-06-02 00:00:00+00:00,0.0017471884877441524
2017-06-05 00:00:00+00:00,-0.00033527266967230563
2017-06-06 00:00:00+00:00,-0.001014139294100114
2017-06-07 00:00:00+00:00,0.0009375223403568322
2017-06-08 00:00:00+00:00,0.0004301459318897698
2017-06-09 00:00:00+00:00,-0.00012725098031156638
2017-06-12 00:00:00+00:00,-0.00021068834707399346
2017-06-13 00:00:00+00:00,0.0018790699490383435
2017-06-14 00:00:00+00:00,-1.842599485072383e-05
2017-06-15 00:00:00+00:00,-0.0003857358889017738
2017-06-16 00:00:00+00:00,-0.00012233839890579302
2017-06-19 00:00:00+00:00,0.004517498711327776
2017-06-20 00:00:00+00:00,-0.00382598664677641
2017-06-21 00:00:00+00:00,-9.008315486811193e-05
2017-06-22 00:00:00+00:00,0.00014279097165449182
2017-06-23 00:00:00+00:00,0.0014037529045793106
2017-06-26 00:00:00+00:00,0.0005465995675257188
2017-06-27 00:00:00+00:00,-0.005414556188419408
2017-06-28 00:00:00+00:00,0.0060828127986862195
2017-06-29 00:00:00+00:00,-0.005714116879876871
2017-06-30 00:00:00+00:00,0.00140092592115781
2017-07-03 00:00:00+00:00,0.0020801653716212946
2017-07-05 00:00:00+00:00,0.0010936876075568697
2017-07-06 00:00:00+00:00,-0.006365146536217227
2017-07-07 00:00:00+00:00,0.0052619093112567395
2017-07-10 00:00:00+00:00,0.0010355250348953614
2017-07-11 00:00:00+00:00,-0.0002914717165033025
2017-07-12 00:00:00+00:00,0.00492433223726307
2017-07-13 00:00:00+00:00,0.0011308577376691177
2017-07-14 00:00:00+00:00,0.0022346854020473894
2017-07-17 00:00:00+00:00,0.00019412823250526865
2017-07-18 00:00:00+00:00,0.00039531918069793994
2017-07-19 00:00:00+00:00,0.0020453287586789087
2017-07-20 00:00:00+00:00,-0.00011831527722623103
2017-07-21 00:00:00+00:00,0.0017190549355112948
2017-07-24 00:00:00+00:00,-0.0004014812091368109
2017-07-25 00:00:00+00:00,0.00187540718854468
2017-07-26 00:00:00+00:00,0.00036314493005109205
2017-07-27 00:00:00+00:00,-0.0005478680105553104
2017-07-28 00:00:00+00:00,-0.0006736483752843372
2017-07-31 00:00:00+00:00,-0.00020395203957853988
2017-08-01 00:00:00+00:00,0.0019216338695111843
2017-08-02 00:00:00+00:00,0.0005974860276119029
2017-08-03 00:00:00+00:00,-0.0012492125330903956
2017-08-04 00:00:00+00:00,0.0015573497592770488
2017-08-07 00:00:00+00:00,0.001249716270467186
2017-08-08 00:00:00+00:00,-0.0015832734125222757
2017-08-09 00:00:00+00:00,-7.055517242490808e-05
2017-08-10 00:00:00+00:00,-0.0114026253688361
2017-08-11 00:00:00+00:00,0.0015875400366187277
2017-08-14 00:00:00+00:00,0.008715213488579374
2017-08-15 00:00:00+00:00,0.0002452495722622974
2017-08-16 00:00:00+00:00,0.0016313013434472085
2017-08-17 00:00:00+00:00,-0.014098062790218916
2017-08-18 00:00:00+00:00,-0.0013681327163976458
2017-08-21 00:00:00+00:00,0.001410098222629874
2017-08-22 00:00:00+00:00,0.006535598700840494
2017-08-23 00:00:00+00:00,-0.0018932390026147297
2017-08-24 00:00:00+00:00,-0.001099286745400625
2017-08-25 00:00:00+00:00,0.0017314594160159347
2017-08-28 00:00:00+00:00,0.0008161437168254205
2017-08-29 00:00:00+00:00,0.0006453631927552917
2017-08-30 00:00:00+00:00,0.0028691599966639836
2017-08-31 00:00:00+00:00,0.0028369918243586327
2017-09-01 00:00:00+00:00,0.0011609035292483249
2017-09-05 00:00:00+00:00,-0.003472973208156745
2017-09-06 00:00:00+00:00,0.002031763169741372
2017-09-07 00:00:00+00:00,0.00034373845188834397
2017-09-08 00:00:00+00:00,-0.0008311272882764099
2017-09-11 00:00:00+00:00,0.00457588126126327
2017-09-12 00:00:00+00:00,0.0007230173759756749
2017-09-13 00:00:00+00:00,0.00039947075280476
2017-09-14 00:00:00+00:00,-0.000347816041330161
2017-09-15 00:00:00+00:00,0.0014282021151754776
2017-09-18 00:00:00+00:00,0.0010260340454892138
2017-09-19 00:00:00+00:00,0.0006946771701648053
2017-09-20 00:00:00+00:00,0.0005594094068028419
2017-09-21 00:00:00+00:00,-0.0016188751324553322
2017-09-22 00:00:00+00:00,0.0006306059879992322
2017-09-25 00:00:00+00:00,-0.0013727143230989629
2017-09-26 00:00:00+00:00,0.00019340199263483755
2017-09-27 00:00:00+00:00,0.0025486965759170823
2017-09-28 00:00:00+00:00,0.0012063200132340192
2017-09-29 00:00:00+00:00,0.0022181865258347707
2017-10-02 00:00:00+00:00,0.0020770276693166667
2017-10-03 00:00:00+00:00,0.0009779346326841331
2017-10-04 00:00:00+00:00,0.0005489133700860264
2017-10-05 00:00:00+00:00,0.0022798926824699976
2017-10-06 00:00:00+00:00,2.5754913720087044e-05
2017-10-09 00:00:00+00:00,-0.0006743468031743152
2017-10-10 00:00:00+00:00,0.0007815595316496646
2017-10-11 00:00:00+00:00,0.0009317500945581185
2017-10-12 00:00:00+00:00,-0.0003527105721175516
2017-10-13 00:00:00+00:00,0.00029933898100760307
2017-10-16 00:00:00+00:00,0.000698828360232511
2017-10-17 00:00:00+00:00,0.00029850688019865477
2017-10-18 00:00:00+00:00,0.00026608150828492645
2017-10-19 00:00:00+00:00,0.00013732341652580903
2017-10-20 00:00:00+00:00,0.0016546811597638066
2017-10-23 00:00:00+00:00,-0.0027729910789038893
2017-10-24 00:00:00+00:00,0.0010542559337946547
2017-10-25 00:00:00+00:00,-0.0032908705451651196
2017-10-26 00:00:00+00:00,0.001004649581155897
2017-10-27 00:00:00+00:00,0.005735931972410929
2017-10-30 00:00:00+00:00,-0.0017496787208581617
2017-10-31 00:00:00+00:00,0.0007641425891102068
2017-11-01 00:00:00+00:00,0.001016590729733072
2017-11-02 00:00:00+00:00,0.00033416415217249874
2017-11-03 00:00:00+00:00,0.0022942744838761863
2017-11-06 00:00:00+00:00,0.0010554273739700197
2017-11-07 00:00:00+00:00,-0.00012203370326690675
2017-11-08 00:00:00+00:00,0.0010103068200776912
2017-11-09 00:00:00+00:00,-0.0020775765267870274
2017-11-10 00:00:00+00:00,-4.2725162300684335e-05
2017-11-13 00:00:00+00:00,0.0010780147219519249
2017-11-14 00:00:00+00:00,-0.0009618148466916136
2017-11-15 00:00:00+00:00,-0.0033496195345978142
2017-11-16 00:00:00+00:00,0.005965445361024139
2017-11-17 00:00:00+00:00,-0.0010561420375128
2017-11-20 00:00:00+00:00,0.0013041414133934657
2017-11-21 00:00:00+00:00,0.004208014729008939
2017-11-22 00:00:00+00:00,-0.00023784070193991539
2017-11-24 00:00:00+00:00,0.0012704105394329547
2017-11-27 00:00:00+00:00,7.530061719028839e-05
2017-11-28 00:00:00+00:00,0.004126346873773848
2017-11-29 00:00:00+00:00,-0.00021342382750241156
2017-11-30 00:00:00+00:00,0.0027084050380037886
2017-12-01 00:00:00+00:00,-0.0006320505221290284
2017-12-04 00:00:00+00:00,-7.242882716044873e-05
2017-12-05 00:00:00+00:00,-0.0007259496521761524
2017-12-06 00:00:00+00:00,0.00032626582419700015
2017-12-07 00:00:00+00:00,0.0014488585996365608
2017-12-08 00:00:00+00:00,0.0018705608032919528
2017-12-11 00:00:00+00:00,0.0008698000336721046
2017-12-12 00:00:00+00:00,0.0002683819822137663
2017-12-13 00:00:00+00:00,-0.00015953814612525076
2017-12-14 00:00:00+00:00,-0.0006030028448976456
2017-12-15 00:00:00+00:00,0.0037397504622328237
2017-12-18 00:00:00+00:00,0.002573606325686762
2017-12-19 00:00:00+00:00,-0.0017129613411548956
2017-12-20 00:00:00+00:00,2.2415878750116965e-05
2017-12-21 00:00:00+00:00,0.0011780529274859658
2017-12-22 00:00:00+00:00,-0.00020616830027084173
2017-12-26 00:00:00+00:00,-0.0003601497786852119
2017-12-27 00:00:00+00:00,0.0008562709017699002
2017-12-28 00:00:00+00:00,0.0016112965724026408
2017-12-29 00:00:00+00:00,-0.003006231098243571
2018-01-02 00:00:00+00:00,0.005342088539550333
2018-01-03 00:00:00+00:00,0.002922459656859674
2018-01-04 00:00:00+00:00,0.0015633273692144032
2018-01-05 00:00:00+00:00,0.0023075893116823983
2018-01-08 00:00:00+00:00,0.0006914441863941061
2018-01-09 00:00:00+00:00,6.085025024117754e-05
2018-01-10 00:00:00+00:00,0.00016957736699971005
2018-01-11 00:00:00+00:00,0.001737740063241765
2018-01-12 00:00:00+00:00,0.0014089342664171931
2018-01-16 00:00:00+00:00,-0.0008450328248218613
2018-01-17 00:00:00+00:00,0.002210130709970088
2018-01-18 00:00:00+00:00,-0.00043425049607861846
2018-01-19 00:00:00+00:00,0.001310098954346978
2018-01-22 00:00:00+00:00,0.004327911578073666
2018-01-23 00:00:00+00:00,0.0010953898168778054
2018-01-24 00:00:00+00:00,-0.0005879068094819459
2018-01-25 00:00:00+00:00,0.0005006124621075754
2018-01-26 00:00:00+00:00,0.005148056329363543
2018-01-29 00:00:00+00:00,-0.0036263503230811235
2018-01-30 00:00:00+00:00,-0.005323334588272194
2018-01-31 00:00:00+00:00,0.0009702879172712251
2018-02-01 00:00:00+00:00,0.000221840569025337
2018-02-02 00:00:00+00:00,-0.014809520150578572
2018-02-05 00:00:00+00:00,-0.03517967794945036
2018-02-06 00:00:00+00:00,0.013675135895855473
2018-02-07 00:00:00+00:00,-0.0037350950627169405
2018-02-08 00:00:00+00:00,-0.03198719363448747
2018-02-09 00:00:00+00:00,0.012290227546891892
2018-02-12 00:00:00+00:00,0.01154326723930961
2018-02-13 00:00:00+00:00,0.0023192619858710627
2018-02-14 00:00:00+00:00,0.012446610976202865
2018-02-15 00:00:00+00:00,0.012077246076411838
2018-02-16 00:00:00+00:00,0.0006642835459451712
2018-02-20 00:00:00+00:00,-0.0033914096285434132
2018-02-21 00:00:00+00:00,-0.0037924493119958964
2018-02-22 00:00:00+00:00,0.0013835358897833052
2018-02-23 00:00:00+00:00,0.011951078075116799
2018-02-26 00:00:00+00:00,0.006626572744180928
2018-02-27 00:00:00+00:00,-0.00766553362292864
2018-02-28 00:00:00+00:00,-0.007001287508410176
2018-03-01 00:00:00+00:00,-0.010333611444013974
2018-03-02 00:00:00+00:00,0.004677999808833982
2018-03-05 00:00:00+00:00,0.008842254777925383
2018-03-06 00:00:00+00:00,0.0024867007960519792
2018-03-07 00:00:00+00:00,9.439928017312529e-05
2018-03-08 00:00:00+00:00,0.0037160726543477842
2018-03-09 00:00:00+00:00,0.010376173450455247
2018-03-12 00:00:00+00:00,-0.0002651737097626841
2018-03-13 00:00:00+00:00,-0.002349524244135031
2018-03-14 00:00:00+00:00,-0.0029114138697429754
2018-03-15 00:00:00+00:00,0.0005574907975716679
2018-03-16 00:00:00+00:00,0.0016283488758067467
2018-03-19 00:00:00+00:00,-0.010204341984357173
2018-03-20 00:00:00+00:00,0.001201172526233718
2018-03-21 00:00:00+00:00,-0.0009277243995341499
2018-03-22 00:00:00+00:00,-0.020874242516373955
2018-03-23 00:00:00+00:00,-0.01739920972871038
2018-03-26 00:00:00+00:00,0.022332573580858342
2018-03-27 00:00:00+00:00,-0.01461265670609665
2018-03-28 00:00:00+00:00,-0.0023731465967692703
2018-03-29 00:00:00+00:00,0.011488193942898243
2018-04-02 00:00:00+00:00,-0.019028010312265756
2018-04-03 00:00:00+00:00,0.010948254799006575
2018-04-04 00:00:00+00:00,0.010117026631862019
2018-04-05 00:00:00+00:00,0.006226650518806743
2018-04-06 00:00:00+00:00,-0.019345419530903823
2018-04-09 00:00:00+00:00,0.0030822496745249563
2018-04-10 00:00:00+00:00,0.01467405047579649
2018-04-11 00:00:00+00:00,-0.005201253905920517
2018-04-12 00:00:00+00:00,0.007852308724200419
2018-04-13 00:00:00+00:00,-0.002818764783128984
2018-04-16 00:00:00+00:00,0.007704282274808617
2018-04-17 00:00:00+00:00,0.010304094066521614
2018-04-18 00:00:00+00:00,0.0009071201118462536
2018-04-19 00:00:00+00:00,-0.005661971935147162
2018-04-20 00:00:00+00:00,-0.0066483210461683265
2018-04-23 00:00:00+00:00,0.0004521152204645239
2018-04-24 00:00:00+00:00,-0.00981274218587164
2018-04-25 00:00:00+00:00,0.0015029232576015002
2018-04-26 00:00:00+00:00,0.008014300224161077
2018-04-27 00:00:00+00:00,0.0015211248112658687
2018-04-30 00:00:00+00:00,-0.005492032694406788
2018-05-01 00:00:00+00:00,0.0021621059588468696
2018-05-02 00:00:00+00:00,-0.005508116530174318
2018-05-03 00:00:00+00:00,-0.0015111752175638398
2018-05-04 00:00:00+00:00,0.010823606875532351
2018-05-07 00:00:00+00:00,0.002694023112115538
2018-05-08 00:00:00+00:00,0.00034668420125567054
2018-05-09 00:00:00+00:00,0.007077680547579486
2018-05-10 00:00:00+00:00,0.0053031558916517675
2018-05-11 00:00:00+00:00,0.001302999540083055
2018-05-14 00:00:00+00:00,0.000672076861837644
2018-05-15 00:00:00+00:00,-0.002755479280768426
2018-05-16 00:00:00+00:00,0.0025688084280574663
2018-05-17 00:00:00+00:00,0.00024600109592231103
2018-05-18 00:00:00+00:00,-0.0012581718100809634
2018-05-21 00:00:00+00:00,0.004792104759339569
2018-05-22 00:00:00+00:00,-0.0016184766860575413
2018-05-23 00:00:00+00:00,0.002514601511698452
2018-05-24 00:00:00+00:00,-0.0007220654161949986
2018-05-25 00:00:00+00:00,-0.0013717960173362349
2018-05-29 00:00:00+00:00,-0.008489124079906535
2018-05-30 00:00:00+00:00,0.00956826648275278
2018-05-31 00:00:00+00:00,-0.004148524288920423
2018-06-01 00:00:00+00:00,0.0074188249544381414
2018-06-04 00:00:00+00:00,0.0027625231423029977
2018-06-05 00:00:00+00:00,0.0006022576208184016
2018-06-06 00:00:00+00:00,0.003742060394549924
2018-06-07 00:00:00+00:00,-0.00013609069833623127
2018-06-08 00:00:00+00:00,0.0013376986753383584
2018-06-11 00:00:00+00:00,0.0004540694033664431
2018-06-12 00:00:00+00:00,0.000947444614360997
2018-06-13 00:00:00+00:00,-0.0008530035049288831
2018-06-14 00:00:00+00:00,0.0009559558625672961
2018-06-15 00:00:00+00:00,7.904236147979069e-05
2018-06-18 00:00:00+00:00,-0.0008242168646711803
2018-06-19 00:00:00+00:00,-0.0027315423119061138
2018-06-20 00:00:00+00:00,0.0014522122657546375
2018-06-21 00:00:00+00:00,-0.004563932638991596
2018-06-22 00:00:00+00:00,0.0016695867400103644
2018-06-25 00:00:00+00:00,-0.010721202593849219
2018-06-26 00:00:00+00:00,0.0018790838608895208
2018-06-27 00:00:00+00:00,-0.007404129482645394
2018-06-28 00:00:00+00:00,0.005475101792188989
2018-06-29 00:00:00+00:00,0.0011411948391028533
2018-07-02 00:00:00+00:00,0.0026266408671543015
2018-07-03 00:00:00+00:00,-0.00413146195219828
2018-07-05 00:00:00+00:00,0.007703812309851424
2018-07-06 00:00:00+00:00,0.007237756663486194
2018-07-09 00:00:00+00:00,0.0068726699940171955
2018-07-10 00:00:00+00:00,0.00227797476142584
2018-07-11 00:00:00+00:00,-0.004358485804651007
2018-07-12 00:00:00+00:00,0.00574254104813595
2018-07-13 00:00:00+00:00,0.0009159082473095313
2018-07-16 00:00:00+00:00,-9.717103989952759e-05
2018-07-17 00:00:00+00:00,0.0020705398349801854
2018-07-18 00:00:00+00:00,0.001195155366716431
2018-07-19 00:00:00+00:00,-0.0012562435033801021
2018-07-20 00:00:00+00:00,-7.685681813373238e-05
2018-07-23 00:00:00+00:00,0.0015549082918046126
2018-07-24 00:00:00+00:00,0.002887157010841624
2018-07-25 00:00:00+00:00,0.004582093291921744
2018-07-26 00:00:00+00:00,-0.0012854165806446224
2018-07-27 00:00:00+00:00,-0.0031731519430392846
2018-07-30 00:00:00+00:00,-0.0035392093090866163
2018-07-31 00:00:00+00:00,0.003617366110947249
2018-08-01 00:00:00+00:00,-0.00043744476066233227
2018-08-02 00:00:00+00:00,0.0034373583937051073
2018-08-03 00:00:00+00:00,0.0029155436281915127
2018-08-06 00:00:00+00:00,0.0019196069238718344
2018-08-07 00:00:00+00:00,0.0012717475064992624
2018-08-08 00:00:00+00:00,0.0002752062007669121
2018-08-09 00:00:00+00:00,-0.00022916561771874443
2018-08-10 00:00:00+00:00,-0.0033570947376417547
2018-08-13 00:00:00+00:00,-0.001886042694687534
2018-08-14 00:00:00+00:00,0.004084751403976048
2018-08-15 00:00:00+00:00,-0.0034698535899636953
2018-08-16 00:00:00+00:00,0.004488101261443691
2018-08-17 00:00:00+00:00,0.0029519309916810764
2018-08-20 00:00:00+00:00,0.0017175194770506648
2018-08-21 00:00:00+00:00,0.001169599534946985
2018-08-22 00:00:00+00:00,0.0001478439604023445
2018-08-23 00:00:00+00:00,-0.0008316865881622463
2018-08-24 00:00:00+00:00,0.0034251913065702867
2018-08-27 00:00:00+00:00,0.0037364156459884466
2018-08-28 00:00:00+00:00,8.642444585187916e-05
2018-08-29 00:00:00+00:00,0.0023480547282229373
2018-08-30 00:00:00+00:00,-0.0019159783253399005
2018-08-31 00:00:00+00:00,0.0006483328759847339
2018-09-04 00:00:00+00:00,-0.00033624954998175014
2018-09-05 00:00:00+00:00,-0.0010024398057215875
2018-09-06 00:00:00+00:00,-0.0016821613021927697
2018-09-07 00:00:00+00:00,-0.000608199683970203
2018-09-10 00:00:00+00:00,0.001780129053675718
2018-09-11 00:00:00+00:00,0.0022306494960828765
2018-09-12 00:00:00+00:00,0.000505731210975494
2018-09-13 00:00:00+00:00,0.0023200935281864135
2018-09-14 00:00:00+00:00,0.0002755145420611807
2018-09-17 00:00:00+00:00,-0.0019702197317567447
2018-09-18 00:00:00+00:00,0.0021424488086950475
2018-09-19 00:00:00+00:00,0.0005832661615679453
2018-09-20 00:00:00+00:00,0.001872697964861039
2018-09-21 00:00:00+00:00,-0.001838517442292661
2018-09-24 00:00:00+00:00,-0.002164563006454863
2018-09-25 00:00:00+00:00,-0.0008352452692321793
2018-09-26 00:00:00+00:00,-0.0023700114460712745
2018-09-27 00:00:00+00:00,0.0025392775345064026
2018-09-28 00:00:00+00:00,0.0002527159429525861
2018-10-01 00:00:00+00:00,0.0029741480682715492
2018-10-02 00:00:00+00:00,-0.0001549744672241366
2018-10-03 00:00:00+00:00,0.0006203416868918932
2018-10-04 00:00:00+00:00,-0.006480179407091293
2018-10-05 00:00:00+00:00,-0.004416351723201147
2018-10-08 00:00:00+00:00,-9.04860570573163e-05
2018-10-09 00:00:00+00:00,-0.001056941234990048
2018-10-10 00:00:00+00:00,-0.030077865551629442
2018-10-11 00:00:00+00:00,-0.018031398020212582
2018-10-12 00:00:00+00:00,0.011445028413830195
2018-10-15 00:00:00+00:00,-0.005383171103801725
2018-10-16 00:00:00+00:00,0.018916325668997057
2018-10-17 00:00:00+00:00,-0.0003433395364694432
2018-10-18 00:00:00+00:00,-0.01328560795808376
2018-10-19 00:00:00+00:00,-0.00018243880120972345
2018-10-22 00:00:00+00:00,-0.002322033105453385
2018-10-23 00:00:00+00:00,-0.004243767874596265
2018-10-24 00:00:00+00:00,-0.02517046376627488
2018-10-25 00:00:00+00:00,0.015180165659210479
2018-10-26 00:00:00+00:00,-0.014313098998408469
2018-10-29 00:00:00+00:00,-0.005180696886922655
2018-10-30 00:00:00+00:00,0.013138282185600404
2018-10-31 00:00:00+00:00,0.00935440063089193
2018-11-01 00:00:00+00:00,0.009243922570414684
2018-11-02 00:00:00+00:00,-0.004946645975533374
2018-11-05 00:00:00+00:00,0.005088467851351005
2018-11-06 00:00:00+00:00,0.005089143828948201
2018-11-07 00:00:00+00:00,0.016201925442205792
2018-11-08 00:00:00+00:00,-0.0006456504263160315
2018-11-09 00:00:00+00:00,-0.005936645400537068
2018-11-12 00:00:00+00:00,-0.016814205898995984
2018-11-13 00:00:00+00:00,-0.0014740142369319958
2018-11-14 00:00:00+00:00,-0.007039942009926942
2018-11-15 00:00:00+00:00,0.01044500256950032
2018-11-16 00:00:00+00:00,0.0006223404915434836
2018-11-19 00:00:00+00:00,-0.010810807652081238
2018-11-20 00:00:00+00:00,-0.01327575331354154
2018-11-21 00:00:00+00:00,0.002856895102908719
2018-11-23 00:00:00+00:00,-0.00509071436173404
2018-11-26 00:00:00+00:00,0.013045181331601898
2018-11-27 00:00:00+00:00,0.0023067432498963657
2018-11-28 00:00:00+00:00,0.015012368797326384
2018-11-29 00:00:00+00:00,-0.0011141415476398494
2018-11-30 00:00:00+00:00,0.00495668112224339
2018-12-04 00:00:00+00:00,-0.013320375175043633
2018-12-06 00:00:00+00:00,-7.110577193039247e-05
2018-12-07 00:00:00+00:00,-0.01835345172052085
2018-12-10 00:00:00+00:00,0.0018905960245873751
2018-12-11 00:00:00+00:00,-0.00012479193563153364
2018-12-12 00:00:00+00:00,0.0047352881264531846
2018-12-13 00:00:00+00:00,-1.9510896919583642e-07
2018-12-14 00:00:00+00:00,-0.0171251730850559
2018-12-17 00:00:00+00:00,-0.018187942099306135
2018-12-18 00:00:00+00:00,0.00023552627065966607
2018-12-19 00:00:00+00:00,-0.012849954818894225
2018-12-20 00:00:00+00:00,-0.012703505603419556
2018-12-21 00:00:00+00:00,-0.015328730920750048
2018-12-24 00:00:00+00:00,-0.020415566247046667
2018-12-26 00:00:00+00:00,0.034967907411764726
2018-12-27 00:00:00+00:00,0.004794083716705798
2018-12-28 00:00:00+00:00,0.0010330008722361072
2018-12-31 00:00:00+00:00,0.0070114677752851785
2019-01-02 00:00:00+00:00,0.003665072670358321
2019-01-03 00:00:00+00:00,-0.016009413928879838
2019-01-04 00:00:00+00:00,0.02233306460011344
2019-01-07 00:00:00+00:00,0.004241641315106096
2019-01-08 00:00:00+00:00,0.004735655182759632
2019-01-09 00:00:00+00:00,0.002216217300355476
2019-01-10 00:00:00+00:00,0.0022157890031868866
2019-01-11 00:00:00+00:00,0.0007521264423591772
2019-01-14 00:00:00+00:00,-0.0007609536367566491
2019-01-15 00:00:00+00:00,0.0027305285021043163
2019-01-16 00:00:00+00:00,0.0007178044776663403
2019-01-17 00:00:00+00:00,0.0017603560266413962
2019-01-18 00:00:00+00:00,0.00544402315229889
2019-01-22 00:00:00+00:00,-0.009485361086963353
2019-01-23 00:00:00+00:00,0.0017378540805452892
2019-01-24 00:00:00+00:00,0.0018850683603946167
2019-01-25 00:00:00+00:00,0.005870968252910547
2019-01-28 00:00:00+00:00,-0.005142728052307369
2019-01-29 00:00:00+00:00,-0.000960061195426204
2019-01-30 00:00:00+00:00,0.010720418409581274
2019-01-31 00:00:00+00:00,0.005528079794980375
2019-02-01 00:00:00+00:00,0.0014510579011872099
2019-02-04 00:00:00+00:00,0.004124270767268897
2019-02-05 00:00:00+00:00,0.002032263479157811
2019-02-06 00:00:00+00:00,-0.0005552516256612683
2019-02-07 00:00:00+00:00,-0.003730213777169204
2019-02-08 00:00:00+00:00,0.0010360340748193533
2019-02-11 00:00:00+00:00,0.0009212983947087397
2019-02-12 00:00:00+00:00,0.0049033755150770355
2019-02-13 00:00:00+00:00,0.0010771071412697694
2019-02-14 00:00:00+00:00,-5.5623248049793216e-05
2019-02-15 00:00:00+00:00,0.003132701724423333
2019-02-19 00:00:00+00:00,0.0015882457588018532
2019-02-20 00:00:00+00:00,0.0017372580913029608
2019-02-21 00:00:00+00:00,-0.0018400297433344192
2019-02-22 00:00:00+00:00,0.0041743131626555685
2019-02-25 00:00:00+00:00,0.000896951338076424
2019-02-26 00:00:00+00:00,-0.0002637312734090482
2019-02-27 00:00:00+00:00,0.00027484019230496166
2019-02-28 00:00:00+00:00,-0.0012355288229304886
2019-03-01 00:00:00+00:00,0.00463188069404904
2019-03-04 00:00:00+00:00,-0.0018587899128647933
2019-03-05 00:00:00+00:00,-0.00019413662561023264
2019-03-06 00:00:00+00:00,-0.003963697660601994
2019-03-07 00:00:00+00:00,-0.005640067023396632
2019-03-08 00:00:00+00:00,-0.0009264384817135059
2019-03-11 00:00:00+00:00,0.011320899453420775
2019-03-12 00:00:00+00:00,0.002053830312222815
2019-03-13 00:00:00+00:00,0.0037896039229549025
2019-03-14 00:00:00+00:00,0.00027003595598263486
2019-03-15 00:00:00+00:00,0.004007947579481351
2019-03-18 00:00:00+00:00,0.002047585014604575
2019-03-19 00:00:00+00:00,-0.00028722027217056265
2019-03-20 00:00:00+00:00,-0.0015644340527950942
2019-03-21 00:00:00+00:00,0.005647449263307666
2019-03-22 00:00:00+00:00,-0.012245572688263599
2019-03-25 00:00:00+00:00,0.00027434696811143625
2019-03-26 00:00:00+00:00,0.0056060910217536905
2019-03-27 00:00:00+00:00,-0.002842208861417222
2019-03-28 00:00:00+00:00,0.0031336349807025168
2019-03-29 00:00:00+00:00,0.004882660836122314
2019-04-01 00:00:00+00:00,0.006448314719335577
2019-04-02 00:00:00+00:00,0.0004254895146568014
2019-04-03 00:00:00+00:00,0.0009548714327448762
2019-04-04 00:00:00+00:00,0.0013098806134758962
2019-04-05 00:00:00+00:00,0.0021851612466684584
2019-04-08 00:00:00+00:00,0.0007813023020016132
2019-04-09 00:00:00+00:00,-0.002177742425728972
2019-04-10 00:00:00+00:00,0.0017833779370565136
2019-04-11 00:00:00+00:00,0.00044475213076762164
2019-04-12 00:00:00+00:00,0.0019513735881581716
2019-04-15 00:00:00+00:00,0.00015084709197101242
2019-04-16 00:00:00+00:00,0.00012038989633209053
2019-04-17 00:00:00+00:00,-0.00019201190651235966
2019-04-18 00:00:00+00:00,0.00011102604647727891
2019-04-22 00:00:00+00:00,0.0011426199958360062
2019-04-23 00:00:00+00:00,0.004772862353086633
2019-04-24 00:00:00+00:00,-0.0013372486224763115
2019-04-25 00:00:00+00:00,0.00011681721842820844
2019-04-26 00:00:00+00:00,0.002736506083809075
2019-04-29 00:00:00+00:00,0.000766385282371776
2019-04-30 00:00:00+00:00,0.0004250766979920663
2019-05-01 00:00:00+00:00,-0.003777691854465521
2019-05-02 00:00:00+00:00,-0.0007604650907126235
2019-05-03 00:00:00+00:00,0.005701709557386131
2019-05-06 00:00:00+00:00,-0.002729294629286284
2019-05-07 00:00:00+00:00,-0.011741358263268505
2019-05-08 00:00:00+00:00,-0.0007482655608388178
2019-05-09 00:00:00+00:00,-0.0015424671798908293
2019-05-10 00:00:00+00:00,0.0045526868185302655
2019-05-13 00:00:00+00:00,-0.02077400885358065
2019-05-14 00:00:00+00:00,0.007710649637158505
2019-05-15 00:00:00+00:00,0.006078072128153722
2019-05-16 00:00:00+00:00,0.008960710269558206
2019-05-17 00:00:00+00:00,-0.005605736213083426
2019-05-20 00:00:00+00:00,-0.004266986611282749
2019-05-21 00:00:00+00:00,0.006368121599447037
2019-05-22 00:00:00+00:00,-0.0014709270821962332
2019-05-23 00:00:00+00:00,-0.0092157930364664
2019-05-24 00:00:00+00:00,0.0015319457911156828
2019-05-28 00:00:00+00:00,-0.0065381816161253865
2019-05-29 00:00:00+00:00,-0.005690124086778709
2019-05-30 00:00:00+00:00,0.0018434425585925852
2019-05-31 00:00:00+00:00,-0.011346051619360606
2019-06-03 00:00:00+00:00,-0.002661609851614879
2019-06-04 00:00:00+00:00,0.019066744613999667
2019-06-05 00:00:00+00:00,0.007197799609031944
2019-06-06 00:00:00+00:00,0.0052864821726560825
2019-06-07 00:00:00+00:00,0.00812073016568167
2019-06-10 00:00:00+00:00,0.003356253416325858
2019-06-11 00:00:00+00:00,0.00017522404905902217
2019-06-12 00:00:00+00:00,-0.0007431423747984091
2019-06-13 00:00:00+00:00,0.003310246413872838
2019-06-14 00:00:00+00:00,-0.0003003485420497806
2019-06-17 00:00:00+00:00,0.001327697414512441
2019-06-18 00:00:00+00:00,0.005439259388564507
2019-06-19 00:00:00+00:00,0.002494612515657312
2019-06-20 00:00:00+00:00,0.0036201163597672807
2019-06-21 00:00:00+00:00,-0.0008642090386409844
2019-06-24 00:00:00+00:00,-0.0005864494694681668
2019-06-25 00:00:00+00:00,-0.006444700841329104
2019-06-26 00:00:00+00:00,-0.0005524954427176764
2019-06-27 00:00:00+00:00,0.0031235266521234366
2019-06-28 00:00:00+00:00,0.004323479078852658
2019-07-01 00:00:00+00:00,0.006687232648554559
2019-07-02 00:00:00+00:00,0.0026382496919812298
2019-07-03 00:00:00+00:00,0.004400723362533507
2019-07-08 00:00:00+00:00,-0.002548548026818337
2019-07-09 00:00:00+00:00,0.0009906198576682785
2019-07-10 00:00:00+00:00,0.0027603562108858472
2019-07-11 00:00:00+00:00,0.0013300970582167968
2019-07-12 00:00:00+00:00,0.0020936518686365006
2019-07-15 00:00:00+00:00,0.00045349122603772715
2019-07-16 00:00:00+00:00,-0.000957416332201937
2019-07-17 00:00:00+00:00,-0.002651067751813416
2019-07-18 00:00:00+00:00,0.002098224850693156
2019-07-19 00:00:00+00:00,-0.003759485302791514
2019-07-22 00:00:00+00:00,0.002606694955965577
2019-07-23 00:00:00+00:00,0.004682793900570978
2019-07-24 00:00:00+00:00,0.002940122505718334
2019-07-25 00:00:00+00:00,-0.003188034728777759
2019-07-26 00:00:00+00:00,0.004667523741707671
2019-07-29 00:00:00+00:00,-0.0004148943547775801
2019-07-30 00:00:00+00:00,-0.002089859642749388
2019-07-31 00:00:00+00:00,-0.007173595028042763
2019-08-01 00:00:00+00:00,-0.006949252866971601
2019-08-02 00:00:00+00:00,-0.005479730800074544
2019-08-05 00:00:00+00:00,-0.0263772008541383
2019-08-06 00:00:00+00:00,0.011454344033815664
2019-08-07 00:00:00+00:00,0.0006627588707572125
2019-08-08 00:00:00+00:00,0.017488711012929682
2019-08-09 00:00:00+00:00,-0.00603662030963449
2019-08-12 00:00:00+00:00,-0.011457464462069787
2019-08-13 00:00:00+00:00,0.01417949798000907
2019-08-14 00:00:00+00:00,-0.027449747345495358
2019-08-15 00:00:00+00:00,0.0013038566732020318
2019-08-16 00:00:00+00:00,0.012814387340159194
2019-08-19 00:00:00+00:00,0.008364952297896591
2019-08-20 00:00:00+00:00,-0.004431339324749676
2019-08-21 00:00:00+00:00,0.005349041838729718
2019-08-22 00:00:00+00:00,-0.00037734827079179237
2019-08-23 00:00:00+00:00,-0.017106544512919108
2019-08-26 00:00:00+00:00,0.00810917833699972
2019-08-27 00:00:00+00:00,-0.0020371135943414572
2019-08-28 00:00:00+00:00,0.0048294824741122455
2019-08-29 00:00:00+00:00,0.008077199178413083
2019-08-30 00:00:00+00:00,0.00047097445020886935
2019-09-03 00:00:00+00:00,-0.0031848721759503026
2019-09-04 00:00:00+00:00,0.007015369345676888
2019-09-05 00:00:00+00:00,0.006804690568982638
2019-09-06 00:00:00+00:00,0.0010702806577527332
2019-09-09 00:00:00+00:00,0.0005554422826084182
2019-09-10 00:00:00+00:00,0.000716664363193733
2019-09-11 00:00:00+00:00,0.002414429212513468
2019-09-12 00:00:00+00:00,0.0008659920489061366
2019-09-13 00:00:00+00:00,0.0003374855793481852
2019-09-16 00:00:00+00:00,-0.0006394278423679611
2019-09-17 00:00:00+00:00,0.000946050328429969
2019-09-18 00:00:00+00:00,0.00021454038564406263
2019-09-19 00:00:00+00:00,0.00034218772057985645
2019-09-20 00:00:00+00:00,-0.005122926169678561
2019-09-23 00:00:00+00:00,0.0006759852351725719
2019-09-24 00:00:00+00:00,-0.006394736700662123
2019-09-25 00:00:00+00:00,0.004980107546946583
2019-09-26 00:00:00+00:00,-0.001578023224159626
2019-09-27 00:00:00+00:00,-0.004096145990552462
2019-09-30 00:00:00+00:00,0.0046475833622335785
2019-10-01 00:00:00+00:00,-0.00993023204132153
2019-10-02 00:00:00+00:00,-0.015795533854991425
2019-10-03 00:00:00+00:00,0.00736970228987513
2019-10-04 00:00:00+00:00,0.012486180402879288
2019-10-07 00:00:00+00:00,-0.003700560302915945
2019-10-08 00:00:00+00:00,-0.014173786433915887
2019-10-09 00:00:00+00:00,0.008327382232908959
2019-10-10 00:00:00+00:00,0.005950744944414835
2019-10-11 00:00:00+00:00,0.00989243584748853
2019-10-14 00:00:00+00:00,-0.00043148412073527854
2019-10-15 00:00:00+00:00,0.009170683374712451
2019-10-16 00:00:00+00:00,-0.001272999883917314
2019-10-17 00:00:00+00:00,0.0029045407669698645
2019-10-18 00:00:00+00:00,-0.003153588943573071
2019-10-21 00:00:00+00:00,0.004785342221900869
2019-10-22 00:00:00+00:00,-0.00208328752326643
2019-10-23 00:00:00+00:00,0.002170312152414148
2019-10-24 00:00:00+00:00,0.001696897698881331
2019-10-25 00:00:00+00:00,0.0028664165073619442
2019-10-28 00:00:00+00:00,0.0028279298538694893
2019-10-29 00:00:00+00:00,-0.00037542801123289723
2019-10-30 00:00:00+00:00,0.0021823158426568256
2019-10-31 00:00:00+00:00,-0.001377640492196859
2019-11-01 00:00:00+00:00,0.004545669244036399
2019-11-04 00:00:00+00:00,0.001455507770251418
2019-11-05 00:00:00+00:00,-0.00021771779485820416
2019-11-06 00:00:00+00:00,0.000838443413942565
2019-11-07 00:00:00+00:00,0.0010626946853792047
2019-11-08 00:00:00+00:00,0.0011072193688455708
2019-11-11 00:00:00+00:00,-0.0003773323469102395
2019-11-12 00:00:00+00:00,0.000375436745743812
2019-11-13 00:00:00+00:00,0.00021827594627712145
2019-11-14 00:00:00+00:00,0.0002301799948331045
2019-11-15 00:00:00+00:00,0.00342185646319499
2019-11-18 00:00:00+00:00,0.000541232519121402
2019-11-19 00:00:00+00:00,-0.0003109591091425151
2019-11-20 00:00:00+00:00,-0.0017854727996634062
2019-11-21 00:00:00+00:00,-0.0010761900207673942
2019-11-22 00:00:00+00:00,0.001840099492984694
2019-11-25 00:00:00+00:00,0.005079825860552058
2019-11-26 00:00:00+00:00,0.0015637293753384
2019-11-27 00:00:00+00:00,0.0019835486273430043
2019-11-29 00:00:00+00:00,-0.0019806487121181537
2019-12-02 00:00:00+00:00,-0.005316060932060961
2019-12-03 00:00:00+00:00,-0.004543794716176955
2019-12-04 00:00:00+00:00,0.004540795688794514
2019-12-05 00:00:00+00:00,0.0016077334176943646
2019-12-06 00:00:00+00:00,0.005787895162557124
2019-12-09 00:00:00+00:00,-0.0016597693688714843
2019-12-10 00:00:00+00:00,-0.0003303970718223039
2019-12-11 00:00:00+00:00,0.0020419467088158057
2019-12-12 00:00:00+00:00,0.004667740663715941
2019-12-13 00:00:00+00:00,0.0009409253443073177
2019-12-16 00:00:00+00:00,0.0027805539517346896
2019-12-17 00:00:00+00:00,0.0007262758516176936
2019-12-18 00:00:00+00:00,-0.00015109081819108286
2019-12-19 00:00:00+00:00,0.0013245712070163623
2019-12-20 00:00:00+00:00,-0.0006757551996916962
2019-12-23 00:00:00+00:00,0.000876521571938338
2019-12-24 00:00:00+00:00,5.909915019138654e-05
2019-12-26 00:00:00+00:00,0.00322912110229094
2019-12-27 00:00:00+00:00,-0.000493121979289269
2019-12-30 00:00:00+00:00,-0.003385928156885784
2019-12-31 00:00:00+00:00,0.002572729810987528
2020-01-02 00:00:00+00:00,0.005392227315612769
2020-01-03 00:00:00+00:00,-0.004252439337589902
2020-01-06 00:00:00+00:00,0.002821205576518785
2020-01-07 00:00:00+00:00,-0.0011370300135560255
2020-01-08 00:00:00+00:00,0.002686465165273157
2020-01-09 00:00:00+00:00,0.00384483357650843
2020-01-10 00:00:00+00:00,-0.0009137635313811072
2020-01-13 00:00:00+00:00,0.0032414599452490283
2020-01-14 00:00:00+00:00,-0.0002496293472138408
2020-01-15 00:00:00+00:00,0.0007289705126232923
2020-01-16 00:00:00+00:00,0.0023617872971539665
2020-01-17 00:00:00+00:00,0.0011541575091354398
2020-01-21 00:00:00+00:00,-0.001813557139525211
2020-01-22 00:00:00+00:00,0.0004069727632290003
2020-01-23 00:00:00+00:00,0.0008609109432884315
2020-01-24 00:00:00+00:00,-0.0063225799245485905
2020-01-27 00:00:00+00:00,-0.012099373893841608
2020-01-28 00:00:00+00:00,0.007956433658395356
2020-01-29 00:00:00+00:00,-0.0006110651526700841
2020-01-30 00:00:00+00:00,0.002914818442228001
2020-01-31 00:00:00+00:00,-0.01442282722066733
2020-02-03 00:00:00+00:00,0.006365197221168226
2020-02-04 00:00:00+00:00,0.01196582047104583
2020-02-05 00:00:00+00:00,0.008031285131191796
2020-02-06 00:00:00+00:00,0.00260683592160462
2020-02-07 00:00:00+00:00,-0.0032189809855962077
2020-02-10 00:00:00+00:00,0.005099639708315029
2020-02-11 00:00:00+00:00,0.0011504459821744528
2020-02-12 00:00:00+00:00,0.0037957139024925304
2020-02-13 00:00:00+00:00,-0.0006217494849844025
2020-02-14 00:00:00+00:00,0.0015465008646203724
2020-02-18 00:00:00+00:00,-0.0005205021125435206
2020-02-19 00:00:00+00:00,0.0023146858083450085
2020-02-20 00:00:00+00:00,-0.0009196150428714602
2020-02-21 00:00:00+00:00,-0.00614204089031538
2020-02-24 00:00:00+00:00,-0.02491346424483614
2020-02-25 00:00:00+00:00,-0.025476762417540294
2020-02-26 00:00:00+00:00,-0.003548057548868707
2020-02-27 00:00:00+00:00,-0.0365343789219149
2020-02-28 00:00:00+00:00,-0.006762509222117255
2020-03-02 00:00:00+00:00,0.03772734667349298
2020-03-03 00:00:00+00:00,-0.023503531278233885
2020-03-04 00:00:00+00:00,0.03527403094955657
2020-03-05 00:00:00+00:00,-0.0282463636937748
2020-03-06 00:00:00+00:00,-0.014358737302873403
2020-03-09 00:00:00+00:00,-0.06067335746801723
2020-03-10 00:00:00+00:00,0.03871569382409694
2020-03-11 00:00:00+00:00,-0.03840320998177643
2020-03-12 00:00:00+00:00,-0.07457412853494197
2020-03-13 00:00:00+00:00,0.0713909370736909
2020-03-16 00:00:00+00:00,-0.0928952856554629
2020-03-17 00:00:00+00:00,0.04397261565191392
2020-03-18 00:00:00+00:00,-0.039545177140539796
2020-03-19 00:00:00+00:00,0.0033540484704423176
2020-03-20 00:00:00+00:00,-0.029310896978470065
2020-03-23 00:00:00+00:00,-0.01913979628337785
2020-03-24 00:00:00+00:00,0.05860345478002488
2020-03-25 00:00:00+00:00,0.0031853273627504594
2020-03-26 00:00:00+00:00,0.03266186628299726
2020-03-27 00:00:00+00:00,-0.016589202789724825
2020-03-30 00:00:00+00:00,0.022110704957736725
2020-03-31 00:00:00+00:00,-0.003355179891598736
2020-04-01 00:00:00+00:00,-0.023119753753957112
2020-04-02 00:00:00+00:00,0.015603825427182243
2020-04-03 00:00:00+00:00,-0.004827209195808174
2020-04-06 00:00:00+00:00,0.03552955928380506
2020-04-07 00:00:00+00:00,-0.0033201270236265777
2020-04-08 00:00:00+00:00,0.013205763246854886
2020-04-09 00:00:00+00:00,0.004596439155181596
2020-04-13 00:00:00+00:00,-0.0008115405336780466
2020-04-14 00:00:00+00:00,0.007183805297520913
2020-04-15 00:00:00+00:00,-0.0049419353677817865
2020-04-16 00:00:00+00:00,0.0018812843883781682
2020-04-17 00:00:00+00:00,0.0067768578630960545
2020-04-20 00:00:00+00:00,-0.011090699838742425
2020-04-21 00:00:00+00:00,-0.019524542871912652
2020-04-22 00:00:00+00:00,0.016762898629949632
2020-04-23 00:00:00+00:00,0.0007491049804279182
2020-04-24 00:00:00+00:00,0.011207730504405359
2020-04-27 00:00:00+00:00,0.010460477630271324
2020-04-28 00:00:00+00:00,-0.0031137792914279158
2020-04-29 00:00:00+00:00,0.014756737211370455
2020-04-30 00:00:00+00:00,-0.0047806947643008295
2020-05-01 00:00:00+00:00,-0.016100899667384653
2020-05-04 00:00:00+00:00,0.004554521008785582
2020-05-05 00:00:00+00:00,0.006513162277864252
2020-05-06 00:00:00+00:00,-0.0036772403919804663
2020-05-07 00:00:00+00:00,0.008576829978603786
2020-05-08 00:00:00+00:00,0.010758086052519137
2020-05-11 00:00:00+00:00,0.0013420708677607334
2020-05-12 00:00:00+00:00,-0.010871770358462884
2020-05-13 00:00:00+00:00,-0.011253968467992613
2020-05-14 00:00:00+00:00,0.01082643152246544
2020-05-15 00:00:00+00:00,0.003412758784037219
2020-05-18 00:00:00+00:00,0.01654220587926153
2020-05-19 00:00:00+00:00,-0.005097478893392326
2020-05-20 00:00:00+00:00,0.008657194936386546
2020-05-21 00:00:00+00:00,-0.0035331008649268246
2020-05-22 00:00:00+00:00,0.0019047678135135529
2020-05-26 00:00:00+00:00,0.006096391823017829
2020-05-27 00:00:00+00:00,0.0056615790713587496
2020-05-28 00:00:00+00:00,-0.001366269943177318
2020-05-29 00:00:00+00:00,0.003114669143744692
2020-06-01 00:00:00+00:00,0.0013910170381954143
2020-06-02 00:00:00+00:00,0.003220847144891361
2020-06-03 00:00:00+00:00,0.004538111948020968
2020-06-04 00:00:00+00:00,-0.0005632717867982108
2020-06-05 00:00:00+00:00,0.006914943470853639
2020-06-08 00:00:00+00:00,0.002587833776594235
2020-06-09 00:00:00+00:00,-0.002171579232406372
2020-06-10 00:00:00+00:00,-0.0005726745155453203
2020-06-11 00:00:00+00:00,-0.019817249817359966
2020-06-12 00:00:00+00:00,0.007394312068498928
2020-06-15 00:00:00+00:00,0.0035071854636483405
2020-06-16 00:00:00+00:00,0.004758511828213477
2020-06-17 00:00:00+00:00,-8.7502561947141e-06
2020-06-18 00:00:00+00:00,0.00016008778065843213
2020-06-19 00:00:00+00:00,-0.012203015674423733
2020-06-22 00:00:00+00:00,0.005469418674531603
2020-06-23 00:00:00+00:00,0.00295075833614257
2020-06-24 00:00:00+00:00,-0.017039779058071462
2020-06-25 00:00:00+00:00,0.008609416158576202
2020-06-26 00:00:00+00:00,-0.017592044236322858
2020-06-29 00:00:00+00:00,0.012568984861975288
2020-06-30 00:00:00+00:00,0.01109977087313631
2020-07-01 00:00:00+00:00,0.004339915206728578
2020-07-02 00:00:00+00:00,0.0035948598091158283
2020-07-06 00:00:00+00:00,0.010362766484575424
2020-07-07 00:00:00+00:00,-0.006240949171027256
2020-07-08 00:00:00+00:00,0.005722920179968874
2020-07-09 00:00:00+00:00,-0.0028856666219532244
2020-07-10 00:00:00+00:00,0.007088828546899482
2020-07-13 00:00:00+00:00,-0.005573549480166926
2020-07-14 00:00:00+00:00,0.008773201347377546
2020-07-15 00:00:00+00:00,0.005068691657038342
2020-07-16 00:00:00+00:00,-0.0002002320628869733
2020-07-17 00:00:00+00:00,0.001086087349103172
2020-07-20 00:00:00+00:00,0.006003466008619677
2020-07-21 00:00:00+00:00,0.0006250726927471094
2020-07-22 00:00:00+00:00,0.0037034089173137406
2020-07-23 00:00:00+00:00,-0.006952338864946392
2020-07-24 00:00:00+00:00,-0.0028595540125827146
2020-07-27 00:00:00+00:00,0.005504566020400691
2020-07-28 00:00:00+00:00,-0.00382235267225093
2020-07-29 00:00:00+00:00,0.007950024388677614
2020-07-30 00:00:00+00:00,-0.0024373592464071
2020-07-31 00:00:00+00:00,0.0049157954802662805
2020-08-03 00:00:00+00:00,0.0042124550188232255
2020-08-04 00:00:00+00:00,0.002193900398318611
2020-08-05 00:00:00+00:00,0.0034943405569428584
2020-08-06 00:00:00+00:00,0.0029793452760461707
2020-08-07 00:00:00+00:00,0.0007457851844954431
2020-08-10 00:00:00+00:00,0.0014404898931075333
2020-08-11 00:00:00+00:00,-0.0032681657791084197
2020-08-12 00:00:00+00:00,0.005968704415935106
2020-08-13 00:00:00+00:00,-0.00031639190687555194
2020-08-14 00:00:00+00:00,0.0006832182157441458
2020-08-17 00:00:00+00:00,0.0009956894453437913
2020-08-18 00:00:00+00:00,0.000843865877605124
2020-08-19 00:00:00+00:00,-0.0009647295933366605
2020-08-20 00:00:00+00:00,0.0009462791711977657
2020-08-21 00:00:00+00:00,0.0022600167747424105
2020-08-24 00:00:00+00:00,0.005862379709585025
2020-08-25 00:00:00+00:00,0.002015268740590982
2020-08-26 00:00:00+00:00,0.00380021313665621
2020-08-27 00:00:00+00:00,0.0004199793426938163
2020-08-28 00:00:00+00:00,0.0038506268471320427
2020-08-31 00:00:00+00:00,-0.0007431635088094514
2020-09-01 00:00:00+00:00,0.0024197277172669836
2020-09-02 00:00:00+00:00,0.005195622998515845
2020-09-03 00:00:00+00:00,-0.015764614743522257
2020-09-04 00:00:00+00:00,-0.002875372771587546
2020-09-08 00:00:00+00:00,-0.01655459967869395
2020-09-09 00:00:00+00:00,0.014457774236022573
2020-09-10 00:00:00+00:00,-0.011257439524318236
2020-09-11 00:00:00+00:00,0.0015299393999727315
2020-09-14 00:00:00+00:00,0.011260851873682361
2020-09-15 00:00:00+00:00,0.004552195123624627
2020-09-16 00:00:00+00:00,-0.001984821738117209
2020-09-17 00:00:00+00:00,-0.0059508874674854065
2020-09-18 00:00:00+00:00,-0.007272349236700009
2020-09-21 00:00:00+00:00,-0.00740617732444533
2020-09-22 00:00:00+00:00,0.007385889674510197
2020-09-23 00:00:00+00:00,-0.016491804843901937
2020-09-24 00:00:00+00:00,0.002492500374020653
2020-09-25 00:00:00+00:00,0.012096602880706226
2020-09-28 00:00:00+00:00,0.010139213484091435
2020-09-29 00:00:00+00:00,-0.0028658734842901814
2020-09-30 00:00:00+00:00,0.005424741653849938
2020-10-01 00:00:00+00:00,0.003101264254815373
2020-10-02 00:00:00+00:00,-0.0048473252911064
2020-10-05 00:00:00+00:00,0.011304396078413714
2020-10-06 00:00:00+00:00,-0.007072113099841756
2020-10-07 00:00:00+00:00,0.010272080645163967
2020-10-08 00:00:00+00:00,0.004771796048576887
2020-10-09 00:00:00+00:00,0.0035516931853352574
2020-10-12 00:00:00+00:00,0.004447992354656527
2020-10-13 00:00:00+00:00,-0.0011708962287441897
2020-10-14 00:00:00+00:00,-0.001459978249688731
2020-10-15 00:00:00+00:00,-0.00014672595378638971
2020-10-19 00:00:00+00:00,-0.011325907697758552
2020-10-20 00:00:00+00:00,0.003134374252776127
2020-10-21 00:00:00+00:00,-0.0009838624537738504
2020-10-22 00:00:00+00:00,0.0038548584035665175
2020-10-23 00:00:00+00:00,0.0028849619638984508
2020-10-26 00:00:00+00:00,-0.014019338258770848
2020-10-27 00:00:00+00:00,-0.0018167424852814761
2020-10-28 00:00:00+00:00,-0.027393347798098523
2020-10-29 00:00:00+00:00,0.009807506464040043
2020-10-30 00:00:00+00:00,-0.011526446510835977
2020-11-02 00:00:00+00:00,0.012254712583520826
2020-11-03 00:00:00+00:00,0.013746137461208867
2020-11-04 00:00:00+00:00,0.017824854023553105
2020-11-05 00:00:00+00:00,0.013853673960828252
2020-11-06 00:00:00+00:00,0.0015004061410023187
2020-11-09 00:00:00+00:00,0.008716156930669239
2020-11-10 00:00:00+00:00,-0.0012834277495274247
2020-11-11 00:00:00+00:00,0.00552720005428817
2020-11-12 00:00:00+00:00,-0.005397570935941353
2020-11-13 00:00:00+00:00,0.008307604633764114
2020-11-16 00:00:00+00:00,0.0058510159233101985
2020-11-17 00:00:00+00:00,-0.001009833854303159
2020-11-18 00:00:00+00:00,-0.0042475592104087205
2020-11-19 00:00:00+00:00,0.0026231523433809002
2020-11-20 00:00:00+00:00,-0.004620104455248833
2020-11-23 00:00:00+00:00,0.004765123288985259
2020-11-24 00:00:00+00:00,0.009064004561687246
2020-11-25 00:00:00+00:00,-0.00033315175107460557
2020-11-27 00:00:00+00:00,0.0014735738757451632
2020-11-30 00:00:00+00:00,-0.0017140559874676514
2020-12-01 00:00:00+00:00,0.005767729235064002
2020-12-02 00:00:00+00:00,0.001096734601788679
2020-12-03 00:00:00+00:00,-7.551417897510126e-05
2020-12-04 00:00:00+00:00,0.004466264053231341
2020-12-07 00:00:00+00:00,0.00023296499032493233
2020-12-08 00:00:00+00:00,0.0015945971221533028
2020-12-09 00:00:00+00:00,-0.002716344103726816
2020-12-10 00:00:00+00:00,-0.00019015609609070714
2020-12-11 00:00:00+00:00,-0.00016175949985732186
2020-12-14 00:00:00+00:00,-0.0010754334698236038
2020-12-15 00:00:00+00:00,0.005209366284523308
2020-12-16 00:00:00+00:00,0.001187010570457315
2020-12-17 00:00:00+00:00,0.0016012099564182618
2020-12-18 00:00:00+00:00,-0.0032860204145025995
2020-12-21 00:00:00+00:00,-0.003226925866759299
2020-12-22 00:00:00+00:00,-0.00016783638088030135
2020-12-23 00:00:00+00:00,0.0013973819092236465
2020-12-24 00:00:00+00:00,0.003227210533605341
2020-12-28 00:00:00+00:00,0.0055660428631483195
2020-12-29 00:00:00+00:00,-0.0016150904401341197
2020-12-30 00:00:00+00:00,0.0013714173930958582
2020-12-31 00:00:00+00:00,0.0040304536999511515
2021-01-04 00:00:00+00:00,-0.008893436345503278
2021-01-05 00:00:00+00:00,0.005215826322730242
2021-01-06 00:00:00+00:00,0.00310119798639279
2021-01-07 00:00:00+00:00,0.008923151891058611
2021-01-08 00:00:00+00:00,0.0023678850952213127
2021-01-11 00:00:00+00:00,-0.001992306095365652
2021-01-12 00:00:00+00:00,0.0013344867768303303
2021-01-13 00:00:00+00:00,0.0013671104923507799
2021-01-14 00:00:00+00:00,-0.0008167380568255914
2021-01-15 00:00:00+00:00,-0.0025498916794131077
2021-01-19 00:00:00+00:00,0.005502407374366789
2021-01-20 00:00:00+00:00,0.007357461412188126
2021-01-21 00:00:00+00:00,0.00044401495117915525
2021-01-22 00:00:00+00:00,-0.0010068972768148138
2021-01-25 00:00:00+00:00,0.0016505304862625696
2021-01-26 00:00:00+00:00,-0.0007296241636595331
2021-01-27 00:00:00+00:00,-0.017129148408094076
2021-01-28 00:00:00+00:00,0.007508797537178719
2021-01-29 00:00:00+00:00,-0.011357717919973573
2021-02-01 00:00:00+00:00,0.011569477494574303
2021-02-02 00:00:00+00:00,0.008941010047027412
2021-02-03 00:00:00+00:00,0.0014555401713984015
2021-02-04 00:00:00+00:00,0.006151062073631093
2021-02-05 00:00:00+00:00,0.002233074818352524
2021-02-08 00:00:00+00:00,0.0031605285162924265
2021-02-09 00:00:00+00:00,-0.0003889181711504411
2021-02-10 00:00:00+00:00,-0.00010480829986636841
2021-02-11 00:00:00+00:00,0.0012265486823118952
2021-02-12 00:00:00+00:00,0.0019919265472008894
2021-02-16 00:00:00+00:00,0.00033411804748636543
2021-02-17 00:00:00+00:00,1.4618221181573424e-05
2021-02-18 00:00:00+00:00,-0.0007276450089949691
2021-02-19 00:00:00+00:00,-0.0026470732792794383
2021-02-22 00:00:00+00:00,-0.005198336613959156
2021-02-23 00:00:00+00:00,0.0011319493949183863
2021-02-24 00:00:00+00:00,0.008162186271912522
2021-02-25 00:00:00+00:00,-0.01892807531462029
2021-02-26 00:00:00+00:00,-0.002757984053128792
2021-03-01 00:00:00+00:00,0.01892730362885397
2021-03-02 00:00:00+00:00,-0.005914314870422893
2021-03-03 00:00:00+00:00,-0.010175526799098063
2021-03-04 00:00:00+00:00,-0.010806941970443459
2021-03-05 00:00:00+00:00,0.01624576598445573
2021-03-08 00:00:00+00:00,-0.004398706228209525
2021-03-09 00:00:00+00:00,0.011621809902699112
2021-03-10 00:00:00+00:00,0.005454971486570856
2021-03-11 00:00:00+00:00,0.007786173063427894
2021-03-12 00:00:00+00:00,0.001818777255317991
2021-03-15 00:00:00+00:00,0.004819069378100555
2021-03-16 00:00:00+00:00,-0.0006359220849620306
2021-03-17 00:00:00+00:00,0.0023069197750078497
2021-03-18 00:00:00+00:00,-0.008773555531371371
2021-03-19 00:00:00+00:00,0.0011360131396932504
2021-03-22 00:00:00+00:00,0.00541021176653324
2021-03-23 00:00:00+00:00,-0.004850501026558856
2021-03-24 00:00:00+00:00,-0.0033948963816199484
2021-03-25 00:00:00+00:00,0.004001600078095525
2021-03-26 00:00:00+00:00,0.009717982571336319
2021-03-29 00:00:00+00:00,-0.0007684976363448354
2021-03-30 00:00:00+00:00,-0.0006052585085868439
2021-03-31 00:00:00+00:00,0.002127884097833358
2021-04-01 00:00:00+00:00,0.006197583052836824
2021-04-05 00:00:00+00:00,0.005155127363121122
2021-04-06 00:00:00+00:00,-0.00030796689707848594
2021-04-07 00:00:00+00:00,0.0008589976237594369
2021-04-08 00:00:00+00:00,0.0012670977463224427
2021-04-09 00:00:00+00:00,0.002260401139686905
2021-04-12 00:00:00+00:00,-6.917600315395726e-05
2021-04-13 00:00:00+00:00,0.0006933225251031904
2021-04-14 00:00:00+00:00,-0.0009425761231103725
2021-04-15 00:00:00+00:00,0.0027227823055899995
2021-04-16 00:00:00+00:00,-0.0007127437466153445
2021-04-19 00:00:00+00:00,-0.003403296528396577
2021-04-20 00:00:00+00:00,-0.004680789807768205
2021-04-21 00:00:00+00:00,0.006565205006250571
2021-04-22 00:00:00+00:00,-0.00626138548316453
2021-04-23 00:00:00+00:00,0.007899598754889584
2021-04-26 00:00:00+00:00,0.0013955923882049061
2021-04-27 00:00:00+00:00,0.00023314032594519033
2021-04-28 00:00:00+00:00,-0.0001266457496821287
2021-04-29 00:00:00+00:00,0.004016108433614312
2021-04-30 00:00:00+00:00,-0.004106126182592533
2021-05-03 00:00:00+00:00,0.0024053101639619962
2021-05-04 00:00:00+00:00,-0.0043471917301582605
2021-05-05 00:00:00+00:00,0.0007807355535094857
2021-05-06 00:00:00+00:00,0.00584877410355924
2021-05-07 00:00:00+00:00,0.004864478376032428
2021-05-10 00:00:00+00:00,-0.006326816056920991
2021-05-11 00:00:00+00:00,-0.0062326094483232
2021-05-12 00:00:00+00:00,-0.017537354734906634
2021-05-13 00:00:00+00:00,0.010848656499794457
2021-05-14 00:00:00+00:00,0.012838260304132352
2021-05-17 00:00:00+00:00,-0.0013613255463273358
2021-05-18 00:00:00+00:00,-0.006825532832562814
2021-05-19 00:00:00+00:00,-0.002308728501902186
2021-05-20 00:00:00+00:00,0.010285561928136192
2021-05-21 00:00:00+00:00,0.0007047233153932716
2021-05-24 00:00:00+00:00,0.007199715308863191
2021-05-25 00:00:00+00:00,-0.0012216185453070502
2021-05-26 00:00:00+00:00,0.001916231029418319
2021-05-27 00:00:00+00:00,0.0013780156011571588
2021-05-28 00:00:00+00:00,0.0007984117925298119
2021-06-01 00:00:00+00:00,-0.00013494483810590717
2021-06-02 00:00:00+00:00,0.0015491184934369722
2021-06-03 00:00:00+00:00,-0.0021070996131837107
2021-06-04 00:00:00+00:00,0.005791332800281012
2021-06-07 00:00:00+00:00,0.0002936453102134833
2021-06-08 00:00:00+00:00,-1.079034710001971e-05
2021-06-09 00:00:00+00:00,-0.001142901500196207
2021-06-10 00:00:00+00:00,0.003679716506723867
2021-06-11 00:00:00+00:00,0.0014454144170782221
2021-06-14 00:00:00+00:00,0.0008357905611280262
2021-06-15 00:00:00+00:00,-0.000818414229367474
2021-06-16 00:00:00+00:00,-0.002334920837427347
2021-06-17 00:00:00+00:00,0.0008289760729959139
2021-06-18 00:00:00+00:00,-0.007281911513388097
2021-06-21 00:00:00+00:00,0.009518127388209785
2021-06-22 00:00:00+00:00,0.003274375829282183
2021-06-23 00:00:00+00:00,-0.00025474176119934185
2021-06-24 00:00:00+00:00,0.002954348667238055
2021-06-25 00:00:00+00:00,0.0018497774668055087
2021-06-28 00:00:00+00:00,0.0012086235862770551
2021-06-29 00:00:00+00:00,0.00015217377710961455
2021-06-30 00:00:00+00:00,0.0007901951257601948
2021-07-01 00:00:00+00:00,0.0017443543013888048
2021-07-02 00:00:00+00:00,0.0024419226650306547
2021-07-06 00:00:00+00:00,-0.00045937674684954635
2021-07-07 00:00:00+00:00,0.0009439388640404981
2021-07-08 00:00:00+00:00,-0.003025629862256077
2021-07-09 00:00:00+00:00,0.004244262812580259
2021-07-12 00:00:00+00:00,0.0009359992878095185
2021-07-13 00:00:00+00:00,-0.000910791838577225
2021-07-14 00:00:00+00:00,0.00039742602939879176
2021-07-15 00:00:00+00:00,-0.0003886450276128227
2021-07-16 00:00:00+00:00,-0.007182177574144283
2021-07-19 00:00:00+00:00,-0.011165557100983206
2021-07-20 00:00:00+00:00,0.010938616718307632
2021-07-21 00:00:00+00:00,0.005830235078450792
2021-07-22 00:00:00+00:00,0.001370121604795626
2021-07-23 00:00:00+00:00,0.0057054829950361876
2021-07-26 00:00:00+00:00,0.001317518104681001
2021-07-27 00:00:00+00:00,-0.0026007214880355064
2021-07-28 00:00:00+00:00,0.0005431669775174795
2021-07-29 00:00:00+00:00,0.0026427115725956686
2021-07-30 00:00:00+00:00,-0.0027487087849348947
2021-08-02 00:00:00+00:00,-0.000689431347440811
2021-08-03 00:00:00+00:00,0.0050708431967141105
2021-08-04 00:00:00+00:00,-0.002012358956027277
2021-08-05 00:00:00+00:00,0.0032595055283020447
2021-08-06 00:00:00+00:00,0.001626913384160886
2021-08-09 00:00:00+00:00,6.081425782393296e-05
2021-08-10 00:00:00+00:00,0.0005732389361649621
2021-08-11 00:00:00+00:00,0.0015157432138911994
2021-08-12 00:00:00+00:00,0.0014221736759745043
2021-08-13 00:00:00+00:00,0.0007966977711133781
2021-08-16 00:00:00+00:00,0.0008234399233550027
2021-08-17 00:00:00+00:00,-0.0021267413851235595
2021-08-18 00:00:00+00:00,-0.004576907737649955
2021-08-19 00:00:00+00:00,0.001831780204063575
2021-08-20 00:00:00+00:00,0.006545270671336605
2021-08-23 00:00:00+00:00,0.005692677441632618
2021-08-24 00:00:00+00:00,0.0009031045756180524
2021-08-25 00:00:00+00:00,0.001396223448408196
2021-08-26 00:00:00+00:00,-0.0034070314184233164
2021-08-27 00:00:00+00:00,0.005496709164731127
2021-08-30 00:00:00+00:00,0.002203572942782944
2021-08-31 00:00:00+00:00,-0.0006014583691066241
2021-09-01 00:00:00+00:00,0.0004930299942531694
2021-09-02 00:00:00+00:00,0.0011739661872646563
2021-09-03 00:00:00+00:00,0.0003695849142556823
2021-09-07 00:00:00+00:00,-0.0010114042127844813
2021-09-08 00:00:00+00:00,-0.0001235527670843826
2021-09-09 00:00:00+00:00,-0.0020519852689742787
2021-09-10 00:00:00+00:00,-0.004330776249299513
2021-09-13 00:00:00+00:00,0.0025765830924563485
2021-09-14 00:00:00+00:00,-0.00256654465671178
2021-09-15 00:00:00+00:00,0.0056130821671454955
2021-09-16 00:00:00+00:00,-0.00027367306450495617
2021-09-17 00:00:00+00:00,-0.006011282604092977
2021-09-20 00:00:00+00:00,-0.012206073593528596
2021-09-21 00:00:00+00:00,-0.00027908426865182895
2021-09-22 00:00:00+00:00,0.00771439621363945
2021-09-23 00:00:00+00:00,0.008762668497025708
2021-09-24 00:00:00+00:00,0.00154076687162496
2021-09-27 00:00:00+00:00,-0.0013090065278332664
2021-09-28 00:00:00+00:00,-0.015746387866559963
2021-09-29 00:00:00+00:00,0.0016915671721369164
2021-09-30 00:00:00+00:00,-0.0101599183349954
2021-10-01 00:00:00+00:00,0.010157415098708624
2021-10-04 00:00:00+00:00,-0.011116913324452759
2021-10-05 00:00:00+00:00,0.009311020004984188
2021-10-06 00:00:00+00:00,0.0036921527503039255
2021-10-07 00:00:00+00:00,0.007511267936572141
2021-10-08 00:00:00+00:00,-0.0009656461436108651
2021-10-11 00:00:00+00:00,-0.006163570256936748
2021-10-12 00:00:00+00:00,-0.002257832494838391
2021-10-13 00:00:00+00:00,0.0031676783720453075
2021-10-14 00:00:00+00:00,0.016394170865810513
2021-10-15 00:00:00+00:00,0.004906339365976231
2021-10-18 00:00:00+00:00,0.0022917989002490097
2021-10-19 00:00:00+00:00,0.004213818610985683
2021-10-20 00:00:00+00:00,0.0018999197159059178
2021-10-21 00:00:00+00:00,0.0018346271126889204
2021-10-22 00:00:00+00:00,-0.000600159411312234
2021-10-25 00:00:00+00:00,0.002397711628160717
2021-10-26 00:00:00+00:00,0.0006011934261515898
2021-10-27 00:00:00+00:00,-0.0026368687996380633
2021-10-28 00:00:00+00:00,0.004694270567290181
2021-10-29 00:00:00+00:00,0.0007750765679960875
2021-11-01 00:00:00+00:00,0.001089208748228704
2021-11-02 00:00:00+00:00,0.001479607230858737
2021-11-03 00:00:00+00:00,0.0025425013745274767
2021-11-04 00:00:00+00:00,0.0013736931667801358
2021-11-05 00:00:00+00:00,0.001033629344487115
2021-11-08 00:00:00+00:00,0.0005570248357665389
2021-11-09 00:00:00+00:00,-0.0009437227700775834
2021-11-10 00:00:00+00:00,-0.0021219885742279603
2021-11-11 00:00:00+00:00,0.0008218752836122332
2021-11-12 00:00:00+00:00,0.0019989232325177244
2021-11-15 00:00:00+00:00,0.0002801445438119881
2021-11-16 00:00:00+00:00,0.0009001236614052978
2021-11-17 00:00:00+00:00,-0.0005551489616034679
2021-11-18 00:00:00+00:00,0.0008635704283315469
2021-11-19 00:00:00+00:00,-0.0015695034950331047
2021-11-22 00:00:00+00:00,-0.0022438612642052638
2021-11-23 00:00:00+00:00,0.0015293766245740837
2021-11-24 00:00:00+00:00,0.0018220515529303264
2021-11-26 00:00:00+00:00,-0.017276536013944632
2021-11-29 00:00:00+00:00,0.010934235133742051
2021-11-30 00:00:00+00:00,-0.014827979443546413
2021-12-01 00:00:00+00:00,-0.01021414248973519
2021-12-02 00:00:00+00:00,0.012165581370879756
2021-12-03 00:00:00+00:00,-0.006511224303870898
2021-12-06 00:00:00+00:00,0.010012104151572485
2021-12-07 00:00:00+00:00,0.016502180554475603
2021-12-08 00:00:00+00:00,0.002873908227824639
2021-12-09 00:00:00+00:00,-0.005107559387796343
2021-12-10 00:00:00+00:00,0.00786637275698904
2021-12-13 00:00:00+00:00,-0.006621719295406672
2021-12-14 00:00:00+00:00,-0.006029208728812997
2021-12-15 00:00:00+00:00,0.014019500300862287
2021-12-16 00:00:00+00:00,-0.006382805211295001
2021-12-17 00:00:00+00:00,-0.008648189763148094
2021-12-20 00:00:00+00:00,-0.007578226229819559
2021-12-21 00:00:00+00:00,0.01208927144710199
2021-12-22 00:00:00+00:00,0.007256434757699367
2021-12-23 00:00:00+00:00,0.0038552818411002948
2021-12-27 00:00:00+00:00,0.006784922398972585
2021-12-28 00:00:00+00:00,-0.00019866516108455
2021-12-29 00:00:00+00:00,0.001154016077721747
2021-12-30 00:00:00+00:00,-0.0011485831271487946
2021-12-31 00:00:00+00:00,-0.0006919818400126412
2022-01-03 00:00:00+00:00,0.0035390617125682306
2022-01-04 00:00:00+00:00,-9.058882981409523e-05
2022-01-05 00:00:00+00:00,-0.009932659324988788
2022-01-06 00:00:00+00:00,-2.0299925968363892e-05
2022-01-07 00:00:00+00:00,-0.0012949650364045828
2022-01-10 00:00:00+00:00,-0.000473528103827717
2022-01-11 00:00:00+00:00,0.005607270499778769
2022-01-12 00:00:00+00:00,0.0019961605152417124
2022-01-13 00:00:00+00:00,-0.008633181096531902
2022-01-14 00:00:00+00:00,0.0016373476321804702
2022-01-18 00:00:00+00:00,-0.014238760450995154
2022-01-19 00:00:00+00:00,-0.00903781999250442
2022-01-20 00:00:00+00:00,-0.010986801054615981
2022-01-21 00:00:00+00:00,-0.014600386854611382
2022-01-24 00:00:00+00:00,0.0024142958406964017
2022-01-25 00:00:00+00:00,-0.007975152912133484
2022-01-26 00:00:00+00:00,-0.001486146175119169
2022-01-27 00:00:00+00:00,-0.00333584881961622
2022-01-28 00:00:00+00:00,0.017994188989188933
2022-01-31 00:00:00+00:00,0.013148335248472249
2022-02-01 00:00:00+00:00,0.005457798054612215
2022-02-02 00:00:00+00:00,0.005200684366277967
2022-02-03 00:00:00+00:00,-0.014989495299344525
2022-02-04 00:00:00+00:00,0.004715548422463042
2022-02-07 00:00:00+00:00,-0.0011726862096523962
2022-02-08 00:00:00+00:00,0.00602001211158365
2022-02-09 00:00:00+00:00,0.008026277437560007
2022-02-10 00:00:00+00:00,-0.010440566047628233
2022-02-11 00:00:00+00:00,-0.013121402004782044
2022-02-14 00:00:00+00:00,-0.0020699746468490175
2022-02-15 00:00:00+00:00,0.013681009368083346
2022-02-16 00:00:00+00:00,0.001959009838295937
2022-02-17 00:00:00+00:00,-0.018582277716025067
2022-02-18 00:00:00+00:00,-0.0056601373051309994
2022-02-22 00:00:00+00:00,-0.0058006904549475075
2022-02-23 00:00:00+00:00,-0.012593178009897177
2022-02-24 00:00:00+00:00,0.011426925250233623
2022-02-25 00:00:00+00:00,0.01450726585043227
2022-02-28 00:00:00+00:00,-0.001415289974304532
2022-03-01 00:00:00+00:00,-0.010808041264709575
2022-03-02 00:00:00+00:00,0.013157143565878202
2022-03-03 00:00:00+00:00,-0.0026013819559205335
2022-03-04 00:00:00+00:00,-0.004755012398982308
2022-03-07 00:00:00+00:00,-0.021369597277973433
2022-03-08 00:00:00+00:00,-0.005609061301787335
2022-03-09 00:00:00+00:00,0.02097510428590206
2022-03-10 00:00:00+00:00,-0.0025127980339700786
2022-03-11 00:00:00+00:00,-0.010986047636098744
2022-03-14 00:00:00+00:00,-0.006064152941709712
2022-03-15 00:00:00+00:00,0.01905012604814814
2022-03-16 00:00:00+00:00,0.019765653538193397
2022-03-17 00:00:00+00:00,0.009301146894684226
2022-03-18 00:00:00+00:00,0.00779397646292141
2022-03-21 00:00:00+00:00,0.0005720588497316866
2022-03-22 00:00:00+00:00,0.0060915700526461185
2022-03-23 00:00:00+00:00,-0.005945617768500729
2022-03-24 00:00:00+00:00,0.007864130727947383
2022-03-25 00:00:00+00:00,0.0029498533952902824
2022-03-28 00:00:00+00:00,0.004136153417781174
2022-03-29 00:00:00+00:00,0.004371596447124102
2022-03-30 00:00:00+00:00,-0.0019789658995118726
2022-03-31 00:00:00+00:00,-0.006146862291669397
2022-04-01 00:00:00+00:00,0.0035748533826533745
2022-04-04 00:00:00+00:00,0.0036385849949009015
2022-04-05 00:00:00+00:00,-0.005145288574358581
2022-04-06 00:00:00+00:00,-0.00398055990670211
2022-04-07 00:00:00+00:00,0.0024455707131307517
2022-04-08 00:00:00+00:00,-0.00024305920459096727
2022-04-11 00:00:00+00:00,-0.009471542846347212
2022-04-12 00:00:00+00:00,-0.0013411099250384521
2022-04-13 00:00:00+00:00,0.008873064598383657
2022-04-14 00:00:00+00:00,-0.009329965422538285
2022-04-18 00:00:00+00:00,0.000616810301584359
2022-04-19 00:00:00+00:00,0.009937025586574619
2022-04-20 00:00:00+00:00,-2.7706979201199978e-05
2022-04-21 00:00:00+00:00,-0.009060531324035644
2022-04-22 00:00:00+00:00,-0.02007390200597299
2022-04-25 00:00:00+00:00,0.004826328549361461
2022-04-26 00:00:00+00:00,-0.022554294117867732
2022-04-27 00:00:00+00:00,0.0019402837248280833
2022-04-28 00:00:00+00:00,0.01959655671654424
2022-04-29 00:00:00+00:00,-0.02971052623546395
2022-05-02 00:00:00+00:00,0.004943963405261062
2022-05-03 00:00:00+00:00,0.004039482456771715
2022-05-04 00:00:00+00:00,0.024996281290072184
2022-05-05 00:00:00+00:00,-0.029704283822240125
2022-05-06 00:00:00+00:00,-0.004949071014213715
2022-05-09 00:00:00+00:00,-0.026749297636521056
2022-05-10 00:00:00+00:00,0.0017968031399561188
2022-05-11 00:00:00+00:00,-0.013277345903586577
2022-05-12 00:00:00+00:00,-0.0009862301300224015
2022-05-13 00:00:00+00:00,0.019147675594047172
2022-05-16 00:00:00+00:00,-0.003050704516767894
2022-05-17 00:00:00+00:00,0.016016248188419454
2022-05-18 00:00:00+00:00,-0.032223190972856725
2022-05-19 00:00:00+00:00,-0.00474947195841429
2022-05-20 00:00:00+00:00,-0.002156593302832855
2022-05-23 00:00:00+00:00,0.010695153877697941
2022-05-24 00:00:00+00:00,-0.004496147271399665
2022-05-25 00:00:00+00:00,0.005787531045428315
2022-05-26 00:00:00+00:00,0.010334429667785586
2022-05-27 00:00:00+00:00,0.010177994892223837
2022-05-31 00:00:00+00:00,0.0005208250200276561
2022-06-01 00:00:00+00:00,-0.003796408365371655
2022-06-02 00:00:00+00:00,0.00680944817494639
2022-06-03 00:00:00+00:00,-0.004928532947144372
2022-06-06 00:00:00+00:00,0.0019063299300619138
2022-06-07 00:00:00+00:00,0.0035247391281565486
2022-06-08 00:00:00+00:00,-0.002797601355258871
2022-06-09 00:00:00+00:00,-0.00908241900825513
2022-06-10 00:00:00+00:00,-0.015010532840297849
2022-06-13 00:00:00+00:00,-0.029183719937609796
2022-06-14 00:00:00+00:00,-0.0027692778689624485
2022-06-15 00:00:00+00:00,0.013331680582366166
2022-06-16 00:00:00+00:00,-0.02960136396682652
2022-06-17 00:00:00+00:00,0.0001674012287660763
2022-06-21 00:00:00+00:00,0.013978015952774222
2022-06-22 00:00:00+00:00,0.0003662194086060292
2022-06-23 00:00:00+00:00,0.004721159020316661
2022-06-24 00:00:00+00:00,0.011765069302126126
2022-06-27 00:00:00+00:00,0.0009650513744561275
2022-06-28 00:00:00+00:00,-0.007515993447555279
2022-06-29 00:00:00+00:00,0.0003438157581104307
2022-06-30 00:00:00+00:00,-0.0033116364755416015
2022-07-01 00:00:00+00:00,0.005743100417098097
2022-07-05 00:00:00+00:00,0.0014199474811020583
2022-07-06 00:00:00+00:00,0.002104649678774201
2022-07-07 00:00:00+00:00,0.0055948015755204125
2022-07-08 00:00:00+00:00,0.0007358393091937716
2022-07-11 00:00:00+00:00,-0.0027387999348979512
2022-07-12 00:00:00+00:00,-0.0031371121226140223
2022-07-13 00:00:00+00:00,0.0002971049480991976
2022-07-14 00:00:00+00:00,9.3492630525451e-06
2022-07-15 00:00:00+00:00,0.007915262021891887
2022-07-18 00:00:00+00:00,-0.004733550375259179
2022-07-19 00:00:00+00:00,0.01518354901116679
2022-07-20 00:00:00+00:00,0.00311631235839418
2022-07-21 00:00:00+00:00,0.005499843303804008
2022-07-22 00:00:00+00:00,-0.0036187604957585817
2022-07-25 00:00:00+00:00,0.0014100304977485117
2022-07-26 00:00:00+00:00,-0.006170708027557131
2022-07-27 00:00:00+00:00,0.013059925758299045
2022-07-28 00:00:00+00:00,0.005107265200804619
2022-07-29 00:00:00+00:00,0.004874029329758987
2022-08-01 00:00:00+00:00,-0.0005410564873927448
2022-08-02 00:00:00+00:00,-0.0024226527068586193
2022-08-03 00:00:00+00:00,0.005746309816441449
2022-08-04 00:00:00+00:00,0.00029052336208467924
2022-08-05 00:00:00+00:00,-4.105811304449912e-05
2022-08-08 00:00:00+00:00,3.854558445115313e-06
2022-08-09 00:00:00+00:00,-0.0011041239306925042
2022-08-10 00:00:00+00:00,0.005851099742229183
2022-08-11 00:00:00+00:00,-0.0005677082711135937
2022-08-12 00:00:00+00:00,0.0043444035239550895
2022-08-15 00:00:00+00:00,0.0007642629285006655
2022-08-16 00:00:00+00:00,0.00032944066051198665
2022-08-17 00:00:00+00:00,-0.0012359263264379344
2022-08-18 00:00:00+00:00,0.0004168713835152149
2022-08-19 00:00:00+00:00,-0.006146249519051415
2022-08-22 00:00:00+00:00,-0.014509128641988051
2022-08-23 00:00:00+00:00,-0.001414433425945788
2022-08-24 00:00:00+00:00,0.0027400776235072836
2022-08-25 00:00:00+00:00,0.010200466946656384
2022-08-26 00:00:00+00:00,-0.02547928226709811
2022-08-29 00:00:00+00:00,-0.005444824489749053
2022-08-30 00:00:00+00:00,-0.009215047586753577
2022-08-31 00:00:00+00:00,-0.006623172638673752
2022-09-01 00:00:00+00:00,0.0027210074976026376
2022-09-02 00:00:00+00:00,-0.009234146445010073
2022-09-06 00:00:00+00:00,-0.003451435044455442
2022-09-07 00:00:00+00:00,0.015347747181714175
2022-09-08 00:00:00+00:00,0.0056434036117922245
2022-09-09 00:00:00+00:00,0.013794559305093377
2022-09-12 00:00:00+00:00,0.009647236944129244
2022-09-13 00:00:00+00:00,-0.038714202392095054
2022-09-14 00:00:00+00:00,0.002851682883219312
2022-09-15 00:00:00+00:00,-0.00923450072443139
2022-09-16 00:00:00+00:00,-0.005978692196766293
2022-09-19 00:00:00+00:00,0.004255300847822388
2022-09-20 00:00:00+00:00,-0.006539559968171247
2022-09-21 00:00:00+00:00,-0.010480437220574339
2022-09-22 00:00:00+00:00,-0.00467005193258451
2022-09-23 00:00:00+00:00,-0.012174977936087926
2022-09-26 00:00:00+00:00,-0.007778544715910043
2022-09-27 00:00:00+00:00,-0.0012185590752626795
2022-09-28 00:00:00+00:00,0.015198682588561708
2022-09-29 00:00:00+00:00,-0.015663940766915754
2022-09-30 00:00:00+00:00,-0.011933391990127214
2022-10-03 00:00:00+00:00,0.02112783594934062
2022-10-04 00:00:00+00:00,0.023088281830412054
2022-10-05 00:00:00+00:00,-0.0009948284778811551
2022-10-06 00:00:00+00:00,-0.007366048756738598
2022-10-07 00:00:00+00:00,-0.02196168970061199
2022-10-10 00:00:00+00:00,-0.006376128583756946
2022-10-11 00:00:00+00:00,-0.00543697563073293
2022-10-12 00:00:00+00:00,-0.002664738780753602
2022-10-13 00:00:00+00:00,0.02187619362447191
2022-10-14 00:00:00+00:00,-0.020183773830013935
2022-10-17 00:00:00+00:00,0.022689854441788712
2022-10-18 00:00:00+00:00,0.010407810507191095
2022-10-19 00:00:00+00:00,-0.00633460847624214
2022-10-20 00:00:00+00:00,-0.008281376574081095
2022-10-21 00:00:00+00:00,0.014863113711297154
2022-10-24 00:00:00+00:00,0.006647734352325089
2022-10-25 00:00:00+00:00,0.008389581655861207
2022-10-26 00:00:00+00:00,-0.00230575809743704
2022-10-27 00:00:00+00:00,-0.0024389947405198016
2022-10-28 00:00:00+00:00,0.011366414073919757
2022-10-31 00:00:00+00:00,-0.001830922629965404
2022-11-01 00:00:00+00:00,-0.0011856452964454887
2022-11-02 00:00:00+00:00,-0.010763337130774622
2022-11-03 00:00:00+00:00,-0.004902482036621346
2022-11-04 00:00:00+00:00,0.008255144796253808
2022-11-07 00:00:00+00:00,0.0058640133392676794
2022-11-08 00:00:00+00:00,0.0025752426582250658
2022-11-09 00:00:00+00:00,-0.009384189522093696
2022-11-10 00:00:00+00:00,0.0227480586825568
2022-11-11 00:00:00+00:00,0.002234305293446661
2022-11-14 00:00:00+00:00,-0.0015988737349136135
2022-11-15 00:00:00+00:00,0.002313737576585084
2022-11-16 00:00:00+00:00,-0.0017567294175168757
2022-11-17 00:00:00+00:00,-0.000353545230716999
2022-11-18 00:00:00+00:00,-0.0019958726682285377
2022-11-21 00:00:00+00:00,-0.001026788462484736
2022-11-22 00:00:00+00:00,0.008640747617209643
2022-11-23 00:00:00+00:00,0.003993340388311194
2022-11-25 00:00:00+00:00,0.0004474200205134728
2022-11-28 00:00:00+00:00,-0.008732560037694556
2022-11-29 00:00:00+00:00,-0.0007270377663515092
2022-11-30 00:00:00+00:00,0.016983165529457087
2022-12-01 00:00:00+00:00,0.00026999122279756466
2022-12-02 00:00:00+00:00,0.00037830725194904754
2022-12-05 00:00:00+00:00,-0.008833529154385492
2022-12-06 00:00:00+00:00,-0.0092949443762462
2022-12-07 00:00:00+00:00,-0.0009609706875632609
2022-12-08 00:00:00+00:00,0.005501962127425958
2022-12-09 00:00:00+00:00,-0.00439900013216382
2022-12-12 00:00:00+00:00,0.00825832549005067
2022-12-13 00:00:00+00:00,0.007485383284471935
2022-12-14 00:00:00+00:00,3.0003200305771987e-05
2022-12-15 00:00:00+00:00,-0.017665492531743404
2022-12-16 00:00:00+00:00,-0.011058905368481796
2022-12-19 00:00:00+00:00,-0.004573902042745438
2022-12-20 00:00:00+00:00,0.0012094285952049294
2022-12-21 00:00:00+00:00,0.009656965509498749
2022-12-22 00:00:00+00:00,-0.009065817528337593
2022-12-23 00:00:00+00:00,0.004373554349905558
2022-12-27 00:00:00+00:00,-0.0019134417034068632
2022-12-28 00:00:00+00:00,-0.00797096371244738
2022-12-29 00:00:00+00:00,0.012178433789014866
2022-12-30 00:00:00+00:00,-0.001130649600798069
2023-01-03 00:00:00+00:00,-0.0019204668007466769
2023-01-04 00:00:00+00:00,0.005625015719762355
2023-01-05 00:00:00+00:00,-0.007650632445168834
2023-01-06 00:00:00+00:00,0.01572901298766126
2023-01-09 00:00:00+00:00,0.00012323116584322323
2023-01-10 00:00:00+00:00,0.004500547314790171
2023-01-11 00:00:00+00:00,0.005929184618490052
2023-01-12 00:00:00+00:00,0.0041189869788598905
2023-01-13 00:00:00+00:00,0.002146046056580363
2023-01-17 00:00:00+00:00,-1.8222162182458248e-05
2023-01-18 00:00:00+00:00,-0.005358223815497285
2023-01-19 00:00:00+00:00,-0.003099765194212559
2023-01-20 00:00:00+00:00,0.01139273352575822
2023-01-23 00:00:00+00:00,0.006335606328628023
2023-01-24 00:00:00+00:00,0.00010142514709051857
2023-01-25 00:00:00+00:00,0.0001775023345044889
2023-01-26 00:00:00+00:00,0.004952434174000099
2023-01-27 00:00:00+00:00,0.001727629498885286
2023-01-30 00:00:00+00:00,-0.005775454484084211
2023-01-31 00:00:00+00:00,0.006665862505157926
2023-02-01 00:00:00+00:00,0.004598384300688837
2023-02-02 00:00:00+00:00,0.004642823733647957
2023-02-03 00:00:00+00:00,-0.0023969034971481145
2023-02-06 00:00:00+00:00,-0.0015731400259374902
2023-02-07 00:00:00+00:00,0.004234348620083504
2023-02-08 00:00:00+00:00,-0.003056536326281974
2023-02-09 00:00:00+00:00,-0.0030031673481424534
2023-02-10 00:00:00+00:00,0.001727291223651845
2023-02-13 00:00:00+00:00,0.003926439185503181
2023-02-14 00:00:00+00:00,0.0008499755319442896
2023-02-15 00:00:00+00:00,0.0009523799924745749
2023-02-16 00:00:00+00:00,-0.002804650332200966
2023-02-17 00:00:00+00:00,0.00041462927662489694
2023-02-21 00:00:00+00:00,-0.012531371683165475
2023-02-22 00:00:00+00:00,-0.0002666253794872157
2023-02-23 00:00:00+00:00,0.0041999577882329085
2023-02-24 00:00:00+00:00,-0.0073955415090989525
2023-02-27 00:00:00+00:00,0.002959986035068673
2023-02-28 00:00:00+00:00,-0.0019722900489999202
2023-03-01 00:00:00+00:00,-0.003545535323886572
2023-03-02 00:00:00+00:00,0.006342560652199603
2023-03-03 00:00:00+00:00,0.01241049024795133
2023-03-06 00:00:00+00:00,0.0010057848768398117
2023-03-07 00:00:00+00:00,-0.01123282868788927
2023-03-08 00:00:00+00:00,0.0016037808732473522
2023-03-09 00:00:00+00:00,-0.01574450154725213
2023-03-10 00:00:00+00:00,-0.012699886913388738
2023-03-13 00:00:00+00:00,-0.001201061257667543
2023-03-14 00:00:00+00:00,0.014956536288832301
2023-03-15 00:00:00+00:00,-0.006579768623467779
2023-03-16 00:00:00+00:00,0.016699893752058
2023-03-17 00:00:00+00:00,-0.009378170608607178
2023-03-20 00:00:00+00:00,0.006239697391490692
2023-03-21 00:00:00+00:00,0.007783882151093598
2023-03-22 00:00:00+00:00,-0.00844387895792411
2023-03-23 00:00:00+00:00,0.0021441874839564466
2023-03-24 00:00:00+00:00,0.003504208760956068
2023-03-27 00:00:00+00:00,0.0022399590345301332
2023-03-28 00:00:00+00:00,-2.150172165673144e-05
2023-03-29 00:00:00+00:00,0.00748024347928037
2023-03-30 00:00:00+00:00,0.0031033089795317065
2023-03-31 00:00:00+00:00,0.005956478516831085
2023-04-03 00:00:00+00:00,0.0021318095091881185
2023-04-04 00:00:00+00:00,-0.0016170836101184187
2023-04-05 00:00:00+00:00,-0.00020705169276183133
2023-04-06 00:00:00+00:00,0.0018245085886809342
2023-04-10 00:00:00+00:00,0.0009598215984651496
2023-04-11 00:00:00+00:00,0.0002414322773823395
2023-04-12 00:00:00+00:00,-0.0007520772773884769
2023-04-13 00:00:00+00:00,0.004315543660162322
2023-04-14 00:00:00+00:00,-0.00011016915571991989
2023-04-17 00:00:00+00:00,0.000998141166539466
2023-04-18 00:00:00+00:00,0.00048429272035567034
2023-04-19 00:00:00+00:00,0.00018169950306862518
2023-04-20 00:00:00+00:00,-0.0008981095256923112
2023-04-21 00:00:00+00:00,-0.00036890970754785435
2023-04-24 00:00:00+00:00,0.001102761719338942
2023-04-25 00:00:00+00:00,-0.010543059619714606
2023-04-26 00:00:00+00:00,-0.0020702943899507994
2023-04-27 00:00:00+00:00,0.013263679602517038
2023-04-28 00:00:00+00:00,0.00532447380256733
2023-05-01 00:00:00+00:00,0.0005872712869230932
2023-05-02 00:00:00+00:00,-0.0071572541496209546
2023-05-03 00:00:00+00:00,-0.00437756587934199
2023-05-04 00:00:00+00:00,-0.00503120841860431
2023-05-05 00:00:00+00:00,0.01383897552430902
2023-05-08 00:00:00+00:00,0.001352224291004611
2023-05-09 00:00:00+00:00,-0.002872266904357914
2023-05-10 00:00:00+00:00,0.003895258394884217
2023-05-11 00:00:00+00:00,-0.0004282770838550066
2023-05-12 00:00:00+00:00,-0.0003736003117668569
2023-05-15 00:00:00+00:00,0.0028760827816388607
2023-05-16 00:00:00+00:00,-0.0042234509154378975
2023-05-17 00:00:00+00:00,0.008288542739568368
2023-05-18 00:00:00+00:00,0.004983208602555552
2023-05-19 00:00:00+00:00,-0.00145917487398179
2023-05-22 00:00:00+00:00,0.0005347492681455696
2023-05-23 00:00:00+00:00,-0.007638684132016226
2023-05-24 00:00:00+00:00,-0.005484537964539472
2023-05-25 00:00:00+00:00,0.006788475255068677
2023-05-26 00:00:00+00:00,0.009120355804421193
2023-05-30 00:00:00+00:00,0.0008887336251550927
2023-05-31 00:00:00+00:00,-0.0033640269889640174
2023-06-01 00:00:00+00:00,0.007408281548230734
2023-06-02 00:00:00+00:00,0.00809088326656485
2023-06-05 00:00:00+00:00,-0.0002793732676127528
2023-06-06 00:00:00+00:00,0.001567007919828289
2023-06-07 00:00:00+00:00,-0.0012754497853266615
2023-06-08 00:00:00+00:00,0.0029954268152395476
2023-06-09 00:00:00+00:00,0.0006407754528859471
2023-06-12 00:00:00+00:00,0.0031695543930948455
2023-06-13 00:00:00+00:00,0.0024176738855784152
2023-06-14 00:00:00+00:00,0.0007465836013441751
2023-06-15 00:00:00+00:00,0.0027586966598706747
2023-06-16 00:00:00+00:00,-0.005228170383165915
2023-06-20 00:00:00+00:00,-0.0026472546511055947
2023-06-21 00:00:00+00:00,-0.0031005520613234263
2023-06-22 00:00:00+00:00,0.0032553456506916817
2023-06-23 00:00:00+00:00,-0.005704778066571275
2023-06-26 00:00:00+00:00,-0.003413653599785454
2023-06-27 00:00:00+00:00,0.009300196406466168
2023-06-28 00:00:00+00:00,-6.706203143521606e-05
2023-06-29 00:00:00+00:00,0.003574621379957333
2023-06-30 00:00:00+00:00,0.008525046894778003
2023-07-03 00:00:00+00:00,0.0010424667383426138
2023-07-05 00:00:00+00:00,-0.0008957643724589024
2023-07-06 00:00:00+00:00,-0.005206792577097401
2023-07-07 00:00:00+00:00,-0.0014332496285263754
2023-07-10 00:00:00+00:00,0.0020658546858014788
2023-07-11 00:00:00+00:00,0.0048703131813457555
2023-07-12 00:00:00+00:00,0.00521161779476664
2023-07-13 00:00:00+00:00,0.004620392942815896
2023-07-14 00:00:00+00:00,1.1009969145368614e-05
2023-07-17 00:00:00+00:00,0.002236141362763807
2023-07-18 00:00:00+00:00,0.002475254297182625
2023-07-19 00:00:00+00:00,0.0009324485300881201
2023-07-20 00:00:00+00:00,-0.0013857943777884232
2023-07-21 00:00:00+00:00,-0.0011712840121251159
2023-07-24 00:00:00+00:00,0.0028659931184562082
2023-07-25 00:00:00+00:00,0.0017484948398856688
2023-07-26 00:00:00+00:00,0.0005574714842203091
2023-07-27 00:00:00+00:00,-0.003835686908677435
2023-07-28 00:00:00+00:00,0.00644419177579748
2023-07-31 00:00:00+00:00,0.0011556175693003433
2023-08-01 00:00:00+00:00,-0.001198694420244436
2023-08-02 00:00:00+00:00,-0.0091217687058457
2023-08-03 00:00:00+00:00,-0.0017882329797658451
2023-08-04 00:00:00+00:00,-0.003563563294628067
2023-08-07 00:00:00+00:00,0.007797068250938056
2023-08-08 00:00:00+00:00,-0.003233116349804461
2023-08-09 00:00:00+00:00,-0.005794422625452973
2023-08-10 00:00:00+00:00,0.0005431037380242334
2023-08-11 00:00:00+00:00,-0.0006159834677922988
2023-08-14 00:00:00+00:00,0.005711853578621686
2023-08-15 00:00:00+00:00,-0.010875704381926393
2023-08-16 00:00:00+00:00,-0.007421998824984925
2023-08-17 00:00:00+00:00,-0.00758154589458796
2023-08-18 00:00:00+00:00,-0.001670757783766503
2023-08-21 00:00:00+00:00,0.0046115469564963355
2023-08-22 00:00:00+00:00,-0.0010508047039559402
2023-08-23 00:00:00+00:00,0.006211254777734616
2023-08-24 00:00:00+00:00,-0.006827128012274487
2023-08-25 00:00:00+00:00,0.004699691056103341
2023-08-28 00:00:00+00:00,0.003992990437995113
2023-08-29 00:00:00+00:00,0.006215559344928559
2023-08-30 00:00:00+00:00,0.0017256881565271068
2023-08-31 00:00:00+00:00,0.0001466664548833518
2023-09-01 00:00:00+00:00,0.0011855223745312784
2023-09-05 00:00:00+00:00,-0.0008718620600530474
2023-09-06 00:00:00+00:00,-0.0020140746178449586
2023-09-07 00:00:00+00:00,-0.0007452840077578279
2023-09-08 00:00:00+00:00,0.0012065684046843649
2023-09-11 00:00:00+00:00,0.0027032813678998023
2023-09-12 00:00:00+00:00,-0.001660200384502216
2023-09-13 00:00:00+00:00,0.0012157067630380444
2023-09-14 00:00:00+00:00,0.002456323873911531
2023-09-15 00:00:00+00:00,-0.007160282398379137
2023-09-18 00:00:00+00:00,0.0006961944117379116
2023-09-19 00:00:00+00:00,-0.0012065743930300284
2023-09-20 00:00:00+00:00,-0.0064298368041869
2023-09-21 00:00:00+00:00,-0.012843652920032632
2023-09-22 00:00:00+00:00,-0.0017181955061121139
2023-09-25 00:00:00+00:00,0.003672724070343747
2023-09-26 00:00:00+00:00,-0.012409965258167531
2023-09-27 00:00:00+00:00,0.00013303961187689732
2023-09-28 00:00:00+00:00,0.005206176231534385
2023-09-29 00:00:00+00:00,-0.0020778197442515287
2023-10-02 00:00:00+00:00,0.00014265892768987125
2023-10-03 00:00:00+00:00,-0.012011947232976137
2023-10-04 00:00:00+00:00,0.006785754471391955
2023-10-05 00:00:00+00:00,-0.0009047807849158017
2023-10-06 00:00:00+00:00,0.010607730899866826
2023-10-09 00:00:00+00:00,0.005976490303090388
2023-10-10 00:00:00+00:00,0.0048489840475745205
2023-10-11 00:00:00+00:00,0.004172556413527167
2023-10-12 00:00:00+00:00,-0.0056197491037655945
2023-10-13 00:00:00+00:00,-0.004685045853079781
2023-10-16 00:00:00+00:00,0.01011871207979766
2023-10-17 00:00:00+00:00,5.562818872055042e-06
2023-10-18 00:00:00+00:00,-0.013236489847981951
2023-10-19 00:00:00+00:00,-0.008583560566177111
2023-10-20 00:00:00+00:00,-0.008890824060415175
2023-10-23 00:00:00+00:00,-0.00012393483143728748
2023-10-24 00:00:00+00:00,0.005159369738711865
2023-10-25 00:00:00+00:00,-0.009168984655239637
2023-10-26 00:00:00+00:00,-0.008365877745192894
2023-10-27 00:00:00+00:00,-0.00340851845275116
2023-10-30 00:00:00+00:00,0.009886154275750325
2023-10-31 00:00:00+00:00,0.0054653942690828065
2023-11-01 00:00:00+00:00,0.00796099446158181
2023-11-02 00:00:00+00:00,0.011388868689564114
2023-11-03 00:00:00+00:00,0.004739234288266541
2023-11-06 00:00:00+00:00,0.001343856995542853
2023-11-07 00:00:00+00:00,0.0013078241043931011
2023-11-08 00:00:00+00:00,0.0008061769792245806
2023-11-09 00:00:00+00:00,-0.002518983381221399
2023-11-10 00:00:00+00:00,0.005471875601509075
2023-11-13 00:00:00+00:00,0.0002481784660309471
2023-11-14 00:00:00+00:00,0.004310674155281573
2023-11-15 00:00:00+00:00,0.0003908018839045601
2023-11-16 00:00:00+00:00,0.0008481583894084818
2023-11-17 00:00:00+00:00,-0.0004727505500328225
2023-11-20 00:00:00+00:00,0.004675591996571678
2023-11-21 00:00:00+00:00,-0.0007419877490022447
2023-11-22 00:00:00+00:00,0.002820565904115434
2023-11-24 00:00:00+00:00,0.0009729640598479493
2023-11-27 00:00:00+00:00,-0.0005426531448136069
2023-11-28 00:00:00+00:00,0.0007411254449953613
2023-11-29 00:00:00+00:00,-0.0005586545878354875
2023-11-30 00:00:00+00:00,0.0024153879564981695
2023-12-01 00:00:00+00:00,0.0030508043893680277
2023-12-04 00:00:00+00:00,-0.001996168704825716
2023-12-05 00:00:00+00:00,-2.576837939131509e-05
2023-12-06 00:00:00+00:00,-0.0016263877705040004
2023-12-07 00:00:00+00:00,0.0042259627356198495
2023-12-08 00:00:00+00:00,0.0023722076412197777
2023-12-11 00:00:00+00:00,0.0018485443204009574
2023-12-12 00:00:00+00:00,0.0017622695183883452
2023-12-13 00:00:00+00:00,0.003079601441611122
2023-12-14 00:00:00+00:00,0.0006399172063840153
2023-12-15 00:00:00+00:00,0.0036389118148419117
2023-12-18 00:00:00+00:00,0.002730289362323189
2023-12-19 00:00:00+00:00,0.0032343207377429285
2023-12-20 00:00:00+00:00,-0.008676368516385483
2023-12-21 00:00:00+00:00,0.0063641964930177455
2023-12-22 00:00:00+00:00,0.0012386608843069507
2023-12-26 00:00:00+00:00,0.0030979875519152105
2023-12-27 00:00:00+00:00,0.0012257204488637923
2023-12-28 00:00:00+00:00,0.0006526415350704497
2023-12-29 00:00:00+00:00,-0.0010190318143247844
2024-01-02 00:00:00+00:00,-0.0023369865932781272
2024-01-03 00:00:00+00:00,-0.0050004407068364905
2024-01-04 00:00:00+00:00,-0.002120852440343158
2024-01-05 00:00:00+00:00,0.001828182480479522
2024-01-08 00:00:00+00:00,0.00981080965451486
2024-01-09 00:00:00+00:00,-0.00025697187192548807
2024-01-10 00:00:00+00:00,0.0032079409399436284
2024-01-11 00:00:00+00:00,0.0003692611121778589
2024-01-12 00:00:00+00:00,0.0008506726066813759
2024-01-16 00:00:00+00:00,-0.001286821228159916
2024-01-17 00:00:00+00:00,-0.002906156728150977
2024-01-18 00:00:00+00:00,0.005254712521182428
2024-01-19 00:00:00+00:00,0.007087514143352245
2024-01-22 00:00:00+00:00,0.0017130453942095813
2024-01-23 00:00:00+00:00,0.0020146390793034986
2024-01-24 00:00:00+00:00,0.00029562930406432336
2024-01-25 00:00:00+00:00,0.0024241319518994754
2024-01-26 00:00:00+00:00,0.0002818174505277631
2024-01-29 00:00:00+00:00,0.0032162179062245853
2024-01-30 00:00:00+00:00,0.00018365905077769804
2024-01-31 00:00:00+00:00,-0.007204569426083736
2024-02-01 00:00:00+00:00,0.006353813657395993
2024-02-02 00:00:00+00:00,0.004242765936104299
2024-02-05 00:00:00+00:00,-0.0002690271291307326
2024-02-06 00:00:00+00:00,0.0009426832015575657
2024-02-07 00:00:00+00:00,0.002338788769909275
2024-02-08 00:00:00+00:00,0.00044155691376256763
2024-02-09 00:00:00+00:00,0.0017802725955691281
2024-02-12 00:00:00+00:00,-0.0004113104244499259
2024-02-13 00:00:00+00:00,-0.002800859179748394
2024-02-14 00:00:00+00:00,0.0028477004580387305
2024-02-15 00:00:00+00:00,0.0012531940696535115
2024-02-16 00:00:00+00:00,-0.0027139504516132383
2024-02-20 00:00:00+00:00,-0.003748816545041854
2024-02-21 00:00:00+00:00,0.0012059978015812928
2024-02-22 00:00:00+00:00,0.012822626252010765
2024-02-23 00:00:00+00:00,0.000789462443841154
2024-02-26 00:00:00+00:00,-0.0012315326642519133
2024-02-27 00:00:00+00:00,0.001265145679161535
2024-02-28 00:00:00+00:00,-0.000657205996615963
2024-02-29 00:00:00+00:00,0.003499685479064085
2024-03-01 00:00:00+00:00,0.003291439959544255
2024-03-04 00:00:00+00:00,-9.996895819523868e-05
2024-03-05 00:00:00+00:00,-0.004664811293223212
2024-03-06 00:00:00+00:00,0.002701087622166227
2024-03-07 00:00:00+00:00,0.004584411752894749
2024-03-08 00:00:00+00:00,-0.002026769368953411
2024-03-11 00:00:00+00:00,-2.2242053415428854e-05
2024-03-12 00:00:00+00:00,0.004607410349970654
2024-03-13 00:00:00+00:00,-0.0003086621457136111
2024-03-14 00:00:00+00:00,-0.0004786240212697405
2024-03-15 00:00:00+00:00,0.0001559117873624605
2024-03-18 00:00:00+00:00,0.0042027153789813455
2024-03-19 00:00:00+00:00,0.003613103924870658
2024-03-20 00:00:00+00:00,0.005088723801356374
2024-03-21 00:00:00+00:00,0.001911340644422885
2024-03-22 00:00:00+00:00,-0.00019211786679628604
2024-03-25 00:00:00+00:00,-0.0008679789353259745
2024-03-26 00:00:00+00:00,-0.001198838480717863
2024-03-27 00:00:00+00:00,0.004404023913187401
2024-03-28 00:00:00+00:00,0.0010751910577289307
2024-04-01 00:00:00+00:00,-0.0003662487678839207
2024-04-02 00:00:00+00:00,-0.0036370408439785826
2024-04-03 00:00:00+00:00,0.0008676328624775584
2024-04-04 00:00:00+00:00,-0.007301185467299359
2024-04-05 00:00:00+00:00,0.006818324283970777
2024-04-08 00:00:00+00:00,0.0008108562671150167
2024-04-09 00:00:00+00:00,0.0010675388739165642
2024-04-10 00:00:00+00:00,-0.004848528202727145
2024-04-11 00:00:00+00:00,0.005047206902259595
2024-04-12 00:00:00+00:00,-0.009091452916171536
2024-04-15 00:00:00+00:00,-0.009148512070882676
2024-04-16 00:00:00+00:00,-0.0013536389490391531
2024-04-17 00:00:00+00:00,-0.005354660521880557
2024-04-18 00:00:00+00:00,-0.002156808494188303
2024-04-19 00:00:00+00:00,-0.006196750039712385
2024-04-22 00:00:00+00:00,0.006845980635120008
2024-04-23 00:00:00+00:00,0.007298326635868015
2024-04-24 00:00:00+00:00,0.0004497955237492909
2024-04-25 00:00:00+00:00,-0.0023369241776984096
2024-04-26 00:00:00+00:00,0.006198559546688017
2024-04-29 00:00:00+00:00,0.0020449498247678177
2024-04-30 00:00:00+00:00,-0.008424647756221492
2024-05-01 00:00:00+00:00,-0.0013384399537984528
2024-05-02 00:00:00+00:00,0.00570423437236053
2024-05-03 00:00:00+00:00,0.007096895791294206
2024-05-06 00:00:00+00:00,0.004222653724987816
2024-05-07 00:00:00+00:00,0.0008139971894286692
2024-05-08 00:00:00+00:00,0.00030027414327345544
2024-05-09 00:00:00+00:00,0.00173384061794964
2024-05-10 00:00:00+00:00,0.0008828995828534534
2024-05-13 00:00:00+00:00,5.394455989059359e-05
2024-05-14 00:00:00+00:00,0.001511776218980145
2024-05-15 00:00:00+00:00,0.0023583221869992207
2024-05-16 00:00:00+00:00,7.148022917302177e-06
2024-05-17 00:00:00+00:00,-0.0006512949336718513
2024-05-20 00:00:00+00:00,0.0008468420777311719
2024-05-21 00:00:00+00:00,0.0019195784688581662
2024-05-22 00:00:00+00:00,-0.001479525558800801
2024-05-23 00:00:00+00:00,-0.0044126570341972106
2024-05-24 00:00:00+00:00,0.005146869482352465
2024-05-28 00:00:00+00:00,0.00036761076164165885
2024-05-29 00:00:00+00:00,-0.005083941356791715
2024-05-30 00:00:00+00:00,-0.004197379134067859
2024-05-31 00:00:00+00:00,0.006195884695036793
2024-06-03 00:00:00+00:00,0.0010332488983756099
2024-06-04 00:00:00+00:00,0.0011196846696646821
2024-06-05 00:00:00+00:00,0.0073813114055924275
2024-06-06 00:00:00+00:00,0.00035372200067217624
2024-06-07 00:00:00+00:00,0.0001370876432103015
2024-06-10 00:00:00+00:00,0.001689044125836074
2024-06-11 00:00:00+00:00,0.0017131336111578014
2024-06-12 00:00:00+00:00,0.004731024658353974
2024-06-13 00:00:00+00:00,0.0014029787772882418
2024-06-14 00:00:00+00:00,-0.00010994773664356876
2024-06-17 00:00:00+00:00,0.002341868342548333
2024-06-18 00:00:00+00:00,0.0008889149307635797
2024-06-20 00:00:00+00:00,-0.0003046861057121107
2024-06-21 00:00:00+00:00,-0.00020775078903485862
2024-06-24 00:00:00+00:00,-0.0015561990113881394
2024-06-25 00:00:00+00:00,0.0028780373785419295
2024-06-26 00:00:00+00:00,0.0013608765772532769
2024-06-27 00:00:00+00:00,0.0009427846294269786
2024-06-28 00:00:00+00:00,-0.002200062187169317
2024-07-01 00:00:00+00:00,0.002676522235849213
2024-07-02 00:00:00+00:00,0.003924894925535136
2024-07-03 00:00:00+00:00,0.00301697492688828
2024-07-05 00:00:00+00:00,0.0029247785851237345
2024-07-08 00:00:00+00:00,0.0009116082624686623
2024-07-09 00:00:00+00:00,0.00048784538836099244
2024-07-10 00:00:00+00:00,0.0035801853595127937
2024-07-11 00:00:00+00:00,-0.0024084424515799212
2024-07-12 00:00:00+00:00,0.002032098764957039
2024-07-15 00:00:00+00:00,0.0011007382589329397
2024-07-16 00:00:00+00:00,0.001999384599679692
2024-07-17 00:00:00+00:00,-0.003381063319958094
2024-07-18 00:00:00+00:00,-0.0025944884902593165
2024-07-19 00:00:00+00:00,-0.004813578834377738
2024-07-22 00:00:00+00:00,0.007360808635481467
2024-07-23 00:00:00+00:00,-0.0005873779931271122
2024-07-24 00:00:00+00:00,-0.01629417823393379
2024-07-25 00:00:00+00:00,-0.0037985982277463737
2024-07-26 00:00:00+00:00,0.009003406632632271
2024-07-29 00:00:00+00:00,0.0008045243852828814
2024-07-30 00:00:00+00:00,-0.003791042139705946
2024-07-31 00:00:00+00:00,0.01185544853517043
2024-08-01 00:00:00+00:00,-0.009945260842574423
2024-08-02 00:00:00+00:00,-0.015075851809050706
2024-08-05 00:00:00+00:00,-0.025026261579185284
2024-08-06 00:00:00+00:00,0.008231269467153586
2024-08-07 00:00:00+00:00,-0.006716014170682778
2024-08-08 00:00:00+00:00,0.020286873716829665
2024-08-09 00:00:00+00:00,0.0041871240866930585
2024-08-12 00:00:00+00:00,0.000350079558972274
2024-08-13 00:00:00+00:00,0.01577800199235214
2024-08-14 00:00:00+00:00,0.003834095787949613
2024-08-15 00:00:00+00:00,0.014606254355451768
2024-08-16 00:00:00+00:00,0.002570824830710942
2024-08-19 00:00:00+00:00,0.005784547251269234
2024-08-20 00:00:00+00:00,-0.0013668025085340951
2024-08-21 00:00:00+00:00,0.0022360873113512355
2024-08-22 00:00:00+00:00,-0.004857908041336168
2024-08-23 00:00:00+00:00,0.006802340111321898
2024-08-26 00:00:00+00:00,-0.0010572970227235607
2024-08-27 00:00:00+00:00,0.0013119446457852833
2024-08-28 00:00:00+00:00,-0.0033049525774265995
2024-08-29 00:00:00+00:00,0.0008962155723761136
2024-08-30 00:00:00+00:00,0.005815307031726526
2024-09-03 00:00:00+00:00,-0.011990437882419366
2024-09-04 00:00:00+00:00,-0.0008635130258392092
2024-09-05 00:00:00+00:00,-0.0015227336616320311
2024-09-06 00:00:00+00:00,-0.012944558710815953
2024-09-09 00:00:00+00:00,0.00990867002305797
2024-09-10 00:00:00+00:00,0.003560999087931297
2024-09-11 00:00:00+00:00,0.007779361287226389
2024-09-12 00:00:00+00:00,0.0050725726244552904
2024-09-13 00:00:00+00:00,0.003475772118174441
2024-09-16 00:00:00+00:00,0.0009575922398262532
2024-09-17 00:00:00+00:00,0.00019037390874181563
2024-09-18 00:00:00+00:00,8.186575146167325e-06
2024-09-19 00:00:00+00:00,0.006435366961769297
2024-09-20 00:00:00+00:00,1.9462255216313734e-05
2024-09-23 00:00:00+00:00,0.002397005187608507
2024-09-24 00:00:00+00:00,0.0016397540740525562
2024-09-25 00:00:00+00:00,-0.0007335858977557132
2024-09-26 00:00:00+00:00,0.0022861179731666816
2024-09-27 00:00:00+00:00,-0.0008314623768128067
2024-09-30 00:00:00+00:00,0.0029066214411191506
2024-10-01 00:00:00+00:00,-0.005614397173324412
2024-10-02 00:00:00+00:00,0.0005357920448930368
2024-10-03 00:00:00+00:00,-0.0009448786033932812
2024-10-04 00:00:00+00:00,0.00647333861689627
2024-10-07 00:00:00+00:00,-0.0056728818790758705
2024-10-08 00:00:00+00:00,0.006252069560625874
2024-10-09 00:00:00+00:00,0.004059030026373658
2024-10-10 00:00:00+00:00,-5.0918717117311065e-05
2024-10-11 00:00:00+00:00,0.0033289393591898987
2024-10-14 00:00:00+00:00,0.0026994174976367677
2024-10-15 00:00:00+00:00,-0.0017959526459404573
2024-10-16 00:00:00+00:00,0.0020849658543434122
2024-10-17 00:00:00+00:00,0.00015741705095592153
2024-10-18 00:00:00+00:00,0.0011708421955947733
2024-10-21 00:00:00+00:00,-0.0008474194906348679
2024-10-22 00:00:00+00:00,-0.0001186591701556095
2024-10-23 00:00:00+00:00,-0.005979105899918933
2024-10-24 00:00:00+00:00,0.0017540968454924865
2024-10-25 00:00:00+00:00,-0.00017795803161833895
2024-10-28 00:00:00+00:00,0.002101389915822578
2024-10-29 00:00:00+00:00,0.0010654925418677329
2024-10-30 00:00:00+00:00,-0.0020825212975926523
2024-10-31 00:00:00+00:00,-0.013597063664566754
2024-11-01 00:00:00+00:00,0.003556022295193427
2024-11-04 00:00:00+00:00,-0.0018360707773507675
2024-11-05 00:00:00+00:00,0.009876286145570562
2024-11-06 00:00:00+00:00,0.018739121075387027
2024-11-07 00:00:00+00:00,0.0042837497029504824
2024-11-08 00:00:00+00:00,0.001940944116267234
2024-11-11 00:00:00+00:00,0.0008011783493986929
2024-11-12 00:00:00+00:00,-0.00043697581300325476
2024-11-13 00:00:00+00:00,0.0005698370324494694
2024-11-14 00:00:00+00:00,-0.0019273810774427377
2024-11-15 00:00:00+00:00,-0.008055568196251157
2024-11-18 00:00:00+00:00,0.0030019180437614885
2024-11-19 00:00:00+00:00,0.002131889072498039
2024-11-20 00:00:00+00:00,-0.00019777150196621603
2024-11-21 00:00:00+00:00,0.0033328042166516038
2024-11-22 00:00:00+00:00,0.0029602714077191943
2024-11-25 00:00:00+00:00,0.0021994341133475155
2024-11-26 00:00:00+00:00,0.003013316859451108
2024-11-27 00:00:00+00:00,-0.001267201252440287
2024-11-29 00:00:00+00:00,0.0025285898347303334
2024-12-02 00:00:00+00:00,0.0017058612065298118
2024-12-03 00:00:00+00:00,0.0005846047686004631
2024-12-04 00:00:00+00:00,0.0021965700493997795
2024-12-05 00:00:00+00:00,-0.0003683071983222772
2024-12-06 00:00:00+00:00,0.0015912743795382582
2024-12-09 00:00:00+00:00,-0.001902624735315393
2024-12-10 00:00:00+00:00,-0.0007332814027777552
2024-12-11 00:00:00+00:00,0.0031377632644420733
2024-12-12 00:00:00+00:00,-0.0013486267580684612
2024-12-13 00:00:00+00:00,0.0007012210939874031
2024-12-16 00:00:00+00:00,0.0010791174924423969
2024-12-17 00:00:00+00:00,-0.0007019757814357896
2024-12-18 00:00:00+00:00,-0.015894799158753956
2024-12-19 00:00:00+00:00,0.0014397916563281279
2024-12-20 00:00:00+00:00,0.010791476305405438
2024-12-23 00:00:00+00:00,0.005206718434996116
2024-12-24 00:00:00+00:00,0.00678163095202112
2024-12-26 00:00:00+00:00,-5.489322765372495e-06
2024-12-27 00:00:00+00:00,-0.005403837721774248
2024-12-30 00:00:00+00:00,-0.005971666440367474
2024-12-31 00:00:00+00:00,-0.0023820166444280056
2025-01-02 00:00:00+00:00,-0.0014383782268619545
2025-01-03 00:00:00+00:00,0.009403192996811756
2025-01-06 00:00:00+00:00,0.003648950960907428
2025-01-07 00:00:00+00:00,-0.006834303183144121
2025-01-08 00:00:00+00:00,0.0015790499530317344
2025-01-10 00:00:00+00:00,-0.011275592661029088
2025-01-13 00:00:00+00:00,0.0017699090016292346
2025-01-14 00:00:00+00:00,0.0011385094018939827
2025-01-15 00:00:00+00:00,0.015145580558016966
2025-01-16 00:00:00+00:00,-0.0005403859007546792
2025-01-17 00:00:00+00:00,0.0051371765354385965
2025-01-21 00:00:00+00:00,0.005984926939640745
2025-01-22 00:00:00+00:00,0.00353094237102928
2025-01-23 00:00:00+00:00,0.0026306821159325883
2025-01-24 00:00:00+00:00,-0.0007645111345561648
2025-01-27 00:00:00+00:00,-0.0087398994164742
2025-01-28 00:00:00+00:00,0.005982446795330665
2025-01-29 00:00:00+00:00,-0.002471480191735675
2025-01-30 00:00:00+00:00,0.0035167807730893436
2025-01-31 00:00:00+00:00,-0.0027446399052838168
2025-02-03 00:00:00+00:00,-0.00489822860162339
2025-02-04 00:00:00+00:00,0.0055361403224098
2025-02-05 00:00:00+00:00,0.00303126061940027
2025-02-06 00:00:00+00:00,0.0025195268965208595
2025-02-07 00:00:00+00:00,-0.005063532138975073
2025-02-10 00:00:00+00:00,0.005037211040982731
2025-02-11 00:00:00+00:00,0.00044839919002465247
2025-02-12 00:00:00+00:00,-0.0009526777158418596
2025-02-13 00:00:00+00:00,0.005725274352678643
2025-02-14 00:00:00+00:00,0.0009035821423534876
2025-02-18 00:00:00+00:00,0.0016921759188267787
2025-02-19 00:00:00+00:00,0.0010410104271437563
2025-02-20 00:00:00+00:00,-0.0010608077562603054
2025-02-21 00:00:00+00:00,-0.011966443178571885
2025-02-24 00:00:00+00:00,-0.0034857265102260764
2025-02-25 00:00:00+00:00,-0.0034757027573066477
2025-02-26 00:00:00+00:00,8.244467200981897e-05
2025-02-27 00:00:00+00:00,-0.012901346110449196
2025-02-28 00:00:00+00:00,0.013311694736486425
2025-03-03 00:00:00+00:00,-0.014422170774772546
2025-03-04 00:00:00+00:00,-0.010436308982600985
2025-03-05 00:00:00+00:00,0.009707568050769251
2025-03-06 00:00:00+00:00,-0.015425037399256766
2025-03-07 00:00:00+00:00,0.004743004494472892
2025-03-10 00:00:00+00:00,-0.023120913416943927
2025-03-11 00:00:00+00:00,-0.006605639131922181
2025-03-12 00:00:00+00:00,0.003749167727766966
2025-03-13 00:00:00+00:00,-0.0113091391030526
2025-03-14 00:00:00+00:00,0.017130430312502203
2025-03-17 00:00:00+00:00,0.005449294593209507
2025-03-18 00:00:00+00:00,-0.008766842019098334
2025-03-19 00:00:00+00:00,0.008588813144158977
2025-03-20 00:00:00+00:00,-0.0017430221797993522
2025-03-21 00:00:00+00:00,-0.00020563827669659875
2025-03-24 00:00:00+00:00,0.010133773619499374
2025-03-25 00:00:00+00:00,0.0011587612811320208
2025-03-26 00:00:00+00:00,-0.005579093228069177
2025-03-27 00:00:00+00:00,-0.0016837344230171665
2025-03-28 00:00:00+00:00,-0.012570536483133237
2025-03-31 00:00:00+00:00,0.0042927601963778155
2025-04-01 00:00:00+00:00,0.0027308407040798214
2025-04-02 00:00:00+00:00,0.0044002623462615865
2025-04-03 00:00:00+00:00,-0.03581189429610729
2025-04-04 00:00:00+00:00,-0.04970371333776595
2025-04-07 00:00:00+00:00,-0.0016007670107776298
2025-04-08 00:00:00+00:00,-0.012917777861407041
2025-04-09 00:00:00+00:00,0.07809759154748457
2025-04-10 00:00:00+00:00,-0.02878344016031308
2025-04-11 00:00:00+00:00,0.015233924828859461
2025-04-14 00:00:00+00:00,0.006687881639825108
2025-04-15 00:00:00+00:00,-0.0020402315862802964
2025-04-16 00:00:00+00:00,-0.020233373453155554
2025-04-17 00:00:00+00:00,0.0017756779629968097
2025-04-21 00:00:00+00:00,-0.015033117054301527
2025-04-22 00:00:00+00:00,0.016628930301456336
2025-04-23 00:00:00+00:00,0.010149399588160064
2025-04-24 00:00:00+00:00,0.010021226023230741
2025-04-25 00:00:00+00:00,0.004440886116517699
2025-04-28 00:00:00+00:00,0.0010400466083371827
2025-04-29 00:00:00+00:00,0.0028917303100851953
2025-04-30 00:00:00+00:00,0.0011703532499975282
2025-05-01 00:00:00+00:00,0.0022666980584361658
2025-05-02 00:00:00+00:00,0.005343431070465303
2025-05-05 00:00:00+00:00,-0.0014088732814884009
2025-05-06 00:00:00+00:00,-0.001711472138932763
2025-05-07 00:00:00+00:00,0.0017812543243701576
2025-05-08 00:00:00+00:00,0.0016488970998965308
2025-05-09 00:00:00+00:00,0.0007163899580524296
2025-05-12 00:00:00+00:00,0.007345741700010426
2025-05-13 00:00:00+00:00,0.0018700124389642169
2025-05-14 00:00:00+00:00,0.0004116900351452897
2025-05-15 00:00:00+00:00,0.0007681672355320158
2025-05-16 00:00:00+00:00,0.002362203622095144
2025-05-19 00:00:00+00:00,0.0006297151737146063
2025-05-20 00:00:00+00:00,-0.001855584410529818
2025-05-21 00:00:00+00:00,-0.010442557046216955
2025-05-22 00:00:00+00:00,5.831567440501775e-05
2025-05-23 00:00:00+00:00,-0.004851820912736027
2025-05-27 00:00:00+00:00,0.015296013747374666
2025-05-28 00:00:00+00:00,-0.003378860577589092
2025-05-29 00:00:00+00:00,0.002861094713966604
2025-05-30 00:00:00+00:00,0.0004942175848753654
2025-06-02 00:00:00+00:00,0.0031958094840334166
2025-06-03 00:00:00+00:00,0.003913963808433655
2025-06-04 00:00:00+00:00,0.000509166202510062
2025-06-05 00:00:00+00:00,-0.0030009310029554754
2025-06-06 00:00:00+00:00,0.007024903094619686
2025-06-09 00:00:00+00:00,0.0012141280516821758
2025-06-10 00:00:00+00:00,0.0029356311789685693
2025-06-11 00:00:00+00:00,-0.001083379302425041
2025-06-12 00:00:00+00:00,0.0020640973379212665
2025-06-13 00:00:00+00:00,-0.0058072265942702645
2025-06-16 00:00:00+00:00,0.006531909331346817
2025-06-17 00:00:00+00:00,-0.004459726060236433
2025-06-18 00:00:00+00:00,0.0014140300972333365
2025-06-20 00:00:00+00:00,-0.0022975059844717073
2025-06-23 00:00:00+00:00,0.006353307723619771
2025-06-24 00:00:00+00:00,0.006270145685245984
2025-06-25 00:00:00+00:00,0.0003855574142580652
2025-06-26 00:00:00+00:00,0.0035982712184746044
2025-06-27 00:00:00+00:00,0.0025570553594348256
2025-06-30 00:00:00+00:00,0.0024310442519962353
2025-07-01 00:00:00+00:00,-0.00042134837321988923
2025-07-02 00:00:00+00:00,0.0020392738884426236
2025-07-03 00:00:00+00:00,0.0028209895108541015
2025-07-07 00:00:00+00:00,-0.0018708359817869872
2025-07-08 00:00:00+00:00,0.0005381324635023099
2025-07-09 00:00:00+00:00,0.001919292350291108
2025-07-10 00:00:00+00:00,0.0009151951002401664
2025-07-11 00:00:00+00:00,-0.00035078256908714113
2025-07-14 00:00:00+00:00,0.0002859407215587135
2025-07-15 00:00:00+00:00,-0.00045809402945963984
2025-07-16 00:00:00+00:00,0.0009533871828144889
2025-07-17 00:00:00+00:00,0.0009617865602701658
2025-07-18 00:00:00+00:00,-0.0022026156770128574
2025-07-21 00:00:00+00:00,0.0012941119878733156
2025-07-22 00:00:00+00:00,0.0008021090639863842
2025-07-23 00:00:00+00:00,0.004809510892864718
2025-07-24 00:00:00+00:00,0.0006529447603921227
2025-07-25 00:00:00+00:00,0.002559810441414918
2025-07-28 00:00:00+00:00,0.0008668302098803462
2025-07-29 00:00:00+00:00,-0.0015829726174912575
2025-07-30 00:00:00+00:00,-0.0003185569025814176
2025-07-31 00:00:00+00:00,-0.0018259263728566775
2025-08-01 00:00:00+00:00,-0.01076474358188579
2025-08-04 00:00:00+00:00,0.011240677876111552
2025-08-05 00:00:00+00:00,-0.0028593787754312037
2025-08-06 00:00:00+00:00,0.005116429610701935
2025-08-07 00:00:00+00:00,-0.00022437129718172932
2025-08-08 00:00:00+00:00,0.004967344027248826
2025-08-11 00:00:00+00:00,-0.0008737549964246104
2025-08-12 00:00:00+00:00,0.0056251217461475815
2025-08-13 00:00:00+00:00,0.001207306490278352
2025-08-14 00:00:00+00:00,0.0003838974894246757
2025-08-15 00:00:00+00:00,-0.0036453949916954646
2025-08-18 00:00:00+00:00,0.0006566532262340231
2025-08-19 00:00:00+00:00,-0.003521791589107529
2025-08-20 00:00:00+00:00,-0.001566664661393483
2025-08-21 00:00:00+00:00,-0.0029248105864418403
2025-08-22 00:00:00+00:00,0.010933316003308834
2025-08-25 00:00:00+00:00,-0.0021355700967340867
2025-08-26 00:00:00+00:00,0.0028020212479126227
2025-08-27 00:00:00+00:00,0.0014132825290961834
2025-08-28 00:00:00+00:00,0.0022984554646436157
2025-08-29 00:00:00+00:00,-0.003689688793363363
2025-09-02 00:00:00+00:00,-0.004196176159482872
2025-09-03 00:00:00+00:00,0.003955258495186619
2025-09-04 00:00:00+00:00,0.005578421476471426
2025-09-05 00:00:00+00:00,-0.001153901845328112
2025-09-08 00:00:00+00:00,0.0017081342387644809
2025-09-09 00:00:00+00:00,0.0018432152066665442
2025-09-10 00:00:00+00:00,0.0017231417018529708
2025-09-11 00:00:00+00:00,0.004326607617349938
2025-09-12 00:00:00+00:00,0.00023944103771949356
2025-09-15 00:00:00+00:00,0.001835349920801263
2025-09-16 00:00:00+00:00,-0.00025219561995176704
2025-09-17 00:00:00+00:00,0.000549326223992159
2025-09-18 00:00:00+00:00,0.0018202463182391353
2025-09-19 00:00:00+00:00,0.0013772188303001068
2025-09-22 00:00:00+00:00,0.002538730114125169
2025-09-23 00:00:00+00:00,-0.0030717256295815856
2025-09-24 00:00:00+00:00,-0.00111548593896701
2025-09-25 00:00:00+00:00,-0.0029180231787132886
2025-09-26 00:00:00+00:00,0.00461294157677058
2025-09-29 00:00:00+00:00,0.0020986617271642337
2025-09-30 00:00:00+00:00,0.0026499503021158886
2025-10-01 00:00:00+00:00,0.002091015452270634
2025-10-02 00:00:00+00:00,0.00044275043281238896
2025-10-03 00:00:00+00:00,0.0006431725914751906
2025-10-06 00:00:00+00:00,0.0025590883563967387
2025-10-07 00:00:00+00:00,-0.0018711580805518514
2025-10-08 00:00:00+00:00,0.003570965609202431
2025-10-09 00:00:00+00:00,-0.0009891383418485617
2025-10-10 00:00:00+00:00,-0.0191949053450507
2025-10-13 00:00:00+00:00,0.013585255097861113
2025-10-14 00:00:00+00:00,-0.0008934490390087806
2025-10-15 00:00:00+00:00,0.0033472893528339103
2025-10-16 00:00:00+00:00,-0.0037075344047040174
2025-10-17 00:00:00+00:00,0.0049591232366950734
2025-10-20 00:00:00+00:00,0.007180070365129007
2025-10-21 00:00:00+00:00,0.0005254918040592013
2025-10-22 00:00:00+00:00,-0.0027273698512185803
2025-10-23 00:00:00+00:00,0.003595649223671514
2025-10-24 00:00:00+00:00,0.004068986117325979
2025-10-27 00:00:00+00:00,0.00528827790250109
2025-10-28 00:00:00+00:00,0.0005506546106424646
2025-10-29 00:00:00+00:00,-0.0001388203825781098
2025-10-30 00:00:00+00:00,-0.003376248363273945
2025-10-31 00:00:00+00:00,0.0013644567444680371
2025-11-03 00:00:00+00:00,0.0015654934922820188
2025-11-04 00:00:00+00:00,-0.005109325809156249
2025-11-05 00:00:00+00:00,0.0025306177915838638
2025-11-06 00:00:00+00:00,-0.005606118568066924
2025-11-07 00:00:00+00:00,0.001495776612906312
2025-11-10 00:00:00+00:00,0.00815949575155172
2025-11-11 00:00:00+00:00,0.0012332607374737569
2025-11-12 00:00:00+00:00,0.00044042695151442547
2025-11-13 00:00:00+00:00,-0.00737968915143082
2025-11-14 00:00:00+00:00,0.0005768590077758315
2025-11-17 00:00:00+00:00,-0.004501764227933497
2025-11-18 00:00:00+00:00,-0.004912011272396629
2025-11-19 00:00:00+00:00,0.003478947452582747
2025-11-20 00:00:00+00:00,-0.0107658407137817
2025-11-21 00:00:00+00:00,0.009912704595275304
2025-11-24 00:00:00+00:00,0.009632689036671095
2025-11-25 00:00:00+00:00,0.004957233292910241
2025-11-26 00:00:00+00:00,0.003226936318188459
2025-11-28 00:00:00+00:00,0.0026185290120288923
2025-12-01 00:00:00+00:00,-0.0017152551695043244
2025-12-02 00:00:00+00:00,0.001645988531530686
2025-12-03 00:00:00+00:00,0.0012964940111835563
2025-12-04 00:00:00+00:00,0.0008488282425849809
2025-12-05 00:00:00+00:00,0.0013119068858711337
2025-12-08 00:00:00+00:00,-0.001013284737034783
2025-12-09 00:00:00+00:00,7.136414003616389e-05
2025-12-10 00:00:00+00:00,0.0023471667329881575
2025-12-11 00:00:00+00:00,0.0009083392039508407
2025-12-12 00:00:00+00:00,-0.002317080647993355
2025-12-15 00:00:00+00:00,6.932995856743146e-06
2025-12-16 00:00:00+00:00,6.731570158365459e-05
2025-12-17 00:00:00+00:00,-0.00365445357625818
2025-12-18 00:00:00+00:00,0.0032894115661856013
2025-12-19 00:00:00+00:00,0.005457801988101097
2025-12-22 00:00:00+00:00,0.0046623684010591165
2025-12-23 00:00:00+00:00,0.0025993737595228733
2025-12-24 00:00:00+00:00,0.0017011052601822424
2025-12-26 00:00:00+00:00,0.0004025450116810186
2025-12-29 00:00:00+00:00,-0.0011742953631480586
2025-12-30 00:00:00+00:00,-0.00044617314260714426
2025-12-31 00:00:00+00:00,-0.003933479543572592
2026-01-02 00:00:00+00:00,0.001937697880976504
2026-01-05 00:00:00+00:00,0.0040071910592427585
2026-01-06 00:00:00+00:00,0.003244447128891456
2026-01-07 00:00:00+00:00,-0.0013715780236929292
2026-01-08 00:00:00+00:00,0.00040198009806403305
2026-01-09 00:00:00+00:00,0.0034065848252589487
2026-01-12 00:00:00+00:00,0.0009734152852954329
2026-01-13 00:00:00+00:00,-0.0002444618247534379
2026-01-14 00:00:00+00:00,-0.0017507110667337475
2026-01-15 00:00:00+00:00,0.0015782301862009539
2026-01-16 00:00:00+00:00,-0.0004870237315111276
2026-01-20 00:00:00+00:00,-0.014380886318762089
2026-01-21 00:00:00+00:00,0.009048751572091968
2026-01-22 00:00:00+00:00,0.004236692381564185
2026-01-23 00:00:00+00:00,0.0005810711632728393
2026-01-26 00:00:00+00:00,0.003534839593979811
2026-01-27 00:00:00+00:00,0.0025563700350926654
2026-01-28 00:00:00+00:00,-2.921749719124417e-05
2026-01-29 00:00:00+00:00,-0.0004150141863783122
2026-01-30 00:00:00+00:00,-0.0026204746178846846
2026-02-02 00:00:00+00:00,0.0043184779313525795
2026-02-03 00:00:00+00:00,-0.005503951102640476
2026-02-04 00:00:00+00:00,-0.0038766995322086677
2026-02-05 00:00:00+00:00,-0.009588199856811596
2026-02-06 00:00:00+00:00,0.016149014721949358
2026-02-09 00:00:00+00:00,0.003939777546318015
2026-02-10 00:00:00+00:00,-0.0018593608333890147
2026-02-11 00:00:00+00:00,0.00042190719604248293
2026-02-12 00:00:00+00:00,-0.012439195945466282
2026-02-13 00:00:00+00:00,0.0009277545829546065
2026-02-17 00:00:00+00:00,0.0015786057322551325
2026-02-18 00:00:00+00:00,0.005382358106090043
2026-02-19 00:00:00+00:00,-0.0022760179211436518
2026-02-20 00:00:00+00:00,0.004355353052458818
2026-02-23 00:00:00+00:00,-0.006634496490654257
2026-02-24 00:00:00+00:00,0.005799856712695989
2026-02-25 00:00:00+00:00,0.0056334383893771895
2026-02-26 00:00:00+00:00,-0.002821758270433599
2026-02-27 00:00:00+00:00,-0.002725863054603359
2026-03-02 00:00:00+00:00,0.0004919379089939196
2026-03-03 00:00:00+00:00,-0.0066036212244570385
2026-03-04 00:00:00+00:00,0.006212712325073292
2026-03-05 00:00:00+00:00,-0.0039725785151500555
2026-03-06 00:00:00+00:00,-0.010557389265602655
2026-03-09 00:00:00+00:00,0.007611585106278447
2026-03-10 00:00:00+00:00,-0.0015043024932662728
2026-03-11 00:00:00+00:00,-0.00022831822794381013
2026-03-12 00:00:00+00:00,-0.013287362857054816
2026-03-13 00:00:00+00:00,-0.005294786613618329
2026-03-16 00:00:00+00:00,0.009093168937695264
2026-03-17 00:00:00+00:00,0.0024395912127765066
2026-03-18 00:00:00+00:00,-0.013404193593078161
2026-03-19 00:00:00+00:00,-0.003087530326587878
2026-03-20 00:00:00+00:00,-0.012124454934709743
2026-03-23 00:00:00+00:00,0.008242037088556756
2026-03-24 00:00:00+00:00,-0.00198710970914209
2026-03-25 00:00:00+00:00,0.0038715619059639314
2026-03-26 00:00:00+00:00,-0.011110832378582475
2026-03-27 00:00:00+00:00,-0.011769431259068425
2026-03-30 00:00:00+00:00,-0.001759899803325373
2026-03-31 00:00:00+00:00,0.021804900560055282
2026-04-01 00:00:00+00:00,0.0049348441936336584
2026-04-02 00:00:00+00:00,0.0015737469390187783
2026-04-06 00:00:00+00:00,0.003672261187872627
2026-04-07 00:00:00+00:00,-0.0004314057096440393
2026-04-08 00:00:00+00:00,0.013780187851232806
2026-04-09 00:00:00+00:00,0.0032944419454655973
2026-04-10 00:00:00+00:00,-5.562590444944612e-05
2026-04-13 00:00:00+00:00,0.0034729821973525556
2026-04-14 00:00:00+00:00,0.00258594582632003
2026-04-15 00:00:00+00:00,0.0019664283073295916
2026-04-16 00:00:00+00:00,0.0007443494472575303
2026-04-17 00:00:00+00:00,0.005856829353547654
2026-04-20 00:00:00+00:00,-0.0014062257355213158
2026-04-21 00:00:00+00:00,-0.0042429267091972965
2026-04-22 00:00:00+00:00,0.0074151856664779366
2026-04-23 00:00:00+00:00,-0.002409625942273716
2026-04-24 00:00:00+00:00,0.004939066292148405
2026-04-27 00:00:00+00:00,0.001466558360567899
2026-04-28 00:00:00+00:00,-0.0023480561358477257
2026-04-29 00:00:00+00:00,-0.0001590977551494143
2026-04-30 00:00:00+00:00,0.006966905974110363
2026-05-01 00:00:00+00:00,0.0019057675702011342
2026-05-04 00:00:00+00:00,-0.0017391855959727686
2026-05-05 00:00:00+00:00,0.004806473747656401
2026-05-06 00:00:00+00:00,0.005860718623366729
2026-05-07 00:00:00+00:00,-0.0010696343527000364
2026-05-08 00:00:00+00:00,0.0032388153525607314
2026-05-11 00:00:00+00:00,0.0005750181602975871
2026-05-12 00:00:00+00:00,-0.00010997270126252001
2026-05-13 00:00:00+00:00,0.0015972695294481864
2026-05-14 00:00:00+00:00,0.0019842469328514457
2026-05-15 00:00:00+00:00,-0.004360237086741577
2026-05-18 00:00:00+00:00,0.000507774427028947
2026-05-19 00:00:00+00:00,-0.004063204666116454
2026-05-20 00:00:00+00:00,0.0069841674270927296
2026-05-21 00:00:00+00:00,0.0018046250482070402
2026-05-22 00:00:00+00:00,0.0023569635090014774
2026-05-26 00:00:00+00:00,0.004013683309395722
2026-05-27 00:00:00+00:00,0.0007309885098783218
2026-05-28 00:00:00+00:00,0.0034135892360939923
2026-05-29 00:00:00+00:00,0.0014415352860151181
2026-06-01 00:00:00+00:00,0.0016260158412388602
2026-06-02 00:00:00+00:00,0.000941090672591923
2026-06-03 00:00:00+00:00,-0.0031368681546856602
2026-06-04 00:00:00+00:00,0.0026865080245228813
2026-06-05 00:00:00+00:00,-0.016221152218756085
2026-06-08 00:00:00+00:00,0.0030799587804436115
2026-06-09 00:00:00+00:00,-0.0020047169389647568
2026-06-10 00:00:00+00:00,-0.013028867792071533
2026-06-11 00:00:00+00:00,0.014409151726452216
2026-06-12 00:00:00+00:00,0.005024171478014244
2026-06-15 00:00:00+00:00,0.01073132221996595
2026-06-16 00:00:00+00:00,-0.0023463320328657496
2026-06-17 00:00:00+00:00,-0.006861026582614267
2026-06-18 00:00:00+00:00,0.006589122228135369
2026-06-22 00:00:00+00:00,-0.001535269520323341
2026-06-23 00:00:00+00:00,-0.010151896252696585
2026-06-24 00:00:00+00:00,-0.0005108024743496417
2026-06-25 00:00:00+00:00,0.00016584442656063185
2026-06-26 00:00:00+00:00,0.003308718270609886
2026-06-29 00:00:00+00:00,0.006184864738225576
2026-06-30 00:00:00+00:00,0.006142272151164369
2026-07-01 00:00:00+00:00,-0.0008628717639330948
2026-07-02 00:00:00+00:00,0.00044675195482683707
2026-07-06 00:00:00+00:00,0.00584369628036009
2026-07-07 00:00:00+00:00,-0.0026988723513540654
2026-07-08 00:00:00+00:00,-0.0018450579059565387
2026-07-09 00:00:00+00:00,0.006034889392617206
2026-07-10 00:00:00+00:00,0.0030644772780301383
2026-07-13 00:00:00+00:00,-0.0048792186927029135
2026-07-14 00:00:00+00:00,0.003193835508617588
2026-07-15 00:00:00+00:00,0.0027191658262616246
2026-07-16 00:00:00+00:00,-0.002539394093595308
2026-07-17 00:00:00+00:00,-0.007292216946560459
2026-07-20 00:00:00+00:00,-0.000534767430863185
2026-07-21 00:00:00+00:00,0.005972314081045307
2026-07-22 00:00:00+00:00,-0.000471591735989966
2026-07-23 00:00:00+00:00,-0.007793005822051066
2026-07-24 00:00:00+00:00,0.0007936634378486497
2026-07-27 00:00:00+00:00,0.0005369675664050808
2026-07-28 00:00:00+00:00,0.001622132827899821
2026-07-29 00:00:00+00:00,-0.011126670339101988
2026-07-30 00:00:00+00:00,0.01286680892569531
2026-07-31 00:00:00+00:00,0.005567058103785435
2026-08-03 00:00:00+00:00,0.008582782088785853
2026-08-04 00:00:00+00:00,0.006533410848412002
2026-08-05 00:00:00+00:00,0.00014203562259125887
2026-08-06 00:00:00+00:00,-0.00014986178770130842
2026-08-07 00:00:00+00:00,0.002664251913738447
2026-08-10 00:00:00+00:00,5.293090742308281e-05
2026-08-11 00:00:00+00:00,-0.0005374646433566684
2026-08-12 00:00:00+00:00,0.001210815024596394
2026-08-13 00:00:00+00:00,0.001664078273839094
2026-08-14 00:00:00+00:00,0.00022696599745416175
2026-08-17 00:00:00+00:00,-0.0011947196897154888
2026-08-18 00:00:00+00:00,-0.0016470527572730656
2026-08-19 00:00:00+00:00,0.0008493026961403153
2026-08-20 00:00:00+00:00,-0.0022013610268904185
2026-08-21 00:00:00+00:00,0.001545592281768347
2026-08-24 00:00:00+00:00,-0.0013074011572598231
2026-08-25 00:00:00+00:00,0.002311456330261161
2026-08-26 00:00:00+00:00,4.7885092182706983e-05
2026-08-27 00:00:00+00:00,0.004955073057915492
2026-08-28 00:00:00+00:00,-0.0008928990993562023
2026-08-31 00:00:00+00:00,-0.0015536525067734927
2026-09-01 00:00:00+00:00,-0.004777434075942939
2026-09-02 00:00:00+00:00,0.003574972152416467
2026-09-03 00:00:00+00:00,0.006812805247677818
2026-09-04 00:00:00+00:00,-0.0014674994895766316
2026-09-08 00:00:00+00:00,-0.003305295790057795
2026-09-09 00:00:00+00:00,-0.003335416290908555
2026-09-10 00:00:00+00:00,-0.004521781564411566
