open_time,adjusted_close
2005-01-03 14:30:00+00:00,53.6129264831543
2005-01-04 14:30:00+00:00,53.49441909790039
2005-01-05 14:30:00+00:00,53.507568359375
2005-01-06 14:30:00+00:00,53.53388595581055
2005-01-07 14:30:00+00:00,53.54047775268555
2005-01-10 14:30:00+00:00,53.507568359375
2005-01-11 14:30:00+00:00,53.5207405090332
2005-01-12 14:30:00+00:00,53.52731704711914
2005-01-13 14:30:00+00:00,53.59316635131836
2005-01-14 14:30:00+00:00,53.56684112548828
2005-01-18 14:30:00+00:00,53.54707717895508
2005-01-19 14:30:00+00:00,53.55365753173828
2005-01-20 14:30:00+00:00,53.59979248046875
2005-01-21 14:30:00+00:00,53.652427673339844
2005-01-24 14:30:00+00:00,53.61948013305664
2005-01-25 14:30:00+00:00,53.59979248046875
2005-01-26 14:30:00+00:00,53.57999801635742
2005-01-27 14:30:00+00:00,53.56684112548828
2005-01-28 14:30:00+00:00,53.59316635131836
2005-01-31 14:30:00+00:00,53.586585998535156
2005-02-01 14:30:00+00:00,53.60038757324219
2005-02-02 14:30:00+00:00,53.58066177368164
2005-02-03 14:30:00+00:00,53.54765319824219
2005-02-04 14:30:00+00:00,53.60038757324219
2005-02-07 14:30:00+00:00,53.58721160888672
2005-02-08 14:30:00+00:00,53.56741714477539
2005-02-09 14:30:00+00:00,53.66640853881836
2005-02-10 14:30:00+00:00,53.626869201660156
2005-02-11 14:30:00+00:00,53.60038757324219
2005-02-14 14:30:00+00:00,53.574039459228516
2005-02-15 14:30:00+00:00,53.58066177368164
2005-02-16 14:30:00+00:00,53.55424880981445
2005-02-17 14:30:00+00:00,53.58066177368164
2005-02-18 14:30:00+00:00,53.50810623168945
2005-02-22 14:30:00+00:00,53.527835845947266
2005-02-23 14:30:00+00:00,53.521244049072266
2005-02-24 14:30:00+00:00,53.50810623168945
2005-02-25 14:30:00+00:00,53.48167419433594
2005-02-28 14:30:00+00:00,53.44867706298828
2005-03-01 14:30:00+00:00,53.437442779541016
2005-03-02 14:30:00+00:00,53.47051239013672
2005-03-03 14:30:00+00:00,53.49032974243164
2005-03-04 14:30:00+00:00,53.49032974243164
2005-03-07 14:30:00+00:00,53.47051239013672
2005-03-08 14:30:00+00:00,53.47051239013672
2005-03-09 14:30:00+00:00,53.45069122314453
2005-03-10 14:30:00+00:00,53.4110107421875
2005-03-11 14:30:00+00:00,53.39780807495117
2005-03-14 14:30:00+00:00,53.37797546386719
2005-03-15 14:30:00+00:00,53.35812759399414
2005-03-16 14:30:00+00:00,53.42424011230469
2005-03-17 14:30:00+00:00,53.44405746459961
2005-03-18 14:30:00+00:00,53.41767501831055
2005-03-21 14:30:00+00:00,53.45069122314453
2005-03-22 14:30:00+00:00,53.35812759399414
2005-03-23 14:30:00+00:00,53.351497650146484
2005-03-24 14:30:00+00:00,53.364803314208984
2005-03-28 14:30:00+00:00,53.338287353515625
2005-03-29 14:30:00+00:00,53.37797546386719
2005-03-30 14:30:00+00:00,53.384559631347656
2005-03-31 14:30:00+00:00,53.457298278808594
2005-04-01 14:30:00+00:00,53.490455627441406
2005-04-04 13:30:00+00:00,53.490455627441406
2005-04-05 13:30:00+00:00,53.503684997558594
2005-04-06 13:30:00+00:00,53.54348373413086
2005-04-07 13:30:00+00:00,53.52356719970703
2005-04-08 13:30:00+00:00,53.51688003540039
2005-04-11 13:30:00+00:00,53.51688003540039
2005-04-12 13:30:00+00:00,53.55005645751953
2005-04-13 13:30:00+00:00,53.62956237792969
2005-04-14 13:30:00+00:00,53.675933837890625
2005-04-15 13:30:00+00:00,53.76204299926758
2005-04-18 13:30:00+00:00,53.735591888427734
2005-04-19 13:30:00+00:00,53.801815032958984
2005-04-20 13:30:00+00:00,53.78195571899414
2005-04-21 13:30:00+00:00,53.689212799072266
2005-04-22 13:30:00+00:00,53.70244598388672
2005-04-25 13:30:00+00:00,53.71569061279297
2005-04-26 13:30:00+00:00,53.70244598388672
2005-04-27 13:30:00+00:00,53.7421989440918
2005-04-28 13:30:00+00:00,53.788612365722656
2005-04-29 13:30:00+00:00,53.735591888427734
2005-05-02 13:30:00+00:00,53.742183685302734
2005-05-03 13:30:00+00:00,53.77542495727539
2005-05-04 13:30:00+00:00,53.795345306396484
2005-05-05 13:30:00+00:00,53.84848403930664
2005-05-06 13:30:00+00:00,53.72888946533203
2005-05-09 13:30:00+00:00,53.702392578125
2005-05-10 13:30:00+00:00,53.742183685302734
2005-05-11 13:30:00+00:00,53.77542495727539
2005-05-12 13:30:00+00:00,53.801971435546875
2005-05-13 13:30:00+00:00,53.86180114746094
2005-05-16 13:30:00+00:00,53.84848403930664
2005-05-17 13:30:00+00:00,53.84848403930664
2005-05-18 13:30:00+00:00,53.9016227722168
2005-05-19 13:30:00+00:00,53.82194900512695
2005-05-20 13:30:00+00:00,53.82194900512695
2005-05-23 13:30:00+00:00,53.855072021484375
2005-05-24 13:30:00+00:00,53.88831329345703
2005-05-25 13:30:00+00:00,53.908267974853516
2005-05-26 13:30:00+00:00,53.88831329345703
2005-05-27 13:30:00+00:00,53.908267974853516
2005-05-31 13:30:00+00:00,53.94808578491211
2005-06-01 13:30:00+00:00,54.054595947265625
2005-06-02 13:30:00+00:00,54.03464889526367
2005-06-03 13:30:00+00:00,53.96811294555664
2005-06-06 13:30:00+00:00,53.994712829589844
2005-06-07 13:30:00+00:00,54.00800704956055
2005-06-08 13:30:00+00:00,53.994712829589844
2005-06-09 13:30:00+00:00,53.96139144897461
2005-06-10 13:30:00+00:00,53.91483688354492
2005-06-13 13:30:00+00:00,53.91483688354492
2005-06-14 13:30:00+00:00,53.92812728881836
2005-06-15 13:30:00+00:00,53.91483688354492
2005-06-16 13:30:00+00:00,53.96139144897461
2005-06-17 13:30:00+00:00,53.95475387573242
2005-06-20 13:30:00+00:00,53.94145965576172
2005-06-21 13:30:00+00:00,53.94809341430664
2005-06-22 13:30:00+00:00,54.06789779663086
2005-06-23 13:30:00+00:00,54.04794692993164
2005-06-24 13:30:00+00:00,54.0745964050293
2005-06-27 13:30:00+00:00,54.09453582763672
2005-06-28 13:30:00+00:00,54.03464889526367
2005-06-29 13:30:00+00:00,54.04794692993164
2005-06-30 13:30:00+00:00,54.08121109008789
2005-07-01 13:30:00+00:00,53.93180465698242
2005-07-05 13:30:00+00:00,53.945125579833984
2005-07-06 13:30:00+00:00,53.978477478027344
2005-07-07 13:30:00+00:00,54.02522659301758
2005-07-08 13:30:00+00:00,53.965126037597656
2005-07-11 13:30:00+00:00,53.925106048583984
2005-07-12 13:30:00+00:00,53.925106048583984
2005-07-13 13:30:00+00:00,53.93180465698242
2005-07-14 13:30:00+00:00,53.93180465698242
2005-07-15 13:30:00+00:00,53.938453674316406
2005-07-18 13:30:00+00:00,53.925106048583984
2005-07-19 13:30:00+00:00,53.945125579833984
2005-07-20 13:30:00+00:00,53.938453674316406
2005-07-21 13:30:00+00:00,53.885074615478516
2005-07-22 13:30:00+00:00,53.938453674316406
2005-07-25 13:30:00+00:00,53.918479919433594
2005-07-26 13:30:00+00:00,53.90506362915039
2005-07-27 13:30:00+00:00,53.90506362915039
2005-07-28 13:30:00+00:00,53.9117431640625
2005-07-29 13:30:00+00:00,53.87837219238281
2005-08-01 13:30:00+00:00,53.84564971923828
2005-08-02 13:30:00+00:00,53.85228729248047
2005-08-03 13:30:00+00:00,53.87240219116211
2005-08-04 13:30:00+00:00,53.87240219116211
2005-08-05 13:30:00+00:00,53.8255729675293
2005-08-08 13:30:00+00:00,53.772056579589844
2005-08-09 13:30:00+00:00,53.832252502441406
2005-08-10 13:30:00+00:00,53.832252502441406
2005-08-11 13:30:00+00:00,53.87240219116211
2005-08-12 13:30:00+00:00,53.939266204833984
2005-08-15 13:30:00+00:00,53.91250228881836
2005-08-16 13:30:00+00:00,53.939266204833984
2005-08-17 13:30:00+00:00,53.952640533447266
2005-08-18 13:30:00+00:00,53.999473571777344
2005-08-19 13:30:00+00:00,53.979373931884766
2005-08-22 13:30:00+00:00,53.986045837402344
2005-08-23 13:30:00+00:00,54.03958511352539
2005-08-24 13:30:00+00:00,54.0462646484375
2005-08-25 13:30:00+00:00,54.03958511352539
2005-08-26 13:30:00+00:00,53.999473571777344
2005-08-29 13:30:00+00:00,54.01280975341797
2005-08-30 13:30:00+00:00,54.093082427978516
2005-08-31 13:30:00+00:00,54.233455657958984
2005-09-01 13:30:00+00:00,54.29920959472656
2005-09-02 13:30:00+00:00,54.36628341674805
2005-09-06 13:30:00+00:00,54.279117584228516
2005-09-07 13:30:00+00:00,54.23887634277344
2005-09-08 13:30:00+00:00,54.21202850341797
2005-09-09 13:30:00+00:00,54.22545623779297
2005-09-12 13:30:00+00:00,54.20532989501953
2005-09-13 13:30:00+00:00,54.23887634277344
2005-09-14 13:30:00+00:00,54.23218536376953
2005-09-15 13:30:00+00:00,54.218780517578125
2005-09-16 13:30:00+00:00,54.17848205566406
2005-09-19 13:30:00+00:00,54.19192886352539
2005-09-20 13:30:00+00:00,54.151702880859375
2005-09-21 13:30:00+00:00,54.20532989501953
2005-09-22 13:30:00+00:00,54.22545623779297
2005-09-23 13:30:00+00:00,54.17848205566406
2005-09-26 13:30:00+00:00,54.13823318481445
2005-09-27 13:30:00+00:00,54.118160247802734
2005-09-28 13:30:00+00:00,54.13823318481445
2005-09-29 13:30:00+00:00,54.118160247802734
2005-09-30 13:30:00+00:00,54.071205139160156
2005-10-03 13:30:00+00:00,54.046974182128906
2005-10-04 13:30:00+00:00,54.04025650024414
2005-10-05 13:30:00+00:00,54.067203521728516
2005-10-06 13:30:00+00:00,54.067203521728516
2005-10-07 13:30:00+00:00,54.10752868652344
2005-10-10 13:30:00+00:00,54.10083770751953
2005-10-11 13:30:00+00:00,54.08733367919922
2005-10-12 13:30:00+00:00,54.046974182128906
2005-10-13 13:30:00+00:00,54.046974182128906
2005-10-14 13:30:00+00:00,54.060462951660156
2005-10-17 13:30:00+00:00,54.03354263305664
2005-10-18 13:30:00+00:00,54.080631256103516
2005-10-19 13:30:00+00:00,54.10752868652344
2005-10-20 13:30:00+00:00,54.10752868652344
2005-10-21 13:30:00+00:00,54.14112854003906
2005-10-24 13:30:00+00:00,54.12095260620117
2005-10-25 13:30:00+00:00,54.02685546875
2005-10-26 13:30:00+00:00,54.0066032409668
2005-10-27 13:30:00+00:00,54.046974182128906
2005-10-28 13:30:00+00:00,54.046974182128906
2005-10-31 14:30:00+00:00,54.02685546875
2005-11-01 14:30:00+00:00,54.041629791259766
2005-11-02 14:30:00+00:00,54.034912109375
2005-11-03 14:30:00+00:00,54.0079460144043
2005-11-04 14:30:00+00:00,54.0079460144043
2005-11-07 14:30:00+00:00,54.00117874145508
2005-11-08 14:30:00+00:00,54.068660736083984
2005-11-09 14:30:00+00:00,54.00117874145508
2005-11-10 14:30:00+00:00,54.07537841796875
2005-11-11 14:30:00+00:00,54.09560775756836
2005-11-14 14:30:00+00:00,54.01469421386719
2005-11-15 14:30:00+00:00,54.05512237548828
2005-11-16 14:30:00+00:00,54.122589111328125
2005-11-17 14:30:00+00:00,54.169795989990234
2005-11-18 14:30:00+00:00,54.169795989990234
2005-11-21 14:30:00+00:00,54.203514099121094
2005-11-22 14:30:00+00:00,54.27770233154297
2005-11-23 14:30:00+00:00,54.2103271484375
2005-11-25 14:30:00+00:00,54.25752258300781
2005-11-28 14:30:00+00:00,54.27096939086914
2005-11-29 14:30:00+00:00,54.23049545288086
2005-11-30 14:30:00+00:00,54.23727035522461
2005-12-01 14:30:00+00:00,54.183860778808594
2005-12-02 14:30:00+00:00,54.23118209838867
2005-12-05 14:30:00+00:00,54.1702995300293
2005-12-06 14:30:00+00:00,54.24468994140625
2005-12-07 14:30:00+00:00,54.25149917602539
2005-12-08 14:30:00+00:00,54.319091796875
2005-12-09 14:30:00+00:00,54.2650260925293
2005-12-12 14:30:00+00:00,54.2582893371582
2005-12-13 14:30:00+00:00,54.28532028198242
2005-12-14 14:30:00+00:00,54.346160888671875
2005-12-15 14:30:00+00:00,54.346160888671875
2005-12-16 14:30:00+00:00,54.37998580932617
2005-12-19 14:30:00+00:00,54.346160888671875
2005-12-20 14:30:00+00:00,54.33944320678711
2005-12-21 14:30:00+00:00,54.33944320678711
2005-12-22 14:30:00+00:00,54.38674545288086
2005-12-23 14:30:00+00:00,54.413795471191406
2005-12-27 14:30:00+00:00,54.420570373535156
2005-12-28 14:30:00+00:00,54.48774337768555
2005-12-29 14:30:00+00:00,54.44705581665039
2005-12-30 14:30:00+00:00,54.42674255371094
2006-01-03 14:30:00+00:00,54.5013542175293
2006-01-04 14:30:00+00:00,54.55559158325195
2006-01-05 14:30:00+00:00,54.508140563964844
2006-01-06 14:30:00+00:00,54.52167510986328
2006-01-09 14:30:00+00:00,54.52846145629883
2006-01-10 14:30:00+00:00,54.47418975830078
2006-01-11 14:30:00+00:00,54.47418975830078
2006-01-12 14:30:00+00:00,54.5013542175293
2006-01-13 14:30:00+00:00,54.60987854003906
2006-01-17 14:30:00+00:00,54.589534759521484
2006-01-18 14:30:00+00:00,54.582759857177734
2006-01-19 14:30:00+00:00,54.589534759521484
2006-01-20 14:30:00+00:00,54.60987854003906
2006-01-23 14:30:00+00:00,54.61666488647461
2006-01-24 14:30:00+00:00,54.60310745239258
2006-01-25 14:30:00+00:00,54.52846145629883
2006-01-26 14:30:00+00:00,54.53527069091797
2006-01-27 14:30:00+00:00,54.49455642700195
2006-01-30 14:30:00+00:00,54.52167510986328
2006-01-31 14:30:00+00:00,54.52167510986328
2006-02-01 14:30:00+00:00,54.4720344543457
2006-02-02 14:30:00+00:00,54.4720344543457
2006-02-03 14:30:00+00:00,54.499210357666016
2006-02-06 14:30:00+00:00,54.4720344543457
2006-02-07 14:30:00+00:00,54.47883605957031
2006-02-08 14:30:00+00:00,54.458396911621094
2006-02-09 14:30:00+00:00,54.44482421875
2006-02-10 14:30:00+00:00,54.403907775878906
2006-02-13 14:30:00+00:00,54.44482421875
2006-02-14 14:30:00+00:00,54.44482421875
2006-02-15 14:30:00+00:00,54.43797302246094
2006-02-16 14:30:00+00:00,54.47883605957031
2006-02-17 14:30:00+00:00,54.519676208496094
2006-02-21 14:30:00+00:00,54.47883605957031
2006-02-22 14:30:00+00:00,54.519676208496094
2006-02-23 14:30:00+00:00,54.4720344543457
2006-02-24 14:30:00+00:00,54.492401123046875
2006-02-27 14:30:00+00:00,54.46519470214844
2006-02-28 14:30:00+00:00,54.540096282958984
2006-03-01 14:30:00+00:00,54.51205825805664
2006-03-02 14:30:00+00:00,54.53251266479492
2006-03-03 14:30:00+00:00,54.4778938293457
2006-03-06 14:30:00+00:00,54.498390197753906
2006-03-07 14:30:00+00:00,54.498390197753906
2006-03-08 14:30:00+00:00,54.53251266479492
2006-03-09 14:30:00+00:00,54.55303955078125
2006-03-10 14:30:00+00:00,54.498390197753906
2006-03-13 14:30:00+00:00,54.498390197753906
2006-03-14 14:30:00+00:00,54.607669830322266
2006-03-15 14:30:00+00:00,54.62139892578125
2006-03-16 14:30:00+00:00,54.71697998046875
2006-03-17 14:30:00+00:00,54.69647979736328
2006-03-20 14:30:00+00:00,54.723785400390625
2006-03-21 14:30:00+00:00,54.62820816040039
2006-03-22 14:30:00+00:00,54.64183807373047
2006-03-23 14:30:00+00:00,54.62820816040039
2006-03-24 14:30:00+00:00,54.70329666137695
2006-03-27 14:30:00+00:00,54.68964767456055
2006-03-28 14:30:00+00:00,54.64183807373047
2006-03-29 14:30:00+00:00,54.64183807373047
2006-03-30 14:30:00+00:00,54.61453628540039
2006-03-31 14:30:00+00:00,54.635047912597656
2006-04-03 13:30:00+00:00,54.604881286621094
2006-04-04 13:30:00+00:00,54.64598083496094
2006-04-05 13:30:00+00:00,54.6528434753418
2006-04-06 13:30:00+00:00,54.64598083496094
2006-04-07 13:30:00+00:00,54.611732482910156
2006-04-10 13:30:00+00:00,54.625396728515625
2006-04-11 13:30:00+00:00,54.673404693603516
2006-04-12 13:30:00+00:00,54.639102935791016
2006-04-13 13:30:00+00:00,54.63229751586914
2006-04-17 13:30:00+00:00,54.66651153564453
2006-04-18 13:30:00+00:00,54.741886138916016
2006-04-19 13:30:00+00:00,54.72819519042969
2006-04-20 13:30:00+00:00,54.707672119140625
2006-04-21 13:30:00+00:00,54.707672119140625
2006-04-24 13:30:00+00:00,54.735050201416016
2006-04-25 13:30:00+00:00,54.69395065307617
2006-04-26 13:30:00+00:00,54.6528434753418
2006-04-27 13:30:00+00:00,54.741886138916016
2006-04-28 13:30:00+00:00,54.755619049072266
2006-05-01 13:30:00+00:00,54.723304748535156
2006-05-02 13:30:00+00:00,54.730133056640625
2006-05-03 13:30:00+00:00,54.730133056640625
2006-05-04 13:30:00+00:00,54.73705291748047
2006-05-05 13:30:00+00:00,54.750823974609375
2006-05-08 13:30:00+00:00,54.743919372558594
2006-05-09 13:30:00+00:00,54.750823974609375
2006-05-10 13:30:00+00:00,54.750823974609375
2006-05-11 13:30:00+00:00,54.77143096923828
2006-05-12 13:30:00+00:00,54.750823974609375
2006-05-15 13:30:00+00:00,54.77832794189453
2006-05-16 13:30:00+00:00,54.826438903808594
2006-05-17 13:30:00+00:00,54.79893493652344
2006-05-18 13:30:00+00:00,54.85396194458008
2006-05-19 13:30:00+00:00,54.840171813964844
2006-05-22 13:30:00+00:00,54.840171813964844
2006-05-23 13:30:00+00:00,54.874568939208984
2006-05-24 13:30:00+00:00,54.90892791748047
2006-05-25 13:30:00+00:00,54.90892791748047
2006-05-26 13:30:00+00:00,54.9295539855957
2006-05-30 13:30:00+00:00,54.88834762573242
2006-05-31 13:30:00+00:00,54.84705352783203
2006-06-01 13:30:00+00:00,54.91464614868164
2006-06-02 13:30:00+00:00,54.99747848510742
2006-06-05 13:30:00+00:00,54.94916915893555
2006-06-06 13:30:00+00:00,54.94916915893555
2006-06-07 13:30:00+00:00,54.91464614868164
2006-06-08 13:30:00+00:00,54.976802825927734
2006-06-09 13:30:00+00:00,54.976802825927734
2006-06-12 13:30:00+00:00,54.98367691040039
2006-06-13 13:30:00+00:00,54.96985626220703
2006-06-14 13:30:00+00:00,54.91464614868164
2006-06-15 13:30:00+00:00,54.900875091552734
2006-06-16 13:30:00+00:00,54.87328338623047
2006-06-19 13:30:00+00:00,54.85258865356445
2006-06-20 13:30:00+00:00,54.845680236816406
2006-06-21 13:30:00+00:00,54.859493255615234
2006-06-22 13:30:00+00:00,54.83188247680664
2006-06-23 13:30:00+00:00,54.818092346191406
2006-06-26 13:30:00+00:00,54.825016021728516
2006-06-27 13:30:00+00:00,54.859493255615234
2006-06-28 13:30:00+00:00,54.83188247680664
2006-06-29 13:30:00+00:00,54.928436279296875
2006-06-30 13:30:00+00:00,54.976802825927734
2006-07-03 13:30:00+00:00,54.96845626831055
2006-07-05 13:30:00+00:00,54.920005798339844
2006-07-06 13:30:00+00:00,54.9615478515625
2006-07-07 13:30:00+00:00,55.003074645996094
2006-07-10 13:30:00+00:00,55.003074645996094
2006-07-11 13:30:00+00:00,55.003074645996094
2006-07-12 13:30:00+00:00,55.02383041381836
2006-07-13 13:30:00+00:00,55.09306716918945
2006-07-14 13:30:00+00:00,55.10000228881836
2006-07-17 13:30:00+00:00,55.09306716918945
2006-07-18 13:30:00+00:00,55.051513671875
2006-07-19 13:30:00+00:00,55.12771224975586
2006-07-20 13:30:00+00:00,55.1969108581543
2006-07-21 13:30:00+00:00,55.18307113647461
2006-07-24 13:30:00+00:00,55.18307113647461
2006-07-25 13:30:00+00:00,55.16922378540039
2006-07-26 13:30:00+00:00,55.23845672607422
2006-07-27 13:30:00+00:00,55.26618194580078
2006-07-28 13:30:00+00:00,55.33535385131836
2006-07-31 13:30:00+00:00,55.342315673828125
2006-08-01 13:30:00+00:00,55.376365661621094
2006-08-02 13:30:00+00:00,55.376365661621094
2006-08-03 13:30:00+00:00,55.36940383911133
2006-08-04 13:30:00+00:00,55.41802978515625
2006-08-07 13:30:00+00:00,55.43886184692383
2006-08-08 13:30:00+00:00,55.46668243408203
2006-08-09 13:30:00+00:00,55.4875373840332
2006-08-10 13:30:00+00:00,55.473609924316406
2006-08-11 13:30:00+00:00,55.42499542236328
2006-08-14 13:30:00+00:00,55.397212982177734
2006-08-15 13:30:00+00:00,55.473609924316406
2006-08-16 13:30:00+00:00,55.56393814086914
2006-08-17 13:30:00+00:00,55.55699920654297
2006-08-18 13:30:00+00:00,55.577919006347656
2006-08-21 13:30:00+00:00,55.61258316040039
2006-08-22 13:30:00+00:00,55.605648040771484
2006-08-23 13:30:00+00:00,55.591766357421875
2006-08-24 13:30:00+00:00,55.62646484375
2006-08-25 13:30:00+00:00,55.640350341796875
2006-08-28 13:30:00+00:00,55.65427780151367
2006-08-29 13:30:00+00:00,55.675132751464844
2006-08-30 13:30:00+00:00,55.70982360839844
2006-08-31 13:30:00+00:00,55.75847244262695
2006-09-01 13:30:00+00:00,55.821922302246094
2006-09-05 13:30:00+00:00,55.759185791015625
2006-09-06 13:30:00+00:00,55.759185791015625
2006-09-07 13:30:00+00:00,55.759185791015625
2006-09-08 13:30:00+00:00,55.7940559387207
2006-09-11 13:30:00+00:00,55.78705596923828
2006-09-12 13:30:00+00:00,55.814998626708984
2006-09-13 13:30:00+00:00,55.821922302246094
2006-09-14 13:30:00+00:00,55.77315139770508
2006-09-15 13:30:00+00:00,55.7940559387207
2006-09-18 13:30:00+00:00,55.78705596923828
2006-09-19 13:30:00+00:00,55.86382293701172
2006-09-20 13:30:00+00:00,55.88474655151367
2006-09-21 13:30:00+00:00,55.98236083984375
2006-09-22 13:30:00+00:00,56.010215759277344
2006-09-25 13:30:00+00:00,56.059059143066406
2006-09-26 13:30:00+00:00,55.99626922607422
2006-09-27 13:30:00+00:00,56.038089752197266
2006-09-28 13:30:00+00:00,56.059059143066406
2006-09-29 13:30:00+00:00,56.003238677978516
2006-10-02 13:30:00+00:00,56.06906509399414
2006-10-03 13:30:00+00:00,56.07600402832031
2006-10-04 13:30:00+00:00,56.17409133911133
2006-10-05 13:30:00+00:00,56.11798095703125
2006-10-06 13:30:00+00:00,56.04805374145508
2006-10-09 13:30:00+00:00,56.055015563964844
2006-10-10 13:30:00+00:00,55.97806167602539
2006-10-11 13:30:00+00:00,55.97108840942383
2006-10-12 13:30:00+00:00,55.999053955078125
2006-10-13 13:30:00+00:00,55.97806167602539
2006-10-16 13:30:00+00:00,56.00605392456055
2006-10-17 13:30:00+00:00,56.01304244995117
2006-10-18 13:30:00+00:00,56.020076751708984
2006-10-19 13:30:00+00:00,56.01304244995117
2006-10-20 13:30:00+00:00,56.034061431884766
2006-10-23 13:30:00+00:00,56.00605392456055
2006-10-24 13:30:00+00:00,56.00605392456055
2006-10-25 13:30:00+00:00,56.06906509399414
2006-10-26 13:30:00+00:00,56.13903045654297
2006-10-27 13:30:00+00:00,56.195037841796875
2006-10-30 14:30:00+00:00,56.16006851196289
2006-10-31 14:30:00+00:00,56.236995697021484
2006-11-01 14:30:00+00:00,56.27706527709961
2006-11-02 14:30:00+00:00,56.26298904418945
2006-11-03 14:30:00+00:00,56.15766906738281
2006-11-06 14:30:00+00:00,56.15060043334961
2006-11-07 14:30:00+00:00,56.220855712890625
2006-11-08 14:30:00+00:00,56.24898147583008
2006-11-09 14:30:00+00:00,56.24195098876953
2006-11-10 14:30:00+00:00,56.28404998779297
2006-11-13 14:30:00+00:00,56.28404998779297
2006-11-14 14:30:00+00:00,56.29111099243164
2006-11-15 14:30:00+00:00,56.2559928894043
2006-11-16 14:30:00+00:00,56.23491287231445
2006-11-17 14:30:00+00:00,56.30515670776367
2006-11-20 14:30:00+00:00,56.31919479370117
2006-11-21 14:30:00+00:00,56.333274841308594
2006-11-22 14:30:00+00:00,56.37539291381836
2006-11-24 14:30:00+00:00,56.38249588012695
2006-11-27 14:30:00+00:00,56.417545318603516
2006-11-28 14:30:00+00:00,56.44562911987305
2006-11-29 14:30:00+00:00,56.44562911987305
2006-11-30 14:30:00+00:00,56.5088996887207
2006-12-01 14:30:00+00:00,56.61956787109375
2006-12-04 14:30:00+00:00,56.61253356933594
2006-12-05 14:30:00+00:00,56.61253356933594
2006-12-06 14:30:00+00:00,56.60548400878906
2006-12-07 14:30:00+00:00,56.59137725830078
2006-12-08 14:30:00+00:00,56.5208625793457
2006-12-11 14:30:00+00:00,56.52787399291992
2006-12-12 14:30:00+00:00,56.60548400878906
2006-12-13 14:30:00+00:00,56.52787399291992
2006-12-14 14:30:00+00:00,56.499698638916016
2006-12-15 14:30:00+00:00,56.5208625793457
2006-12-18 14:30:00+00:00,56.5208625793457
2006-12-19 14:30:00+00:00,56.52787399291992
2006-12-20 14:30:00+00:00,56.56319046020508
2006-12-21 14:30:00+00:00,56.60548400878906
2006-12-22 14:30:00+00:00,56.59846496582031
2006-12-26 14:30:00+00:00,56.59846496582031
2006-12-27 14:30:00+00:00,56.56732940673828
2006-12-28 14:30:00+00:00,56.53196334838867
2006-12-29 14:30:00+00:00,56.54609298706055
2007-01-03 14:30:00+00:00,56.60270690917969
2007-01-04 14:30:00+00:00,56.65922546386719
2007-01-05 14:30:00+00:00,56.6239128112793
2007-01-08 14:30:00+00:00,56.58852767944336
2007-01-09 14:30:00+00:00,56.60973358154297
2007-01-10 14:30:00+00:00,56.595584869384766
2007-01-11 14:30:00+00:00,56.55318832397461
2007-01-12 14:30:00+00:00,56.517822265625
2007-01-16 14:30:00+00:00,56.574378967285156
2007-01-17 14:30:00+00:00,56.55318832397461
2007-01-18 14:30:00+00:00,56.574378967285156
2007-01-19 14:30:00+00:00,56.56732940673828
2007-01-22 14:30:00+00:00,56.58852767944336
2007-01-23 14:30:00+00:00,56.56022644042969
2007-01-24 14:30:00+00:00,56.58852767944336
2007-01-25 14:30:00+00:00,56.54609298706055
2007-01-26 14:30:00+00:00,56.55318832397461
2007-01-29 14:30:00+00:00,56.56022644042969
2007-01-30 14:30:00+00:00,56.574378967285156
2007-01-31 14:30:00+00:00,56.637996673583984
2007-02-01 14:30:00+00:00,56.63093185424805
2007-02-02 14:30:00+00:00,56.65222930908203
2007-02-05 14:30:00+00:00,56.63798141479492
2007-02-06 14:30:00+00:00,56.701866149902344
2007-02-07 14:30:00+00:00,56.73030090332031
2007-02-08 14:30:00+00:00,56.75161361694336
2007-02-09 14:30:00+00:00,56.694828033447266
2007-02-12 14:30:00+00:00,56.694828033447266
2007-02-13 14:30:00+00:00,56.687705993652344
2007-02-14 14:30:00+00:00,56.81549072265625
2007-02-15 14:30:00+00:00,56.843902587890625
2007-02-16 14:30:00+00:00,56.858089447021484
2007-02-20 14:30:00+00:00,56.85092544555664
2007-02-21 14:30:00+00:00,56.88648223876953
2007-02-22 14:30:00+00:00,56.85092544555664
2007-02-23 14:30:00+00:00,56.91484069824219
2007-02-26 14:30:00+00:00,56.95748519897461
2007-02-27 14:30:00+00:00,57.092342376708984
2007-02-28 14:30:00+00:00,57.049766540527344
2007-03-01 14:30:00+00:00,57.12876892089844
2007-03-02 14:30:00+00:00,57.192909240722656
2007-03-05 14:30:00+00:00,57.2142448425293
2007-03-06 14:30:00+00:00,57.16444396972656
2007-03-07 14:30:00+00:00,57.22138977050781
2007-03-08 14:30:00+00:00,57.22138977050781
2007-03-09 14:30:00+00:00,57.121665954589844
2007-03-12 13:30:00+00:00,57.171539306640625
2007-03-13 13:30:00+00:00,57.2498779296875
2007-03-14 13:30:00+00:00,57.264156341552734
2007-03-15 13:30:00+00:00,57.2498779296875
2007-03-16 13:30:00+00:00,57.242794036865234
2007-03-19 13:30:00+00:00,57.192909240722656
2007-03-20 13:30:00+00:00,57.242794036865234
2007-03-21 13:30:00+00:00,57.33536148071289
2007-03-22 13:30:00+00:00,57.27836608886719
2007-03-23 13:30:00+00:00,57.242794036865234
2007-03-26 13:30:00+00:00,57.299739837646484
2007-03-27 13:30:00+00:00,57.306854248046875
2007-03-28 13:30:00+00:00,57.33536148071289
2007-03-29 13:30:00+00:00,57.306854248046875
2007-03-30 13:30:00+00:00,57.306854248046875
2007-04-02 13:30:00+00:00,57.31758117675781
2007-04-03 13:30:00+00:00,57.31758117675781
2007-04-04 13:30:00+00:00,57.35330581665039
2007-04-05 13:30:00+00:00,57.331878662109375
2007-04-09 13:30:00+00:00,57.203147888183594
2007-04-10 13:30:00+00:00,57.274688720703125
2007-04-11 13:30:00+00:00,57.274688720703125
2007-04-12 13:30:00+00:00,57.26754379272461
2007-04-13 13:30:00+00:00,57.23894119262695
2007-04-16 13:30:00+00:00,57.23177719116211
2007-04-17 13:30:00+00:00,57.324710845947266
2007-04-18 13:30:00+00:00,57.403385162353516
2007-04-19 13:30:00+00:00,57.403385162353516
2007-04-20 13:30:00+00:00,57.389060974121094
2007-04-23 13:30:00+00:00,57.43196487426758
2007-04-24 13:30:00+00:00,57.48196029663086
2007-04-25 13:30:00+00:00,57.460540771484375
2007-04-26 13:30:00+00:00,57.41764450073242
2007-04-27 13:30:00+00:00,57.43907928466797
2007-04-30 13:30:00+00:00,57.48196029663086
2007-05-01 13:30:00+00:00,57.45755386352539
2007-05-02 13:30:00+00:00,57.486270904541016
2007-05-03 13:30:00+00:00,57.44324493408203
2007-05-04 13:30:00+00:00,57.471954345703125
2007-05-07 13:30:00+00:00,57.471954345703125
2007-05-08 13:30:00+00:00,57.50067901611328
2007-05-09 13:30:00+00:00,57.45755386352539
2007-05-10 13:30:00+00:00,57.50782012939453
2007-05-11 13:30:00+00:00,57.486270904541016
2007-05-14 13:30:00+00:00,57.44324493408203
2007-05-15 13:30:00+00:00,57.45755386352539
2007-05-16 13:30:00+00:00,57.51497268676758
2007-05-17 13:30:00+00:00,57.47913360595703
2007-05-18 13:30:00+00:00,57.421730041503906
2007-05-21 13:30:00+00:00,57.43608856201172
2007-05-22 13:30:00+00:00,57.45047378540039
2007-05-23 13:30:00+00:00,57.43608856201172
2007-05-24 13:30:00+00:00,57.45755386352539
2007-05-25 13:30:00+00:00,57.493473052978516
2007-05-29 13:30:00+00:00,57.43608856201172
2007-05-30 13:30:00+00:00,57.47913360595703
2007-05-31 13:30:00+00:00,57.44324493408203
2007-06-01 13:30:00+00:00,57.41373825073242
2007-06-04 13:30:00+00:00,57.435367584228516
2007-06-05 13:30:00+00:00,57.38490676879883
2007-06-06 13:30:00+00:00,57.45689392089844
2007-06-07 13:30:00+00:00,57.39217758178711
2007-06-08 13:30:00+00:00,57.41373825073242
2007-06-11 13:30:00+00:00,57.42093276977539
2007-06-12 13:30:00+00:00,57.37051773071289
2007-06-13 13:30:00+00:00,57.38490676879883
2007-06-14 13:30:00+00:00,57.38490676879883
2007-06-15 13:30:00+00:00,57.46415328979492
2007-06-18 13:30:00+00:00,57.46415328979492
2007-06-19 13:30:00+00:00,57.5649299621582
2007-06-20 13:30:00+00:00,57.50730895996094
2007-06-21 13:30:00+00:00,57.5289306640625
2007-06-22 13:30:00+00:00,57.60816955566406
2007-06-25 13:30:00+00:00,57.65852355957031
2007-06-26 13:30:00+00:00,57.62253952026367
2007-06-27 13:30:00+00:00,57.61528778076172
2007-06-28 13:30:00+00:00,57.60090637207031
2007-06-29 13:30:00+00:00,57.71614456176758
2007-07-02 13:30:00+00:00,57.75376892089844
2007-07-03 13:30:00+00:00,57.73204803466797
2007-07-05 13:30:00+00:00,57.65254211425781
2007-07-06 13:30:00+00:00,57.64531707763672
2007-07-09 13:30:00+00:00,57.68864822387695
2007-07-10 13:30:00+00:00,57.797096252441406
2007-07-11 13:30:00+00:00,57.76816940307617
2007-07-12 13:30:00+00:00,57.73204803466797
2007-07-13 13:30:00+00:00,57.76093292236328
2007-07-16 13:30:00+00:00,57.81874465942383
2007-07-17 13:30:00+00:00,57.7826042175293
2007-07-18 13:30:00+00:00,57.86933135986328
2007-07-19 13:30:00+00:00,57.86211395263672
2007-07-20 13:30:00+00:00,57.95608901977539
2007-07-23 13:30:00+00:00,57.912723541259766
2007-07-24 13:30:00+00:00,57.97052764892578
2007-07-25 13:30:00+00:00,58.013912200927734
2007-07-26 13:30:00+00:00,58.15122985839844
2007-07-27 13:30:00+00:00,58.21628189086914
2007-07-30 13:30:00+00:00,58.143985748291016
2007-07-31 13:30:00+00:00,58.237953186035156
2007-08-01 13:30:00+00:00,58.18136978149414
2007-08-02 13:30:00+00:00,58.210350036621094
2007-08-03 13:30:00+00:00,58.355472564697266
2007-08-06 13:30:00+00:00,58.28294372558594
2007-08-07 13:30:00+00:00,58.23213195800781
2007-08-08 13:30:00+00:00,58.18863296508789
2007-08-09 13:30:00+00:00,58.355472564697266
2007-08-10 13:30:00+00:00,58.333736419677734
2007-08-13 13:30:00+00:00,58.38447189331055
2007-08-14 13:30:00+00:00,58.4643440246582
2007-08-15 13:30:00+00:00,58.54410171508789
2007-08-16 13:30:00+00:00,58.6601448059082
2007-08-17 13:30:00+00:00,58.7109375
2007-08-20 13:30:00+00:00,58.78351593017578
2007-08-21 13:30:00+00:00,58.86334991455078
2007-08-22 13:30:00+00:00,58.78351593017578
2007-08-23 13:30:00+00:00,58.74722671508789
2007-08-24 13:30:00+00:00,58.638427734375
2007-08-27 13:30:00+00:00,58.71821975708008
2007-08-28 13:30:00+00:00,58.87055587768555
2007-08-29 13:30:00+00:00,58.79801559448242
2007-08-30 13:30:00+00:00,58.84880447387695
2007-08-31 13:30:00+00:00,58.84880447387695
2007-09-04 13:30:00+00:00,58.84587097167969
2007-09-05 13:30:00+00:00,58.998836517333984
2007-09-06 13:30:00+00:00,58.92598342895508
2007-09-07 13:30:00+00:00,59.1298828125
2007-09-10 13:30:00+00:00,59.151737213134766
2007-09-11 13:30:00+00:00,59.06432342529297
2007-09-12 13:30:00+00:00,59.11529541015625
2007-09-13 13:30:00+00:00,59.02792739868164
2007-09-14 13:30:00+00:00,59.02066421508789
2007-09-17 13:30:00+00:00,59.01334762573242
2007-09-18 13:30:00+00:00,59.093482971191406
2007-09-19 13:30:00+00:00,59.093482971191406
2007-09-20 13:30:00+00:00,58.96967697143555
2007-09-21 13:30:00+00:00,59.04974365234375
2007-09-24 13:30:00+00:00,59.11529541015625
2007-09-25 13:30:00+00:00,59.16628646850586
2007-09-26 13:30:00+00:00,59.1298828125
2007-09-27 13:30:00+00:00,59.23910903930664
2007-09-28 13:30:00+00:00,59.17354965209961
2007-10-01 13:30:00+00:00,59.18605422973633
2007-10-02 13:30:00+00:00,59.222557067871094
2007-10-03 13:30:00+00:00,59.21520233154297
2007-10-04 13:30:00+00:00,59.2444953918457
2007-10-05 13:30:00+00:00,59.17867660522461
2007-10-08 13:30:00+00:00,59.23716354370117
2007-10-09 13:30:00+00:00,59.105621337890625
2007-10-10 13:30:00+00:00,59.120201110839844
2007-10-11 13:30:00+00:00,59.13484191894531
2007-10-12 13:30:00+00:00,59.06902313232422
2007-10-15 13:30:00+00:00,59.06902313232422
2007-10-16 13:30:00+00:00,59.14213943481445
2007-10-17 13:30:00+00:00,59.28099822998047
2007-10-18 13:30:00+00:00,59.36140441894531
2007-10-19 13:30:00+00:00,59.514896392822266
2007-10-22 13:30:00+00:00,59.46378707885742
2007-10-23 13:30:00+00:00,59.47102355957031
2007-10-24 13:30:00+00:00,59.587982177734375
2007-10-25 13:30:00+00:00,59.5514030456543
2007-10-26 13:30:00+00:00,59.558712005615234
2007-10-29 13:30:00+00:00,59.558712005615234
2007-10-30 13:30:00+00:00,59.5514030456543
2007-10-31 13:30:00+00:00,59.456398010253906
2007-11-01 13:30:00+00:00,59.64934158325195
2007-11-02 13:30:00+00:00,59.72272872924805
2007-11-05 14:30:00+00:00,59.715328216552734
2007-11-06 14:30:00+00:00,59.678672790527344
2007-11-07 14:30:00+00:00,59.847434997558594
2007-11-08 14:30:00+00:00,59.94278335571289
2007-11-09 14:30:00+00:00,59.964759826660156
2007-11-12 14:30:00+00:00,60.104148864746094
2007-11-13 14:30:00+00:00,59.9207763671875
2007-11-14 14:30:00+00:00,59.95016098022461
2007-11-15 14:30:00+00:00,60.14820861816406
2007-11-16 14:30:00+00:00,60.14820861816406
2007-11-19 14:30:00+00:00,60.34626007080078
2007-11-20 14:30:00+00:00,60.32429504394531
2007-11-21 14:30:00+00:00,60.51499557495117
2007-11-23 14:30:00+00:00,60.44900894165039
2007-11-26 14:30:00+00:00,60.617733001708984
2007-11-27 14:30:00+00:00,60.43430709838867
2007-11-28 14:30:00+00:00,60.382965087890625
2007-11-29 14:30:00+00:00,60.49298858642578
2007-11-30 14:30:00+00:00,60.5223388671875
2007-12-03 14:30:00+00:00,60.659263610839844
2007-12-04 14:30:00+00:00,60.65188217163086
2007-12-05 14:30:00+00:00,60.67396545410156
2007-12-06 14:30:00+00:00,60.54880142211914
2007-12-07 14:30:00+00:00,60.48258972167969
2007-12-10 14:30:00+00:00,60.43843078613281
2007-12-11 14:30:00+00:00,60.659263610839844
2007-12-12 14:30:00+00:00,60.50468444824219
2007-12-13 14:30:00+00:00,60.416316986083984
2007-12-14 14:30:00+00:00,60.2691764831543
2007-12-17 14:30:00+00:00,60.44574737548828
2007-12-18 14:30:00+00:00,60.40898132324219
2007-12-19 14:30:00+00:00,60.563499450683594
2007-12-20 14:30:00+00:00,60.60774230957031
2007-12-21 14:30:00+00:00,60.512107849121094
2007-12-24 14:30:00+00:00,60.46054458618164
2007-12-26 14:30:00+00:00,60.40157699584961
2007-12-27 14:30:00+00:00,60.533843994140625
2007-12-28 14:30:00+00:00,60.60771179199219
2007-12-31 14:30:00+00:00,60.703697204589844
2008-01-02 14:30:00+00:00,60.814491271972656
2008-01-03 14:30:00+00:00,60.91050338745117
2008-01-04 14:30:00+00:00,60.99910354614258
2008-01-07 14:30:00+00:00,60.962181091308594
2008-01-08 14:30:00+00:00,61.050819396972656
2008-01-09 14:30:00+00:00,61.021324157714844
2008-01-10 14:30:00+00:00,61.021324157714844
2008-01-11 14:30:00+00:00,61.191184997558594
2008-01-14 14:30:00+00:00,61.21329116821289
2008-01-15 14:30:00+00:00,61.26504135131836
2008-01-16 14:30:00+00:00,61.31671142578125
2008-01-17 14:30:00+00:00,61.420143127441406
2008-01-18 14:30:00+00:00,61.47186279296875
2008-01-22 14:30:00+00:00,61.73037338256836
2008-01-23 14:30:00+00:00,61.700767517089844
2008-01-24 14:30:00+00:00,61.508697509765625
2008-01-25 14:30:00+00:00,61.67125701904297
2008-01-28 14:30:00+00:00,61.64173126220703
2008-01-29 14:30:00+00:00,61.60478973388672
2008-01-30 14:30:00+00:00,61.64910125732422
2008-01-31 14:30:00+00:00,61.708168029785156
2008-02-01 14:30:00+00:00,61.7755241394043
2008-02-04 14:30:00+00:00,61.78298568725586
2008-02-05 14:30:00+00:00,61.923641204833984
2008-02-06 14:30:00+00:00,61.94586181640625
2008-02-07 14:30:00+00:00,61.864376068115234
2008-02-08 14:30:00+00:00,61.97555160522461
2008-02-11 14:30:00+00:00,61.997745513916016
2008-02-12 14:30:00+00:00,62.019989013671875
2008-02-13 14:30:00+00:00,62.042179107666016
2008-02-14 14:30:00+00:00,61.997745513916016
2008-02-15 14:30:00+00:00,61.931053161621094
2008-02-19 14:30:00+00:00,61.88664245605469
2008-02-20 14:30:00+00:00,61.81258010864258
2008-02-21 14:30:00+00:00,61.98286819458008
2008-02-22 14:30:00+00:00,61.916263580322266
2008-02-25 14:30:00+00:00,61.81999969482422
2008-02-26 14:30:00+00:00,61.908836364746094
2008-02-27 14:30:00+00:00,61.98286819458008
2008-02-28 14:30:00+00:00,62.13108825683594
2008-02-29 14:30:00+00:00,62.34574508666992
2008-03-03 14:30:00+00:00,62.34798049926758
2008-03-04 14:30:00+00:00,62.333168029785156
2008-03-05 14:30:00+00:00,62.29607391357422
2008-03-06 14:30:00+00:00,62.48152542114258
2008-03-07 14:30:00+00:00,62.451866149902344
2008-03-10 13:30:00+00:00,62.518619537353516
2008-03-11 13:30:00+00:00,62.20703887939453
2008-03-12 13:30:00+00:00,62.40736389160156
2008-03-13 13:30:00+00:00,62.37765121459961
2008-03-14 13:30:00+00:00,62.56314468383789
2008-03-17 13:30:00+00:00,62.70412826538086
2008-03-18 13:30:00+00:00,62.48152542114258
2008-03-19 13:30:00+00:00,62.548362731933594
2008-03-20 13:30:00+00:00,62.474185943603516
2008-03-24 13:30:00+00:00,62.21446990966797
2008-03-25 13:30:00+00:00,62.25897216796875
2008-03-26 13:30:00+00:00,62.392539978027344
2008-03-27 13:30:00+00:00,62.45933532714844
2008-03-28 13:30:00+00:00,62.48897933959961
2008-03-31 13:30:00+00:00,62.50381088256836
2008-04-01 13:30:00+00:00,62.277767181396484
2008-04-02 13:30:00+00:00,62.225791931152344
2008-04-03 13:30:00+00:00,62.18115997314453
2008-04-04 13:30:00+00:00,62.29262924194336
2008-04-07 13:30:00+00:00,62.17368698120117
2008-04-08 13:30:00+00:00,62.21084976196289
2008-04-09 13:30:00+00:00,62.329856872558594
2008-04-10 13:30:00+00:00,62.30755615234375
2008-04-11 13:30:00+00:00,62.4116096496582
2008-04-14 13:30:00+00:00,62.374454498291016
2008-04-15 13:30:00+00:00,62.29262924194336
2008-04-16 13:30:00+00:00,62.1588020324707
2008-04-17 13:30:00+00:00,62.04728317260742
2008-04-18 13:30:00+00:00,62.0101432800293
2008-04-21 13:30:00+00:00,61.95063400268555
2008-04-22 13:30:00+00:00,61.972900390625
2008-04-23 13:30:00+00:00,61.972900390625
2008-04-24 13:30:00+00:00,61.80194091796875
2008-04-25 13:30:00+00:00,61.80937194824219
2008-04-28 13:30:00+00:00,61.87623977661133
2008-04-29 13:30:00+00:00,61.86143493652344
2008-04-30 13:30:00+00:00,61.980342864990234
2008-05-01 13:30:00+00:00,61.87006759643555
2008-05-02 13:30:00+00:00,61.78813552856445
2008-05-05 13:30:00+00:00,61.855220794677734
2008-05-06 13:30:00+00:00,61.892478942871094
2008-05-07 13:30:00+00:00,61.96697235107422
2008-05-08 13:30:00+00:00,62.01913070678711
2008-05-09 13:30:00+00:00,62.04147720336914
2008-05-12 13:30:00+00:00,61.92223358154297
2008-05-13 13:30:00+00:00,61.81793212890625
2008-05-14 13:30:00+00:00,61.773250579833984
2008-05-15 13:30:00+00:00,61.82542419433594
2008-05-16 13:30:00+00:00,61.84031677246094
2008-05-19 13:30:00+00:00,61.90736389160156
2008-05-20 13:30:00+00:00,61.996742248535156
2008-05-21 13:30:00+00:00,61.92973709106445
2008-05-22 13:30:00+00:00,61.75838851928711
2008-05-23 13:30:00+00:00,61.87752914428711
2008-05-27 13:30:00+00:00,61.810546875
2008-05-28 13:30:00+00:00,61.698753356933594
2008-05-29 13:30:00+00:00,61.67640686035156
2008-05-30 13:30:00+00:00,61.765811920166016
2008-06-02 13:30:00+00:00,61.887569427490234
2008-06-03 13:30:00+00:00,61.977230072021484
2008-06-04 13:30:00+00:00,61.954830169677734
2008-06-05 13:30:00+00:00,61.8726806640625
2008-06-06 13:30:00+00:00,61.954830169677734
2008-06-09 13:30:00+00:00,61.641082763671875
2008-06-10 13:30:00+00:00,61.49917221069336
2008-06-11 13:30:00+00:00,61.603729248046875
2008-06-12 13:30:00+00:00,61.30489730834961
2008-06-13 13:30:00+00:00,61.37215042114258
2008-06-16 13:30:00+00:00,61.409454345703125
2008-06-17 13:30:00+00:00,61.52901840209961
2008-06-18 13:30:00+00:00,61.58876419067383
2008-06-19 13:30:00+00:00,61.469261169433594
2008-06-20 13:30:00+00:00,61.58130645751953
2008-06-23 13:30:00+00:00,61.51409149169922
2008-06-24 13:30:00+00:00,61.62610626220703
2008-06-25 13:30:00+00:00,61.670989990234375
2008-06-26 13:30:00+00:00,61.85020065307617
2008-06-27 13:30:00+00:00,61.88005828857422
2008-06-30 13:30:00+00:00,61.91745376586914
2008-07-01 13:30:00+00:00,61.9017219543457
2008-07-02 13:30:00+00:00,61.909217834472656
2008-07-03 13:30:00+00:00,62.01404571533203
2008-07-07 13:30:00+00:00,62.051509857177734
2008-07-08 13:30:00+00:00,62.05901336669922
2008-07-09 13:30:00+00:00,62.163883209228516
2008-07-10 13:30:00+00:00,62.088985443115234
2008-07-11 13:30:00+00:00,61.961669921875
2008-07-14 13:30:00+00:00,62.10390853881836
2008-07-15 13:30:00+00:00,62.1938362121582
2008-07-16 13:30:00+00:00,62.13388442993164
2008-07-17 13:30:00+00:00,62.04398727416992
2008-07-18 13:30:00+00:00,61.931724548339844
2008-07-21 13:30:00+00:00,61.961669921875
2008-07-22 13:30:00+00:00,61.909217834472656
2008-07-23 13:30:00+00:00,61.8792839050293
2008-07-24 13:30:00+00:00,62.051509857177734
2008-07-25 13:30:00+00:00,61.96909713745117
2008-07-28 13:30:00+00:00,62.09645080566406
2008-07-29 13:30:00+00:00,62.04398727416992
2008-07-30 13:30:00+00:00,62.05901336669922
2008-07-31 13:30:00+00:00,62.18635940551758
2008-08-01 13:30:00+00:00,62.198368072509766
2008-08-04 13:30:00+00:00,62.19081497192383
2008-08-05 13:30:00+00:00,62.16079330444336
2008-08-06 13:30:00+00:00,62.168296813964844
2008-08-07 13:30:00+00:00,62.30350875854492
2008-08-08 13:30:00+00:00,62.25099563598633
2008-08-11 13:30:00+00:00,62.168296813964844
2008-08-12 13:30:00+00:00,62.280982971191406
2008-08-13 13:30:00+00:00,62.27348709106445
2008-08-14 13:30:00+00:00,62.29603576660156
2008-08-15 13:30:00+00:00,62.34111785888672
2008-08-18 13:30:00+00:00,62.39371871948242
2008-08-19 13:30:00+00:00,62.438812255859375
2008-08-20 13:30:00+00:00,62.52145004272461
2008-08-21 13:30:00+00:00,62.46883773803711
2008-08-22 13:30:00+00:00,62.356109619140625
2008-08-25 13:30:00+00:00,62.46137619018555
2008-08-26 13:30:00+00:00,62.438812255859375
2008-08-27 13:30:00+00:00,62.47639465332031
2008-08-28 13:30:00+00:00,62.44630432128906
2008-08-29 13:30:00+00:00,62.47639465332031
2008-09-02 13:30:00+00:00,62.55549240112305
2008-09-03 13:30:00+00:00,62.5780029296875
2008-09-04 13:30:00+00:00,62.615745544433594
2008-09-05 13:30:00+00:00,62.59311294555664
2008-09-08 13:30:00+00:00,62.562992095947266
2008-09-09 13:30:00+00:00,62.66096115112305
2008-09-10 13:30:00+00:00,62.676063537597656
2008-09-11 13:30:00+00:00,62.653411865234375
2008-09-12 13:30:00+00:00,62.66096115112305
2008-09-15 13:30:00+00:00,63.10554885864258
2008-09-16 13:30:00+00:00,62.99247741699219
2008-09-17 13:30:00+00:00,63.29391860961914
2008-09-18 13:30:00+00:00,63.09049606323242
2008-09-19 13:30:00+00:00,62.736270904541016
2008-09-22 13:30:00+00:00,62.78152084350586
2008-09-23 13:30:00+00:00,62.82673263549805
2008-09-24 13:30:00+00:00,62.962371826171875
2008-09-25 13:30:00+00:00,62.84938430786133
2008-09-26 13:30:00+00:00,62.84938430786133
2008-09-29 13:30:00+00:00,63.21092987060547
2008-09-30 13:30:00+00:00,62.962371826171875
2008-10-01 13:30:00+00:00,63.15894317626953
2008-10-02 13:30:00+00:00,63.295040130615234
2008-10-03 13:30:00+00:00,63.468902587890625
2008-10-06 13:30:00+00:00,63.59746170043945
2008-10-07 13:30:00+00:00,63.612525939941406
2008-10-08 13:30:00+00:00,63.340389251708984
2008-10-09 13:30:00+00:00,63.37815475463867
2008-10-10 13:30:00+00:00,63.47648239135742
2008-10-13 13:30:00+00:00,63.196754455566406
2008-10-14 13:30:00+00:00,63.21183395385742
2008-10-15 13:30:00+00:00,63.423561096191406
2008-10-16 13:30:00+00:00,63.38577651977539
2008-10-17 13:30:00+00:00,63.43113327026367
2008-10-20 13:30:00+00:00,63.38577651977539
2008-10-21 13:30:00+00:00,63.51433563232422
2008-10-22 13:30:00+00:00,63.604942321777344
2008-10-23 13:30:00+00:00,63.56719970703125
2008-10-24 13:30:00+00:00,63.62012481689453
2008-10-27 13:30:00+00:00,63.46135711669922
2008-10-28 13:30:00+00:00,63.53695297241211
2008-10-29 13:30:00+00:00,63.574764251708984
2008-10-30 13:30:00+00:00,63.62764358520508
2008-10-31 13:30:00+00:00,63.65790557861328
2008-11-03 14:30:00+00:00,63.7771110534668
2008-11-04 14:30:00+00:00,63.75430679321289
2008-11-05 14:30:00+00:00,63.86817169189453
2008-11-06 14:30:00+00:00,63.89096450805664
2008-11-07 14:30:00+00:00,63.7771110534668
2008-11-10 14:30:00+00:00,63.974388122558594
2008-11-11 14:30:00+00:00,64.01998138427734
2008-11-12 14:30:00+00:00,64.11863708496094
2008-11-13 14:30:00+00:00,63.95922088623047
2008-11-14 14:30:00+00:00,63.94404602050781
2008-11-17 14:30:00+00:00,64.05793762207031
2008-11-18 14:30:00+00:00,64.12620544433594
2008-11-19 14:30:00+00:00,64.21730041503906
2008-11-20 14:30:00+00:00,64.3387451171875
2008-11-21 14:30:00+00:00,64.23251342773438
2008-11-24 14:30:00+00:00,64.07307434082031
2008-11-25 14:30:00+00:00,64.12620544433594
2008-11-26 14:30:00+00:00,64.32351684570312
2008-11-28 14:30:00+00:00,64.36153411865234
2008-12-01 14:30:00+00:00,64.46731567382812
2008-12-02 14:30:00+00:00,64.45974731445312
2008-12-03 14:30:00+00:00,64.51306915283203
2008-12-04 14:30:00+00:00,64.52825164794922
2008-12-05 14:30:00+00:00,64.45209503173828
2008-12-08 14:30:00+00:00,64.3607406616211
2008-12-09 14:30:00+00:00,64.55870056152344
2008-12-10 14:30:00+00:00,64.47496032714844
2008-12-11 14:30:00+00:00,64.62720489501953
2008-12-12 14:30:00+00:00,64.65767669677734
2008-12-15 14:30:00+00:00,64.70338439941406
2008-12-16 14:30:00+00:00,64.73381042480469
2008-12-17 14:30:00+00:00,64.59678649902344
2008-12-18 14:30:00+00:00,64.62720489501953
2008-12-19 14:30:00+00:00,64.56639099121094
2008-12-22 14:30:00+00:00,64.44446563720703
2008-12-23 14:30:00+00:00,64.45974731445312
2008-12-24 14:30:00+00:00,64.47496032714844
2008-12-26 14:30:00+00:00,64.55113983154297
2008-12-29 14:30:00+00:00,64.69327545166016
2008-12-30 14:30:00+00:00,64.75444030761719
2008-12-31 14:30:00+00:00,64.7238540649414
2009-01-02 14:30:00+00:00,64.37981414794922
2009-01-05 14:30:00+00:00,64.5097885131836
2009-01-06 14:30:00+00:00,64.54039001464844
2009-01-07 14:30:00+00:00,64.49449157714844
2009-01-08 14:30:00+00:00,64.5097885131836
2009-01-09 14:30:00+00:00,64.55570220947266
2009-01-12 14:30:00+00:00,64.571044921875
2009-01-13 14:30:00+00:00,64.57862091064453
2009-01-14 14:30:00+00:00,64.65503692626953
2009-01-15 14:30:00+00:00,64.58626556396484
2009-01-16 14:30:00+00:00,64.61685180664062
2009-01-20 14:30:00+00:00,64.6474609375
2009-01-21 14:30:00+00:00,64.54803466796875
2009-01-22 14:30:00+00:00,64.57862091064453
2009-01-23 14:30:00+00:00,64.5633316040039
2009-01-26 14:30:00+00:00,64.47925567626953
2009-01-27 14:30:00+00:00,64.54803466796875
2009-01-28 14:30:00+00:00,64.52511596679688
2009-01-29 14:30:00+00:00,64.4028091430664
2009-01-30 14:30:00+00:00,64.44102478027344
2009-02-02 14:30:00+00:00,64.50077056884766
2009-02-03 14:30:00+00:00,64.43180847167969
2009-02-04 14:30:00+00:00,64.32464599609375
2009-02-05 14:30:00+00:00,64.33991241455078
2009-02-06 14:30:00+00:00,64.30167388916016
2009-02-09 14:30:00+00:00,64.2786636352539
2009-02-10 14:30:00+00:00,64.42414855957031
2009-02-11 14:30:00+00:00,64.4088134765625
2009-02-12 14:30:00+00:00,64.48538208007812
2009-02-13 14:30:00+00:00,64.36294555664062
2009-02-17 14:30:00+00:00,64.53136444091797
2009-02-18 14:30:00+00:00,64.42414855957031
2009-02-19 14:30:00+00:00,64.40115356445312
2009-02-20 14:30:00+00:00,64.45479583740234
2009-02-23 14:30:00+00:00,64.4471435546875
2009-02-24 14:30:00+00:00,64.40115356445312
2009-02-25 14:30:00+00:00,64.2786636352539
2009-02-26 14:30:00+00:00,64.30927276611328
2009-02-27 14:30:00+00:00,64.34758758544922
2009-03-02 14:30:00+00:00,64.49254608154297
2009-03-03 14:30:00+00:00,64.4388427734375
2009-03-04 14:30:00+00:00,64.36982727050781
2009-03-05 14:30:00+00:00,64.44651794433594
2009-03-06 14:30:00+00:00,64.4005126953125
2009-03-09 13:30:00+00:00,64.33916473388672
2009-03-10 13:30:00+00:00,64.30081939697266
2009-03-11 13:30:00+00:00,64.33148193359375
2009-03-12 13:30:00+00:00,64.35447692871094
2009-03-13 13:30:00+00:00,64.40821075439453
2009-03-16 13:30:00+00:00,64.32388305664062
2009-03-17 13:30:00+00:00,64.30848693847656
2009-03-18 13:30:00+00:00,64.55386352539062
2009-03-19 13:30:00+00:00,64.47724151611328
2009-03-20 13:30:00+00:00,64.55386352539062
2009-03-23 13:30:00+00:00,64.50019836425781
2009-03-24 13:30:00+00:00,64.41583251953125
2009-03-25 13:30:00+00:00,64.4005126953125
2009-03-26 13:30:00+00:00,64.4848403930664
2009-03-27 13:30:00+00:00,64.51554107666016
2009-03-30 13:30:00+00:00,64.57691955566406
2009-03-31 13:30:00+00:00,64.66895294189453
2009-04-01 13:30:00+00:00,64.65435028076172
2009-04-02 13:30:00+00:00,64.54679870605469
2009-04-03 13:30:00+00:00,64.40084838867188
2009-04-06 13:30:00+00:00,64.44696044921875
2009-04-07 13:30:00+00:00,64.47000122070312
2009-04-08 13:30:00+00:00,64.47000122070312
2009-04-09 13:30:00+00:00,64.39307403564453
2009-04-13 13:30:00+00:00,64.5160903930664
2009-04-14 13:30:00+00:00,64.56980895996094
2009-04-15 13:30:00+00:00,64.60053253173828
2009-04-16 13:30:00+00:00,64.50833892822266
2009-04-17 13:30:00+00:00,64.43924713134766
2009-04-20 13:30:00+00:00,64.50065612792969
2009-04-21 13:30:00+00:00,64.50833892822266
2009-04-22 13:30:00+00:00,64.50833892822266
2009-04-23 13:30:00+00:00,64.46228790283203
2009-04-24 13:30:00+00:00,64.46228790283203
2009-04-27 13:30:00+00:00,64.53911590576172
2009-04-28 13:30:00+00:00,64.47770690917969
2009-04-29 13:30:00+00:00,64.50833892822266
2009-04-30 13:30:00+00:00,64.5621566772461
2009-05-01 13:30:00+00:00,64.51372528076172
2009-05-04 13:30:00+00:00,64.49829864501953
2009-05-05 13:30:00+00:00,64.48284149169922
2009-05-06 13:30:00+00:00,64.52132415771484
2009-05-07 13:30:00+00:00,64.42899322509766
2009-05-08 13:30:00+00:00,64.47522735595703
2009-05-11 13:30:00+00:00,64.58294677734375
2009-05-12 13:30:00+00:00,64.5752182006836
2009-05-13 13:30:00+00:00,64.60604095458984
2009-05-14 13:30:00+00:00,64.62909698486328
2009-05-15 13:30:00+00:00,64.62139129638672
2009-05-18 13:30:00+00:00,64.55987548828125
2009-05-19 13:30:00+00:00,64.59831237792969
2009-05-20 13:30:00+00:00,64.6829833984375
2009-05-21 13:30:00+00:00,64.59831237792969
2009-05-22 13:30:00+00:00,64.6137466430664
2009-05-26 13:30:00+00:00,64.52906036376953
2009-05-27 13:30:00+00:00,64.51372528076172
2009-05-28 13:30:00+00:00,64.50598907470703
2009-05-29 13:30:00+00:00,64.59831237792969
2009-06-01 13:30:00+00:00,64.545166015625
2009-06-02 13:30:00+00:00,64.52197265625
2009-06-03 13:30:00+00:00,64.6376724243164
2009-06-04 13:30:00+00:00,64.57601165771484
2009-06-05 13:30:00+00:00,64.15196990966797
2009-06-08 13:30:00+00:00,63.982322692871094
2009-06-09 13:30:00+00:00,64.12876892089844
2009-06-10 13:30:00+00:00,64.12110137939453
2009-06-11 13:30:00+00:00,64.12876892089844
2009-06-12 13:30:00+00:00,64.19828033447266
2009-06-15 13:30:00+00:00,64.24449157714844
2009-06-16 13:30:00+00:00,64.3138656616211
2009-06-17 13:30:00+00:00,64.38320922851562
2009-06-18 13:30:00+00:00,64.27528381347656
2009-06-19 13:30:00+00:00,64.3138656616211
2009-06-22 13:30:00+00:00,64.39869689941406
2009-06-23 13:30:00+00:00,64.39869689941406
2009-06-24 13:30:00+00:00,64.39093780517578
2009-06-25 13:30:00+00:00,64.51431274414062
2009-06-26 13:30:00+00:00,64.545166015625
2009-06-29 13:30:00+00:00,64.545166015625
2009-06-30 13:30:00+00:00,64.53743743896484
2009-07-01 13:30:00+00:00,64.60066223144531
2009-07-02 13:30:00+00:00,64.67021179199219
2009-07-06 13:30:00+00:00,64.6933364868164
2009-07-07 13:30:00+00:00,64.68563842773438
2009-07-08 13:30:00+00:00,64.78598022460938
2009-07-09 13:30:00+00:00,64.75508880615234
2009-07-10 13:30:00+00:00,64.8168716430664
2009-07-13 13:30:00+00:00,64.77832794189453
2009-07-14 13:30:00+00:00,64.73196411132812
2009-07-15 13:30:00+00:00,64.57757568359375
2009-07-16 13:30:00+00:00,64.67790222167969
2009-07-17 13:30:00+00:00,64.65473937988281
2009-07-20 13:30:00+00:00,64.64702606201172
2009-07-21 13:30:00+00:00,64.72422790527344
2009-07-22 13:30:00+00:00,64.6933364868164
2009-07-23 13:30:00+00:00,64.57757568359375
2009-07-24 13:30:00+00:00,64.61618041992188
2009-07-27 13:30:00+00:00,64.56983184814453
2009-07-28 13:30:00+00:00,64.5312271118164
2009-07-29 13:30:00+00:00,64.49260711669922
2009-07-30 13:30:00+00:00,64.50038146972656
2009-07-31 13:30:00+00:00,64.60847473144531
2009-08-03 13:30:00+00:00,64.5171890258789
2009-08-04 13:30:00+00:00,64.46310424804688
2009-08-05 13:30:00+00:00,64.43993377685547
2009-08-06 13:30:00+00:00,64.43993377685547
2009-08-07 13:30:00+00:00,64.33164978027344
2009-08-10 13:30:00+00:00,64.4322280883789
2009-08-11 13:30:00+00:00,64.5018081665039
2009-08-12 13:30:00+00:00,64.52500915527344
2009-08-13 13:30:00+00:00,64.63321685791016
2009-08-14 13:30:00+00:00,64.67957305908203
2009-08-17 13:30:00+00:00,64.74910736083984
2009-08-18 13:30:00+00:00,64.73362731933594
2009-08-19 13:30:00+00:00,64.76457214355469
2009-08-20 13:30:00+00:00,64.74910736083984
2009-08-21 13:30:00+00:00,64.64868927001953
2009-08-24 13:30:00+00:00,64.72595977783203
2009-08-25 13:30:00+00:00,64.72595977783203
2009-08-26 13:30:00+00:00,64.76457214355469
2009-08-27 13:30:00+00:00,64.75685119628906
2009-08-28 13:30:00+00:00,64.82646179199219
2009-08-31 13:30:00+00:00,64.8728256225586
2009-09-01 13:30:00+00:00,64.92547607421875
2009-09-02 13:30:00+00:00,64.99517059326172
2009-09-03 13:30:00+00:00,64.93324279785156
2009-09-04 13:30:00+00:00,64.90222930908203
2009-09-08 13:30:00+00:00,64.90995788574219
2009-09-09 13:30:00+00:00,64.91776275634766
2009-09-10 13:30:00+00:00,64.95637512207031
2009-09-11 13:30:00+00:00,64.93324279785156
2009-09-14 13:30:00+00:00,64.89447784423828
2009-09-15 13:30:00+00:00,64.92547607421875
2009-09-16 13:30:00+00:00,64.84027099609375
2009-09-17 13:30:00+00:00,64.93324279785156
2009-09-18 13:30:00+00:00,64.8712387084961
2009-09-21 13:30:00+00:00,64.89447784423828
2009-09-22 13:30:00+00:00,64.87901306152344
2009-09-23 13:30:00+00:00,64.97968292236328
2009-09-24 13:30:00+00:00,64.99517059326172
2009-09-25 13:30:00+00:00,64.97193908691406
2009-09-28 13:30:00+00:00,64.96418762207031
2009-09-29 13:30:00+00:00,64.95637512207031
2009-09-30 13:30:00+00:00,65.02608489990234
2009-10-01 13:30:00+00:00,65.09114837646484
2009-10-02 13:30:00+00:00,65.11438751220703
2009-10-05 13:30:00+00:00,65.11438751220703
2009-10-06 13:30:00+00:00,65.0757064819336
2009-10-07 13:30:00+00:00,65.16094970703125
2009-10-08 13:30:00+00:00,65.09898376464844
2009-10-09 13:30:00+00:00,65.00589752197266
2009-10-12 13:30:00+00:00,65.08338928222656
2009-10-13 13:30:00+00:00,65.12220764160156
2009-10-14 13:30:00+00:00,65.0368881225586
2009-10-15 13:30:00+00:00,64.99826049804688
2009-10-16 13:30:00+00:00,65.0368881225586
2009-10-19 13:30:00+00:00,65.0368881225586
2009-10-20 13:30:00+00:00,65.06792449951172
2009-10-21 13:30:00+00:00,65.0368881225586
2009-10-22 13:30:00+00:00,65.04473876953125
2009-10-23 13:30:00+00:00,64.93614196777344
2009-10-26 13:30:00+00:00,64.8664321899414
2009-10-27 13:30:00+00:00,64.99826049804688
2009-10-28 13:30:00+00:00,65.09114837646484
2009-10-29 13:30:00+00:00,65.0368881225586
2009-10-30 13:30:00+00:00,65.11438751220703
2009-11-02 14:30:00+00:00,65.1222152709961
2009-11-03 14:30:00+00:00,65.1143798828125
2009-11-04 14:30:00+00:00,65.10664367675781
2009-11-05 14:30:00+00:00,65.1688003540039
2009-11-06 14:30:00+00:00,65.21540069580078
2009-11-09 14:30:00+00:00,65.21540069580078
2009-11-10 14:30:00+00:00,65.19989776611328
2009-11-11 14:30:00+00:00,65.26976776123047
2009-11-12 14:30:00+00:00,65.26199340820312
2009-11-13 14:30:00+00:00,65.27755737304688
2009-11-16 14:30:00+00:00,65.31639862060547
2009-11-17 14:30:00+00:00,65.33192443847656
2009-11-18 14:30:00+00:00,65.33192443847656
2009-11-19 14:30:00+00:00,65.35518646240234
2009-11-20 14:30:00+00:00,65.37077331542969
2009-11-23 14:30:00+00:00,65.36299896240234
2009-11-24 14:30:00+00:00,65.41734313964844
2009-11-25 14:30:00+00:00,65.44845581054688
2009-11-27 14:30:00+00:00,65.49504852294922
2009-11-30 14:30:00+00:00,65.50279998779297
2009-12-01 14:30:00+00:00,65.51921081542969
2009-12-02 14:30:00+00:00,65.46449279785156
2009-12-03 14:30:00+00:00,65.42533111572266
2009-12-04 14:30:00+00:00,65.26110076904297
2009-12-07 14:30:00+00:00,65.40191650390625
2009-12-08 14:30:00+00:00,65.46449279785156
2009-12-09 14:30:00+00:00,65.41754150390625
2009-12-10 14:30:00+00:00,65.39402770996094
2009-12-11 14:30:00+00:00,65.32368469238281
2009-12-14 14:30:00+00:00,65.25330352783203
2009-12-15 14:30:00+00:00,65.23768615722656
2009-12-16 14:30:00+00:00,65.28462982177734
2009-12-17 14:30:00+00:00,65.40978240966797
2009-12-18 14:30:00+00:00,65.36282348632812
2009-12-21 14:30:00+00:00,65.26110076904297
2009-12-22 14:30:00+00:00,65.18285369873047
2009-12-23 14:30:00+00:00,65.18285369873047
2009-12-24 14:30:00+00:00,65.10469818115234
2009-12-28 14:30:00+00:00,65.01083374023438
2009-12-29 14:30:00+00:00,65.05387878417969
2009-12-30 14:30:00+00:00,65.0304183959961
2009-12-31 14:30:00+00:00,64.95208740234375
2010-01-04 14:30:00+00:00,65.03823852539062
2010-01-05 14:30:00+00:00,65.11651611328125
2010-01-06 14:30:00+00:00,65.12434387207031
2010-01-07 14:30:00+00:00,65.1087646484375
2010-01-08 14:30:00+00:00,65.17133331298828
2010-01-11 14:30:00+00:00,65.20271301269531
2010-01-12 14:30:00+00:00,65.2574691772461
2010-01-13 14:30:00+00:00,65.20271301269531
2010-01-14 14:30:00+00:00,65.26529693603516
2010-01-15 14:30:00+00:00,65.32010650634766
2010-01-19 14:30:00+00:00,65.33574676513672
2010-01-20 14:30:00+00:00,65.33574676513672
2010-01-21 14:30:00+00:00,65.39055633544922
2010-01-22 14:30:00+00:00,65.4453353881836
2010-01-25 14:30:00+00:00,65.39055633544922
2010-01-26 14:30:00+00:00,65.39839172363281
2010-01-27 14:30:00+00:00,65.37493133544922
2010-01-28 14:30:00+00:00,65.40619659423828
2010-01-29 14:30:00+00:00,65.46886444091797
2010-02-01 14:30:00+00:00,65.44064331054688
2010-02-02 14:30:00+00:00,65.448486328125
2010-02-03 14:30:00+00:00,65.40145111083984
2010-02-04 14:30:00+00:00,65.4955062866211
2010-02-05 14:30:00+00:00,65.59738159179688
2010-02-08 14:30:00+00:00,65.55037689208984
2010-02-09 14:30:00+00:00,65.48765563964844
2010-02-10 14:30:00+00:00,65.41716003417969
2010-02-11 14:30:00+00:00,65.44064331054688
2010-02-12 14:30:00+00:00,65.4955062866211
2010-02-16 14:30:00+00:00,65.50328063964844
2010-02-17 14:30:00+00:00,65.448486328125
2010-02-18 14:30:00+00:00,65.40930938720703
2010-02-19 14:30:00+00:00,65.38577270507812
2010-02-22 14:30:00+00:00,65.40930938720703
2010-02-23 14:30:00+00:00,65.46414947509766
2010-02-24 14:30:00+00:00,65.4955062866211
2010-02-25 14:30:00+00:00,65.55037689208984
2010-02-26 14:30:00+00:00,65.5738296508789
2010-03-01 14:30:00+00:00,65.56206512451172
2010-03-02 14:30:00+00:00,65.56206512451172
2010-03-03 14:30:00+00:00,65.55426025390625
2010-03-04 14:30:00+00:00,65.53067779541016
2010-03-05 14:30:00+00:00,65.4758071899414
2010-03-08 14:30:00+00:00,65.4444351196289
2010-03-09 14:30:00+00:00,65.49150848388672
2010-03-10 14:30:00+00:00,65.4758071899414
2010-03-11 14:30:00+00:00,65.39734649658203
2010-03-12 14:30:00+00:00,65.4051742553711
2010-03-15 13:30:00+00:00,65.4288101196289
2010-03-16 13:30:00+00:00,65.4444351196289
2010-03-17 13:30:00+00:00,65.46012115478516
2010-03-18 13:30:00+00:00,65.4208984375
2010-03-19 13:30:00+00:00,65.37384033203125
2010-03-22 13:30:00+00:00,65.39734649658203
2010-03-23 13:30:00+00:00,65.37384033203125
2010-03-24 13:30:00+00:00,65.27188873291016
2010-03-25 13:30:00+00:00,65.2953872680664
2010-03-26 13:30:00+00:00,65.33460235595703
2010-03-29 13:30:00+00:00,65.36602020263672
2010-03-30 13:30:00+00:00,65.350341796875
2010-03-31 13:30:00+00:00,65.39734649658203
2010-04-01 13:30:00+00:00,65.37384796142578
2010-04-05 13:30:00+00:00,65.1932601928711
2010-04-06 13:30:00+00:00,65.24031066894531
2010-04-07 13:30:00+00:00,65.34243774414062
2010-04-08 13:30:00+00:00,65.32672119140625
2010-04-09 13:30:00+00:00,65.34243774414062
2010-04-12 13:30:00+00:00,65.37384796142578
2010-04-13 13:30:00+00:00,65.35810852050781
2010-04-14 13:30:00+00:00,65.35810852050781
2010-04-15 13:30:00+00:00,65.40520477294922
2010-04-16 13:30:00+00:00,65.50729370117188
2010-04-19 13:30:00+00:00,65.44448852539062
2010-04-20 13:30:00+00:00,65.4523696899414
2010-04-21 13:30:00+00:00,65.46019744873047
2010-04-22 13:30:00+00:00,65.41312408447266
2010-04-23 13:30:00+00:00,65.38954162597656
2010-04-26 13:30:00+00:00,65.38954162597656
2010-04-27 13:30:00+00:00,65.51514434814453
2010-04-28 13:30:00+00:00,65.4993667602539
2010-04-29 13:30:00+00:00,65.51514434814453
2010-04-30 13:30:00+00:00,65.5936050415039
2010-05-03 13:30:00+00:00,65.5291748046875
2010-05-04 13:30:00+00:00,65.56851959228516
2010-05-05 13:30:00+00:00,65.65495300292969
2010-05-06 13:30:00+00:00,65.79647064208984
2010-05-07 13:30:00+00:00,65.77288818359375
2010-05-10 13:30:00+00:00,65.68638610839844
2010-05-11 13:30:00+00:00,65.72571563720703
2010-05-12 13:30:00+00:00,65.7099609375
2010-05-13 13:30:00+00:00,65.74930572509766
2010-05-14 13:30:00+00:00,65.8357162475586
2010-05-17 13:30:00+00:00,65.8121337890625
2010-05-18 13:30:00+00:00,65.88286590576172
2010-05-19 13:30:00+00:00,65.85147094726562
2010-05-20 13:30:00+00:00,65.9300537109375
2010-05-21 13:30:00+00:00,65.88286590576172
2010-05-24 13:30:00+00:00,65.8750228881836
2010-05-25 13:30:00+00:00,65.8671875
2010-05-26 13:30:00+00:00,65.8121337890625
2010-05-27 13:30:00+00:00,65.7650375366211
2010-05-28 13:30:00+00:00,65.89076232910156
2010-06-01 13:30:00+00:00,65.89151763916016
2010-06-02 13:30:00+00:00,65.8443374633789
2010-06-03 13:30:00+00:00,65.82862854003906
2010-06-04 13:30:00+00:00,65.97807312011719
2010-06-07 13:30:00+00:00,65.9544448852539
2010-06-08 13:30:00+00:00,65.9466552734375
2010-06-09 13:30:00+00:00,65.9544448852539
2010-06-10 13:30:00+00:00,65.86790466308594
2010-06-11 13:30:00+00:00,65.9387435913086
2010-06-14 13:30:00+00:00,65.9544448852539
2010-06-15 13:30:00+00:00,65.92301177978516
2010-06-16 13:30:00+00:00,65.9387435913086
2010-06-17 13:30:00+00:00,65.97807312011719
2010-06-18 13:30:00+00:00,65.98595428466797
2010-06-21 13:30:00+00:00,65.99382781982422
2010-06-22 13:30:00+00:00,66.02530670166016
2010-06-23 13:30:00+00:00,66.07243347167969
2010-06-24 13:30:00+00:00,66.08816528320312
2010-06-25 13:30:00+00:00,66.11178588867188
2010-06-28 13:30:00+00:00,66.151123046875
2010-06-29 13:30:00+00:00,66.18253326416016
2010-06-30 13:30:00+00:00,66.16680908203125
2010-07-01 13:30:00+00:00,66.14553833007812
2010-07-02 13:30:00+00:00,66.14553833007812
2010-07-06 13:30:00+00:00,66.14553833007812
2010-07-07 13:30:00+00:00,66.1376724243164
2010-07-08 13:30:00+00:00,66.14553833007812
2010-07-09 13:30:00+00:00,66.1219482421875
2010-07-12 13:30:00+00:00,66.12985229492188
2010-07-13 13:30:00+00:00,66.08256530761719
2010-07-14 13:30:00+00:00,66.15348052978516
2010-07-15 13:30:00+00:00,66.16919708251953
2010-07-16 13:30:00+00:00,66.23213958740234
2010-07-19 13:30:00+00:00,66.2086181640625
2010-07-20 13:30:00+00:00,66.23213958740234
2010-07-21 13:30:00+00:00,66.2636489868164
2010-07-22 13:30:00+00:00,66.24006652832031
2010-07-23 13:30:00+00:00,66.2086181640625
2010-07-26 13:30:00+00:00,66.18494415283203
2010-07-27 13:30:00+00:00,66.14553833007812
2010-07-28 13:30:00+00:00,66.2086181640625
2010-07-29 13:30:00+00:00,66.2636489868164
2010-07-30 13:30:00+00:00,66.2951431274414
2010-08-02 13:30:00+00:00,66.2801742553711
2010-08-03 13:30:00+00:00,66.32745361328125
2010-08-04 13:30:00+00:00,66.27228546142578
2010-08-05 13:30:00+00:00,66.35108947753906
2010-08-06 13:30:00+00:00,66.36687469482422
2010-08-09 13:30:00+00:00,66.32745361328125
2010-08-10 13:30:00+00:00,66.35897064208984
2010-08-11 13:30:00+00:00,66.37469482421875
2010-08-12 13:30:00+00:00,66.35897064208984
2010-08-13 13:30:00+00:00,66.35108947753906
2010-08-16 13:30:00+00:00,66.41414642333984
2010-08-17 13:30:00+00:00,66.39842987060547
2010-08-18 13:30:00+00:00,66.41414642333984
2010-08-19 13:30:00+00:00,66.42987823486328
2010-08-20 13:30:00+00:00,66.40623474121094
2010-08-23 13:30:00+00:00,66.41414642333984
2010-08-24 13:30:00+00:00,66.46138000488281
2010-08-25 13:30:00+00:00,66.39842987060547
2010-08-26 13:30:00+00:00,66.39842987060547
2010-08-27 13:30:00+00:00,66.35108947753906
2010-08-30 13:30:00+00:00,66.42987823486328
2010-08-31 13:30:00+00:00,66.4534912109375
2010-09-01 13:30:00+00:00,66.41412353515625
2010-09-02 13:30:00+00:00,66.39835357666016
2010-09-03 13:30:00+00:00,66.3668212890625
2010-09-07 13:30:00+00:00,66.4377670288086
2010-09-08 13:30:00+00:00,66.39046478271484
2010-09-09 13:30:00+00:00,66.31948852539062
2010-09-10 13:30:00+00:00,66.31159973144531
2010-09-13 13:30:00+00:00,66.3668212890625
2010-09-14 13:30:00+00:00,66.41412353515625
2010-09-15 13:30:00+00:00,66.42986297607422
2010-09-16 13:30:00+00:00,66.44564056396484
2010-09-17 13:30:00+00:00,66.4614028930664
2010-09-20 13:30:00+00:00,66.46932983398438
2010-09-21 13:30:00+00:00,66.5166244506836
2010-09-22 13:30:00+00:00,66.50873565673828
2010-09-23 13:30:00+00:00,66.5166244506836
2010-09-24 13:30:00+00:00,66.50873565673828
2010-09-27 13:30:00+00:00,66.5245132446289
2010-09-28 13:30:00+00:00,66.54026794433594
2010-09-29 13:30:00+00:00,66.5245132446289
2010-09-30 13:30:00+00:00,66.53239440917969
2010-10-01 13:30:00+00:00,66.54421997070312
2010-10-04 13:30:00+00:00,66.55211639404297
2010-10-05 13:30:00+00:00,66.58367156982422
2010-10-06 13:30:00+00:00,66.59154510498047
2010-10-07 13:30:00+00:00,66.64680480957031
2010-10-08 13:30:00+00:00,66.64680480957031
2010-10-11 13:30:00+00:00,66.65473937988281
2010-10-12 13:30:00+00:00,66.60733032226562
2010-10-13 13:30:00+00:00,66.6152572631836
2010-10-14 13:30:00+00:00,66.58367156982422
2010-10-15 13:30:00+00:00,66.60733032226562
2010-10-18 13:30:00+00:00,66.62317657470703
2010-10-19 13:30:00+00:00,66.65473937988281
2010-10-20 13:30:00+00:00,66.6625747680664
2010-10-21 13:30:00+00:00,66.67048645019531
2010-10-22 13:30:00+00:00,66.65473937988281
2010-10-25 13:30:00+00:00,66.67048645019531
2010-10-26 13:30:00+00:00,66.60733032226562
2010-10-27 13:30:00+00:00,66.5758056640625
2010-10-28 13:30:00+00:00,66.6625747680664
2010-10-29 13:30:00+00:00,66.67841339111328
2010-11-01 13:30:00+00:00,66.70758819580078
2010-11-02 13:30:00+00:00,66.66807556152344
2010-11-03 13:30:00+00:00,66.69181823730469
2010-11-04 13:30:00+00:00,66.70758819580078
2010-11-05 13:30:00+00:00,66.65230560302734
2010-11-08 14:30:00+00:00,66.62067413330078
2010-11-09 14:30:00+00:00,66.53384399414062
2010-11-10 14:30:00+00:00,66.57332611083984
2010-11-11 14:30:00+00:00,66.47067260742188
2010-11-12 14:30:00+00:00,66.47067260742188
2010-11-15 14:30:00+00:00,66.43116760253906
2010-11-16 14:30:00+00:00,66.46280670166016
2010-11-17 14:30:00+00:00,66.502197265625
2010-11-18 14:30:00+00:00,66.5101318359375
2010-11-19 14:30:00+00:00,66.47067260742188
2010-11-22 14:30:00+00:00,66.53384399414062
2010-11-23 14:30:00+00:00,66.57332611083984
2010-11-24 14:30:00+00:00,66.45487213134766
2010-11-26 14:30:00+00:00,66.502197265625
2010-11-29 14:30:00+00:00,66.494384765625
2010-11-30 14:30:00+00:00,66.54175567626953
2010-12-01 14:30:00+00:00,66.44218444824219
2010-12-02 14:30:00+00:00,66.44218444824219
2010-12-03 14:30:00+00:00,66.52904510498047
2010-12-06 14:30:00+00:00,66.56861114501953
2010-12-07 14:30:00+00:00,66.4500732421875
2010-12-08 14:30:00+00:00,66.34732055664062
2010-12-09 14:30:00+00:00,66.33940887451172
2010-12-10 14:30:00+00:00,66.31575012207031
2010-12-13 14:30:00+00:00,66.35519409179688
2010-12-14 14:30:00+00:00,66.32357788085938
2010-12-15 14:30:00+00:00,66.29985809326172
2010-12-16 14:30:00+00:00,66.31575012207031
2010-12-17 14:30:00+00:00,66.37100982666016
2010-12-20 14:30:00+00:00,66.3868179321289
2010-12-21 14:30:00+00:00,66.37100982666016
2010-12-22 14:30:00+00:00,66.35519409179688
2010-12-23 14:30:00+00:00,66.2682876586914
2010-12-27 14:30:00+00:00,66.30775451660156
2010-12-28 14:30:00+00:00,66.21917724609375
2010-12-29 14:30:00+00:00,66.37739562988281
2010-12-30 14:30:00+00:00,66.35362243652344
2010-12-31 14:30:00+00:00,66.4327392578125
2011-01-03 14:30:00+00:00,66.41700744628906
2011-01-04 14:30:00+00:00,66.4011459350586
2011-01-05 14:30:00+00:00,66.28253936767578
2011-01-06 14:30:00+00:00,66.35362243652344
2011-01-07 14:30:00+00:00,66.4486083984375
2011-01-10 14:30:00+00:00,66.4802474975586
2011-01-11 14:30:00+00:00,66.44065856933594
2011-01-12 14:30:00+00:00,66.44065856933594
2011-01-13 14:30:00+00:00,66.46443939208984
2011-01-14 14:30:00+00:00,66.46443939208984
2011-01-18 14:30:00+00:00,66.4486083984375
2011-01-19 14:30:00+00:00,66.4802474975586
2011-01-20 14:30:00+00:00,66.40901184082031
2011-01-21 14:30:00+00:00,66.42487335205078
2011-01-24 14:30:00+00:00,66.41700744628906
2011-01-25 14:30:00+00:00,66.46443939208984
2011-01-26 14:30:00+00:00,66.4486083984375
2011-01-27 14:30:00+00:00,66.49604797363281
2011-01-28 14:30:00+00:00,66.52767944335938
2011-01-31 14:30:00+00:00,66.519775390625
2011-02-01 14:30:00+00:00,66.44696044921875
2011-02-02 14:30:00+00:00,66.40734100341797
2011-02-03 14:30:00+00:00,66.34394073486328
2011-02-04 14:30:00+00:00,66.28864288330078
2011-02-07 14:30:00+00:00,66.25701904296875
2011-02-08 14:30:00+00:00,66.1698226928711
2011-02-09 14:30:00+00:00,66.21731567382812
2011-02-10 14:30:00+00:00,66.18570709228516
2011-02-11 14:30:00+00:00,66.18570709228516
2011-02-14 14:30:00+00:00,66.18570709228516
2011-02-15 14:30:00+00:00,66.21731567382812
2011-02-16 14:30:00+00:00,66.20942687988281
2011-02-17 14:30:00+00:00,66.28864288330078
2011-02-18 14:30:00+00:00,66.31234741210938
2011-02-22 14:30:00+00:00,66.38362121582031
2011-02-23 14:30:00+00:00,66.36780548095703
2011-02-24 14:30:00+00:00,66.39946746826172
2011-02-25 14:30:00+00:00,66.415283203125
2011-02-28 14:30:00+00:00,66.43904113769531
2011-03-01 14:30:00+00:00,66.47941589355469
2011-03-02 14:30:00+00:00,66.44775390625
2011-03-03 14:30:00+00:00,66.31301879882812
2011-03-04 14:30:00+00:00,66.46360778808594
2011-03-07 14:30:00+00:00,66.41606140136719
2011-03-08 14:30:00+00:00,66.39219665527344
2011-03-09 14:30:00+00:00,66.4397964477539
2011-03-10 14:30:00+00:00,66.5111083984375
2011-03-11 14:30:00+00:00,66.51912689208984
2011-03-14 13:30:00+00:00,66.55862426757812
2011-03-15 13:30:00+00:00,66.5269775390625
2011-03-16 13:30:00+00:00,66.64581298828125
2011-03-17 13:30:00+00:00,66.61414337158203
2011-03-18 13:30:00+00:00,66.58244323730469
2011-03-21 13:30:00+00:00,66.5111083984375
2011-03-22 13:30:00+00:00,66.49529266357422
2011-03-23 13:30:00+00:00,66.50321197509766
2011-03-24 13:30:00+00:00,66.45563507080078
2011-03-25 13:30:00+00:00,66.40811157226562
2011-03-28 13:30:00+00:00,66.37641143798828
2011-03-29 13:30:00+00:00,66.35270690917969
2011-03-30 13:30:00+00:00,66.39219665527344
2011-03-31 13:30:00+00:00,66.35270690917969
2011-04-01 13:30:00+00:00,66.40582275390625
2011-04-04 13:30:00+00:00,66.42167663574219
2011-04-05 13:30:00+00:00,66.35029602050781
2011-04-06 13:30:00+00:00,66.35029602050781
2011-04-07 13:30:00+00:00,66.39787292480469
2011-04-08 13:30:00+00:00,66.37408447265625
2011-04-11 13:30:00+00:00,66.36611938476562
2011-04-12 13:30:00+00:00,66.4771499633789
2011-04-13 13:30:00+00:00,66.50883483886719
2011-04-14 13:30:00+00:00,66.44539642333984
2011-04-15 13:30:00+00:00,66.5723648071289
2011-04-18 13:30:00+00:00,66.58817291259766
2011-04-19 13:30:00+00:00,66.6040267944336
2011-04-20 13:30:00+00:00,66.59611511230469
2011-04-21 13:30:00+00:00,66.58026885986328
2011-04-25 13:30:00+00:00,66.58817291259766
2011-04-26 13:30:00+00:00,66.6516342163086
2011-04-27 13:30:00+00:00,66.67536926269531
2011-04-28 13:30:00+00:00,66.67536926269531
2011-04-29 13:30:00+00:00,66.70710754394531
2011-05-02 13:30:00+00:00,66.69593811035156
2011-05-03 13:30:00+00:00,66.7198257446289
2011-05-04 13:30:00+00:00,66.75154113769531
2011-05-05 13:30:00+00:00,66.76746368408203
2011-05-06 13:30:00+00:00,66.77535247802734
2011-05-09 13:30:00+00:00,66.80709838867188
2011-05-10 13:30:00+00:00,66.74361419677734
2011-05-11 13:30:00+00:00,66.80709838867188
2011-05-12 13:30:00+00:00,66.77535247802734
2011-05-13 13:30:00+00:00,66.80709838867188
2011-05-16 13:30:00+00:00,66.83883666992188
2011-05-17 13:30:00+00:00,66.84674835205078
2011-05-18 13:30:00+00:00,66.81501007080078
2011-05-19 13:30:00+00:00,66.82295989990234
2011-05-20 13:30:00+00:00,66.84674835205078
2011-05-23 13:30:00+00:00,66.85470581054688
2011-05-24 13:30:00+00:00,66.85470581054688
2011-05-25 13:30:00+00:00,66.88644409179688
2011-05-26 13:30:00+00:00,66.92610931396484
2011-05-27 13:30:00+00:00,66.949951171875
2011-05-31 13:30:00+00:00,66.949951171875
2011-06-01 13:30:00+00:00,66.99439239501953
2011-06-02 13:30:00+00:00,66.9547119140625
2011-06-03 13:30:00+00:00,66.97850036621094
2011-06-06 13:30:00+00:00,66.98645782470703
2011-06-07 13:30:00+00:00,67.03413391113281
2011-06-08 13:30:00+00:00,67.04200744628906
2011-06-09 13:30:00+00:00,66.9706039428711
2011-06-10 13:30:00+00:00,67.02617645263672
2011-06-13 13:30:00+00:00,67.00236511230469
2011-06-14 13:30:00+00:00,66.94671630859375
2011-06-15 13:30:00+00:00,67.04200744628906
2011-06-16 13:30:00+00:00,67.0499496459961
2011-06-17 13:30:00+00:00,67.06585693359375
2011-06-20 13:30:00+00:00,67.06585693359375
2011-06-21 13:30:00+00:00,67.07379913330078
2011-06-22 13:30:00+00:00,67.0579605102539
2011-06-23 13:30:00+00:00,67.09757995605469
2011-06-24 13:30:00+00:00,67.13732147216797
2011-06-27 13:30:00+00:00,67.07379913330078
2011-06-28 13:30:00+00:00,66.9547119140625
2011-06-29 13:30:00+00:00,66.9547119140625
2011-06-30 13:30:00+00:00,66.94671630859375
2011-07-01 13:30:00+00:00,66.92369842529297
2011-07-05 13:30:00+00:00,67.00318145751953
2011-07-06 13:30:00+00:00,67.02703094482422
2011-07-07 13:30:00+00:00,66.96345520019531
2011-07-08 13:30:00+00:00,67.05877685546875
2011-07-11 13:30:00+00:00,67.10649108886719
2011-07-12 13:30:00+00:00,67.09850311279297
2011-07-13 13:30:00+00:00,67.11441040039062
2011-07-14 13:30:00+00:00,67.0905990600586
2011-07-15 13:30:00+00:00,67.10649108886719
2011-07-18 13:30:00+00:00,67.10649108886719
2011-07-19 13:30:00+00:00,67.10649108886719
2011-07-20 13:30:00+00:00,67.08267211914062
2011-07-21 13:30:00+00:00,67.05089569091797
2011-07-22 13:30:00+00:00,67.05877685546875
2011-07-25 13:30:00+00:00,67.02703094482422
2011-07-26 13:30:00+00:00,67.06674194335938
2011-07-27 13:30:00+00:00,67.02703094482422
2011-07-28 13:30:00+00:00,67.06674194335938
2011-07-29 13:30:00+00:00,67.1382827758789
2011-08-01 13:30:00+00:00,67.11521911621094
2011-08-02 13:30:00+00:00,67.20265197753906
2011-08-03 13:30:00+00:00,67.19477081298828
2011-08-04 13:30:00+00:00,67.2583999633789
2011-08-05 13:30:00+00:00,67.242431640625
2011-08-08 13:30:00+00:00,67.2662582397461
2011-08-09 13:30:00+00:00,67.33787536621094
2011-08-10 13:30:00+00:00,67.38558959960938
2011-08-11 13:30:00+00:00,67.36963653564453
2011-08-12 13:30:00+00:00,67.37767791748047
2011-08-15 13:30:00+00:00,67.35384368896484
2011-08-16 13:30:00+00:00,67.35384368896484
2011-08-17 13:30:00+00:00,67.36963653564453
2011-08-18 13:30:00+00:00,67.36181640625
2011-08-19 13:30:00+00:00,67.36181640625
2011-08-22 13:30:00+00:00,67.35384368896484
2011-08-23 13:30:00+00:00,67.32201385498047
2011-08-24 13:30:00+00:00,67.32201385498047
2011-08-25 13:30:00+00:00,67.36181640625
2011-08-26 13:30:00+00:00,67.36963653564453
2011-08-29 13:30:00+00:00,67.35384368896484
2011-08-30 13:30:00+00:00,67.36963653564453
2011-08-31 13:30:00+00:00,67.36963653564453
2011-09-01 13:30:00+00:00,67.38878631591797
2011-09-02 13:30:00+00:00,67.35698699951172
2011-09-06 13:30:00+00:00,67.36494445800781
2011-09-07 13:30:00+00:00,67.3490219116211
2011-09-08 13:30:00+00:00,67.37287139892578
2011-09-09 13:30:00+00:00,67.39678955078125
2011-09-12 13:30:00+00:00,67.3490219116211
2011-09-13 13:30:00+00:00,67.35698699951172
2011-09-14 13:30:00+00:00,67.35698699951172
2011-09-15 13:30:00+00:00,67.36494445800781
2011-09-16 13:30:00+00:00,67.38082885742188
2011-09-19 13:30:00+00:00,67.41266632080078
2011-09-20 13:30:00+00:00,67.38082885742188
2011-09-21 13:30:00+00:00,67.30919647216797
2011-09-22 13:30:00+00:00,67.31715393066406
2011-09-23 13:30:00+00:00,67.32511138916016
2011-09-26 13:30:00+00:00,67.30133056640625
2011-09-27 13:30:00+00:00,67.27740478515625
2011-09-28 13:30:00+00:00,67.25352478027344
2011-09-29 13:30:00+00:00,67.2694320678711
2011-09-30 13:30:00+00:00,67.30133056640625
2011-10-03 13:30:00+00:00,67.31640625
2011-10-04 13:30:00+00:00,67.27657318115234
2011-10-05 13:30:00+00:00,67.27657318115234
2011-10-06 13:30:00+00:00,67.26068878173828
2011-10-07 13:30:00+00:00,67.23672485351562
2011-10-10 13:30:00+00:00,67.18102264404297
2011-10-11 13:30:00+00:00,67.2128677368164
2011-10-12 13:30:00+00:00,67.2128677368164
2011-10-13 13:30:00+00:00,67.22881317138672
2011-10-14 13:30:00+00:00,67.26068878173828
2011-10-17 13:30:00+00:00,67.26861572265625
2011-10-18 13:30:00+00:00,67.26861572265625
2011-10-19 13:30:00+00:00,67.29251098632812
2011-10-20 13:30:00+00:00,67.30052185058594
2011-10-21 13:30:00+00:00,67.27657318115234
2011-10-24 13:30:00+00:00,67.27657318115234
2011-10-25 13:30:00+00:00,67.31640625
2011-10-26 13:30:00+00:00,67.27657318115234
2011-10-27 13:30:00+00:00,67.22881317138672
2011-10-28 13:30:00+00:00,67.26068878173828
2011-10-31 13:30:00+00:00,67.32437896728516
2011-11-01 13:30:00+00:00,67.33073425292969
2011-11-02 13:30:00+00:00,67.34667205810547
2011-11-03 13:30:00+00:00,67.35464477539062
2011-11-04 13:30:00+00:00,67.35464477539062
2011-11-07 14:30:00+00:00,67.3387222290039
2011-11-08 14:30:00+00:00,67.33073425292969
2011-11-09 14:30:00+00:00,67.34667205810547
2011-11-10 14:30:00+00:00,67.35464477539062
2011-11-11 14:30:00+00:00,67.32279968261719
2011-11-14 14:30:00+00:00,67.35464477539062
2011-11-15 14:30:00+00:00,67.34667205810547
2011-11-16 14:30:00+00:00,67.33073425292969
2011-11-17 14:30:00+00:00,67.3387222290039
2011-11-18 14:30:00+00:00,67.31476593017578
2011-11-21 14:30:00+00:00,67.32279968261719
2011-11-22 14:30:00+00:00,67.33073425292969
2011-11-23 14:30:00+00:00,67.3387222290039
2011-11-25 14:30:00+00:00,67.3387222290039
2011-11-28 14:30:00+00:00,67.34667205810547
2011-11-29 14:30:00+00:00,67.35464477539062
2011-11-30 14:30:00+00:00,67.35464477539062
2011-12-01 14:30:00+00:00,67.35862731933594
2011-12-02 14:30:00+00:00,67.3426513671875
2011-12-05 14:30:00+00:00,67.35069274902344
2011-12-06 14:30:00+00:00,67.35069274902344
2011-12-07 14:30:00+00:00,67.37456512451172
2011-12-08 14:30:00+00:00,67.38255310058594
2011-12-09 14:30:00+00:00,67.38255310058594
2011-12-12 14:30:00+00:00,67.38255310058594
2011-12-13 14:30:00+00:00,67.38255310058594
2011-12-14 14:30:00+00:00,67.3666000366211
2011-12-15 14:30:00+00:00,67.35862731933594
2011-12-16 14:30:00+00:00,67.3904800415039
2011-12-19 14:30:00+00:00,67.38255310058594
2011-12-20 14:30:00+00:00,67.3666000366211
2011-12-21 14:30:00+00:00,67.3426513671875
2011-12-22 14:30:00+00:00,67.33470153808594
2011-12-23 14:30:00+00:00,67.35069274902344
2011-12-27 14:30:00+00:00,67.32594299316406
2011-12-28 14:30:00+00:00,67.34187316894531
2011-12-29 14:30:00+00:00,67.34982299804688
2011-12-30 14:30:00+00:00,67.38971710205078
2012-01-03 14:30:00+00:00,67.34982299804688
2012-01-04 14:30:00+00:00,67.35781860351562
2012-01-05 14:30:00+00:00,67.36576843261719
2012-01-06 14:30:00+00:00,67.35781860351562
2012-01-09 14:30:00+00:00,67.37374114990234
2012-01-10 14:30:00+00:00,67.38180541992188
2012-01-11 14:30:00+00:00,67.40570831298828
2012-01-12 14:30:00+00:00,67.39772033691406
2012-01-13 14:30:00+00:00,67.41362762451172
2012-01-17 14:30:00+00:00,67.42158508300781
2012-01-18 14:30:00+00:00,67.41362762451172
2012-01-19 14:30:00+00:00,67.41362762451172
2012-01-20 14:30:00+00:00,67.39772033691406
2012-01-23 14:30:00+00:00,67.40570831298828
2012-01-24 14:30:00+00:00,67.40570831298828
2012-01-25 14:30:00+00:00,67.44554901123047
2012-01-26 14:30:00+00:00,67.45352935791016
2012-01-27 14:30:00+00:00,67.46942138671875
2012-01-30 14:30:00+00:00,67.44554901123047
2012-01-31 14:30:00+00:00,67.44554901123047
2012-02-01 14:30:00+00:00,67.42239379882812
2012-02-02 14:30:00+00:00,67.43042755126953
2012-02-03 14:30:00+00:00,67.43042755126953
2012-02-06 14:30:00+00:00,67.4144058227539
2012-02-07 14:30:00+00:00,67.39844512939453
2012-02-08 14:30:00+00:00,67.39844512939453
2012-02-09 14:30:00+00:00,67.36654663085938
2012-02-10 14:30:00+00:00,67.38253021240234
2012-02-13 14:30:00+00:00,67.34263610839844
2012-02-14 14:30:00+00:00,67.35859680175781
2012-02-15 14:30:00+00:00,67.36654663085938
2012-02-16 14:30:00+00:00,67.34263610839844
2012-02-17 14:30:00+00:00,67.32669830322266
2012-02-21 14:30:00+00:00,67.31071472167969
2012-02-22 14:30:00+00:00,67.34263610839844
2012-02-23 14:30:00+00:00,67.33464813232422
2012-02-24 14:30:00+00:00,67.31867980957031
2012-02-27 14:30:00+00:00,67.33464813232422
2012-02-28 14:30:00+00:00,67.35062408447266
2012-02-29 14:30:00+00:00,67.35062408447266
2012-03-01 14:30:00+00:00,67.3386459350586
2012-03-02 14:30:00+00:00,67.35462188720703
2012-03-05 14:30:00+00:00,67.35462188720703
2012-03-06 14:30:00+00:00,67.35462188720703
2012-03-07 14:30:00+00:00,67.3386459350586
2012-03-08 14:30:00+00:00,67.31468200683594
2012-03-09 14:30:00+00:00,67.31468200683594
2012-03-12 13:30:00+00:00,67.32266998291016
2012-03-13 13:30:00+00:00,67.28274536132812
2012-03-14 13:30:00+00:00,67.18701171875
2012-03-15 13:30:00+00:00,67.22689819335938
2012-03-16 13:30:00+00:00,67.26683044433594
2012-03-19 13:30:00+00:00,67.21893310546875
2012-03-20 13:30:00+00:00,67.20291900634766
2012-03-21 13:30:00+00:00,67.24283599853516
2012-03-22 13:30:00+00:00,67.25086212158203
2012-03-23 13:30:00+00:00,67.25885772705078
2012-03-26 13:30:00+00:00,67.2748031616211
2012-03-27 13:30:00+00:00,67.29869842529297
2012-03-28 13:30:00+00:00,67.28274536132812
2012-03-29 13:30:00+00:00,67.30674743652344
2012-03-30 13:30:00+00:00,67.29869842529297
2012-04-02 13:30:00+00:00,67.31470489501953
2012-04-03 13:30:00+00:00,67.26677703857422
2012-04-04 13:30:00+00:00,67.28279876708984
2012-04-05 13:30:00+00:00,67.30668640136719
2012-04-09 13:30:00+00:00,67.35459899902344
2012-04-10 13:30:00+00:00,67.38658142089844
2012-04-11 13:30:00+00:00,67.37859344482422
2012-04-12 13:30:00+00:00,67.38658142089844
2012-04-13 13:30:00+00:00,67.39453125
2012-04-16 13:30:00+00:00,67.39453125
2012-04-17 13:30:00+00:00,67.39453125
2012-04-18 13:30:00+00:00,67.4105224609375
2012-04-19 13:30:00+00:00,67.41847229003906
2012-04-20 13:30:00+00:00,67.41847229003906
2012-04-23 13:30:00+00:00,67.43447875976562
2012-04-24 13:30:00+00:00,67.4105224609375
2012-04-25 13:30:00+00:00,67.42647552490234
2012-04-26 13:30:00+00:00,67.43447875976562
2012-04-27 13:30:00+00:00,67.41847229003906
2012-04-30 13:30:00+00:00,67.43447875976562
2012-05-01 13:30:00+00:00,67.4328842163086
2012-05-02 13:30:00+00:00,67.44085693359375
2012-05-03 13:30:00+00:00,67.4328842163086
2012-05-04 13:30:00+00:00,67.45682525634766
2012-05-07 13:30:00+00:00,67.45682525634766
2012-05-08 13:30:00+00:00,67.4648208618164
2012-05-09 13:30:00+00:00,67.45682525634766
2012-05-10 13:30:00+00:00,67.44882202148438
2012-05-11 13:30:00+00:00,67.45682525634766
2012-05-14 13:30:00+00:00,67.44882202148438
2012-05-15 13:30:00+00:00,67.44085693359375
2012-05-16 13:30:00+00:00,67.4328842163086
2012-05-17 13:30:00+00:00,67.40091705322266
2012-05-18 13:30:00+00:00,67.40892791748047
2012-05-21 13:30:00+00:00,67.4168701171875
2012-05-22 13:30:00+00:00,67.39295196533203
2012-05-23 13:30:00+00:00,67.42488098144531
2012-05-24 13:30:00+00:00,67.40091705322266
2012-05-25 13:30:00+00:00,67.4328842163086
2012-05-29 13:30:00+00:00,67.4168701171875
2012-05-30 13:30:00+00:00,67.44882202148438
2012-05-31 13:30:00+00:00,67.47277069091797
2012-06-01 13:30:00+00:00,67.47921752929688
2012-06-04 13:30:00+00:00,67.47118377685547
2012-06-05 13:30:00+00:00,67.4872055053711
2012-06-06 13:30:00+00:00,67.46320343017578
2012-06-07 13:30:00+00:00,67.45526885986328
2012-06-08 13:30:00+00:00,67.45526885986328
2012-06-11 13:30:00+00:00,67.45526885986328
2012-06-12 13:30:00+00:00,67.42323303222656
2012-06-13 13:30:00+00:00,67.41524505615234
2012-06-14 13:30:00+00:00,67.42323303222656
2012-06-15 13:30:00+00:00,67.4471664428711
2012-06-18 13:30:00+00:00,67.43125915527344
2012-06-19 13:30:00+00:00,67.42323303222656
2012-06-20 13:30:00+00:00,67.39932250976562
2012-06-21 13:30:00+00:00,67.40731811523438
2012-06-22 13:30:00+00:00,67.41524505615234
2012-06-25 13:30:00+00:00,67.41524505615234
2012-06-26 13:30:00+00:00,67.39932250976562
2012-06-27 13:30:00+00:00,67.39932250976562
2012-06-28 13:30:00+00:00,67.40731811523438
2012-06-29 13:30:00+00:00,67.40731811523438
2012-07-02 13:30:00+00:00,67.42809295654297
2012-07-03 13:30:00+00:00,67.41205596923828
2012-07-05 13:30:00+00:00,67.43598937988281
2012-07-06 13:30:00+00:00,67.46002197265625
2012-07-09 13:30:00+00:00,67.46002197265625
2012-07-10 13:30:00+00:00,67.46002197265625
2012-07-11 13:30:00+00:00,67.46802520751953
2012-07-12 13:30:00+00:00,67.48395538330078
2012-07-13 13:30:00+00:00,67.50000762939453
2012-07-16 13:30:00+00:00,67.52399444580078
2012-07-17 13:30:00+00:00,67.51599884033203
2012-07-18 13:30:00+00:00,67.5319595336914
2012-07-19 13:30:00+00:00,67.54801177978516
2012-07-20 13:30:00+00:00,67.5559310913086
2012-07-23 13:30:00+00:00,67.56394958496094
2012-07-24 13:30:00+00:00,67.54801177978516
2012-07-25 13:30:00+00:00,67.5559310913086
2012-07-26 13:30:00+00:00,67.5559310913086
2012-07-27 13:30:00+00:00,67.50798034667969
2012-07-30 13:30:00+00:00,67.53988647460938
2012-07-31 13:30:00+00:00,67.5559310913086
2012-08-01 13:30:00+00:00,67.54476928710938
2012-08-02 13:30:00+00:00,67.55274963378906
2012-08-03 13:30:00+00:00,67.52874755859375
2012-08-06 13:30:00+00:00,67.53675079345703
2012-08-07 13:30:00+00:00,67.50474548339844
2012-08-08 13:30:00+00:00,67.48076629638672
2012-08-09 13:30:00+00:00,67.48076629638672
2012-08-10 13:30:00+00:00,67.49683380126953
2012-08-13 13:30:00+00:00,67.50474548339844
2012-08-14 13:30:00+00:00,67.48876190185547
2012-08-15 13:30:00+00:00,67.46478271484375
2012-08-16 13:30:00+00:00,67.4567642211914
2012-08-17 13:30:00+00:00,67.46478271484375
2012-08-20 13:30:00+00:00,67.46478271484375
2012-08-21 13:30:00+00:00,67.46478271484375
2012-08-22 13:30:00+00:00,67.50474548339844
2012-08-23 13:30:00+00:00,67.5127182006836
2012-08-24 13:30:00+00:00,67.5127182006836
2012-08-27 13:30:00+00:00,67.50474548339844
2012-08-28 13:30:00+00:00,67.5127182006836
2012-08-29 13:30:00+00:00,67.5127182006836
2012-08-30 13:30:00+00:00,67.5207748413086
2012-08-31 13:30:00+00:00,67.56069946289062
2012-09-04 13:30:00+00:00,67.55596160888672
2012-09-05 13:30:00+00:00,67.55596160888672
2012-09-06 13:30:00+00:00,67.52394104003906
2012-09-07 13:30:00+00:00,67.53990936279297
2012-09-10 13:30:00+00:00,67.52394104003906
2012-09-11 13:30:00+00:00,67.53990936279297
2012-09-12 13:30:00+00:00,67.53192901611328
2012-09-13 13:30:00+00:00,67.55596160888672
2012-09-14 13:30:00+00:00,67.52394104003906
2012-09-17 13:30:00+00:00,67.52394104003906
2012-09-18 13:30:00+00:00,67.53192901611328
2012-09-19 13:30:00+00:00,67.53192901611328
2012-09-20 13:30:00+00:00,67.5159683227539
2012-09-21 13:30:00+00:00,67.52394104003906
2012-09-24 13:30:00+00:00,67.53192901611328
2012-09-25 13:30:00+00:00,67.5159683227539
2012-09-26 13:30:00+00:00,67.53192901611328
2012-09-27 13:30:00+00:00,67.53990936279297
2012-09-28 13:30:00+00:00,67.57196044921875
2012-10-01 13:30:00+00:00,67.57352447509766
2012-10-02 13:30:00+00:00,67.55756378173828
2012-10-03 13:30:00+00:00,67.55756378173828
2012-10-04 13:30:00+00:00,67.55756378173828
2012-10-05 13:30:00+00:00,67.52554321289062
2012-10-08 13:30:00+00:00,67.53357696533203
2012-10-09 13:30:00+00:00,67.53357696533203
2012-10-10 13:30:00+00:00,67.52554321289062
2012-10-11 13:30:00+00:00,67.5175552368164
2012-10-12 13:30:00+00:00,67.54154205322266
2012-10-15 13:30:00+00:00,67.52554321289062
2012-10-16 13:30:00+00:00,67.52554321289062
2012-10-17 13:30:00+00:00,67.4855728149414
2012-10-18 13:30:00+00:00,67.49349975585938
2012-10-19 13:30:00+00:00,67.49349975585938
2012-10-22 13:30:00+00:00,67.46952056884766
2012-10-23 13:30:00+00:00,67.50154876708984
2012-10-24 13:30:00+00:00,67.49349975585938
2012-10-25 13:30:00+00:00,67.46952056884766
2012-10-26 13:30:00+00:00,67.4855728149414
2012-10-31 13:30:00+00:00,67.52554321289062
2012-11-01 13:30:00+00:00,67.50955200195312
2012-11-02 13:30:00+00:00,67.50154876708984
2012-11-05 14:30:00+00:00,67.50154876708984
2012-11-06 14:30:00+00:00,67.4775619506836
2012-11-07 14:30:00+00:00,67.53357696533203
2012-11-08 14:30:00+00:00,67.53357696533203
2012-11-09 14:30:00+00:00,67.53357696533203
2012-11-12 14:30:00+00:00,67.53357696533203
2012-11-13 14:30:00+00:00,67.54154205322266
2012-11-14 14:30:00+00:00,67.55756378173828
2012-11-15 14:30:00+00:00,67.55756378173828
2012-11-16 14:30:00+00:00,67.55756378173828
2012-11-19 14:30:00+00:00,67.54946899414062
2012-11-20 14:30:00+00:00,67.53357696533203
2012-11-21 14:30:00+00:00,67.52554321289062
2012-11-23 14:30:00+00:00,67.52554321289062
2012-11-26 14:30:00+00:00,67.5175552368164
2012-11-27 14:30:00+00:00,67.52554321289062
2012-11-28 14:30:00+00:00,67.53357696533203
2012-11-29 14:30:00+00:00,67.53357696533203
2012-11-30 14:30:00+00:00,67.54154205322266
2012-12-03 14:30:00+00:00,67.54948425292969
2012-12-04 14:30:00+00:00,67.54948425292969
2012-12-05 14:30:00+00:00,67.56551361083984
2012-12-06 14:30:00+00:00,67.56551361083984
2012-12-07 14:30:00+00:00,67.56551361083984
2012-12-10 14:30:00+00:00,67.56551361083984
2012-12-11 14:30:00+00:00,67.56551361083984
2012-12-12 14:30:00+00:00,67.55755615234375
2012-12-13 14:30:00+00:00,67.55755615234375
2012-12-14 14:30:00+00:00,67.57353973388672
2012-12-17 14:30:00+00:00,67.55755615234375
2012-12-18 14:30:00+00:00,67.51756286621094
2012-12-19 14:30:00+00:00,67.5335464477539
2012-12-20 14:30:00+00:00,67.52555847167969
2012-12-21 14:30:00+00:00,67.5335464477539
2012-12-24 14:30:00+00:00,67.5335464477539
2012-12-26 14:30:00+00:00,67.53437042236328
2012-12-27 14:30:00+00:00,67.55834197998047
2012-12-28 14:30:00+00:00,67.55834197998047
2012-12-31 14:30:00+00:00,67.55834197998047
2013-01-02 14:30:00+00:00,67.54232025146484
2013-01-03 14:30:00+00:00,67.54232025146484
2013-01-04 14:30:00+00:00,67.55030059814453
2013-01-07 14:30:00+00:00,67.55030059814453
2013-01-08 14:30:00+00:00,67.55834197998047
2013-01-09 14:30:00+00:00,67.58234405517578
2013-01-10 14:30:00+00:00,67.5743408203125
2013-01-11 14:30:00+00:00,67.56635284423828
2013-01-14 14:30:00+00:00,67.56635284423828
2013-01-15 14:30:00+00:00,67.5743408203125
2013-01-16 14:30:00+00:00,67.5743408203125
2013-01-17 14:30:00+00:00,67.56635284423828
2013-01-18 14:30:00+00:00,67.56635284423828
2013-01-22 14:30:00+00:00,67.58234405517578
2013-01-23 14:30:00+00:00,67.58234405517578
2013-01-24 14:30:00+00:00,67.58234405517578
2013-01-25 14:30:00+00:00,67.55030059814453
2013-01-28 14:30:00+00:00,67.52632904052734
2013-01-29 14:30:00+00:00,67.53437042236328
2013-01-30 14:30:00+00:00,67.55834197998047
2013-01-31 14:30:00+00:00,67.56635284423828
2013-02-01 14:30:00+00:00,67.55915832519531
2013-02-04 14:30:00+00:00,67.57514953613281
2013-02-05 14:30:00+00:00,67.57514953613281
2013-02-06 14:30:00+00:00,67.59111785888672
2013-02-07 14:30:00+00:00,67.59111785888672
2013-02-08 14:30:00+00:00,67.59920501708984
2013-02-11 14:30:00+00:00,67.57514953613281
2013-02-12 14:30:00+00:00,67.55915832519531
2013-02-13 14:30:00+00:00,67.55110931396484
2013-02-14 14:30:00+00:00,67.55915832519531
2013-02-15 14:30:00+00:00,67.56713104248047
2013-02-19 14:30:00+00:00,67.55915832519531
2013-02-20 14:30:00+00:00,67.55915832519531
2013-02-21 14:30:00+00:00,67.58314514160156
2013-02-22 14:30:00+00:00,67.58314514160156
2013-02-25 14:30:00+00:00,67.59920501708984
2013-02-26 14:30:00+00:00,67.61515808105469
2013-02-27 14:30:00+00:00,67.61515808105469
2013-02-28 14:30:00+00:00,67.60716247558594
2013-03-01 14:30:00+00:00,67.62156677246094
2013-03-04 14:30:00+00:00,67.61360931396484
2013-03-05 14:30:00+00:00,67.60553741455078
2013-03-06 14:30:00+00:00,67.59754943847656
2013-03-07 14:30:00+00:00,67.5815200805664
2013-03-08 14:30:00+00:00,67.58952331542969
2013-03-11 13:30:00+00:00,67.5815200805664
2013-03-12 13:30:00+00:00,67.59754943847656
2013-03-13 13:30:00+00:00,67.5815200805664
2013-03-14 13:30:00+00:00,67.5815200805664
2013-03-15 13:30:00+00:00,67.60553741455078
2013-03-18 13:30:00+00:00,67.62156677246094
2013-03-19 13:30:00+00:00,67.61360931396484
2013-03-20 13:30:00+00:00,67.60553741455078
2013-03-21 13:30:00+00:00,67.61360931396484
2013-03-22 13:30:00+00:00,67.59754943847656
2013-03-25 13:30:00+00:00,67.59754943847656
2013-03-26 13:30:00+00:00,67.60553741455078
2013-03-27 13:30:00+00:00,67.62156677246094
2013-03-28 13:30:00+00:00,67.62957763671875
2013-04-01 13:30:00+00:00,67.63594818115234
2013-04-02 13:30:00+00:00,67.63594818115234
2013-04-03 13:30:00+00:00,67.6280288696289
2013-04-04 13:30:00+00:00,67.65199279785156
2013-04-05 13:30:00+00:00,67.65199279785156
2013-04-08 13:30:00+00:00,67.63594818115234
2013-04-09 13:30:00+00:00,67.63594818115234
2013-04-10 13:30:00+00:00,67.63594818115234
2013-04-11 13:30:00+00:00,67.63594818115234
2013-04-12 13:30:00+00:00,67.64401245117188
2013-04-15 13:30:00+00:00,67.65199279785156
2013-04-16 13:30:00+00:00,67.65199279785156
2013-04-17 13:30:00+00:00,67.65199279785156
2013-04-18 13:30:00+00:00,67.65199279785156
2013-04-19 13:30:00+00:00,67.65199279785156
2013-04-22 13:30:00+00:00,67.65998840332031
2013-04-23 13:30:00+00:00,67.65199279785156
2013-04-24 13:30:00+00:00,67.65998840332031
2013-04-25 13:30:00+00:00,67.65199279785156
2013-04-26 13:30:00+00:00,67.66806030273438
2013-04-29 13:30:00+00:00,67.68406677246094
2013-04-30 13:30:00+00:00,67.67606353759766
2013-05-01 13:30:00+00:00,67.68964385986328
2013-05-02 13:30:00+00:00,67.6816635131836
2013-05-03 13:30:00+00:00,67.65763854980469
2013-05-06 13:30:00+00:00,67.65763854980469
2013-05-07 13:30:00+00:00,67.65763854980469
2013-05-08 13:30:00+00:00,67.66561126708984
2013-05-09 13:30:00+00:00,67.65763854980469
2013-05-10 13:30:00+00:00,67.64957427978516
2013-05-13 13:30:00+00:00,67.63352966308594
2013-05-14 13:30:00+00:00,67.63352966308594
2013-05-15 13:30:00+00:00,67.6416015625
2013-05-16 13:30:00+00:00,67.65763854980469
2013-05-17 13:30:00+00:00,67.6416015625
2013-05-20 13:30:00+00:00,67.64957427978516
2013-05-21 13:30:00+00:00,67.64957427978516
2013-05-22 13:30:00+00:00,67.62559509277344
2013-05-23 13:30:00+00:00,67.6416015625
2013-05-24 13:30:00+00:00,67.62559509277344
2013-05-28 13:30:00+00:00,67.57750701904297
2013-05-29 13:30:00+00:00,67.57750701904297
2013-05-30 13:30:00+00:00,67.593505859375
2013-05-31 13:30:00+00:00,67.58552551269531
2013-06-03 13:30:00+00:00,67.60719299316406
2013-06-04 13:30:00+00:00,67.60719299316406
2013-06-05 13:30:00+00:00,67.61514282226562
2013-06-06 13:30:00+00:00,67.60719299316406
2013-06-07 13:30:00+00:00,67.59918212890625
2013-06-10 13:30:00+00:00,67.57510375976562
2013-06-11 13:30:00+00:00,67.5671157836914
2013-06-12 13:30:00+00:00,67.55912780761719
2013-06-13 13:30:00+00:00,67.59112548828125
2013-06-14 13:30:00+00:00,67.6391830444336
2013-06-17 13:30:00+00:00,67.6391830444336
2013-06-18 13:30:00+00:00,67.6391830444336
2013-06-19 13:30:00+00:00,67.55912780761719
2013-06-20 13:30:00+00:00,67.55103302001953
2013-06-21 13:30:00+00:00,67.4949951171875
2013-06-24 13:30:00+00:00,67.46296691894531
2013-06-25 13:30:00+00:00,67.45494079589844
2013-06-26 13:30:00+00:00,67.48698425292969
2013-06-27 13:30:00+00:00,67.52703094482422
2013-06-28 13:30:00+00:00,67.51904296875
2013-07-01 13:30:00+00:00,67.54866027832031
2013-07-02 13:30:00+00:00,67.5566635131836
2013-07-03 13:30:00+00:00,67.54866027832031
2013-07-05 13:30:00+00:00,67.4765625
2013-07-08 13:30:00+00:00,67.52464294433594
2013-07-09 13:30:00+00:00,67.51664733886719
2013-07-10 13:30:00+00:00,67.51664733886719
2013-07-11 13:30:00+00:00,67.57275390625
2013-07-12 13:30:00+00:00,67.53266143798828
2013-07-15 13:30:00+00:00,67.56465911865234
2013-07-16 13:30:00+00:00,67.57275390625
2013-07-17 13:30:00+00:00,67.59674835205078
2013-07-18 13:30:00+00:00,67.58875274658203
2013-07-19 13:30:00+00:00,67.62083435058594
2013-07-22 13:30:00+00:00,67.62083435058594
2013-07-23 13:30:00+00:00,67.61282348632812
2013-07-24 13:30:00+00:00,67.58074951171875
2013-07-25 13:30:00+00:00,67.62083435058594
2013-07-26 13:30:00+00:00,67.62879943847656
2013-07-29 13:30:00+00:00,67.62083435058594
2013-07-30 13:30:00+00:00,67.62879943847656
2013-07-31 13:30:00+00:00,67.62879943847656
2013-08-01 13:30:00+00:00,67.60311889648438
2013-08-02 13:30:00+00:00,67.65122985839844
2013-08-05 13:30:00+00:00,67.64324188232422
2013-08-06 13:30:00+00:00,67.63521575927734
2013-08-07 13:30:00+00:00,67.65122985839844
2013-08-08 13:30:00+00:00,67.65122985839844
2013-08-09 13:30:00+00:00,67.63521575927734
2013-08-12 13:30:00+00:00,67.63521575927734
2013-08-13 13:30:00+00:00,67.60311889648438
2013-08-14 13:30:00+00:00,67.60311889648438
2013-08-15 13:30:00+00:00,67.57913208007812
2013-08-16 13:30:00+00:00,67.58716583251953
2013-08-19 13:30:00+00:00,67.5710678100586
2013-08-20 13:30:00+00:00,67.58716583251953
2013-08-21 13:30:00+00:00,67.5470962524414
2013-08-22 13:30:00+00:00,67.52301025390625
2013-08-23 13:30:00+00:00,67.52301025390625
2013-08-26 13:30:00+00:00,67.5470962524414
2013-08-27 13:30:00+00:00,67.57913208007812
2013-08-28 13:30:00+00:00,67.5390853881836
2013-08-29 13:30:00+00:00,67.55509185791016
2013-08-30 13:30:00+00:00,67.56307220458984
2013-09-03 13:30:00+00:00,67.53746032714844
2013-09-04 13:30:00+00:00,67.4732894897461
2013-09-05 13:30:00+00:00,67.40914916992188
2013-09-06 13:30:00+00:00,67.4732894897461
2013-09-09 13:30:00+00:00,67.48934173583984
2013-09-10 13:30:00+00:00,67.4653091430664
2013-09-11 13:30:00+00:00,67.4973373413086
2013-09-12 13:30:00+00:00,67.4973373413086
2013-09-13 13:30:00+00:00,67.4973373413086
2013-09-16 13:30:00+00:00,67.54544830322266
2013-09-17 13:30:00+00:00,67.56951141357422
2013-09-18 13:30:00+00:00,67.65766143798828
2013-09-19 13:30:00+00:00,67.6336441040039
2013-09-20 13:30:00+00:00,67.64164733886719
2013-09-23 13:30:00+00:00,67.65766143798828
2013-09-24 13:30:00+00:00,67.66565704345703
2013-09-25 13:30:00+00:00,67.68975830078125
2013-09-26 13:30:00+00:00,67.65766143798828
2013-09-27 13:30:00+00:00,67.6977767944336
2013-09-30 13:30:00+00:00,67.71376037597656
2013-10-01 13:30:00+00:00,67.69615936279297
2013-10-02 13:30:00+00:00,67.70417785644531
2013-10-03 13:30:00+00:00,67.70417785644531
2013-10-04 13:30:00+00:00,67.68009185791016
2013-10-07 13:30:00+00:00,67.68009185791016
2013-10-08 13:30:00+00:00,67.62403106689453
2013-10-09 13:30:00+00:00,67.64806365966797
2013-10-10 13:30:00+00:00,67.64806365966797
2013-10-11 13:30:00+00:00,67.64806365966797
2013-10-14 13:30:00+00:00,67.62403106689453
2013-10-15 13:30:00+00:00,67.64806365966797
2013-10-16 13:30:00+00:00,67.67208862304688
2013-10-17 13:30:00+00:00,67.69615936279297
2013-10-18 13:30:00+00:00,67.69615936279297
2013-10-21 13:30:00+00:00,67.69615936279297
2013-10-22 13:30:00+00:00,67.7523193359375
2013-10-23 13:30:00+00:00,67.72820281982422
2013-10-24 13:30:00+00:00,67.7202377319336
2013-10-25 13:30:00+00:00,67.73624420166016
2013-10-28 13:30:00+00:00,67.7523193359375
2013-10-29 13:30:00+00:00,67.7523193359375
2013-10-30 13:30:00+00:00,67.7523193359375
2013-10-31 13:30:00+00:00,67.76031494140625
2013-11-01 13:30:00+00:00,67.73545837402344
2013-11-04 14:30:00+00:00,67.75147247314453
2013-11-05 14:30:00+00:00,67.75147247314453
2013-11-06 14:30:00+00:00,67.76757049560547
2013-11-07 14:30:00+00:00,67.78353118896484
2013-11-08 14:30:00+00:00,67.73545837402344
2013-11-11 14:30:00+00:00,67.75147247314453
2013-11-12 14:30:00+00:00,67.73545837402344
2013-11-13 14:30:00+00:00,67.73545837402344
2013-11-14 14:30:00+00:00,67.77554321289062
2013-11-15 14:30:00+00:00,67.77554321289062
2013-11-18 14:30:00+00:00,67.80766296386719
2013-11-19 14:30:00+00:00,67.78353118896484
2013-11-20 14:30:00+00:00,67.79161071777344
2013-11-21 14:30:00+00:00,67.8237075805664
2013-11-22 14:30:00+00:00,67.80766296386719
2013-11-25 14:30:00+00:00,67.80766296386719
2013-11-26 14:30:00+00:00,67.81563568115234
2013-11-27 14:30:00+00:00,67.81563568115234
2013-11-29 14:30:00+00:00,67.8237075805664
2013-12-02 14:30:00+00:00,67.78277587890625
2013-12-03 14:30:00+00:00,67.79878234863281
2013-12-04 14:30:00+00:00,67.78277587890625
2013-12-05 14:30:00+00:00,67.79080963134766
2013-12-06 14:30:00+00:00,67.76671600341797
2013-12-09 14:30:00+00:00,67.76671600341797
2013-12-10 14:30:00+00:00,67.79080963134766
2013-12-11 14:30:00+00:00,67.76671600341797
2013-12-12 14:30:00+00:00,67.74263000488281
2013-12-13 14:30:00+00:00,67.75865173339844
2013-12-16 14:30:00+00:00,67.75865173339844
2013-12-17 14:30:00+00:00,67.77471160888672
2013-12-18 14:30:00+00:00,67.77471160888672
2013-12-19 14:30:00+00:00,67.73463439941406
2013-12-20 14:30:00+00:00,67.71054077148438
2013-12-23 14:30:00+00:00,67.7025375366211
2013-12-24 14:30:00+00:00,67.6784896850586
2013-12-26 14:30:00+00:00,67.67125701904297
2013-12-27 14:30:00+00:00,67.70331573486328
2013-12-30 14:30:00+00:00,67.71939849853516
2013-12-31 14:30:00+00:00,67.70331573486328
2014-01-02 14:30:00+00:00,67.73545837402344
2014-01-03 14:30:00+00:00,67.71141052246094
2014-01-06 14:30:00+00:00,67.71939849853516
2014-01-07 14:30:00+00:00,67.71939849853516
2014-01-08 14:30:00+00:00,67.65519714355469
2014-01-09 14:30:00+00:00,67.67125701904297
2014-01-10 14:30:00+00:00,67.73545837402344
2014-01-13 14:30:00+00:00,67.7514877319336
2014-01-14 14:30:00+00:00,67.73545837402344
2014-01-15 14:30:00+00:00,67.71141052246094
2014-01-16 14:30:00+00:00,67.72735595703125
2014-01-17 14:30:00+00:00,67.72735595703125
2014-01-21 14:30:00+00:00,67.71939849853516
2014-01-22 14:30:00+00:00,67.68732452392578
2014-01-23 14:30:00+00:00,67.7514877319336
2014-01-24 14:30:00+00:00,67.77552795410156
2014-01-27 14:30:00+00:00,67.76754760742188
2014-01-28 14:30:00+00:00,67.76754760742188
2014-01-29 14:30:00+00:00,67.81566619873047
2014-01-30 14:30:00+00:00,67.80766296386719
2014-01-31 14:30:00+00:00,67.8397445678711
2014-02-03 14:30:00+00:00,67.85820770263672
2014-02-04 14:30:00+00:00,67.86621856689453
2014-02-05 14:30:00+00:00,67.83412170410156
2014-02-06 14:30:00+00:00,67.84215545654297
2014-02-07 14:30:00+00:00,67.85820770263672
2014-02-10 14:30:00+00:00,67.84215545654297
2014-02-11 14:30:00+00:00,67.82611846923828
2014-02-12 14:30:00+00:00,67.79397583007812
2014-02-13 14:30:00+00:00,67.83412170410156
2014-02-14 14:30:00+00:00,67.83412170410156
2014-02-18 14:30:00+00:00,67.85820770263672
2014-02-19 14:30:00+00:00,67.83412170410156
2014-02-20 14:30:00+00:00,67.84215545654297
2014-02-21 14:30:00+00:00,67.85020446777344
2014-02-24 14:30:00+00:00,67.85020446777344
2014-02-25 14:30:00+00:00,67.84215545654297
2014-02-26 14:30:00+00:00,67.87425994873047
2014-02-27 14:30:00+00:00,67.86621856689453
2014-02-28 14:30:00+00:00,67.86621856689453
2014-03-03 14:30:00+00:00,67.90480041503906
2014-03-04 14:30:00+00:00,67.84857940673828
2014-03-05 14:30:00+00:00,67.87266540527344
2014-03-06 14:30:00+00:00,67.83253479003906
2014-03-07 14:30:00+00:00,67.78438568115234
2014-03-10 13:30:00+00:00,67.79235076904297
2014-03-11 13:30:00+00:00,67.79235076904297
2014-03-12 13:30:00+00:00,67.81641387939453
2014-03-13 13:30:00+00:00,67.85660552978516
2014-03-14 13:30:00+00:00,67.8405532836914
2014-03-17 13:30:00+00:00,67.81641387939453
2014-03-18 13:30:00+00:00,67.83253479003906
2014-03-19 13:30:00+00:00,67.72016143798828
2014-03-20 13:30:00+00:00,67.72817993164062
2014-03-21 13:30:00+00:00,67.7361831665039
2014-03-24 13:30:00+00:00,67.7040786743164
2014-03-25 13:30:00+00:00,67.71208953857422
2014-03-26 13:30:00+00:00,67.76021575927734
2014-03-27 13:30:00+00:00,67.75223541259766
2014-03-28 13:30:00+00:00,67.75223541259766
2014-03-31 13:30:00+00:00,67.79235076904297
2014-04-01 13:30:00+00:00,67.75298309326172
2014-04-02 13:30:00+00:00,67.72892761230469
2014-04-03 13:30:00+00:00,67.74497985839844
2014-04-04 13:30:00+00:00,67.80119323730469
2014-04-07 13:30:00+00:00,67.80924987792969
2014-04-08 13:30:00+00:00,67.8172378540039
2014-04-09 13:30:00+00:00,67.84941864013672
2014-04-10 13:30:00+00:00,67.8895263671875
2014-04-11 13:30:00+00:00,67.8814697265625
2014-04-14 13:30:00+00:00,67.87348937988281
2014-04-15 13:30:00+00:00,67.87348937988281
2014-04-16 13:30:00+00:00,67.84941864013672
2014-04-17 13:30:00+00:00,67.83332824707031
2014-04-21 13:30:00+00:00,67.83332824707031
2014-04-22 13:30:00+00:00,67.80119323730469
2014-04-23 13:30:00+00:00,67.83332824707031
2014-04-24 13:30:00+00:00,67.8172378540039
2014-04-25 13:30:00+00:00,67.8252944946289
2014-04-28 13:30:00+00:00,67.8252944946289
2014-04-29 13:30:00+00:00,67.8172378540039
2014-04-30 13:30:00+00:00,67.86541748046875
2014-05-01 13:30:00+00:00,67.86622619628906
2014-05-02 13:30:00+00:00,67.85816955566406
2014-05-05 13:30:00+00:00,67.86622619628906
2014-05-06 13:30:00+00:00,67.84210968017578
2014-05-07 13:30:00+00:00,67.86622619628906
2014-05-08 13:30:00+00:00,67.88230895996094
2014-05-09 13:30:00+00:00,67.90642547607422
2014-05-12 13:30:00+00:00,67.89035034179688
2014-05-13 13:30:00+00:00,67.9144287109375
2014-05-14 13:30:00+00:00,67.93851470947266
2014-05-15 13:30:00+00:00,67.94656372070312
2014-05-16 13:30:00+00:00,67.95462036132812
2014-05-19 13:30:00+00:00,67.97064208984375
2014-05-20 13:30:00+00:00,67.9786376953125
2014-05-21 13:30:00+00:00,67.9786376953125
2014-05-22 13:30:00+00:00,67.962646484375
2014-05-23 13:30:00+00:00,67.94656372070312
2014-05-27 13:30:00+00:00,67.962646484375
2014-05-28 13:30:00+00:00,67.9786376953125
2014-05-29 13:30:00+00:00,67.97064208984375
2014-05-30 13:30:00+00:00,67.9867172241211
2014-06-02 13:30:00+00:00,67.94092559814453
2014-06-03 13:30:00+00:00,67.92488098144531
2014-06-04 13:30:00+00:00,67.94893646240234
2014-06-05 13:30:00+00:00,67.95697784423828
2014-06-06 13:30:00+00:00,67.94092559814453
2014-06-09 13:30:00+00:00,67.89273834228516
2014-06-10 13:30:00+00:00,67.8766098022461
2014-06-11 13:30:00+00:00,67.90076446533203
2014-06-12 13:30:00+00:00,67.92488098144531
2014-06-13 13:30:00+00:00,67.88465881347656
2014-06-16 13:30:00+00:00,67.86865234375
2014-06-17 13:30:00+00:00,67.81238555908203
2014-06-18 13:30:00+00:00,67.86865234375
2014-06-19 13:30:00+00:00,67.86054992675781
2014-06-20 13:30:00+00:00,67.86054992675781
2014-06-23 13:30:00+00:00,67.86054992675781
2014-06-24 13:30:00+00:00,67.88465881347656
2014-06-25 13:30:00+00:00,67.89273834228516
2014-06-26 13:30:00+00:00,67.90879821777344
2014-06-27 13:30:00+00:00,67.92488098144531
2014-06-30 13:30:00+00:00,67.9328842163086
2014-07-01 13:30:00+00:00,67.90471649169922
2014-07-02 13:30:00+00:00,67.880615234375
2014-07-03 13:30:00+00:00,67.87260437011719
2014-07-07 13:30:00+00:00,67.85655975341797
2014-07-08 13:30:00+00:00,67.87260437011719
2014-07-09 13:30:00+00:00,67.880615234375
2014-07-10 13:30:00+00:00,67.9128189086914
2014-07-11 13:30:00+00:00,67.9288558959961
2014-07-14 13:30:00+00:00,67.92084503173828
2014-07-15 13:30:00+00:00,67.88871765136719
2014-07-16 13:30:00+00:00,67.880615234375
2014-07-17 13:30:00+00:00,67.93689727783203
2014-07-18 13:30:00+00:00,67.880615234375
2014-07-21 13:30:00+00:00,67.88871765136719
2014-07-22 13:30:00+00:00,67.88871765136719
2014-07-23 13:30:00+00:00,67.9128189086914
2014-07-24 13:30:00+00:00,67.88871765136719
2014-07-25 13:30:00+00:00,67.89675903320312
2014-07-28 13:30:00+00:00,67.86459350585938
2014-07-29 13:30:00+00:00,67.880615234375
2014-07-30 13:30:00+00:00,67.84843444824219
2014-07-31 13:30:00+00:00,67.880615234375
2014-08-01 13:30:00+00:00,67.96670532226562
2014-08-04 13:30:00+00:00,67.96670532226562
2014-08-05 13:30:00+00:00,67.96670532226562
2014-08-06 13:30:00+00:00,67.98273468017578
2014-08-07 13:30:00+00:00,68.01490783691406
2014-08-08 13:30:00+00:00,67.97472381591797
2014-08-11 13:30:00+00:00,67.97472381591797
2014-08-12 13:30:00+00:00,67.97472381591797
2014-08-13 13:30:00+00:00,68.00688171386719
2014-08-14 13:30:00+00:00,68.0229263305664
2014-08-15 13:30:00+00:00,68.0229263305664
2014-08-18 13:30:00+00:00,68.0229263305664
2014-08-19 13:30:00+00:00,68.0229263305664
2014-08-20 13:30:00+00:00,67.95862579345703
2014-08-21 13:30:00+00:00,67.95862579345703
2014-08-22 13:30:00+00:00,67.94257354736328
2014-08-25 13:30:00+00:00,67.91848754882812
2014-08-26 13:30:00+00:00,67.94257354736328
2014-08-27 13:30:00+00:00,67.95862579345703
2014-08-28 13:30:00+00:00,67.97472381591797
2014-08-29 13:30:00+00:00,68.00688171386719
2014-09-02 13:30:00+00:00,67.94895935058594
2014-09-03 13:30:00+00:00,67.96509552001953
2014-09-04 13:30:00+00:00,67.95700073242188
2014-09-05 13:30:00+00:00,67.98114013671875
2014-09-08 13:30:00+00:00,67.94093322753906
2014-09-09 13:30:00+00:00,67.90069580078125
2014-09-10 13:30:00+00:00,67.90875244140625
2014-09-11 13:30:00+00:00,67.91678619384766
2014-09-12 13:30:00+00:00,67.90069580078125
2014-09-15 13:30:00+00:00,67.93289947509766
2014-09-16 13:30:00+00:00,67.97307586669922
2014-09-17 13:30:00+00:00,67.90069580078125
2014-09-18 13:30:00+00:00,67.90875244140625
2014-09-19 13:30:00+00:00,67.90069580078125
2014-09-22 13:30:00+00:00,67.94895935058594
2014-09-23 13:30:00+00:00,67.96509552001953
2014-09-24 13:30:00+00:00,67.94093322753906
2014-09-25 13:30:00+00:00,67.98917388916016
2014-09-26 13:30:00+00:00,67.95700073242188
2014-09-29 13:30:00+00:00,67.97307586669922
2014-09-30 13:30:00+00:00,67.95700073242188
2014-10-01 13:30:00+00:00,68.0293960571289
2014-10-02 13:30:00+00:00,68.02137756347656
2014-10-03 13:30:00+00:00,67.95702362060547
2014-10-06 13:30:00+00:00,68.02137756347656
2014-10-07 13:30:00+00:00,68.06160736083984
2014-10-08 13:30:00+00:00,68.13397979736328
2014-10-09 13:30:00+00:00,68.13397979736328
2014-10-10 13:30:00+00:00,68.1661376953125
2014-10-13 13:30:00+00:00,68.1902847290039
2014-10-14 13:30:00+00:00,68.23049926757812
2014-10-15 13:30:00+00:00,68.31900024414062
2014-10-16 13:30:00+00:00,68.27874755859375
2014-10-17 13:30:00+00:00,68.23854064941406
2014-10-20 13:30:00+00:00,68.27874755859375
2014-10-21 13:30:00+00:00,68.26270294189453
2014-10-22 13:30:00+00:00,68.24658966064453
2014-10-23 13:30:00+00:00,68.21441650390625
2014-10-24 13:30:00+00:00,68.23049926757812
2014-10-27 13:30:00+00:00,68.23049926757812
2014-10-28 13:30:00+00:00,68.21441650390625
2014-10-29 13:30:00+00:00,68.12596130371094
2014-10-30 13:30:00+00:00,68.15007781982422
2014-10-31 13:30:00+00:00,68.13397979736328
2014-11-03 14:30:00+00:00,68.1251220703125
2014-11-04 14:30:00+00:00,68.11702728271484
2014-11-05 14:30:00+00:00,68.10096740722656
2014-11-06 14:30:00+00:00,68.08491516113281
2014-11-07 14:30:00+00:00,68.13316345214844
2014-11-10 14:30:00+00:00,68.08491516113281
2014-11-11 14:30:00+00:00,68.0768051147461
2014-11-12 14:30:00+00:00,68.10096740722656
2014-11-13 14:30:00+00:00,68.11702728271484
2014-11-14 14:30:00+00:00,68.1492919921875
2014-11-17 14:30:00+00:00,68.14119720458984
2014-11-18 14:30:00+00:00,68.13316345214844
2014-11-19 14:30:00+00:00,68.1251220703125
2014-11-20 14:30:00+00:00,68.14119720458984
2014-11-21 14:30:00+00:00,68.15731811523438
2014-11-24 14:30:00+00:00,68.16534423828125
2014-11-25 14:30:00+00:00,68.17341613769531
2014-11-26 14:30:00+00:00,68.18148803710938
2014-11-28 14:30:00+00:00,68.2055892944336
2014-12-01 14:30:00+00:00,68.20481872558594
2014-12-02 14:30:00+00:00,68.1645278930664
2014-12-03 14:30:00+00:00,68.13232421875
2014-12-04 14:30:00+00:00,68.1725845336914
2014-12-05 14:30:00+00:00,68.0438232421875
2014-12-08 14:30:00+00:00,68.0357437133789
2014-12-09 14:30:00+00:00,68.05989837646484
2014-12-10 14:30:00+00:00,68.1162109375
2014-12-11 14:30:00+00:00,68.08404541015625
2014-12-12 14:30:00+00:00,68.14844512939453
2014-12-15 14:30:00+00:00,68.10016632080078
2014-12-16 14:30:00+00:00,68.14038848876953
2014-12-17 14:30:00+00:00,68.07599639892578
2014-12-18 14:30:00+00:00,68.0357437133789
2014-12-19 14:30:00+00:00,67.98741149902344
2014-12-22 14:30:00+00:00,68.00352478027344
2014-12-23 14:30:00+00:00,67.93107604980469
2014-12-24 14:30:00+00:00,67.96576690673828
2014-12-26 14:30:00+00:00,67.94160461425781
2014-12-29 14:30:00+00:00,68.00598907470703
2014-12-30 14:30:00+00:00,68.03013610839844
2014-12-31 14:30:00+00:00,68.00598907470703
2015-01-02 14:30:00+00:00,68.0784683227539
2015-01-05 14:30:00+00:00,68.0784683227539
2015-01-06 14:30:00+00:00,68.11068725585938
2015-01-07 14:30:00+00:00,68.14287567138672
2015-01-08 14:30:00+00:00,68.13482666015625
2015-01-09 14:30:00+00:00,68.19119262695312
2015-01-12 14:30:00+00:00,68.23147583007812
2015-01-13 14:30:00+00:00,68.27169036865234
2015-01-14 14:30:00+00:00,68.31200408935547
2015-01-15 14:30:00+00:00,68.41663360595703
2015-01-16 14:30:00+00:00,68.35224151611328
2015-01-20 14:30:00+00:00,68.32006072998047
2015-01-21 14:30:00+00:00,68.32006072998047
2015-01-22 14:30:00+00:00,68.29590606689453
2015-01-23 14:30:00+00:00,68.32810974121094
2015-01-26 14:30:00+00:00,68.28785705566406
2015-01-27 14:30:00+00:00,68.32810974121094
2015-01-28 14:30:00+00:00,68.37643432617188
2015-01-29 14:30:00+00:00,68.35224151611328
2015-01-30 14:30:00+00:00,68.43282318115234
2015-02-02 14:30:00+00:00,68.41107177734375
2015-02-03 14:30:00+00:00,68.35462951660156
2015-02-04 14:30:00+00:00,68.36267852783203
2015-02-05 14:30:00+00:00,68.33853912353516
2015-02-06 14:30:00+00:00,68.17739868164062
2015-02-09 14:30:00+00:00,68.16936492919922
2015-02-10 14:30:00+00:00,68.15325164794922
2015-02-11 14:30:00+00:00,68.16130828857422
2015-02-12 14:30:00+00:00,68.18550109863281
2015-02-13 14:30:00+00:00,68.18550109863281
2015-02-17 14:30:00+00:00,68.15325164794922
2015-02-18 14:30:00+00:00,68.23382568359375
2015-02-19 14:30:00+00:00,68.19354248046875
2015-02-20 14:30:00+00:00,68.18550109863281
2015-02-23 14:30:00+00:00,68.21765899658203
2015-02-24 14:30:00+00:00,68.27409362792969
2015-02-25 14:30:00+00:00,68.27409362792969
2015-02-26 14:30:00+00:00,68.2096176147461
2015-02-27 14:30:00+00:00,68.23382568359375
2015-03-02 14:30:00+00:00,68.1781997680664
2015-03-03 14:30:00+00:00,68.16211700439453
2015-03-04 14:30:00+00:00,68.1781997680664
2015-03-05 14:30:00+00:00,68.20236206054688
2015-03-06 14:30:00+00:00,68.12984466552734
2015-03-09 13:30:00+00:00,68.16211700439453
2015-03-10 13:30:00+00:00,68.1781997680664
2015-03-11 13:30:00+00:00,68.1781997680664
2015-03-12 13:30:00+00:00,68.19430541992188
2015-03-13 13:30:00+00:00,68.20236206054688
2015-03-16 13:30:00+00:00,68.21046447753906
2015-03-17 13:30:00+00:00,68.19430541992188
2015-03-18 13:30:00+00:00,68.35555267333984
2015-03-19 13:30:00+00:00,68.26679992675781
2015-03-20 13:30:00+00:00,68.3151626586914
2015-03-23 13:30:00+00:00,68.33939361572266
2015-03-24 13:30:00+00:00,68.36355590820312
2015-03-25 13:30:00+00:00,68.3474349975586
2015-03-26 13:30:00+00:00,68.3151626586914
2015-03-27 13:30:00+00:00,68.35555267333984
2015-03-30 13:30:00+00:00,68.3474349975586
2015-03-31 13:30:00+00:00,68.40385437011719
2015-04-01 13:30:00+00:00,68.4336929321289
2015-04-02 13:30:00+00:00,68.42565155029297
2015-04-06 13:30:00+00:00,68.48207092285156
2015-04-07 13:30:00+00:00,68.4336929321289
2015-04-08 13:30:00+00:00,68.4336929321289
2015-04-09 13:30:00+00:00,68.40948486328125
2015-04-10 13:30:00+00:00,68.39334869384766
2015-04-13 13:30:00+00:00,68.4336929321289
2015-04-14 13:30:00+00:00,68.46595001220703
2015-04-15 13:30:00+00:00,68.46595001220703
2015-04-16 13:30:00+00:00,68.49818420410156
2015-04-17 13:30:00+00:00,68.46595001220703
2015-04-20 13:30:00+00:00,68.4578628540039
2015-04-21 13:30:00+00:00,68.46595001220703
2015-04-22 13:30:00+00:00,68.40948486328125
2015-04-23 13:30:00+00:00,68.44171905517578
2015-04-24 13:30:00+00:00,68.46595001220703
2015-04-27 13:30:00+00:00,68.4578628540039
2015-04-28 13:30:00+00:00,68.42565155029297
2015-04-29 13:30:00+00:00,68.4336929321289
2015-04-30 13:30:00+00:00,68.42565155029297
2015-05-01 13:30:00+00:00,68.39740753173828
2015-05-04 13:30:00+00:00,68.39740753173828
2015-05-05 13:30:00+00:00,68.38128662109375
2015-05-06 13:30:00+00:00,68.3570327758789
2015-05-07 13:30:00+00:00,68.3328628540039
2015-05-08 13:30:00+00:00,68.42964935302734
2015-05-11 13:30:00+00:00,68.36512756347656
2015-05-12 13:30:00+00:00,68.37315368652344
2015-05-13 13:30:00+00:00,68.40545654296875
2015-05-14 13:30:00+00:00,68.4699478149414
2015-05-15 13:30:00+00:00,68.4699478149414
2015-05-18 13:30:00+00:00,68.42964935302734
2015-05-19 13:30:00+00:00,68.38932800292969
2015-05-20 13:30:00+00:00,68.41353607177734
2015-05-21 13:30:00+00:00,68.43775177001953
2015-05-22 13:30:00+00:00,68.38932800292969
2015-05-26 13:30:00+00:00,68.39740753173828
2015-05-27 13:30:00+00:00,68.40545654296875
2015-05-28 13:30:00+00:00,68.43775177001953
2015-05-29 13:30:00+00:00,68.4538803100586
2015-06-01 13:30:00+00:00,68.41111755371094
2015-06-02 13:30:00+00:00,68.40299987792969
2015-06-03 13:30:00+00:00,68.37879180908203
2015-06-04 13:30:00+00:00,68.38685607910156
2015-06-05 13:30:00+00:00,68.3222885131836
2015-06-08 13:30:00+00:00,68.3626708984375
2015-06-09 13:30:00+00:00,68.33039855957031
2015-06-10 13:30:00+00:00,68.31427764892578
2015-06-11 13:30:00+00:00,68.33039855957031
2015-06-12 13:30:00+00:00,68.31427764892578
2015-06-15 13:30:00+00:00,68.3465347290039
2015-06-16 13:30:00+00:00,68.37078857421875
2015-06-17 13:30:00+00:00,68.4191665649414
2015-06-18 13:30:00+00:00,68.4353256225586
2015-06-19 13:30:00+00:00,68.45142364501953
2015-06-22 13:30:00+00:00,68.40299987792969
2015-06-23 13:30:00+00:00,68.38685607910156
2015-06-24 13:30:00+00:00,68.4191665649414
2015-06-25 13:30:00+00:00,68.40299987792969
2015-06-26 13:30:00+00:00,68.3626708984375
2015-06-29 13:30:00+00:00,68.47566986083984
2015-06-30 13:30:00+00:00,68.47566986083984
2015-07-01 13:30:00+00:00,68.41748809814453
2015-07-02 13:30:00+00:00,68.52244567871094
2015-07-06 13:30:00+00:00,68.53858184814453
2015-07-07 13:30:00+00:00,68.530517578125
2015-07-08 13:30:00+00:00,68.60320281982422
2015-07-09 13:30:00+00:00,68.55477142333984
2015-07-10 13:30:00+00:00,68.49018096923828
2015-07-13 13:30:00+00:00,68.45790100097656
2015-07-14 13:30:00+00:00,68.49018096923828
2015-07-15 13:30:00+00:00,68.51439666748047
2015-07-16 13:30:00+00:00,68.4820785522461
2015-07-17 13:30:00+00:00,68.46592712402344
2015-07-20 13:30:00+00:00,68.42559051513672
2015-07-21 13:30:00+00:00,68.43363189697266
2015-07-22 13:30:00+00:00,68.42559051513672
2015-07-23 13:30:00+00:00,68.43363189697266
2015-07-24 13:30:00+00:00,68.44984436035156
2015-07-27 13:30:00+00:00,68.49828338623047
2015-07-28 13:30:00+00:00,68.4820785522461
2015-07-29 13:30:00+00:00,68.46592712402344
2015-07-30 13:30:00+00:00,68.43363189697266
2015-07-31 13:30:00+00:00,68.50634002685547
2015-08-03 13:30:00+00:00,68.5289306640625
2015-08-04 13:30:00+00:00,68.4239730834961
2015-08-05 13:30:00+00:00,68.43202209472656
2015-08-06 13:30:00+00:00,68.44817352294922
2015-08-07 13:30:00+00:00,68.41583251953125
2015-08-10 13:30:00+00:00,68.41583251953125
2015-08-11 13:30:00+00:00,68.50469970703125
2015-08-12 13:30:00+00:00,68.50469970703125
2015-08-13 13:30:00+00:00,68.44817352294922
2015-08-14 13:30:00+00:00,68.41583251953125
2015-08-17 13:30:00+00:00,68.45622253417969
2015-08-18 13:30:00+00:00,68.44817352294922
2015-08-19 13:30:00+00:00,68.51277160644531
2015-08-20 13:30:00+00:00,68.4885025024414
2015-08-21 13:30:00+00:00,68.56119537353516
2015-08-24 13:30:00+00:00,68.59358215332031
2015-08-25 13:30:00+00:00,68.56119537353516
2015-08-26 13:30:00+00:00,68.5208511352539
2015-08-27 13:30:00+00:00,68.5289306640625
2015-08-28 13:30:00+00:00,68.49664306640625
2015-08-31 13:30:00+00:00,68.4723892211914
2015-09-01 13:30:00+00:00,68.49663543701172
2015-09-02 13:30:00+00:00,68.51280975341797
2015-09-03 13:30:00+00:00,68.51280975341797
2015-09-04 13:30:00+00:00,68.52086639404297
2015-09-08 13:30:00+00:00,68.49663543701172
2015-09-09 13:30:00+00:00,68.48046112060547
2015-09-10 13:30:00+00:00,68.50471496582031
2015-09-11 13:30:00+00:00,68.52896118164062
2015-09-14 13:30:00+00:00,68.51280975341797
2015-09-15 13:30:00+00:00,68.41581726074219
2015-09-16 13:30:00+00:00,68.4077377319336
2015-09-17 13:30:00+00:00,68.56124877929688
2015-09-18 13:30:00+00:00,68.59359741210938
2015-09-21 13:30:00+00:00,68.55319213867188
2015-09-22 13:30:00+00:00,68.59359741210938
2015-09-23 13:30:00+00:00,68.56938171386719
2015-09-24 13:30:00+00:00,68.60977172851562
2015-09-25 13:30:00+00:00,68.57743835449219
2015-09-28 13:30:00+00:00,68.62590026855469
2015-09-29 13:30:00+00:00,68.65826416015625
2015-09-30 13:30:00+00:00,68.67437744140625
2015-10-01 13:30:00+00:00,68.67440795898438
2015-10-02 13:30:00+00:00,68.77143096923828
2015-10-05 13:30:00+00:00,68.72291564941406
2015-10-06 13:30:00+00:00,68.71478271484375
2015-10-07 13:30:00+00:00,68.69866943359375
2015-10-08 13:30:00+00:00,68.68248748779297
2015-10-09 13:30:00+00:00,68.68248748779297
2015-10-12 13:30:00+00:00,68.66632080078125
2015-10-13 13:30:00+00:00,68.69058227539062
2015-10-14 13:30:00+00:00,68.78755187988281
2015-10-15 13:30:00+00:00,68.7471923828125
2015-10-16 13:30:00+00:00,68.71478271484375
2015-10-19 13:30:00+00:00,68.73908996582031
2015-10-20 13:30:00+00:00,68.69866943359375
2015-10-21 13:30:00+00:00,68.72291564941406
2015-10-22 13:30:00+00:00,68.7471923828125
2015-10-23 13:30:00+00:00,68.69058227539062
2015-10-26 13:30:00+00:00,68.69058227539062
2015-10-27 13:30:00+00:00,68.71478271484375
2015-10-28 13:30:00+00:00,68.62586975097656
2015-10-29 13:30:00+00:00,68.577392578125
2015-10-30 13:30:00+00:00,68.577392578125
2015-11-02 14:30:00+00:00,68.53776550292969
2015-11-03 14:30:00+00:00,68.5296859741211
2015-11-04 14:30:00+00:00,68.45687103271484
2015-11-05 14:30:00+00:00,68.45687103271484
2015-11-06 14:30:00+00:00,68.39218139648438
2015-11-09 14:30:00+00:00,68.3759994506836
2015-11-10 14:30:00+00:00,68.40839385986328
2015-11-11 14:30:00+00:00,68.39218139648438
2015-11-12 14:30:00+00:00,68.41643524169922
2015-11-13 14:30:00+00:00,68.47307586669922
2015-11-16 14:30:00+00:00,68.47307586669922
2015-11-17 14:30:00+00:00,68.4487533569336
2015-11-18 14:30:00+00:00,68.424560546875
2015-11-19 14:30:00+00:00,68.40839385986328
2015-11-20 14:30:00+00:00,68.40839385986328
2015-11-23 14:30:00+00:00,68.4002456665039
2015-11-24 14:30:00+00:00,68.4002456665039
2015-11-25 14:30:00+00:00,68.40839385986328
2015-11-27 14:30:00+00:00,68.424560546875
2015-11-30 14:30:00+00:00,68.4002456665039
2015-12-01 14:30:00+00:00,68.44156646728516
2015-12-02 14:30:00+00:00,68.3848876953125
2015-12-03 14:30:00+00:00,68.3848876953125
2015-12-04 14:30:00+00:00,68.40109252929688
2015-12-07 14:30:00+00:00,68.39297485351562
2015-12-08 14:30:00+00:00,68.3848876953125
2015-12-09 14:30:00+00:00,68.40914916992188
2015-12-10 14:30:00+00:00,68.36873626708984
2015-12-11 14:30:00+00:00,68.44963836669922
2015-12-14 14:30:00+00:00,68.36873626708984
2015-12-15 14:30:00+00:00,68.360595703125
2015-12-16 14:30:00+00:00,68.3039779663086
2015-12-17 14:30:00+00:00,68.3039779663086
2015-12-18 14:30:00+00:00,68.39297485351562
2015-12-21 14:30:00+00:00,68.3848876953125
2015-12-22 14:30:00+00:00,68.36873626708984
2015-12-23 14:30:00+00:00,68.34445190429688
2015-12-24 14:30:00+00:00,68.37117004394531
2015-12-28 14:30:00+00:00,68.3306884765625
2015-12-29 14:30:00+00:00,68.31448364257812
2015-12-30 14:30:00+00:00,68.3306884765625
2015-12-31 14:30:00+00:00,68.29826354980469
2016-01-04 14:30:00+00:00,68.38732147216797
2016-01-05 14:30:00+00:00,68.34689331054688
2016-01-06 14:30:00+00:00,68.38732147216797
2016-01-07 14:30:00+00:00,68.41162109375
2016-01-08 14:30:00+00:00,68.4602279663086
2016-01-11 14:30:00+00:00,68.4844970703125
2016-01-12 14:30:00+00:00,68.49259948730469
2016-01-13 14:30:00+00:00,68.53305053710938
2016-01-14 14:30:00+00:00,68.54926300048828
2016-01-15 14:30:00+00:00,68.60594940185547
2016-01-19 14:30:00+00:00,68.59786987304688
2016-01-20 14:30:00+00:00,68.64645385742188
2016-01-21 14:30:00+00:00,68.63829040527344
2016-01-22 14:30:00+00:00,68.61405181884766
2016-01-25 14:30:00+00:00,68.61405181884766
2016-01-26 14:30:00+00:00,68.64645385742188
2016-01-27 14:30:00+00:00,68.66259765625
2016-01-28 14:30:00+00:00,68.66259765625
2016-01-29 14:30:00+00:00,68.74359893798828
2016-02-01 14:30:00+00:00,68.7071533203125
2016-02-02 14:30:00+00:00,68.79619598388672
2016-02-03 14:30:00+00:00,68.81241607666016
2016-02-04 14:30:00+00:00,68.82860565185547
2016-02-05 14:30:00+00:00,68.81241607666016
2016-02-08 14:30:00+00:00,68.89342498779297
2016-02-09 14:30:00+00:00,68.86911010742188
2016-02-10 14:30:00+00:00,68.86911010742188
2016-02-11 14:30:00+00:00,68.93395233154297
2016-02-12 14:30:00+00:00,68.85292053222656
2016-02-16 14:30:00+00:00,68.81241607666016
2016-02-17 14:30:00+00:00,68.82860565185547
2016-02-18 14:30:00+00:00,68.88533020019531
2016-02-19 14:30:00+00:00,68.82051086425781
2016-02-22 14:30:00+00:00,68.82860565185547
2016-02-23 14:30:00+00:00,68.83668518066406
2016-02-24 14:30:00+00:00,68.85292053222656
2016-02-25 14:30:00+00:00,68.86911010742188
2016-02-26 14:30:00+00:00,68.78001403808594
2016-02-29 14:30:00+00:00,68.82051086425781
2016-03-01 14:30:00+00:00,68.72893524169922
2016-03-02 14:30:00+00:00,68.72084045410156
2016-03-03 14:30:00+00:00,68.74519348144531
2016-03-04 14:30:00+00:00,68.6965103149414
2016-03-07 14:30:00+00:00,68.64789581298828
2016-03-08 14:30:00+00:00,68.6965103149414
2016-03-09 14:30:00+00:00,68.67219543457031
2016-03-10 14:30:00+00:00,68.66410827636719
2016-03-11 14:30:00+00:00,68.59927368164062
2016-03-14 13:30:00+00:00,68.59927368164062
2016-03-15 13:30:00+00:00,68.6235580444336
2016-03-16 13:30:00+00:00,68.7613296508789
2016-03-17 13:30:00+00:00,68.75326538085938
2016-03-18 13:30:00+00:00,68.76944732666016
2016-03-21 13:30:00+00:00,68.7613296508789
2016-03-22 13:30:00+00:00,68.72084045410156
2016-03-23 13:30:00+00:00,68.7613296508789
2016-03-24 13:30:00+00:00,68.72893524169922
2016-03-28 13:30:00+00:00,68.74519348144531
2016-03-29 13:30:00+00:00,68.87476348876953
2016-03-30 13:30:00+00:00,68.88289642333984
2016-03-31 13:30:00+00:00,68.91533660888672
2016-04-01 13:30:00+00:00,68.87559509277344
2016-04-04 13:30:00+00:00,68.92427062988281
2016-04-05 13:30:00+00:00,68.94856262207031
2016-04-06 13:30:00+00:00,68.92427062988281
2016-04-07 13:30:00+00:00,68.96484375
2016-04-08 13:30:00+00:00,68.96484375
2016-04-11 13:30:00+00:00,68.95669555664062
2016-04-12 13:30:00+00:00,68.94049835205078
2016-04-13 13:30:00+00:00,68.90805053710938
2016-04-14 13:30:00+00:00,68.90805053710938
2016-04-15 13:30:00+00:00,68.95669555664062
2016-04-18 13:30:00+00:00,68.94856262207031
2016-04-19 13:30:00+00:00,68.92427062988281
2016-04-20 13:30:00+00:00,68.87559509277344
2016-04-21 13:30:00+00:00,68.85940551757812
2016-04-22 13:30:00+00:00,68.85940551757812
2016-04-25 13:30:00+00:00,68.84314727783203
2016-04-26 13:30:00+00:00,68.82695007324219
2016-04-27 13:30:00+00:00,68.87559509277344
2016-04-28 13:30:00+00:00,68.91615295410156
2016-04-29 13:30:00+00:00,68.94049835205078
2016-05-02 13:30:00+00:00,68.91532897949219
2016-05-03 13:30:00+00:00,68.98833465576172
2016-05-04 13:30:00+00:00,68.98021697998047
2016-05-05 13:30:00+00:00,69.00462341308594
2016-05-06 13:30:00+00:00,68.98833465576172
2016-05-09 13:30:00+00:00,69.02080535888672
2016-05-10 13:30:00+00:00,69.03704833984375
2016-05-11 13:30:00+00:00,69.01268768310547
2016-05-12 13:30:00+00:00,68.97213745117188
2016-05-13 13:30:00+00:00,68.98021697998047
2016-05-16 13:30:00+00:00,68.94783782958984
2016-05-17 13:30:00+00:00,68.92344665527344
2016-05-18 13:30:00+00:00,68.80172729492188
2016-05-19 13:30:00+00:00,68.81793212890625
2016-05-20 13:30:00+00:00,68.84233093261719
2016-05-23 13:30:00+00:00,68.83415985107422
2016-05-24 13:30:00+00:00,68.7855224609375
2016-05-25 13:30:00+00:00,68.82610321044922
2016-05-26 13:30:00+00:00,68.86662292480469
2016-05-27 13:30:00+00:00,68.82610321044922
2016-05-31 13:30:00+00:00,68.85853576660156
2016-06-01 13:30:00+00:00,68.81063842773438
2016-06-02 13:30:00+00:00,68.86750793457031
2016-06-03 13:30:00+00:00,68.98114776611328
2016-06-06 13:30:00+00:00,68.96491241455078
2016-06-07 13:30:00+00:00,68.98114776611328
2016-06-08 13:30:00+00:00,68.99737548828125
2016-06-09 13:30:00+00:00,69.01358795166016
2016-06-10 13:30:00+00:00,69.05419158935547
2016-06-13 13:30:00+00:00,69.07044219970703
2016-06-14 13:30:00+00:00,69.07855224609375
2016-06-15 13:30:00+00:00,69.15973663330078
2016-06-16 13:30:00+00:00,69.11917877197266
2016-06-17 13:30:00+00:00,69.12728881835938
2016-06-20 13:30:00+00:00,69.08671569824219
2016-06-21 13:30:00+00:00,69.03797912597656
2016-06-22 13:30:00+00:00,69.06231689453125
2016-06-23 13:30:00+00:00,69.03797912597656
2016-06-24 13:30:00+00:00,69.20034790039062
2016-06-27 13:30:00+00:00,69.24089813232422
2016-06-28 13:30:00+00:00,69.26528930664062
2016-06-29 13:30:00+00:00,69.24089813232422
2016-06-30 13:30:00+00:00,69.2734375
2016-07-01 13:30:00+00:00,69.29780578613281
2016-07-05 13:30:00+00:00,69.3303451538086
2016-07-06 13:30:00+00:00,69.29780578613281
2016-07-07 13:30:00+00:00,69.26529693603516
2016-07-08 13:30:00+00:00,69.26529693603516
2016-07-11 13:30:00+00:00,69.19219970703125
2016-07-12 13:30:00+00:00,69.16781616210938
2016-07-13 13:30:00+00:00,69.18408966064453
2016-07-14 13:30:00+00:00,69.14342498779297
2016-07-15 13:30:00+00:00,69.1109619140625
2016-07-18 13:30:00+00:00,69.15155029296875
2016-07-19 13:30:00+00:00,69.1596908569336
2016-07-20 13:30:00+00:00,69.127197265625
2016-07-21 13:30:00+00:00,69.17594909667969
2016-07-22 13:30:00+00:00,69.15155029296875
2016-07-25 13:30:00+00:00,69.10279083251953
2016-07-26 13:30:00+00:00,69.1109619140625
2016-07-27 13:30:00+00:00,69.1596908569336
2016-07-28 13:30:00+00:00,69.15155029296875
2016-07-29 13:30:00+00:00,69.24088287353516
2016-08-01 13:30:00+00:00,69.21736145019531
2016-08-02 13:30:00+00:00,69.19293212890625
2016-08-03 13:30:00+00:00,69.20111083984375
2016-08-04 13:30:00+00:00,69.2498779296875
2016-08-05 13:30:00+00:00,69.15229797363281
2016-08-08 13:30:00+00:00,69.12793731689453
2016-08-09 13:30:00+00:00,69.1685791015625
2016-08-10 13:30:00+00:00,69.20111083984375
2016-08-11 13:30:00+00:00,69.13607025146484
2016-08-12 13:30:00+00:00,69.1848373413086
2016-08-15 13:30:00+00:00,69.1685791015625
2016-08-16 13:30:00+00:00,69.14418029785156
2016-08-17 13:30:00+00:00,69.14418029785156
2016-08-18 13:30:00+00:00,69.19293212890625
2016-08-19 13:30:00+00:00,69.12793731689453
2016-08-22 13:30:00+00:00,69.13607025146484
2016-08-23 13:30:00+00:00,69.14418029785156
2016-08-24 13:30:00+00:00,69.12793731689453
2016-08-25 13:30:00+00:00,69.10353088378906
2016-08-26 13:30:00+00:00,69.03852081298828
2016-08-29 13:30:00+00:00,69.07914733886719
2016-08-30 13:30:00+00:00,69.08728790283203
2016-08-31 13:30:00+00:00,69.07914733886719
2016-09-01 13:30:00+00:00,69.1116714477539
2016-09-02 13:30:00+00:00,69.1116714477539
2016-09-06 13:30:00+00:00,69.16051483154297
2016-09-07 13:30:00+00:00,69.16051483154297
2016-09-08 13:30:00+00:00,69.1116714477539
2016-09-09 13:30:00+00:00,69.08729553222656
2016-09-12 13:30:00+00:00,69.1116714477539
2016-09-13 13:30:00+00:00,69.08729553222656
2016-09-14 13:30:00+00:00,69.1279525756836
2016-09-15 13:30:00+00:00,69.1849136352539
2016-09-16 13:30:00+00:00,69.15232849121094
2016-09-19 13:30:00+00:00,69.13610076904297
2016-09-20 13:30:00+00:00,69.1198501586914
2016-09-21 13:30:00+00:00,69.13610076904297
2016-09-22 13:30:00+00:00,69.1198501586914
2016-09-23 13:30:00+00:00,69.16051483154297
2016-09-26 13:30:00+00:00,69.20118713378906
2016-09-27 13:30:00+00:00,69.2093276977539
2016-09-28 13:30:00+00:00,69.20118713378906
2016-09-29 13:30:00+00:00,69.22559356689453
2016-09-30 13:30:00+00:00,69.16864776611328
2016-10-03 13:30:00+00:00,69.15966796875
2016-10-04 13:30:00+00:00,69.10272979736328
2016-10-05 13:30:00+00:00,69.06202697753906
2016-10-06 13:30:00+00:00,69.06202697753906
2016-10-07 13:30:00+00:00,69.08646392822266
2016-10-10 13:30:00+00:00,69.05386352539062
2016-10-11 13:30:00+00:00,69.04572296142578
2016-10-12 13:30:00+00:00,69.04572296142578
2016-10-13 13:30:00+00:00,69.0701675415039
2016-10-14 13:30:00+00:00,69.05386352539062
2016-10-17 13:30:00+00:00,69.11087036132812
2016-10-18 13:30:00+00:00,69.1352310180664
2016-10-19 13:30:00+00:00,69.1352310180664
2016-10-20 13:30:00+00:00,69.10272979736328
2016-10-21 13:30:00+00:00,69.11898040771484
2016-10-24 13:30:00+00:00,69.09456634521484
2016-10-25 13:30:00+00:00,69.09456634521484
2016-10-26 13:30:00+00:00,69.0701675415039
2016-10-27 13:30:00+00:00,69.08646392822266
2016-10-28 13:30:00+00:00,69.08646392822266
2016-10-31 13:30:00+00:00,69.1352310180664
2016-11-01 13:30:00+00:00,69.13610076904297
2016-11-02 13:30:00+00:00,69.17677307128906
2016-11-03 13:30:00+00:00,69.18492889404297
2016-11-04 13:30:00+00:00,69.2093734741211
2016-11-07 14:30:00+00:00,69.18492889404297
2016-11-08 14:30:00+00:00,69.11163330078125
2016-11-09 14:30:00+00:00,69.02205657958984
2016-11-10 14:30:00+00:00,68.9976577758789
2016-11-11 14:30:00+00:00,68.9976577758789
2016-11-14 14:30:00+00:00,68.89179229736328
2016-11-15 14:30:00+00:00,68.91620635986328
2016-11-16 14:30:00+00:00,68.90811920166016
2016-11-17 14:30:00+00:00,68.89988708496094
2016-11-18 14:30:00+00:00,68.85919952392578
2016-11-21 14:30:00+00:00,68.85102081298828
2016-11-22 14:30:00+00:00,68.83476257324219
2016-11-23 14:30:00+00:00,68.79408264160156
2016-11-25 14:30:00+00:00,68.78593444824219
2016-11-28 14:30:00+00:00,68.8266372680664
2016-11-29 14:30:00+00:00,68.83476257324219
2016-11-30 14:30:00+00:00,68.81031799316406
2016-12-01 14:30:00+00:00,68.7777328491211
2016-12-02 14:30:00+00:00,68.85105895996094
2016-12-05 14:30:00+00:00,68.85105895996094
2016-12-06 14:30:00+00:00,68.83480834960938
2016-12-07 14:30:00+00:00,68.8592529296875
2016-12-08 14:30:00+00:00,68.85105895996094
2016-12-09 14:30:00+00:00,68.8429183959961
2016-12-12 14:30:00+00:00,68.8184814453125
2016-12-13 14:30:00+00:00,68.81036376953125
2016-12-14 14:30:00+00:00,68.67996978759766
2016-12-15 14:30:00+00:00,68.64737701416016
2016-12-16 14:30:00+00:00,68.67996978759766
2016-12-19 14:30:00+00:00,68.71257781982422
2016-12-20 14:30:00+00:00,68.72067260742188
2016-12-21 14:30:00+00:00,68.7533187866211
2016-12-22 14:30:00+00:00,68.7704086303711
2016-12-23 14:30:00+00:00,68.7704086303711
2016-12-27 14:30:00+00:00,68.73782348632812
2016-12-28 14:30:00+00:00,68.76229858398438
2016-12-29 14:30:00+00:00,68.8356704711914
2016-12-30 14:30:00+00:00,68.86014556884766
2017-01-03 14:30:00+00:00,68.80303955078125
2017-01-04 14:30:00+00:00,68.81934356689453
2017-01-05 14:30:00+00:00,68.8682861328125
2017-01-06 14:30:00+00:00,68.81124114990234
2017-01-09 14:30:00+00:00,68.8682861328125
2017-01-10 14:30:00+00:00,68.84381866455078
2017-01-11 14:30:00+00:00,68.8764419555664
2017-01-12 14:30:00+00:00,68.90091705322266
2017-01-13 14:30:00+00:00,68.8682861328125
2017-01-17 14:30:00+00:00,68.91719818115234
2017-01-18 14:30:00+00:00,68.85195922851562
2017-01-19 14:30:00+00:00,68.82749938964844
2017-01-20 14:30:00+00:00,68.8682861328125
2017-01-23 14:30:00+00:00,68.93354034423828
2017-01-24 14:30:00+00:00,68.89276885986328
2017-01-25 14:30:00+00:00,68.8764419555664
2017-01-26 14:30:00+00:00,68.88458251953125
2017-01-27 14:30:00+00:00,68.91719818115234
2017-01-30 14:30:00+00:00,68.91719818115234
2017-01-31 14:30:00+00:00,68.93354034423828
2017-02-01 14:30:00+00:00,68.90985107421875
2017-02-02 14:30:00+00:00,68.93436431884766
2017-02-03 14:30:00+00:00,68.90985107421875
2017-02-06 14:30:00+00:00,68.9832534790039
2017-02-07 14:30:00+00:00,68.96694946289062
2017-02-08 14:30:00+00:00,69.0322265625
2017-02-09 14:30:00+00:00,68.97514343261719
2017-02-10 14:30:00+00:00,68.96694946289062
2017-02-13 14:30:00+00:00,68.95069885253906
2017-02-14 14:30:00+00:00,68.90170288085938
2017-02-15 14:30:00+00:00,68.8772201538086
2017-02-16 14:30:00+00:00,68.90985107421875
2017-02-17 14:30:00+00:00,68.95878601074219
2017-02-21 14:30:00+00:00,68.96694946289062
2017-02-22 14:30:00+00:00,68.9832534790039
2017-02-23 14:30:00+00:00,69.01589965820312
2017-02-24 14:30:00+00:00,69.04854583740234
2017-02-27 14:30:00+00:00,68.99142456054688
2017-02-28 14:30:00+00:00,68.95878601074219
2017-03-01 14:30:00+00:00,68.90489959716797
2017-03-02 14:30:00+00:00,68.83146667480469
2017-03-03 14:30:00+00:00,68.8477783203125
2017-03-06 14:30:00+00:00,68.86407470703125
2017-03-07 14:30:00+00:00,68.8395767211914
2017-03-08 14:30:00+00:00,68.782470703125
2017-03-09 14:30:00+00:00,68.77430725097656
2017-03-10 14:30:00+00:00,68.81510925292969
2017-03-13 13:30:00+00:00,68.782470703125
2017-03-14 13:30:00+00:00,68.77430725097656
2017-03-15 13:30:00+00:00,68.90489959716797
2017-03-16 13:30:00+00:00,68.85590362548828
2017-03-17 13:30:00+00:00,68.88859558105469
2017-03-20 13:30:00+00:00,68.92941284179688
2017-03-21 13:30:00+00:00,68.96208190917969
2017-03-22 13:30:00+00:00,68.9784164428711
2017-03-23 13:30:00+00:00,68.9784164428711
2017-03-24 13:30:00+00:00,68.9784164428711
2017-03-27 13:30:00+00:00,69.00291442871094
2017-03-28 13:30:00+00:00,68.9702377319336
2017-03-29 13:30:00+00:00,69.01103973388672
2017-03-30 13:30:00+00:00,68.9947738647461
2017-03-31 13:30:00+00:00,69.00291442871094
2017-04-03 13:30:00+00:00,69.06661987304688
2017-04-04 13:30:00+00:00,69.04214477539062
2017-04-05 13:30:00+00:00,69.04214477539062
2017-04-06 13:30:00+00:00,69.05843353271484
2017-04-07 13:30:00+00:00,68.96858215332031
2017-04-10 13:30:00+00:00,69.00122833251953
2017-04-11 13:30:00+00:00,69.06661987304688
2017-04-12 13:30:00+00:00,69.11564636230469
2017-04-13 13:30:00+00:00,69.1483154296875
2017-04-17 13:30:00+00:00,69.14013671875
2017-04-18 13:30:00+00:00,69.19733428955078
2017-04-19 13:30:00+00:00,69.16463470458984
2017-04-20 13:30:00+00:00,69.15647888183594
2017-04-21 13:30:00+00:00,69.18914794921875
2017-04-24 13:30:00+00:00,69.11564636230469
2017-04-25 13:30:00+00:00,69.0502700805664
2017-04-26 13:30:00+00:00,69.07477569580078
2017-04-27 13:30:00+00:00,69.09929656982422
2017-04-28 13:30:00+00:00,69.13198852539062
2017-05-01 13:30:00+00:00,69.08456420898438
2017-05-02 13:30:00+00:00,69.10906219482422
2017-05-03 13:30:00+00:00,69.06001281738281
2017-05-04 13:30:00+00:00,69.05184936523438
2017-05-05 13:30:00+00:00,69.07636260986328
2017-05-08 13:30:00+00:00,69.04369354248047
2017-05-09 13:30:00+00:00,69.01095581054688
2017-05-10 13:30:00+00:00,69.02731323242188
2017-05-11 13:30:00+00:00,69.03545379638672
2017-05-12 13:30:00+00:00,69.11726379394531
2017-05-15 13:30:00+00:00,69.10906219482422
2017-05-16 13:30:00+00:00,69.10906219482422
2017-05-17 13:30:00+00:00,69.18267059326172
2017-05-18 13:30:00+00:00,69.14995574951172
2017-05-19 13:30:00+00:00,69.16633605957031
2017-05-22 13:30:00+00:00,69.14179992675781
2017-05-23 13:30:00+00:00,69.11726379394531
2017-05-24 13:30:00+00:00,69.15814208984375
2017-05-25 13:30:00+00:00,69.15814208984375
2017-05-26 13:30:00+00:00,69.14995574951172
2017-05-30 13:30:00+00:00,69.1744384765625
2017-05-31 13:30:00+00:00,69.18267059326172
2017-06-01 13:30:00+00:00,69.16954040527344
2017-06-02 13:30:00+00:00,69.21867370605469
2017-06-05 13:30:00+00:00,69.16139221191406
2017-06-06 13:30:00+00:00,69.1859359741211
2017-06-07 13:30:00+00:00,69.16139221191406
2017-06-08 13:30:00+00:00,69.14503479003906
2017-06-09 13:30:00+00:00,69.1204605102539
2017-06-12 13:30:00+00:00,69.11225891113281
2017-06-13 13:30:00+00:00,69.11225891113281
2017-06-14 13:30:00+00:00,69.14503479003906
2017-06-15 13:30:00+00:00,69.1204605102539
2017-06-16 13:30:00+00:00,69.1531982421875
2017-06-19 13:30:00+00:00,69.11225891113281
2017-06-20 13:30:00+00:00,69.1204605102539
2017-06-21 13:30:00+00:00,69.128662109375
2017-06-22 13:30:00+00:00,69.1368637084961
2017-06-23 13:30:00+00:00,69.17774200439453
2017-06-26 13:30:00+00:00,69.17774200439453
2017-06-27 13:30:00+00:00,69.1368637084961
2017-06-28 13:30:00+00:00,69.16954040527344
2017-06-29 13:30:00+00:00,69.128662109375
2017-06-30 13:30:00+00:00,69.128662109375
2017-07-03 13:30:00+00:00,69.07707214355469
2017-07-05 13:30:00+00:00,69.10164642333984
2017-07-06 13:30:00+00:00,69.11799621582031
2017-07-07 13:30:00+00:00,69.10983276367188
2017-07-10 13:30:00+00:00,69.14256286621094
2017-07-11 13:30:00+00:00,69.16710662841797
2017-07-12 13:30:00+00:00,69.19991302490234
2017-07-13 13:30:00+00:00,69.16710662841797
2017-07-14 13:30:00+00:00,69.19991302490234
2017-07-17 13:30:00+00:00,69.20806121826172
2017-07-18 13:30:00+00:00,69.22444152832031
2017-07-19 13:30:00+00:00,69.22444152832031
2017-07-20 13:30:00+00:00,69.22444152832031
2017-07-21 13:30:00+00:00,69.25724792480469
2017-07-24 13:30:00+00:00,69.23262786865234
2017-07-25 13:30:00+00:00,69.19170379638672
2017-07-26 13:30:00+00:00,69.24083709716797
2017-07-27 13:30:00+00:00,69.22444152832031
2017-07-28 13:30:00+00:00,69.26539611816406
2017-07-31 13:30:00+00:00,69.25724792480469
2017-08-01 13:30:00+00:00,69.2826156616211
2017-08-02 13:30:00+00:00,69.24983978271484
2017-08-03 13:30:00+00:00,69.2744369506836
2017-08-04 13:30:00+00:00,69.24983978271484
2017-08-07 13:30:00+00:00,69.2744369506836
2017-08-08 13:30:00+00:00,69.2744369506836
2017-08-09 13:30:00+00:00,69.26620483398438
2017-08-10 13:30:00+00:00,69.29080200195312
2017-08-11 13:30:00+00:00,69.3809585571289
2017-08-14 13:30:00+00:00,69.32357025146484
2017-08-15 13:30:00+00:00,69.29080200195312
2017-08-16 13:30:00+00:00,69.33177947998047
2017-08-17 13:30:00+00:00,69.3481674194336
2017-08-18 13:30:00+00:00,69.3399429321289
2017-08-21 13:30:00+00:00,69.35638427734375
2017-08-22 13:30:00+00:00,69.3481674194336
2017-08-23 13:30:00+00:00,69.41375732421875
2017-08-24 13:30:00+00:00,69.3481674194336
2017-08-25 13:30:00+00:00,69.37276458740234
2017-08-28 13:30:00+00:00,69.3481674194336
2017-08-29 13:30:00+00:00,69.3809585571289
2017-08-30 13:30:00+00:00,69.39733123779297
2017-08-31 13:30:00+00:00,69.39733123779297
2017-09-01 13:30:00+00:00,69.38256072998047
2017-09-05 13:30:00+00:00,69.44820404052734
2017-09-06 13:30:00+00:00,69.44000244140625
2017-09-07 13:30:00+00:00,69.48098754882812
2017-09-08 13:30:00+00:00,69.46461486816406
2017-09-11 13:30:00+00:00,69.39897918701172
2017-09-12 13:30:00+00:00,69.36618041992188
2017-09-13 13:30:00+00:00,69.34976959228516
2017-09-14 13:30:00+00:00,69.35797119140625
2017-09-15 13:30:00+00:00,69.34976959228516
2017-09-18 13:30:00+00:00,69.30875396728516
2017-09-19 13:30:00+00:00,69.31697082519531
2017-09-20 13:30:00+00:00,69.25952911376953
2017-09-21 13:30:00+00:00,69.24317932128906
2017-09-22 13:30:00+00:00,69.25952911376953
2017-09-25 13:30:00+00:00,69.30055236816406
2017-09-26 13:30:00+00:00,69.28417205810547
2017-09-27 13:30:00+00:00,69.27597045898438
2017-09-28 13:30:00+00:00,69.28417205810547
2017-09-29 13:30:00+00:00,69.26776885986328
2017-10-02 13:30:00+00:00,69.3194808959961
2017-10-03 13:30:00+00:00,69.27840423583984
2017-10-04 13:30:00+00:00,69.4097671508789
2017-10-05 13:30:00+00:00,69.26202392578125
2017-10-06 13:30:00+00:00,69.23738098144531
2017-10-09 13:30:00+00:00,69.23738098144531
2017-10-10 13:30:00+00:00,69.25382232666016
2017-10-11 13:30:00+00:00,69.24562072753906
2017-10-12 13:30:00+00:00,69.23738098144531
2017-10-13 13:30:00+00:00,69.27840423583984
2017-10-16 13:30:00+00:00,69.21273040771484
2017-10-17 13:30:00+00:00,69.22098541259766
2017-10-18 13:30:00+00:00,69.1963119506836
2017-10-19 13:30:00+00:00,69.23738098144531
2017-10-20 13:30:00+00:00,69.1963119506836
2017-10-23 13:30:00+00:00,69.1963119506836
2017-10-24 13:30:00+00:00,69.1799087524414
2017-10-25 13:30:00+00:00,69.16350555419922
2017-10-26 13:30:00+00:00,69.16350555419922
2017-10-27 13:30:00+00:00,69.21273040771484
2017-10-30 13:30:00+00:00,69.24562072753906
2017-10-31 13:30:00+00:00,69.20450592041016
2017-11-01 13:30:00+00:00,69.1947250366211
2017-11-02 13:30:00+00:00,69.21112823486328
2017-11-03 13:30:00+00:00,69.17000579833984
2017-11-06 14:30:00+00:00,69.21112823486328
2017-11-07 14:30:00+00:00,69.1782455444336
2017-11-08 14:30:00+00:00,69.17000579833984
2017-11-09 14:30:00+00:00,69.16179656982422
2017-11-10 14:30:00+00:00,69.13717651367188
2017-11-13 14:30:00+00:00,69.12894439697266
2017-11-14 14:30:00+00:00,69.1454086303711
2017-11-15 14:30:00+00:00,69.12071228027344
2017-11-16 14:30:00+00:00,69.12894439697266
2017-11-17 14:30:00+00:00,69.08785247802734
2017-11-20 14:30:00+00:00,69.0632095336914
2017-11-21 14:30:00+00:00,69.04678344726562
2017-11-22 14:30:00+00:00,69.10429382324219
2017-11-24 14:30:00+00:00,69.10429382324219
2017-11-27 14:30:00+00:00,69.10429382324219
2017-11-28 14:30:00+00:00,69.1125259399414
2017-11-29 14:30:00+00:00,69.09608459472656
2017-11-30 14:30:00+00:00,69.05497741699219
2017-12-01 14:30:00+00:00,69.07061767578125
2017-12-04 14:30:00+00:00,69.02948760986328
2017-12-05 14:30:00+00:00,69.02125549316406
2017-12-06 14:30:00+00:00,69.0541763305664
2017-12-07 14:30:00+00:00,69.06240844726562
2017-12-08 14:30:00+00:00,69.06240844726562
2017-12-11 14:30:00+00:00,69.02948760986328
2017-12-12 14:30:00+00:00,69.02948760986328
2017-12-13 14:30:00+00:00,69.1034927368164
2017-12-14 14:30:00+00:00,69.0788803100586
2017-12-15 14:30:00+00:00,69.04595184326172
2017-12-18 14:30:00+00:00,69.04595184326172
2017-12-19 14:30:00+00:00,69.01305389404297
2017-12-20 14:30:00+00:00,69.02125549316406
2017-12-21 14:30:00+00:00,69.01632690429688
2017-12-22 14:30:00+00:00,68.99163055419922
2017-12-26 14:30:00+00:00,68.98343658447266
2017-12-27 14:30:00+00:00,69.01632690429688
2017-12-28 14:30:00+00:00,69.02457427978516
2017-12-29 14:30:00+00:00,69.04103088378906
2018-01-02 14:30:00+00:00,69.01632690429688
2018-01-03 14:30:00+00:00,69.01632690429688
2018-01-04 14:30:00+00:00,68.98343658447266
2018-01-05 14:30:00+00:00,68.98343658447266
2018-01-08 14:30:00+00:00,68.98343658447266
2018-01-09 14:30:00+00:00,68.95866394042969
2018-01-10 14:30:00+00:00,68.98343658447266
2018-01-11 14:30:00+00:00,68.95866394042969
2018-01-12 14:30:00+00:00,68.9504623413086
2018-01-16 14:30:00+00:00,68.9422378540039
2018-01-17 14:30:00+00:00,68.91754913330078
2018-01-18 14:30:00+00:00,68.90103912353516
2018-01-19 14:30:00+00:00,68.9257583618164
2018-01-22 14:30:00+00:00,68.89281463623047
2018-01-23 14:30:00+00:00,68.93396759033203
2018-01-24 14:30:00+00:00,68.91754913330078
2018-01-25 14:30:00+00:00,68.90103912353516
2018-01-26 14:30:00+00:00,68.85986328125
2018-01-29 14:30:00+00:00,68.83515167236328
2018-01-30 14:30:00+00:00,68.84342956542969
2018-01-31 14:30:00+00:00,68.84342956542969
2018-02-01 14:30:00+00:00,68.81539916992188
2018-02-02 14:30:00+00:00,68.82363891601562
2018-02-05 14:30:00+00:00,68.94729614257812
2018-02-06 14:30:00+00:00,68.89778137207031
2018-02-07 14:30:00+00:00,68.84833526611328
2018-02-08 14:30:00+00:00,68.85665130615234
2018-02-09 14:30:00+00:00,68.914306640625
2018-02-12 14:30:00+00:00,68.88135528564453
2018-02-13 14:30:00+00:00,68.88135528564453
2018-02-14 14:30:00+00:00,68.78241729736328
2018-02-15 14:30:00+00:00,68.7577133178711
2018-02-16 14:30:00+00:00,68.77421569824219
2018-02-20 14:30:00+00:00,68.76597595214844
2018-02-21 14:30:00+00:00,68.77421569824219
2018-02-22 14:30:00+00:00,68.78241729736328
2018-02-23 14:30:00+00:00,68.79895782470703
2018-02-26 14:30:00+00:00,68.80715942382812
2018-02-27 14:30:00+00:00,68.7577133178711
2018-02-28 14:30:00+00:00,68.77421569824219
2018-03-01 14:30:00+00:00,68.86990356445312
2018-03-02 14:30:00+00:00,68.83692932128906
2018-03-05 14:30:00+00:00,68.83692932128906
2018-03-06 14:30:00+00:00,68.8204345703125
2018-03-07 14:30:00+00:00,68.8204345703125
2018-03-08 14:30:00+00:00,68.83692932128906
2018-03-09 14:30:00+00:00,68.80387878417969
2018-03-12 13:30:00+00:00,68.83692932128906
2018-03-13 13:30:00+00:00,68.85338592529297
2018-03-14 13:30:00+00:00,68.84516143798828
2018-03-15 13:30:00+00:00,68.85338592529297
2018-03-16 13:30:00+00:00,68.8204345703125
2018-03-19 13:30:00+00:00,68.8204345703125
2018-03-20 13:30:00+00:00,68.79561614990234
2018-03-21 13:30:00+00:00,68.84516143798828
2018-03-22 13:30:00+00:00,68.87812805175781
2018-03-23 13:30:00+00:00,68.89466094970703
2018-03-26 13:30:00+00:00,68.86164855957031
2018-03-27 13:30:00+00:00,68.9111557006836
2018-03-28 13:30:00+00:00,68.91941833496094
2018-03-29 13:30:00+00:00,68.94415283203125
2018-04-02 13:30:00+00:00,68.9639892578125
2018-04-03 13:30:00+00:00,68.9309310913086
2018-04-04 13:30:00+00:00,68.88967895507812
2018-04-05 13:30:00+00:00,68.90617370605469
2018-04-06 13:30:00+00:00,68.9639892578125
2018-04-09 13:30:00+00:00,68.95577239990234
2018-04-10 13:30:00+00:00,68.92265319824219
2018-04-11 13:30:00+00:00,68.92265319824219
2018-04-12 13:30:00+00:00,68.88139343261719
2018-04-13 13:30:00+00:00,68.8648452758789
2018-04-16 13:30:00+00:00,68.85662841796875
2018-04-17 13:30:00+00:00,68.85662841796875
2018-04-18 13:30:00+00:00,68.7988052368164
2018-04-19 13:30:00+00:00,68.7988052368164
2018-04-20 13:30:00+00:00,68.77400970458984
2018-04-23 13:30:00+00:00,68.76573944091797
2018-04-24 13:30:00+00:00,68.78226470947266
2018-04-25 13:30:00+00:00,68.77400970458984
2018-04-26 13:30:00+00:00,68.7905502319336
2018-04-27 13:30:00+00:00,68.80703735351562
2018-04-30 13:30:00+00:00,68.78226470947266
2018-05-01 13:30:00+00:00,68.75162506103516
2018-05-02 13:30:00+00:00,68.77644348144531
2018-05-03 13:30:00+00:00,68.82609558105469
2018-05-04 13:30:00+00:00,68.80127716064453
2018-05-07 13:30:00+00:00,68.80127716064453
2018-05-08 13:30:00+00:00,68.80956268310547
2018-05-09 13:30:00+00:00,68.77644348144531
2018-05-10 13:30:00+00:00,68.77644348144531
2018-05-11 13:30:00+00:00,68.77644348144531
2018-05-14 13:30:00+00:00,68.77644348144531
2018-05-15 13:30:00+00:00,68.735107421875
2018-05-16 13:30:00+00:00,68.735107421875
2018-05-17 13:30:00+00:00,68.75162506103516
2018-05-18 13:30:00+00:00,68.78474426269531
2018-05-21 13:30:00+00:00,68.78474426269531
2018-05-22 13:30:00+00:00,68.78474426269531
2018-05-23 13:30:00+00:00,68.84260559082031
2018-05-24 13:30:00+00:00,68.88401794433594
2018-05-25 13:30:00+00:00,68.94189453125
2018-05-29 13:30:00+00:00,69.1403579711914
2018-05-30 13:30:00+00:00,69.05766296386719
2018-05-31 13:30:00+00:00,69.02457427978516
2018-06-01 13:30:00+00:00,68.97157287597656
2018-06-04 13:30:00+00:00,68.91360473632812
2018-06-05 13:30:00+00:00,68.95499420166016
2018-06-06 13:30:00+00:00,68.93014526367188
2018-06-07 13:30:00+00:00,68.99640655517578
2018-06-08 13:30:00+00:00,68.9798583984375
2018-06-11 13:30:00+00:00,68.95499420166016
2018-06-12 13:30:00+00:00,68.92189025878906
2018-06-13 13:30:00+00:00,68.88874053955078
2018-06-14 13:30:00+00:00,68.91360473632812
2018-06-15 13:30:00+00:00,68.94673919677734
2018-06-18 13:30:00+00:00,68.96328735351562
2018-06-19 13:30:00+00:00,68.98815155029297
2018-06-20 13:30:00+00:00,68.95499420166016
2018-06-21 13:30:00+00:00,68.99640655517578
2018-06-22 13:30:00+00:00,69.00468444824219
2018-06-25 13:30:00+00:00,69.02952575683594
2018-06-26 13:30:00+00:00,69.02952575683594
2018-06-27 13:30:00+00:00,69.07096862792969
2018-06-28 13:30:00+00:00,69.07096862792969
2018-06-29 13:30:00+00:00,69.054443359375
2018-07-02 13:30:00+00:00,69.04611206054688
2018-07-03 13:30:00+00:00,69.07099914550781
2018-07-05 13:30:00+00:00,69.06266784667969
2018-07-06 13:30:00+00:00,69.07929992675781
2018-07-09 13:30:00+00:00,69.03778839111328
2018-07-10 13:30:00+00:00,69.02953338623047
2018-07-11 13:30:00+00:00,69.0544204711914
2018-07-12 13:30:00+00:00,69.04611206054688
2018-07-13 13:30:00+00:00,69.06266784667969
2018-07-16 13:30:00+00:00,69.04611206054688
2018-07-17 13:30:00+00:00,69.03778839111328
2018-07-18 13:30:00+00:00,69.02953338623047
2018-07-19 13:30:00+00:00,69.06266784667969
2018-07-20 13:30:00+00:00,69.06266784667969
2018-07-23 13:30:00+00:00,69.021240234375
2018-07-24 13:30:00+00:00,69.02953338623047
2018-07-25 13:30:00+00:00,69.00460052490234
2018-07-26 13:30:00+00:00,69.00460052490234
2018-07-27 13:30:00+00:00,69.01292419433594
2018-07-30 13:30:00+00:00,69.01292419433594
2018-07-31 13:30:00+00:00,69.01292419433594
2018-08-01 13:30:00+00:00,69.01956176757812
2018-08-02 13:30:00+00:00,69.06111145019531
2018-08-03 13:30:00+00:00,69.0694351196289
2018-08-06 13:30:00+00:00,69.08599853515625
2018-08-07 13:30:00+00:00,69.06111145019531
2018-08-08 13:30:00+00:00,69.0694351196289
2018-08-09 13:30:00+00:00,69.11097717285156
2018-08-10 13:30:00+00:00,69.17745971679688
2018-08-13 13:30:00+00:00,69.16082000732422
2018-08-14 13:30:00+00:00,69.16082000732422
2018-08-15 13:30:00+00:00,69.1940689086914
2018-08-16 13:30:00+00:00,69.17745971679688
2018-08-17 13:30:00+00:00,69.20238494873047
2018-08-20 13:30:00+00:00,69.24392700195312
2018-08-21 13:30:00+00:00,69.22728729248047
2018-08-22 13:30:00+00:00,69.24392700195312
2018-08-23 13:30:00+00:00,69.23562622070312
2018-08-24 13:30:00+00:00,69.24392700195312
2018-08-27 13:30:00+00:00,69.21900939941406
2018-08-28 13:30:00+00:00,69.1940689086914
2018-08-29 13:30:00+00:00,69.18574523925781
2018-08-30 13:30:00+00:00,69.23562622070312
2018-08-31 13:30:00+00:00,69.25224304199219
2018-09-04 13:30:00+00:00,69.23641967773438
2018-09-05 13:30:00+00:00,69.23641967773438
2018-09-06 13:30:00+00:00,69.26136779785156
2018-09-07 13:30:00+00:00,69.18645477294922
2018-09-10 13:30:00+00:00,69.19475555419922
2018-09-11 13:30:00+00:00,69.1532211303711
2018-09-12 13:30:00+00:00,69.1532211303711
2018-09-13 13:30:00+00:00,69.16151428222656
2018-09-14 13:30:00+00:00,69.13654327392578
2018-09-17 13:30:00+00:00,69.119873046875
2018-09-18 13:30:00+00:00,69.11158752441406
2018-09-19 13:30:00+00:00,69.09494018554688
2018-09-20 13:30:00+00:00,69.119873046875
2018-09-21 13:30:00+00:00,69.103271484375
2018-09-24 13:30:00+00:00,69.103271484375
2018-09-25 13:30:00+00:00,69.11158752441406
2018-09-26 13:30:00+00:00,69.119873046875
2018-09-27 13:30:00+00:00,69.119873046875
2018-09-28 13:30:00+00:00,69.1532211303711
2018-10-01 13:30:00+00:00,69.13402557373047
2018-10-02 13:30:00+00:00,69.15906524658203
2018-10-03 13:30:00+00:00,69.12570190429688
2018-10-04 13:30:00+00:00,69.1090087890625
2018-10-05 13:30:00+00:00,69.10063171386719
2018-10-08 13:30:00+00:00,69.08399963378906
2018-10-09 13:30:00+00:00,69.1090087890625
2018-10-10 13:30:00+00:00,69.12570190429688
2018-10-11 13:30:00+00:00,69.15071105957031
2018-10-12 13:30:00+00:00,69.15071105957031
2018-10-15 13:30:00+00:00,69.17572021484375
2018-10-16 13:30:00+00:00,69.15071105957031
2018-10-17 13:30:00+00:00,69.15071105957031
2018-10-18 13:30:00+00:00,69.19236755371094
2018-10-19 13:30:00+00:00,69.15071105957031
2018-10-22 13:30:00+00:00,69.13402557373047
2018-10-23 13:30:00+00:00,69.17572021484375
2018-10-24 13:30:00+00:00,69.28409576416016
2018-10-25 13:30:00+00:00,69.25910949707031
2018-10-26 13:30:00+00:00,69.30071258544922
2018-10-29 13:30:00+00:00,69.32579803466797
2018-10-30 13:30:00+00:00,69.29240417480469
2018-10-31 13:30:00+00:00,69.25910949707031
2018-11-01 13:30:00+00:00,69.2975082397461
2018-11-02 13:30:00+00:00,69.21398162841797
2018-11-05 14:30:00+00:00,69.23902893066406
2018-11-06 14:30:00+00:00,69.22232055664062
2018-11-07 14:30:00+00:00,69.1972427368164
2018-11-08 14:30:00+00:00,69.18891143798828
2018-11-09 14:30:00+00:00,69.22232055664062
2018-11-12 14:30:00+00:00,69.27244567871094
2018-11-13 14:30:00+00:00,69.2807846069336
2018-11-14 14:30:00+00:00,69.33085632324219
2018-11-15 14:30:00+00:00,69.3642807006836
2018-11-16 14:30:00+00:00,69.41438293457031
2018-11-19 14:30:00+00:00,69.47285461425781
2018-11-20 14:30:00+00:00,69.45613098144531
2018-11-21 14:30:00+00:00,69.45613098144531
2018-11-23 14:30:00+00:00,69.43946075439453
2018-11-26 14:30:00+00:00,69.44779205322266
2018-11-27 14:30:00+00:00,69.45613098144531
2018-11-28 14:30:00+00:00,69.48121643066406
2018-11-29 14:30:00+00:00,69.4979248046875
2018-11-30 14:30:00+00:00,69.52294158935547
2018-12-03 14:30:00+00:00,69.46609497070312
2018-12-04 14:30:00+00:00,69.51624298095703
2018-12-06 14:30:00+00:00,69.58316802978516
2018-12-07 14:30:00+00:00,69.65849304199219
2018-12-10 14:30:00+00:00,69.65849304199219
2018-12-11 14:30:00+00:00,69.591552734375
2018-12-12 14:30:00+00:00,69.58316802978516
2018-12-13 14:30:00+00:00,69.65010833740234
2018-12-14 14:30:00+00:00,69.69190216064453
2018-12-17 14:30:00+00:00,69.75888061523438
2018-12-18 14:30:00+00:00,69.79995727539062
2018-12-19 14:30:00+00:00,69.81665802001953
2018-12-20 14:30:00+00:00,69.80831146240234
2018-12-21 14:30:00+00:00,69.85857391357422
2018-12-24 14:30:00+00:00,69.91719818115234
2018-12-26 14:30:00+00:00,69.8501968383789
2018-12-27 14:30:00+00:00,69.92559051513672
2018-12-28 14:30:00+00:00,70.0261001586914
2018-12-31 14:30:00+00:00,70.05125427246094
2019-01-02 14:30:00+00:00,70.05960845947266
2019-01-03 14:30:00+00:00,70.20203399658203
2019-01-04 14:30:00+00:00,70.05125427246094
2019-01-07 14:30:00+00:00,70.0009765625
2019-01-08 14:30:00+00:00,69.9591064453125
2019-01-09 14:30:00+00:00,69.99256896972656
2019-01-10 14:30:00+00:00,70.0009765625
2019-01-11 14:30:00+00:00,70.04287719726562
2019-01-14 14:30:00+00:00,70.04287719726562
2019-01-15 14:30:00+00:00,70.06800079345703
2019-01-16 14:30:00+00:00,70.05125427246094
2019-01-17 14:30:00+00:00,70.04287719726562
2019-01-18 14:30:00+00:00,69.98418426513672
2019-01-22 14:30:00+00:00,70.04287719726562
2019-01-23 14:30:00+00:00,70.0261001586914
2019-01-24 14:30:00+00:00,70.08473205566406
2019-01-25 14:30:00+00:00,70.03450012207031
2019-01-28 14:30:00+00:00,70.04287719726562
2019-01-29 14:30:00+00:00,70.07636260986328
2019-01-30 14:30:00+00:00,70.16853332519531
2019-01-31 14:30:00+00:00,70.22718048095703
2019-02-01 14:30:00+00:00,70.14491271972656
2019-02-04 14:30:00+00:00,70.14491271972656
2019-02-05 14:30:00+00:00,70.14491271972656
2019-02-06 14:30:00+00:00,70.17850494384766
2019-02-07 14:30:00+00:00,70.22882843017578
2019-02-08 14:30:00+00:00,70.2540054321289
2019-02-11 14:30:00+00:00,70.22882843017578
2019-02-12 14:30:00+00:00,70.22041320800781
2019-02-13 14:30:00+00:00,70.17011260986328
2019-02-14 14:30:00+00:00,70.26240539550781
2019-02-15 14:30:00+00:00,70.22882843017578
2019-02-19 14:30:00+00:00,70.2791976928711
2019-02-20 14:30:00+00:00,70.27079010009766
2019-02-21 14:30:00+00:00,70.24560546875
2019-02-22 14:30:00+00:00,70.29598236083984
2019-02-25 14:30:00+00:00,70.2875747680664
2019-02-26 14:30:00+00:00,70.32112884521484
2019-02-27 14:30:00+00:00,70.30436706542969
2019-02-28 14:30:00+00:00,70.2875747680664
2019-03-01 14:30:00+00:00,70.24046325683594
2019-03-04 14:30:00+00:00,70.25733184814453
2019-03-05 14:30:00+00:00,70.2657470703125
2019-03-06 14:30:00+00:00,70.31615447998047
2019-03-07 14:30:00+00:00,70.37501525878906
2019-03-08 14:30:00+00:00,70.40023803710938
2019-03-11 13:30:00+00:00,70.3834457397461
2019-03-12 13:30:00+00:00,70.40864562988281
2019-03-13 13:30:00+00:00,70.41707611083984
2019-03-14 13:30:00+00:00,70.43388366699219
2019-03-15 13:30:00+00:00,70.45912170410156
2019-03-18 13:30:00+00:00,70.44229888916016
2019-03-19 13:30:00+00:00,70.43388366699219
2019-03-20 13:30:00+00:00,70.53478240966797
2019-03-21 13:30:00+00:00,70.53478240966797
2019-03-22 13:30:00+00:00,70.65250396728516
2019-03-25 13:30:00+00:00,70.72818756103516
2019-03-26 13:30:00+00:00,70.7197494506836
2019-03-27 13:30:00+00:00,70.77861785888672
2019-03-28 13:30:00+00:00,70.77021026611328
2019-03-29 13:30:00+00:00,70.72818756103516
2019-04-01 13:30:00+00:00,70.65567016601562
2019-04-02 13:30:00+00:00,70.68942260742188
2019-04-03 13:30:00+00:00,70.65567016601562
2019-04-04 13:30:00+00:00,70.67255401611328
2019-04-05 13:30:00+00:00,70.66414642333984
2019-04-08 13:30:00+00:00,70.64728546142578
2019-04-09 13:30:00+00:00,70.65567016601562
2019-04-10 13:30:00+00:00,70.71463775634766
2019-04-11 13:30:00+00:00,70.67255401611328
2019-04-12 13:30:00+00:00,70.63043975830078
2019-04-15 13:30:00+00:00,70.63883972167969
2019-04-16 13:30:00+00:00,70.63043975830078
2019-04-17 13:30:00+00:00,70.65567016601562
2019-04-18 13:30:00+00:00,70.67255401611328
2019-04-22 13:30:00+00:00,70.6810531616211
2019-04-23 13:30:00+00:00,70.71463775634766
2019-04-24 13:30:00+00:00,70.75680541992188
2019-04-25 13:30:00+00:00,70.75680541992188
2019-04-26 13:30:00+00:00,70.83262634277344
2019-04-29 13:30:00+00:00,70.80736541748047
2019-04-30 13:30:00+00:00,70.85790252685547
2019-05-01 13:30:00+00:00,70.79541015625
2019-05-02 13:30:00+00:00,70.76168060302734
2019-05-03 13:30:00+00:00,70.78697204589844
2019-05-06 13:30:00+00:00,70.82923889160156
2019-05-07 13:30:00+00:00,70.86295318603516
2019-05-08 13:30:00+00:00,70.85453033447266
2019-05-09 13:30:00+00:00,70.89672088623047
2019-05-10 13:30:00+00:00,70.91361999511719
2019-05-13 13:30:00+00:00,70.99800872802734
2019-05-14 13:30:00+00:00,70.99800872802734
2019-05-15 13:30:00+00:00,71.04862213134766
2019-05-16 13:30:00+00:00,71.00645446777344
2019-05-17 13:30:00+00:00,71.02333068847656
2019-05-20 13:30:00+00:00,70.98956298828125
2019-05-21 13:30:00+00:00,70.95581817626953
2019-05-22 13:30:00+00:00,70.98956298828125
2019-05-23 13:30:00+00:00,71.11615753173828
2019-05-24 13:30:00+00:00,71.09085845947266
2019-05-28 13:30:00+00:00,71.14996337890625
2019-05-29 13:30:00+00:00,71.1583480834961
2019-05-30 13:30:00+00:00,71.21744537353516
2019-05-31 13:30:00+00:00,71.369384765625
2019-06-03 13:30:00+00:00,71.50382232666016
2019-06-04 13:30:00+00:00,71.45308685302734
2019-06-05 13:30:00+00:00,71.48692321777344
2019-06-06 13:30:00+00:00,71.44464111328125
2019-06-07 13:30:00+00:00,71.520751953125
2019-06-10 13:30:00+00:00,71.45308685302734
2019-06-11 13:30:00+00:00,71.42774200439453
2019-06-12 13:30:00+00:00,71.48692321777344
2019-06-13 13:30:00+00:00,71.56307220458984
2019-06-14 13:30:00+00:00,71.53766632080078
2019-06-17 13:30:00+00:00,71.50382232666016
2019-06-18 13:30:00+00:00,71.51229095458984
2019-06-19 13:30:00+00:00,71.66454315185547
2019-06-20 13:30:00+00:00,71.6983413696289
2019-06-21 13:30:00+00:00,71.66454315185547
2019-06-24 13:30:00+00:00,71.70683288574219
2019-06-25 13:30:00+00:00,71.72371673583984
2019-06-26 13:30:00+00:00,71.63916015625
2019-06-27 13:30:00+00:00,71.6983413696289
2019-06-28 13:30:00+00:00,71.6983413696289
2019-07-01 13:30:00+00:00,71.65261840820312
2019-07-02 13:30:00+00:00,71.69499206542969
2019-07-03 13:30:00+00:00,71.71185302734375
2019-07-05 13:30:00+00:00,71.56787109375
2019-07-08 13:30:00+00:00,71.53398895263672
2019-07-09 13:30:00+00:00,71.50862121582031
2019-07-10 13:30:00+00:00,71.6356201171875
2019-07-11 13:30:00+00:00,71.60175323486328
2019-07-12 13:30:00+00:00,71.61024475097656
2019-07-15 13:30:00+00:00,71.62715148925781
2019-07-16 13:30:00+00:00,71.60175323486328
2019-07-17 13:30:00+00:00,71.66954803466797
2019-07-18 13:30:00+00:00,71.7542495727539
2019-07-19 13:30:00+00:00,71.67800903320312
2019-07-22 13:30:00+00:00,71.68647766113281
2019-07-23 13:30:00+00:00,71.66954803466797
2019-07-24 13:30:00+00:00,71.68647766113281
2019-07-25 13:30:00+00:00,71.64410400390625
2019-07-26 13:30:00+00:00,71.65261840820312
2019-07-29 13:30:00+00:00,71.65261840820312
2019-07-30 13:30:00+00:00,71.66108703613281
2019-07-31 13:30:00+00:00,71.65261840820312
2019-08-01 13:30:00+00:00,71.85630798339844
2019-08-02 13:30:00+00:00,71.873291015625
2019-08-05 13:30:00+00:00,72.01758575439453
2019-08-06 13:30:00+00:00,72.05152130126953
2019-08-07 13:30:00+00:00,72.06001281738281
2019-08-08 13:30:00+00:00,72.03456115722656
2019-08-09 13:30:00+00:00,71.99211883544922
2019-08-12 13:30:00+00:00,72.06851196289062
2019-08-13 13:30:00+00:00,71.98361206054688
2019-08-14 13:30:00+00:00,72.07701873779297
2019-08-15 13:30:00+00:00,72.22974395751953
2019-08-16 13:30:00+00:00,72.22128295898438
2019-08-19 13:30:00+00:00,72.14488220214844
2019-08-20 13:30:00+00:00,72.1958236694336
2019-08-21 13:30:00+00:00,72.12791442871094
2019-08-22 13:30:00+00:00,72.09393310546875
2019-08-23 13:30:00+00:00,72.21279907226562
2019-08-26 13:30:00+00:00,72.17886352539062
2019-08-27 13:30:00+00:00,72.20427703857422
2019-08-28 13:30:00+00:00,72.22128295898438
2019-08-29 13:30:00+00:00,72.18734741210938
2019-08-30 13:30:00+00:00,72.21279907226562
2019-09-03 13:30:00+00:00,72.26889038085938
2019-09-04 13:30:00+00:00,72.3283920288086
2019-09-05 13:30:00+00:00,72.16686248779297
2019-09-06 13:30:00+00:00,72.17537689208984
2019-09-09 13:30:00+00:00,72.09883880615234
2019-09-10 13:30:00+00:00,71.97982788085938
2019-09-11 13:30:00+00:00,71.97982788085938
2019-09-12 13:30:00+00:00,71.96277618408203
2019-09-13 13:30:00+00:00,71.84379577636719
2019-09-16 13:30:00+00:00,71.9032974243164
2019-09-17 13:30:00+00:00,71.93730163574219
2019-09-18 13:30:00+00:00,71.89482116699219
2019-09-19 13:30:00+00:00,71.9032974243164
2019-09-20 13:30:00+00:00,71.97982788085938
2019-09-23 13:30:00+00:00,72.02233123779297
2019-09-24 13:30:00+00:00,72.09883880615234
2019-09-25 13:30:00+00:00,72.00530242919922
2019-09-26 13:30:00+00:00,72.03932189941406
2019-09-27 13:30:00+00:00,72.08183288574219
2019-09-30 13:30:00+00:00,72.1158676147461
2019-10-01 13:30:00+00:00,72.1967544555664
2019-10-02 13:30:00+00:00,72.2734375
2019-10-03 13:30:00+00:00,72.42671203613281
2019-10-04 13:30:00+00:00,72.41818237304688
2019-10-07 13:30:00+00:00,72.34152221679688
2019-10-08 13:30:00+00:00,72.38411712646484
2019-10-09 13:30:00+00:00,72.34152221679688
2019-10-10 13:30:00+00:00,72.25636291503906
2019-10-11 13:30:00+00:00,72.18820190429688
2019-10-14 13:30:00+00:00,72.1967544555664
2019-10-15 13:30:00+00:00,72.17974090576172
2019-10-16 13:30:00+00:00,72.21377563476562
2019-10-17 13:30:00+00:00,72.21377563476562
2019-10-18 13:30:00+00:00,72.23936462402344
2019-10-21 13:30:00+00:00,72.20530700683594
2019-10-22 13:30:00+00:00,72.2308349609375
2019-10-23 13:30:00+00:00,72.22232055664062
2019-10-24 13:30:00+00:00,72.22232055664062
2019-10-25 13:30:00+00:00,72.17974090576172
2019-10-28 13:30:00+00:00,72.15419006347656
2019-10-29 13:30:00+00:00,72.17123413085938
2019-10-30 13:30:00+00:00,72.21377563476562
2019-10-31 13:30:00+00:00,72.34152221679688
2019-11-01 13:30:00+00:00,72.29888916015625
2019-11-04 14:30:00+00:00,72.24771118164062
2019-11-05 14:30:00+00:00,72.19652557373047
2019-11-06 14:30:00+00:00,72.23917388916016
2019-11-07 14:30:00+00:00,72.15386199951172
2019-11-08 14:30:00+00:00,72.16239929199219
2019-11-11 14:30:00+00:00,72.1794662475586
2019-11-12 14:30:00+00:00,72.18795776367188
2019-11-13 14:30:00+00:00,72.22213745117188
2019-11-14 14:30:00+00:00,72.29035186767578
2019-11-15 14:30:00+00:00,72.26475524902344
2019-11-18 14:30:00+00:00,72.29888916015625
2019-11-19 14:30:00+00:00,72.29035186767578
2019-11-20 14:30:00+00:00,72.3244857788086
2019-11-21 14:30:00+00:00,72.29035186767578
2019-11-22 14:30:00+00:00,72.28184509277344
2019-11-25 14:30:00+00:00,72.29035186767578
2019-11-26 14:30:00+00:00,72.3244857788086
2019-11-27 14:30:00+00:00,72.28184509277344
2019-11-29 14:30:00+00:00,72.30742645263672
2019-12-02 14:30:00+00:00,72.28518676757812
2019-12-03 14:30:00+00:00,72.38773345947266
2019-12-04 14:30:00+00:00,72.3535385131836
2019-12-05 14:30:00+00:00,72.31938934326172
2019-12-06 14:30:00+00:00,72.2937240600586
2019-12-09 14:30:00+00:00,72.2937240600586
2019-12-10 14:30:00+00:00,72.25957489013672
2019-12-11 14:30:00+00:00,72.31938934326172
2019-12-12 14:30:00+00:00,72.25101470947266
2019-12-13 14:30:00+00:00,72.33648681640625
2019-12-16 14:30:00+00:00,72.2937240600586
2019-12-17 14:30:00+00:00,72.31080627441406
2019-12-18 14:30:00+00:00,72.31938934326172
2019-12-19 14:30:00+00:00,72.33395385742188
2019-12-20 14:30:00+00:00,72.33395385742188
2019-12-23 14:30:00+00:00,72.31681823730469
2019-12-24 14:30:00+00:00,72.32535552978516
2019-12-26 14:30:00+00:00,72.35102844238281
2019-12-27 14:30:00+00:00,72.40237426757812
2019-12-30 14:30:00+00:00,72.42804718017578
2019-12-31 14:30:00+00:00,72.41947937011719
2020-01-02 14:30:00+00:00,72.45372772216797
2020-01-03 14:30:00+00:00,72.51362609863281
2020-01-06 14:30:00+00:00,72.48795318603516
2020-01-07 14:30:00+00:00,72.48795318603516
2020-01-08 14:30:00+00:00,72.45372772216797
2020-01-09 14:30:00+00:00,72.46223449707031
2020-01-10 14:30:00+00:00,72.4793930053711
2020-01-13 14:30:00+00:00,72.47083282470703
2020-01-14 14:30:00+00:00,72.4793930053711
2020-01-15 14:30:00+00:00,72.51362609863281
2020-01-16 14:30:00+00:00,72.51362609863281
2020-01-17 14:30:00+00:00,72.53929901123047
2020-01-21 14:30:00+00:00,72.556396484375
2020-01-22 14:30:00+00:00,72.57350158691406
2020-01-23 14:30:00+00:00,72.59916687011719
2020-01-24 14:30:00+00:00,72.62486267089844
2020-01-27 14:30:00+00:00,72.70185089111328
2020-01-28 14:30:00+00:00,72.66764831542969
2020-01-29 14:30:00+00:00,72.73609161376953
2020-01-30 14:30:00+00:00,72.74466705322266
2020-01-31 14:30:00+00:00,72.8387680053711
2020-02-03 14:30:00+00:00,72.81732177734375
2020-02-04 14:30:00+00:00,72.74021911621094
2020-02-05 14:30:00+00:00,72.68877410888672
2020-02-06 14:30:00+00:00,72.70594024658203
2020-02-07 14:30:00+00:00,72.74877166748047
2020-02-10 14:30:00+00:00,72.78307342529297
2020-02-11 14:30:00+00:00,72.74877166748047
2020-02-12 14:30:00+00:00,72.71452331542969
2020-02-13 14:30:00+00:00,72.73162841796875
2020-02-14 14:30:00+00:00,72.76592254638672
2020-02-18 14:30:00+00:00,72.79166412353516
2020-02-19 14:30:00+00:00,72.80022430419922
2020-02-20 14:30:00+00:00,72.81732177734375
2020-02-21 14:30:00+00:00,72.87733459472656
2020-02-24 14:30:00+00:00,72.99736022949219
2020-02-25 14:30:00+00:00,73.07450866699219
2020-02-26 14:30:00+00:00,73.12589263916016
2020-02-27 14:30:00+00:00,73.21163177490234
2020-02-28 14:30:00+00:00,73.4773178100586
2020-03-02 14:30:00+00:00,73.4472885131836
2020-03-03 14:30:00+00:00,73.73907470703125
2020-03-04 14:30:00+00:00,73.7477035522461
2020-03-05 14:30:00+00:00,73.90220642089844
2020-03-06 14:30:00+00:00,73.98804473876953
2020-03-09 13:30:00+00:00,74.39144897460938
2020-03-10 13:30:00+00:00,74.0652847290039
2020-03-11 13:30:00+00:00,73.9794692993164
2020-03-12 13:30:00+00:00,73.96228790283203
2020-03-13 13:30:00+00:00,74.05668640136719
2020-03-16 13:30:00+00:00,74.17682647705078
2020-03-17 13:30:00+00:00,74.00518035888672
2020-03-18 13:30:00+00:00,73.91079711914062
2020-03-19 13:30:00+00:00,74.03947448730469
2020-03-20 13:30:00+00:00,74.23695373535156
2020-03-23 13:30:00+00:00,74.32276153564453
2020-03-24 13:30:00+00:00,74.21977233886719
2020-03-25 13:30:00+00:00,74.30558013916016
2020-03-26 13:30:00+00:00,74.39144897460938
2020-03-27 13:30:00+00:00,74.374267578125
2020-03-30 13:30:00+00:00,74.40861511230469
2020-03-31 13:30:00+00:00,74.39144897460938
2020-04-01 13:30:00+00:00,74.4395523071289
2020-04-02 13:30:00+00:00,74.45671844482422
2020-04-03 13:30:00+00:00,74.4395523071289
2020-04-06 13:30:00+00:00,74.38800048828125
2020-04-07 13:30:00+00:00,74.37081909179688
2020-04-08 13:30:00+00:00,74.41374969482422
2020-04-09 13:30:00+00:00,74.4395523071289
2020-04-13 13:30:00+00:00,74.4481430053711
2020-04-14 13:30:00+00:00,74.4481430053711
2020-04-15 13:30:00+00:00,74.47394561767578
2020-04-16 13:30:00+00:00,74.4911117553711
2020-04-17 13:30:00+00:00,74.46533966064453
2020-04-20 13:30:00+00:00,74.46533966064453
2020-04-21 13:30:00+00:00,74.48253631591797
2020-04-22 13:30:00+00:00,74.45671844482422
2020-04-23 13:30:00+00:00,74.4481430053711
2020-04-24 13:30:00+00:00,74.4481430053711
2020-04-27 13:30:00+00:00,74.4481430053711
2020-04-28 13:30:00+00:00,74.47394561767578
2020-04-29 13:30:00+00:00,74.46533966064453
2020-04-30 13:30:00+00:00,74.59425354003906
2020-05-01 13:30:00+00:00,74.48417663574219
2020-05-04 13:30:00+00:00,74.48417663574219
2020-05-05 13:30:00+00:00,74.47554779052734
2020-05-06 13:30:00+00:00,74.50137329101562
2020-05-07 13:30:00+00:00,74.55293273925781
2020-05-08 13:30:00+00:00,74.53577423095703
2020-05-11 13:30:00+00:00,74.50996398925781
2020-05-12 13:30:00+00:00,74.52718353271484
2020-05-13 13:30:00+00:00,74.52718353271484
2020-05-14 13:30:00+00:00,74.50996398925781
2020-05-15 13:30:00+00:00,74.55293273925781
2020-05-18 13:30:00+00:00,74.49279022216797
2020-05-19 13:30:00+00:00,74.53577423095703
2020-05-20 13:30:00+00:00,74.53577423095703
2020-05-21 13:30:00+00:00,74.5185546875
2020-05-22 13:30:00+00:00,74.5185546875
2020-05-26 13:30:00+00:00,74.5185546875
2020-05-27 13:30:00+00:00,74.50137329101562
2020-05-28 13:30:00+00:00,74.53577423095703
2020-05-29 13:30:00+00:00,74.53577423095703
2020-06-01 13:30:00+00:00,74.52715301513672
2020-06-02 13:30:00+00:00,74.52715301513672
2020-06-03 13:30:00+00:00,74.46690368652344
2020-06-04 13:30:00+00:00,74.48411560058594
2020-06-05 13:30:00+00:00,74.45829010009766
2020-06-08 13:30:00+00:00,74.44109344482422
2020-06-09 13:30:00+00:00,74.46690368652344
2020-06-10 13:30:00+00:00,74.50994110107422
2020-06-11 13:30:00+00:00,74.47550201416016
2020-06-12 13:30:00+00:00,74.5013198852539
2020-06-15 13:30:00+00:00,74.48411560058594
2020-06-16 13:30:00+00:00,74.47550201416016
2020-06-17 13:30:00+00:00,74.5013198852539
2020-06-18 13:30:00+00:00,74.49272155761719
2020-06-19 13:30:00+00:00,74.50994110107422
2020-06-22 13:30:00+00:00,74.49272155761719
2020-06-23 13:30:00+00:00,74.50994110107422
2020-06-24 13:30:00+00:00,74.51851654052734
2020-06-25 13:30:00+00:00,74.51851654052734
2020-06-26 13:30:00+00:00,74.54439544677734
2020-06-29 13:30:00+00:00,74.56161499023438
2020-06-30 13:30:00+00:00,74.55299377441406
2020-07-01 13:30:00+00:00,74.52799224853516
2020-07-02 13:30:00+00:00,74.56245422363281
2020-07-06 13:30:00+00:00,74.53662109375
2020-07-07 13:30:00+00:00,74.55384826660156
2020-07-08 13:30:00+00:00,74.55384826660156
2020-07-09 13:30:00+00:00,74.5710220336914
2020-07-10 13:30:00+00:00,74.54523468017578
2020-07-13 13:30:00+00:00,74.54523468017578
2020-07-14 13:30:00+00:00,74.55384826660156
2020-07-15 13:30:00+00:00,74.56245422363281
2020-07-16 13:30:00+00:00,74.56245422363281
2020-07-17 13:30:00+00:00,74.57969665527344
2020-07-20 13:30:00+00:00,74.56245422363281
2020-07-21 13:30:00+00:00,74.57969665527344
2020-07-22 13:30:00+00:00,74.5710220336914
2020-07-23 13:30:00+00:00,74.5710220336914
2020-07-24 13:30:00+00:00,74.57969665527344
2020-07-27 13:30:00+00:00,74.55384826660156
2020-07-28 13:30:00+00:00,74.5710220336914
2020-07-29 13:30:00+00:00,74.58827209472656
2020-07-30 13:30:00+00:00,74.6141586303711
2020-07-31 13:30:00+00:00,74.62274169921875
2020-08-03 13:30:00+00:00,74.62276458740234
2020-08-04 13:30:00+00:00,74.63135528564453
2020-08-05 13:30:00+00:00,74.61412048339844
2020-08-06 13:30:00+00:00,74.61412048339844
2020-08-07 13:30:00+00:00,74.60549926757812
2020-08-10 13:30:00+00:00,74.58824920654297
2020-08-11 13:30:00+00:00,74.57100677490234
2020-08-12 13:30:00+00:00,74.55380249023438
2020-08-13 13:30:00+00:00,74.5451889038086
2020-08-14 13:30:00+00:00,74.55380249023438
2020-08-17 13:30:00+00:00,74.56243133544922
2020-08-18 13:30:00+00:00,74.57100677490234
2020-08-19 13:30:00+00:00,74.57100677490234
2020-08-20 13:30:00+00:00,74.57100677490234
2020-08-21 13:30:00+00:00,74.56243133544922
2020-08-24 13:30:00+00:00,74.55380249023438
2020-08-25 13:30:00+00:00,74.56243133544922
2020-08-26 13:30:00+00:00,74.56243133544922
2020-08-27 13:30:00+00:00,74.55380249023438
2020-08-28 13:30:00+00:00,74.57966613769531
2020-08-31 13:30:00+00:00,74.60549926757812
2020-09-01 13:30:00+00:00,74.58738708496094
2020-09-02 13:30:00+00:00,74.59603881835938
2020-09-03 13:30:00+00:00,74.58738708496094
2020-09-04 13:30:00+00:00,74.56153869628906
2020-09-08 13:30:00+00:00,74.5701675415039
2020-09-09 13:30:00+00:00,74.57879638671875
2020-09-10 13:30:00+00:00,74.5701675415039
2020-09-11 13:30:00+00:00,74.58738708496094
2020-09-14 13:30:00+00:00,74.57879638671875
2020-09-15 13:30:00+00:00,74.58738708496094
2020-09-16 13:30:00+00:00,74.59603881835938
2020-09-17 13:30:00+00:00,74.57879638671875
2020-09-18 13:30:00+00:00,74.58738708496094
2020-09-21 13:30:00+00:00,74.57879638671875
2020-09-22 13:30:00+00:00,74.59603881835938
2020-09-23 13:30:00+00:00,74.59603881835938
2020-09-24 13:30:00+00:00,74.58738708496094
2020-09-25 13:30:00+00:00,74.59603881835938
2020-09-28 13:30:00+00:00,74.6046371459961
2020-09-29 13:30:00+00:00,74.59603881835938
2020-09-30 13:30:00+00:00,74.6046371459961
2020-10-01 13:30:00+00:00,74.58737182617188
2020-10-02 13:30:00+00:00,74.59602355957031
2020-10-05 13:30:00+00:00,74.57013702392578
2020-10-06 13:30:00+00:00,74.57013702392578
2020-10-07 13:30:00+00:00,74.56153106689453
2020-10-08 13:30:00+00:00,74.56153106689453
2020-10-09 13:30:00+00:00,74.56153106689453
2020-10-12 13:30:00+00:00,74.57879638671875
2020-10-13 13:30:00+00:00,74.57013702392578
2020-10-14 13:30:00+00:00,74.57013702392578
2020-10-15 13:30:00+00:00,74.58737182617188
2020-10-16 13:30:00+00:00,74.57879638671875
2020-10-19 13:30:00+00:00,74.57879638671875
2020-10-20 13:30:00+00:00,74.57013702392578
2020-10-21 13:30:00+00:00,74.57013702392578
2020-10-22 13:30:00+00:00,74.54424285888672
2020-10-23 13:30:00+00:00,74.55287170410156
2020-10-26 13:30:00+00:00,74.56153106689453
2020-10-27 13:30:00+00:00,74.56153106689453
2020-10-28 13:30:00+00:00,74.56153106689453
2020-10-29 13:30:00+00:00,74.57879638671875
2020-10-30 13:30:00+00:00,74.57013702392578
2020-11-02 14:30:00+00:00,74.56929779052734
2020-11-03 14:30:00+00:00,74.55204010009766
2020-11-04 14:30:00+00:00,74.56929779052734
2020-11-05 14:30:00+00:00,74.55204010009766
2020-11-06 14:30:00+00:00,74.56059265136719
2020-11-09 14:30:00+00:00,74.53475952148438
2020-11-10 14:30:00+00:00,74.52610778808594
2020-11-11 14:30:00+00:00,74.50883483886719
2020-11-12 14:30:00+00:00,74.51750183105469
2020-11-13 14:30:00+00:00,74.51750183105469
2020-11-16 14:30:00+00:00,74.53475952148438
2020-11-17 14:30:00+00:00,74.52610778808594
2020-11-18 14:30:00+00:00,74.52610778808594
2020-11-19 14:30:00+00:00,74.54338073730469
2020-11-20 14:30:00+00:00,74.55204010009766
2020-11-23 14:30:00+00:00,74.55204010009766
2020-11-24 14:30:00+00:00,74.56059265136719
2020-11-25 14:30:00+00:00,74.56929779052734
2020-11-27 14:30:00+00:00,74.56929779052734
2020-11-30 14:30:00+00:00,74.5865249633789
2020-12-01 14:30:00+00:00,74.54595184326172
2020-12-02 14:30:00+00:00,74.56324005126953
2020-12-03 14:30:00+00:00,74.58047485351562
2020-12-04 14:30:00+00:00,74.5718765258789
2020-12-07 14:30:00+00:00,74.58910369873047
2020-12-08 14:30:00+00:00,74.5718765258789
2020-12-09 14:30:00+00:00,74.56324005126953
2020-12-10 14:30:00+00:00,74.58047485351562
2020-12-11 14:30:00+00:00,74.62366485595703
2020-12-14 14:30:00+00:00,74.6150131225586
2020-12-15 14:30:00+00:00,74.6150131225586
2020-12-16 14:30:00+00:00,74.6150131225586
2020-12-17 14:30:00+00:00,74.61672973632812
2020-12-18 14:30:00+00:00,74.60810852050781
2020-12-21 14:30:00+00:00,74.60810852050781
2020-12-22 14:30:00+00:00,74.60810852050781
2020-12-23 14:30:00+00:00,74.62541198730469
2020-12-24 14:30:00+00:00,74.60810852050781
2020-12-28 14:30:00+00:00,74.61672973632812
2020-12-29 14:30:00+00:00,74.61672973632812
2020-12-30 14:30:00+00:00,74.62541198730469
2020-12-31 14:30:00+00:00,74.61672973632812
2021-01-04 14:30:00+00:00,74.62541198730469
2021-01-05 14:30:00+00:00,74.62541198730469
2021-01-06 14:30:00+00:00,74.58219146728516
2021-01-07 14:30:00+00:00,74.5995101928711
2021-01-08 14:30:00+00:00,74.59086608886719
2021-01-11 14:30:00+00:00,74.58219146728516
2021-01-12 14:30:00+00:00,74.58219146728516
2021-01-13 14:30:00+00:00,74.57357788085938
2021-01-14 14:30:00+00:00,74.58219146728516
2021-01-15 14:30:00+00:00,74.59086608886719
2021-01-19 14:30:00+00:00,74.61672973632812
2021-01-20 14:30:00+00:00,74.60810852050781
2021-01-21 14:30:00+00:00,74.61672973632812
2021-01-22 14:30:00+00:00,74.61672973632812
2021-01-25 14:30:00+00:00,74.62541198730469
2021-01-26 14:30:00+00:00,74.61672973632812
2021-01-27 14:30:00+00:00,74.61672973632812
2021-01-28 14:30:00+00:00,74.60810852050781
2021-01-29 14:30:00+00:00,74.634033203125
2021-02-01 14:30:00+00:00,74.64264678955078
2021-02-02 14:30:00+00:00,74.61676788330078
2021-02-03 14:30:00+00:00,74.62541198730469
2021-02-04 14:30:00+00:00,74.62541198730469
2021-02-05 14:30:00+00:00,74.64264678955078
2021-02-08 14:30:00+00:00,74.63404083251953
2021-02-09 14:30:00+00:00,74.61676788330078
2021-02-10 14:30:00+00:00,74.62541198730469
2021-02-11 14:30:00+00:00,74.62541198730469
2021-02-12 14:30:00+00:00,74.63404083251953
2021-02-16 14:30:00+00:00,74.60809326171875
2021-02-17 14:30:00+00:00,74.62541198730469
2021-02-18 14:30:00+00:00,74.62541198730469
2021-02-19 14:30:00+00:00,74.63404083251953
2021-02-22 14:30:00+00:00,74.61676788330078
2021-02-23 14:30:00+00:00,74.62541198730469
2021-02-24 14:30:00+00:00,74.60809326171875
2021-02-25 14:30:00+00:00,74.49577331542969
2021-02-26 14:30:00+00:00,74.59082794189453
2021-03-01 14:30:00+00:00,74.58391571044922
2021-03-02 14:30:00+00:00,74.60120391845703
2021-03-03 14:30:00+00:00,74.5579605102539
2021-03-04 14:30:00+00:00,74.5579605102539
2021-03-05 14:30:00+00:00,74.5579605102539
2021-03-08 14:30:00+00:00,74.53205108642578
2021-03-09 14:30:00+00:00,74.53205108642578
2021-03-10 14:30:00+00:00,74.5579605102539
2021-03-11 14:30:00+00:00,74.5579605102539
2021-03-12 14:30:00+00:00,74.54933166503906
2021-03-15 13:30:00+00:00,74.5579605102539
2021-03-16 13:30:00+00:00,74.5579605102539
2021-03-17 13:30:00+00:00,74.57525634765625
2021-03-18 13:30:00+00:00,74.56664276123047
2021-03-19 13:30:00+00:00,74.56664276123047
2021-03-22 13:30:00+00:00,74.5579605102539
2021-03-23 13:30:00+00:00,74.56664276123047
2021-03-24 13:30:00+00:00,74.58391571044922
2021-03-25 13:30:00+00:00,74.5925521850586
2021-03-26 13:30:00+00:00,74.5925521850586
2021-03-29 13:30:00+00:00,74.57525634765625
2021-03-30 13:30:00+00:00,74.57525634765625
2021-03-31 13:30:00+00:00,74.54933166503906
2021-04-01 13:30:00+00:00,74.54847717285156
2021-04-05 13:30:00+00:00,74.53117370605469
2021-04-06 13:30:00+00:00,74.54847717285156
2021-04-07 13:30:00+00:00,74.55709838867188
2021-04-08 13:30:00+00:00,74.58304595947266
2021-04-09 13:30:00+00:00,74.55709838867188
2021-04-12 13:30:00+00:00,74.53982543945312
2021-04-13 13:30:00+00:00,74.56578063964844
2021-04-14 13:30:00+00:00,74.56578063964844
2021-04-15 13:30:00+00:00,74.58304595947266
2021-04-16 13:30:00+00:00,74.57440185546875
2021-04-19 13:30:00+00:00,74.56578063964844
2021-04-20 13:30:00+00:00,74.58304595947266
2021-04-21 13:30:00+00:00,74.60033416748047
2021-04-22 13:30:00+00:00,74.59172058105469
2021-04-23 13:30:00+00:00,74.57440185546875
2021-04-26 13:30:00+00:00,74.55709838867188
2021-04-27 13:30:00+00:00,74.54847717285156
2021-04-28 13:30:00+00:00,74.56578063964844
2021-04-29 13:30:00+00:00,74.58304595947266
2021-04-30 13:30:00+00:00,74.59172058105469
2021-05-03 13:30:00+00:00,74.58476257324219
2021-05-04 13:30:00+00:00,74.58476257324219
2021-05-05 13:30:00+00:00,74.60209655761719
2021-05-06 13:30:00+00:00,74.60209655761719
2021-05-07 13:30:00+00:00,74.62799072265625
2021-05-10 13:30:00+00:00,74.60209655761719
2021-05-11 13:30:00+00:00,74.59341430664062
2021-05-12 13:30:00+00:00,74.58476257324219
2021-05-13 13:30:00+00:00,74.60209655761719
2021-05-14 13:30:00+00:00,74.60209655761719
2021-05-17 13:30:00+00:00,74.60209655761719
2021-05-18 13:30:00+00:00,74.61071014404297
2021-05-19 13:30:00+00:00,74.58476257324219
2021-05-20 13:30:00+00:00,74.61934661865234
2021-05-21 13:30:00+00:00,74.60209655761719
2021-05-24 13:30:00+00:00,74.61934661865234
2021-05-25 13:30:00+00:00,74.61934661865234
2021-05-26 13:30:00+00:00,74.63665771484375
2021-05-27 13:30:00+00:00,74.63665771484375
2021-05-28 13:30:00+00:00,74.63665771484375
2021-06-01 13:30:00+00:00,74.6210708618164
2021-06-02 13:30:00+00:00,74.62975311279297
2021-06-03 13:30:00+00:00,74.60379791259766
2021-06-04 13:30:00+00:00,74.62975311279297
2021-06-07 13:30:00+00:00,74.6210708618164
2021-06-08 13:30:00+00:00,74.63835906982422
2021-06-09 13:30:00+00:00,74.6210708618164
2021-06-10 13:30:00+00:00,74.64704895019531
2021-06-11 13:30:00+00:00,74.62975311279297
2021-06-14 13:30:00+00:00,74.60379791259766
2021-06-15 13:30:00+00:00,74.59510040283203
2021-06-16 13:30:00+00:00,74.52596282958984
2021-06-17 13:30:00+00:00,74.52596282958984
2021-06-18 13:30:00+00:00,74.46543884277344
2021-06-21 13:30:00+00:00,74.48272705078125
2021-06-22 13:30:00+00:00,74.52596282958984
2021-06-23 13:30:00+00:00,74.47409057617188
2021-06-24 13:30:00+00:00,74.48272705078125
2021-06-25 13:30:00+00:00,74.47409057617188
2021-06-28 13:30:00+00:00,74.50003051757812
2021-06-29 13:30:00+00:00,74.49138641357422
2021-06-30 13:30:00+00:00,74.5086669921875
2021-07-01 13:30:00+00:00,74.49394989013672
2021-07-02 13:30:00+00:00,74.52857208251953
2021-07-06 13:30:00+00:00,74.55451965332031
2021-07-07 13:30:00+00:00,74.56316375732422
2021-07-08 13:30:00+00:00,74.59773254394531
2021-07-09 13:30:00+00:00,74.57181549072266
2021-07-12 13:30:00+00:00,74.55451965332031
2021-07-13 13:30:00+00:00,74.49394989013672
2021-07-14 13:30:00+00:00,74.54586029052734
2021-07-15 13:30:00+00:00,74.55451965332031
2021-07-16 13:30:00+00:00,74.54586029052734
2021-07-19 13:30:00+00:00,74.5804672241211
2021-07-20 13:30:00+00:00,74.61503601074219
2021-07-21 13:30:00+00:00,74.589111328125
2021-07-22 13:30:00+00:00,74.59773254394531
2021-07-23 13:30:00+00:00,74.60639190673828
2021-07-26 13:30:00+00:00,74.589111328125
2021-07-27 13:30:00+00:00,74.60639190673828
2021-07-28 13:30:00+00:00,74.61503601074219
2021-07-29 13:30:00+00:00,74.61503601074219
2021-07-30 13:30:00+00:00,74.63233184814453
2021-08-02 13:30:00+00:00,74.6600112915039
2021-08-03 13:30:00+00:00,74.6600112915039
2021-08-04 13:30:00+00:00,74.63407897949219
2021-08-05 13:30:00+00:00,74.59949493408203
2021-08-06 13:30:00+00:00,74.57353973388672
2021-08-09 13:30:00+00:00,74.54757690429688
2021-08-10 13:30:00+00:00,74.52164459228516
2021-08-11 13:30:00+00:00,74.55622863769531
2021-08-12 13:30:00+00:00,74.55622863769531
2021-08-13 13:30:00+00:00,74.56489562988281
2021-08-16 13:30:00+00:00,74.58218383789062
2021-08-17 13:30:00+00:00,74.56489562988281
2021-08-18 13:30:00+00:00,74.56489562988281
2021-08-19 13:30:00+00:00,74.56489562988281
2021-08-20 13:30:00+00:00,74.56489562988281
2021-08-23 13:30:00+00:00,74.56489562988281
2021-08-24 13:30:00+00:00,74.55622863769531
2021-08-25 13:30:00+00:00,74.54757690429688
2021-08-26 13:30:00+00:00,74.54757690429688
2021-08-27 13:30:00+00:00,74.59949493408203
2021-08-30 13:30:00+00:00,74.61676788330078
2021-08-31 13:30:00+00:00,74.6081314086914
2021-09-01 13:30:00+00:00,74.60208892822266
2021-09-02 13:30:00+00:00,74.60208892822266
2021-09-03 13:30:00+00:00,74.60208892822266
2021-09-07 13:30:00+00:00,74.57613372802734
2021-09-08 13:30:00+00:00,74.59341430664062
2021-09-09 13:30:00+00:00,74.61073303222656
2021-09-10 13:30:00+00:00,74.58477020263672
2021-09-13 13:30:00+00:00,74.60208892822266
2021-09-14 13:30:00+00:00,74.61073303222656
2021-09-15 13:30:00+00:00,74.61073303222656
2021-09-16 13:30:00+00:00,74.58477020263672
2021-09-17 13:30:00+00:00,74.56746673583984
2021-09-20 13:30:00+00:00,74.58477020263672
2021-09-21 13:30:00+00:00,74.60208892822266
2021-09-22 13:30:00+00:00,74.55882263183594
2021-09-23 13:30:00+00:00,74.51557922363281
2021-09-24 13:30:00+00:00,74.48960876464844
2021-09-27 13:30:00+00:00,74.4809341430664
2021-09-28 13:30:00+00:00,74.48960876464844
2021-09-29 13:30:00+00:00,74.51557922363281
2021-09-30 13:30:00+00:00,74.53288269042969
2021-10-01 13:30:00+00:00,74.56832122802734
2021-10-04 13:30:00+00:00,74.53372192382812
2021-10-05 13:30:00+00:00,74.52508544921875
2021-10-06 13:30:00+00:00,74.51641845703125
2021-10-07 13:30:00+00:00,74.49046325683594
2021-10-08 13:30:00+00:00,74.46451568603516
2021-10-11 13:30:00+00:00,74.40396881103516
2021-10-12 13:30:00+00:00,74.43858337402344
2021-10-13 13:30:00+00:00,74.41261291503906
2021-10-14 13:30:00+00:00,74.41261291503906
2021-10-15 13:30:00+00:00,74.36930084228516
2021-10-18 13:30:00+00:00,74.31742858886719
2021-10-19 13:30:00+00:00,74.34336853027344
2021-10-20 13:30:00+00:00,74.36930084228516
2021-10-21 13:30:00+00:00,74.28279113769531
2021-10-22 13:30:00+00:00,74.2654800415039
2021-10-25 13:30:00+00:00,74.30013275146484
2021-10-26 13:30:00+00:00,74.28279113769531
2021-10-27 13:30:00+00:00,74.2654800415039
2021-10-28 13:30:00+00:00,74.27413940429688
2021-10-29 13:30:00+00:00,74.28279113769531
2021-11-01 13:30:00+00:00,74.24905395507812
2021-11-02 13:30:00+00:00,74.32694244384766
2021-11-03 13:30:00+00:00,74.30963134765625
2021-11-04 13:30:00+00:00,74.37886810302734
2021-11-05 13:30:00+00:00,74.41350555419922
2021-11-08 14:30:00+00:00,74.32694244384766
2021-11-09 14:30:00+00:00,74.3702163696289
2021-11-10 14:30:00+00:00,74.22310638427734
2021-11-11 14:30:00+00:00,74.17115020751953
2021-11-12 14:30:00+00:00,74.23174285888672
2021-11-15 14:30:00+00:00,74.22310638427734
2021-11-16 14:30:00+00:00,74.22310638427734
2021-11-17 14:30:00+00:00,74.24905395507812
2021-11-18 14:30:00+00:00,74.24038696289062
2021-11-19 14:30:00+00:00,74.22310638427734
2021-11-22 14:30:00+00:00,74.13655853271484
2021-11-23 14:30:00+00:00,74.13655853271484
2021-11-24 14:30:00+00:00,74.11923217773438
2021-11-26 14:30:00+00:00,74.26637268066406
2021-11-29 14:30:00+00:00,74.30096435546875
2021-11-30 14:30:00+00:00,74.24038696289062
2021-12-01 14:30:00+00:00,74.24903106689453
2021-12-02 14:30:00+00:00,74.15381622314453
2021-12-03 14:30:00+00:00,74.1971206665039
2021-12-06 14:30:00+00:00,74.13650512695312
2021-12-07 14:30:00+00:00,74.04127502441406
2021-12-08 14:30:00+00:00,74.06720733642578
2021-12-09 14:30:00+00:00,74.04127502441406
2021-12-10 14:30:00+00:00,74.07588195800781
2021-12-13 14:30:00+00:00,74.11917114257812
2021-12-14 14:30:00+00:00,74.07588195800781
2021-12-15 14:30:00+00:00,74.10183715820312
2021-12-16 14:30:00+00:00,74.16075897216797
2021-12-17 14:30:00+00:00,74.12608337402344
2021-12-20 14:30:00+00:00,74.14344787597656
2021-12-21 14:30:00+00:00,74.10009765625
2021-12-22 14:30:00+00:00,74.09146118164062
2021-12-23 14:30:00+00:00,74.08280181884766
2021-12-27 14:30:00+00:00,74.05686950683594
2021-12-28 14:30:00+00:00,74.05686950683594
2021-12-29 14:30:00+00:00,74.04817199707031
2021-12-30 14:30:00+00:00,74.09146118164062
2021-12-31 14:30:00+00:00,74.08280181884766
2022-01-03 14:30:00+00:00,73.99620819091797
2022-01-04 14:30:00+00:00,74.03948974609375
2022-01-05 14:30:00+00:00,73.94424438476562
2022-01-06 14:30:00+00:00,73.88361358642578
2022-01-07 14:30:00+00:00,73.86627960205078
2022-01-10 14:30:00+00:00,73.8229751586914
2022-01-11 14:30:00+00:00,73.84895324707031
2022-01-12 14:30:00+00:00,73.8229751586914
2022-01-13 14:30:00+00:00,73.85763549804688
2022-01-14 14:30:00+00:00,73.76235961914062
2022-01-18 14:30:00+00:00,73.64976501464844
2022-01-19 14:30:00+00:00,73.68438720703125
2022-01-20 14:30:00+00:00,73.66710662841797
2022-01-21 14:30:00+00:00,73.72772216796875
2022-01-24 14:30:00+00:00,73.7710189819336
2022-01-25 14:30:00+00:00,73.73638916015625
2022-01-26 14:30:00+00:00,73.60648345947266
2022-01-27 14:30:00+00:00,73.54582214355469
2022-01-28 14:30:00+00:00,73.57183074951172
2022-01-31 14:30:00+00:00,73.57183074951172
2022-02-01 14:30:00+00:00,73.56576538085938
2022-02-02 14:30:00+00:00,73.58309173583984
2022-02-03 14:30:00+00:00,73.52245330810547
2022-02-04 14:30:00+00:00,73.37516784667969
2022-02-07 14:30:00+00:00,73.39249420166016
2022-02-08 14:30:00+00:00,73.31455993652344
2022-02-09 14:30:00+00:00,73.30586242675781
2022-02-10 14:30:00+00:00,72.933349609375
2022-02-11 14:30:00+00:00,73.15860748291016
2022-02-14 14:30:00+00:00,73.002685546875
2022-02-15 14:30:00+00:00,73.02867126464844
2022-02-16 14:30:00+00:00,73.12395477294922
2022-02-17 14:30:00+00:00,73.16728210449219
2022-02-18 14:30:00+00:00,73.17593383789062
2022-02-22 14:30:00+00:00,73.10663604736328
2022-02-23 14:30:00+00:00,73.06329345703125
2022-02-24 14:30:00+00:00,73.12395477294922
2022-02-25 14:30:00+00:00,73.12395477294922
2022-02-28 14:30:00+00:00,73.25390625
2022-03-01 14:30:00+00:00,73.42291259765625
2022-03-02 14:30:00+00:00,73.18024444580078
2022-03-03 14:30:00+00:00,73.18024444580078
2022-03-04 14:30:00+00:00,73.25822448730469
2022-03-07 14:30:00+00:00,73.16291809082031
2022-03-08 14:30:00+00:00,73.0676040649414
2022-03-09 14:30:00+00:00,73.02428436279297
2022-03-10 14:30:00+00:00,72.96359252929688
2022-03-11 14:30:00+00:00,72.93757629394531
2022-03-14 13:30:00+00:00,72.74696350097656
2022-03-15 13:30:00+00:00,72.77297973632812
2022-03-16 13:30:00+00:00,72.70362854003906
2022-03-17 13:30:00+00:00,72.67765045166016
2022-03-18 13:30:00+00:00,72.66033172607422
2022-03-21 13:30:00+00:00,72.41769409179688
2022-03-22 13:30:00+00:00,72.36570739746094
2022-03-23 13:30:00+00:00,72.42633056640625
2022-03-24 13:30:00+00:00,72.40901947021484
2022-03-25 13:30:00+00:00,72.20970916748047
2022-03-28 13:30:00+00:00,72.140380859375
2022-03-29 13:30:00+00:00,72.17503356933594
2022-03-30 13:30:00+00:00,72.2270278930664
2022-03-31 13:30:00+00:00,72.2270278930664
2022-04-01 13:30:00+00:00,72.07617950439453
2022-04-04 13:30:00+00:00,72.11952209472656
2022-04-05 13:30:00+00:00,71.9895248413086
2022-04-06 13:30:00+00:00,72.0415267944336
2022-04-07 13:30:00+00:00,72.093505859375
2022-04-08 13:30:00+00:00,72.00686645507812
2022-04-11 13:30:00+00:00,72.02420043945312
2022-04-12 13:30:00+00:00,72.20622253417969
2022-04-13 13:30:00+00:00,72.24091339111328
2022-04-14 13:30:00+00:00,72.11087036132812
2022-04-18 13:30:00+00:00,72.11087036132812
2022-04-19 13:30:00+00:00,71.94617462158203
2022-04-20 13:30:00+00:00,71.9895248413086
2022-04-21 13:30:00+00:00,71.86811828613281
2022-04-22 13:30:00+00:00,71.85079956054688
2022-04-25 13:30:00+00:00,71.9635238647461
2022-04-26 13:30:00+00:00,72.093505859375
2022-04-27 13:30:00+00:00,72.05885314941406
2022-04-28 13:30:00+00:00,72.00686645507812
2022-04-29 13:30:00+00:00,71.86811828613281
2022-05-02 13:30:00+00:00,71.8629150390625
2022-05-03 13:30:00+00:00,71.82823944091797
2022-05-04 13:30:00+00:00,72.01904296875
2022-05-05 13:30:00+00:00,71.8976058959961
2022-05-06 13:30:00+00:00,71.8889389038086
2022-05-09 13:30:00+00:00,72.07110595703125
2022-05-10 13:30:00+00:00,72.0277328491211
2022-05-11 13:30:00+00:00,72.03641510009766
2022-05-12 13:30:00+00:00,72.14048767089844
2022-05-13 13:30:00+00:00,72.11444854736328
2022-05-16 13:30:00+00:00,72.15782165527344
2022-05-17 13:30:00+00:00,72.00173950195312
2022-05-18 13:30:00+00:00,72.03641510009766
2022-05-19 13:30:00+00:00,72.14048767089844
2022-05-20 13:30:00+00:00,72.1925277709961
2022-05-23 13:30:00+00:00,72.15782165527344
2022-05-24 13:30:00+00:00,72.3226318359375
2022-05-25 13:30:00+00:00,72.37469482421875
2022-05-26 13:30:00+00:00,72.39203643798828
2022-05-27 13:30:00+00:00,72.40939331054688
2022-05-31 13:30:00+00:00,72.29660034179688
2022-06-01 13:30:00+00:00,72.16205596923828
2022-06-02 13:30:00+00:00,72.179443359375
2022-06-03 13:30:00+00:00,72.15338897705078
2022-06-06 13:30:00+00:00,72.05792999267578
2022-06-07 13:30:00+00:00,72.06658172607422
2022-06-08 13:30:00+00:00,72.0145034790039
2022-06-09 13:30:00+00:00,71.96240997314453
2022-06-10 13:30:00+00:00,71.65857696533203
2022-06-13 13:30:00+00:00,71.29402160644531
2022-06-14 13:30:00+00:00,71.15510559082031
2022-06-15 13:30:00+00:00,71.43289947509766
2022-06-16 13:30:00+00:00,71.52839660644531
2022-06-17 13:30:00+00:00,71.5110092163086
2022-06-21 13:30:00+00:00,71.4849624633789
2022-06-22 13:30:00+00:00,71.69330596923828
2022-06-23 13:30:00+00:00,71.75406646728516
2022-06-24 13:30:00+00:00,71.73670959472656
2022-06-27 13:30:00+00:00,71.65857696533203
2022-06-28 13:30:00+00:00,71.64122009277344
2022-06-29 13:30:00+00:00,71.7280502319336
2022-06-30 13:30:00+00:00,71.86692810058594
2022-07-01 13:30:00+00:00,72.08328247070312
2022-07-05 13:30:00+00:00,72.07459259033203
2022-07-06 13:30:00+00:00,71.87474060058594
2022-07-07 13:30:00+00:00,71.8226089477539
2022-07-08 13:30:00+00:00,71.7357177734375
2022-07-11 13:30:00+00:00,71.76179504394531
2022-07-12 13:30:00+00:00,71.79653930664062
2022-07-13 13:30:00+00:00,71.71834564208984
2022-07-14 13:30:00+00:00,71.69226837158203
2022-07-15 13:30:00+00:00,71.7444076538086
2022-07-18 13:30:00+00:00,71.70095825195312
2022-07-19 13:30:00+00:00,71.62277221679688
2022-07-20 13:30:00+00:00,71.61408996582031
2022-07-21 13:30:00+00:00,71.81391906738281
2022-07-22 13:30:00+00:00,71.99640655517578
2022-07-25 13:30:00+00:00,71.93557739257812
2022-07-26 13:30:00+00:00,71.90081787109375
2022-07-27 13:30:00+00:00,72.01377868652344
2022-07-28 13:30:00+00:00,72.17015838623047
2022-07-29 13:30:00+00:00,72.1614761352539
2022-08-01 13:30:00+00:00,72.15972900390625
2022-08-02 13:30:00+00:00,71.90748596191406
2022-08-03 13:30:00+00:00,71.93354797363281
2022-08-04 13:30:00+00:00,72.02928924560547
2022-08-05 13:30:00+00:00,71.73355102539062
2022-08-08 13:30:00+00:00,71.80313873291016
2022-08-09 13:30:00+00:00,71.73355102539062
2022-08-10 13:30:00+00:00,71.80313873291016
2022-08-11 13:30:00+00:00,71.77701568603516
2022-08-12 13:30:00+00:00,71.79441833496094
2022-08-15 13:30:00+00:00,71.8553466796875
2022-08-16 13:30:00+00:00,71.79441833496094
2022-08-17 13:30:00+00:00,71.73355102539062
2022-08-18 13:30:00+00:00,71.83787536621094
2022-08-19 13:30:00+00:00,71.78573608398438
2022-08-22 13:30:00+00:00,71.69005584716797
2022-08-23 13:30:00+00:00,71.72483825683594
2022-08-24 13:30:00+00:00,71.64654541015625
2022-08-25 13:30:00+00:00,71.69005584716797
2022-08-26 13:30:00+00:00,71.67266082763672
2022-08-29 13:30:00+00:00,71.62043762207031
2022-08-30 13:30:00+00:00,71.5856704711914
2022-08-31 13:30:00+00:00,71.57697296142578
2022-09-01 13:30:00+00:00,71.52471923828125
2022-09-02 13:30:00+00:00,71.68146514892578
2022-09-06 13:30:00+00:00,71.52471923828125
2022-09-07 13:30:00+00:00,71.62921142578125
2022-09-08 13:30:00+00:00,71.54215240478516
2022-09-09 13:30:00+00:00,71.48117065429688
2022-09-12 13:30:00+00:00,71.47246551513672
2022-09-13 13:30:00+00:00,71.2286148071289
2022-09-14 13:30:00+00:00,71.16766357421875
2022-09-15 13:30:00+00:00,71.08927154541016
2022-09-16 13:30:00+00:00,71.12413787841797
2022-09-19 13:30:00+00:00,71.0457763671875
2022-09-20 13:30:00+00:00,71.01091766357422
2022-09-21 13:30:00+00:00,70.9499282836914
2022-09-22 13:30:00+00:00,70.81932067871094
2022-09-23 13:30:00+00:00,70.73223876953125
2022-09-26 13:30:00+00:00,70.57546997070312
2022-09-27 13:30:00+00:00,70.57546997070312
2022-09-28 13:30:00+00:00,70.88027954101562
2022-09-29 13:30:00+00:00,70.78446960449219
2022-09-30 13:30:00+00:00,70.72351837158203
2022-10-03 13:30:00+00:00,70.87871551513672
2022-10-04 13:30:00+00:00,70.90492248535156
2022-10-05 13:30:00+00:00,70.83513641357422
2022-10-06 13:30:00+00:00,70.74793243408203
2022-10-07 13:30:00+00:00,70.66071319580078
2022-10-10 13:30:00+00:00,70.63456726074219
2022-10-11 13:30:00+00:00,70.6694564819336
2022-10-12 13:30:00+00:00,70.73921203613281
2022-10-13 13:30:00+00:00,70.5299301147461
2022-10-14 13:30:00+00:00,70.49502563476562
2022-10-17 13:30:00+00:00,70.57353210449219
2022-10-18 13:30:00+00:00,70.60840606689453
2022-10-19 13:30:00+00:00,70.47759246826172
2022-10-20 13:30:00+00:00,70.39912414550781
2022-10-21 13:30:00+00:00,70.58223724365234
2022-10-24 13:30:00+00:00,70.56481170654297
2022-10-25 13:30:00+00:00,70.63456726074219
2022-10-26 13:30:00+00:00,70.69559478759766
2022-10-27 13:30:00+00:00,70.84385681152344
2022-10-28 13:30:00+00:00,70.73921203613281
2022-10-31 13:30:00+00:00,70.63456726074219
2022-11-01 13:30:00+00:00,70.5655517578125
2022-11-02 13:30:00+00:00,70.53063201904297
2022-11-03 13:30:00+00:00,70.39957427978516
2022-11-04 13:30:00+00:00,70.47821044921875
2022-11-07 14:30:00+00:00,70.41707611083984
2022-11-08 14:30:00+00:00,70.48694610595703
2022-11-09 14:30:00+00:00,70.6004867553711
2022-11-10 14:30:00+00:00,70.9848403930664
2022-11-11 14:30:00+00:00,70.9673843383789
2022-11-14 14:30:00+00:00,70.90623474121094
2022-11-15 14:30:00+00:00,70.97611999511719
2022-11-16 14:30:00+00:00,70.9848403930664
2022-11-17 14:30:00+00:00,70.89752960205078
2022-11-18 14:30:00+00:00,70.81887817382812
2022-11-21 14:30:00+00:00,70.80142211914062
2022-11-22 14:30:00+00:00,70.85382843017578
2022-11-23 14:30:00+00:00,70.91496276855469
2022-11-25 14:30:00+00:00,70.9237289428711
2022-11-28 14:30:00+00:00,70.94117736816406
2022-11-29 14:30:00+00:00,70.91496276855469
2022-11-30 14:30:00+00:00,71.12464141845703
2022-12-01 14:30:00+00:00,71.27780151367188
2022-12-02 14:30:00+00:00,71.26032257080078
2022-12-05 14:30:00+00:00,71.05897521972656
2022-12-06 14:30:00+00:00,71.13775634765625
2022-12-07 14:30:00+00:00,71.28657531738281
2022-12-08 14:30:00+00:00,71.21653747558594
2022-12-09 14:30:00+00:00,71.18155670166016
2022-12-12 14:30:00+00:00,71.13775634765625
2022-12-13 14:30:00+00:00,71.34784698486328
2022-12-14 14:30:00+00:00,71.35658264160156
2022-12-15 14:30:00+00:00,71.3662338256836
2022-12-16 14:30:00+00:00,71.43640899658203
2022-12-19 14:30:00+00:00,71.34869384765625
2022-12-20 14:30:00+00:00,71.34869384765625
2022-12-21 14:30:00+00:00,71.41889190673828
2022-12-22 14:30:00+00:00,71.37503814697266
2022-12-23 14:30:00+00:00,71.3399429321289
2022-12-27 14:30:00+00:00,71.243408203125
2022-12-28 14:30:00+00:00,71.243408203125
2022-12-29 14:30:00+00:00,71.29606628417969
2022-12-30 14:30:00+00:00,71.20833587646484
2023-01-03 14:30:00+00:00,71.26973724365234
2023-01-04 14:30:00+00:00,71.3399429321289
2023-01-05 14:30:00+00:00,71.243408203125
2023-01-06 14:30:00+00:00,71.51538848876953
2023-01-09 14:30:00+00:00,71.5855484008789
2023-01-10 14:30:00+00:00,71.524169921875
2023-01-11 14:30:00+00:00,71.5855484008789
2023-01-12 14:30:00+00:00,71.74345397949219
2023-01-13 14:30:00+00:00,71.62066650390625
2023-01-17 14:30:00+00:00,71.66452026367188
2023-01-18 14:30:00+00:00,71.82243347167969
2023-01-19 14:30:00+00:00,71.80487060546875
2023-01-20 14:30:00+00:00,71.74345397949219
2023-01-23 14:30:00+00:00,71.67327117919922
2023-01-24 14:30:00+00:00,71.69960021972656
2023-01-25 14:30:00+00:00,71.74345397949219
2023-01-26 14:30:00+00:00,71.69960021972656
2023-01-27 14:30:00+00:00,71.69960021972656
2023-01-30 14:30:00+00:00,71.62942504882812
2023-01-31 14:30:00+00:00,71.76103210449219
2023-02-01 14:30:00+00:00,71.88580322265625
2023-02-02 14:30:00+00:00,71.89460754394531
2023-02-03 14:30:00+00:00,71.63094329833984
2023-02-06 14:30:00+00:00,71.42875671386719
2023-02-07 14:30:00+00:00,71.46397399902344
2023-02-08 14:30:00+00:00,71.49031829833984
2023-02-09 14:30:00+00:00,71.43757629394531
2023-02-10 14:30:00+00:00,71.40242767333984
2023-02-13 14:30:00+00:00,71.41999816894531
2023-02-14 14:30:00+00:00,71.27058410644531
2023-02-15 14:30:00+00:00,71.27936553955078
2023-02-16 14:30:00+00:00,71.28817749023438
2023-02-17 14:30:00+00:00,71.34969329833984
2023-02-21 14:30:00+00:00,71.20906829833984
2023-02-22 14:30:00+00:00,71.24423217773438
2023-02-23 14:30:00+00:00,71.28817749023438
2023-02-24 14:30:00+00:00,71.13875579833984
2023-02-27 14:30:00+00:00,71.20024871826172
2023-02-28 14:30:00+00:00,71.18267822265625
2023-03-01 14:30:00+00:00,71.05238342285156
2023-03-02 14:30:00+00:00,71.07878112792969
2023-03-03 14:30:00+00:00,71.12281036376953
2023-03-06 14:30:00+00:00,71.08760833740234
2023-03-07 14:30:00+00:00,70.93788146972656
2023-03-08 14:30:00+00:00,70.90264892578125
2023-03-09 14:30:00+00:00,71.131591796875
2023-03-10 14:30:00+00:00,71.51911163330078
2023-03-13 13:30:00+00:00,72.23243713378906
2023-03-14 13:30:00+00:00,71.95946502685547
2023-03-15 13:30:00+00:00,72.38216400146484
2023-03-16 13:30:00+00:00,72.091552734375
2023-03-17 13:30:00+00:00,72.45262145996094
2023-03-20 13:30:00+00:00,72.36455535888672
2023-03-21 13:30:00+00:00,72.091552734375
2023-03-22 13:30:00+00:00,72.42620086669922
2023-03-23 13:30:00+00:00,72.6375732421875
2023-03-24 13:30:00+00:00,72.67280578613281
2023-03-27 13:30:00+00:00,72.36455535888672
2023-03-28 13:30:00+00:00,72.28529357910156
2023-03-29 13:30:00+00:00,72.2588882446289
2023-03-30 13:30:00+00:00,72.26769256591797
2023-03-31 13:30:00+00:00,72.35575866699219
2023-04-03 13:30:00+00:00,72.44400787353516
2023-04-04 13:30:00+00:00,72.6116943359375
2023-04-05 13:30:00+00:00,72.70877838134766
2023-04-06 13:30:00+00:00,72.68229675292969
2023-04-10 13:30:00+00:00,72.42635345458984
2023-04-11 13:30:00+00:00,72.41755676269531
2023-04-12 13:30:00+00:00,72.4969482421875
2023-04-13 13:30:00+00:00,72.54108428955078
2023-04-14 13:30:00+00:00,72.3734130859375
2023-04-17 13:30:00+00:00,72.26750946044922
2023-04-18 13:30:00+00:00,72.24984741210938
2023-04-19 13:30:00+00:00,72.18804931640625
2023-04-20 13:30:00+00:00,72.36456298828125
2023-04-21 13:30:00+00:00,72.32042694091797
2023-04-24 13:30:00+00:00,72.3998794555664
2023-04-25 13:30:00+00:00,72.68229675292969
2023-04-26 13:30:00+00:00,72.59404754638672
2023-04-27 13:30:00+00:00,72.45281982421875
2023-04-28 13:30:00+00:00,72.53228759765625
2023-05-01 13:30:00+00:00,72.37388610839844
2023-05-02 13:30:00+00:00,72.61279296875
2023-05-03 13:30:00+00:00,72.78968811035156
2023-05-04 13:30:00+00:00,72.90470886230469
2023-05-05 13:30:00+00:00,72.7277603149414
2023-05-08 13:30:00+00:00,72.61279296875
2023-05-09 13:30:00+00:00,72.59508514404297
2023-05-10 13:30:00+00:00,72.77200317382812
2023-05-11 13:30:00+00:00,72.81627655029297
2023-05-12 13:30:00+00:00,72.69239044189453
2023-05-15 13:30:00+00:00,72.7012710571289
2023-05-16 13:30:00+00:00,72.61279296875
2023-05-17 13:30:00+00:00,72.53314208984375
2023-05-18 13:30:00+00:00,72.40047454833984
2023-05-19 13:30:00+00:00,72.34735107421875
2023-05-22 13:30:00+00:00,72.32083129882812
2023-05-23 13:30:00+00:00,72.3119888305664
2023-05-24 13:30:00+00:00,72.22352600097656
2023-05-25 13:30:00+00:00,72.06427764892578
2023-05-26 13:30:00+00:00,72.04657745361328
2023-05-30 13:30:00+00:00,72.1881103515625
2023-05-31 13:30:00+00:00,72.2589111328125
2023-06-01 13:30:00+00:00,72.37152099609375
2023-06-02 13:30:00+00:00,72.16754913330078
2023-06-05 13:30:00+00:00,72.185302734375
2023-06-06 13:30:00+00:00,72.14983367919922
2023-06-07 13:30:00+00:00,72.0965805053711
2023-06-08 13:30:00+00:00,72.21190643310547
2023-06-09 13:30:00+00:00,72.0788803100586
2023-06-12 13:30:00+00:00,72.14096069335938
2023-06-13 13:30:00+00:00,72.0079345703125
2023-06-14 13:30:00+00:00,71.96360778808594
2023-06-15 13:30:00+00:00,72.1143569946289
2023-06-16 13:30:00+00:00,72.01680755615234
2023-06-20 13:30:00+00:00,72.04342651367188
2023-06-21 13:30:00+00:00,72.04342651367188
2023-06-22 13:30:00+00:00,71.96360778808594
2023-06-23 13:30:00+00:00,72.02567291259766
2023-06-26 13:30:00+00:00,72.0788803100586
2023-06-27 13:30:00+00:00,71.97247314453125
2023-06-28 13:30:00+00:00,72.05227661132812
2023-06-29 13:30:00+00:00,71.87495422363281
2023-06-30 13:30:00+00:00,71.90150451660156
2023-07-03 13:30:00+00:00,71.8179702758789
2023-07-05 13:30:00+00:00,71.80016326904297
2023-07-06 13:30:00+00:00,71.75572967529297
2023-07-07 13:30:00+00:00,71.83576202392578
2023-07-10 13:30:00+00:00,71.94245147705078
2023-07-11 13:30:00+00:00,71.93353271484375
2023-07-12 13:30:00+00:00,72.14689636230469
2023-07-13 13:30:00+00:00,72.35137939453125
2023-07-14 13:30:00+00:00,72.16468811035156
2023-07-17 13:30:00+00:00,72.19136810302734
2023-07-18 13:30:00+00:00,72.19136810302734
2023-07-19 13:30:00+00:00,72.21802520751953
2023-07-20 13:30:00+00:00,72.1291275024414
2023-07-21 13:30:00+00:00,72.13801574707031
2023-07-24 13:30:00+00:00,72.04911041259766
2023-07-25 13:30:00+00:00,72.04020690917969
2023-07-26 13:30:00+00:00,72.1113510131836
2023-07-27 13:30:00+00:00,72.00464630126953
2023-07-28 13:30:00+00:00,72.10247039794922
2023-07-31 13:30:00+00:00,72.12023162841797
2023-08-01 13:30:00+00:00,72.05963134765625
2023-08-02 13:30:00+00:00,72.09530639648438
2023-08-03 13:30:00+00:00,72.12203216552734
2023-08-04 13:30:00+00:00,72.26465606689453
2023-08-07 13:30:00+00:00,72.2914047241211
2023-08-08 13:30:00+00:00,72.32701873779297
2023-08-09 13:30:00+00:00,72.28245544433594
2023-08-10 13:30:00+00:00,72.2468032836914
2023-08-11 13:30:00+00:00,72.17552185058594
2023-08-14 13:30:00+00:00,72.11311340332031
2023-08-15 13:30:00+00:00,72.13983917236328
2023-08-16 13:30:00+00:00,72.10420227050781
2023-08-17 13:30:00+00:00,72.1844253540039
2023-08-18 13:30:00+00:00,72.21114349365234
2023-08-21 13:30:00+00:00,72.13093566894531
2023-08-22 13:30:00+00:00,72.09530639648438
2023-08-23 13:30:00+00:00,72.22897338867188
2023-08-24 13:30:00+00:00,72.1844253540039
2023-08-25 13:30:00+00:00,72.13983917236328
2023-08-28 13:30:00+00:00,72.1844253540039
2023-08-29 13:30:00+00:00,72.34485626220703
2023-08-30 13:30:00+00:00,72.34485626220703
2023-08-31 13:30:00+00:00,72.41615295410156
2023-09-01 13:30:00+00:00,72.3768539428711
2023-09-05 13:30:00+00:00,72.28749084472656
2023-09-06 13:30:00+00:00,72.20706176757812
2023-09-07 13:30:00+00:00,72.34110260009766
2023-09-08 13:30:00+00:00,72.30538940429688
2023-09-11 13:30:00+00:00,72.32322692871094
2023-09-12 13:30:00+00:00,72.28749084472656
2023-09-13 13:30:00+00:00,72.35003662109375
2023-09-14 13:30:00+00:00,72.3321762084961
2023-09-15 13:30:00+00:00,72.29644012451172
2023-09-18 13:30:00+00:00,72.28749084472656
2023-09-19 13:30:00+00:00,72.23387908935547
2023-09-20 13:30:00+00:00,72.18920135498047
2023-09-21 13:30:00+00:00,72.22493743896484
2023-09-22 13:30:00+00:00,72.29644012451172
2023-09-25 13:30:00+00:00,72.26962280273438
2023-09-26 13:30:00+00:00,72.278564453125
2023-09-27 13:30:00+00:00,72.22493743896484
2023-09-28 13:30:00+00:00,72.35003662109375
2023-09-29 13:30:00+00:00,72.35900115966797
2023-10-02 13:30:00+00:00,72.28642272949219
2023-10-03 13:30:00+00:00,72.23265075683594
2023-10-04 13:30:00+00:00,72.39391326904297
2023-10-05 13:30:00+00:00,72.46561431884766
2023-10-06 13:30:00+00:00,72.40289306640625
2023-10-09 13:30:00+00:00,72.61791229248047
2023-10-10 13:30:00+00:00,72.5731201171875
2023-10-11 13:30:00+00:00,72.55520629882812
2023-10-12 13:30:00+00:00,72.46561431884766
2023-10-13 13:30:00+00:00,72.51040649414062
2023-10-16 13:30:00+00:00,72.46561431884766
2023-10-17 13:30:00+00:00,72.3042984008789
2023-10-18 13:30:00+00:00,72.3042984008789
2023-10-19 13:30:00+00:00,72.40289306640625
2023-10-20 13:30:00+00:00,72.51936340332031
2023-10-23 13:30:00+00:00,72.56415557861328
2023-10-24 13:30:00+00:00,72.5462417602539
2023-10-25 13:30:00+00:00,72.46561431884766
2023-10-26 13:30:00+00:00,72.60891723632812
2023-10-27 13:30:00+00:00,72.65374755859375
2023-10-30 13:30:00+00:00,72.62686920166016
2023-10-31 13:30:00+00:00,72.59999084472656
2023-11-01 13:30:00+00:00,72.7617416381836
2023-11-02 13:30:00+00:00,72.77071380615234
2023-11-03 13:30:00+00:00,72.9683837890625
2023-11-06 14:30:00+00:00,72.83364868164062
2023-11-07 14:30:00+00:00,72.88752746582031
2023-11-08 14:30:00+00:00,72.86955261230469
2023-11-09 14:30:00+00:00,72.7617416381836
2023-11-10 14:30:00+00:00,72.77970886230469
2023-11-13 14:30:00+00:00,72.80665588378906
2023-11-14 14:30:00+00:00,73.09419250488281
2023-11-15 14:30:00+00:00,72.95941162109375
2023-11-16 14:30:00+00:00,73.08519744873047
2023-11-17 14:30:00+00:00,73.03129577636719
2023-11-20 14:30:00+00:00,73.04027557373047
2023-11-21 14:30:00+00:00,73.08519744873047
2023-11-22 14:30:00+00:00,73.09419250488281
2023-11-24 14:30:00+00:00,73.04027557373047
2023-11-27 14:30:00+00:00,73.13011169433594
2023-11-28 14:30:00+00:00,73.26490020751953
2023-11-29 14:30:00+00:00,73.4086685180664
2023-11-30 14:30:00+00:00,73.36373138427734
2023-12-01 14:30:00+00:00,73.57733154296875
2023-12-04 14:30:00+00:00,73.46917724609375
2023-12-05 14:30:00+00:00,73.55929565429688
2023-12-06 14:30:00+00:00,73.54127502441406
2023-12-07 14:30:00+00:00,73.59535217285156
2023-12-08 14:30:00+00:00,73.4331283569336
2023-12-11 14:30:00+00:00,73.4511489868164
2023-12-12 14:30:00+00:00,73.46015930175781
2023-12-13 14:30:00+00:00,73.82966613769531
2023-12-14 14:30:00+00:00,73.95623779296875
2023-12-15 14:30:00+00:00,73.87488555908203
2023-12-18 14:30:00+00:00,73.8658447265625
2023-12-19 14:30:00+00:00,73.89295196533203
2023-12-20 14:30:00+00:00,73.99241638183594
2023-12-21 14:30:00+00:00,74.06473541259766
2023-12-22 14:30:00+00:00,74.09187316894531
2023-12-26 14:30:00+00:00,74.05570220947266
2023-12-27 14:30:00+00:00,74.1461181640625
2023-12-28 14:30:00+00:00,74.1370849609375
2023-12-29 14:30:00+00:00,74.17325592041016
2024-01-02 14:30:00+00:00,74.08283233642578
2024-01-03 14:30:00+00:00,74.10089111328125
2024-01-04 14:30:00+00:00,74.05570220947266
2024-01-05 14:30:00+00:00,74.03761291503906
2024-01-08 14:30:00+00:00,74.10089111328125
2024-01-09 14:30:00+00:00,74.11900329589844
2024-01-10 14:30:00+00:00,74.11900329589844
2024-01-11 14:30:00+00:00,74.290771484375
2024-01-12 14:30:00+00:00,74.44445037841797
2024-01-16 14:30:00+00:00,74.32694244384766
2024-01-17 14:30:00+00:00,74.1822738647461
2024-01-18 14:30:00+00:00,74.21843719482422
2024-01-19 14:30:00+00:00,74.1641845703125
2024-01-22 14:30:00+00:00,74.20035552978516
2024-01-23 14:30:00+00:00,74.19132232666016
2024-01-24 14:30:00+00:00,74.1551513671875
2024-01-25 14:30:00+00:00,74.290771484375
2024-01-26 14:30:00+00:00,74.24557495117188
2024-01-29 14:30:00+00:00,74.31790161132812
2024-01-30 14:30:00+00:00,74.272705078125
2024-01-31 14:30:00+00:00,74.40831756591797
2024-02-01 14:30:00+00:00,74.51890563964844
2024-02-02 14:30:00+00:00,74.28314971923828
2024-02-05 14:30:00+00:00,74.13810729980469
2024-02-06 14:30:00+00:00,74.2559585571289
2024-02-07 14:30:00+00:00,74.228759765625
2024-02-08 14:30:00+00:00,74.21063232421875
2024-02-09 14:30:00+00:00,74.18342590332031
2024-02-12 14:30:00+00:00,74.19249725341797
2024-02-13 14:30:00+00:00,73.95671081542969
2024-02-14 14:30:00+00:00,74.06551361083984
2024-02-15 14:30:00+00:00,74.13810729980469
2024-02-16 14:30:00+00:00,74.04742431640625
2024-02-20 14:30:00+00:00,74.0927505493164
2024-02-21 14:30:00+00:00,74.02928161621094
2024-02-22 14:30:00+00:00,74.02021789550781
2024-02-23 14:30:00+00:00,74.05646514892578
2024-02-26 14:30:00+00:00,74.0020751953125
2024-02-27 14:30:00+00:00,74.0020751953125
2024-02-28 14:30:00+00:00,74.07462310791016
2024-02-29 14:30:00+00:00,74.11995697021484
2024-03-01 14:30:00+00:00,74.26543426513672
2024-03-04 14:30:00+00:00,74.19269561767578
2024-03-05 14:30:00+00:00,74.24728393554688
2024-03-06 14:30:00+00:00,74.26543426513672
2024-03-07 14:30:00+00:00,74.35643005371094
2024-03-08 14:30:00+00:00,74.39277648925781
2024-03-11 13:30:00+00:00,74.32911682128906
2024-03-12 13:30:00+00:00,74.25634765625
2024-03-13 13:30:00+00:00,74.219970703125
2024-03-14 13:30:00+00:00,74.15633392333984
2024-03-15 13:30:00+00:00,74.1108627319336
2024-03-18 13:30:00+00:00,74.11995697021484
2024-03-19 13:30:00+00:00,74.18360900878906
2024-03-20 13:30:00+00:00,74.30184936523438
2024-03-21 13:30:00+00:00,74.30184936523438
2024-03-22 13:30:00+00:00,74.35643005371094
2024-03-25 13:30:00+00:00,74.32003021240234
2024-03-26 13:30:00+00:00,74.33821868896484
2024-03-27 13:30:00+00:00,74.42007446289062
2024-03-28 13:30:00+00:00,74.37458801269531
2024-04-01 13:30:00+00:00,74.2194595336914
2024-04-02 13:30:00+00:00,74.25597381591797
2024-04-03 13:30:00+00:00,74.31073760986328
2024-04-04 13:30:00+00:00,74.38372802734375
2024-04-05 13:30:00+00:00,74.26509857177734
2024-04-08 13:30:00+00:00,74.1921157836914
2024-04-09 13:30:00+00:00,74.26509857177734
2024-04-10 13:30:00+00:00,73.9639892578125
2024-04-11 13:30:00+00:00,74.05522918701172
2024-04-12 13:30:00+00:00,74.10086059570312
2024-04-15 13:30:00+00:00,74.073486328125
2024-04-16 13:30:00+00:00,74.0278549194336
2024-04-17 13:30:00+00:00,74.08259582519531
2024-04-18 13:30:00+00:00,74.04611206054688
2024-04-19 13:30:00+00:00,74.06436157226562
2024-04-22 13:30:00+00:00,74.10086059570312
2024-04-23 13:30:00+00:00,74.16471862792969
2024-04-24 13:30:00+00:00,74.1373291015625
2024-04-25 13:30:00+00:00,74.08259582519531
2024-04-26 13:30:00+00:00,74.10086059570312
2024-04-29 13:30:00+00:00,74.1373291015625
2024-04-30 13:30:00+00:00,74.04611206054688
2024-05-01 13:30:00+00:00,74.19440460205078
2024-05-02 13:30:00+00:00,74.30426025390625
2024-05-03 13:30:00+00:00,74.42325592041016
2024-05-06 13:30:00+00:00,74.41410827636719
2024-05-07 13:30:00+00:00,74.42325592041016
2024-05-08 13:30:00+00:00,74.40494537353516
2024-05-09 13:30:00+00:00,74.46902465820312
2024-05-10 13:30:00+00:00,74.40494537353516
2024-05-13 13:30:00+00:00,74.42325592041016
2024-05-14 13:30:00+00:00,74.4964828491211
2024-05-15 13:30:00+00:00,74.63380432128906
2024-05-16 13:30:00+00:00,74.5788803100586
2024-05-17 13:30:00+00:00,74.53311157226562
2024-05-20 13:30:00+00:00,74.51480865478516
2024-05-21 13:30:00+00:00,74.5514144897461
2024-05-22 13:30:00+00:00,74.4964828491211
2024-05-23 13:30:00+00:00,74.45987701416016
2024-05-24 13:30:00+00:00,74.48733520507812
2024-05-28 13:30:00+00:00,74.42325592041016
2024-05-29 13:30:00+00:00,74.39580535888672
2024-05-30 13:30:00+00:00,74.47817993164062
2024-05-31 13:30:00+00:00,74.5788803100586
2024-06-03 13:30:00+00:00,74.66336822509766
2024-06-04 13:30:00+00:00,74.73683166503906
2024-06-05 13:30:00+00:00,74.81031036376953
2024-06-06 13:30:00+00:00,74.81949615478516
2024-06-07 13:30:00+00:00,74.62663269042969
2024-06-10 13:30:00+00:00,74.63582611083984
2024-06-11 13:30:00+00:00,74.71846771240234
2024-06-12 13:30:00+00:00,74.81949615478516
2024-06-13 13:30:00+00:00,74.93888854980469
2024-06-14 13:30:00+00:00,74.94807434082031
2024-06-17 13:30:00+00:00,74.87459564208984
2024-06-18 13:30:00+00:00,74.97562408447266
2024-06-20 13:30:00+00:00,74.94807434082031
2024-06-21 13:30:00+00:00,74.97562408447266
2024-06-24 13:30:00+00:00,74.98480987548828
2024-06-25 13:30:00+00:00,74.99398803710938
2024-06-26 13:30:00+00:00,74.92051696777344
2024-06-27 13:30:00+00:00,74.97562408447266
2024-06-28 13:30:00+00:00,74.98480987548828
2024-07-01 13:30:00+00:00,74.9202880859375
2024-07-02 13:30:00+00:00,74.98480224609375
2024-07-03 13:30:00+00:00,75.09537506103516
2024-07-05 13:30:00+00:00,75.23358154296875
2024-07-08 13:30:00+00:00,75.224365234375
2024-07-09 13:30:00+00:00,75.20594787597656
2024-07-10 13:30:00+00:00,75.23358154296875
2024-07-11 13:30:00+00:00,75.40865325927734
2024-07-12 13:30:00+00:00,75.51921844482422
2024-07-15 13:30:00+00:00,75.51921844482422
2024-07-16 13:30:00+00:00,75.54686737060547
2024-07-17 13:30:00+00:00,75.55606842041016
2024-07-18 13:30:00+00:00,75.51921844482422
2024-07-19 13:30:00+00:00,75.48236846923828
2024-07-22 13:30:00+00:00,75.49156951904297
2024-07-23 13:30:00+00:00,75.5284652709961
2024-07-24 13:30:00+00:00,75.56529998779297
2024-07-25 13:30:00+00:00,75.57451629638672
2024-07-26 13:30:00+00:00,75.67583465576172
2024-07-29 13:30:00+00:00,75.6850814819336
2024-07-30 13:30:00+00:00,75.71273040771484
2024-07-31 13:30:00+00:00,75.86934661865234
2024-08-01 13:30:00+00:00,76.0006332397461
2024-08-02 13:30:00+00:00,76.42588806152344
2024-08-05 13:30:00+00:00,76.40739440917969
2024-08-06 13:30:00+00:00,76.31494140625
2024-08-07 13:30:00+00:00,76.26873016357422
2024-08-08 13:30:00+00:00,76.23175811767578
2024-08-09 13:30:00+00:00,76.25025177001953
2024-08-12 13:30:00+00:00,76.29644775390625
2024-08-13 13:30:00+00:00,76.41666412353516
2024-08-14 13:30:00+00:00,76.40739440917969
2024-08-15 13:30:00+00:00,76.22249603271484
2024-08-16 13:30:00+00:00,76.30569458007812
2024-08-19 13:30:00+00:00,76.2872085571289
2024-08-20 13:30:00+00:00,76.39815521240234
2024-08-21 13:30:00+00:00,76.48136138916016
2024-08-22 13:30:00+00:00,76.37966918945312
2024-08-23 13:30:00+00:00,76.55530548095703
2024-08-26 13:30:00+00:00,76.5183334350586
2024-08-27 13:30:00+00:00,76.56455993652344
2024-08-28 13:30:00+00:00,76.55530548095703
2024-08-29 13:30:00+00:00,76.54606628417969
2024-08-30 13:30:00+00:00,76.54606628417969
2024-09-03 13:30:00+00:00,76.62769317626953
2024-09-04 13:30:00+00:00,76.79470825195312
2024-09-05 13:30:00+00:00,76.82252502441406
2024-09-06 13:30:00+00:00,76.9616928100586
2024-09-09 13:30:00+00:00,76.97095489501953
2024-09-10 13:30:00+00:00,77.082275390625
2024-09-11 13:30:00+00:00,77.01734161376953
2024-09-12 13:30:00+00:00,77.026611328125
2024-09-13 13:30:00+00:00,77.13794708251953
2024-09-16 13:30:00+00:00,77.18431854248047
2024-09-17 13:30:00+00:00,77.12865447998047
2024-09-18 13:30:00+00:00,77.1008529663086
2024-09-19 13:30:00+00:00,77.16577911376953
2024-09-20 13:30:00+00:00,77.19361114501953
2024-09-23 13:30:00+00:00,77.19361114501953
2024-09-24 13:30:00+00:00,77.267822265625
2024-09-25 13:30:00+00:00,77.20287322998047
2024-09-26 13:30:00+00:00,77.12865447998047
2024-09-27 13:30:00+00:00,77.249267578125
2024-09-30 13:30:00+00:00,77.13794708251953
2024-10-01 13:30:00+00:00,77.18727111816406
2024-10-02 13:30:00+00:00,77.16867065429688
2024-10-03 13:30:00+00:00,77.06629943847656
2024-10-04 13:30:00+00:00,76.80565643310547
2024-10-07 13:30:00+00:00,76.70328521728516
2024-10-08 13:30:00+00:00,76.76842498779297
2024-10-09 13:30:00+00:00,76.69396209716797
2024-10-10 13:30:00+00:00,76.7591323852539
2024-10-11 13:30:00+00:00,76.82428741455078
2024-10-14 13:30:00+00:00,76.78704071044922
2024-10-15 13:30:00+00:00,76.82428741455078
2024-10-16 13:30:00+00:00,76.87081909179688
2024-10-17 13:30:00+00:00,76.80565643310547
2024-10-18 13:30:00+00:00,76.87081909179688
2024-10-21 13:30:00+00:00,76.7591323852539
2024-10-22 13:30:00+00:00,76.74981689453125
2024-10-23 13:30:00+00:00,76.70328521728516
2024-10-24 13:30:00+00:00,76.74053192138672
2024-10-25 13:30:00+00:00,76.71259307861328
2024-10-28 13:30:00+00:00,76.67535400390625
2024-10-29 13:30:00+00:00,76.70328521728516
2024-10-30 13:30:00+00:00,76.63813781738281
2024-10-31 13:30:00+00:00,76.65674591064453
2024-11-01 13:30:00+00:00,76.63152313232422
2024-11-04 14:30:00+00:00,76.68756866455078
2024-11-05 14:30:00+00:00,76.66887664794922
2024-11-06 14:30:00+00:00,76.57549285888672
2024-11-07 14:30:00+00:00,76.70625305175781
2024-11-08 14:30:00+00:00,76.65020751953125
2024-11-11 14:30:00+00:00,76.59416961669922
2024-11-12 14:30:00+00:00,76.51944732666016
2024-11-13 14:30:00+00:00,76.63152313232422
2024-11-14 14:30:00+00:00,76.51944732666016
2024-11-15 14:30:00+00:00,76.60350799560547
2024-11-18 14:30:00+00:00,76.6595458984375
2024-11-19 14:30:00+00:00,76.6595458984375
2024-11-20 14:30:00+00:00,76.6221923828125
2024-11-21 14:30:00+00:00,76.60350799560547
2024-11-22 14:30:00+00:00,76.59416961669922
2024-11-25 14:30:00+00:00,76.74359130859375
2024-11-26 14:30:00+00:00,76.74359130859375
2024-11-27 14:30:00+00:00,76.7903060913086
2024-11-29 14:30:00+00:00,76.88370513916016
2024-12-02 14:30:00+00:00,76.87901306152344
2024-12-03 14:30:00+00:00,76.88837432861328
2024-12-04 14:30:00+00:00,76.97270202636719
2024-12-05 14:30:00+00:00,76.97270202636719
2024-12-06 14:30:00+00:00,77.04767608642578
2024-12-09 14:30:00+00:00,77.01956176757812
2024-12-10 14:30:00+00:00,77.01018524169922
2024-12-11 14:30:00+00:00,76.99143981933594
2024-12-12 14:30:00+00:00,76.95397186279297
2024-12-13 14:30:00+00:00,76.91647338867188
2024-12-16 14:30:00+00:00,76.92585754394531
2024-12-17 14:30:00+00:00,76.93523406982422
2024-12-18 14:30:00+00:00,76.79419708251953
2024-12-19 14:30:00+00:00,76.8788070678711
2024-12-20 14:30:00+00:00,76.88821411132812
2024-12-23 14:30:00+00:00,76.84120178222656
2024-12-24 14:30:00+00:00,76.8788070678711
2024-12-26 14:30:00+00:00,76.89761352539062
2024-12-27 14:30:00+00:00,76.91641998291016
2024-12-30 14:30:00+00:00,77.02924346923828
2024-12-31 14:30:00+00:00,77.0762710571289
2025-01-02 14:30:00+00:00,77.05744934082031
2025-01-03 14:30:00+00:00,77.05744934082031
2025-01-06 14:30:00+00:00,77.0762710571289
2025-01-07 14:30:00+00:00,77.02924346923828
2025-01-08 14:30:00+00:00,77.0762710571289
2025-01-10 14:30:00+00:00,76.93524169921875
2025-01-13 14:30:00+00:00,76.95404052734375
2025-01-14 14:30:00+00:00,76.97284698486328
2025-01-15 14:30:00+00:00,77.1420669555664
2025-01-16 14:30:00+00:00,77.18907165527344
2025-01-17 14:30:00+00:00,77.17028045654297
2025-01-21 14:30:00+00:00,77.1984634399414
2025-01-22 14:30:00+00:00,77.1796646118164
2025-01-23 14:30:00+00:00,77.1796646118164
2025-01-24 14:30:00+00:00,77.2266845703125
2025-01-27 14:30:00+00:00,77.3395004272461
2025-01-28 14:30:00+00:00,77.35831451416016
2025-01-29 14:30:00+00:00,77.31132507324219
2025-01-30 14:30:00+00:00,77.35831451416016
2025-01-31 14:30:00+00:00,77.36772155761719
2025-02-03 14:30:00+00:00,77.31395721435547
2025-02-04 14:30:00+00:00,77.38941955566406
2025-02-05 14:30:00+00:00,77.43656158447266
2025-02-06 14:30:00+00:00,77.40827941894531
2025-02-07 14:30:00+00:00,77.32337951660156
2025-02-10 14:30:00+00:00,77.36111450195312
2025-02-11 14:30:00+00:00,77.34223937988281
2025-02-12 14:30:00+00:00,77.23846435546875
2025-02-13 14:30:00+00:00,77.34223937988281
2025-02-14 14:30:00+00:00,77.44600677490234
2025-02-18 14:30:00+00:00,77.37997436523438
2025-02-19 14:30:00+00:00,77.43656158447266
2025-02-20 14:30:00+00:00,77.44600677490234
2025-02-21 14:30:00+00:00,77.57809448242188
2025-02-24 14:30:00+00:00,77.6346664428711
2025-02-25 14:30:00+00:00,77.73843383789062
2025-02-26 14:30:00+00:00,77.76673126220703
2025-02-27 14:30:00+00:00,77.79502868652344
2025-02-28 14:30:00+00:00,77.93653869628906
2025-03-03 14:30:00+00:00,77.98666381835938
2025-03-04 14:30:00+00:00,77.99613952636719
2025-03-05 14:30:00+00:00,77.91098022460938
2025-03-06 14:30:00+00:00,77.95828247070312
2025-03-07 14:30:00+00:00,77.94881439208984
2025-03-10 13:30:00+00:00,78.09076690673828
2025-03-11 13:30:00+00:00,78.04344940185547
2025-03-12 13:30:00+00:00,77.98666381835938
2025-03-13 13:30:00+00:00,78.04344940185547
2025-03-14 13:30:00+00:00,77.98666381835938
2025-03-17 13:30:00+00:00,77.95828247070312
2025-03-18 13:30:00+00:00,77.95828247070312
2025-03-19 13:30:00+00:00,78.07183837890625
2025-03-20 13:30:00+00:00,78.09076690673828
2025-03-21 13:30:00+00:00,78.1380844116211
2025-03-24 13:30:00+00:00,78.03397369384766
2025-03-25 13:30:00+00:00,78.06238555908203
2025-03-26 13:30:00+00:00,78.04344940185547
2025-03-27 13:30:00+00:00,78.08129119873047
2025-03-28 13:30:00+00:00,78.22321319580078
2025-03-31 13:30:00+00:00,78.2800064086914
2025-04-01 13:30:00+00:00,78.3084945678711
2025-04-02 13:30:00+00:00,78.25151062011719
2025-04-03 13:30:00+00:00,78.54585266113281
2025-04-04 13:30:00+00:00,78.49835968017578
2025-04-07 13:30:00+00:00,78.50788116455078
2025-04-08 13:30:00+00:00,78.46038818359375
2025-04-09 13:30:00+00:00,78.41292572021484
2025-04-10 13:30:00+00:00,78.40345001220703
2025-04-11 13:30:00+00:00,78.26101684570312
2025-04-14 13:30:00+00:00,78.43191528320312
2025-04-15 13:30:00+00:00,78.43191528320312
2025-04-16 13:30:00+00:00,78.53636932373047
2025-04-17 13:30:00+00:00,78.56483459472656
2025-04-21 13:30:00+00:00,78.5173568725586
2025-04-22 13:30:00+00:00,78.54585266113281
2025-04-23 13:30:00+00:00,78.4888687133789
2025-04-24 13:30:00+00:00,78.58382415771484
2025-04-25 13:30:00+00:00,78.65028381347656
2025-04-28 13:30:00+00:00,78.76422119140625
2025-04-29 13:30:00+00:00,78.81168365478516
2025-04-30 13:30:00+00:00,78.91613006591797
2025-05-01 13:30:00+00:00,78.75325775146484
2025-05-02 13:30:00+00:00,78.60087585449219
2025-05-05 13:30:00+00:00,78.59135437011719
2025-05-06 13:30:00+00:00,78.65802001953125
2025-05-07 13:30:00+00:00,78.68659210205078
2025-05-08 13:30:00+00:00,78.52468872070312
2025-05-09 13:30:00+00:00,78.56278228759766
2025-05-12 13:30:00+00:00,78.41991424560547
2025-05-13 13:30:00+00:00,78.40087127685547
2025-05-14 13:30:00+00:00,78.3437271118164
2025-05-15 13:30:00+00:00,78.49610137939453
2025-05-16 13:30:00+00:00,78.4770736694336
2025-05-19 13:30:00+00:00,78.5056381225586
2025-05-20 13:30:00+00:00,78.51516723632812
2025-05-21 13:30:00+00:00,78.467529296875
2025-05-22 13:30:00+00:00,78.51516723632812
2025-05-23 13:30:00+00:00,78.56278228759766
2025-05-27 13:30:00+00:00,78.59135437011719
2025-05-28 13:30:00+00:00,78.5342025756836
2025-05-29 13:30:00+00:00,78.61993408203125
2025-05-30 13:30:00+00:00,78.71516418457031
2025-06-02 13:30:00+00:00,78.65018463134766
2025-06-03 13:30:00+00:00,78.63109588623047
2025-06-04 13:30:00+00:00,78.77442169189453
2025-06-05 13:30:00+00:00,78.68842315673828
2025-06-06 13:30:00+00:00,78.55463409423828
2025-06-09 13:30:00+00:00,78.61197662353516
2025-06-10 13:30:00+00:00,78.61197662353516
2025-06-11 13:30:00+00:00,78.7361831665039
2025-06-12 13:30:00+00:00,78.80307006835938
2025-06-13 13:30:00+00:00,78.74573516845703
2025-06-16 13:30:00+00:00,78.7361831665039
2025-06-17 13:30:00+00:00,78.77442169189453
2025-06-18 13:30:00+00:00,78.81262969970703
2025-06-20 13:30:00+00:00,78.86995697021484
2025-06-23 13:30:00+00:00,78.9750747680664
2025-06-24 13:30:00+00:00,79.04198455810547
2025-06-25 13:30:00+00:00,79.051513671875
2025-06-26 13:30:00+00:00,79.14706420898438
2025-06-27 13:30:00+00:00,79.118408203125
2025-06-30 13:30:00+00:00,79.17574310302734
2025-07-01 13:30:00+00:00,79.09330749511719
2025-07-02 13:30:00+00:00,79.08369445800781
2025-07-03 13:30:00+00:00,78.99742889404297
2025-07-07 13:30:00+00:00,78.978271484375
2025-07-08 13:30:00+00:00,78.98786163330078
2025-07-09 13:30:00+00:00,79.0549545288086
2025-07-10 13:30:00+00:00,79.0549545288086
2025-07-11 13:30:00+00:00,79.03577423095703
2025-07-14 13:30:00+00:00,79.04536437988281
2025-07-15 13:30:00+00:00,78.96868896484375
2025-07-16 13:30:00+00:00,79.0741195678711
2025-07-17 13:30:00+00:00,79.04536437988281
2025-07-18 13:30:00+00:00,79.11246490478516
2025-07-21 13:30:00+00:00,79.160400390625
2025-07-22 13:30:00+00:00,79.21792602539062
2025-07-23 13:30:00+00:00,79.15081787109375
2025-07-24 13:30:00+00:00,79.08369445800781
2025-07-25 13:30:00+00:00,79.13165283203125
2025-07-28 13:30:00+00:00,79.12205505371094
2025-07-29 13:30:00+00:00,79.18915557861328
2025-07-30 13:30:00+00:00,79.1028823852539
2025-07-31 13:30:00+00:00,79.1028823852539
2025-08-01 13:30:00+00:00,79.4971923828125
2025-08-04 13:30:00+00:00,79.51641845703125
2025-08-05 13:30:00+00:00,79.48758697509766
2025-08-06 13:30:00+00:00,79.51641845703125
2025-08-07 13:30:00+00:00,79.47795867919922
2025-08-08 13:30:00+00:00,79.45873260498047
2025-08-11 13:30:00+00:00,79.45873260498047
2025-08-12 13:30:00+00:00,79.51641845703125
2025-08-13 13:30:00+00:00,79.62222290039062
2025-08-14 13:30:00+00:00,79.53565979003906
2025-08-15 13:30:00+00:00,79.5068130493164
2025-08-18 13:30:00+00:00,79.5068130493164
2025-08-19 13:30:00+00:00,79.54529571533203
2025-08-20 13:30:00+00:00,79.57413482666016
2025-08-21 13:30:00+00:00,79.5068130493164
2025-08-22 13:30:00+00:00,79.67992401123047
2025-08-25 13:30:00+00:00,79.64144897460938
2025-08-26 13:30:00+00:00,79.70878601074219
2025-08-27 13:30:00+00:00,79.7664794921875
2025-08-28 13:30:00+00:00,79.73762512207031
2025-08-29 13:30:00+00:00,79.80496215820312
2025-09-02 13:30:00+00:00,79.7644271850586
2025-09-03 13:30:00+00:00,79.82230377197266
2025-09-04 13:30:00+00:00,79.88018035888672
2025-09-05 13:30:00+00:00,79.9959716796875
2025-09-08 13:30:00+00:00,80.04420471191406
2025-09-09 13:30:00+00:00,79.97667694091797
2025-09-10 13:30:00+00:00,79.986328125
2025-09-11 13:30:00+00:00,80.0152587890625
2025-09-12 13:30:00+00:00,80.00560760498047
2025-09-15 13:30:00+00:00,80.03456115722656
2025-09-16 13:30:00+00:00,80.07315063476562
2025-09-17 13:30:00+00:00,80.03456115722656
2025-09-18 13:30:00+00:00,80.00560760498047
2025-09-19 13:30:00+00:00,80.03456115722656
2025-09-22 13:30:00+00:00,79.9959716796875
2025-09-23 13:30:00+00:00,80.02490234375
2025-09-24 13:30:00+00:00,79.986328125
2025-09-25 13:30:00+00:00,79.91878509521484
2025-09-26 13:30:00+00:00,79.9670181274414
2025-09-29 13:30:00+00:00,79.9959716796875
2025-09-30 13:30:00+00:00,80.03456115722656
2025-10-01 13:30:00+00:00,80.12744903564453
2025-10-02 13:30:00+00:00,80.14681243896484
2025-10-03 13:30:00+00:00,80.1177749633789
2025-10-06 13:30:00+00:00,80.09843444824219
2025-10-07 13:30:00+00:00,80.13712310791016
2025-10-08 13:30:00+00:00,80.12744903564453
2025-10-09 13:30:00+00:00,80.1177749633789
2025-10-10 13:30:00+00:00,80.25325775146484
2025-10-13 13:30:00+00:00,80.40809631347656
2025-10-14 13:30:00+00:00,80.35002899169922
2025-10-15 13:30:00+00:00,80.31132507324219
2025-10-16 13:30:00+00:00,80.41777801513672
2025-10-17 13:30:00+00:00,80.40809631347656
2025-10-20 13:30:00+00:00,80.41777801513672
2025-10-21 13:30:00+00:00,80.43714141845703
2025-10-22 13:30:00+00:00,80.43714141845703
2025-10-23 13:30:00+00:00,80.37905883789062
2025-10-24 13:30:00+00:00,80.42745208740234
2025-10-27 13:30:00+00:00,80.40809631347656
2025-10-28 13:30:00+00:00,80.41777801513672
2025-10-29 13:30:00+00:00,80.262939453125
2025-10-30 13:30:00+00:00,80.2726058959961
2025-10-31 13:30:00+00:00,80.30166625976562
2025-11-03 14:30:00+00:00,80.30455780029297
2025-11-04 14:30:00+00:00,80.33369445800781
2025-11-05 14:30:00+00:00,80.27544403076172
2025-11-06 14:30:00+00:00,80.37251281738281
2025-11-07 14:30:00+00:00,80.4113540649414
2025-11-10 14:30:00+00:00,80.39192199707031
2025-11-11 14:30:00+00:00,80.45987701416016
2025-11-12 14:30:00+00:00,80.43077087402344
2025-11-13 14:30:00+00:00,80.38221740722656
2025-11-14 14:30:00+00:00,80.4113540649414
2025-11-17 14:30:00+00:00,80.40164184570312
2025-11-18 14:30:00+00:00,80.4501724243164
2025-11-19 14:30:00+00:00,80.44046783447266
2025-11-20 14:30:00+00:00,80.5084228515625
2025-11-21 14:30:00+00:00,80.60549926757812
2025-11-24 14:30:00+00:00,80.61521911621094
2025-11-25 14:30:00+00:00,80.66375732421875
2025-11-26 14:30:00+00:00,80.65404510498047
2025-11-28 14:30:00+00:00,80.65404510498047
2025-12-01 14:30:00+00:00,80.58493041992188
2025-12-02 14:30:00+00:00,80.63359069824219
2025-12-03 14:30:00+00:00,80.68228149414062
2025-12-04 14:30:00+00:00,80.62386322021484
2025-12-05 14:30:00+00:00,80.59465026855469
2025-12-08 14:30:00+00:00,80.57518005371094
2025-12-09 14:30:00+00:00,80.53623962402344
2025-12-10 14:30:00+00:00,80.67253875732422
2025-12-11 14:30:00+00:00,80.68228149414062
2025-12-12 14:30:00+00:00,80.69202423095703
2025-12-15 14:30:00+00:00,80.74070739746094
2025-12-16 14:30:00+00:00,80.7796630859375
2025-12-17 14:30:00+00:00,80.78939819335938
2025-12-18 14:30:00+00:00,80.84780883789062
2025-12-19 14:30:00+00:00,80.83318328857422
2025-12-22 14:30:00+00:00,80.79410552978516
2025-12-23 14:30:00+00:00,80.75502014160156
2025-12-24 14:30:00+00:00,80.80386352539062
2025-12-26 14:30:00+00:00,80.86247253417969
2025-12-29 14:30:00+00:00,80.90155029296875
2025-12-30 14:30:00+00:00,80.92106628417969
2025-12-31 14:30:00+00:00,80.89177703857422
2026-01-02 14:30:00+00:00,80.93083190917969
2026-01-05 14:30:00+00:00,80.96014404296875
2026-01-06 14:30:00+00:00,80.96990966796875
2026-01-07 14:30:00+00:00,80.96014404296875
2026-01-08 14:30:00+00:00,80.93083190917969
2026-01-09 14:30:00+00:00,80.90155029296875
2026-01-12 14:30:00+00:00,80.90155029296875
2026-01-13 14:30:00+00:00,80.92106628417969
2026-01-14 14:30:00+00:00,80.94060516357422
2026-01-15 14:30:00+00:00,80.88199615478516
2026-01-16 14:30:00+00:00,80.86247253417969
2026-01-20 14:30:00+00:00,80.87223815917969
2026-01-21 14:30:00+00:00,80.91130828857422
2026-01-22 14:30:00+00:00,80.88199615478516
2026-01-23 14:30:00+00:00,80.91130828857422
2026-01-26 14:30:00+00:00,80.94060516357422
2026-01-27 14:30:00+00:00,80.96014404296875
2026-01-28 14:30:00+00:00,80.96014404296875
2026-01-29 14:30:00+00:00,80.98944091796875
2026-01-30 14:30:00+00:00,81.05780792236328
2026-02-02 14:30:00+00:00,81.01861572265625
2026-02-03 14:30:00+00:00,81.00882720947266
2026-02-04 14:30:00+00:00,81.04801177978516
2026-02-05 14:30:00+00:00,81.17536926269531
2026-02-06 14:30:00+00:00,81.17536926269531
2026-02-09 14:30:00+00:00,81.1949691772461
2026-02-10 14:30:00+00:00,81.24394989013672
2026-02-11 14:30:00+00:00,81.16557312011719
2026-02-12 14:30:00+00:00,81.24394989013672
2026-02-13 14:30:00+00:00,81.37130737304688
2026-02-17 14:30:00+00:00,81.34190368652344
2026-02-18 14:30:00+00:00,81.29293823242188
2026-02-19 14:30:00+00:00,81.29293823242188
2026-02-20 14:30:00+00:00,81.30272674560547
2026-02-23 14:30:00+00:00,81.37130737304688
2026-02-24 14:30:00+00:00,81.37130737304688
2026-02-25 14:30:00+00:00,81.35171508789062
2026-02-26 14:30:00+00:00,81.38109588623047
2026-02-27 14:30:00+00:00,81.4888687133789
2026-03-02 14:30:00+00:00,81.34445190429688
2026-03-03 14:30:00+00:00,81.33464050292969
2026-03-04 14:30:00+00:00,81.28553009033203
2026-03-05 14:30:00+00:00,81.22659301757812
2026-03-06 14:30:00+00:00,81.26588439941406
2026-03-09 13:30:00+00:00,81.30517578125
2026-03-10 13:30:00+00:00,81.25606536865234
2026-03-11 13:30:00+00:00,81.17747497558594
2026-03-12 13:30:00+00:00,81.03996276855469
2026-03-13 13:30:00+00:00,81.08907318115234
2026-03-16 13:30:00+00:00,81.18730926513672
2026-03-17 13:30:00+00:00,81.19712829589844
2026-03-18 13:30:00+00:00,81.0497817993164
2026-03-19 13:30:00+00:00,81.03013610839844
2026-03-20 13:30:00+00:00,80.85331726074219
2026-03-23 13:30:00+00:00,80.97119903564453
2026-03-24 13:30:00+00:00,80.85331726074219
2026-03-25 13:30:00+00:00,80.94171905517578
2026-03-26 13:30:00+00:00,80.7649154663086
2026-03-27 13:30:00+00:00,80.93190002441406
2026-03-30 13:30:00+00:00,81.03996276855469
2026-03-31 13:30:00+00:00,81.10871887207031
2026-04-01 13:30:00+00:00,81.10575866699219
2026-04-02 13:30:00+00:00,81.14517211914062
2026-04-06 13:30:00+00:00,81.06634521484375
2026-04-07 13:30:00+00:00,81.12545776367188
2026-04-08 13:30:00+00:00,81.20427703857422
2026-04-09 13:30:00+00:00,81.22399139404297
2026-04-10 13:30:00+00:00,81.1944351196289
2026-04-13 13:30:00+00:00,81.25354766845703
2026-04-14 13:30:00+00:00,81.31266021728516
2026-04-15 13:30:00+00:00,81.29296112060547
2026-04-16 13:30:00+00:00,81.26339721679688
2026-04-17 13:30:00+00:00,81.42103576660156
2026-04-20 13:30:00+00:00,81.38162994384766
2026-04-21 13:30:00+00:00,81.26339721679688
2026-04-22 13:30:00+00:00,81.30281066894531
2026-04-23 13:30:00+00:00,81.26339721679688
2026-04-24 13:30:00+00:00,81.35206604003906
2026-04-27 13:30:00+00:00,81.33236694335938
2026-04-28 13:30:00+00:00,81.28309631347656
2026-04-29 13:30:00+00:00,81.17472839355469
2026-04-30 13:30:00+00:00,81.26339721679688
2026-05-01 13:30:00+00:00,81.2762451171875
2026-05-04 13:30:00+00:00,81.17742919921875
2026-05-05 13:30:00+00:00,81.21695709228516
2026-05-06 13:30:00+00:00,81.3256607055664
2026-05-07 13:30:00+00:00,81.2564926147461
2026-05-08 13:30:00+00:00,81.3256607055664
2026-05-11 13:30:00+00:00,81.24661254882812
2026-05-12 13:30:00+00:00,81.18732452392578
2026-05-13 13:30:00+00:00,81.21695709228516
2026-05-14 13:30:00+00:00,81.18732452392578
2026-05-15 13:30:00+00:00,81.08849334716797
2026-05-18 13:30:00+00:00,81.12802124023438
2026-05-19 13:30:00+00:00,81.06873321533203
2026-05-20 13:30:00+00:00,81.17742919921875
2026-05-21 13:30:00+00:00,81.16754913330078
2026-05-22 13:30:00+00:00,81.14778900146484
2026-05-26 13:30:00+00:00,81.2367172241211
2026-05-27 13:30:00+00:00,81.24661254882812
2026-05-28 13:30:00+00:00,81.2861328125
2026-05-29 13:30:00+00:00,81.3256607055664
2026-06-01 13:30:00+00:00,81.27908325195312
2026-06-02 13:30:00+00:00,81.27908325195312
2026-06-03 13:30:00+00:00,81.23943328857422
2026-06-04 13:30:00+00:00,81.29889678955078
2026-06-05 13:30:00+00:00,81.13041687011719
2026-06-08 13:30:00+00:00,81.17005920410156
2026-06-09 13:30:00+00:00,81.20970153808594
2026-06-10 13:30:00+00:00,81.20970153808594
2026-06-11 13:30:00+00:00,81.35836029052734
2026-06-12 13:30:00+00:00,81.33854675292969
2026-06-15 13:30:00+00:00,81.37818908691406
2026-06-16 13:30:00+00:00,81.39800262451172
2026-06-17 13:30:00+00:00,81.15023040771484
2026-06-18 13:30:00+00:00,81.2592544555664
2026-06-22 13:30:00+00:00,81.17997741699219
2026-06-23 13:30:00+00:00,81.23943328857422
2026-06-24 13:30:00+00:00,81.33854675292969
2026-06-25 13:30:00+00:00,81.35836029052734
2026-06-26 13:30:00+00:00,81.45747375488281
2026-06-29 13:30:00+00:00,81.43765258789062
2026-06-30 13:30:00+00:00,81.37818908691406
2026-07-01 13:30:00+00:00,81.34637451171875
2026-07-02 13:30:00+00:00,81.44578552246094
2026-07-06 13:30:00+00:00,81.48554229736328
2026-07-07 13:30:00+00:00,81.36626434326172
2026-07-08 13:30:00+00:00,81.34637451171875
2026-07-09 13:30:00+00:00,81.41596221923828
2026-07-10 13:30:00+00:00,81.38613891601562
2026-07-13 13:30:00+00:00,81.29668426513672
2026-07-14 13:30:00+00:00,81.43583679199219
2026-07-15 13:30:00+00:00,81.50541687011719
2026-07-16 13:30:00+00:00,81.50541687011719
2026-07-17 13:30:00+00:00,81.49547576904297
2026-07-20 13:30:00+00:00,81.46566009521484
2026-07-21 13:30:00+00:00,81.39608001708984
2026-07-22 13:30:00+00:00,81.33644104003906
2026-07-23 13:30:00+00:00,81.27680206298828
2026-07-24 13:30:00+00:00,81.3563232421875
2026-07-27 13:30:00+00:00,81.37620544433594
2026-07-28 13:30:00+00:00,81.44578552246094
2026-07-29 13:30:00+00:00,81.49547576904297
2026-07-30 13:30:00+00:00,81.5153579711914
2026-07-31 13:30:00+00:00,81.50541687011719
2026-08-03 13:30:00+00:00,81.52635192871094
2026-08-04 13:30:00+00:00,81.62606048583984
2026-08-05 13:30:00+00:00,81.65596771240234
2026-08-06 13:30:00+00:00,81.55626678466797
2026-08-07 13:30:00+00:00,81.6759033203125
2026-08-10 13:30:00+00:00,81.6160888671875
2026-08-11 13:30:00+00:00,81.62606048583984
2026-08-12 13:30:00+00:00,81.6759033203125
2026-08-13 13:30:00+00:00,81.78557586669922
2026-08-14 13:30:00+00:00,81.75566864013672
2026-08-17 13:30:00+00:00,81.75566864013672
2026-08-18 13:30:00+00:00,81.77560424804688
2026-08-19 13:30:00+00:00,81.81549072265625
2026-08-20 13:30:00+00:00,81.77560424804688
2026-08-21 13:30:00+00:00,81.75566864013672
2026-08-24 13:30:00+00:00,81.75566864013672
2026-08-25 13:30:00+00:00,81.83543395996094
2026-08-26 13:30:00+00:00,81.80552673339844
2026-08-27 13:30:00+00:00,81.7955551147461
2026-08-28 13:30:00+00:00,81.64599609375
2026-08-31 13:30:00+00:00,81.64599609375
2026-09-01 13:30:00+00:00,81.58999633789062
2026-09-02 13:30:00+00:00,81.63999938964844
2026-09-03 13:30:00+00:00,81.70999908447266
2026-09-04 13:30:00+00:00,81.69000244140625
2026-09-08 13:30:00+00:00,81.66000366210938
2026-09-09 13:30:00+00:00,81.62999725341797
2026-09-10 13:30:00+00:00,81.41999816894531
2026-09-11 13:30:00+00:00,81.37000274658203
2026-09-14 13:30:00+00:00,81.33999633789062
