open_time,adjusted_close
2016-09-12 00:00:00+00:00,18.38840675354004
2016-09-13 00:00:00+00:00,18.52718734741211
2016-09-14 00:00:00+00:00,18.509838104248047
2016-09-15 00:00:00+00:00,18.38840675354004
2016-09-16 00:00:00+00:00,18.371057510375977
2016-09-19 00:00:00+00:00,18.2669734954834
2016-09-20 00:00:00+00:00,18.414426803588867
2016-09-21 00:00:00+00:00,18.449125289916992
2016-09-22 00:00:00+00:00,18.40575408935547
2016-09-23 00:00:00+00:00,18.518512725830078
2016-09-26 00:00:00+00:00,18.67464256286621
2016-09-27 00:00:00+00:00,18.570552825927734
2016-09-28 00:00:00+00:00,18.371057510375977
2016-09-29 00:00:00+00:00,18.40575408935547
2016-09-30 00:00:00+00:00,18.240949630737305
2016-10-03 00:00:00+00:00,18.188907623291016
2016-10-04 00:00:00+00:00,18.13686752319336
2016-10-05 00:00:00+00:00,17.85930633544922
2016-10-06 00:00:00+00:00,17.93737030029297
2016-10-07 00:00:00+00:00,18.024106979370117
2016-10-10 00:00:00+00:00,18.024106979370117
2016-10-11 00:00:00+00:00,18.14554214477539
2016-10-12 00:00:00+00:00,18.327688217163086
2016-10-13 00:00:00+00:00,18.50116539001465
2016-10-14 00:00:00+00:00,18.48381805419922
2016-10-17 00:00:00+00:00,18.52718734741211
2016-10-18 00:00:00+00:00,18.518512725830078
2016-10-19 00:00:00+00:00,18.379732131958008
2016-10-20 00:00:00+00:00,18.345035552978516
2016-10-21 00:00:00+00:00,18.301668167114258
2016-10-24 00:00:00+00:00,18.336362838745117
2016-10-25 00:00:00+00:00,18.457796096801758
2016-10-26 00:00:00+00:00,18.475143432617188
2016-10-27 00:00:00+00:00,18.345035552978516
2016-10-28 00:00:00+00:00,18.431774139404297
2016-10-31 00:00:00+00:00,18.52718734741211
2016-11-01 00:00:00+00:00,18.52718734741211
2016-11-02 00:00:00+00:00,18.67464256286621
2016-11-03 00:00:00+00:00,18.68331527709961
2016-11-04 00:00:00+00:00,18.561880111694336
2016-11-07 00:00:00+00:00,18.345035552978516
2016-11-08 00:00:00+00:00,18.379732131958008
2016-11-09 00:00:00+00:00,17.833284378051758
2016-11-10 00:00:00+00:00,17.312856674194336
2016-11-11 00:00:00+00:00,17.226119995117188
2016-11-14 00:00:00+00:00,17.148054122924805
2016-11-15 00:00:00+00:00,16.957231521606445
2016-11-16 00:00:00+00:00,16.974580764770508
2016-11-17 00:00:00+00:00,16.974580764770508
2016-11-18 00:00:00+00:00,16.913864135742188
2016-11-21 00:00:00+00:00,16.818452835083008
2016-11-22 00:00:00+00:00,16.87049674987793
2016-11-23 00:00:00+00:00,16.853147506713867
2016-11-25 00:00:00+00:00,16.861820220947266
2016-11-28 00:00:00+00:00,17.0179500579834
2016-11-29 00:00:00+00:00,17.208770751953125
2016-11-30 00:00:00+00:00,16.844472885131836
2016-12-01 00:00:00+00:00,16.731714248657227
2016-12-02 00:00:00+00:00,16.818452835083008
2016-12-05 00:00:00+00:00,16.801105499267578
2016-12-06 00:00:00+00:00,16.592931747436523
2016-12-07 00:00:00+00:00,16.540891647338867
2016-12-08 00:00:00+00:00,16.45415496826172
2016-12-09 00:00:00+00:00,16.46282958984375
2016-12-12 00:00:00+00:00,16.82712745666504
2016-12-13 00:00:00+00:00,16.749061584472656
2016-12-14 00:00:00+00:00,16.853147506713867
2016-12-15 00:00:00+00:00,16.662322998046875
2016-12-16 00:00:00+00:00,16.809778213500977
2016-12-19 00:00:00+00:00,16.93988609313965
2016-12-20 00:00:00+00:00,16.757736206054688
2016-12-21 00:00:00+00:00,16.766408920288086
2016-12-22 00:00:00+00:00,16.87049674987793
2016-12-23 00:00:00+00:00,16.835800170898438
2016-12-27 00:00:00+00:00,16.79243278503418
2016-12-28 00:00:00+00:00,16.887840270996094
2016-12-29 00:00:00+00:00,17.069992065429688
2016-12-30 00:00:00+00:00,17.08734130859375
2017-01-03 00:00:00+00:00,16.913864135742188
2017-01-04 00:00:00+00:00,16.670997619628906
2017-01-05 00:00:00+00:00,16.78375816345215
2017-01-06 00:00:00+00:00,16.766408920288086
2017-01-09 00:00:00+00:00,16.775083541870117
2017-01-10 00:00:00+00:00,16.662322998046875
2017-01-11 00:00:00+00:00,16.679670333862305
2017-01-12 00:00:00+00:00,16.853147506713867
2017-01-13 00:00:00+00:00,16.653650283813477
2017-01-17 00:00:00+00:00,16.948558807373047
2017-01-18 00:00:00+00:00,16.974580764770508
2017-01-19 00:00:00+00:00,16.879167556762695
2017-01-20 00:00:00+00:00,16.87049674987793
2017-01-23 00:00:00+00:00,16.974580764770508
2017-01-24 00:00:00+00:00,16.974580764770508
2017-01-25 00:00:00+00:00,16.61028289794922
2017-01-26 00:00:00+00:00,16.5495662689209
2017-01-27 00:00:00+00:00,16.289352416992188
2017-01-30 00:00:00+00:00,16.801105499267578
2017-01-31 00:00:00+00:00,16.731714248657227
2017-02-01 00:00:00+00:00,16.592931747436523
2017-02-02 00:00:00+00:00,16.757736206054688
2017-02-03 00:00:00+00:00,16.601606369018555
2017-02-06 00:00:00+00:00,16.670997619628906
2017-02-07 00:00:00+00:00,16.723041534423828
2017-02-08 00:00:00+00:00,16.723041534423828
2017-02-09 00:00:00+00:00,16.662322998046875
2017-02-10 00:00:00+00:00,16.618953704833984
2017-02-13 00:00:00+00:00,16.558237075805664
2017-02-14 00:00:00+00:00,16.436805725097656
2017-02-15 00:00:00+00:00,16.324045181274414
2017-02-16 00:00:00+00:00,16.480175018310547
2017-02-17 00:00:00+00:00,16.488849639892578
2017-02-21 00:00:00+00:00,16.488849639892578
2017-02-22 00:00:00+00:00,16.488849639892578
2017-02-23 00:00:00+00:00,16.688343048095703
2017-02-24 00:00:00+00:00,16.78375816345215
2017-02-27 00:00:00+00:00,16.61028289794922
2017-02-28 00:00:00+00:00,16.78375816345215
2017-03-01 00:00:00+00:00,16.558237075805664
2017-03-02 00:00:00+00:00,16.688343048095703
2017-03-03 00:00:00+00:00,16.679670333862305
2017-03-06 00:00:00+00:00,16.82712745666504
2017-03-07 00:00:00+00:00,16.82712745666504
2017-03-08 00:00:00+00:00,16.818452835083008
2017-03-09 00:00:00+00:00,16.87049674987793
2017-03-10 00:00:00+00:00,16.801105499267578
2017-03-13 00:00:00+00:00,16.835800170898438
2017-03-14 00:00:00+00:00,16.853147506713867
2017-03-15 00:00:00+00:00,16.809778213500977
2017-03-16 00:00:00+00:00,16.818452835083008
2017-03-17 00:00:00+00:00,16.948558807373047
2017-03-20 00:00:00+00:00,17.0179500579834
2017-03-21 00:00:00+00:00,17.37357521057129
2017-03-22 00:00:00+00:00,17.468984603881836
2017-03-23 00:00:00+00:00,17.382247924804688
2017-03-24 00:00:00+00:00,17.40826988220215
2017-03-27 00:00:00+00:00,17.460308074951172
2017-03-28 00:00:00+00:00,17.260814666748047
2017-03-29 00:00:00+00:00,17.191425323486328
2017-03-30 00:00:00+00:00,17.113359451293945
2017-03-31 00:00:00+00:00,17.130706787109375
2017-04-03 00:00:00+00:00,17.243465423583984
2017-04-04 00:00:00+00:00,17.330202102661133
2017-04-05 00:00:00+00:00,17.45163917541504
2017-04-06 00:00:00+00:00,17.330202102661133
2017-04-07 00:00:00+00:00,17.174076080322266
2017-04-10 00:00:00+00:00,17.30418586730957
2017-04-11 00:00:00+00:00,17.35622787475586
2017-04-12 00:00:00+00:00,17.495004653930664
2017-04-13 00:00:00+00:00,17.616437911987305
2017-04-17 00:00:00+00:00,17.59909439086914
2017-04-18 00:00:00+00:00,17.6424617767334
2017-04-19 00:00:00+00:00,17.512351989746094
2017-04-20 00:00:00+00:00,17.416940689086914
2017-04-21 00:00:00+00:00,17.416940689086914
2017-04-24 00:00:00+00:00,17.416940689086914
2017-04-25 00:00:00+00:00,17.260814666748047
2017-04-26 00:00:00+00:00,17.113359451293945
2017-04-27 00:00:00+00:00,17.243465423583984
2017-04-28 00:00:00+00:00,17.33888053894043
2017-05-01 00:00:00+00:00,17.37357521057129
2017-05-02 00:00:00+00:00,17.364900588989258
2017-05-03 00:00:00+00:00,17.37357521057129
2017-05-04 00:00:00+00:00,17.330202102661133
2017-05-05 00:00:00+00:00,17.269487380981445
2017-05-08 00:00:00+00:00,17.269487380981445
2017-05-09 00:00:00+00:00,17.208770751953125
2017-05-10 00:00:00+00:00,17.191425323486328
2017-05-11 00:00:00+00:00,17.226119995117188
2017-05-12 00:00:00+00:00,17.364900588989258
2017-05-15 00:00:00+00:00,17.252138137817383
2017-05-16 00:00:00+00:00,17.217445373535156
2017-05-17 00:00:00+00:00,17.581745147705078
2017-05-18 00:00:00+00:00,17.65113639831543
2017-05-19 00:00:00+00:00,17.495004653930664
2017-05-22 00:00:00+00:00,17.55572509765625
2017-05-23 00:00:00+00:00,17.55572509765625
2017-05-24 00:00:00+00:00,17.66848373413086
2017-05-25 00:00:00+00:00,17.66848373413086
2017-05-26 00:00:00+00:00,17.746543884277344
2017-05-30 00:00:00+00:00,17.824609756469727
2017-05-31 00:00:00+00:00,18.01543426513672
2017-06-01 00:00:00+00:00,17.737873077392578
2017-06-02 00:00:00+00:00,17.737873077392578
2017-06-05 00:00:00+00:00,17.807260513305664
2017-06-06 00:00:00+00:00,17.807260513305664
2017-06-07 00:00:00+00:00,17.81593894958496
2017-06-08 00:00:00+00:00,17.607765197753906
2017-06-09 00:00:00+00:00,17.39092254638672
2017-06-12 00:00:00+00:00,17.399593353271484
2017-06-13 00:00:00+00:00,17.364900588989258
2017-06-14 00:00:00+00:00,17.52103042602539
2017-06-15 00:00:00+00:00,17.52103042602539
2017-06-16 00:00:00+00:00,17.659807205200195
2017-06-19 00:00:00+00:00,17.581745147705078
2017-06-20 00:00:00+00:00,17.6424617767334
2017-06-21 00:00:00+00:00,17.677154541015625
2017-06-22 00:00:00+00:00,17.694503784179688
2017-06-23 00:00:00+00:00,17.625112533569336
2017-06-26 00:00:00+00:00,17.625112533569336
2017-06-27 00:00:00+00:00,17.607765197753906
2017-06-28 00:00:00+00:00,17.399593353271484
2017-06-29 00:00:00+00:00,17.35622787475586
2017-06-30 00:00:00+00:00,17.35622787475586
2017-07-03 00:00:00+00:00,17.35622787475586
2017-07-05 00:00:00+00:00,17.200098037719727
2017-07-06 00:00:00+00:00,17.269487380981445
2017-07-07 00:00:00+00:00,17.27816390991211
2017-07-10 00:00:00+00:00,17.252138137817383
2017-07-11 00:00:00+00:00,17.226119995117188
2017-07-12 00:00:00+00:00,17.226119995117188
2017-07-13 00:00:00+00:00,17.182748794555664
2017-07-14 00:00:00+00:00,17.12203598022461
2017-07-17 00:00:00+00:00,17.182748794555664
2017-07-18 00:00:00+00:00,17.182748794555664
2017-07-19 00:00:00+00:00,17.15673065185547
2017-07-20 00:00:00+00:00,17.15673065185547
2017-07-21 00:00:00+00:00,17.226119995117188
2017-07-24 00:00:00+00:00,17.208770751953125
2017-07-25 00:00:00+00:00,17.052642822265625
2017-07-26 00:00:00+00:00,17.148054122924805
2017-07-27 00:00:00+00:00,17.286836624145508
2017-07-28 00:00:00+00:00,17.295509338378906
2017-07-31 00:00:00+00:00,17.321531295776367
2017-08-01 00:00:00+00:00,17.33888053894043
2017-08-02 00:00:00+00:00,17.33888053894043
2017-08-03 00:00:00+00:00,17.39092254638672
2017-08-04 00:00:00+00:00,17.460308074951172
2017-08-07 00:00:00+00:00,17.460308074951172
2017-08-08 00:00:00+00:00,17.252138137817383
2017-08-09 00:00:00+00:00,17.252138137817383
2017-08-10 00:00:00+00:00,17.729198455810547
2017-08-11 00:00:00+00:00,17.65113639831543
2017-08-14 00:00:00+00:00,17.6424617767334
2017-08-15 00:00:00+00:00,17.677154541015625
2017-08-16 00:00:00+00:00,17.72052574157715
2017-08-17 00:00:00+00:00,17.833284378051758
2017-08-18 00:00:00+00:00,17.833284378051758
2017-08-21 00:00:00+00:00,17.902673721313477
2017-08-22 00:00:00+00:00,17.824609756469727
2017-08-23 00:00:00+00:00,17.763891220092773
2017-08-24 00:00:00+00:00,17.685829162597656
2017-08-25 00:00:00+00:00,17.625112533569336
2017-08-28 00:00:00+00:00,17.59909439086914
2017-08-29 00:00:00+00:00,17.547048568725586
2017-08-30 00:00:00+00:00,17.442962646484375
2017-08-31 00:00:00+00:00,17.39092254638672
2017-09-01 00:00:00+00:00,17.35622787475586
2017-09-05 00:00:00+00:00,17.477657318115234
2017-09-06 00:00:00+00:00,17.442962646484375
2017-09-07 00:00:00+00:00,17.581745147705078
2017-09-08 00:00:00+00:00,17.581745147705078
2017-09-11 00:00:00+00:00,17.55572509765625
2017-09-12 00:00:00+00:00,17.399593353271484
2017-09-13 00:00:00+00:00,17.286836624145508
2017-09-14 00:00:00+00:00,17.30418586730957
2017-09-15 00:00:00+00:00,17.40826988220215
2017-09-18 00:00:00+00:00,17.269487380981445
2017-09-19 00:00:00+00:00,17.226119995117188
2017-09-20 00:00:00+00:00,17.226119995117188
2017-09-21 00:00:00+00:00,17.061317443847656
2017-09-22 00:00:00+00:00,17.104686737060547
2017-09-25 00:00:00+00:00,17.052642822265625
2017-09-26 00:00:00+00:00,16.983253479003906
2017-09-27 00:00:00+00:00,16.78375816345215
2017-09-28 00:00:00+00:00,16.723041534423828
2017-09-29 00:00:00+00:00,16.679670333862305
2017-10-02 00:00:00+00:00,16.714366912841797
2017-10-03 00:00:00+00:00,16.62763023376465
2017-10-04 00:00:00+00:00,16.670997619628906
2017-10-05 00:00:00+00:00,16.697017669677734
2017-10-06 00:00:00+00:00,16.697017669677734
2017-10-09 00:00:00+00:00,16.740388870239258
2017-10-10 00:00:00+00:00,16.697017669677734
2017-10-11 00:00:00+00:00,16.749061584472656
2017-10-12 00:00:00+00:00,16.82712745666504
2017-10-13 00:00:00+00:00,16.835800170898438
2017-10-16 00:00:00+00:00,16.835800170898438
2017-10-17 00:00:00+00:00,16.879167556762695
2017-10-18 00:00:00+00:00,16.879167556762695
2017-10-19 00:00:00+00:00,16.835800170898438
2017-10-20 00:00:00+00:00,16.853147506713867
2017-10-23 00:00:00+00:00,16.948558807373047
2017-10-24 00:00:00+00:00,16.757736206054688
2017-10-25 00:00:00+00:00,16.87049674987793
2017-10-26 00:00:00+00:00,16.801105499267578
2017-10-27 00:00:00+00:00,16.697017669677734
2017-10-30 00:00:00+00:00,16.757736206054688
2017-10-31 00:00:00+00:00,16.79243278503418
2017-11-01 00:00:00+00:00,16.79243278503418
2017-11-02 00:00:00+00:00,16.79243278503418
2017-11-03 00:00:00+00:00,16.79243278503418
2017-11-06 00:00:00+00:00,16.79243278503418
2017-11-07 00:00:00+00:00,16.905189514160156
2017-11-08 00:00:00+00:00,17.02662467956543
2017-11-09 00:00:00+00:00,17.096010208129883
2017-11-10 00:00:00+00:00,17.000600814819336
2017-11-13 00:00:00+00:00,17.000600814819336
2017-11-14 00:00:00+00:00,17.07866668701172
2017-11-15 00:00:00+00:00,17.182748794555664
2017-11-16 00:00:00+00:00,17.182748794555664
2017-11-17 00:00:00+00:00,17.182748794555664
2017-11-20 00:00:00+00:00,16.78375816345215
2017-11-21 00:00:00+00:00,16.78375816345215
2017-11-22 00:00:00+00:00,16.79243278503418
2017-11-24 00:00:00+00:00,16.79243278503418
2017-11-27 00:00:00+00:00,16.809778213500977
2017-11-28 00:00:00+00:00,16.697017669677734
2017-11-29 00:00:00+00:00,16.601606369018555
2017-11-30 00:00:00+00:00,16.61028289794922
2017-12-01 00:00:00+00:00,16.731714248657227
2017-12-04 00:00:00+00:00,16.705692291259766
2017-12-05 00:00:00+00:00,16.801105499267578
2017-12-06 00:00:00+00:00,16.78375816345215
2017-12-07 00:00:00+00:00,16.697017669677734
2017-12-08 00:00:00+00:00,16.697017669677734
2017-12-11 00:00:00+00:00,16.697017669677734
2017-12-12 00:00:00+00:00,16.714366912841797
2017-12-13 00:00:00+00:00,16.740388870239258
2017-12-14 00:00:00+00:00,16.78375816345215
2017-12-15 00:00:00+00:00,16.82712745666504
2017-12-18 00:00:00+00:00,16.714366912841797
2017-12-19 00:00:00+00:00,16.61028289794922
2017-12-20 00:00:00+00:00,16.540891647338867
2017-12-21 00:00:00+00:00,16.40210723876953
2017-12-22 00:00:00+00:00,16.40210723876953
2017-12-26 00:00:00+00:00,16.50619888305664
2017-12-27 00:00:00+00:00,16.566913604736328
2017-12-28 00:00:00+00:00,16.5495662689209
2017-12-29 00:00:00+00:00,16.723041534423828
2018-01-02 00:00:00+00:00,16.532217025756836
2018-01-03 00:00:00+00:00,16.436805725097656
2018-01-04 00:00:00+00:00,16.436805725097656
2018-01-05 00:00:00+00:00,16.37609100341797
2018-01-08 00:00:00+00:00,16.37609100341797
2018-01-09 00:00:00+00:00,16.324045181274414
2018-01-10 00:00:00+00:00,16.21996307373047
2018-01-11 00:00:00+00:00,16.072507858276367
2018-01-12 00:00:00+00:00,15.9163818359375
2018-01-16 00:00:00+00:00,16.04648780822754
2018-01-17 00:00:00+00:00,16.098529815673828
2018-01-18 00:00:00+00:00,16.063833236694336
2018-01-19 00:00:00+00:00,16.063833236694336
2018-01-22 00:00:00+00:00,16.037809371948242
2018-01-23 00:00:00+00:00,16.037809371948242
2018-01-24 00:00:00+00:00,16.037809371948242
2018-01-25 00:00:00+00:00,16.159244537353516
2018-01-26 00:00:00+00:00,16.133222579956055
2018-01-29 00:00:00+00:00,16.037809371948242
2018-01-30 00:00:00+00:00,16.115875244140625
2018-01-31 00:00:00+00:00,16.176593780517578
2018-02-01 00:00:00+00:00,16.176593780517578
2018-02-02 00:00:00+00:00,16.159244537353516
2018-02-05 00:00:00+00:00,16.324045181274414
2018-02-06 00:00:00+00:00,16.254655838012695
2018-02-07 00:00:00+00:00,16.176593780517578
2018-02-08 00:00:00+00:00,16.350067138671875
2018-02-09 00:00:00+00:00,16.34139633178711
2018-02-12 00:00:00+00:00,16.34139633178711
2018-02-13 00:00:00+00:00,16.29802703857422
2018-02-14 00:00:00+00:00,16.185266494750977
2018-02-15 00:00:00+00:00,16.28067970275879
2018-02-16 00:00:00+00:00,16.254655838012695
2018-02-20 00:00:00+00:00,16.21996307373047
2018-02-21 00:00:00+00:00,16.133222579956055
2018-02-22 00:00:00+00:00,16.176593780517578
2018-02-23 00:00:00+00:00,16.176593780517578
2018-02-26 00:00:00+00:00,16.176593780517578
2018-02-27 00:00:00+00:00,16.04648780822754
2018-02-28 00:00:00+00:00,16.20261573791504
2018-03-01 00:00:00+00:00,16.263330459594727
2018-03-02 00:00:00+00:00,16.254655838012695
2018-03-05 00:00:00+00:00,16.237308502197266
2018-03-06 00:00:00+00:00,16.176593780517578
2018-03-07 00:00:00+00:00,16.20261573791504
2018-03-08 00:00:00+00:00,16.20261573791504
2018-03-09 00:00:00+00:00,16.089855194091797
2018-03-12 00:00:00+00:00,16.124549865722656
2018-03-13 00:00:00+00:00,16.115875244140625
2018-03-14 00:00:00+00:00,16.115875244140625
2018-03-15 00:00:00+00:00,16.29802703857422
2018-03-16 00:00:00+00:00,16.29802703857422
2018-03-19 00:00:00+00:00,16.306699752807617
2018-03-20 00:00:00+00:00,16.306699752807617
2018-03-21 00:00:00+00:00,16.167919158935547
2018-03-22 00:00:00+00:00,16.410783767700195
2018-03-23 00:00:00+00:00,16.575586318969727
2018-03-26 00:00:00+00:00,16.436805725097656
2018-03-27 00:00:00+00:00,16.636302947998047
2018-03-28 00:00:00+00:00,16.809778213500977
2018-03-29 00:00:00+00:00,16.809778213500977
2018-04-02 00:00:00+00:00,16.896516799926758
2018-04-03 00:00:00+00:00,16.818452835083008
2018-04-04 00:00:00+00:00,16.948558807373047
2018-04-05 00:00:00+00:00,16.705692291259766
2018-04-06 00:00:00+00:00,16.931211471557617
2018-04-09 00:00:00+00:00,16.896516799926758
2018-04-10 00:00:00+00:00,16.723041534423828
2018-04-11 00:00:00+00:00,16.757736206054688
2018-04-12 00:00:00+00:00,16.662322998046875
2018-04-13 00:00:00+00:00,16.592931747436523
2018-04-16 00:00:00+00:00,16.697017669677734
2018-04-17 00:00:00+00:00,16.697017669677734
2018-04-18 00:00:00+00:00,16.697017669677734
2018-04-19 00:00:00+00:00,16.697017669677734
2018-04-20 00:00:00+00:00,16.618953704833984
2018-04-23 00:00:00+00:00,16.618953704833984
2018-04-24 00:00:00+00:00,16.61028289794922
2018-04-25 00:00:00+00:00,16.61028289794922
2018-04-26 00:00:00+00:00,16.662322998046875
2018-04-27 00:00:00+00:00,16.723041534423828
2018-04-30 00:00:00+00:00,16.78375816345215
2018-05-01 00:00:00+00:00,16.78375816345215
2018-05-02 00:00:00+00:00,16.679670333862305
2018-05-03 00:00:00+00:00,16.679670333862305
2018-05-04 00:00:00+00:00,16.79243278503418
2018-05-07 00:00:00+00:00,16.749061584472656
2018-05-08 00:00:00+00:00,16.723041534423828
2018-05-09 00:00:00+00:00,16.697017669677734
2018-05-10 00:00:00+00:00,16.575586318969727
2018-05-11 00:00:00+00:00,16.601606369018555
2018-05-14 00:00:00+00:00,16.471500396728516
2018-05-15 00:00:00+00:00,16.46282958984375
2018-05-16 00:00:00+00:00,16.46282958984375
2018-05-17 00:00:00+00:00,16.46282958984375
2018-05-18 00:00:00+00:00,16.306699752807617
2018-05-21 00:00:00+00:00,16.28067970275879
2018-05-22 00:00:00+00:00,16.211288452148438
2018-05-23 00:00:00+00:00,16.211288452148438
2018-05-24 00:00:00+00:00,16.514869689941406
2018-05-25 00:00:00+00:00,16.575586318969727
2018-05-29 00:00:00+00:00,16.697017669677734
2018-05-30 00:00:00+00:00,16.679670333862305
2018-05-31 00:00:00+00:00,16.723041534423828
2018-06-01 00:00:00+00:00,16.688343048095703
2018-06-04 00:00:00+00:00,16.670997619628906
2018-06-05 00:00:00+00:00,16.670997619628906
2018-06-06 00:00:00+00:00,16.523544311523438
2018-06-07 00:00:00+00:00,16.523544311523438
2018-06-08 00:00:00+00:00,16.523544311523438
2018-06-11 00:00:00+00:00,16.46282958984375
2018-06-12 00:00:00+00:00,16.644977569580078
2018-06-13 00:00:00+00:00,16.697017669677734
2018-06-14 00:00:00+00:00,16.697017669677734
2018-06-15 00:00:00+00:00,16.82712745666504
2018-06-18 00:00:00+00:00,16.801105499267578
2018-06-19 00:00:00+00:00,16.922534942626953
2018-06-20 00:00:00+00:00,16.853147506713867
2018-06-21 00:00:00+00:00,16.853147506713867
2018-06-22 00:00:00+00:00,16.991928100585938
2018-06-25 00:00:00+00:00,17.226119995117188
2018-06-26 00:00:00+00:00,17.226119995117188
2018-06-27 00:00:00+00:00,17.200098037719727
2018-06-28 00:00:00+00:00,17.416940689086914
2018-06-29 00:00:00+00:00,17.39092254638672
2018-07-02 00:00:00+00:00,17.399593353271484
2018-07-03 00:00:00+00:00,17.399593353271484
2018-07-05 00:00:00+00:00,17.399593353271484
2018-07-06 00:00:00+00:00,17.399593353271484
2018-07-09 00:00:00+00:00,17.139381408691406
2018-07-10 00:00:00+00:00,17.243465423583984
2018-07-11 00:00:00+00:00,17.23479461669922
2018-07-12 00:00:00+00:00,17.23479461669922
2018-07-13 00:00:00+00:00,17.30418586730957
2018-07-16 00:00:00+00:00,17.27816390991211
2018-07-17 00:00:00+00:00,17.217445373535156
2018-07-18 00:00:00+00:00,17.052642822265625
2018-07-19 00:00:00+00:00,17.286836624145508
2018-07-20 00:00:00+00:00,17.286836624145508
2018-07-23 00:00:00+00:00,17.286836624145508
2018-07-24 00:00:00+00:00,17.286836624145508
2018-07-25 00:00:00+00:00,17.27816390991211
2018-07-26 00:00:00+00:00,17.252138137817383
2018-07-27 00:00:00+00:00,17.252138137817383
2018-07-30 00:00:00+00:00,17.23479461669922
2018-07-31 00:00:00+00:00,17.260814666748047
2018-08-01 00:00:00+00:00,17.33888053894043
2018-08-02 00:00:00+00:00,17.33888053894043
2018-08-03 00:00:00+00:00,17.503679275512695
2018-08-06 00:00:00+00:00,17.40826988220215
2018-08-07 00:00:00+00:00,17.40826988220215
2018-08-08 00:00:00+00:00,17.312856674194336
2018-08-09 00:00:00+00:00,17.399593353271484
2018-08-10 00:00:00+00:00,17.399593353271484
2018-08-13 00:00:00+00:00,17.399593353271484
2018-08-14 00:00:00+00:00,17.503679275512695
2018-08-15 00:00:00+00:00,17.677154541015625
2018-08-16 00:00:00+00:00,17.659807205200195
2018-08-17 00:00:00+00:00,17.66848373413086
2018-08-20 00:00:00+00:00,17.633787155151367
2018-08-21 00:00:00+00:00,17.55572509765625
2018-08-22 00:00:00+00:00,17.43429183959961
2018-08-23 00:00:00+00:00,17.43429183959961
2018-08-24 00:00:00+00:00,17.43429183959961
2018-08-27 00:00:00+00:00,17.260814666748047
2018-08-28 00:00:00+00:00,17.286836624145508
2018-08-29 00:00:00+00:00,17.382247924804688
2018-08-30 00:00:00+00:00,17.382247924804688
2018-08-31 00:00:00+00:00,17.43429183959961
2018-09-04 00:00:00+00:00,17.512351989746094
2018-09-05 00:00:00+00:00,17.529701232910156
2018-09-06 00:00:00+00:00,17.677154541015625
2018-09-07 00:00:00+00:00,17.6424617767334
2018-09-10 00:00:00+00:00,17.685829162597656
2018-09-11 00:00:00+00:00,17.66848373413086
2018-09-12 00:00:00+00:00,17.66848373413086
2018-09-13 00:00:00+00:00,17.737873077392578
2018-09-14 00:00:00+00:00,17.52103042602539
2018-09-17 00:00:00+00:00,17.677154541015625
2018-09-18 00:00:00+00:00,17.633787155151367
2018-09-19 00:00:00+00:00,17.347553253173828
2018-09-20 00:00:00+00:00,17.260814666748047
2018-09-21 00:00:00+00:00,17.260814666748047
2018-09-24 00:00:00+00:00,17.37357521057129
2018-09-25 00:00:00+00:00,17.37357521057129
2018-09-26 00:00:00+00:00,17.45163917541504
2018-09-27 00:00:00+00:00,17.425615310668945
2018-09-28 00:00:00+00:00,17.52103042602539
2018-10-01 00:00:00+00:00,17.442962646484375
2018-10-02 00:00:00+00:00,17.442962646484375
2018-10-03 00:00:00+00:00,17.27816390991211
2018-10-04 00:00:00+00:00,17.286836624145508
2018-10-05 00:00:00+00:00,17.495004653930664
2018-10-08 00:00:00+00:00,17.52103042602539
2018-10-09 00:00:00+00:00,17.590417861938477
2018-10-10 00:00:00+00:00,17.711851119995117
2018-10-11 00:00:00+00:00,17.781240463256836
2018-10-12 00:00:00+00:00,17.781240463256836
2018-10-15 00:00:00+00:00,17.841957092285156
2018-10-16 00:00:00+00:00,17.911346435546875
2018-10-17 00:00:00+00:00,17.763891220092773
2018-10-18 00:00:00+00:00,18.032779693603516
2018-10-19 00:00:00+00:00,18.197582244873047
2018-10-22 00:00:00+00:00,18.24962615966797
2018-10-23 00:00:00+00:00,18.353708267211914
2018-10-24 00:00:00+00:00,18.752704620361328
2018-10-25 00:00:00+00:00,18.535860061645508
2018-10-26 00:00:00+00:00,18.596576690673828
2018-10-29 00:00:00+00:00,18.709335327148438
2018-10-30 00:00:00+00:00,18.7353572845459
2018-10-31 00:00:00+00:00,18.50116539001465
2018-11-01 00:00:00+00:00,18.345035552978516
2018-11-02 00:00:00+00:00,18.171560287475586
2018-11-05 00:00:00+00:00,18.206254959106445
2018-11-06 00:00:00+00:00,18.24962615966797
2018-11-07 00:00:00+00:00,18.197582244873047
2018-11-08 00:00:00+00:00,18.23227882385254
2018-11-09 00:00:00+00:00,18.371057510375977
2018-11-12 00:00:00+00:00,18.596576690673828
2018-11-13 00:00:00+00:00,18.492490768432617
2018-11-14 00:00:00+00:00,19.08230972290039
2018-11-15 00:00:00+00:00,18.4231014251709
2018-11-16 00:00:00+00:00,18.414426803588867
2018-11-19 00:00:00+00:00,18.50116539001465
2018-11-20 00:00:00+00:00,18.596576690673828
2018-11-21 00:00:00+00:00,18.48381805419922
2018-11-23 00:00:00+00:00,18.50116539001465
2018-11-26 00:00:00+00:00,18.431774139404297
2018-11-27 00:00:00+00:00,18.38840675354004
2018-11-28 00:00:00+00:00,18.38840675354004
2018-11-29 00:00:00+00:00,18.414426803588867
2018-11-30 00:00:00+00:00,18.457796096801758
2018-12-03 00:00:00+00:00,18.371057510375977
2018-12-04 00:00:00+00:00,18.596576690673828
2018-12-06 00:00:00+00:00,18.752704620361328
2018-12-07 00:00:00+00:00,18.926177978515625
2018-12-10 00:00:00+00:00,19.064960479736328
2018-12-11 00:00:00+00:00,19.08230972290039
2018-12-12 00:00:00+00:00,19.00424575805664
2018-12-13 00:00:00+00:00,19.08230972290039
2018-12-14 00:00:00+00:00,19.151697158813477
2018-12-17 00:00:00+00:00,19.099653244018555
2018-12-18 00:00:00+00:00,19.064960479736328
2018-12-19 00:00:00+00:00,19.26445770263672
2018-12-20 00:00:00+00:00,19.25578498840332
2018-12-21 00:00:00+00:00,19.342519760131836
2018-12-24 00:00:00+00:00,19.30782699584961
2018-12-26 00:00:00+00:00,19.169044494628906
2018-12-27 00:00:00+00:00,19.156856536865234
2018-12-28 00:00:00+00:00,19.226516723632812
2018-12-31 00:00:00+00:00,19.252641677856445
2019-01-02 00:00:00+00:00,19.06977653503418
2019-01-03 00:00:00+00:00,19.1829776763916
2019-01-04 00:00:00+00:00,18.85208511352539
2019-01-07 00:00:00+00:00,18.712764739990234
2019-01-08 00:00:00+00:00,18.564733505249023
2019-01-09 00:00:00+00:00,18.468950271606445
2019-01-10 00:00:00+00:00,18.460243225097656
2019-01-11 00:00:00+00:00,18.4776554107666
2019-01-14 00:00:00+00:00,18.556026458740234
2019-01-15 00:00:00+00:00,18.556026458740234
2019-01-16 00:00:00+00:00,18.486364364624023
2019-01-17 00:00:00+00:00,18.486364364624023
2019-01-18 00:00:00+00:00,18.338333129882812
2019-01-22 00:00:00+00:00,18.54731559753418
2019-01-23 00:00:00+00:00,18.677934646606445
2019-01-24 00:00:00+00:00,18.495073318481445
2019-01-25 00:00:00+00:00,18.355749130249023
2019-01-28 00:00:00+00:00,18.556026458740234
2019-01-29 00:00:00+00:00,18.599565505981445
2019-01-30 00:00:00+00:00,18.521198272705078
2019-01-31 00:00:00+00:00,18.4776554107666
2019-02-01 00:00:00+00:00,18.442827224731445
2019-02-04 00:00:00+00:00,18.495073318481445
2019-02-05 00:00:00+00:00,18.486364364624023
2019-02-06 00:00:00+00:00,18.460243225097656
2019-02-07 00:00:00+00:00,18.573440551757812
2019-02-08 00:00:00+00:00,18.712764739990234
2019-02-11 00:00:00+00:00,18.6866397857666
2019-02-12 00:00:00+00:00,18.556026458740234
2019-02-13 00:00:00+00:00,18.5037784576416
2019-02-14 00:00:00+00:00,18.54731559753418
2019-02-15 00:00:00+00:00,18.416702270507812
2019-02-19 00:00:00+00:00,18.390581130981445
2019-02-20 00:00:00+00:00,18.303504943847656
2019-02-21 00:00:00+00:00,18.312211990356445
2019-02-22 00:00:00+00:00,18.242551803588867
2019-02-25 00:00:00+00:00,18.120641708374023
2019-02-26 00:00:00+00:00,18.164180755615234
2019-02-27 00:00:00+00:00,18.181598663330078
2019-02-28 00:00:00+00:00,18.303504943847656
2019-03-01 00:00:00+00:00,18.329627990722656
2019-03-04 00:00:00+00:00,18.277381896972656
2019-03-05 00:00:00+00:00,18.407995223999023
2019-03-06 00:00:00+00:00,18.564733505249023
2019-03-07 00:00:00+00:00,18.695348739624023
2019-03-08 00:00:00+00:00,18.6866397857666
2019-03-11 00:00:00+00:00,18.556026458740234
2019-03-12 00:00:00+00:00,18.486364364624023
2019-03-13 00:00:00+00:00,18.486364364624023
2019-03-14 00:00:00+00:00,18.486364364624023
2019-03-15 00:00:00+00:00,18.495073318481445
2019-03-18 00:00:00+00:00,18.364458084106445
2019-03-19 00:00:00+00:00,18.364458084106445
2019-03-20 00:00:00+00:00,18.468950271606445
2019-03-21 00:00:00+00:00,18.373167037963867
2019-03-22 00:00:00+00:00,18.765010833740234
2019-03-25 00:00:00+00:00,18.904333114624023
2019-03-26 00:00:00+00:00,18.8433780670166
2019-03-27 00:00:00+00:00,18.947872161865234
2019-03-28 00:00:00+00:00,18.8433780670166
2019-03-29 00:00:00+00:00,18.77371597290039
2019-04-01 00:00:00+00:00,18.608272552490234
2019-04-02 00:00:00+00:00,18.512487411499023
2019-04-03 00:00:00+00:00,18.381872177124023
2019-04-04 00:00:00+00:00,18.390581130981445
2019-04-05 00:00:00+00:00,18.312211990356445
2019-04-08 00:00:00+00:00,18.320919036865234
2019-04-09 00:00:00+00:00,18.468950271606445
2019-04-10 00:00:00+00:00,18.390581130981445
2019-04-11 00:00:00+00:00,18.320919036865234
2019-04-12 00:00:00+00:00,18.277381896972656
2019-04-15 00:00:00+00:00,18.390581130981445
2019-04-16 00:00:00+00:00,18.259963989257812
2019-04-17 00:00:00+00:00,18.312211990356445
2019-04-18 00:00:00+00:00,18.320919036865234
2019-04-22 00:00:00+00:00,18.312211990356445
2019-04-23 00:00:00+00:00,18.320919036865234
2019-04-24 00:00:00+00:00,18.407995223999023
2019-04-25 00:00:00+00:00,18.495073318481445
2019-04-26 00:00:00+00:00,18.486364364624023
2019-04-29 00:00:00+00:00,18.390581130981445
2019-04-30 00:00:00+00:00,18.538612365722656
2019-05-01 00:00:00+00:00,18.590856552124023
2019-05-02 00:00:00+00:00,18.677934646606445
2019-05-03 00:00:00+00:00,18.486364364624023
2019-05-06 00:00:00+00:00,18.556026458740234
2019-05-07 00:00:00+00:00,18.6866397857666
2019-05-08 00:00:00+00:00,18.738887786865234
2019-05-09 00:00:00+00:00,18.82596206665039
2019-05-10 00:00:00+00:00,18.860795974731445
2019-05-13 00:00:00+00:00,19.278762817382812
2019-05-14 00:00:00+00:00,19.087194442749023
2019-05-15 00:00:00+00:00,19.087194442749023
2019-05-16 00:00:00+00:00,19.034948348999023
2019-05-17 00:00:00+00:00,19.191686630249023
2019-05-20 00:00:00+00:00,19.2874698638916
2019-05-21 00:00:00+00:00,19.1829776763916
2019-05-22 00:00:00+00:00,19.29617691040039
2019-05-23 00:00:00+00:00,19.47903823852539
2019-05-24 00:00:00+00:00,19.42679214477539
2019-05-28 00:00:00+00:00,19.461624145507812
2019-05-29 00:00:00+00:00,19.513870239257812
2019-05-30 00:00:00+00:00,19.58353042602539
2019-05-31 00:00:00+00:00,19.78380584716797
2019-06-03 00:00:00+00:00,19.90571403503418
2019-06-04 00:00:00+00:00,19.505159378051758
2019-06-05 00:00:00+00:00,19.635774612426758
2019-06-06 00:00:00+00:00,19.67931365966797
2019-06-07 00:00:00+00:00,19.627071380615234
2019-06-10 00:00:00+00:00,19.470333099365234
2019-06-11 00:00:00+00:00,19.348424911499023
2019-06-12 00:00:00+00:00,19.505159378051758
2019-06-13 00:00:00+00:00,19.42679214477539
2019-06-14 00:00:00+00:00,19.57482147216797
2019-06-17 00:00:00+00:00,19.47903823852539
2019-06-18 00:00:00+00:00,19.2874698638916
2019-06-19 00:00:00+00:00,19.35713005065918
2019-06-20 00:00:00+00:00,19.278762817382812
2019-06-21 00:00:00+00:00,19.348424911499023
2019-06-24 00:00:00+00:00,19.505159378051758
2019-06-25 00:00:00+00:00,19.6009464263916
2019-06-26 00:00:00+00:00,19.331008911132812
2019-06-27 00:00:00+00:00,19.191686630249023
2019-06-28 00:00:00+00:00,19.095901489257812
2019-07-01 00:00:00+00:00,18.98270034790039
2019-07-02 00:00:00+00:00,19.2352237701416
2019-07-03 00:00:00+00:00,19.217809677124023
2019-07-05 00:00:00+00:00,19.156856536865234
2019-07-08 00:00:00+00:00,19.339712142944336
2019-07-09 00:00:00+00:00,19.348424911499023
2019-07-10 00:00:00+00:00,19.348424911499023
2019-07-11 00:00:00+00:00,19.339712142944336
2019-07-12 00:00:00+00:00,19.322301864624023
2019-07-15 00:00:00+00:00,19.3135929107666
2019-07-16 00:00:00+00:00,19.3658390045166
2019-07-17 00:00:00+00:00,19.4442081451416
2019-07-18 00:00:00+00:00,19.461624145507812
2019-07-19 00:00:00+00:00,19.3658390045166
2019-07-22 00:00:00+00:00,19.348424911499023
2019-07-23 00:00:00+00:00,19.226516723632812
2019-07-24 00:00:00+00:00,18.956579208374023
2019-07-25 00:00:00+00:00,19.24393081665039
2019-07-26 00:00:00+00:00,19.200393676757812
2019-07-29 00:00:00+00:00,19.3658390045166
2019-07-30 00:00:00+00:00,19.24393081665039
2019-07-31 00:00:00+00:00,19.40937614440918
2019-08-01 00:00:00+00:00,19.879592895507812
2019-08-02 00:00:00+00:00,20.184358596801758
2019-08-05 00:00:00+00:00,20.41946792602539
2019-08-06 00:00:00+00:00,20.410757064819336
2019-08-07 00:00:00+00:00,20.558788299560547
2019-08-08 00:00:00+00:00,20.541372299194336
2019-08-09 00:00:00+00:00,20.750356674194336
2019-08-12 00:00:00+00:00,20.93321990966797
2019-08-13 00:00:00+00:00,20.82872772216797
2019-08-14 00:00:00+00:00,21.011587142944336
2019-08-15 00:00:00+00:00,21.220571517944336
2019-08-16 00:00:00+00:00,21.116079330444336
2019-08-19 00:00:00+00:00,21.020294189453125
2019-08-20 00:00:00+00:00,21.046417236328125
2019-08-21 00:00:00+00:00,20.924509048461914
2019-08-22 00:00:00+00:00,21.020294189453125
2019-08-23 00:00:00+00:00,21.237985610961914
2019-08-26 00:00:00+00:00,21.290231704711914
2019-08-27 00:00:00+00:00,21.446969985961914
2019-08-28 00:00:00+00:00,21.298940658569336
2019-08-29 00:00:00+00:00,21.046417236328125
2019-08-30 00:00:00+00:00,21.142202377319336
2019-09-03 00:00:00+00:00,21.446969985961914
2019-09-04 00:00:00+00:00,21.412137985229492
2019-09-05 00:00:00+00:00,20.898387908935547
2019-09-06 00:00:00+00:00,20.95934295654297
2019-09-09 00:00:00+00:00,20.611034393310547
2019-09-10 00:00:00+00:00,20.14952850341797
2019-09-11 00:00:00+00:00,19.992788314819336
2019-09-12 00:00:00+00:00,19.940542221069336
2019-09-13 00:00:00+00:00,19.844758987426758
2019-09-16 00:00:00+00:00,19.67931365966797
2019-09-17 00:00:00+00:00,19.992788314819336
2019-09-18 00:00:00+00:00,20.210481643676758
2019-09-19 00:00:00+00:00,20.28014373779297
2019-09-20 00:00:00+00:00,20.29755973815918
2019-09-23 00:00:00+00:00,20.341096878051758
2019-09-24 00:00:00+00:00,20.654571533203125
2019-09-25 00:00:00+00:00,20.523956298828125
2019-09-26 00:00:00+00:00,20.637157440185547
2019-09-27 00:00:00+00:00,20.671987533569336
2019-09-30 00:00:00+00:00,20.637157440185547
2019-10-01 00:00:00+00:00,20.880971908569336
2019-10-02 00:00:00+00:00,21.133493423461914
2019-10-03 00:00:00+00:00,21.063831329345703
2019-10-04 00:00:00+00:00,21.029003143310547
2019-10-07 00:00:00+00:00,21.046417236328125
2019-10-08 00:00:00+00:00,21.307645797729492
2019-10-09 00:00:00+00:00,21.246692657470703
2019-10-10 00:00:00+00:00,21.142202377319336
2019-10-11 00:00:00+00:00,20.732942581176758
2019-10-14 00:00:00+00:00,20.741649627685547
2019-10-15 00:00:00+00:00,20.576202392578125
2019-10-16 00:00:00+00:00,20.706819534301758
2019-10-17 00:00:00+00:00,20.671987533569336
2019-10-18 00:00:00+00:00,20.750356674194336
2019-10-21 00:00:00+00:00,20.593618392944336
2019-10-22 00:00:00+00:00,20.46300506591797
2019-10-23 00:00:00+00:00,20.41946792602539
2019-10-24 00:00:00+00:00,20.480419158935547
2019-10-25 00:00:00+00:00,20.20177459716797
2019-10-28 00:00:00+00:00,19.940542221069336
2019-10-29 00:00:00+00:00,20.2278995513916
2019-10-30 00:00:00+00:00,20.29755973815918
2019-10-31 00:00:00+00:00,20.523956298828125
2019-11-01 00:00:00+00:00,20.2278995513916
2019-11-04 00:00:00+00:00,19.96666717529297
2019-11-05 00:00:00+00:00,19.792512893676758
2019-11-06 00:00:00+00:00,19.97537612915039
2019-11-07 00:00:00+00:00,19.90571403503418
2019-11-08 00:00:00+00:00,19.897005081176758
2019-11-11 00:00:00+00:00,19.931835174560547
2019-11-12 00:00:00+00:00,20.01020622253418
2019-11-13 00:00:00+00:00,20.219188690185547
2019-11-14 00:00:00+00:00,20.245311737060547
2019-11-15 00:00:00+00:00,20.175649642944336
2019-11-18 00:00:00+00:00,20.271434783935547
2019-11-19 00:00:00+00:00,20.271434783935547
2019-11-20 00:00:00+00:00,20.34980583190918
2019-11-21 00:00:00+00:00,20.323684692382812
2019-11-22 00:00:00+00:00,20.210481643676758
2019-11-25 00:00:00+00:00,19.95796012878418
2019-11-26 00:00:00+00:00,20.027620315551758
2019-11-27 00:00:00+00:00,19.923128128051758
2019-11-29 00:00:00+00:00,19.97537612915039
2019-12-02 00:00:00+00:00,20.04503631591797
2019-12-03 00:00:00+00:00,20.184358596801758
2019-12-04 00:00:00+00:00,20.088573455810547
2019-12-05 00:00:00+00:00,20.16694450378418
2019-12-06 00:00:00+00:00,19.940542221069336
2019-12-09 00:00:00+00:00,19.95796012878418
2019-12-10 00:00:00+00:00,19.96666717529297
2019-12-11 00:00:00+00:00,19.923128128051758
2019-12-12 00:00:00+00:00,19.627071380615234
2019-12-13 00:00:00+00:00,19.688020706176758
2019-12-16 00:00:00+00:00,19.627071380615234
2019-12-17 00:00:00+00:00,19.58353042602539
2019-12-18 00:00:00+00:00,19.4180850982666
2019-12-19 00:00:00+00:00,19.38325309753418
2019-12-20 00:00:00+00:00,19.505159378051758
2019-12-23 00:00:00+00:00,19.331008911132812
2019-12-24 00:00:00+00:00,19.35713005065918
2019-12-26 00:00:00+00:00,19.3658390045166
2019-12-27 00:00:00+00:00,19.406251907348633
2019-12-30 00:00:00+00:00,19.450176239013672
2019-12-31 00:00:00+00:00,19.458961486816406
2020-01-02 00:00:00+00:00,19.432605743408203
2020-01-03 00:00:00+00:00,19.590736389160156
2020-01-06 00:00:00+00:00,19.520456314086914
2020-01-07 00:00:00+00:00,19.485315322875977
2020-01-08 00:00:00+00:00,19.467744827270508
2020-01-09 00:00:00+00:00,19.59952163696289
2020-01-10 00:00:00+00:00,19.6785888671875
2020-01-13 00:00:00+00:00,19.6785888671875
2020-01-14 00:00:00+00:00,19.573165893554688
2020-01-15 00:00:00+00:00,19.704944610595703
2020-01-16 00:00:00+00:00,19.643449783325195
2020-01-17 00:00:00+00:00,19.6610164642334
2020-01-21 00:00:00+00:00,19.898216247558594
2020-01-22 00:00:00+00:00,19.91578483581543
2020-01-23 00:00:00+00:00,19.92456817626953
2020-01-24 00:00:00+00:00,20.144197463989258
2020-01-27 00:00:00+00:00,20.425321578979492
2020-01-28 00:00:00+00:00,20.372610092163086
2020-01-29 00:00:00+00:00,20.355039596557617
2020-01-30 00:00:00+00:00,20.44289207458496
2020-01-31 00:00:00+00:00,20.565881729125977
2020-02-03 00:00:00+00:00,20.4955997467041
2020-02-04 00:00:00+00:00,20.188121795654297
2020-02-05 00:00:00+00:00,20.003637313842773
2020-02-06 00:00:00+00:00,20.205692291259766
2020-02-07 00:00:00+00:00,20.29354476928711
2020-02-10 00:00:00+00:00,20.205692291259766
2020-02-11 00:00:00+00:00,20.08270263671875
2020-02-12 00:00:00+00:00,19.9597110748291
2020-02-13 00:00:00+00:00,20.109054565429688
2020-02-14 00:00:00+00:00,20.267187118530273
2020-02-18 00:00:00+00:00,20.372610092163086
2020-02-19 00:00:00+00:00,20.267187118530273
2020-02-20 00:00:00+00:00,20.126628875732422
2020-02-21 00:00:00+00:00,20.249618530273438
2020-02-24 00:00:00+00:00,20.7679386138916
2020-02-25 00:00:00+00:00,20.94363784790039
2020-02-26 00:00:00+00:00,21.10177230834961
2020-02-27 00:00:00+00:00,20.969995498657227
2020-02-28 00:00:00+00:00,20.65373420715332
2020-03-02 00:00:00+00:00,20.978778839111328
2020-03-03 00:00:00+00:00,21.198406219482422
2020-03-04 00:00:00+00:00,21.435604095458984
2020-03-05 00:00:00+00:00,21.8309326171875
2020-03-06 00:00:00+00:00,22.103271484375
2020-03-09 00:00:00+00:00,22.937854766845703
2020-03-10 00:00:00+00:00,22.604021072387695
2020-03-11 00:00:00+00:00,22.902713775634766
2020-03-12 00:00:00+00:00,23.087202072143555
2020-03-13 00:00:00+00:00,22.841218948364258
2020-03-16 00:00:00+00:00,22.832433700561523
2020-03-17 00:00:00+00:00,22.95542335510254
2020-03-18 00:00:00+00:00,22.920284271240234
2020-03-19 00:00:00+00:00,22.630374908447266
2020-03-20 00:00:00+00:00,22.53373908996582
2020-03-23 00:00:00+00:00,22.076915740966797
2020-03-24 00:00:00+00:00,22.006633758544922
2020-03-25 00:00:00+00:00,21.78700828552246
2020-03-26 00:00:00+00:00,22.050561904907227
2020-03-27 00:00:00+00:00,22.3668212890625
2020-03-30 00:00:00+00:00,22.82364845275879
2020-03-31 00:00:00+00:00,22.568880081176758
2020-04-01 00:00:00+00:00,22.82364845275879
2020-04-02 00:00:00+00:00,22.744583129882812
2020-04-03 00:00:00+00:00,22.972993850708008
2020-04-06 00:00:00+00:00,22.76215171813965
2020-04-07 00:00:00+00:00,22.568880081176758
2020-04-08 00:00:00+00:00,22.32289695739746
2020-04-09 00:00:00+00:00,22.25261688232422
2020-04-13 00:00:00+00:00,22.40196418762207
2020-04-14 00:00:00+00:00,22.428321838378906
2020-04-15 00:00:00+00:00,22.66551399230957
2020-04-16 00:00:00+00:00,22.92906951904297
2020-04-17 00:00:00+00:00,22.76215171813965
2020-04-20 00:00:00+00:00,22.80607795715332
2020-04-21 00:00:00+00:00,22.814861297607422
2020-04-22 00:00:00+00:00,22.832433700561523
2020-04-23 00:00:00+00:00,22.560096740722656
2020-04-24 00:00:00+00:00,22.349252700805664
2020-04-27 00:00:00+00:00,22.059345245361328
2020-04-28 00:00:00+00:00,22.14719581604004
2020-04-29 00:00:00+00:00,21.523456573486328
2020-04-30 00:00:00+00:00,21.80457878112793
2020-05-01 00:00:00+00:00,22.191120147705078
2020-05-04 00:00:00+00:00,22.226261138916016
2020-05-05 00:00:00+00:00,22.463459014892578
2020-05-06 00:00:00+00:00,22.498600006103516
2020-05-07 00:00:00+00:00,22.3668212890625
2020-05-08 00:00:00+00:00,21.989065170288086
2020-05-11 00:00:00+00:00,22.155981063842773
2020-05-12 00:00:00+00:00,22.349252700805664
2020-05-13 00:00:00+00:00,22.577667236328125
2020-05-14 00:00:00+00:00,22.52495574951172
2020-05-15 00:00:00+00:00,22.48103141784668
2020-05-18 00:00:00+00:00,21.945138931274414
2020-05-19 00:00:00+00:00,21.98027992248535
2020-05-20 00:00:00+00:00,21.74308204650879
2020-05-21 00:00:00+00:00,21.866073608398438
2020-05-22 00:00:00+00:00,22.015419006347656
2020-05-26 00:00:00+00:00,21.69915771484375
2020-05-27 00:00:00+00:00,21.46196174621582
2020-05-28 00:00:00+00:00,21.69915771484375
2020-05-29 00:00:00+00:00,22.076915740966797
2020-06-01 00:00:00+00:00,21.70794105529785
2020-06-02 00:00:00+00:00,21.356538772583008
2020-06-03 00:00:00+00:00,20.44289207458496
2020-06-04 00:00:00+00:00,19.73129653930664
2020-06-05 00:00:00+00:00,18.931856155395508
2020-06-08 00:00:00+00:00,18.114843368530273
2020-06-09 00:00:00+00:00,18.940641403198242
2020-06-10 00:00:00+00:00,19.906999588012695
2020-06-11 00:00:00+00:00,21.224761962890625
2020-06-12 00:00:00+00:00,20.486814498901367
2020-06-15 00:00:00+00:00,20.302330017089844
2020-06-16 00:00:00+00:00,20.08270263671875
2020-06-17 00:00:00+00:00,20.55709457397461
2020-06-18 00:00:00+00:00,20.565881729125977
2020-06-19 00:00:00+00:00,20.759153366088867
2020-06-22 00:00:00+00:00,20.838218688964844
2020-06-23 00:00:00+00:00,20.62737464904785
2020-06-24 00:00:00+00:00,21.356538772583008
2020-06-25 00:00:00+00:00,21.40046501159668
2020-06-26 00:00:00+00:00,21.795791625976562
2020-06-29 00:00:00+00:00,21.259902954101562
2020-06-30 00:00:00+00:00,21.38289451599121
2020-07-01 00:00:00+00:00,21.453174591064453
2020-07-02 00:00:00+00:00,21.5498104095459
2020-07-06 00:00:00+00:00,21.42681884765625
2020-07-07 00:00:00+00:00,21.857288360595703
2020-07-08 00:00:00+00:00,21.883644104003906
2020-07-09 00:00:00+00:00,22.437105178833008
2020-07-10 00:00:00+00:00,22.094484329223633
2020-07-13 00:00:00+00:00,21.90999984741211
2020-07-14 00:00:00+00:00,21.95392417907715
2020-07-15 00:00:00+00:00,21.207191467285156
2020-07-16 00:00:00+00:00,21.391679763793945
2020-07-17 00:00:00+00:00,21.42681884765625
2020-07-20 00:00:00+00:00,21.795791625976562
2020-07-21 00:00:00+00:00,21.63766098022461
2020-07-22 00:00:00+00:00,21.558597564697266
2020-07-23 00:00:00+00:00,21.5498104095459
2020-07-24 00:00:00+00:00,21.655231475830078
2020-07-27 00:00:00+00:00,21.690372467041016
2020-07-28 00:00:00+00:00,21.620092391967773
2020-07-29 00:00:00+00:00,21.497100830078125
2020-07-30 00:00:00+00:00,21.541027069091797
2020-07-31 00:00:00+00:00,21.90999984741211
2020-08-03 00:00:00+00:00,21.901214599609375
2020-08-04 00:00:00+00:00,21.78700828552246
2020-08-05 00:00:00+00:00,21.38289451599121
2020-08-06 00:00:00+00:00,21.347753524780273
2020-08-07 00:00:00+00:00,21.022706985473633
2020-08-10 00:00:00+00:00,20.390180587768555
2020-08-11 00:00:00+00:00,20.117841720581055
2020-08-12 00:00:00+00:00,20.38139533996582
2020-08-13 00:00:00+00:00,20.55709457397461
2020-08-14 00:00:00+00:00,20.4692440032959
2020-08-17 00:00:00+00:00,20.62737464904785
2020-08-18 00:00:00+00:00,21.075414657592773
2020-08-19 00:00:00+00:00,20.978778839111328
2020-08-20 00:00:00+00:00,21.08420181274414
2020-08-21 00:00:00+00:00,21.295042037963867
2020-08-24 00:00:00+00:00,20.882144927978516
2020-08-25 00:00:00+00:00,20.855789184570312
2020-08-26 00:00:00+00:00,21.01392364501953
2020-08-27 00:00:00+00:00,20.899715423583984
2020-08-28 00:00:00+00:00,20.425321578979492
2020-08-31 00:00:00+00:00,20.750370025634766
2020-09-01 00:00:00+00:00,20.93485450744629
2020-09-02 00:00:00+00:00,20.706443786621094
2020-09-03 00:00:00+00:00,20.53074073791504
2020-09-04 00:00:00+00:00,20.249618530273438
2020-09-08 00:00:00+00:00,20.205692291259766
2020-09-09 00:00:00+00:00,20.53074073791504
2020-09-10 00:00:00+00:00,20.390180587768555
2020-09-11 00:00:00+00:00,20.416534423828125
2020-09-14 00:00:00+00:00,20.109054565429688
2020-09-15 00:00:00+00:00,19.99485206604004
2020-09-16 00:00:00+00:00,19.819149017333984
2020-09-17 00:00:00+00:00,19.898216247558594
2020-09-18 00:00:00+00:00,20.19690704345703
2020-09-21 00:00:00+00:00,20.65373420715332
2020-09-22 00:00:00+00:00,20.794294357299805
2020-09-23 00:00:00+00:00,20.847002029418945
2020-09-24 00:00:00+00:00,21.057846069335938
2020-09-25 00:00:00+00:00,20.899715423583984
2020-09-28 00:00:00+00:00,20.609806060791016
2020-09-29 00:00:00+00:00,20.820648193359375
2020-09-30 00:00:00+00:00,20.72401237487793
2020-10-01 00:00:00+00:00,20.63616180419922
2020-10-02 00:00:00+00:00,20.29354476928711
2020-10-05 00:00:00+00:00,20.23204803466797
2020-10-06 00:00:00+00:00,20.267187118530273
2020-10-07 00:00:00+00:00,20.056346893310547
2020-10-08 00:00:00+00:00,19.91578483581543
2020-10-09 00:00:00+00:00,19.942140579223633
2020-10-12 00:00:00+00:00,20.126628875732422
2020-10-13 00:00:00+00:00,20.416534423828125
2020-10-14 00:00:00+00:00,20.398963928222656
2020-10-15 00:00:00+00:00,20.434104919433594
2020-10-16 00:00:00+00:00,20.29354476928711
2020-10-19 00:00:00+00:00,20.434104919433594
2020-10-20 00:00:00+00:00,20.205692291259766
2020-10-21 00:00:00+00:00,20.205692291259766
2020-10-22 00:00:00+00:00,19.898216247558594
2020-10-23 00:00:00+00:00,19.78400993347168
2020-10-26 00:00:00+00:00,20.073917388916016
2020-10-27 00:00:00+00:00,20.372610092163086
2020-10-28 00:00:00+00:00,20.61859130859375
2020-10-29 00:00:00+00:00,20.346256256103516
2020-10-30 00:00:00+00:00,20.08270263671875
2020-11-02 00:00:00+00:00,19.863073348999023
2020-11-03 00:00:00+00:00,19.546812057495117
2020-11-04 00:00:00+00:00,19.968496322631836
2020-11-05 00:00:00+00:00,19.450176239013672
2020-11-06 00:00:00+00:00,19.6785888671875
2020-11-09 00:00:00+00:00,17.930356979370117
2020-11-10 00:00:00+00:00,17.719514846801758
2020-11-11 00:00:00+00:00,18.246620178222656
2020-11-12 00:00:00+00:00,18.5980224609375
2020-11-13 00:00:00+00:00,18.220264434814453
2020-11-16 00:00:00+00:00,17.693157196044922
2020-11-17 00:00:00+00:00,17.526243209838867
2020-11-18 00:00:00+00:00,17.37689781188965
2020-11-19 00:00:00+00:00,17.37689781188965
2020-11-20 00:00:00+00:00,17.447175979614258
2020-11-23 00:00:00+00:00,16.884931564331055
2020-11-24 00:00:00+00:00,16.269975662231445
2020-11-25 00:00:00+00:00,16.507173538208008
2020-11-27 00:00:00+00:00,16.69165802001953
2020-11-30 00:00:00+00:00,17.078203201293945
2020-12-01 00:00:00+00:00,17.016708374023438
2020-12-02 00:00:00+00:00,16.823434829711914
2020-12-03 00:00:00+00:00,16.753154754638672
2020-12-04 00:00:00+00:00,16.55109977722168
2020-12-07 00:00:00+00:00,16.55988311767578
2020-12-08 00:00:00+00:00,16.647735595703125
2020-12-09 00:00:00+00:00,16.595022201538086
2020-12-10 00:00:00+00:00,16.542312622070312
2020-12-11 00:00:00+00:00,16.718015670776367
2020-12-14 00:00:00+00:00,16.805864334106445
2020-12-15 00:00:00+00:00,16.78829574584961
2020-12-16 00:00:00+00:00,16.81464958190918
2020-12-17 00:00:00+00:00,16.87614631652832
2020-12-18 00:00:00+00:00,16.972782135009766
2020-12-21 00:00:00+00:00,17.025493621826172
2020-12-22 00:00:00+00:00,17.13091278076172
2020-12-23 00:00:00+00:00,16.99913787841797
2020-12-24 00:00:00+00:00,16.9815673828125
2020-12-28 00:00:00+00:00,16.805864334106445
2020-12-29 00:00:00+00:00,16.946428298950195
2020-12-30 00:00:00+00:00,16.823434829711914
2020-12-31 00:00:00+00:00,16.761938095092773
2021-01-04 00:00:00+00:00,16.85857582092285
2021-01-05 00:00:00+00:00,16.66530418395996
2021-01-06 00:00:00+00:00,16.296329498291016
2021-01-07 00:00:00+00:00,16.32268714904785
2021-01-08 00:00:00+00:00,16.463245391845703
2021-01-11 00:00:00+00:00,16.4544620513916
2021-01-12 00:00:00+00:00,16.340255737304688
2021-01-13 00:00:00+00:00,16.384178161621094
2021-01-14 00:00:00+00:00,16.12062644958496
2021-01-15 00:00:00+00:00,16.305116653442383
2021-01-19 00:00:00+00:00,16.296329498291016
2021-01-20 00:00:00+00:00,16.305116653442383
2021-01-21 00:00:00+00:00,16.340255737304688
2021-01-22 00:00:00+00:00,16.445674896240234
2021-01-25 00:00:00+00:00,16.68287467956543
2021-01-26 00:00:00+00:00,16.92007064819336
2021-01-27 00:00:00+00:00,17.201194763183594
2021-01-28 00:00:00+00:00,16.761938095092773
2021-01-29 00:00:00+00:00,16.99913787841797
2021-02-01 00:00:00+00:00,17.016708374023438
2021-02-02 00:00:00+00:00,16.92885971069336
2021-02-03 00:00:00+00:00,16.595022201538086
2021-02-04 00:00:00+00:00,16.507173538208008
2021-02-05 00:00:00+00:00,16.507173538208008
2021-02-08 00:00:00+00:00,16.313899993896484
2021-02-09 00:00:00+00:00,16.331470489501953
2021-02-10 00:00:00+00:00,16.305116653442383
2021-02-11 00:00:00+00:00,16.243619918823242
2021-02-12 00:00:00+00:00,16.173341751098633
2021-02-16 00:00:00+00:00,15.927356719970703
2021-02-17 00:00:00+00:00,15.95371150970459
2021-02-18 00:00:00+00:00,16.164554595947266
2021-02-19 00:00:00+00:00,15.901001930236816
2021-02-22 00:00:00+00:00,15.523242950439453
2021-02-23 00:00:00+00:00,15.312400817871094
2021-02-24 00:00:00+00:00,14.917071342468262
2021-02-25 00:00:00+00:00,15.277260780334473
2021-02-26 00:00:00+00:00,15.127913475036621
2021-03-01 00:00:00+00:00,15.040064811706543
2021-03-02 00:00:00+00:00,15.066417694091797
2021-03-03 00:00:00+00:00,14.811652183532715
2021-03-04 00:00:00+00:00,14.767725944519043
2021-03-05 00:00:00+00:00,14.71501636505127
2021-03-08 00:00:00+00:00,14.811652183532715
2021-03-09 00:00:00+00:00,14.802865982055664
2021-03-10 00:00:00+00:00,14.732586860656738
2021-03-11 00:00:00+00:00,14.741371154785156
2021-03-12 00:00:00+00:00,14.592023849487305
2021-03-15 00:00:00+00:00,14.504175186157227
2021-03-16 00:00:00+00:00,14.741371154785156
2021-03-17 00:00:00+00:00,14.565669059753418
2021-03-18 00:00:00+00:00,14.662304878234863
2021-03-19 00:00:00+00:00,14.723799705505371
2021-03-22 00:00:00+00:00,14.960999488830566
2021-03-23 00:00:00+00:00,15.329970359802246
2021-03-24 00:00:00+00:00,15.250905990600586
2021-03-25 00:00:00+00:00,15.022493362426758
2021-03-26 00:00:00+00:00,15.075203895568848
2021-03-29 00:00:00+00:00,15.303617477416992
2021-03-30 00:00:00+00:00,15.083989143371582
2021-03-31 00:00:00+00:00,15.048849105834961
2021-04-01 00:00:00+00:00,15.057634353637695
2021-04-05 00:00:00+00:00,15.022493362426758
2021-04-06 00:00:00+00:00,14.864362716674805
2021-04-07 00:00:00+00:00,15.048849105834961
2021-04-08 00:00:00+00:00,14.996137619018555
2021-04-09 00:00:00+00:00,15.004922866821289
2021-04-12 00:00:00+00:00,15.031279563903809
2021-04-13 00:00:00+00:00,15.136697769165039
2021-04-14 00:00:00+00:00,15.022493362426758
2021-04-15 00:00:00+00:00,15.101558685302734
2021-04-16 00:00:00+00:00,15.075203895568848
2021-04-19 00:00:00+00:00,15.136697769165039
2021-04-20 00:00:00+00:00,15.373897552490234
2021-04-21 00:00:00+00:00,15.224550247192383
2021-04-22 00:00:00+00:00,15.127913475036621
2021-04-23 00:00:00+00:00,14.98735237121582
2021-04-26 00:00:00+00:00,14.890717506408691
2021-04-27 00:00:00+00:00,14.85557746887207
2021-04-28 00:00:00+00:00,14.767725944519043
2021-04-29 00:00:00+00:00,14.75015640258789
2021-04-30 00:00:00+00:00,14.85557746887207
2021-05-03 00:00:00+00:00,14.802865982055664
2021-05-04 00:00:00+00:00,14.820435523986816
2021-05-05 00:00:00+00:00,14.723799705505371
2021-05-06 00:00:00+00:00,14.697446823120117
2021-05-07 00:00:00+00:00,14.618378639221191
2021-05-10 00:00:00+00:00,14.802865982055664
2021-05-11 00:00:00+00:00,14.820435523986816
2021-05-12 00:00:00+00:00,15.057634353637695
2021-05-13 00:00:00+00:00,14.908287048339844
2021-05-14 00:00:00+00:00,14.794082641601562
2021-05-17 00:00:00+00:00,14.75015640258789
2021-05-18 00:00:00+00:00,14.785295486450195
2021-05-19 00:00:00+00:00,14.890717506408691
2021-05-20 00:00:00+00:00,14.960999488830566
2021-05-21 00:00:00+00:00,14.952213287353516
2021-05-24 00:00:00+00:00,14.811652183532715
2021-05-25 00:00:00+00:00,14.741371154785156
2021-05-26 00:00:00+00:00,14.741371154785156
2021-05-27 00:00:00+00:00,14.530529022216797
2021-05-28 00:00:00+00:00,14.574454307556152
2021-06-01 00:00:00+00:00,14.442678451538086
2021-06-02 00:00:00+00:00,14.495388984680176
2021-06-03 00:00:00+00:00,14.609593391418457
2021-06-04 00:00:00+00:00,14.600811004638672
2021-06-07 00:00:00+00:00,14.688658714294434
2021-06-08 00:00:00+00:00,14.644733428955078
2021-06-09 00:00:00+00:00,14.758940696716309
2021-06-10 00:00:00+00:00,14.873147010803223
2021-06-11 00:00:00+00:00,14.802865982055664
2021-06-14 00:00:00+00:00,14.881932258605957
2021-06-15 00:00:00+00:00,14.811652183532715
2021-06-16 00:00:00+00:00,14.811652183532715
2021-06-17 00:00:00+00:00,14.960999488830566
2021-06-18 00:00:00+00:00,15.040064811706543
2021-06-21 00:00:00+00:00,14.93464183807373
2021-06-22 00:00:00+00:00,14.93464183807373
2021-06-23 00:00:00+00:00,14.873147010803223
2021-06-24 00:00:00+00:00,14.71501636505127
2021-06-25 00:00:00+00:00,14.688658714294434
2021-06-28 00:00:00+00:00,14.864362716674805
2021-06-29 00:00:00+00:00,14.93464183807373
2021-06-30 00:00:00+00:00,14.864362716674805
2021-07-01 00:00:00+00:00,14.811652183532715
2021-07-02 00:00:00+00:00,14.85557746887207
2021-07-06 00:00:00+00:00,14.996137619018555
2021-07-07 00:00:00+00:00,15.083989143371582
2021-07-08 00:00:00+00:00,15.180625915527344
2021-07-09 00:00:00+00:00,15.01370906829834
2021-07-12 00:00:00+00:00,14.908287048339844
2021-07-13 00:00:00+00:00,14.952213287353516
2021-07-14 00:00:00+00:00,15.040064811706543
2021-07-15 00:00:00+00:00,15.2333345413208
2021-07-16 00:00:00+00:00,15.294830322265625
2021-07-19 00:00:00+00:00,15.53203010559082
2021-07-20 00:00:00+00:00,15.286046028137207
2021-07-21 00:00:00+00:00,15.083989143371582
2021-07-22 00:00:00+00:00,15.163054466247559
2021-07-23 00:00:00+00:00,15.15427017211914
2021-07-26 00:00:00+00:00,15.136697769165039
2021-07-27 00:00:00+00:00,15.101558685302734
2021-07-28 00:00:00+00:00,15.119128227233887
2021-07-29 00:00:00+00:00,15.075203895568848
2021-07-30 00:00:00+00:00,15.136697769165039
2021-08-02 00:00:00+00:00,15.171839714050293
2021-08-03 00:00:00+00:00,15.145484924316406
2021-08-04 00:00:00+00:00,15.189411163330078
2021-08-05 00:00:00+00:00,15.145484924316406
2021-08-06 00:00:00+00:00,15.004922866821289
2021-08-09 00:00:00+00:00,14.97856616973877
2021-08-10 00:00:00+00:00,14.969782829284668
2021-08-11 00:00:00+00:00,14.93464183807373
2021-08-12 00:00:00+00:00,14.890717506408691
2021-08-13 00:00:00+00:00,14.969782829284668
2021-08-16 00:00:00+00:00,15.119128227233887
2021-08-17 00:00:00+00:00,15.268473625183105
2021-08-18 00:00:00+00:00,15.277260780334473
2021-08-19 00:00:00+00:00,15.461749076843262
2021-08-20 00:00:00+00:00,15.435393333435059
2021-08-23 00:00:00+00:00,15.2333345413208
2021-08-24 00:00:00+00:00,15.075203895568848
2021-08-25 00:00:00+00:00,14.952213287353516
2021-08-26 00:00:00+00:00,15.057634353637695
2021-08-27 00:00:00+00:00,14.85557746887207
2021-08-30 00:00:00+00:00,15.01370906829834
2021-08-31 00:00:00+00:00,15.01370906829834
2021-09-01 00:00:00+00:00,15.031279563903809
2021-09-02 00:00:00+00:00,15.048849105834961
2021-09-03 00:00:00+00:00,15.127913475036621
2021-09-07 00:00:00+00:00,15.057634353637695
2021-09-08 00:00:00+00:00,15.206981658935547
2021-09-09 00:00:00+00:00,15.083989143371582
2021-09-10 00:00:00+00:00,15.145484924316406
2021-09-13 00:00:00+00:00,15.101558685302734
2021-09-14 00:00:00+00:00,15.101558685302734
2021-09-15 00:00:00+00:00,15.083989143371582
2021-09-16 00:00:00+00:00,15.004922866821289
2021-09-17 00:00:00+00:00,15.01370906829834
2021-09-20 00:00:00+00:00,15.101558685302734
2021-09-21 00:00:00+00:00,15.119128227233887
2021-09-22 00:00:00+00:00,14.996137619018555
2021-09-23 00:00:00+00:00,14.93464183807373
2021-09-24 00:00:00+00:00,14.785295486450195
2021-09-27 00:00:00+00:00,14.688658714294434
2021-09-28 00:00:00+00:00,14.820435523986816
2021-09-29 00:00:00+00:00,14.925858497619629
2021-09-30 00:00:00+00:00,14.960999488830566
2021-10-01 00:00:00+00:00,14.838006019592285
2021-10-04 00:00:00+00:00,14.89950180053711
2021-10-05 00:00:00+00:00,14.917071342468262
2021-10-06 00:00:00+00:00,14.908287048339844
2021-10-07 00:00:00+00:00,14.829221725463867
2021-10-08 00:00:00+00:00,14.785295486450195
2021-10-11 00:00:00+00:00,14.794082641601562
2021-10-12 00:00:00+00:00,14.767725944519043
2021-10-13 00:00:00+00:00,14.75015640258789
2021-10-14 00:00:00+00:00,14.71501636505127
2021-10-15 00:00:00+00:00,14.635950088500977
2021-10-18 00:00:00+00:00,14.609593391418457
2021-10-19 00:00:00+00:00,14.679875373840332
2021-10-20 00:00:00+00:00,14.679875373840332
2021-10-21 00:00:00+00:00,14.741371154785156
2021-10-22 00:00:00+00:00,14.723799705505371
2021-10-25 00:00:00+00:00,14.732586860656738
2021-10-26 00:00:00+00:00,14.679875373840332
2021-10-27 00:00:00+00:00,14.679875373840332
2021-10-28 00:00:00+00:00,14.71501636505127
2021-10-29 00:00:00+00:00,14.75015640258789
2021-11-01 00:00:00+00:00,14.618378639221191
2021-11-02 00:00:00+00:00,14.530529022216797
2021-11-03 00:00:00+00:00,14.486603736877441
2021-11-04 00:00:00+00:00,14.539314270019531
2021-11-05 00:00:00+00:00,14.258191108703613
2021-11-08 00:00:00+00:00,14.231837272644043
2021-11-09 00:00:00+00:00,14.407538414001465
2021-11-10 00:00:00+00:00,14.460246086120605
2021-11-11 00:00:00+00:00,14.45146369934082
2021-11-12 00:00:00+00:00,14.530529022216797
2021-11-15 00:00:00+00:00,14.477818489074707
2021-11-16 00:00:00+00:00,14.486603736877441
2021-11-17 00:00:00+00:00,14.495388984680176
2021-11-18 00:00:00+00:00,14.54809856414795
2021-11-19 00:00:00+00:00,14.635950088500977
2021-11-22 00:00:00+00:00,14.688658714294434
2021-11-23 00:00:00+00:00,14.741371154785156
2021-11-24 00:00:00+00:00,14.644733428955078
2021-11-26 00:00:00+00:00,14.881932258605957
2021-11-29 00:00:00+00:00,14.864362716674805
2021-11-30 00:00:00+00:00,15.031279563903809
2021-12-01 00:00:00+00:00,15.171839714050293
2021-12-02 00:00:00+00:00,15.180625915527344
2021-12-03 00:00:00+00:00,15.382681846618652
2021-12-06 00:00:00+00:00,15.277260780334473
2021-12-07 00:00:00+00:00,15.040064811706543
2021-12-08 00:00:00+00:00,14.881932258605957
2021-12-09 00:00:00+00:00,14.98735237121582
2021-12-10 00:00:00+00:00,15.101558685302734
2021-12-13 00:00:00+00:00,15.35632610321045
2021-12-14 00:00:00+00:00,15.435393333435059
2021-12-15 00:00:00+00:00,15.549599647521973
2021-12-16 00:00:00+00:00,15.786796569824219
2021-12-17 00:00:00+00:00,15.725298881530762
2021-12-20 00:00:00+00:00,15.901001930236816
2021-12-21 00:00:00+00:00,15.5056734085083
2021-12-22 00:00:00+00:00,15.452962875366211
2021-12-23 00:00:00+00:00,15.409038543701172
2021-12-27 00:00:00+00:00,15.461749076843262
2021-12-28 00:00:00+00:00,15.5056734085083
2021-12-29 00:00:00+00:00,15.655019760131836
2021-12-30 00:00:00+00:00,15.619880676269531
2021-12-31 00:00:00+00:00,15.619880676269531
2022-01-03 00:00:00+00:00,15.461749076843262
2022-01-04 00:00:00+00:00,15.5056734085083
2022-01-05 00:00:00+00:00,15.813153266906738
2022-01-06 00:00:00+00:00,15.892216682434082
2022-01-07 00:00:00+00:00,15.971282958984375
2022-01-10 00:00:00+00:00,16.015207290649414
2022-01-11 00:00:00+00:00,15.83072280883789
2022-01-12 00:00:00+00:00,15.813153266906738
2022-01-13 00:00:00+00:00,15.96249771118164
2022-01-14 00:00:00+00:00,16.11184310913086
2022-01-18 00:00:00+00:00,16.35782814025879
2022-01-19 00:00:00+00:00,16.436891555786133
2022-01-20 00:00:00+00:00,16.4281063079834
2022-01-21 00:00:00+00:00,16.674089431762695
2022-01-24 00:00:00+00:00,16.638948440551758
2022-01-25 00:00:00+00:00,16.60380744934082
2022-01-26 00:00:00+00:00,16.498388290405273
2022-01-27 00:00:00+00:00,16.612594604492188
2022-01-28 00:00:00+00:00,16.630163192749023
2022-01-31 00:00:00+00:00,16.436891555786133
2022-02-01 00:00:00+00:00,16.15576934814453
2022-02-02 00:00:00+00:00,16.296329498291016
2022-02-03 00:00:00+00:00,16.419322967529297
2022-02-04 00:00:00+00:00,16.27876091003418
2022-02-07 00:00:00+00:00,16.234834671020508
2022-02-08 00:00:00+00:00,16.05034828186035
2022-02-09 00:00:00+00:00,15.848294258117676
2022-02-10 00:00:00+00:00,15.839506149291992
2022-02-11 00:00:00+00:00,16.085487365722656
2022-02-14 00:00:00+00:00,16.103057861328125
2022-02-15 00:00:00+00:00,15.901001930236816
2022-02-16 00:00:00+00:00,15.848294258117676
2022-02-17 00:00:00+00:00,16.076702117919922
2022-02-18 00:00:00+00:00,16.15576934814453
2022-02-22 00:00:00+00:00,16.313899993896484
2022-02-23 00:00:00+00:00,16.287546157836914
2022-02-24 00:00:00+00:00,16.02399253845215
2022-02-25 00:00:00+00:00,15.82193660736084
2022-02-28 00:00:00+00:00,15.698945999145508
2022-03-01 00:00:00+00:00,15.804366111755371
2022-03-02 00:00:00+00:00,15.83072280883789
2022-03-03 00:00:00+00:00,16.146984100341797
2022-03-04 00:00:00+00:00,16.480817794799805
2022-03-07 00:00:00+00:00,16.902502059936523
2022-03-08 00:00:00+00:00,16.81464958190918
2022-03-09 00:00:00+00:00,16.4281063079834
2022-03-10 00:00:00+00:00,16.48960304260254
2022-03-11 00:00:00+00:00,16.69165802001953
2022-03-14 00:00:00+00:00,17.043062210083008
2022-03-15 00:00:00+00:00,16.911287307739258
2022-03-16 00:00:00+00:00,16.401752471923828
2022-03-17 00:00:00+00:00,16.11184310913086
2022-03-18 00:00:00+00:00,15.927356719970703
2022-03-21 00:00:00+00:00,16.085487365722656
2022-03-22 00:00:00+00:00,15.96249771118164
2022-03-23 00:00:00+00:00,16.032777786254883
2022-03-24 00:00:00+00:00,15.980069160461426
2022-03-25 00:00:00+00:00,16.19091033935547
2022-03-28 00:00:00+00:00,16.076702117919922
2022-03-29 00:00:00+00:00,15.865860939025879
2022-03-30 00:00:00+00:00,15.988852500915527
2022-03-31 00:00:00+00:00,16.11184310913086
2022-04-01 00:00:00+00:00,16.12062644958496
2022-04-04 00:00:00+00:00,15.804366111755371
2022-04-05 00:00:00+00:00,16.103057861328125
2022-04-06 00:00:00+00:00,16.55109977722168
2022-04-07 00:00:00+00:00,16.656518936157227
2022-04-08 00:00:00+00:00,16.77072525024414
2022-04-11 00:00:00+00:00,16.779510498046875
2022-04-12 00:00:00+00:00,16.81464958190918
2022-04-13 00:00:00+00:00,16.647735595703125
2022-04-14 00:00:00+00:00,16.86736297607422
2022-04-18 00:00:00+00:00,16.87614631652832
2022-04-19 00:00:00+00:00,16.66530418395996
2022-04-20 00:00:00+00:00,16.81464958190918
2022-04-21 00:00:00+00:00,17.148483276367188
2022-04-22 00:00:00+00:00,17.36811065673828
2022-04-25 00:00:00+00:00,17.271474838256836
2022-04-26 00:00:00+00:00,17.447175979614258
2022-04-27 00:00:00+00:00,17.561382293701172
2022-04-28 00:00:00+00:00,17.438390731811523
2022-04-29 00:00:00+00:00,17.482315063476562
2022-05-02 00:00:00+00:00,17.245119094848633
2022-05-03 00:00:00+00:00,17.245119094848633
2022-05-04 00:00:00+00:00,17.13091278076172
2022-05-05 00:00:00+00:00,17.438390731811523
2022-05-06 00:00:00+00:00,17.68437385559082
2022-05-09 00:00:00+00:00,18.123626708984375
2022-05-10 00:00:00+00:00,18.114843368530273
2022-05-11 00:00:00+00:00,18.387182235717773
2022-05-12 00:00:00+00:00,18.29932975769043
2022-05-13 00:00:00+00:00,17.95671272277832
2022-05-16 00:00:00+00:00,18.062131881713867
2022-05-17 00:00:00+00:00,17.991851806640625
2022-05-18 00:00:00+00:00,18.026992797851562
2022-05-19 00:00:00+00:00,17.75465202331543
2022-05-20 00:00:00+00:00,17.781009674072266
2022-05-23 00:00:00+00:00,17.851289749145508
2022-05-24 00:00:00+00:00,18.193906784057617
2022-05-25 00:00:00+00:00,18.20269203186035
2022-05-26 00:00:00+00:00,17.98306655883789
2022-05-27 00:00:00+00:00,17.693157196044922
2022-05-31 00:00:00+00:00,17.789794921875
2022-06-01 00:00:00+00:00,18.123626708984375
2022-06-02 00:00:00+00:00,17.55259895324707
2022-06-03 00:00:00+00:00,17.798580169677734
2022-06-06 00:00:00+00:00,17.71072769165039
2022-06-07 00:00:00+00:00,17.62287712097168
2022-06-08 00:00:00+00:00,17.62287712097168
2022-06-09 00:00:00+00:00,17.965497970581055
2022-06-10 00:00:00+00:00,18.457460403442383
2022-06-13 00:00:00+00:00,18.931856155395508
2022-06-14 00:00:00+00:00,18.940641403198242
2022-06-15 00:00:00+00:00,18.677087783813477
2022-06-16 00:00:00+00:00,19.098773956298828
2022-06-17 00:00:00+00:00,18.905500411987305
2022-06-21 00:00:00+00:00,18.773723602294922
2022-06-22 00:00:00+00:00,18.782508850097656
2022-06-23 00:00:00+00:00,18.439891815185547
2022-06-24 00:00:00+00:00,18.158767700195312
2022-06-27 00:00:00+00:00,18.29932975769043
2022-06-28 00:00:00+00:00,18.677087783813477
2022-06-29 00:00:00+00:00,18.91428565979004
2022-06-30 00:00:00+00:00,19.133913040161133
2022-07-01 00:00:00+00:00,19.089984893798828
2022-07-05 00:00:00+00:00,18.483816146850586
2022-07-06 00:00:00+00:00,18.633163452148438
2022-07-07 00:00:00+00:00,18.106056213378906
2022-07-08 00:00:00+00:00,18.229049682617188
2022-07-11 00:00:00+00:00,18.606807708740234
2022-07-12 00:00:00+00:00,18.527742385864258
2022-07-13 00:00:00+00:00,18.527742385864258
2022-07-14 00:00:00+00:00,18.677087783813477
2022-07-15 00:00:00+00:00,18.527742385864258
2022-07-18 00:00:00+00:00,18.308116912841797
2022-07-19 00:00:00+00:00,18.13241195678711
2022-07-20 00:00:00+00:00,17.67559051513672
2022-07-21 00:00:00+00:00,17.39446449279785
2022-07-22 00:00:00+00:00,17.83371925354004
2022-07-25 00:00:00+00:00,17.98306655883789
2022-07-26 00:00:00+00:00,18.246620178222656
2022-07-27 00:00:00+00:00,17.868860244750977
2022-07-28 00:00:00+00:00,17.745868682861328
2022-07-29 00:00:00+00:00,17.526243209838867
2022-08-01 00:00:00+00:00,17.491100311279297
2022-08-02 00:00:00+00:00,17.209980010986328
2022-08-03 00:00:00+00:00,16.92007064819336
2022-08-04 00:00:00+00:00,16.81464958190918
2022-08-05 00:00:00+00:00,16.674089431762695
2022-08-08 00:00:00+00:00,16.53352928161621
2022-08-09 00:00:00+00:00,16.972782135009766
2022-08-10 00:00:00+00:00,16.401752471923828
2022-08-11 00:00:00+00:00,16.375394821166992
2022-08-12 00:00:00+00:00,16.182125091552734
2022-08-15 00:00:00+00:00,16.234834671020508
2022-08-16 00:00:00+00:00,16.349040985107422
2022-08-17 00:00:00+00:00,16.718015670776367
2022-08-18 00:00:00+00:00,16.779510498046875
2022-08-19 00:00:00+00:00,17.2626895904541
2022-08-22 00:00:00+00:00,17.5086727142334
2022-08-23 00:00:00+00:00,17.315399169921875
2022-08-24 00:00:00+00:00,17.139698028564453
2022-08-25 00:00:00+00:00,16.779510498046875
2022-08-26 00:00:00+00:00,17.201194763183594
2022-08-29 00:00:00+00:00,17.332969665527344
2022-08-30 00:00:00+00:00,17.38568115234375
2022-08-31 00:00:00+00:00,17.37689781188965
2022-09-01 00:00:00+00:00,17.631664276123047
2022-09-02 00:00:00+00:00,17.543813705444336
2022-09-06 00:00:00+00:00,17.587739944458008
2022-09-07 00:00:00+00:00,17.359325408935547
2022-09-08 00:00:00+00:00,17.043062210083008
2022-09-09 00:00:00+00:00,16.81464958190918
2022-09-12 00:00:00+00:00,16.647735595703125
2022-09-13 00:00:00+00:00,17.157270431518555
2022-09-14 00:00:00+00:00,17.09577178955078
2022-09-15 00:00:00+00:00,17.06063461303711
2022-09-16 00:00:00+00:00,17.341754913330078
2022-09-19 00:00:00+00:00,17.289047241210938
2022-09-20 00:00:00+00:00,17.38568115234375
2022-09-21 00:00:00+00:00,17.5086727142334
2022-09-22 00:00:00+00:00,17.921571731567383
2022-09-23 00:00:00+00:00,18.00063705444336
2022-09-26 00:00:00+00:00,18.062131881713867
2022-09-27 00:00:00+00:00,17.87764549255371
2022-09-28 00:00:00+00:00,17.605310440063477
2022-09-29 00:00:00+00:00,17.781009674072266
2022-09-30 00:00:00+00:00,17.860074996948242
2022-10-03 00:00:00+00:00,17.77222442626953
2022-10-04 00:00:00+00:00,17.36811065673828
2022-10-05 00:00:00+00:00,17.37689781188965
2022-10-06 00:00:00+00:00,17.245119094848633
2022-10-07 00:00:00+00:00,17.587739944458008
2022-10-10 00:00:00+00:00,17.904001235961914
2022-10-11 00:00:00+00:00,18.07970428466797
2022-10-12 00:00:00+00:00,18.035778045654297
2022-10-13 00:00:00+00:00,18.229049682617188
2022-10-14 00:00:00+00:00,18.439891815185547
2022-10-17 00:00:00+00:00,18.20269203186035
2022-10-18 00:00:00+00:00,18.237834930419922
2022-10-19 00:00:00+00:00,18.41353416442871
2022-10-20 00:00:00+00:00,18.404752731323242
2022-10-21 00:00:00+00:00,18.3432559967041
2022-10-24 00:00:00+00:00,18.360824584960938
2022-10-25 00:00:00+00:00,17.921571731567383
2022-10-26 00:00:00+00:00,17.98306655883789
2022-10-27 00:00:00+00:00,18.07970428466797
2022-10-28 00:00:00+00:00,18.20269203186035
2022-10-31 00:00:00+00:00,18.20269203186035
2022-11-01 00:00:00+00:00,18.185123443603516
2022-11-02 00:00:00+00:00,18.65951919555664
2022-11-03 00:00:00+00:00,18.518957138061523
2022-11-04 00:00:00+00:00,18.606807708740234
2022-11-07 00:00:00+00:00,18.58045196533203
2022-11-08 00:00:00+00:00,18.606807708740234
2022-11-09 00:00:00+00:00,18.861572265625
2022-11-10 00:00:00+00:00,18.026992797851562
2022-11-11 00:00:00+00:00,17.38568115234375
2022-11-14 00:00:00+00:00,17.543813705444336
2022-11-15 00:00:00+00:00,17.306615829467773
2022-11-16 00:00:00+00:00,17.649234771728516
2022-11-17 00:00:00+00:00,17.851289749145508
2022-11-18 00:00:00+00:00,17.991851806640625
2022-11-21 00:00:00+00:00,18.264190673828125
2022-11-22 00:00:00+00:00,18.264190673828125
2022-11-23 00:00:00+00:00,18.158767700195312
2022-11-25 00:00:00+00:00,18.220264434814453
2022-11-28 00:00:00+00:00,18.44867515563965
2022-11-29 00:00:00+00:00,18.44867515563965
2022-11-30 00:00:00+00:00,18.149982452392578
2022-12-01 00:00:00+00:00,18.13241195678711
2022-12-02 00:00:00+00:00,18.123626708984375
2022-12-05 00:00:00+00:00,18.404752731323242
2022-12-06 00:00:00+00:00,18.466245651245117
2022-12-07 00:00:00+00:00,18.439891815185547
2022-12-08 00:00:00+00:00,18.360824584960938
2022-12-09 00:00:00+00:00,18.422319412231445
2022-12-12 00:00:00+00:00,18.21147918701172
2022-12-13 00:00:00+00:00,18.062131881713867
2022-12-14 00:00:00+00:00,18.097272872924805
2022-12-15 00:00:00+00:00,18.246620178222656
2022-12-16 00:00:00+00:00,18.3432559967041
2022-12-19 00:00:00+00:00,18.475032806396484
2022-12-20 00:00:00+00:00,18.439891815185547
2022-12-21 00:00:00+00:00,18.439891815185547
2022-12-22 00:00:00+00:00,18.694658279418945
2022-12-23 00:00:00+00:00,18.782508850097656
2022-12-27 00:00:00+00:00,18.966997146606445
2022-12-28 00:00:00+00:00,19.076128005981445
2022-12-29 00:00:00+00:00,18.863187789916992
2022-12-30 00:00:00+00:00,18.818824768066406
2023-01-03 00:00:00+00:00,19.0672550201416
2023-01-04 00:00:00+00:00,18.96965789794922
2023-01-05 00:00:00+00:00,19.0672550201416
2023-01-06 00:00:00+00:00,19.031766891479492
2023-01-09 00:00:00+00:00,18.74784278869629
2023-01-10 00:00:00+00:00,18.588136672973633
2023-01-11 00:00:00+00:00,18.339702606201172
2023-01-12 00:00:00+00:00,18.242101669311523
2023-01-13 00:00:00+00:00,18.126758575439453
2023-01-17 00:00:00+00:00,17.896072387695312
2023-01-18 00:00:00+00:00,17.913818359375
2023-01-19 00:00:00+00:00,18.17112159729004
2023-01-20 00:00:00+00:00,17.94930648803711
2023-01-23 00:00:00+00:00,17.656511306762695
2023-01-24 00:00:00+00:00,17.7452392578125
2023-01-25 00:00:00+00:00,17.842836380004883
2023-01-26 00:00:00+00:00,17.656511306762695
2023-01-27 00:00:00+00:00,17.523422241210938
2023-01-30 00:00:00+00:00,17.674257278442383
2023-01-31 00:00:00+00:00,17.621021270751953
2023-02-01 00:00:00+00:00,17.274988174438477
2023-02-02 00:00:00+00:00,16.875720977783203
2023-02-03 00:00:00+00:00,17.186262130737305
2023-02-06 00:00:00+00:00,17.274988174438477
2023-02-07 00:00:00+00:00,17.0709171295166
2023-02-08 00:00:00+00:00,17.159643173217773
2023-02-09 00:00:00+00:00,17.372587203979492
2023-02-10 00:00:00+00:00,17.629894256591797
2023-02-13 00:00:00+00:00,17.487930297851562
2023-02-14 00:00:00+00:00,17.266115188598633
2023-02-15 00:00:00+00:00,16.928955078125
2023-02-16 00:00:00+00:00,17.14189910888672
2023-02-17 00:00:00+00:00,17.541168212890625
2023-02-21 00:00:00+00:00,17.718618392944336
2023-02-22 00:00:00+00:00,17.638765335083008
2023-02-23 00:00:00+00:00,17.56778335571289
2023-02-24 00:00:00+00:00,17.771854400634766
2023-02-27 00:00:00+00:00,17.629894256591797
2023-02-28 00:00:00+00:00,17.523422241210938
2023-03-01 00:00:00+00:00,17.523422241210938
2023-03-02 00:00:00+00:00,17.461313247680664
2023-03-03 00:00:00+00:00,17.133026123046875
2023-03-06 00:00:00+00:00,17.248371124267578
2023-03-07 00:00:00+00:00,17.337095260620117
2023-03-08 00:00:00+00:00,17.319351196289062
2023-03-09 00:00:00+00:00,17.594402313232422
2023-03-10 00:00:00+00:00,18.082395553588867
2023-03-13 00:00:00+00:00,18.02916145324707
2023-03-14 00:00:00+00:00,18.073524475097656
2023-03-15 00:00:00+00:00,18.14450454711914
2023-03-16 00:00:00+00:00,18.064651489257812
2023-03-17 00:00:00+00:00,18.162250518798828
2023-03-20 00:00:00+00:00,18.39293670654297
2023-03-21 00:00:00+00:00,18.00254249572754
2023-03-22 00:00:00+00:00,18.242101669311523
2023-03-23 00:00:00+00:00,18.179996490478516
2023-03-24 00:00:00+00:00,18.321956634521484
2023-03-27 00:00:00+00:00,18.330829620361328
2023-03-28 00:00:00+00:00,18.47279167175293
2023-03-29 00:00:00+00:00,18.330829620361328
2023-03-30 00:00:00+00:00,18.25984764099121
2023-03-31 00:00:00+00:00,18.100141525268555
2023-04-03 00:00:00+00:00,18.188867568969727
2023-04-04 00:00:00+00:00,18.2775936126709
2023-04-05 00:00:00+00:00,18.605878829956055
2023-04-06 00:00:00+00:00,18.61475372314453
2023-04-10 00:00:00+00:00,18.490537643432617
2023-04-11 00:00:00+00:00,18.35744857788086
2023-04-12 00:00:00+00:00,18.47279167175293
2023-04-13 00:00:00+00:00,18.481664657592773
2023-04-14 00:00:00+00:00,18.499408721923828
2023-04-17 00:00:00+00:00,18.455045700073242
2023-04-18 00:00:00+00:00,18.36631965637207
2023-04-19 00:00:00+00:00,18.321956634521484
2023-04-20 00:00:00+00:00,18.410682678222656
2023-04-21 00:00:00+00:00,18.384065628051758
2023-04-24 00:00:00+00:00,18.446176528930664
2023-04-25 00:00:00+00:00,18.68573570251465
2023-04-26 00:00:00+00:00,18.676860809326172
2023-04-27 00:00:00+00:00,18.69460678100586
2023-04-28 00:00:00+00:00,18.588136672973633
2023-05-01 00:00:00+00:00,18.703479766845703
2023-05-02 00:00:00+00:00,18.74784278869629
2023-05-03 00:00:00+00:00,18.756715774536133
2023-05-04 00:00:00+00:00,18.738969802856445
2023-05-05 00:00:00+00:00,18.5615177154541
2023-05-08 00:00:00+00:00,18.419557571411133
2023-05-09 00:00:00+00:00,18.47279167175293
2023-05-10 00:00:00+00:00,18.428430557250977
2023-05-11 00:00:00+00:00,18.2775936126709
2023-05-12 00:00:00+00:00,18.455045700073242
2023-05-15 00:00:00+00:00,18.304210662841797
2023-05-16 00:00:00+00:00,18.321956634521484
2023-05-17 00:00:00+00:00,18.179996490478516
2023-05-18 00:00:00+00:00,17.922691345214844
2023-05-19 00:00:00+00:00,18.064651489257812
2023-05-22 00:00:00+00:00,17.860578536987305
2023-05-23 00:00:00+00:00,17.842836380004883
2023-05-24 00:00:00+00:00,17.878328323364258
2023-05-25 00:00:00+00:00,17.860578536987305
2023-05-26 00:00:00+00:00,17.70087432861328
2023-05-30 00:00:00+00:00,17.523422241210938
2023-05-31 00:00:00+00:00,17.576656341552734
2023-06-01 00:00:00+00:00,17.443567276000977
2023-06-02 00:00:00+00:00,17.337095260620117
2023-06-05 00:00:00+00:00,17.31047821044922
2023-06-06 00:00:00+00:00,17.12415313720703
2023-06-07 00:00:00+00:00,17.20400619506836
2023-06-08 00:00:00+00:00,17.212881088256836
2023-06-09 00:00:00+00:00,17.274988174438477
2023-06-12 00:00:00+00:00,17.10641098022461
2023-06-13 00:00:00+00:00,16.955575942993164
2023-06-14 00:00:00+00:00,16.831356048583984
2023-06-15 00:00:00+00:00,16.857975006103516
2023-06-16 00:00:00+00:00,16.955575942993164
2023-06-20 00:00:00+00:00,16.94670295715332
2023-06-21 00:00:00+00:00,17.14189910888672
2023-06-22 00:00:00+00:00,17.14189910888672
2023-06-23 00:00:00+00:00,17.10641098022461
2023-06-26 00:00:00+00:00,17.12415313720703
2023-06-27 00:00:00+00:00,16.7869930267334
2023-06-28 00:00:00+00:00,16.574052810668945
2023-06-29 00:00:00+00:00,16.724885940551758
2023-06-30 00:00:00+00:00,16.64503288269043
2023-07-03 00:00:00+00:00,16.60066795349121
2023-07-05 00:00:00+00:00,16.627286911010742
2023-07-06 00:00:00+00:00,16.831356048583984
2023-07-07 00:00:00+00:00,16.751502990722656
2023-07-10 00:00:00+00:00,16.43208885192871
2023-07-11 00:00:00+00:00,16.245763778686523
2023-07-12 00:00:00+00:00,16.086055755615234
2023-07-13 00:00:00+00:00,15.873115539550781
2023-07-14 00:00:00+00:00,16.103801727294922
2023-07-17 00:00:00+00:00,15.997330665588379
2023-07-18 00:00:00+00:00,15.864241600036621
2023-07-19 00:00:00+00:00,15.828750610351562
2023-07-20 00:00:00+00:00,16.254636764526367
2023-07-21 00:00:00+00:00,16.307872772216797
2023-07-24 00:00:00+00:00,16.32561683654785
2023-07-25 00:00:00+00:00,16.272384643554688
2023-07-26 00:00:00+00:00,16.263507843017578
2023-07-27 00:00:00+00:00,16.37885284423828
2023-07-28 00:00:00+00:00,16.032821655273438
2023-07-31 00:00:00+00:00,15.828750610351562
2023-08-01 00:00:00+00:00,15.899731636047363
2023-08-02 00:00:00+00:00,16.45870590209961
2023-08-03 00:00:00+00:00,16.476451873779297
2023-08-04 00:00:00+00:00,16.494197845458984
2023-08-07 00:00:00+00:00,16.56517791748047
2023-08-08 00:00:00+00:00,16.680522918701172
2023-08-09 00:00:00+00:00,16.90233612060547
2023-08-10 00:00:00+00:00,16.86684799194336
2023-08-11 00:00:00+00:00,17.053171157836914
2023-08-14 00:00:00+00:00,16.920082092285156
2023-08-15 00:00:00+00:00,17.03542709350586
2023-08-16 00:00:00+00:00,17.133026123046875
2023-08-17 00:00:00+00:00,17.301605224609375
2023-08-18 00:00:00+00:00,17.31047821044922
2023-08-21 00:00:00+00:00,17.239498138427734
2023-08-22 00:00:00+00:00,17.337095260620117
2023-08-23 00:00:00+00:00,17.168516159057617
2023-08-24 00:00:00+00:00,17.29273223876953
2023-08-25 00:00:00+00:00,17.28386116027832
2023-08-28 00:00:00+00:00,17.212881088256836
2023-08-29 00:00:00+00:00,16.893465042114258
2023-08-30 00:00:00+00:00,16.80474090576172
2023-08-31 00:00:00+00:00,16.680522918701172
2023-09-01 00:00:00+00:00,16.64503288269043
2023-09-05 00:00:00+00:00,16.6184139251709
2023-09-06 00:00:00+00:00,16.6184139251709
2023-09-07 00:00:00+00:00,16.7603759765625
2023-09-08 00:00:00+00:00,16.857975006103516
2023-09-11 00:00:00+00:00,16.813613891601562
2023-09-12 00:00:00+00:00,16.90233612060547
2023-09-13 00:00:00+00:00,16.98219108581543
2023-09-14 00:00:00+00:00,17.053171157836914
2023-09-15 00:00:00+00:00,17.053171157836914
2023-09-18 00:00:00+00:00,17.23062515258789
2023-09-19 00:00:00+00:00,17.39033317565918
2023-09-20 00:00:00+00:00,17.55891227722168
2023-09-21 00:00:00+00:00,17.780729293823242
2023-09-22 00:00:00+00:00,17.771854400634766
2023-09-25 00:00:00+00:00,17.825090408325195
2023-09-26 00:00:00+00:00,17.88719940185547
2023-09-27 00:00:00+00:00,17.70087432861328
2023-09-28 00:00:00+00:00,17.70087432861328
2023-09-29 00:00:00+00:00,17.621021270751953
2023-10-02 00:00:00+00:00,17.621021270751953
2023-10-03 00:00:00+00:00,17.940433502197266
2023-10-04 00:00:00+00:00,17.83396339416504
2023-10-05 00:00:00+00:00,18.011417388916016
2023-10-06 00:00:00+00:00,17.86945152282715
2023-10-09 00:00:00+00:00,17.913818359375
2023-10-10 00:00:00+00:00,17.771854400634766
2023-10-11 00:00:00+00:00,17.81621742248535
2023-10-12 00:00:00+00:00,17.904943466186523
2023-10-13 00:00:00+00:00,18.153377532958984
2023-10-16 00:00:00+00:00,18.046907424926758
2023-10-17 00:00:00+00:00,17.993669509887695
2023-10-18 00:00:00+00:00,18.242101669311523
2023-10-19 00:00:00+00:00,18.313085556030273
2023-10-20 00:00:00+00:00,18.410682678222656
2023-10-23 00:00:00+00:00,18.348575592041016
2023-10-24 00:00:00+00:00,18.25984764099121
2023-10-25 00:00:00+00:00,18.632497787475586
2023-10-26 00:00:00+00:00,18.69460678100586
2023-10-27 00:00:00+00:00,18.69460678100586
2023-10-30 00:00:00+00:00,18.69460678100586
2023-10-31 00:00:00+00:00,18.71235466003418
2023-11-01 00:00:00+00:00,18.872058868408203
2023-11-02 00:00:00+00:00,18.543771743774414
2023-11-03 00:00:00+00:00,18.401809692382812
2023-11-06 00:00:00+00:00,18.579265594482422
2023-11-07 00:00:00+00:00,18.490537643432617
2023-11-08 00:00:00+00:00,18.490537643432617
2023-11-09 00:00:00+00:00,18.632497787475586
2023-11-10 00:00:00+00:00,18.64137077331543
2023-11-13 00:00:00+00:00,18.650243759155273
2023-11-14 00:00:00+00:00,18.2775936126709
2023-11-15 00:00:00+00:00,18.064651489257812
2023-11-16 00:00:00+00:00,18.17112159729004
2023-11-17 00:00:00+00:00,18.09126853942871
2023-11-20 00:00:00+00:00,17.940433502197266
2023-11-21 00:00:00+00:00,18.135631561279297
2023-11-22 00:00:00+00:00,18.100141525268555
2023-11-24 00:00:00+00:00,18.100141525268555
2023-11-27 00:00:00+00:00,18.064651489257812
2023-11-28 00:00:00+00:00,17.83396339416504
2023-11-29 00:00:00+00:00,17.70087432861328
2023-11-30 00:00:00+00:00,17.807344436645508
2023-12-01 00:00:00+00:00,17.381460189819336
2023-12-04 00:00:00+00:00,17.274988174438477
2023-12-05 00:00:00+00:00,17.408079147338867
2023-12-06 00:00:00+00:00,17.408079147338867
2023-12-07 00:00:00+00:00,17.28386116027832
2023-12-08 00:00:00+00:00,17.159643173217773
2023-12-11 00:00:00+00:00,17.20400619506836
2023-12-12 00:00:00+00:00,17.345970153808594
2023-12-13 00:00:00+00:00,16.778121948242188
2023-12-14 00:00:00+00:00,15.979585647583008
2023-12-15 00:00:00+00:00,15.997330665588379
2023-12-18 00:00:00+00:00,16.15703773498535
2023-12-19 00:00:00+00:00,15.881987571716309
2023-12-20 00:00:00+00:00,16.059438705444336
2023-12-21 00:00:00+00:00,15.828750610351562
2023-12-22 00:00:00+00:00,15.819878578186035
2023-12-26 00:00:00+00:00,15.74889850616455
2023-12-27 00:00:00+00:00,15.749838829040527
2023-12-28 00:00:00+00:00,15.69328784942627
2023-12-29 00:00:00+00:00,15.976051330566406
2024-01-02 00:00:00+00:00,16.27766227722168
2024-01-03 00:00:00+00:00,16.871461868286133
2024-01-04 00:00:00+00:00,16.767784118652344
2024-01-05 00:00:00+00:00,16.692378997802734
2024-01-08 00:00:00+00:00,16.456743240356445
2024-01-09 00:00:00+00:00,16.598125457763672
2024-01-10 00:00:00+00:00,16.626401901245117
2024-01-11 00:00:00+00:00,16.71122932434082
2024-01-12 00:00:00+00:00,16.975141525268555
2024-01-16 00:00:00+00:00,17.22962760925293
2024-01-17 00:00:00+00:00,17.352157592773438
2024-01-18 00:00:00+00:00,17.257904052734375
2024-01-19 00:00:00+00:00,17.144800186157227
2024-01-22 00:00:00+00:00,17.012842178344727
2024-01-23 00:00:00+00:00,17.05054473876953
2024-01-24 00:00:00+00:00,17.144800186157227
2024-01-25 00:00:00+00:00,17.05997085571289
2024-01-26 00:00:00+00:00,17.05997085571289
2024-01-29 00:00:00+00:00,16.777206420898438
2024-01-30 00:00:00+00:00,17.022268295288086
2024-01-31 00:00:00+00:00,17.29560661315918
2024-02-01 00:00:00+00:00,17.418134689331055
2024-02-02 00:00:00+00:00,17.361583709716797
2024-02-05 00:00:00+00:00,17.484111785888672
2024-02-06 00:00:00+00:00,17.33330726623535
2024-02-07 00:00:00+00:00,17.305030822753906
2024-02-08 00:00:00+00:00,17.144800186157227
2024-02-09 00:00:00+00:00,17.125947952270508
2024-02-12 00:00:00+00:00,16.852609634399414
2024-02-13 00:00:00+00:00,17.361583709716797
2024-02-14 00:00:00+00:00,16.99399185180664
2024-02-15 00:00:00+00:00,16.824337005615234
2024-02-16 00:00:00+00:00,17.041120529174805
2024-02-20 00:00:00+00:00,17.22962760925293
2024-02-21 00:00:00+00:00,17.39928436279297
2024-02-22 00:00:00+00:00,17.418134689331055
2024-02-23 00:00:00+00:00,17.51239013671875
2024-02-26 00:00:00+00:00,17.418134689331055
2024-02-27 00:00:00+00:00,17.097671508789062
2024-02-28 00:00:00+00:00,17.248477935791016
2024-02-29 00:00:00+00:00,17.107097625732422
2024-03-01 00:00:00+00:00,16.94686508178711
2024-03-04 00:00:00+00:00,17.05054473876953
2024-03-05 00:00:00+00:00,17.201351165771484
2024-03-06 00:00:00+00:00,17.154226303100586
2024-03-07 00:00:00+00:00,16.99399185180664
2024-03-08 00:00:00+00:00,16.95629119873047
2024-03-11 00:00:00+00:00,17.11652374267578
2024-03-12 00:00:00+00:00,17.17307472229004
2024-03-13 00:00:00+00:00,17.17307472229004
2024-03-14 00:00:00+00:00,17.408708572387695
2024-03-15 00:00:00+00:00,17.521814346313477
2024-03-18 00:00:00+00:00,17.4464111328125
2024-03-19 00:00:00+00:00,17.550092697143555
2024-03-20 00:00:00+00:00,17.16364860534668
2024-03-21 00:00:00+00:00,16.95629119873047
2024-03-22 00:00:00+00:00,17.069395065307617
2024-03-25 00:00:00+00:00,17.041120529174805
2024-03-26 00:00:00+00:00,17.07882308959961
2024-03-27 00:00:00+00:00,17.07882308959961
2024-03-28 00:00:00+00:00,16.984567642211914
2024-04-01 00:00:00+00:00,17.16364860534668
2024-04-02 00:00:00+00:00,17.305030822753906
2024-04-03 00:00:00+00:00,17.248477935791016
2024-04-04 00:00:00+00:00,17.314456939697266
2024-04-05 00:00:00+00:00,17.474689483642578
2024-04-08 00:00:00+00:00,17.191925048828125
2024-04-09 00:00:00+00:00,16.99399185180664
2024-04-10 00:00:00+00:00,17.220203399658203
2024-04-11 00:00:00+00:00,17.07882308959961
2024-04-12 00:00:00+00:00,17.323881149291992
2024-04-15 00:00:00+00:00,17.68204689025879
2024-04-16 00:00:00+00:00,17.804576873779297
2024-04-17 00:00:00+00:00,17.917680740356445
2024-04-18 00:00:00+00:00,18.030786514282227
2024-04-19 00:00:00+00:00,18.153316497802734
2024-04-22 00:00:00+00:00,18.040210723876953
2024-04-23 00:00:00+00:00,17.87997817993164
2024-04-24 00:00:00+00:00,17.84227752685547
2024-04-25 00:00:00+00:00,17.936532974243164
2024-04-26 00:00:00+00:00,17.68204689025879
2024-04-29 00:00:00+00:00,17.700897216796875
2024-04-30 00:00:00+00:00,17.927108764648438
2024-05-01 00:00:00+00:00,17.974233627319336
2024-05-02 00:00:00+00:00,17.738597869873047
2024-05-03 00:00:00+00:00,17.700897216796875
2024-05-06 00:00:00+00:00,17.531240463256836
2024-05-07 00:00:00+00:00,17.710325241088867
2024-05-08 00:00:00+00:00,17.90825653076172
2024-05-09 00:00:00+00:00,17.795150756835938
2024-05-10 00:00:00+00:00,17.955381393432617
2024-05-13 00:00:00+00:00,17.804576873779297
2024-05-14 00:00:00+00:00,17.616069793701172
2024-05-15 00:00:00+00:00,17.49353790283203
2024-05-16 00:00:00+00:00,17.69147300720215
2024-05-17 00:00:00+00:00,17.72917366027832
2024-05-20 00:00:00+00:00,17.644344329833984
2024-05-21 00:00:00+00:00,17.861129760742188
2024-05-22 00:00:00+00:00,17.861129760742188
2024-05-23 00:00:00+00:00,18.0213623046875
2024-05-24 00:00:00+00:00,18.06848907470703
2024-05-28 00:00:00+00:00,17.974233627319336
2024-05-29 00:00:00+00:00,17.993083953857422
2024-05-30 00:00:00+00:00,18.096763610839844
2024-05-31 00:00:00+00:00,18.162742614746094
2024-06-03 00:00:00+00:00,18.106189727783203
2024-06-04 00:00:00+00:00,18.23814582824707
2024-06-05 00:00:00+00:00,18.11561393737793
2024-06-06 00:00:00+00:00,18.01193618774414
2024-06-07 00:00:00+00:00,18.200443267822266
2024-06-10 00:00:00+00:00,18.209869384765625
2024-06-11 00:00:00+00:00,18.143892288208008
2024-06-12 00:00:00+00:00,17.955381393432617
2024-06-13 00:00:00+00:00,17.945959091186523
2024-06-14 00:00:00+00:00,18.153316497802734
2024-06-17 00:00:00+00:00,18.23814582824707
2024-06-18 00:00:00+00:00,18.24757194519043
2024-06-20 00:00:00+00:00,18.44550323486328
2024-06-21 00:00:00+00:00,18.568035125732422
2024-06-24 00:00:00+00:00,18.57745933532715
2024-06-25 00:00:00+00:00,18.605735778808594
2024-06-26 00:00:00+00:00,18.549182891845703
2024-06-27 00:00:00+00:00,18.45492935180664
2024-06-28 00:00:00+00:00,18.492631912231445
2024-07-01 00:00:00+00:00,18.605735778808594
2024-07-02 00:00:00+00:00,18.549182891845703
2024-07-03 00:00:00+00:00,18.44550323486328
2024-07-05 00:00:00+00:00,18.313547134399414
2024-07-08 00:00:00+00:00,18.2852725982666
2024-07-09 00:00:00+00:00,18.294696807861328
2024-07-10 00:00:00+00:00,18.294696807861328
2024-07-11 00:00:00+00:00,17.945959091186523
2024-07-12 00:00:00+00:00,17.804576873779297
2024-07-15 00:00:00+00:00,17.814001083374023
2024-07-16 00:00:00+00:00,17.66319465637207
2024-07-17 00:00:00+00:00,18.087339401245117
2024-07-18 00:00:00+00:00,18.181594848632812
2024-07-19 00:00:00+00:00,18.294696807861328
2024-07-22 00:00:00+00:00,18.049636840820312
2024-07-23 00:00:00+00:00,18.002511978149414
2024-07-24 00:00:00+00:00,18.426652908325195
2024-07-25 00:00:00+00:00,18.294696807861328
2024-07-26 00:00:00+00:00,18.2852725982666
2024-07-29 00:00:00+00:00,18.322975158691406
2024-07-30 00:00:00+00:00,18.5114803314209
2024-07-31 00:00:00+00:00,18.256996154785156
2024-08-01 00:00:00+00:00,18.756542205810547
2024-08-02 00:00:00+00:00,19.30321502685547
2024-08-05 00:00:00+00:00,19.42574691772461
2024-08-06 00:00:00+00:00,19.46344757080078
2024-08-07 00:00:00+00:00,19.717933654785156
2024-08-08 00:00:00+00:00,19.454021453857422
2024-08-09 00:00:00+00:00,19.435171127319336
2024-08-12 00:00:00+00:00,19.378616333007812
2024-08-13 00:00:00+00:00,19.142982482910156
2024-08-14 00:00:00+00:00,19.34091567993164
2024-08-15 00:00:00+00:00,18.926198959350586
2024-08-16 00:00:00+00:00,19.001602172851562
2024-08-19 00:00:00+00:00,18.850797653198242
2024-08-20 00:00:00+00:00,18.869647979736328
2024-08-21 00:00:00+00:00,19.02045249938965
2024-08-22 00:00:00+00:00,18.96390151977539
2024-08-23 00:00:00+00:00,18.605735778808594
2024-08-26 00:00:00+00:00,18.699989318847656
2024-08-27 00:00:00+00:00,18.813095092773438
2024-08-28 00:00:00+00:00,19.039304733276367
2024-08-29 00:00:00+00:00,18.935625076293945
2024-08-30 00:00:00+00:00,19.02045249938965
2024-09-03 00:00:00+00:00,19.369192123413086
2024-09-04 00:00:00+00:00,19.388044357299805
2024-09-05 00:00:00+00:00,19.46344757080078
2024-09-06 00:00:00+00:00,19.501150131225586
2024-09-09 00:00:00+00:00,19.689655303955078
2024-09-10 00:00:00+00:00,19.62367820739746
2024-09-11 00:00:00+00:00,19.284364700317383
2024-09-12 00:00:00+00:00,19.218385696411133
2024-09-13 00:00:00+00:00,19.095857620239258
2024-09-16 00:00:00+00:00,19.039304733276367
2024-09-17 00:00:00+00:00,18.850797653198242
2024-09-18 00:00:00+00:00,18.775394439697266
2024-09-19 00:00:00+00:00,18.398378372192383
2024-09-20 00:00:00+00:00,18.436079025268555
2024-09-23 00:00:00+00:00,18.502056121826172
2024-09-24 00:00:00+00:00,18.502056121826172
2024-09-25 00:00:00+00:00,18.605735778808594
2024-09-26 00:00:00+00:00,18.473779678344727
2024-09-27 00:00:00+00:00,18.426652908325195
2024-09-30 00:00:00+00:00,18.473779678344727
2024-10-01 00:00:00+00:00,18.813095092773438
2024-10-02 00:00:00+00:00,18.709415435791016
2024-10-03 00:00:00+00:00,18.803668975830078
2024-10-04 00:00:00+00:00,18.747116088867188
2024-10-07 00:00:00+00:00,18.5114803314209
2024-10-08 00:00:00+00:00,18.520906448364258
2024-10-09 00:00:00+00:00,18.634014129638672
2024-10-10 00:00:00+00:00,18.530332565307617
2024-10-11 00:00:00+00:00,18.379526138305664
2024-10-14 00:00:00+00:00,18.46435546875
2024-10-15 00:00:00+00:00,18.46435546875
2024-10-16 00:00:00+00:00,18.332399368286133
2024-10-17 00:00:00+00:00,18.473779678344727
2024-10-18 00:00:00+00:00,18.370100021362305
2024-10-21 00:00:00+00:00,18.549182891845703
2024-10-22 00:00:00+00:00,18.57745933532715
2024-10-23 00:00:00+00:00,18.775394439697266
2024-10-24 00:00:00+00:00,18.586883544921875
2024-10-25 00:00:00+00:00,18.57745933532715
2024-10-28 00:00:00+00:00,18.2852725982666
2024-10-29 00:00:00+00:00,18.46435546875
2024-10-30 00:00:00+00:00,18.45492935180664
2024-10-31 00:00:00+00:00,18.699989318847656
2024-11-01 00:00:00+00:00,18.634014129638672
2024-11-04 00:00:00+00:00,18.5114803314209
2024-11-05 00:00:00+00:00,18.34182357788086
2024-11-06 00:00:00+00:00,18.200443267822266
2024-11-07 00:00:00+00:00,18.27584457397461
2024-11-08 00:00:00+00:00,18.153316497802734
2024-11-11 00:00:00+00:00,18.040210723876953
2024-11-12 00:00:00+00:00,18.2852725982666
2024-11-13 00:00:00+00:00,18.209869384765625
2024-11-14 00:00:00+00:00,18.172168731689453
2024-11-15 00:00:00+00:00,18.379526138305664
2024-11-18 00:00:00+00:00,18.22871971130371
2024-11-19 00:00:00+00:00,18.12504005432129
2024-11-20 00:00:00+00:00,18.209869384765625
2024-11-21 00:00:00+00:00,18.096763610839844
2024-11-22 00:00:00+00:00,17.917680740356445
2024-11-25 00:00:00+00:00,17.56894302368164
2024-11-26 00:00:00+00:00,17.738597869873047
2024-11-27 00:00:00+00:00,17.861129760742188
2024-11-29 00:00:00+00:00,17.77630043029785
2024-12-02 00:00:00+00:00,17.550092697143555
2024-12-03 00:00:00+00:00,17.578367233276367
2024-12-04 00:00:00+00:00,17.51239013671875
2024-12-05 00:00:00+00:00,17.597217559814453
2024-12-06 00:00:00+00:00,17.436986923217773
2024-12-09 00:00:00+00:00,17.408708572387695
2024-12-10 00:00:00+00:00,17.644344329833984
2024-12-11 00:00:00+00:00,17.427560806274414
2024-12-12 00:00:00+00:00,17.55951499938965
2024-12-13 00:00:00+00:00,17.653770446777344
2024-12-16 00:00:00+00:00,17.408708572387695
2024-12-17 00:00:00+00:00,17.6254940032959
2024-12-18 00:00:00+00:00,17.927108764648438
2024-12-19 00:00:00+00:00,18.134464263916016
2024-12-20 00:00:00+00:00,17.974233627319336
2024-12-23 00:00:00+00:00,17.889406204223633
2024-12-24 00:00:00+00:00,17.795150756835938
2024-12-26 00:00:00+00:00,17.766876220703125
2024-12-27 00:00:00+00:00,18.0213623046875
2024-12-30 00:00:00+00:00,18.07501220703125
2024-12-31 00:00:00+00:00,18.02623748779297
2025-01-02 00:00:00+00:00,17.957956314086914
2025-01-03 00:00:00+00:00,17.850658416748047
2025-01-06 00:00:00+00:00,17.440969467163086
2025-01-07 00:00:00+00:00,17.704341888427734
2025-01-08 00:00:00+00:00,17.72385025024414
2025-01-10 00:00:00+00:00,17.899431228637695
2025-01-13 00:00:00+00:00,17.938447952270508
2025-01-14 00:00:00+00:00,17.957956314086914
2025-01-15 00:00:00+00:00,17.63606071472168
2025-01-16 00:00:00+00:00,17.558025360107422
2025-01-17 00:00:00+00:00,17.489744186401367
2025-01-21 00:00:00+00:00,17.353181838989258
2025-01-22 00:00:00+00:00,17.275144577026367
2025-01-23 00:00:00+00:00,17.236127853393555
2025-01-24 00:00:00+00:00,17.343427658081055
2025-01-27 00:00:00+00:00,18.19206428527832
2025-01-28 00:00:00+00:00,17.977466583251953
2025-01-29 00:00:00+00:00,17.889677047729492
2025-01-30 00:00:00+00:00,17.645814895629883
2025-01-31 00:00:00+00:00,17.684831619262695
2025-02-03 00:00:00+00:00,18.045747756958008
2025-02-04 00:00:00+00:00,17.928693771362305
2025-02-05 00:00:00+00:00,17.879920959472656
2025-02-06 00:00:00+00:00,17.675079345703125
2025-02-07 00:00:00+00:00,17.86041259765625
2025-02-10 00:00:00+00:00,17.509252548217773
2025-02-11 00:00:00+00:00,17.850658416748047
2025-02-12 00:00:00+00:00,17.72385025024414
2025-02-13 00:00:00+00:00,17.577533721923828
2025-02-14 00:00:00+00:00,17.41170883178711
2025-02-18 00:00:00+00:00,17.372690200805664
2025-02-19 00:00:00+00:00,17.421463012695312
2025-02-20 00:00:00+00:00,17.8116397857666
2025-02-21 00:00:00+00:00,18.104272842407227
2025-02-24 00:00:00+00:00,18.396907806396484
2025-02-25 00:00:00+00:00,18.845613479614258
2025-02-26 00:00:00+00:00,18.49445152282715
2025-02-27 00:00:00+00:00,18.79684066772461
2025-02-28 00:00:00+00:00,19.04070281982422
2025-03-03 00:00:00+00:00,19.37235450744629
2025-03-04 00:00:00+00:00,19.6259708404541
2025-03-05 00:00:00+00:00,19.391860961914062
2025-03-06 00:00:00+00:00,19.694252014160156
2025-03-07 00:00:00+00:00,19.94786834716797
2025-03-10 00:00:00+00:00,20.338045120239258
2025-03-11 00:00:00+00:00,20.191728591918945
2025-03-12 00:00:00+00:00,19.70400619506836
2025-03-13 00:00:00+00:00,20.03565788269043
2025-03-14 00:00:00+00:00,19.70400619506836
2025-03-17 00:00:00+00:00,19.694252014160156
2025-03-18 00:00:00+00:00,19.908849716186523
2025-03-19 00:00:00+00:00,19.567441940307617
2025-03-20 00:00:00+00:00,19.586952209472656
2025-03-21 00:00:00+00:00,19.557687759399414
2025-03-24 00:00:00+00:00,19.02119255065918
2025-03-25 00:00:00+00:00,19.04070281982422
2025-03-26 00:00:00+00:00,19.567441940307617
2025-03-27 00:00:00+00:00,19.830812454223633
2025-03-28 00:00:00+00:00,20.133201599121094
2025-03-31 00:00:00+00:00,20.328290939331055
2025-04-01 00:00:00+00:00,20.250255584716797
2025-04-02 00:00:00+00:00,19.830812454223633
2025-04-03 00:00:00+00:00,20.93306541442871
2025-04-04 00:00:00+00:00,20.81601333618164
2025-04-07 00:00:00+00:00,20.27952003479004
2025-04-08 00:00:00+00:00,20.542888641357422
2025-04-09 00:00:00+00:00,19.567441940307617
2025-04-10 00:00:00+00:00,20.31853675842285
2025-04-11 00:00:00+00:00,20.445343017578125
2025-04-14 00:00:00+00:00,20.464853286743164
2025-04-15 00:00:00+00:00,20.338045120239258
2025-04-16 00:00:00+00:00,20.552642822265625
2025-04-17 00:00:00+00:00,20.31853675842285
2025-04-21 00:00:00+00:00,20.601415634155273
2025-04-22 00:00:00+00:00,20.50387191772461
2025-04-23 00:00:00+00:00,20.09418487548828
2025-04-24 00:00:00+00:00,19.6259708404541
2025-04-25 00:00:00+00:00,19.547935485839844
2025-04-28 00:00:00+00:00,19.48940658569336
2025-04-29 00:00:00+00:00,19.59670639038086
2025-04-30 00:00:00+00:00,19.76253318786621
2025-05-01 00:00:00+00:00,19.450389862060547
2025-05-02 00:00:00+00:00,19.24554443359375
2025-05-05 00:00:00+00:00,19.29431915283203
2025-05-06 00:00:00+00:00,19.48940658569336
2025-05-07 00:00:00+00:00,19.5089168548584
2025-05-08 00:00:00+00:00,19.26505470275879
2025-05-09 00:00:00+00:00,19.12849235534668
2025-05-12 00:00:00+00:00,18.474943161010742
2025-05-13 00:00:00+00:00,18.16280174255371
2025-05-14 00:00:00+00:00,18.123783111572266
2025-05-15 00:00:00+00:00,18.484699249267578
2025-05-16 00:00:00+00:00,18.533470153808594
2025-05-19 00:00:00+00:00,18.621259689331055
2025-05-20 00:00:00+00:00,18.71880531311035
2025-05-21 00:00:00+00:00,18.96266746520996
2025-05-22 00:00:00+00:00,18.884632110595703
2025-05-23 00:00:00+00:00,18.874876022338867
2025-05-27 00:00:00+00:00,18.60175132751465
2025-05-28 00:00:00+00:00,18.68954086303711
2025-05-29 00:00:00+00:00,18.552980422973633
2025-05-30 00:00:00+00:00,18.777332305908203
2025-06-02 00:00:00+00:00,18.543224334716797
2025-06-03 00:00:00+00:00,18.367645263671875
2025-06-04 00:00:00+00:00,18.260345458984375
2025-06-05 00:00:00+00:00,18.367645263671875
2025-06-06 00:00:00+00:00,18.114028930664062
2025-06-09 00:00:00+00:00,18.035993576049805
2025-06-10 00:00:00+00:00,18.045747756958008
2025-06-11 00:00:00+00:00,17.870166778564453
2025-06-12 00:00:00+00:00,18.123783111572266
2025-06-13 00:00:00+00:00,18.367645263671875
2025-06-16 00:00:00+00:00,17.977466583251953
2025-06-17 00:00:00+00:00,18.065256118774414
2025-06-18 00:00:00+00:00,17.792131423950195
2025-06-20 00:00:00+00:00,17.86041259765625
2025-06-23 00:00:00+00:00,17.86041259765625
2025-06-24 00:00:00+00:00,17.558025360107422
2025-06-25 00:00:00+00:00,17.49949836730957
2025-06-26 00:00:00+00:00,17.28489875793457
2025-06-27 00:00:00+00:00,17.177600860595703
2025-06-30 00:00:00+00:00,17.265392303466797
2025-07-01 00:00:00+00:00,17.49949836730957
2025-07-02 00:00:00+00:00,17.128828048706055
2025-07-03 00:00:00+00:00,17.031282424926758
2025-07-07 00:00:00+00:00,17.089811325073242
2025-07-08 00:00:00+00:00,16.89472198486328
2025-07-09 00:00:00+00:00,16.738649368286133
2025-07-10 00:00:00+00:00,16.56307029724121
2025-07-11 00:00:00+00:00,16.670368194580078
2025-07-14 00:00:00+00:00,16.582578659057617
2025-07-15 00:00:00+00:00,16.69963264465332
2025-07-16 00:00:00+00:00,16.602088928222656
2025-07-17 00:00:00+00:00,16.289945602416992
2025-07-18 00:00:00+00:00,16.270437240600586
2025-07-21 00:00:00+00:00,16.250926971435547
2025-07-22 00:00:00+00:00,16.543560028076172
2025-07-23 00:00:00+00:00,16.211910247802734
2025-07-24 00:00:00+00:00,16.358226776123047
2025-07-25 00:00:00+00:00,16.133874893188477
2025-07-28 00:00:00+00:00,16.007064819335938
2025-07-29 00:00:00+00:00,16.026575088500977
2025-07-30 00:00:00+00:00,16.03632926940918
2025-07-31 00:00:00+00:00,16.06559181213379
2025-08-01 00:00:00+00:00,16.436262130737305
2025-08-04 00:00:00+00:00,16.06559181213379
2025-08-05 00:00:00+00:00,16.124120712280273
2025-08-06 00:00:00+00:00,16.182645797729492
2025-08-07 00:00:00+00:00,16.36798095703125
2025-08-08 00:00:00+00:00,16.241172790527344
2025-08-11 00:00:00+00:00,16.387489318847656
2025-08-12 00:00:00+00:00,15.841239929199219
2025-08-13 00:00:00+00:00,15.9387845993042
2025-08-14 00:00:00+00:00,16.075345993041992
2025-08-15 00:00:00+00:00,16.26068115234375
2025-08-18 00:00:00+00:00,16.007064819335938
2025-08-19 00:00:00+00:00,16.50454330444336
2025-08-20 00:00:00+00:00,16.689878463745117
2025-08-21 00:00:00+00:00,16.689878463745117
2025-08-22 00:00:00+00:00,16.133874893188477
2025-08-25 00:00:00+00:00,16.104610443115234
2025-08-26 00:00:00+00:00,15.909520149230957
2025-08-27 00:00:00+00:00,15.948539733886719
2025-08-28 00:00:00+00:00,15.607132911682129
2025-08-29 00:00:00+00:00,15.968049049377441
2025-09-02 00:00:00+00:00,16.026575088500977
2025-09-03 00:00:00+00:00,15.958293914794922
2025-09-04 00:00:00+00:00,15.733940124511719
2025-09-05 00:00:00+00:00,15.694923400878906
2025-09-08 00:00:00+00:00,15.802223205566406
2025-09-09 00:00:00+00:00,15.772958755493164
2025-09-10 00:00:00+00:00,15.509588241577148
2025-09-11 00:00:00+00:00,15.519342422485352
2025-09-12 00:00:00+00:00,15.577869415283203
2025-09-15 00:00:00+00:00,15.412043571472168
2025-09-16 00:00:00+00:00,15.324254035949707
2025-09-17 00:00:00+00:00,15.431551933288574
2025-09-18 00:00:00+00:00,15.109655380249023
2025-09-19 00:00:00+00:00,15.168182373046875
2025-09-22 00:00:00+00:00,15.01211166381836
2025-09-23 00:00:00+00:00,15.070637702941895
2025-09-24 00:00:00+00:00,15.363271713256836
2025-09-25 00:00:00+00:00,15.343762397766113
2025-09-26 00:00:00+00:00,15.421798706054688
2025-09-29 00:00:00+00:00,15.382781028747559
2025-09-30 00:00:00+00:00,15.529097557067871
2025-10-01 00:00:00+00:00,15.275481224060059
2025-10-02 00:00:00+00:00,15.265726089477539
2025-10-03 00:00:00+00:00,15.265726089477539
2025-10-06 00:00:00+00:00,15.177937507629395
2025-10-07 00:00:00+00:00,15.22670841217041
2025-10-08 00:00:00+00:00,15.031620025634766
2025-10-09 00:00:00+00:00,15.080391883850098
2025-10-10 00:00:00+00:00,15.568115234375
2025-10-13 00:00:00+00:00,15.138919830322266
2025-10-14 00:00:00+00:00,15.168182373046875
2025-10-15 00:00:00+00:00,14.982847213745117
2025-10-16 00:00:00+00:00,15.041374206542969
2025-10-17 00:00:00+00:00,15.216955184936523
2025-10-20 00:00:00+00:00,15.129164695739746
2025-10-21 00:00:00+00:00,15.031620025634766
2025-10-22 00:00:00+00:00,15.314498901367188
2025-10-23 00:00:00+00:00,14.934075355529785
2025-10-24 00:00:00+00:00,14.67070484161377
2025-10-27 00:00:00+00:00,14.4463529586792
2025-10-28 00:00:00+00:00,14.43659782409668
2025-10-29 00:00:00+00:00,14.212244987487793
2025-10-30 00:00:00+00:00,14.358562469482422
2025-10-31 00:00:00+00:00,14.30003547668457
2025-11-03 00:00:00+00:00,14.241509437561035
2025-11-04 00:00:00+00:00,14.778003692626953
2025-11-05 00:00:00+00:00,14.53414249420166
2025-11-06 00:00:00+00:00,14.67070484161377
2025-11-07 00:00:00+00:00,14.826776504516602
2025-11-10 00:00:00+00:00,14.465861320495605
2025-11-11 00:00:00+00:00,14.719477653503418
2025-11-12 00:00:00+00:00,14.690214157104492
2025-11-13 00:00:00+00:00,15.168182373046875
2025-11-14 00:00:00+00:00,15.080391883850098
2025-11-17 00:00:00+00:00,15.304744720458984
2025-11-18 00:00:00+00:00,15.275481224060059
2025-11-19 00:00:00+00:00,15.070637702941895
2025-11-20 00:00:00+00:00,15.421798706054688
2025-11-21 00:00:00+00:00,15.353516578674316
2025-11-24 00:00:00+00:00,14.90481185913086
2025-11-25 00:00:00+00:00,14.787757873535156
2025-11-26 00:00:00+00:00,14.53414249420166
2025-11-28 00:00:00+00:00,14.514634132385254
2025-12-01 00:00:00+00:00,14.514634132385254
2025-12-02 00:00:00+00:00,14.504878997802734
2025-12-03 00:00:00+00:00,14.251262664794922
2025-12-04 00:00:00+00:00,14.192736625671387
2025-12-05 00:00:00+00:00,14.202491760253906
2025-12-08 00:00:00+00:00,14.085436820983887
2025-12-09 00:00:00+00:00,14.017156600952148
2025-12-10 00:00:00+00:00,13.822067260742188
2025-12-11 00:00:00+00:00,13.783049583435059
2025-12-12 00:00:00+00:00,14.231754302978516
2025-12-15 00:00:00+00:00,14.309789657592773
2025-12-16 00:00:00+00:00,14.270771980285645
2025-12-17 00:00:00+00:00,14.641441345214844
2025-12-18 00:00:00+00:00,14.40733528137207
2025-12-19 00:00:00+00:00,14.222000122070312
2025-12-22 00:00:00+00:00,14.124454498291016
2025-12-23 00:00:00+00:00,14.163473129272461
2025-12-24 00:00:00+00:00,14.173227310180664
2025-12-26 00:00:00+00:00,14.10494613647461
2025-12-29 00:00:00+00:00,14.222000122070312
2025-12-30 00:00:00+00:00,14.350000381469727
2025-12-31 00:00:00+00:00,14.390000343322754
2026-01-02 00:00:00+00:00,14.050000190734863
2026-01-05 00:00:00+00:00,13.899999618530273
2026-01-06 00:00:00+00:00,13.65999984741211
2026-01-07 00:00:00+00:00,13.729999542236328
2026-01-08 00:00:00+00:00,13.979999542236328
2026-01-09 00:00:00+00:00,13.859999656677246
2026-01-12 00:00:00+00:00,13.920000076293945
2026-01-13 00:00:00+00:00,13.8100004196167
2026-01-14 00:00:00+00:00,14.010000228881836
2026-01-15 00:00:00+00:00,13.920000076293945
2026-01-16 00:00:00+00:00,13.800000190734863
2026-01-20 00:00:00+00:00,14.0600004196167
2026-01-21 00:00:00+00:00,13.859999656677246
2026-01-22 00:00:00+00:00,13.84000015258789
2026-01-23 00:00:00+00:00,14.0600004196167
2026-01-26 00:00:00+00:00,14.15999984741211
2026-01-27 00:00:00+00:00,13.920000076293945
2026-01-28 00:00:00+00:00,13.920000076293945
2026-01-29 00:00:00+00:00,13.949999809265137
2026-01-30 00:00:00+00:00,14.220000267028809
2026-02-02 00:00:00+00:00,14.09000015258789
2026-02-03 00:00:00+00:00,14.140000343322754
2026-02-04 00:00:00+00:00,14.40999984741211
2026-02-05 00:00:00+00:00,14.529999732971191
2026-02-06 00:00:00+00:00,14.100000381469727
2026-02-09 00:00:00+00:00,13.819999694824219
2026-02-10 00:00:00+00:00,13.970000267028809
2026-02-11 00:00:00+00:00,13.920000076293945
2026-02-12 00:00:00+00:00,14.130000114440918
2026-02-13 00:00:00+00:00,14.079999923706055
2026-02-17 00:00:00+00:00,14.0
2026-02-18 00:00:00+00:00,13.90999984741211
2026-02-19 00:00:00+00:00,13.890000343322754
2026-02-20 00:00:00+00:00,13.850000381469727
2026-02-23 00:00:00+00:00,14.020000457763672
2026-02-24 00:00:00+00:00,13.829999923706055
2026-02-25 00:00:00+00:00,13.619999885559082
2026-02-26 00:00:00+00:00,13.800000190734863
2026-02-27 00:00:00+00:00,14.079999923706055
2026-03-02 00:00:00+00:00,14.020000457763672
2026-03-03 00:00:00+00:00,14.25
2026-03-04 00:00:00+00:00,14.119999885559082
2026-03-05 00:00:00+00:00,14.210000038146973
2026-03-06 00:00:00+00:00,14.510000228881836
2026-03-09 00:00:00+00:00,14.3100004196167
2026-03-10 00:00:00+00:00,14.149999618530273
2026-03-11 00:00:00+00:00,14.029999732971191
2026-03-12 00:00:00+00:00,14.359999656677246
2026-03-13 00:00:00+00:00,14.399999618530273
2026-03-16 00:00:00+00:00,14.220000267028809
2026-03-17 00:00:00+00:00,14.09000015258789
2026-03-18 00:00:00+00:00,13.979999542236328
2026-03-19 00:00:00+00:00,13.9399995803833
2026-03-20 00:00:00+00:00,14.149999618530273
2026-03-23 00:00:00+00:00,13.859999656677246
2026-03-24 00:00:00+00:00,13.760000228881836
2026-03-25 00:00:00+00:00,13.699999809265137
2026-03-26 00:00:00+00:00,14.010000228881836
2026-03-27 00:00:00+00:00,14.0600004196167
2026-03-30 00:00:00+00:00,14.350000381469727
2026-03-31 00:00:00+00:00,13.960000038146973
2026-04-01 00:00:00+00:00,13.8100004196167
2026-04-02 00:00:00+00:00,13.979999542236328
2026-04-06 00:00:00+00:00,13.979999542236328
2026-04-07 00:00:00+00:00,13.920000076293945
2026-04-08 00:00:00+00:00,13.550000190734863
2026-04-09 00:00:00+00:00,13.520000457763672
2026-04-10 00:00:00+00:00,13.270000457763672
2026-04-13 00:00:00+00:00,13.140000343322754
2026-04-14 00:00:00+00:00,12.84000015258789
2026-04-15 00:00:00+00:00,12.819999694824219
2026-04-16 00:00:00+00:00,12.850000381469727
2026-04-17 00:00:00+00:00,12.579999923706055
2026-04-20 00:00:00+00:00,12.470000267028809
2026-04-21 00:00:00+00:00,12.539999961853027
2026-04-22 00:00:00+00:00,12.390000343322754
2026-04-23 00:00:00+00:00,12.5
2026-04-24 00:00:00+00:00,12.350000381469727
2026-04-27 00:00:00+00:00,12.359999656677246
2026-04-28 00:00:00+00:00,12.649999618530273
2026-04-29 00:00:00+00:00,12.720000267028809
2026-04-30 00:00:00+00:00,12.460000038146973
2026-05-01 00:00:00+00:00,12.380000114440918
2026-05-04 00:00:00+00:00,12.369999885559082
2026-05-05 00:00:00+00:00,12.210000038146973
2026-05-06 00:00:00+00:00,11.84000015258789
2026-05-07 00:00:00+00:00,12.199999809265137
2026-05-08 00:00:00+00:00,12.020000457763672
2026-05-11 00:00:00+00:00,11.869999885559082
2026-05-12 00:00:00+00:00,12.020000457763672
2026-05-13 00:00:00+00:00,12.010000228881836
2026-05-14 00:00:00+00:00,11.989999771118164
2026-05-15 00:00:00+00:00,12.170000076293945
2026-05-18 00:00:00+00:00,12.479999542236328
2026-05-19 00:00:00+00:00,12.630000114440918
2026-05-20 00:00:00+00:00,12.369999885559082
2026-05-21 00:00:00+00:00,12.239999771118164
2026-05-22 00:00:00+00:00,12.199999809265137
2026-05-26 00:00:00+00:00,11.84000015258789
2026-05-27 00:00:00+00:00,11.779999732971191
2026-05-28 00:00:00+00:00,11.600000381469727
2026-05-29 00:00:00+00:00,11.550000190734863
2026-06-01 00:00:00+00:00,11.649999618530273
2026-06-02 00:00:00+00:00,11.479999542236328
2026-06-03 00:00:00+00:00,11.5600004196167
2026-06-04 00:00:00+00:00,11.510000228881836
2026-06-05 00:00:00+00:00,11.970000267028809
2026-06-08 00:00:00+00:00,11.699999809265137
2026-06-09 00:00:00+00:00,11.680000305175781
2026-06-10 00:00:00+00:00,11.970000267028809
2026-06-11 00:00:00+00:00,11.5
2026-06-12 00:00:00+00:00,11.489999771118164
2026-06-15 00:00:00+00:00,11.170000076293945
2026-06-16 00:00:00+00:00,11.270000457763672
2026-06-17 00:00:00+00:00,11.289999961853027
2026-06-18 00:00:00+00:00,10.960000038146973
2026-06-22 00:00:00+00:00,10.920000076293945
2026-06-23 00:00:00+00:00,11.260000228881836
2026-06-24 00:00:00+00:00,11.25
2026-06-25 00:00:00+00:00,11.130000114440918
2026-06-26 00:00:00+00:00,11.369999885559082
2026-06-29 00:00:00+00:00,11.210000038146973
2026-06-30 00:00:00+00:00,11.149999618530273
2026-07-01 00:00:00+00:00,11.34000015258789
2026-07-02 00:00:00+00:00,11.579999923706055
2026-07-06 00:00:00+00:00,11.489999771118164
2026-07-07 00:00:00+00:00,11.739999771118164
2026-07-08 00:00:00+00:00,11.84000015258789
2026-07-09 00:00:00+00:00,11.579999923706055
2026-07-10 00:00:00+00:00,11.630000114440918
2026-07-13 00:00:00+00:00,11.859999656677246
2026-07-14 00:00:00+00:00,11.670000076293945
2026-07-15 00:00:00+00:00,11.569999694824219
2026-07-16 00:00:00+00:00,11.880000114440918
2026-07-17 00:00:00+00:00,12.109999656677246
2026-07-20 00:00:00+00:00,12.109999656677246
2026-07-21 00:00:00+00:00,11.84000015258789
2026-07-22 00:00:00+00:00,11.880000114440918
2026-07-23 00:00:00+00:00,11.970000267028809
2026-07-24 00:00:00+00:00,12.180000305175781
2026-07-27 00:00:00+00:00,12.180000305175781
2026-07-28 00:00:00+00:00,12.380000114440918
2026-07-29 00:00:00+00:00,12.699999809265137
2026-07-30 00:00:00+00:00,12.289999961853027
2026-07-31 00:00:00+00:00,12.25
2026-08-03 00:00:00+00:00,12.0600004196167
2026-08-04 00:00:00+00:00,11.84000015258789
2026-08-05 00:00:00+00:00,11.880000114440918
2026-08-06 00:00:00+00:00,12.170000076293945
2026-08-07 00:00:00+00:00,11.920000076293945
2026-08-10 00:00:00+00:00,12.079999923706055
2026-08-11 00:00:00+00:00,11.90999984741211
2026-08-12 00:00:00+00:00,11.930000305175781
2026-08-13 00:00:00+00:00,11.8100004196167
2026-08-14 00:00:00+00:00,11.859999656677246
2026-08-17 00:00:00+00:00,11.8100004196167
2026-08-18 00:00:00+00:00,12.119999885559082
2026-08-19 00:00:00+00:00,11.949999809265137
2026-08-20 00:00:00+00:00,12.079999923706055
2026-08-21 00:00:00+00:00,12.0
2026-08-24 00:00:00+00:00,12.199999809265137
2026-08-25 00:00:00+00:00,12.0
2026-08-26 00:00:00+00:00,12.069999694824219
2026-08-27 00:00:00+00:00,12.029999732971191
2026-08-28 00:00:00+00:00,12.25
2026-08-31 00:00:00+00:00,12.260000228881836
2026-09-01 00:00:00+00:00,12.470000267028809
2026-09-02 00:00:00+00:00,12.359999656677246
2026-09-03 00:00:00+00:00,12.319999694824219
2026-09-04 00:00:00+00:00,12.069999694824219
2026-09-08 00:00:00+00:00,11.960000038146973
2026-09-09 00:00:00+00:00,12.170000076293945
2026-09-10 00:00:00+00:00,12.329999923706055
2026-09-11 00:00:00+00:00,12.220000267028809
