open_time,adjusted_close
2016-09-12 00:00:00+00:00,184.2812957763672
2016-09-13 00:00:00+00:00,181.63209533691406
2016-09-14 00:00:00+00:00,181.56396484375
2016-09-15 00:00:00+00:00,183.37832641601562
2016-09-16 00:00:00+00:00,182.6695098876953
2016-09-19 00:00:00+00:00,182.70372009277344
2016-09-20 00:00:00+00:00,182.71231079101562
2016-09-21 00:00:00+00:00,184.7670135498047
2016-09-22 00:00:00+00:00,185.9312286376953
2016-09-23 00:00:00+00:00,184.91250610351562
2016-09-26 00:00:00+00:00,183.41429138183594
2016-09-27 00:00:00+00:00,184.5529022216797
2016-09-28 00:00:00+00:00,185.46896362304688
2016-09-29 00:00:00+00:00,183.79100036621094
2016-09-30 00:00:00+00:00,185.17787170410156
2016-10-03 00:00:00+00:00,184.7327117919922
2016-10-04 00:00:00+00:00,183.79100036621094
2016-10-05 00:00:00+00:00,184.6042938232422
2016-10-06 00:00:00+00:00,184.7327117919922
2016-10-07 00:00:00+00:00,184.09918212890625
2016-10-10 00:00:00+00:00,185.05807495117188
2016-10-11 00:00:00+00:00,182.72088623046875
2016-10-12 00:00:00+00:00,182.96058654785156
2016-10-13 00:00:00+00:00,182.36126708984375
2016-10-14 00:00:00+00:00,182.4554443359375
2016-10-17 00:00:00+00:00,181.8219451904297
2016-10-18 00:00:00+00:00,182.96058654785156
2016-10-19 00:00:00+00:00,183.44859313964844
2016-10-20 00:00:00+00:00,183.10610961914062
2016-10-21 00:00:00+00:00,183.1917266845703
2016-10-24 00:00:00+00:00,183.97076416015625
2016-10-25 00:00:00+00:00,183.35440063476562
2016-10-26 00:00:00+00:00,182.98622131347656
2016-10-27 00:00:00+00:00,182.49826049804688
2016-10-28 00:00:00+00:00,181.95889282226562
2016-10-31 00:00:00+00:00,181.9674530029297
2016-11-01 00:00:00+00:00,180.64906311035156
2016-11-02 00:00:00+00:00,179.56178283691406
2016-11-03 00:00:00+00:00,178.73988342285156
2016-11-04 00:00:00+00:00,178.54298400878906
2016-11-07 00:00:00+00:00,182.4811248779297
2016-11-08 00:00:00+00:00,183.30299377441406
2016-11-09 00:00:00+00:00,185.24639892578125
2016-11-10 00:00:00+00:00,185.70870971679688
2016-11-11 00:00:00+00:00,185.2806396484375
2016-11-14 00:00:00+00:00,185.4261474609375
2016-11-15 00:00:00+00:00,186.87301635742188
2016-11-16 00:00:00+00:00,186.5220184326172
2016-11-17 00:00:00+00:00,187.48092651367188
2016-11-18 00:00:00+00:00,187.06130981445312
2016-11-21 00:00:00+00:00,188.4739227294922
2016-11-22 00:00:00+00:00,188.842041015625
2016-11-23 00:00:00+00:00,188.94482421875
2016-11-25 00:00:00+00:00,189.64683532714844
2016-11-28 00:00:00+00:00,188.75643920898438
2016-11-29 00:00:00+00:00,189.12457275390625
2016-11-30 00:00:00+00:00,188.67088317871094
2016-12-01 00:00:00+00:00,187.97740173339844
2016-12-02 00:00:00+00:00,188.0715789794922
2016-12-05 00:00:00+00:00,189.20159912109375
2016-12-06 00:00:00+00:00,189.80096435546875
2016-12-07 00:00:00+00:00,192.2836151123047
2016-12-08 00:00:00+00:00,192.75453186035156
2016-12-09 00:00:00+00:00,193.9188232421875
2016-12-12 00:00:00+00:00,193.6962432861328
2016-12-13 00:00:00+00:00,194.98899841308594
2016-12-14 00:00:00+00:00,193.3794708251953
2016-12-15 00:00:00+00:00,194.17567443847656
2016-12-16 00:00:00+00:00,193.7958984375
2016-12-19 00:00:00+00:00,194.21788024902344
2016-12-20 00:00:00+00:00,194.96713256835938
2016-12-21 00:00:00+00:00,194.42454528808594
2016-12-22 00:00:00+00:00,194.08868408203125
2016-12-23 00:00:00+00:00,194.37289428710938
2016-12-27 00:00:00+00:00,194.85519409179688
2016-12-28 00:00:00+00:00,193.2447967529297
2016-12-29 00:00:00+00:00,193.20169067382812
2016-12-30 00:00:00+00:00,192.49551391601562
2017-01-03 00:00:00+00:00,193.9681396484375
2017-01-04 00:00:00+00:00,195.12205505371094
2017-01-05 00:00:00+00:00,194.96713256835938
2017-01-06 00:00:00+00:00,195.6646728515625
2017-01-09 00:00:00+00:00,195.01870727539062
2017-01-10 00:00:00+00:00,195.01870727539062
2017-01-11 00:00:00+00:00,195.56993103027344
2017-01-12 00:00:00+00:00,195.07904052734375
2017-01-13 00:00:00+00:00,195.52684020996094
2017-01-17 00:00:00+00:00,194.83792114257812
2017-01-18 00:00:00+00:00,195.26853942871094
2017-01-19 00:00:00+00:00,194.54513549804688
2017-01-20 00:00:00+00:00,195.2598876953125
2017-01-23 00:00:00+00:00,194.75180053710938
2017-01-24 00:00:00+00:00,196.00047302246094
2017-01-25 00:00:00+00:00,197.6969757080078
2017-01-26 00:00:00+00:00,197.49032592773438
2017-01-27 00:00:00+00:00,197.18026733398438
2017-01-30 00:00:00+00:00,195.9573974609375
2017-01-31 00:00:00+00:00,195.94015502929688
2017-02-01 00:00:00+00:00,196.01773071289062
2017-02-02 00:00:00+00:00,196.1468963623047
2017-02-03 00:00:00+00:00,197.49888610839844
2017-02-06 00:00:00+00:00,197.14581298828125
2017-02-07 00:00:00+00:00,197.1544952392578
2017-02-08 00:00:00+00:00,197.41281127929688
2017-02-09 00:00:00+00:00,198.583984375
2017-02-10 00:00:00+00:00,199.36761474609375
2017-02-13 00:00:00+00:00,200.4526824951172
2017-02-14 00:00:00+00:00,201.25355529785156
2017-02-15 00:00:00+00:00,202.3041534423828
2017-02-16 00:00:00+00:00,202.13198852539062
2017-02-17 00:00:00+00:00,202.45062255859375
2017-02-21 00:00:00+00:00,203.65626525878906
2017-02-22 00:00:00+00:00,203.47537231445312
2017-02-23 00:00:00+00:00,203.61318969726562
2017-02-24 00:00:00+00:00,203.87144470214844
2017-02-27 00:00:00+00:00,204.1901397705078
2017-02-28 00:00:00+00:00,203.6389923095703
2017-03-01 00:00:00+00:00,206.48944091796875
2017-03-02 00:00:00+00:00,205.1890869140625
2017-03-03 00:00:00+00:00,205.3182373046875
2017-03-06 00:00:00+00:00,204.70684814453125
2017-03-07 00:00:00+00:00,204.09539794921875
2017-03-08 00:00:00+00:00,203.7165069580078
2017-03-09 00:00:00+00:00,203.97483825683594
2017-03-10 00:00:00+00:00,204.68960571289062
2017-03-13 00:00:00+00:00,204.79296875
2017-03-14 00:00:00+00:00,204.00929260253906
2017-03-15 00:00:00+00:00,205.7747039794922
2017-03-16 00:00:00+00:00,205.36990356445312
2017-03-17 00:00:00+00:00,205.00926208496094
2017-03-20 00:00:00+00:00,204.78436279296875
2017-03-21 00:00:00+00:00,202.1550750732422
2017-03-22 00:00:00+00:00,202.63079833984375
2017-03-23 00:00:00+00:00,202.41456604003906
2017-03-24 00:00:00+00:00,202.2674560546875
2017-03-27 00:00:00+00:00,202.05992126464844
2017-03-28 00:00:00+00:00,203.53025817871094
2017-03-29 00:00:00+00:00,203.72052001953125
2017-03-30 00:00:00+00:00,204.3692626953125
2017-03-31 00:00:00+00:00,203.89353942871094
2017-04-03 00:00:00+00:00,203.53897094726562
2017-04-04 00:00:00+00:00,203.6686553955078
2017-04-05 00:00:00+00:00,203.06321716308594
2017-04-06 00:00:00+00:00,203.634033203125
2017-04-07 00:00:00+00:00,203.42642211914062
2017-04-10 00:00:00+00:00,203.54757690429688
2017-04-11 00:00:00+00:00,203.30540466308594
2017-04-12 00:00:00+00:00,202.41456604003906
2017-04-13 00:00:00+00:00,201.0998992919922
2017-04-17 00:00:00+00:00,202.88162231445312
2017-04-18 00:00:00+00:00,202.276123046875
2017-04-19 00:00:00+00:00,201.9042510986328
2017-04-20 00:00:00+00:00,203.54757690429688
2017-04-21 00:00:00+00:00,202.89886474609375
2017-04-24 00:00:00+00:00,205.13035583496094
2017-04-25 00:00:00+00:00,206.32395935058594
2017-04-26 00:00:00+00:00,206.19415283203125
2017-04-27 00:00:00+00:00,206.36715698242188
2017-04-28 00:00:00+00:00,205.9174041748047
2017-05-01 00:00:00+00:00,206.43638610839844
2017-05-02 00:00:00+00:00,206.51419067382812
2017-05-03 00:00:00+00:00,206.2633819580078
2017-05-04 00:00:00+00:00,206.5055694580078
2017-05-05 00:00:00+00:00,207.3185272216797
2017-05-08 00:00:00+00:00,207.28399658203125
2017-05-09 00:00:00+00:00,207.09368896484375
2017-05-10 00:00:00+00:00,207.4656219482422
2017-05-11 00:00:00+00:00,207.04177856445312
2017-05-12 00:00:00+00:00,206.6958465576172
2017-05-15 00:00:00+00:00,207.83750915527344
2017-05-16 00:00:00+00:00,207.6472625732422
2017-05-17 00:00:00+00:00,203.9627685546875
2017-05-18 00:00:00+00:00,204.78436279296875
2017-05-19 00:00:00+00:00,206.11634826660156
2017-05-22 00:00:00+00:00,207.16287231445312
2017-05-23 00:00:00+00:00,207.6212615966797
2017-05-24 00:00:00+00:00,208.1056671142578
2017-05-25 00:00:00+00:00,209.10028076171875
2017-05-26 00:00:00+00:00,209.0570526123047
2017-05-30 00:00:00+00:00,208.87545776367188
2017-05-31 00:00:00+00:00,208.823486328125
2017-06-01 00:00:00+00:00,210.48414611816406
2017-06-02 00:00:00+00:00,211.18467712402344
2017-06-05 00:00:00+00:00,211.02902221679688
2017-06-06 00:00:00+00:00,210.3544158935547
2017-06-07 00:00:00+00:00,210.74363708496094
2017-06-08 00:00:00+00:00,210.8473663330078
2017-06-09 00:00:00+00:00,210.5273895263672
2017-06-12 00:00:00+00:00,210.48414611816406
2017-06-13 00:00:00+00:00,211.5133514404297
2017-06-14 00:00:00+00:00,211.24525451660156
2017-06-15 00:00:00+00:00,210.8387451171875
2017-06-16 00:00:00+00:00,210.88482666015625
2017-06-19 00:00:00+00:00,212.64044189453125
2017-06-20 00:00:00+00:00,211.2064208984375
2017-06-21 00:00:00+00:00,211.15423583984375
2017-06-22 00:00:00+00:00,211.0586700439453
2017-06-23 00:00:00+00:00,211.31069946289062
2017-06-26 00:00:00+00:00,211.44972229003906
2017-06-27 00:00:00+00:00,209.74624633789062
2017-06-28 00:00:00+00:00,211.62359619140625
2017-06-29 00:00:00+00:00,209.76365661621094
2017-06-30 00:00:00+00:00,210.15475463867188
2017-07-03 00:00:00+00:00,210.51107788085938
2017-07-05 00:00:00+00:00,210.99781799316406
2017-07-06 00:00:00+00:00,209.06832885742188
2017-07-07 00:00:00+00:00,210.42417907714844
2017-07-10 00:00:00+00:00,210.650146484375
2017-07-11 00:00:00+00:00,210.4936981201172
2017-07-12 00:00:00+00:00,212.0754852294922
2017-07-13 00:00:00+00:00,212.431884765625
2017-07-14 00:00:00+00:00,213.42266845703125
2017-07-17 00:00:00+00:00,213.3966064453125
2017-07-18 00:00:00+00:00,213.50961303710938
2017-07-19 00:00:00+00:00,214.66549682617188
2017-07-20 00:00:00+00:00,214.76112365722656
2017-07-21 00:00:00+00:00,214.5698699951172
2017-07-24 00:00:00+00:00,214.51780700683594
2017-07-25 00:00:00+00:00,215.0392608642578
2017-07-26 00:00:00+00:00,215.04794311523438
2017-07-27 00:00:00+00:00,214.84799194335938
2017-07-28 00:00:00+00:00,214.5959930419922
2017-07-31 00:00:00+00:00,214.47430419921875
2017-08-01 00:00:00+00:00,214.95233154296875
2017-08-02 00:00:00+00:00,215.056640625
2017-08-03 00:00:00+00:00,214.639404296875
2017-08-04 00:00:00+00:00,215.0305633544922
2017-08-07 00:00:00+00:00,215.43032836914062
2017-08-08 00:00:00+00:00,214.9001922607422
2017-08-09 00:00:00+00:00,214.89144897460938
2017-08-10 00:00:00+00:00,211.85821533203125
2017-08-11 00:00:00+00:00,212.1710968017578
2017-08-14 00:00:00+00:00,214.27438354492188
2017-08-15 00:00:00+00:00,214.2483673095703
2017-08-16 00:00:00+00:00,214.62210083007812
2017-08-17 00:00:00+00:00,211.27590942382812
2017-08-18 00:00:00+00:00,210.9456787109375
2017-08-21 00:00:00+00:00,211.11074829101562
2017-08-22 00:00:00+00:00,213.31837463378906
2017-08-23 00:00:00+00:00,212.55357360839844
2017-08-24 00:00:00+00:00,212.05810546875
2017-08-25 00:00:00+00:00,212.55357360839844
2017-08-28 00:00:00+00:00,212.56216430664062
2017-08-29 00:00:00+00:00,212.80557250976562
2017-08-30 00:00:00+00:00,213.8137664794922
2017-08-31 00:00:00+00:00,215.10003662109375
2017-09-01 00:00:00+00:00,215.4042205810547
2017-09-05 00:00:00+00:00,213.8572235107422
2017-09-06 00:00:00+00:00,214.5873260498047
2017-09-07 00:00:00+00:00,214.56118774414062
2017-09-08 00:00:00+00:00,214.3091583251953
2017-09-11 00:00:00+00:00,216.59495544433594
2017-09-12 00:00:00+00:00,217.32504272460938
2017-09-13 00:00:00+00:00,217.42930603027344
2017-09-14 00:00:00+00:00,217.35980224609375
2017-09-15 00:00:00+00:00,217.6524200439453
2017-09-18 00:00:00+00:00,218.1153106689453
2017-09-19 00:00:00+00:00,218.3336944580078
2017-09-20 00:00:00+00:00,218.41229248046875
2017-09-21 00:00:00+00:00,217.82713317871094
2017-09-22 00:00:00+00:00,217.87075805664062
2017-09-25 00:00:00+00:00,217.42535400390625
2017-09-26 00:00:00+00:00,217.55638122558594
2017-09-27 00:00:00+00:00,218.40359497070312
2017-09-28 00:00:00+00:00,218.66561889648438
2017-09-29 00:00:00+00:00,219.43423461914062
2017-10-02 00:00:00+00:00,220.38629150390625
2017-10-03 00:00:00+00:00,220.8579559326172
2017-10-04 00:00:00+00:00,221.11997985839844
2017-10-05 00:00:00+00:00,222.43011474609375
2017-10-06 00:00:00+00:00,222.1768341064453
2017-10-09 00:00:00+00:00,221.8100128173828
2017-10-10 00:00:00+00:00,222.39520263671875
2017-10-11 00:00:00+00:00,222.74459838867188
2017-10-12 00:00:00+00:00,222.4126739501953
2017-10-13 00:00:00+00:00,222.68341064453125
2017-10-16 00:00:00+00:00,222.98037719726562
2017-10-17 00:00:00+00:00,223.13760375976562
2017-10-18 00:00:00+00:00,223.3560028076172
2017-10-19 00:00:00+00:00,223.4171142578125
2017-10-20 00:00:00+00:00,224.57003784179688
2017-10-23 00:00:00+00:00,223.6966094970703
2017-10-24 00:00:00+00:00,224.08969116210938
2017-10-25 00:00:00+00:00,222.98037719726562
2017-10-26 00:00:00+00:00,223.2686004638672
2017-10-27 00:00:00+00:00,225.09405517578125
2017-10-30 00:00:00+00:00,224.25563049316406
2017-10-31 00:00:00+00:00,224.6049346923828
2017-11-01 00:00:00+00:00,224.9019317626953
2017-11-02 00:00:00+00:00,224.98931884765625
2017-11-03 00:00:00+00:00,225.74046325683594
2017-11-06 00:00:00+00:00,226.08982849121094
2017-11-07 00:00:00+00:00,225.93264770507812
2017-11-08 00:00:00+00:00,226.31690979003906
2017-11-09 00:00:00+00:00,225.4959259033203
2017-11-10 00:00:00+00:00,225.42604064941406
2017-11-13 00:00:00+00:00,225.6356658935547
2017-11-14 00:00:00+00:00,225.11155700683594
2017-11-15 00:00:00+00:00,223.98487854003906
2017-11-16 00:00:00+00:00,225.888916015625
2017-11-17 00:00:00+00:00,225.22511291503906
2017-11-20 00:00:00+00:00,225.6094970703125
2017-11-21 00:00:00+00:00,227.08554077148438
2017-11-22 00:00:00+00:00,226.8846435546875
2017-11-24 00:00:00+00:00,227.40872192382812
2017-11-27 00:00:00+00:00,227.2952423095703
2017-11-28 00:00:00+00:00,229.60104370117188
2017-11-29 00:00:00+00:00,229.46133422851562
2017-11-30 00:00:00+00:00,231.4702606201172
2017-12-01 00:00:00+00:00,230.98983764648438
2017-12-04 00:00:00+00:00,230.71034240722656
2017-12-05 00:00:00+00:00,229.88055419921875
2017-12-06 00:00:00+00:00,229.9242706298828
2017-12-07 00:00:00+00:00,230.6492156982422
2017-12-08 00:00:00+00:00,231.906982421875
2017-12-11 00:00:00+00:00,232.605712890625
2017-12-12 00:00:00+00:00,233.0161895751953
2017-12-13 00:00:00+00:00,232.99002075195312
2017-12-14 00:00:00+00:00,232.03802490234375
2017-12-15 00:00:00+00:00,233.9702606201172
2017-12-18 00:00:00+00:00,235.45387268066406
2017-12-19 00:00:00+00:00,234.54965209960938
2017-12-20 00:00:00+00:00,234.4267578125
2017-12-21 00:00:00+00:00,234.9096221923828
2017-12-22 00:00:00+00:00,234.84814453125
2017-12-26 00:00:00+00:00,234.56724548339844
2017-12-27 00:00:00+00:00,234.68133544921875
2017-12-28 00:00:00+00:00,235.16419982910156
2017-12-29 00:00:00+00:00,234.27748107910156
2018-01-02 00:00:00+00:00,235.95431518554688
2018-01-03 00:00:00+00:00,237.44671630859375
2018-01-04 00:00:00+00:00,238.44747924804688
2018-01-05 00:00:00+00:00,240.03659057617188
2018-01-08 00:00:00+00:00,240.47552490234375
2018-01-09 00:00:00+00:00,241.01980590820312
2018-01-10 00:00:00+00:00,240.65113830566406
2018-01-11 00:00:00+00:00,242.4068603515625
2018-01-12 00:00:00+00:00,243.9871826171875
2018-01-16 00:00:00+00:00,243.15321350097656
2018-01-17 00:00:00+00:00,245.4707794189453
2018-01-18 00:00:00+00:00,245.0581817626953
2018-01-19 00:00:00+00:00,246.17308044433594
2018-01-22 00:00:00+00:00,248.1746826171875
2018-01-23 00:00:00+00:00,248.70143127441406
2018-01-24 00:00:00+00:00,248.60487365722656
2018-01-25 00:00:00+00:00,248.710205078125
2018-01-26 00:00:00+00:00,251.58975219726562
2018-01-29 00:00:00+00:00,249.9217529296875
2018-01-30 00:00:00+00:00,247.3582763671875
2018-01-31 00:00:00+00:00,247.48118591308594
2018-02-01 00:00:00+00:00,247.2003173828125
2018-02-02 00:00:00+00:00,241.81871032714844
2018-02-05 00:00:00+00:00,231.70521545410156
2018-02-06 00:00:00+00:00,236.27035522460938
2018-02-07 00:00:00+00:00,234.98863220214844
2018-02-08 00:00:00+00:00,226.17445373535156
2018-02-09 00:00:00+00:00,229.5719757080078
2018-02-12 00:00:00+00:00,232.94308471679688
2018-02-13 00:00:00+00:00,233.52252197265625
2018-02-14 00:00:00+00:00,236.6741485595703
2018-02-15 00:00:00+00:00,239.69424438476562
2018-02-16 00:00:00+00:00,239.7643585205078
2018-02-20 00:00:00+00:00,238.26312255859375
2018-02-21 00:00:00+00:00,237.07806396484375
2018-02-22 00:00:00+00:00,237.38525390625
2018-02-23 00:00:00+00:00,241.16905212402344
2018-02-26 00:00:00+00:00,243.96958923339844
2018-02-27 00:00:00+00:00,240.9232635498047
2018-02-28 00:00:00+00:00,238.48272705078125
2018-03-01 00:00:00+00:00,235.0149383544922
2018-03-02 00:00:00+00:00,236.22645568847656
2018-03-05 00:00:00+00:00,238.95669555664062
2018-03-06 00:00:00+00:00,239.56246948242188
2018-03-07 00:00:00+00:00,239.47474670410156
2018-03-08 00:00:00+00:00,240.63352966308594
2018-03-09 00:00:00+00:00,244.82102966308594
2018-03-12 00:00:00+00:00,244.51377868652344
2018-03-13 00:00:00+00:00,242.9336700439453
2018-03-14 00:00:00+00:00,241.68704223632812
2018-03-15 00:00:00+00:00,241.42369079589844
2018-03-16 00:00:00+00:00,241.68545532226562
2018-03-19 00:00:00+00:00,238.41539001464844
2018-03-20 00:00:00+00:00,238.82078552246094
2018-03-21 00:00:00+00:00,238.3624725341797
2018-03-22 00:00:00+00:00,232.40415954589844
2018-03-23 00:00:00+00:00,227.45046997070312
2018-03-26 00:00:00+00:00,233.6732177734375
2018-03-27 00:00:00+00:00,229.69810485839844
2018-03-28 00:00:00+00:00,229.0194091796875
2018-03-29 00:00:00+00:00,231.9456787109375
2018-04-02 00:00:00+00:00,226.93927001953125
2018-04-03 00:00:00+00:00,229.84799194335938
2018-04-04 00:00:00+00:00,232.30706787109375
2018-04-05 00:00:00+00:00,234.14051818847656
2018-04-06 00:00:00+00:00,228.9224395751953
2018-04-09 00:00:00+00:00,230.05068969726562
2018-04-10 00:00:00+00:00,233.70860290527344
2018-04-11 00:00:00+00:00,232.48341369628906
2018-04-12 00:00:00+00:00,234.39605712890625
2018-04-13 00:00:00+00:00,233.70860290527344
2018-04-16 00:00:00+00:00,235.63006591796875
2018-04-17 00:00:00+00:00,238.15093994140625
2018-04-18 00:00:00+00:00,238.32725524902344
2018-04-19 00:00:00+00:00,237.005126953125
2018-04-20 00:00:00+00:00,234.9954376220703
2018-04-23 00:00:00+00:00,234.960205078125
2018-04-24 00:00:00+00:00,231.7959442138672
2018-04-25 00:00:00+00:00,232.36883544921875
2018-04-26 00:00:00+00:00,234.7310333251953
2018-04-27 00:00:00+00:00,234.95135498046875
2018-04-30 00:00:00+00:00,233.14447021484375
2018-05-01 00:00:00+00:00,233.5587921142578
2018-05-02 00:00:00+00:00,231.9898223876953
2018-05-03 00:00:00+00:00,231.47853088378906
2018-05-04 00:00:00+00:00,234.47543334960938
2018-05-07 00:00:00+00:00,235.26873779296875
2018-05-08 00:00:00+00:00,235.26873779296875
2018-05-09 00:00:00+00:00,237.5426788330078
2018-05-10 00:00:00+00:00,239.76390075683594
2018-05-11 00:00:00+00:00,240.49554443359375
2018-05-14 00:00:00+00:00,240.61013793945312
2018-05-15 00:00:00+00:00,238.9530487060547
2018-05-16 00:00:00+00:00,239.957763671875
2018-05-17 00:00:00+00:00,239.75511169433594
2018-05-18 00:00:00+00:00,239.15570068359375
2018-05-21 00:00:00+00:00,240.95387268066406
2018-05-22 00:00:00+00:00,240.2838897705078
2018-05-23 00:00:00+00:00,240.9449920654297
2018-05-24 00:00:00+00:00,240.45147705078125
2018-05-25 00:00:00+00:00,239.8785400390625
2018-05-29 00:00:00+00:00,237.11968994140625
2018-05-30 00:00:00+00:00,240.2838897705078
2018-05-31 00:00:00+00:00,238.8120574951172
2018-06-01 00:00:00+00:00,241.15663146972656
2018-06-04 00:00:00+00:00,242.3024139404297
2018-06-05 00:00:00+00:00,242.47860717773438
2018-06-06 00:00:00+00:00,244.50599670410156
2018-06-07 00:00:00+00:00,244.47947692871094
2018-06-08 00:00:00+00:00,245.2023162841797
2018-06-11 00:00:00+00:00,245.52847290039062
2018-06-12 00:00:00+00:00,245.84568786621094
2018-06-13 00:00:00+00:00,245.06130981445312
2018-06-14 00:00:00+00:00,245.67822265625
2018-06-15 00:00:00+00:00,245.36480712890625
2018-06-18 00:00:00+00:00,244.8601531982422
2018-06-19 00:00:00+00:00,243.92160034179688
2018-06-20 00:00:00+00:00,244.3377685546875
2018-06-21 00:00:00+00:00,242.80609130859375
2018-06-22 00:00:00+00:00,243.24880981445312
2018-06-25 00:00:00+00:00,239.93748474121094
2018-06-26 00:00:00+00:00,240.46875
2018-06-27 00:00:00+00:00,238.47657775878906
2018-06-28 00:00:00+00:00,239.84010314941406
2018-06-29 00:00:00+00:00,240.18539428710938
2018-07-02 00:00:00+00:00,240.6988525390625
2018-07-03 00:00:00+00:00,239.8489227294922
2018-07-05 00:00:00+00:00,241.8055877685547
2018-07-06 00:00:00+00:00,243.85086059570312
2018-07-09 00:00:00+00:00,246.046630859375
2018-07-10 00:00:00+00:00,246.93194580078125
2018-07-11 00:00:00+00:00,245.125732421875
2018-07-12 00:00:00+00:00,247.34814453125
2018-07-13 00:00:00+00:00,247.5428924560547
2018-07-16 00:00:00+00:00,247.32159423828125
2018-07-17 00:00:00+00:00,248.3219757080078
2018-07-18 00:00:00+00:00,248.84439086914062
2018-07-19 00:00:00+00:00,247.9058380126953
2018-07-20 00:00:00+00:00,247.62252807617188
2018-07-23 00:00:00+00:00,248.08297729492188
2018-07-24 00:00:00+00:00,249.33132934570312
2018-07-25 00:00:00+00:00,251.45626831054688
2018-07-26 00:00:00+00:00,250.863037109375
2018-07-27 00:00:00+00:00,249.1632080078125
2018-07-30 00:00:00+00:00,247.86160278320312
2018-07-31 00:00:00+00:00,249.0834197998047
2018-08-01 00:00:00+00:00,248.66734313964844
2018-08-02 00:00:00+00:00,250.02198791503906
2018-08-03 00:00:00+00:00,251.09332275390625
2018-08-06 00:00:00+00:00,252.0141143798828
2018-08-07 00:00:00+00:00,252.84628295898438
2018-08-08 00:00:00+00:00,252.7400665283203
2018-08-09 00:00:00+00:00,252.394775390625
2018-08-10 00:00:00+00:00,250.7036590576172
2018-08-13 00:00:00+00:00,249.76522827148438
2018-08-14 00:00:00+00:00,251.35882568359375
2018-08-15 00:00:00+00:00,249.48187255859375
2018-08-16 00:00:00+00:00,251.5005340576172
2018-08-17 00:00:00+00:00,252.3858642578125
2018-08-20 00:00:00+00:00,252.92601013183594
2018-08-21 00:00:00+00:00,253.5191650390625
2018-08-22 00:00:00+00:00,253.36871337890625
2018-08-23 00:00:00+00:00,253.0321807861328
2018-08-24 00:00:00+00:00,254.5550994873047
2018-08-27 00:00:00+00:00,256.5648193359375
2018-08-28 00:00:00+00:00,256.6888122558594
2018-08-29 00:00:00+00:00,258.0699768066406
2018-08-30 00:00:00+00:00,257.02520751953125
2018-08-31 00:00:00+00:00,257.0341796875
2018-09-04 00:00:00+00:00,256.5914001464844
2018-09-05 00:00:00+00:00,255.90084838867188
2018-09-06 00:00:00+00:00,255.13067626953125
2018-09-07 00:00:00+00:00,254.63470458984375
2018-09-10 00:00:00+00:00,255.07745361328125
2018-09-11 00:00:00+00:00,255.91851806640625
2018-09-12 00:00:00+00:00,255.98043823242188
2018-09-13 00:00:00+00:00,257.4945373535156
2018-09-14 00:00:00+00:00,257.538818359375
2018-09-17 00:00:00+00:00,256.1753234863281
2018-09-18 00:00:00+00:00,257.5653076171875
2018-09-19 00:00:00+00:00,257.83984375
2018-09-20 00:00:00+00:00,259.9292907714844
2018-09-21 00:00:00+00:00,259.69183349609375
2018-09-24 00:00:00+00:00,258.8290710449219
2018-09-25 00:00:00+00:00,258.5890197753906
2018-09-26 00:00:00+00:00,257.8151550292969
2018-09-27 00:00:00+00:00,258.5356140136719
2018-09-28 00:00:00+00:00,258.562255859375
2018-10-01 00:00:00+00:00,259.46063232421875
2018-10-02 00:00:00+00:00,259.309326171875
2018-10-03 00:00:00+00:00,259.45166015625
2018-10-04 00:00:00+00:00,257.4239196777344
2018-10-05 00:00:00+00:00,255.9830780029297
2018-10-08 00:00:00+00:00,255.9830780029297
2018-10-09 00:00:00+00:00,255.6095428466797
2018-10-10 00:00:00+00:00,247.51612854003906
2018-10-11 00:00:00+00:00,242.06419372558594
2018-10-12 00:00:00+00:00,245.4260711669922
2018-10-15 00:00:00+00:00,244.04750061035156
2018-10-16 00:00:00+00:00,249.38380432128906
2018-10-17 00:00:00+00:00,249.42832946777344
2018-10-18 00:00:00+00:00,245.8262939453125
2018-10-19 00:00:00+00:00,245.6929168701172
2018-10-22 00:00:00+00:00,244.59007263183594
2018-10-23 00:00:00+00:00,243.3448944091797
2018-10-24 00:00:00+00:00,235.97193908691406
2018-10-25 00:00:00+00:00,240.20538330078125
2018-10-26 00:00:00+00:00,235.98074340820312
2018-10-29 00:00:00+00:00,234.67344665527344
2018-10-30 00:00:00+00:00,238.15084838867188
2018-10-31 00:00:00+00:00,240.694580078125
2018-11-01 00:00:00+00:00,243.25595092773438
2018-11-02 00:00:00+00:00,241.81515502929688
2018-11-05 00:00:00+00:00,243.1493377685547
2018-11-06 00:00:00+00:00,244.68783569335938
2018-11-07 00:00:00+00:00,249.92640686035156
2018-11-08 00:00:00+00:00,249.47276306152344
2018-11-09 00:00:00+00:00,247.035888671875
2018-11-12 00:00:00+00:00,242.419921875
2018-11-13 00:00:00+00:00,241.9663848876953
2018-11-14 00:00:00+00:00,240.31210327148438
2018-11-15 00:00:00+00:00,242.82017517089844
2018-11-16 00:00:00+00:00,243.45156860351562
2018-11-19 00:00:00+00:00,239.33375549316406
2018-11-20 00:00:00+00:00,234.9046630859375
2018-11-21 00:00:00+00:00,235.70504760742188
2018-11-23 00:00:00+00:00,234.13088989257812
2018-11-26 00:00:00+00:00,237.9108123779297
2018-11-27 00:00:00+00:00,238.7112274169922
2018-11-28 00:00:00+00:00,244.2076416015625
2018-11-29 00:00:00+00:00,243.67401123046875
2018-11-30 00:00:00+00:00,245.1593017578125
2018-12-03 00:00:00+00:00,248.405517578125
2018-12-04 00:00:00+00:00,240.35653686523438
2018-12-06 00:00:00+00:00,239.991943359375
2018-12-07 00:00:00+00:00,234.41549682617188
2018-12-10 00:00:00+00:00,234.8602294921875
2018-12-11 00:00:00+00:00,234.91354370117188
2018-12-12 00:00:00+00:00,236.0963592529297
2018-12-13 00:00:00+00:00,236.01634216308594
2018-12-14 00:00:00+00:00,231.6583709716797
2018-12-17 00:00:00+00:00,227.1136016845703
2018-12-18 00:00:00+00:00,226.86465454101562
2018-12-19 00:00:00+00:00,223.46713256835938
2018-12-20 00:00:00+00:00,219.8295440673828
2018-12-21 00:00:00+00:00,215.32534790039062
2018-12-24 00:00:00+00:00,209.6358184814453
2018-12-26 00:00:00+00:00,220.22764587402344
2018-12-27 00:00:00+00:00,221.9183807373047
2018-12-28 00:00:00+00:00,221.6322021484375
2018-12-31 00:00:00+00:00,223.57337951660156
2019-01-02 00:00:00+00:00,223.8059539794922
2019-01-03 00:00:00+00:00,218.4652862548828
2019-01-04 00:00:00+00:00,225.78294372558594
2019-01-07 00:00:00+00:00,227.56320190429688
2019-01-08 00:00:00+00:00,229.7012481689453
2019-01-09 00:00:00+00:00,230.77474975585938
2019-01-10 00:00:00+00:00,231.5888214111328
2019-01-11 00:00:00+00:00,231.67823791503906
2019-01-14 00:00:00+00:00,230.26483154296875
2019-01-15 00:00:00+00:00,232.90382385253906
2019-01-16 00:00:00+00:00,233.4674072265625
2019-01-17 00:00:00+00:00,235.2386932373047
2019-01-18 00:00:00+00:00,238.36964416503906
2019-01-22 00:00:00+00:00,235.14930725097656
2019-01-23 00:00:00+00:00,235.64126586914062
2019-01-24 00:00:00+00:00,235.7664794921875
2019-01-25 00:00:00+00:00,237.76136779785156
2019-01-28 00:00:00+00:00,235.954345703125
2019-01-29 00:00:00+00:00,235.64126586914062
2019-01-30 00:00:00+00:00,239.37161254882812
2019-01-31 00:00:00+00:00,241.47384643554688
2019-02-01 00:00:00+00:00,241.5902099609375
2019-02-04 00:00:00+00:00,243.2898712158203
2019-02-05 00:00:00+00:00,244.30970764160156
2019-02-06 00:00:00+00:00,243.98768615722656
2019-02-07 00:00:00+00:00,241.6618194580078
2019-02-08 00:00:00+00:00,241.95697021484375
2019-02-11 00:00:00+00:00,242.09115600585938
2019-02-12 00:00:00+00:00,245.20433044433594
2019-02-13 00:00:00+00:00,246.0004119873047
2019-02-14 00:00:00+00:00,245.4547882080078
2019-02-15 00:00:00+00:00,248.12954711914062
2019-02-19 00:00:00+00:00,248.55894470214844
2019-02-20 00:00:00+00:00,249.05987548828125
2019-02-21 00:00:00+00:00,248.17431640625
2019-02-22 00:00:00+00:00,249.7130584716797
2019-02-25 00:00:00+00:00,250.05296325683594
2019-02-26 00:00:00+00:00,249.87399291992188
2019-02-27 00:00:00+00:00,249.76666259765625
2019-02-28 00:00:00+00:00,249.30137634277344
2019-03-01 00:00:00+00:00,250.85806274414062
2019-03-04 00:00:00+00:00,249.94552612304688
2019-03-05 00:00:00+00:00,249.6056365966797
2019-03-06 00:00:00+00:00,248.09375
2019-03-07 00:00:00+00:00,246.01840209960938
2019-03-08 00:00:00+00:00,245.5263214111328
2019-03-11 00:00:00+00:00,249.0867462158203
2019-03-12 00:00:00+00:00,250.0260772705078
2019-03-13 00:00:00+00:00,251.68101501464844
2019-03-14 00:00:00+00:00,251.52001953125
2019-03-15 00:00:00+00:00,252.7626190185547
2019-03-18 00:00:00+00:00,253.67922973632812
2019-03-19 00:00:00+00:00,253.7421417236328
2019-03-20 00:00:00+00:00,252.97833251953125
2019-03-21 00:00:00+00:00,255.8356170654297
2019-03-22 00:00:00+00:00,250.91171264648438
2019-03-25 00:00:00+00:00,250.7230987548828
2019-03-26 00:00:00+00:00,252.59194946289062
2019-03-27 00:00:00+00:00,251.2711944580078
2019-03-28 00:00:00+00:00,252.22352600097656
2019-03-29 00:00:00+00:00,253.81405639648438
2019-04-01 00:00:00+00:00,256.8239440917969
2019-04-02 00:00:00+00:00,256.9497985839844
2019-04-03 00:00:00+00:00,257.3540954589844
2019-04-04 00:00:00+00:00,258.0370178222656
2019-04-05 00:00:00+00:00,259.2860107421875
2019-04-08 00:00:00+00:00,259.48358154296875
2019-04-09 00:00:00+00:00,258.15380859375
2019-04-10 00:00:00+00:00,259.034423828125
2019-04-11 00:00:00+00:00,258.96246337890625
2019-04-12 00:00:00+00:00,260.71453857421875
2019-04-15 00:00:00+00:00,260.5439147949219
2019-04-16 00:00:00+00:00,260.71453857421875
2019-04-17 00:00:00+00:00,260.07672119140625
2019-04-18 00:00:00+00:00,260.5887756347656
2019-04-22 00:00:00+00:00,260.8134765625
2019-04-23 00:00:00+00:00,263.1585693359375
2019-04-24 00:00:00+00:00,262.5744934082031
2019-04-25 00:00:00+00:00,262.4128723144531
2019-04-26 00:00:00+00:00,263.63482666015625
2019-04-29 00:00:00+00:00,264.04815673828125
2019-04-30 00:00:00+00:00,264.1828918457031
2019-05-01 00:00:00+00:00,262.19720458984375
2019-05-02 00:00:00+00:00,261.6310729980469
2019-05-03 00:00:00+00:00,264.1918640136719
2019-05-06 00:00:00+00:00,263.10479736328125
2019-05-07 00:00:00+00:00,258.7108459472656
2019-05-08 00:00:00+00:00,258.3514404296875
2019-05-09 00:00:00+00:00,257.5698547363281
2019-05-10 00:00:00+00:00,258.8636779785156
2019-05-13 00:00:00+00:00,252.35841369628906
2019-05-14 00:00:00+00:00,254.64053344726562
2019-05-15 00:00:00+00:00,256.1321716308594
2019-05-16 00:00:00+00:00,258.5042419433594
2019-05-17 00:00:00+00:00,256.8329772949219
2019-05-20 00:00:00+00:00,255.134765625
2019-05-21 00:00:00+00:00,257.4349670410156
2019-05-22 00:00:00+00:00,256.6443176269531
2019-05-23 00:00:00+00:00,253.5084991455078
2019-05-24 00:00:00+00:00,254.08351135253906
2019-05-28 00:00:00+00:00,251.72047424316406
2019-05-29 00:00:00+00:00,250.03118896484375
2019-05-30 00:00:00+00:00,250.71405029296875
2019-05-31 00:00:00+00:00,247.33560180664062
2019-06-03 00:00:00+00:00,246.70664978027344
2019-06-04 00:00:00+00:00,252.0618438720703
2019-06-05 00:00:00+00:00,254.24525451660156
2019-06-06 00:00:00+00:00,255.89852905273438
2019-06-07 00:00:00+00:00,258.4593200683594
2019-06-10 00:00:00+00:00,259.6453552246094
2019-06-11 00:00:00+00:00,259.58245849609375
2019-06-12 00:00:00+00:00,259.124267578125
2019-06-13 00:00:00+00:00,260.1935119628906
2019-06-14 00:00:00+00:00,259.9059753417969
2019-06-17 00:00:00+00:00,260.0047607421875
2019-06-18 00:00:00+00:00,262.7272644042969
2019-06-19 00:00:00+00:00,263.32037353515625
2019-06-20 00:00:00+00:00,265.8361511230469
2019-06-21 00:00:00+00:00,265.44970703125
2019-06-24 00:00:00+00:00,265.1247253417969
2019-06-25 00:00:00+00:00,262.52435302734375
2019-06-26 00:00:00+00:00,262.262451171875
2019-06-27 00:00:00+00:00,263.1924743652344
2019-06-28 00:00:00+00:00,264.5469055175781
2019-07-01 00:00:00+00:00,266.94854736328125
2019-07-02 00:00:00+00:00,267.6437072753906
2019-07-03 00:00:00+00:00,269.7836608886719
2019-07-05 00:00:00+00:00,269.47662353515625
2019-07-08 00:00:00+00:00,267.99591064453125
2019-07-09 00:00:00+00:00,268.32989501953125
2019-07-10 00:00:00+00:00,269.612060546875
2019-07-11 00:00:00+00:00,270.2440490722656
2019-07-12 00:00:00+00:00,271.4539489746094
2019-07-15 00:00:00+00:00,271.5442199707031
2019-07-16 00:00:00+00:00,270.6684265136719
2019-07-17 00:00:00+00:00,268.8265686035156
2019-07-18 00:00:00+00:00,269.8106994628906
2019-07-19 00:00:00+00:00,268.3118591308594
2019-07-22 00:00:00+00:00,268.9709777832031
2019-07-23 00:00:00+00:00,270.8941650390625
2019-07-24 00:00:00+00:00,272.1672058105469
2019-07-25 00:00:00+00:00,270.8670654296875
2019-07-26 00:00:00+00:00,272.681884765625
2019-07-29 00:00:00+00:00,272.1853332519531
2019-07-30 00:00:00+00:00,271.51715087890625
2019-07-31 00:00:00+00:00,268.546630859375
2019-08-01 00:00:00+00:00,266.20819091796875
2019-08-02 00:00:00+00:00,264.2037658691406
2019-08-05 00:00:00+00:00,256.2582702636719
2019-08-06 00:00:00+00:00,259.851806640625
2019-08-07 00:00:00+00:00,260.00531005859375
2019-08-08 00:00:00+00:00,265.1065979003906
2019-08-09 00:00:00+00:00,263.3009948730469
2019-08-12 00:00:00+00:00,260.0956115722656
2019-08-13 00:00:00+00:00,264.1405334472656
2019-08-14 00:00:00+00:00,256.3304748535156
2019-08-15 00:00:00+00:00,257.0076599121094
2019-08-16 00:00:00+00:00,260.79986572265625
2019-08-19 00:00:00+00:00,263.94183349609375
2019-08-20 00:00:00+00:00,261.9194641113281
2019-08-21 00:00:00+00:00,264.0502624511719
2019-08-22 00:00:00+00:00,263.96905517578125
2019-08-23 00:00:00+00:00,257.1882629394531
2019-08-26 00:00:00+00:00,260.0323486328125
2019-08-27 00:00:00+00:00,259.0121154785156
2019-08-28 00:00:00+00:00,260.8359680175781
2019-08-29 00:00:00+00:00,264.1676025390625
2019-08-30 00:00:00+00:00,264.0502624511719
2019-09-03 00:00:00+00:00,262.5062561035156
2019-09-04 00:00:00+00:00,265.48583984375
2019-09-05 00:00:00+00:00,268.8987731933594
2019-09-06 00:00:00+00:00,269.10638427734375
2019-09-09 00:00:00+00:00,269.241943359375
2019-09-10 00:00:00+00:00,269.1786193847656
2019-09-11 00:00:00+00:00,271.0927734375
2019-09-12 00:00:00+00:00,272.03179931640625
2019-09-13 00:00:00+00:00,271.8511657714844
2019-09-16 00:00:00+00:00,271.0115966796875
2019-09-17 00:00:00+00:00,271.6977844238281
2019-09-18 00:00:00+00:00,271.8602600097656
2019-09-19 00:00:00+00:00,271.8421936035156
2019-09-20 00:00:00+00:00,270.557861328125
2019-09-23 00:00:00+00:00,270.494384765625
2019-09-24 00:00:00+00:00,268.37176513671875
2019-09-25 00:00:00+00:00,269.9591369628906
2019-09-26 00:00:00+00:00,269.3968200683594
2019-09-27 00:00:00+00:00,267.9455261230469
2019-09-30 00:00:00+00:00,269.1881408691406
2019-10-01 00:00:00+00:00,265.98614501953125
2019-10-02 00:00:00+00:00,261.2876892089844
2019-10-03 00:00:00+00:00,263.4283447265625
2019-10-04 00:00:00+00:00,266.9930725097656
2019-10-07 00:00:00+00:00,265.8410339355469
2019-10-08 00:00:00+00:00,261.7138977050781
2019-10-09 00:00:00+00:00,264.19927978515625
2019-10-10 00:00:00+00:00,265.98614501953125
2019-10-11 00:00:00+00:00,268.7437438964844
2019-10-14 00:00:00+00:00,268.4443359375
2019-10-15 00:00:00+00:00,271.1020202636719
2019-10-16 00:00:00+00:00,270.6667175292969
2019-10-17 00:00:00+00:00,271.46484375
2019-10-18 00:00:00+00:00,270.27655029296875
2019-10-21 00:00:00+00:00,272.1089172363281
2019-10-22 00:00:00+00:00,271.219970703125
2019-10-23 00:00:00+00:00,272.0090026855469
2019-10-24 00:00:00+00:00,272.45355224609375
2019-10-25 00:00:00+00:00,273.5692138671875
2019-10-28 00:00:00+00:00,275.1112060546875
2019-10-29 00:00:00+00:00,275.029541015625
2019-10-30 00:00:00+00:00,275.8731689453125
2019-10-31 00:00:00+00:00,275.1383972167969
2019-11-01 00:00:00+00:00,277.68731689453125
2019-11-04 00:00:00+00:00,278.802978515625
2019-11-05 00:00:00+00:00,278.4945373535156
2019-11-06 00:00:00+00:00,278.55810546875
2019-11-07 00:00:00+00:00,279.53765869140625
2019-11-08 00:00:00+00:00,280.22705078125
2019-11-11 00:00:00+00:00,279.69189453125
2019-11-12 00:00:00+00:00,280.2814025878906
2019-11-13 00:00:00+00:00,280.37225341796875
2019-11-14 00:00:00+00:00,280.7803649902344
2019-11-15 00:00:00+00:00,282.8121337890625
2019-11-18 00:00:00+00:00,283.0207824707031
2019-11-19 00:00:00+00:00,282.9391784667969
2019-11-20 00:00:00+00:00,281.886962890625
2019-11-21 00:00:00+00:00,281.4334411621094
2019-11-22 00:00:00+00:00,282.05926513671875
2019-11-25 00:00:00+00:00,284.2452392578125
2019-11-26 00:00:00+00:00,284.8893127441406
2019-11-27 00:00:00+00:00,286.15924072265625
2019-11-29 00:00:00+00:00,285.0980224609375
2019-12-02 00:00:00+00:00,282.6761474609375
2019-12-03 00:00:00+00:00,280.7803649902344
2019-12-04 00:00:00+00:00,282.51287841796875
2019-12-05 00:00:00+00:00,283.0207824707031
2019-12-06 00:00:00+00:00,285.6059265136719
2019-12-09 00:00:00+00:00,284.7079772949219
2019-12-10 00:00:00+00:00,284.39044189453125
2019-12-11 00:00:00+00:00,285.1977844238281
2019-12-12 00:00:00+00:00,287.6558532714844
2019-12-13 00:00:00+00:00,287.8282165527344
2019-12-16 00:00:00+00:00,289.8055725097656
2019-12-17 00:00:00+00:00,289.869140625
2019-12-18 00:00:00+00:00,289.8872985839844
2019-12-19 00:00:00+00:00,291.0755920410156
2019-12-20 00:00:00+00:00,292.3515625
2019-12-23 00:00:00+00:00,292.7982177734375
2019-12-24 00:00:00+00:00,292.8073425292969
2019-12-26 00:00:00+00:00,294.3660888671875
2019-12-27 00:00:00+00:00,294.2930908203125
2019-12-30 00:00:00+00:00,292.6706237792969
2019-12-31 00:00:00+00:00,293.3816223144531
2020-01-02 00:00:00+00:00,296.12530517578125
2020-01-03 00:00:00+00:00,293.88299560546875
2020-01-06 00:00:00+00:00,295.0041198730469
2020-01-07 00:00:00+00:00,294.17462158203125
2020-01-08 00:00:00+00:00,295.74249267578125
2020-01-09 00:00:00+00:00,297.7476806640625
2020-01-10 00:00:00+00:00,296.8908996582031
2020-01-13 00:00:00+00:00,298.9327697753906
2020-01-14 00:00:00+00:00,298.4770202636719
2020-01-15 00:00:00+00:00,299.1515808105469
2020-01-16 00:00:00+00:00,301.6401062011719
2020-01-17 00:00:00+00:00,302.5788269042969
2020-01-21 00:00:00+00:00,301.986328125
2020-01-22 00:00:00+00:00,302.0227966308594
2020-01-23 00:00:00+00:00,302.3692626953125
2020-01-24 00:00:00+00:00,299.68017578125
2020-01-27 00:00:00+00:00,294.8764953613281
2020-01-28 00:00:00+00:00,297.9665222167969
2020-01-29 00:00:00+00:00,297.7204284667969
2020-01-30 00:00:00+00:00,298.68670654296875
2020-01-31 00:00:00+00:00,293.2631530761719
2020-02-03 00:00:00+00:00,295.44171142578125
2020-02-04 00:00:00+00:00,299.94451904296875
2020-02-05 00:00:00+00:00,303.4082946777344
2020-02-06 00:00:00+00:00,304.4291687011719
2020-02-07 00:00:00+00:00,302.8066711425781
2020-02-10 00:00:00+00:00,305.0672607421875
2020-02-11 00:00:00+00:00,305.59600830078125
2020-02-12 00:00:00+00:00,307.56494140625
2020-02-13 00:00:00+00:00,307.23675537109375
2020-02-14 00:00:00+00:00,307.72900390625
2020-02-18 00:00:00+00:00,306.9359130859375
2020-02-19 00:00:00+00:00,308.4034118652344
2020-02-20 00:00:00+00:00,307.1364440917969
2020-02-21 00:00:00+00:00,303.97344970703125
2020-02-24 00:00:00+00:00,293.8921203613281
2020-02-25 00:00:00+00:00,284.98651123046875
2020-02-26 00:00:00+00:00,283.9383544921875
2020-02-27 00:00:00+00:00,271.1861572265625
2020-02-28 00:00:00+00:00,270.0467224121094
2020-03-02 00:00:00+00:00,281.74151611328125
2020-03-03 00:00:00+00:00,273.6745300292969
2020-03-04 00:00:00+00:00,285.1779479980469
2020-03-05 00:00:00+00:00,275.69805908203125
2020-03-06 00:00:00+00:00,271.1405334472656
2020-03-09 00:00:00+00:00,249.96588134765625
2020-03-10 00:00:00+00:00,262.900390625
2020-03-11 00:00:00+00:00,250.08447265625
2020-03-12 00:00:00+00:00,226.15704345703125
2020-03-13 00:00:00+00:00,245.49037170410156
2020-03-16 00:00:00+00:00,218.6278839111328
2020-03-17 00:00:00+00:00,230.43211364746094
2020-03-18 00:00:00+00:00,218.7646484375
2020-03-19 00:00:00+00:00,219.22952270507812
2020-03-20 00:00:00+00:00,209.781982421875
2020-03-23 00:00:00+00:00,204.4182586669922
2020-03-24 00:00:00+00:00,222.9391632080078
2020-03-25 00:00:00+00:00,226.2766876220703
2020-03-26 00:00:00+00:00,239.48890686035156
2020-03-27 00:00:00+00:00,232.35560607910156
2020-03-30 00:00:00+00:00,239.90147399902344
2020-03-31 00:00:00+00:00,236.32565307617188
2020-04-01 00:00:00+00:00,225.6898193359375
2020-04-02 00:00:00+00:00,230.897705078125
2020-04-03 00:00:00+00:00,227.56028747558594
2020-04-06 00:00:00+00:00,242.84463500976562
2020-04-07 00:00:00+00:00,243.09217834472656
2020-04-08 00:00:00+00:00,251.25241088867188
2020-04-09 00:00:00+00:00,255.07577514648438
2020-04-13 00:00:00+00:00,252.74693298339844
2020-04-14 00:00:00+00:00,260.2012023925781
2020-04-15 00:00:00+00:00,254.67239379882812
2020-04-16 00:00:00+00:00,255.90106201171875
2020-04-17 00:00:00+00:00,262.8143310546875
2020-04-20 00:00:00+00:00,258.18408203125
2020-04-21 00:00:00+00:00,250.3448028564453
2020-04-22 00:00:00+00:00,255.90106201171875
2020-04-23 00:00:00+00:00,255.88267517089844
2020-04-24 00:00:00+00:00,259.4493713378906
2020-04-27 00:00:00+00:00,263.190185546875
2020-04-28 00:00:00+00:00,261.97998046875
2020-04-29 00:00:00+00:00,268.8381652832031
2020-04-30 00:00:00+00:00,266.3351135253906
2020-05-01 00:00:00+00:00,259.2842102050781
2020-05-04 00:00:00+00:00,259.99945068359375
2020-05-05 00:00:00+00:00,262.4017333984375
2020-05-06 00:00:00+00:00,260.6229248046875
2020-05-07 00:00:00+00:00,263.767822265625
2020-05-08 00:00:00+00:00,268.1322021484375
2020-05-11 00:00:00+00:00,268.1872253417969
2020-05-12 00:00:00+00:00,262.84185791015625
2020-05-13 00:00:00+00:00,258.1932067871094
2020-05-14 00:00:00+00:00,261.2830810546875
2020-05-15 00:00:00+00:00,262.4842834472656
2020-05-18 00:00:00+00:00,270.4793701171875
2020-05-19 00:00:00+00:00,267.70123291015625
2020-05-20 00:00:00+00:00,272.2489929199219
2020-05-21 00:00:00+00:00,270.3693542480469
2020-05-22 00:00:00+00:00,270.88287353515625
2020-05-26 00:00:00+00:00,274.2202453613281
2020-05-27 00:00:00+00:00,278.3004455566406
2020-05-28 00:00:00+00:00,277.7870178222656
2020-05-29 00:00:00+00:00,279.0248107910156
2020-06-01 00:00:00+00:00,280.1524963378906
2020-06-02 00:00:00+00:00,282.4722595214844
2020-06-03 00:00:00+00:00,286.2313537597656
2020-06-04 00:00:00+00:00,285.47955322265625
2020-06-05 00:00:00+00:00,292.7962951660156
2020-06-08 00:00:00+00:00,296.3354187011719
2020-06-09 00:00:00+00:00,294.1257629394531
2020-06-10 00:00:00+00:00,292.48455810546875
2020-06-11 00:00:00+00:00,275.6230163574219
2020-06-12 00:00:00+00:00,278.9237976074219
2020-06-15 00:00:00+00:00,281.52783203125
2020-06-16 00:00:00+00:00,286.9465637207031
2020-06-17 00:00:00+00:00,285.754638671875
2020-06-18 00:00:00+00:00,285.86468505859375
2020-06-19 00:00:00+00:00,284.23095703125
2020-06-22 00:00:00+00:00,286.0543212890625
2020-06-23 00:00:00+00:00,287.371337890625
2020-06-24 00:00:00+00:00,280.0408020019531
2020-06-25 00:00:00+00:00,283.04296875
2020-06-26 00:00:00+00:00,276.3203430175781
2020-06-29 00:00:00+00:00,280.3815002441406
2020-06-30 00:00:00+00:00,283.97308349609375
2020-07-01 00:00:00+00:00,285.9622497558594
2020-07-02 00:00:00+00:00,287.5370788574219
2020-07-06 00:00:00+00:00,291.9758605957031
2020-07-07 00:00:00+00:00,288.9645080566406
2020-07-08 00:00:00+00:00,291.1746520996094
2020-07-09 00:00:00+00:00,289.5169372558594
2020-07-10 00:00:00+00:00,292.4730529785156
2020-07-13 00:00:00+00:00,289.94061279296875
2020-07-14 00:00:00+00:00,293.697998046875
2020-07-15 00:00:00+00:00,296.39630126953125
2020-07-16 00:00:00+00:00,295.4200439453125
2020-07-17 00:00:00+00:00,296.2764892578125
2020-07-20 00:00:00+00:00,298.6708984375
2020-07-21 00:00:00+00:00,299.3063049316406
2020-07-22 00:00:00+00:00,301.00994873046875
2020-07-23 00:00:00+00:00,297.41839599609375
2020-07-24 00:00:00+00:00,295.5028991699219
2020-07-27 00:00:00+00:00,297.65789794921875
2020-07-28 00:00:00+00:00,295.77001953125
2020-07-29 00:00:00+00:00,299.4075622558594
2020-07-30 00:00:00+00:00,298.3392639160156
2020-07-31 00:00:00+00:00,300.6968688964844
2020-08-03 00:00:00+00:00,302.787353515625
2020-08-04 00:00:00+00:00,303.9570007324219
2020-08-05 00:00:00+00:00,305.8448181152344
2020-08-06 00:00:00+00:00,307.88922119140625
2020-08-07 00:00:00+00:00,308.1102600097656
2020-08-10 00:00:00+00:00,309.0311279296875
2020-08-11 00:00:00+00:00,306.4801940917969
2020-08-12 00:00:00+00:00,310.7532958984375
2020-08-13 00:00:00+00:00,310.1915283203125
2020-08-14 00:00:00+00:00,310.20074462890625
2020-08-17 00:00:00+00:00,311.18609619140625
2020-08-18 00:00:00+00:00,311.8584289550781
2020-08-19 00:00:00+00:00,310.5598449707031
2020-08-20 00:00:00+00:00,311.5268249511719
2020-08-21 00:00:00+00:00,312.6319274902344
2020-08-24 00:00:00+00:00,315.7999267578125
2020-08-25 00:00:00+00:00,316.9049987792969
2020-08-26 00:00:00+00:00,320.08203125
2020-08-27 00:00:00+00:00,320.781982421875
2020-08-28 00:00:00+00:00,322.8540954589844
2020-08-31 00:00:00+00:00,321.6845397949219
2020-09-01 00:00:00+00:00,324.71435546875
2020-09-02 00:00:00+00:00,329.41107177734375
2020-09-03 00:00:00+00:00,318.0745849609375
2020-09-04 00:00:00+00:00,315.4775085449219
2020-09-08 00:00:00+00:00,306.8578186035156
2020-09-09 00:00:00+00:00,312.9174499511719
2020-09-10 00:00:00+00:00,307.4841003417969
2020-09-11 00:00:00+00:00,307.640625
2020-09-14 00:00:00+00:00,311.6925964355469
2020-09-15 00:00:00+00:00,313.2673645019531
2020-09-16 00:00:00+00:00,312.02410888671875
2020-09-17 00:00:00+00:00,309.2798767089844
2020-09-18 00:00:00+00:00,305.71917724609375
2020-09-21 00:00:00+00:00,302.3166198730469
2020-09-22 00:00:00+00:00,305.3955078125
2020-09-23 00:00:00+00:00,298.3131103515625
2020-09-24 00:00:00+00:00,299.1082763671875
2020-09-25 00:00:00+00:00,303.9439392089844
2020-09-28 00:00:00+00:00,308.99212646484375
2020-09-29 00:00:00+00:00,307.3094787597656
2020-09-30 00:00:00+00:00,309.6395263671875
2020-10-01 00:00:00+00:00,311.6274108886719
2020-10-02 00:00:00+00:00,308.66864013671875
2020-10-05 00:00:00+00:00,314.142333984375
2020-10-06 00:00:00+00:00,309.6764221191406
2020-10-07 00:00:00+00:00,315.0668640136719
2020-10-08 00:00:00+00:00,317.8591613769531
2020-10-09 00:00:00+00:00,320.69769287109375
2020-10-12 00:00:00+00:00,325.8570251464844
2020-10-13 00:00:00+00:00,323.73040771484375
2020-10-14 00:00:00+00:00,321.6961975097656
2020-10-15 00:00:00+00:00,321.2986755371094
2020-10-16 00:00:00+00:00,321.1044616699219
2020-10-19 00:00:00+00:00,316.2226257324219
2020-10-20 00:00:00+00:00,317.4892578125
2020-10-21 00:00:00+00:00,316.88836669921875
2020-10-22 00:00:00+00:00,318.6265869140625
2020-10-23 00:00:00+00:00,319.7083435058594
2020-10-26 00:00:00+00:00,313.8001403808594
2020-10-27 00:00:00+00:00,312.7183837890625
2020-10-28 00:00:00+00:00,302.030029296875
2020-10-29 00:00:00+00:00,305.0997009277344
2020-10-30 00:00:00+00:00,301.9190368652344
2020-11-02 00:00:00+00:00,305.30316162109375
2020-11-03 00:00:00+00:00,310.6934814453125
2020-11-04 00:00:00+00:00,317.6372375488281
2020-11-05 00:00:00+00:00,323.83209228515625
2020-11-06 00:00:00+00:00,323.75811767578125
2020-11-09 00:00:00+00:00,327.8263244628906
2020-11-10 00:00:00+00:00,327.34552001953125
2020-11-11 00:00:00+00:00,329.7772521972656
2020-11-12 00:00:00+00:00,326.5781555175781
2020-11-13 00:00:00+00:00,331.0994567871094
2020-11-16 00:00:00+00:00,335.232421875
2020-11-17 00:00:00+00:00,333.42950439453125
2020-11-18 00:00:00+00:00,329.4167175292969
2020-11-19 00:00:00+00:00,330.8036193847656
2020-11-20 00:00:00+00:00,328.5382995605469
2020-11-23 00:00:00+00:00,330.5076599121094
2020-11-24 00:00:00+00:00,335.83343505859375
2020-11-25 00:00:00+00:00,335.3156433105469
2020-11-27 00:00:00+00:00,336.2494812011719
2020-11-30 00:00:00+00:00,334.7608337402344
2020-12-01 00:00:00+00:00,338.42230224609375
2020-12-02 00:00:00+00:00,339.13427734375
2020-12-03 00:00:00+00:00,339.04168701171875
2020-12-04 00:00:00+00:00,341.9634704589844
2020-12-07 00:00:00+00:00,341.26080322265625
2020-12-08 00:00:00+00:00,342.2593994140625
2020-12-09 00:00:00+00:00,339.1896667480469
2020-12-10 00:00:00+00:00,339.0788269042969
2020-12-11 00:00:00+00:00,338.6811828613281
2020-12-14 00:00:00+00:00,337.1648254394531
2020-12-15 00:00:00+00:00,341.72308349609375
2020-12-16 00:00:00+00:00,342.2593994140625
2020-12-17 00:00:00+00:00,344.1733703613281
2020-12-18 00:00:00+00:00,342.79901123046875
2020-12-21 00:00:00+00:00,341.5733947753906
2020-12-22 00:00:00+00:00,340.9976501464844
2020-12-23 00:00:00+00:00,341.3041076660156
2020-12-24 00:00:00+00:00,342.6319885253906
2020-12-28 00:00:00+00:00,345.57537841796875
2020-12-29 00:00:00+00:00,344.91619873046875
2020-12-30 00:00:00+00:00,345.40826416015625
2020-12-31 00:00:00+00:00,347.1632080078125
2021-01-04 00:00:00+00:00,342.43695068359375
2021-01-05 00:00:00+00:00,344.79541015625
2021-01-06 00:00:00+00:00,346.856689453125
2021-01-07 00:00:00+00:00,352.0101623535156
2021-01-08 00:00:00+00:00,354.01580810546875
2021-01-11 00:00:00+00:00,351.6294860839844
2021-01-12 00:00:00+00:00,351.7037658691406
2021-01-13 00:00:00+00:00,352.6509094238281
2021-01-14 00:00:00+00:00,351.4158935546875
2021-01-15 00:00:00+00:00,348.8531494140625
2021-01-19 00:00:00+00:00,351.5923767089844
2021-01-20 00:00:00+00:00,356.4579772949219
2021-01-21 00:00:00+00:00,356.782958984375
2021-01-22 00:00:00+00:00,355.5201110839844
2021-01-25 00:00:00+00:00,356.92218017578125
2021-01-26 00:00:00+00:00,356.3650817871094
2021-01-27 00:00:00+00:00,347.6552734375
2021-01-28 00:00:00+00:00,350.645263671875
2021-01-29 00:00:00+00:00,343.6254577636719
2021-02-01 00:00:00+00:00,349.3453063964844
2021-02-02 00:00:00+00:00,354.2851257324219
2021-02-03 00:00:00+00:00,354.5636901855469
2021-02-04 00:00:00+00:00,358.5935363769531
2021-02-05 00:00:00+00:00,360.0049743652344
2021-02-08 00:00:00+00:00,362.60479736328125
2021-02-09 00:00:00+00:00,362.3634338378906
2021-02-10 00:00:00+00:00,362.20550537109375
2021-02-11 00:00:00+00:00,362.79046630859375
2021-02-12 00:00:00+00:00,364.5826416015625
2021-02-16 00:00:00+00:00,364.2668762207031
2021-02-17 00:00:00+00:00,364.3504943847656
2021-02-18 00:00:00+00:00,362.7997741699219
2021-02-19 00:00:00+00:00,362.1591796875
2021-02-22 00:00:00+00:00,359.37353515625
2021-02-23 00:00:00+00:00,359.8099670410156
2021-02-24 00:00:00+00:00,363.7747802734375
2021-02-25 00:00:00+00:00,355.0093688964844
2021-02-26 00:00:00+00:00,353.1801452636719
2021-03-01 00:00:00+00:00,361.7413024902344
2021-03-02 00:00:00+00:00,358.9185485839844
2021-03-03 00:00:00+00:00,354.1643981933594
2021-03-04 00:00:00+00:00,349.78167724609375
2021-03-05 00:00:00+00:00,356.2164306640625
2021-03-08 00:00:00+00:00,354.4429931640625
2021-03-09 00:00:00+00:00,359.5035705566406
2021-03-10 00:00:00+00:00,361.7413024902344
2021-03-11 00:00:00+00:00,365.40911865234375
2021-03-12 00:00:00+00:00,365.9012145996094
2021-03-15 00:00:00+00:00,368.0832824707031
2021-03-16 00:00:00+00:00,367.6189880371094
2021-03-17 00:00:00+00:00,368.8725891113281
2021-03-18 00:00:00+00:00,363.5054931640625
2021-03-19 00:00:00+00:00,362.8328857421875
2021-03-22 00:00:00+00:00,365.730224609375
2021-03-23 00:00:00+00:00,362.8515319824219
2021-03-24 00:00:00+00:00,361.00701904296875
2021-03-25 00:00:00+00:00,363.0379333496094
2021-03-26 00:00:00+00:00,368.88824462890625
2021-03-29 00:00:00+00:00,368.701904296875
2021-03-30 00:00:00+00:00,367.72381591796875
2021-03-31 00:00:00+00:00,369.2142639160156
2021-04-01 00:00:00+00:00,373.201416015625
2021-04-05 00:00:00+00:00,378.55810546875
2021-04-06 00:00:00+00:00,378.33447265625
2021-04-07 00:00:00+00:00,378.7723083496094
2021-04-08 00:00:00+00:00,380.5702819824219
2021-04-09 00:00:00+00:00,383.3371276855469
2021-04-12 00:00:00+00:00,383.47686767578125
2021-04-13 00:00:00+00:00,384.61334228515625
2021-04-14 00:00:00+00:00,383.2998046875
2021-04-15 00:00:00+00:00,387.41741943359375
2021-04-16 00:00:00+00:00,388.7123107910156
2021-04-19 00:00:00+00:00,386.8025817871094
2021-04-20 00:00:00+00:00,383.97052001953125
2021-04-21 00:00:00+00:00,387.6037902832031
2021-04-22 00:00:00+00:00,384.063720703125
2021-04-23 00:00:00+00:00,388.2279052734375
2021-04-26 00:00:00+00:00,389.0382995605469
2021-04-27 00:00:00+00:00,388.9544677734375
2021-04-28 00:00:00+00:00,388.8427429199219
2021-04-29 00:00:00+00:00,391.3207092285156
2021-04-30 00:00:00+00:00,388.74957275390625
2021-05-03 00:00:00+00:00,389.58795166015625
2021-05-04 00:00:00+00:00,387.1845397949219
2021-05-05 00:00:00+00:00,387.3056335449219
2021-05-06 00:00:00+00:00,390.3984375
2021-05-07 00:00:00+00:00,393.2398376464844
2021-05-10 00:00:00+00:00,389.3457946777344
2021-05-11 00:00:00+00:00,385.8709716796875
2021-05-12 00:00:00+00:00,377.67303466796875
2021-05-13 00:00:00+00:00,382.20989990234375
2021-05-14 00:00:00+00:00,388.078857421875
2021-05-17 00:00:00+00:00,387.0913391113281
2021-05-18 00:00:00+00:00,383.7562561035156
2021-05-19 00:00:00+00:00,382.7501220703125
2021-05-20 00:00:00+00:00,386.8678283691406
2021-05-21 00:00:00+00:00,386.551025390625
2021-05-24 00:00:00+00:00,390.4916687011719
2021-05-25 00:00:00+00:00,389.625244140625
2021-05-26 00:00:00+00:00,390.3984375
2021-05-27 00:00:00+00:00,390.6033935546875
2021-05-28 00:00:00+00:00,391.3021240234375
2021-06-01 00:00:00+00:00,390.9573974609375
2021-06-02 00:00:00+00:00,391.5722961425781
2021-06-03 00:00:00+00:00,390.1189270019531
2021-06-04 00:00:00+00:00,393.68701171875
2021-06-07 00:00:00+00:00,393.304931640625
2021-06-08 00:00:00+00:00,393.3888244628906
2021-06-09 00:00:00+00:00,392.802001953125
2021-06-10 00:00:00+00:00,394.62786865234375
2021-06-11 00:00:00+00:00,395.27996826171875
2021-06-14 00:00:00+00:00,396.1650695800781
2021-06-15 00:00:00+00:00,395.4383544921875
2021-06-16 00:00:00+00:00,393.2304382324219
2021-06-17 00:00:00+00:00,393.10003662109375
2021-06-18 00:00:00+00:00,387.7970275878906
2021-06-21 00:00:00+00:00,393.34869384765625
2021-06-22 00:00:00+00:00,395.4516296386719
2021-06-23 00:00:00+00:00,394.9749450683594
2021-06-24 00:00:00+00:00,397.3114929199219
2021-06-25 00:00:00+00:00,398.7227783203125
2021-06-28 00:00:00+00:00,399.52655029296875
2021-06-29 00:00:00+00:00,399.74163818359375
2021-06-30 00:00:00+00:00,400.07806396484375
2021-07-01 00:00:00+00:00,402.2930908203125
2021-07-02 00:00:00+00:00,405.3680114746094
2021-07-06 00:00:00+00:00,404.629638671875
2021-07-07 00:00:00+00:00,406.0596618652344
2021-07-08 00:00:00+00:00,402.7510986328125
2021-07-09 00:00:00+00:00,407.0503234863281
2021-07-12 00:00:00+00:00,408.50836181640625
2021-07-13 00:00:00+00:00,407.1158447265625
2021-07-14 00:00:00+00:00,407.7232971191406
2021-07-15 00:00:00+00:00,406.33062744140625
2021-07-16 00:00:00+00:00,403.14361572265625
2021-07-19 00:00:00+00:00,397.19000244140625
2021-07-20 00:00:00+00:00,402.8818359375
2021-07-21 00:00:00+00:00,406.143798828125
2021-07-22 00:00:00+00:00,406.99432373046875
2021-07-23 00:00:00+00:00,411.1814880371094
2021-07-26 00:00:00+00:00,412.19091796875
2021-07-27 00:00:00+00:00,410.3122253417969
2021-07-28 00:00:00+00:00,410.14398193359375
2021-07-29 00:00:00+00:00,411.84503173828125
2021-07-30 00:00:00+00:00,409.84503173828125
2021-08-02 00:00:00+00:00,408.98504638671875
2021-08-03 00:00:00+00:00,412.3123779296875
2021-08-04 00:00:00+00:00,410.2842102050781
2021-08-05 00:00:00+00:00,412.882568359375
2021-08-06 00:00:00+00:00,413.5647277832031
2021-08-09 00:00:00+00:00,413.228271484375
2021-08-10 00:00:00+00:00,413.74237060546875
2021-08-11 00:00:00+00:00,414.7704162597656
2021-08-12 00:00:00+00:00,416.0134582519531
2021-08-13 00:00:00+00:00,416.7705383300781
2021-08-16 00:00:00+00:00,417.751953125
2021-08-17 00:00:00+00:00,415.013427734375
2021-08-18 00:00:00+00:00,410.4710998535156
2021-08-19 00:00:00+00:00,411.106689453125
2021-08-20 00:00:00+00:00,414.3778381347656
2021-08-23 00:00:00+00:00,418.02294921875
2021-08-24 00:00:00+00:00,418.68658447265625
2021-08-25 00:00:00+00:00,419.56512451171875
2021-08-26 00:00:00+00:00,417.08831787109375
2021-08-27 00:00:00+00:00,420.81744384765625
2021-08-30 00:00:00+00:00,422.66802978515625
2021-08-31 00:00:00+00:00,422.0418395996094
2021-09-01 00:00:00+00:00,422.26617431640625
2021-09-02 00:00:00+00:00,423.56536865234375
2021-09-03 00:00:00+00:00,423.46246337890625
2021-09-07 00:00:00+00:00,421.9483947753906
2021-09-08 00:00:00+00:00,421.4343566894531
2021-09-09 00:00:00+00:00,419.63055419921875
2021-09-10 00:00:00+00:00,416.3218688964844
2021-09-13 00:00:00+00:00,417.3873291015625
2021-09-14 00:00:00+00:00,415.13494873046875
2021-09-15 00:00:00+00:00,418.6024169921875
2021-09-16 00:00:00+00:00,417.9388732910156
2021-09-17 00:00:00+00:00,413.8677062988281
2021-09-20 00:00:00+00:00,406.9667053222656
2021-09-21 00:00:00+00:00,406.58233642578125
2021-09-22 00:00:00+00:00,410.5484924316406
2021-09-23 00:00:00+00:00,415.53662109375
2021-09-24 00:00:00+00:00,416.2211608886719
2021-09-27 00:00:00+00:00,415.03033447265625
2021-09-28 00:00:00+00:00,406.6666564941406
2021-09-29 00:00:00+00:00,407.3512268066406
2021-09-30 00:00:00+00:00,402.3724365234375
2021-10-01 00:00:00+00:00,407.154296875
2021-10-04 00:00:00+00:00,401.9035949707031
2021-10-05 00:00:00+00:00,406.08538818359375
2021-10-06 00:00:00+00:00,407.7731018066406
2021-10-07 00:00:00+00:00,411.2986145019531
2021-10-08 00:00:00+00:00,410.5484924316406
2021-10-11 00:00:00+00:00,407.57623291015625
2021-10-12 00:00:00+00:00,406.5729064941406
2021-10-13 00:00:00+00:00,408.03564453125
2021-10-14 00:00:00+00:00,414.8990173339844
2021-10-15 00:00:00+00:00,418.05889892578125
2021-10-18 00:00:00+00:00,419.2965087890625
2021-10-19 00:00:00+00:00,422.5313415527344
2021-10-20 00:00:00+00:00,424.19085693359375
2021-10-21 00:00:00+00:00,425.29730224609375
2021-10-22 00:00:00+00:00,424.85662841796875
2021-10-25 00:00:00+00:00,427.1351013183594
2021-10-26 00:00:00+00:00,427.51947021484375
2021-10-27 00:00:00+00:00,425.6253967285156
2021-10-28 00:00:00+00:00,429.73223876953125
2021-10-29 00:00:00+00:00,430.604248046875
2021-11-01 00:00:00+00:00,431.3451232910156
2021-11-02 00:00:00+00:00,433.0890197753906
2021-11-03 00:00:00+00:00,435.7330322265625
2021-11-04 00:00:00+00:00,437.7864990234375
2021-11-05 00:00:00+00:00,439.30548095703125
2021-11-08 00:00:00+00:00,439.68048095703125
2021-11-09 00:00:00+00:00,438.2271728515625
2021-11-10 00:00:00+00:00,434.7016296386719
2021-11-11 00:00:00+00:00,434.8423156738281
2021-11-12 00:00:00+00:00,438.12408447265625
2021-11-15 00:00:00+00:00,438.2740783691406
2021-11-16 00:00:00+00:00,440.0086669921875
2021-11-17 00:00:00+00:00,438.9397888183594
2021-11-18 00:00:00+00:00,440.4306335449219
2021-11-19 00:00:00+00:00,439.6429138183594
2021-11-22 00:00:00+00:00,438.40533447265625
2021-11-23 00:00:00+00:00,438.98663330078125
2021-11-24 00:00:00+00:00,440.15869140625
2021-11-26 00:00:00+00:00,430.34173583984375
2021-11-29 00:00:00+00:00,435.6205749511719
2021-11-30 00:00:00+00:00,427.1444091796875
2021-12-01 00:00:00+00:00,422.4000549316406
2021-12-02 00:00:00+00:00,428.8695983886719
2021-12-03 00:00:00+00:00,425.1379089355469
2021-12-06 00:00:00+00:00,430.1729431152344
2021-12-07 00:00:00+00:00,439.0710754394531
2021-12-08 00:00:00+00:00,440.23370361328125
2021-12-09 00:00:00+00:00,437.2614440917969
2021-12-10 00:00:00+00:00,441.3776550292969
2021-12-13 00:00:00+00:00,437.4677734375
2021-12-14 00:00:00+00:00,434.4579162597656
2021-12-15 00:00:00+00:00,441.2463073730469
2021-12-16 00:00:00+00:00,437.3551940917969
2021-12-17 00:00:00+00:00,432.70050048828125
2021-12-20 00:00:00+00:00,428.099365234375
2021-12-21 00:00:00+00:00,435.7019958496094
2021-12-22 00:00:00+00:00,440.0583801269531
2021-12-23 00:00:00+00:00,442.7965087890625
2021-12-27 00:00:00+00:00,449.06298828125
2021-12-28 00:00:00+00:00,448.6960144042969
2021-12-29 00:00:00+00:00,449.2701416015625
2021-12-30 00:00:00+00:00,448.0280456542969
2021-12-31 00:00:00+00:00,446.89898681640625
2022-01-03 00:00:00+00:00,449.4864501953125
2022-01-04 00:00:00+00:00,449.3359069824219
2022-01-05 00:00:00+00:00,440.7076721191406
2022-01-06 00:00:00+00:00,440.293701171875
2022-01-07 00:00:00+00:00,438.55291748046875
2022-01-10 00:00:00+00:00,438.0072021484375
2022-01-11 00:00:00+00:00,441.99676513671875
2022-01-12 00:00:00+00:00,443.1916809082031
2022-01-13 00:00:00+00:00,437.08514404296875
2022-01-14 00:00:00+00:00,437.263916015625
2022-01-18 00:00:00+00:00,429.5202331542969
2022-01-19 00:00:00+00:00,425.0601501464844
2022-01-20 00:00:00+00:00,420.3555908203125
2022-01-21 00:00:00+00:00,412.10382080078125
2022-01-24 00:00:00+00:00,413.8538513183594
2022-01-25 00:00:00+00:00,408.80108642578125
2022-01-26 00:00:00+00:00,407.7754821777344
2022-01-27 00:00:00+00:00,405.7619934082031
2022-01-28 00:00:00+00:00,415.8392639160156
2022-01-31 00:00:00+00:00,423.32891845703125
2022-02-01 00:00:00+00:00,426.18939208984375
2022-02-02 00:00:00+00:00,430.329345703125
2022-02-03 00:00:00+00:00,420.2144775390625
2022-02-04 00:00:00+00:00,422.1903991699219
2022-02-07 00:00:00+00:00,420.83544921875
2022-02-08 00:00:00+00:00,424.2980651855469
2022-02-09 00:00:00+00:00,430.50811767578125
2022-02-10 00:00:00+00:00,422.77374267578125
2022-02-11 00:00:00+00:00,414.43719482421875
2022-02-14 00:00:00+00:00,413.082275390625
2022-02-15 00:00:00+00:00,419.7439880371094
2022-02-16 00:00:00+00:00,420.2144775390625
2022-02-17 00:00:00+00:00,411.2381286621094
2022-02-18 00:00:00+00:00,408.5752868652344
2022-02-22 00:00:00+00:00,404.1905822753906
2022-02-23 00:00:00+00:00,397.02081298828125
2022-02-24 00:00:00+00:00,402.99560546875
2022-02-25 00:00:00+00:00,411.8873596191406
2022-02-28 00:00:00+00:00,410.83349609375
2022-03-01 00:00:00+00:00,404.576416015625
2022-03-02 00:00:00+00:00,412.01904296875
2022-03-03 00:00:00+00:00,409.9677734375
2022-03-04 00:00:00+00:00,406.636962890625
2022-03-07 00:00:00+00:00,394.6496276855469
2022-03-08 00:00:00+00:00,391.6575927734375
2022-03-09 00:00:00+00:00,402.1582336425781
2022-03-10 00:00:00+00:00,400.3421936035156
2022-03-11 00:00:00+00:00,395.2519226074219
2022-03-14 00:00:00+00:00,392.3631896972656
2022-03-15 00:00:00+00:00,400.99151611328125
2022-03-16 00:00:00+00:00,409.8831787109375
2022-03-17 00:00:00+00:00,415.0111999511719
2022-03-18 00:00:00+00:00,419.55670166015625
2022-03-21 00:00:00+00:00,419.4340515136719
2022-03-22 00:00:00+00:00,424.3420104980469
2022-03-23 00:00:00+00:00,418.8771057128906
2022-03-24 00:00:00+00:00,425.19146728515625
2022-03-25 00:00:00+00:00,427.2679443359375
2022-03-28 00:00:00+00:00,430.30706787109375
2022-03-29 00:00:00+00:00,435.6303405761719
2022-03-30 00:00:00+00:00,432.9403991699219
2022-03-31 00:00:00+00:00,426.27691650390625
2022-04-01 00:00:00+00:00,427.4850158691406
2022-04-04 00:00:00+00:00,431.14715576171875
2022-04-05 00:00:00+00:00,425.7010803222656
2022-04-06 00:00:00+00:00,421.44439697265625
2022-04-07 00:00:00+00:00,423.56805419921875
2022-04-08 00:00:00+00:00,422.4354248046875
2022-04-11 00:00:00+00:00,415.21502685546875
2022-04-12 00:00:00+00:00,413.67657470703125
2022-04-13 00:00:00+00:00,418.4147033691406
2022-04-14 00:00:00+00:00,413.2047119140625
2022-04-18 00:00:00+00:00,413.37451171875
2022-04-19 00:00:00+00:00,420.0475158691406
2022-04-20 00:00:00+00:00,419.736083984375
2022-04-21 00:00:00+00:00,413.45947265625
2022-04-22 00:00:00+00:00,402.1145324707031
2022-04-25 00:00:00+00:00,404.4458312988281
2022-04-26 00:00:00+00:00,392.7326965332031
2022-04-27 00:00:00+00:00,393.8370056152344
2022-04-28 00:00:00+00:00,403.78509521484375
2022-04-29 00:00:00+00:00,388.8630676269531
2022-05-02 00:00:00+00:00,391.2037048339844
2022-05-03 00:00:00+00:00,392.9969787597656
2022-05-04 00:00:00+00:00,404.96490478515625
2022-05-05 00:00:00+00:00,390.5713806152344
2022-05-06 00:00:00+00:00,388.2400207519531
2022-05-09 00:00:00+00:00,375.8096008300781
2022-05-10 00:00:00+00:00,376.6779479980469
2022-05-11 00:00:00+00:00,370.6940002441406
2022-05-12 00:00:00+00:00,370.3070068359375
2022-05-13 00:00:00+00:00,379.1602478027344
2022-05-16 00:00:00+00:00,377.62176513671875
2022-05-17 00:00:00+00:00,385.3896789550781
2022-05-18 00:00:00+00:00,369.8539733886719
2022-05-19 00:00:00+00:00,367.5887451171875
2022-05-20 00:00:00+00:00,367.7492370605469
2022-05-23 00:00:00+00:00,374.6298828125
2022-05-24 00:00:00+00:00,371.7699890136719
2022-05-25 00:00:00+00:00,375.0545349121094
2022-05-26 00:00:00+00:00,382.5486755371094
2022-05-27 00:00:00+00:00,391.93994140625
2022-05-31 00:00:00+00:00,389.74072265625
2022-06-01 00:00:00+00:00,386.58831787109375
2022-06-02 00:00:00+00:00,393.9502868652344
2022-06-03 00:00:00+00:00,387.4849548339844
2022-06-06 00:00:00+00:00,388.66485595703125
2022-06-07 00:00:00+00:00,392.3930358886719
2022-06-08 00:00:00+00:00,388.1267395019531
2022-06-09 00:00:00+00:00,378.8959655761719
2022-06-10 00:00:00+00:00,367.9096374511719
2022-06-13 00:00:00+00:00,353.9408874511719
2022-06-14 00:00:00+00:00,352.8742370605469
2022-06-15 00:00:00+00:00,357.9049987792969
2022-06-16 00:00:00+00:00,346.05975341796875
2022-06-17 00:00:00+00:00,346.80572509765625
2022-06-21 00:00:00+00:00,355.5360412597656
2022-06-22 00:00:00+00:00,354.89154052734375
2022-06-23 00:00:00+00:00,358.3703308105469
2022-06-24 00:00:00+00:00,369.7643127441406
2022-06-27 00:00:00+00:00,368.3519287109375
2022-06-28 00:00:00+00:00,360.825439453125
2022-06-29 00:00:00+00:00,360.5316162109375
2022-06-30 00:00:00+00:00,357.6025390625
2022-07-01 00:00:00+00:00,361.3846435546875
2022-07-05 00:00:00+00:00,362.0672607421875
2022-07-06 00:00:00+00:00,363.29010009765625
2022-07-07 00:00:00+00:00,368.7310485839844
2022-07-08 00:00:00+00:00,368.42779541015625
2022-07-11 00:00:00+00:00,364.2190856933594
2022-07-12 00:00:00+00:00,360.9961853027344
2022-07-13 00:00:00+00:00,359.10015869140625
2022-07-14 00:00:00+00:00,358.2281188964844
2022-07-15 00:00:00+00:00,365.0721435546875
2022-07-18 00:00:00+00:00,362.05780029296875
2022-07-19 00:00:00+00:00,371.84033203125
2022-07-20 00:00:00+00:00,374.2100524902344
2022-07-21 00:00:00+00:00,378.0207214355469
2022-07-22 00:00:00+00:00,374.5134582519531
2022-07-25 00:00:00+00:00,374.96844482421875
2022-07-26 00:00:00+00:00,370.5321960449219
2022-07-27 00:00:00+00:00,380.1535339355469
2022-07-28 00:00:00+00:00,384.92156982421875
2022-07-29 00:00:00+00:00,390.5332946777344
2022-08-01 00:00:00+00:00,389.37677001953125
2022-08-02 00:00:00+00:00,386.8079833984375
2022-08-03 00:00:00+00:00,392.8651428222656
2022-08-04 00:00:00+00:00,392.5997314453125
2022-08-05 00:00:00+00:00,391.93621826171875
2022-08-08 00:00:00+00:00,391.4812316894531
2022-08-09 00:00:00+00:00,389.9266052246094
2022-08-10 00:00:00+00:00,398.1166076660156
2022-08-11 00:00:00+00:00,398.1166076660156
2022-08-12 00:00:00+00:00,404.8562316894531
2022-08-15 00:00:00+00:00,406.5246276855469
2022-08-16 00:00:00+00:00,407.3208923339844
2022-08-17 00:00:00+00:00,404.4298095703125
2022-08-18 00:00:00+00:00,405.60516357421875
2022-08-19 00:00:00+00:00,400.15472412109375
2022-08-22 00:00:00+00:00,391.82244873046875
2022-08-23 00:00:00+00:00,390.87451171875
2022-08-24 00:00:00+00:00,392.125732421875
2022-08-25 00:00:00+00:00,397.66162109375
2022-08-26 00:00:00+00:00,384.2011413574219
2022-08-29 00:00:00+00:00,381.6607666015625
2022-08-30 00:00:00+00:00,377.470947265625
2022-08-31 00:00:00+00:00,374.5987243652344
2022-09-01 00:00:00+00:00,375.77410888671875
2022-09-02 00:00:00+00:00,371.811767578125
2022-09-06 00:00:00+00:00,370.408935546875
2022-09-07 00:00:00+00:00,377.0633850097656
2022-09-08 00:00:00+00:00,379.5279541015625
2022-09-09 00:00:00+00:00,385.424072265625
2022-09-12 00:00:00+00:00,389.5663757324219
2022-09-13 00:00:00+00:00,372.6271057128906
2022-09-14 00:00:00+00:00,374.0489501953125
2022-09-15 00:00:00+00:00,369.8022155761719
2022-09-16 00:00:00+00:00,366.98114013671875
2022-09-19 00:00:00+00:00,369.8270263671875
2022-09-20 00:00:00+00:00,365.5819396972656
2022-09-21 00:00:00+00:00,359.20477294921875
2022-09-22 00:00:00+00:00,356.18756103515625
2022-09-23 00:00:00+00:00,350.21966552734375
2022-09-26 00:00:00+00:00,346.75506591796875
2022-09-27 00:00:00+00:00,345.86993408203125
2022-09-28 00:00:00+00:00,352.67529296875
2022-09-29 00:00:00+00:00,345.3083190917969
2022-09-30 00:00:00+00:00,339.9686584472656
2022-10-03 00:00:00+00:00,348.9442443847656
2022-10-04 00:00:00+00:00,359.7568664550781
2022-10-05 00:00:00+00:00,358.919189453125
2022-10-06 00:00:00+00:00,355.2167053222656
2022-10-07 00:00:00+00:00,345.3083190917969
2022-10-10 00:00:00+00:00,342.6717834472656
2022-10-11 00:00:00+00:00,340.50164794921875
2022-10-12 00:00:00+00:00,339.37847900390625
2022-10-13 00:00:00+00:00,348.3351135253906
2022-10-14 00:00:00+00:00,340.39691162109375
2022-10-17 00:00:00+00:00,349.14410400390625
2022-10-18 00:00:00+00:00,353.24639892578125
2022-10-19 00:00:00+00:00,350.7431945800781
2022-10-20 00:00:00+00:00,347.802001953125
2022-10-21 00:00:00+00:00,356.2541809082031
2022-10-24 00:00:00+00:00,360.6134948730469
2022-10-25 00:00:00+00:00,366.3719482421875
2022-10-26 00:00:00+00:00,363.61163330078125
2022-10-27 00:00:00+00:00,361.6700439453125
2022-10-28 00:00:00+00:00,370.2742919921875
2022-10-31 00:00:00+00:00,367.59979248046875
2022-11-01 00:00:00+00:00,365.9911804199219
2022-11-02 00:00:00+00:00,356.8062438964844
2022-11-03 00:00:00+00:00,353.13226318359375
2022-11-04 00:00:00+00:00,358.21490478515625
2022-11-07 00:00:00+00:00,361.6414489746094
2022-11-08 00:00:00+00:00,363.5926818847656
2022-11-09 00:00:00+00:00,356.10186767578125
2022-11-10 00:00:00+00:00,375.671142578125
2022-11-11 00:00:00+00:00,379.3070983886719
2022-11-14 00:00:00+00:00,376.0804138183594
2022-11-15 00:00:00+00:00,379.2880859375
2022-11-16 00:00:00+00:00,376.39453125
2022-11-17 00:00:00+00:00,375.2427978515625
2022-11-18 00:00:00+00:00,376.94659423828125
2022-11-21 00:00:00+00:00,375.575927734375
2022-11-22 00:00:00+00:00,380.6300964355469
2022-11-23 00:00:00+00:00,383.0287780761719
2022-11-25 00:00:00+00:00,382.9429626464844
2022-11-28 00:00:00+00:00,376.8323669433594
2022-11-29 00:00:00+00:00,376.18511962890625
2022-11-30 00:00:00+00:00,388.03521728515625
2022-12-01 00:00:00+00:00,387.7496032714844
2022-12-02 00:00:00+00:00,387.3022766113281
2022-12-05 00:00:00+00:00,380.3350830078125
2022-12-06 00:00:00+00:00,374.8526306152344
2022-12-07 00:00:00+00:00,374.21490478515625
2022-12-08 00:00:00+00:00,377.146484375
2022-12-09 00:00:00+00:00,374.3291320800781
2022-12-12 00:00:00+00:00,379.7258605957031
2022-12-13 00:00:00+00:00,382.6003723144531
2022-12-14 00:00:00+00:00,380.1541442871094
2022-12-15 00:00:00+00:00,370.8550109863281
2022-12-16 00:00:00+00:00,366.4765930175781
2022-12-19 00:00:00+00:00,363.3689880371094
2022-12-20 00:00:00+00:00,363.8662414550781
2022-12-21 00:00:00+00:00,369.306884765625
2022-12-22 00:00:00+00:00,364.0382995605469
2022-12-23 00:00:00+00:00,366.13238525390625
2022-12-27 00:00:00+00:00,364.6885681152344
2022-12-28 00:00:00+00:00,360.15625
2022-12-29 00:00:00+00:00,366.6391296386719
2022-12-30 00:00:00+00:00,365.6733703613281
2023-01-03 00:00:00+00:00,364.13397216796875
2023-01-04 00:00:00+00:00,366.9451904296875
2023-01-05 00:00:00+00:00,362.757080078125
2023-01-06 00:00:00+00:00,371.0757751464844
2023-01-09 00:00:00+00:00,370.8655090332031
2023-01-10 00:00:00+00:00,373.4662780761719
2023-01-11 00:00:00+00:00,378.18988037109375
2023-01-12 00:00:00+00:00,379.5667419433594
2023-01-13 00:00:00+00:00,381.0393371582031
2023-01-17 00:00:00+00:00,380.3412780761719
2023-01-18 00:00:00+00:00,374.3364562988281
2023-01-19 00:00:00+00:00,371.611328125
2023-01-20 00:00:00+00:00,378.53411865234375
2023-01-23 00:00:00+00:00,383.0759582519531
2023-01-24 00:00:00+00:00,382.6648254394531
2023-01-25 00:00:00+00:00,382.80816650390625
2023-01-26 00:00:00+00:00,387.015380859375
2023-01-27 00:00:00+00:00,387.9046630859375
2023-01-30 00:00:00+00:00,383.0377502441406
2023-01-31 00:00:00+00:00,388.6696472167969
2023-02-01 00:00:00+00:00,392.8003234863281
2023-02-02 00:00:00+00:00,398.5183410644531
2023-02-03 00:00:00+00:00,394.2824401855469
2023-02-06 00:00:00+00:00,391.8728332519531
2023-02-07 00:00:00+00:00,396.998046875
2023-02-08 00:00:00+00:00,392.6569519042969
2023-02-09 00:00:00+00:00,389.2528991699219
2023-02-10 00:00:00+00:00,390.1612548828125
2023-02-13 00:00:00+00:00,394.7413635253906
2023-02-14 00:00:00+00:00,394.5597229003906
2023-02-15 00:00:00+00:00,395.84100341796875
2023-02-16 00:00:00+00:00,390.3907470703125
2023-02-17 00:00:00+00:00,389.4154968261719
2023-02-21 00:00:00+00:00,381.6033935546875
2023-02-22 00:00:00+00:00,381.07757568359375
2023-02-23 00:00:00+00:00,383.1047058105469
2023-02-24 00:00:00+00:00,379.0121765136719
2023-02-27 00:00:00+00:00,380.3030090332031
2023-02-28 00:00:00+00:00,378.8974914550781
2023-03-01 00:00:00+00:00,377.4439697265625
2023-03-02 00:00:00+00:00,380.3794860839844
2023-03-03 00:00:00+00:00,386.47998046875
2023-03-06 00:00:00+00:00,386.7477111816406
2023-03-07 00:00:00+00:00,380.8193664550781
2023-03-08 00:00:00+00:00,381.4408874511719
2023-03-09 00:00:00+00:00,374.40338134765625
2023-03-10 00:00:00+00:00,369.00091552734375
2023-03-13 00:00:00+00:00,368.47503662109375
2023-03-14 00:00:00+00:00,374.5659484863281
2023-03-15 00:00:00+00:00,372.2232666015625
2023-03-16 00:00:00+00:00,378.75396728515625
2023-03-17 00:00:00+00:00,374.32537841796875
2023-03-20 00:00:00+00:00,377.92474365234375
2023-03-21 00:00:00+00:00,382.8871154785156
2023-03-22 00:00:00+00:00,376.3601989746094
2023-03-23 00:00:00+00:00,377.3776550292969
2023-03-24 00:00:00+00:00,379.85406494140625
2023-03-27 00:00:00+00:00,380.5643005371094
2023-03-28 00:00:00+00:00,379.7099914550781
2023-03-29 00:00:00+00:00,385.2290954589844
2023-03-30 00:00:00+00:00,387.48468017578125
2023-03-31 00:00:00+00:00,392.9461364746094
2023-04-03 00:00:00+00:00,394.4435119628906
2023-04-04 00:00:00+00:00,392.2550048828125
2023-04-05 00:00:00+00:00,391.2279968261719
2023-04-06 00:00:00+00:00,392.754150390625
2023-04-10 00:00:00+00:00,393.15728759765625
2023-04-11 00:00:00+00:00,393.2628479003906
2023-04-12 00:00:00+00:00,391.6599426269531
2023-04-13 00:00:00+00:00,396.86224365234375
2023-04-14 00:00:00+00:00,395.892822265625
2023-04-17 00:00:00+00:00,397.3133850097656
2023-04-18 00:00:00+00:00,397.5725402832031
2023-04-19 00:00:00+00:00,397.50537109375
2023-04-20 00:00:00+00:00,395.3360900878906
2023-04-21 00:00:00+00:00,395.64324951171875
2023-04-24 00:00:00+00:00,396.0560302734375
2023-04-25 00:00:00+00:00,389.7690734863281
2023-04-26 00:00:00+00:00,388.1181640625
2023-04-27 00:00:00+00:00,395.8448181152344
2023-04-28 00:00:00+00:00,399.2234191894531
2023-05-01 00:00:00+00:00,398.82025146484375
2023-05-02 00:00:00+00:00,394.3378601074219
2023-05-03 00:00:00+00:00,391.6311340332031
2023-05-04 00:00:00+00:00,388.85723876953125
2023-05-05 00:00:00+00:00,396.0560302734375
2023-05-08 00:00:00+00:00,396.1615905761719
2023-05-09 00:00:00+00:00,394.4242248535156
2023-05-10 00:00:00+00:00,396.2671203613281
2023-05-11 00:00:00+00:00,395.57611083984375
2023-05-12 00:00:00+00:00,395.0577087402344
2023-05-15 00:00:00+00:00,396.4207458496094
2023-05-16 00:00:00+00:00,393.7715759277344
2023-05-17 00:00:00+00:00,398.5515441894531
2023-05-18 00:00:00+00:00,402.3909606933594
2023-05-19 00:00:00+00:00,401.8053894042969
2023-05-22 00:00:00+00:00,401.96856689453125
2023-05-23 00:00:00+00:00,397.4573059082031
2023-05-24 00:00:00+00:00,394.5778503417969
2023-05-25 00:00:00+00:00,397.9947509765625
2023-05-26 00:00:00+00:00,403.14910888671875
2023-05-30 00:00:00+00:00,403.3027038574219
2023-05-31 00:00:00+00:00,401.0662841796875
2023-06-01 00:00:00+00:00,404.8768615722656
2023-06-02 00:00:00+00:00,410.7318115234375
2023-06-05 00:00:00+00:00,409.9447937011719
2023-06-06 00:00:00+00:00,410.83746337890625
2023-06-07 00:00:00+00:00,409.4168395996094
2023-06-08 00:00:00+00:00,411.8931884765625
2023-06-09 00:00:00+00:00,412.63232421875
2023-06-12 00:00:00+00:00,416.3756408691406
2023-06-13 00:00:00+00:00,419.1207580566406
2023-06-14 00:00:00+00:00,419.6199035644531
2023-06-15 00:00:00+00:00,424.8221740722656
2023-06-16 00:00:00+00:00,423.3751525878906
2023-06-20 00:00:00+00:00,421.1785583496094
2023-06-21 00:00:00+00:00,419.0206298828125
2023-06-22 00:00:00+00:00,420.5331115722656
2023-06-23 00:00:00+00:00,417.3539123535156
2023-06-26 00:00:00+00:00,415.648681640625
2023-06-27 00:00:00+00:00,420.2055969238281
2023-06-28 00:00:00+00:00,420.4175109863281
2023-06-29 00:00:00+00:00,422.0745849609375
2023-06-30 00:00:00+00:00,427.05535888671875
2023-07-03 00:00:00+00:00,427.546630859375
2023-07-05 00:00:00+00:00,426.9107666015625
2023-07-06 00:00:00+00:00,423.56781005859375
2023-07-07 00:00:00+00:00,422.4983825683594
2023-07-10 00:00:00+00:00,423.56781005859375
2023-07-11 00:00:00+00:00,426.265380859375
2023-07-12 00:00:00+00:00,429.6950378417969
2023-07-13 00:00:00+00:00,433.1054382324219
2023-07-14 00:00:00+00:00,432.8357238769531
2023-07-17 00:00:00+00:00,434.3385925292969
2023-07-18 00:00:00+00:00,437.5660095214844
2023-07-19 00:00:00+00:00,438.5390319824219
2023-07-20 00:00:00+00:00,435.62957763671875
2023-07-21 00:00:00+00:00,435.62957763671875
2023-07-24 00:00:00+00:00,437.5756530761719
2023-07-25 00:00:00+00:00,438.770263671875
2023-07-26 00:00:00+00:00,438.83770751953125
2023-07-27 00:00:00+00:00,435.92822265625
2023-07-28 00:00:00+00:00,440.1961364746094
2023-07-31 00:00:00+00:00,441.03424072265625
2023-08-01 00:00:00+00:00,439.7721862792969
2023-08-02 00:00:00+00:00,433.6546325683594
2023-08-03 00:00:00+00:00,432.41180419921875
2023-08-04 00:00:00+00:00,430.4561767578125
2023-08-07 00:00:00+00:00,434.21337890625
2023-08-08 00:00:00+00:00,432.3251037597656
2023-08-09 00:00:00+00:00,429.43487548828125
2023-08-10 00:00:00+00:00,429.5890808105469
2023-08-11 00:00:00+00:00,429.3386535644531
2023-08-14 00:00:00+00:00,431.70855712890625
2023-08-15 00:00:00+00:00,426.6796569824219
2023-08-16 00:00:00+00:00,423.5485534667969
2023-08-17 00:00:00+00:00,420.3211364746094
2023-08-18 00:00:00+00:00,420.5234680175781
2023-08-21 00:00:00+00:00,423.2594909667969
2023-08-22 00:00:00+00:00,422.1130676269531
2023-08-23 00:00:00+00:00,426.8144836425781
2023-08-24 00:00:00+00:00,420.89923095703125
2023-08-25 00:00:00+00:00,423.86651611328125
2023-08-28 00:00:00+00:00,426.55438232421875
2023-08-29 00:00:00+00:00,432.7200927734375
2023-08-30 00:00:00+00:00,434.50244140625
2023-08-31 00:00:00+00:00,433.86651611328125
2023-09-01 00:00:00+00:00,434.6758117675781
2023-09-05 00:00:00+00:00,432.79718017578125
2023-09-06 00:00:00+00:00,429.8877258300781
2023-09-07 00:00:00+00:00,428.56787109375
2023-09-08 00:00:00+00:00,429.2132873535156
2023-09-11 00:00:00+00:00,432.0360412597656
2023-09-12 00:00:00+00:00,429.6661682128906
2023-09-13 00:00:00+00:00,430.1671142578125
2023-09-14 00:00:00+00:00,433.8761901855469
2023-09-15 00:00:00+00:00,428.6487121582031
2023-09-18 00:00:00+00:00,428.9000549316406
2023-09-19 00:00:00+00:00,428.01068115234375
2023-09-20 00:00:00+00:00,424.0758361816406
2023-09-21 00:00:00+00:00,417.0664978027344
2023-09-22 00:00:00+00:00,416.1286926269531
2023-09-25 00:00:00+00:00,417.8785705566406
2023-09-26 00:00:00+00:00,411.7394714355469
2023-09-27 00:00:00+00:00,411.9037780761719
2023-09-28 00:00:00+00:00,414.2917785644531
2023-09-29 00:00:00+00:00,413.2862854003906
2023-10-02 00:00:00+00:00,413.1219177246094
2023-10-03 00:00:00+00:00,407.5918884277344
2023-10-04 00:00:00+00:00,410.5599365234375
2023-10-05 00:00:00+00:00,410.4052429199219
2023-10-06 00:00:00+00:00,415.2779235839844
2023-10-09 00:00:00+00:00,417.9366149902344
2023-10-10 00:00:00+00:00,420.11187744140625
2023-10-11 00:00:00+00:00,421.83282470703125
2023-10-12 00:00:00+00:00,419.2611083984375
2023-10-13 00:00:00+00:00,417.1728515625
2023-10-16 00:00:00+00:00,421.5621032714844
2023-10-17 00:00:00+00:00,421.542724609375
2023-10-18 00:00:00+00:00,415.9256286621094
2023-10-19 00:00:00+00:00,412.2711486816406
2023-10-20 00:00:00+00:00,407.2051696777344
2023-10-23 00:00:00+00:00,406.4993896484375
2023-10-24 00:00:00+00:00,409.56414794921875
2023-10-25 00:00:00+00:00,403.68597412109375
2023-10-26 00:00:00+00:00,398.8520202636719
2023-10-27 00:00:00+00:00,397.0440979003906
2023-10-30 00:00:00+00:00,401.7911376953125
2023-10-31 00:00:00+00:00,404.3144836425781
2023-11-01 00:00:00+00:00,408.6263427734375
2023-11-02 00:00:00+00:00,416.45745849609375
2023-11-03 00:00:00+00:00,420.2569274902344
2023-11-06 00:00:00+00:00,421.2237548828125
2023-11-07 00:00:00+00:00,422.4225158691406
2023-11-08 00:00:00+00:00,422.7319030761719
2023-11-09 00:00:00+00:00,419.43511962890625
2023-11-10 00:00:00+00:00,425.9803466796875
2023-11-13 00:00:00+00:00,425.5743103027344
2023-11-14 00:00:00+00:00,433.83074951171875
2023-11-15 00:00:00+00:00,434.74920654296875
2023-11-16 00:00:00+00:00,435.28094482421875
2023-11-17 00:00:00+00:00,435.8223876953125
2023-11-20 00:00:00+00:00,439.1770935058594
2023-11-21 00:00:00+00:00,438.219970703125
2023-11-22 00:00:00+00:00,439.91192626953125
2023-11-24 00:00:00+00:00,440.1826477050781
2023-11-27 00:00:00+00:00,439.3898010253906
2023-11-28 00:00:00+00:00,439.8248596191406
2023-11-29 00:00:00+00:00,439.5154724121094
2023-11-30 00:00:00+00:00,441.24609375
2023-12-01 00:00:00+00:00,443.8564453125
2023-12-04 00:00:00+00:00,441.5264587402344
2023-12-05 00:00:00+00:00,441.43939208984375
2023-12-06 00:00:00+00:00,439.6605224609375
2023-12-07 00:00:00+00:00,443.0152893066406
2023-12-08 00:00:00+00:00,444.919921875
2023-12-11 00:00:00+00:00,446.6504821777344
2023-12-12 00:00:00+00:00,448.6903991699219
2023-12-13 00:00:00+00:00,454.8778991699219
2023-12-14 00:00:00+00:00,456.3377685546875
2023-12-15 00:00:00+00:00,455.58642578125
2023-12-18 00:00:00+00:00,458.149169921875
2023-12-19 00:00:00+00:00,460.93505859375
2023-12-20 00:00:00+00:00,454.5478210449219
2023-12-21 00:00:00+00:00,458.8577575683594
2023-12-22 00:00:00+00:00,459.7799072265625
2023-12-26 00:00:00+00:00,461.7213134765625
2023-12-27 00:00:00+00:00,462.55615234375
2023-12-28 00:00:00+00:00,462.7309265136719
2023-12-29 00:00:00+00:00,461.391357421875
2024-01-02 00:00:00+00:00,458.80926513671875
2024-01-03 00:00:00+00:00,455.062255859375
2024-01-04 00:00:00+00:00,453.59649658203125
2024-01-05 00:00:00+00:00,454.2176818847656
2024-01-08 00:00:00+00:00,460.70208740234375
2024-01-09 00:00:00+00:00,460.0032043457031
2024-01-10 00:00:00+00:00,462.604736328125
2024-01-11 00:00:00+00:00,462.40087890625
2024-01-12 00:00:00+00:00,462.7211608886719
2024-01-16 00:00:00+00:00,461.0224304199219
2024-01-17 00:00:00+00:00,458.459716796875
2024-01-18 00:00:00+00:00,462.5367126464844
2024-01-19 00:00:00+00:00,468.30279541015625
2024-01-22 00:00:00+00:00,469.29296875
2024-01-23 00:00:00+00:00,470.66168212890625
2024-01-24 00:00:00+00:00,471.1761474609375
2024-01-25 00:00:00+00:00,473.7388610839844
2024-01-26 00:00:00+00:00,473.13702392578125
2024-01-29 00:00:00+00:00,476.8839111328125
2024-01-30 00:00:00+00:00,476.5151062011719
2024-01-31 00:00:00+00:00,468.7396545410156
2024-02-01 00:00:00+00:00,474.87457275390625
2024-02-02 00:00:00+00:00,479.873779296875
2024-02-05 00:00:00+00:00,478.12646484375
2024-02-06 00:00:00+00:00,479.51458740234375
2024-02-07 00:00:00+00:00,483.51397705078125
2024-02-08 00:00:00+00:00,483.7275085449219
2024-02-09 00:00:00+00:00,486.523193359375
2024-02-12 00:00:00+00:00,486.3095703125
2024-02-13 00:00:00+00:00,479.61163330078125
2024-02-14 00:00:00+00:00,483.9701843261719
2024-02-15 00:00:00+00:00,487.3094482421875
2024-02-16 00:00:00+00:00,484.8826904296875
2024-02-20 00:00:00+00:00,482.2132568359375
2024-02-21 00:00:00+00:00,482.6499938964844
2024-02-22 00:00:00+00:00,492.6387023925781
2024-02-23 00:00:00+00:00,492.9784851074219
2024-02-26 00:00:00+00:00,491.17291259765625
2024-02-27 00:00:00+00:00,492.0854187011719
2024-02-28 00:00:00+00:00,491.4350280761719
2024-02-29 00:00:00+00:00,493.2017517089844
2024-03-01 00:00:00+00:00,497.83203125
2024-03-04 00:00:00+00:00,497.2981262207031
2024-03-05 00:00:00+00:00,492.32806396484375
2024-03-06 00:00:00+00:00,494.82281494140625
2024-03-07 00:00:00+00:00,499.734619140625
2024-03-08 00:00:00+00:00,496.7350769042969
2024-03-11 00:00:00+00:00,496.3080139160156
2024-03-12 00:00:00+00:00,501.6468811035156
2024-03-13 00:00:00+00:00,500.8606262207031
2024-03-14 00:00:00+00:00,499.8704833984375
2024-03-15 00:00:00+00:00,496.43817138671875
2024-03-18 00:00:00+00:00,499.3885498046875
2024-03-19 00:00:00+00:00,502.1636962890625
2024-03-20 00:00:00+00:00,506.8083801269531
2024-03-21 00:00:00+00:00,508.4832458496094
2024-03-22 00:00:00+00:00,507.51922607421875
2024-03-25 00:00:00+00:00,506.11712646484375
2024-03-26 00:00:00+00:00,505.1822814941406
2024-03-27 00:00:00+00:00,509.427734375
2024-03-28 00:00:00+00:00,509.33038330078125
2024-04-01 00:00:00+00:00,508.4442443847656
2024-04-02 00:00:00+00:00,505.21148681640625
2024-04-03 00:00:00+00:00,505.7664489746094
2024-04-04 00:00:00+00:00,499.5930480957031
2024-04-05 00:00:00+00:00,504.812255859375
2024-04-08 00:00:00+00:00,505.094482421875
2024-04-09 00:00:00+00:00,505.67877197265625
2024-04-10 00:00:00+00:00,500.6154479980469
2024-04-11 00:00:00+00:00,504.3934631347656
2024-04-12 00:00:00+00:00,497.4313659667969
2024-04-15 00:00:00+00:00,491.1994934082031
2024-04-16 00:00:00+00:00,490.3035583496094
2024-04-17 00:00:00+00:00,487.40185546875
2024-04-18 00:00:00+00:00,486.39892578125
2024-04-19 00:00:00+00:00,482.15350341796875
2024-04-22 00:00:00+00:00,486.59368896484375
2024-04-23 00:00:00+00:00,492.3679504394531
2024-04-24 00:00:00+00:00,492.13427734375
2024-04-25 00:00:00+00:00,490.2646484375
2024-04-26 00:00:00+00:00,494.90936279296875
2024-04-29 00:00:00+00:00,496.6620788574219
2024-04-30 00:00:00+00:00,488.7943420410156
2024-05-01 00:00:00+00:00,487.2071533203125
2024-05-02 00:00:00+00:00,491.7641906738281
2024-05-03 00:00:00+00:00,497.85980224609375
2024-05-06 00:00:00+00:00,503.0010986328125
2024-05-07 00:00:00+00:00,503.5561218261719
2024-05-08 00:00:00+00:00,503.6048278808594
2024-05-09 00:00:00+00:00,506.50653076171875
2024-05-10 00:00:00+00:00,507.1590576171875
2024-05-13 00:00:00+00:00,507.22705078125
2024-05-14 00:00:00+00:00,509.5543518066406
2024-05-15 00:00:00+00:00,515.8641357421875
2024-05-16 00:00:00+00:00,514.8026733398438
2024-05-17 00:00:00+00:00,515.5426635742188
2024-05-20 00:00:00+00:00,516.13671875
2024-05-21 00:00:00+00:00,517.4025268554688
2024-05-22 00:00:00+00:00,515.9127197265625
2024-05-23 00:00:00+00:00,512.1444702148438
2024-05-24 00:00:00+00:00,515.5330810546875
2024-05-28 00:00:00+00:00,515.8932495117188
2024-05-29 00:00:00+00:00,512.2807006835938
2024-05-30 00:00:00+00:00,508.8824768066406
2024-05-31 00:00:00+00:00,513.5174560546875
2024-06-03 00:00:00+00:00,513.9361572265625
2024-06-04 00:00:00+00:00,514.5105590820312
2024-06-05 00:00:00+00:00,520.6256713867188
2024-06-06 00:00:00+00:00,520.6159057617188
2024-06-07 00:00:00+00:00,519.9830322265625
2024-06-10 00:00:00+00:00,521.589599609375
2024-06-11 00:00:00+00:00,522.8458251953125
2024-06-12 00:00:00+00:00,527.1398315429688
2024-06-13 00:00:00+00:00,528.2012329101562
2024-06-14 00:00:00+00:00,528.5226440429688
2024-06-17 00:00:00+00:00,532.7291259765625
2024-06-18 00:00:00+00:00,534.0825805664062
2024-06-20 00:00:00+00:00,532.6317749023438
2024-06-21 00:00:00+00:00,531.917724609375
2024-06-24 00:00:00+00:00,530.1885986328125
2024-06-25 00:00:00+00:00,532.230224609375
2024-06-26 00:00:00+00:00,532.89453125
2024-06-27 00:00:00+00:00,533.7346801757812
2024-06-28 00:00:00+00:00,531.6343994140625
2024-07-01 00:00:00+00:00,532.728515625
2024-07-02 00:00:00+00:00,536.3136596679688
2024-07-03 00:00:00+00:00,538.7069091796875
2024-07-05 00:00:00+00:00,541.8134155273438
2024-07-08 00:00:00+00:00,542.4386596679688
2024-07-09 00:00:00+00:00,542.9661254882812
2024-07-10 00:00:00+00:00,548.3389282226562
2024-07-11 00:00:00+00:00,543.61083984375
2024-07-12 00:00:00+00:00,547.0397338867188
2024-07-15 00:00:00+00:00,548.5440673828125
2024-07-16 00:00:00+00:00,551.7969970703125
2024-07-17 00:00:00+00:00,544.0601806640625
2024-07-18 00:00:00+00:00,539.8792114257812
2024-07-19 00:00:00+00:00,536.2940063476562
2024-07-22 00:00:00+00:00,541.8231811523438
2024-07-23 00:00:00+00:00,540.9732666015625
2024-07-24 00:00:00+00:00,528.7135009765625
2024-07-25 00:00:00+00:00,525.9588012695312
2024-07-26 00:00:00+00:00,531.8492431640625
2024-07-29 00:00:00+00:00,532.1619262695312
2024-07-30 00:00:00+00:00,529.4656982421875
2024-07-31 00:00:00+00:00,538.0719604492188
2024-08-01 00:00:00+00:00,530.4523315429688
2024-08-02 00:00:00+00:00,520.5762329101562
2024-08-05 00:00:00+00:00,505.41510009765625
2024-08-06 00:00:00+00:00,510.0747985839844
2024-08-07 00:00:00+00:00,506.6654052734375
2024-08-08 00:00:00+00:00,518.3782348632812
2024-08-09 00:00:00+00:00,520.6640625
2024-08-12 00:00:00+00:00,520.9376831054688
2024-08-13 00:00:00+00:00,529.5048217773438
2024-08-14 00:00:00+00:00,531.1752319335938
2024-08-15 00:00:00+00:00,540.2798461914062
2024-08-16 00:00:00+00:00,541.4910888671875
2024-08-19 00:00:00+00:00,546.66845703125
2024-08-20 00:00:00+00:00,545.779541015625
2024-08-21 00:00:00+00:00,547.6551513671875
2024-08-22 00:00:00+00:00,543.3568115234375
2024-08-23 00:00:00+00:00,549.1301879882812
2024-08-26 00:00:00+00:00,547.8211669921875
2024-08-27 00:00:00+00:00,548.573486328125
2024-08-28 00:00:00+00:00,545.3887329101562
2024-08-29 00:00:00+00:00,545.4376220703125
2024-08-30 00:00:00+00:00,550.6443481445312
2024-09-03 00:00:00+00:00,539.3126220703125
2024-09-04 00:00:00+00:00,538.208740234375
2024-09-05 00:00:00+00:00,536.8997802734375
2024-09-06 00:00:00+00:00,527.8635864257812
2024-09-09 00:00:00+00:00,533.773681640625
2024-09-10 00:00:00+00:00,536.0986328125
2024-09-11 00:00:00+00:00,541.5984497070312
2024-09-12 00:00:00+00:00,546.1605834960938
2024-09-13 00:00:00+00:00,549.012939453125
2024-09-16 00:00:00+00:00,549.8238525390625
2024-09-17 00:00:00+00:00,550.0484619140625
2024-09-18 00:00:00+00:00,548.4169921875
2024-09-19 00:00:00+00:00,557.7755737304688
2024-09-20 00:00:00+00:00,556.8113403320312
2024-09-23 00:00:00+00:00,558.2027587890625
2024-09-24 00:00:00+00:00,559.7998657226562
2024-09-25 00:00:00+00:00,558.5653076171875
2024-09-26 00:00:00+00:00,560.7798461914062
2024-09-27 00:00:00+00:00,559.9664306640625
2024-09-30 00:00:00+00:00,562.21044921875
2024-10-01 00:00:00+00:00,557.1738891601562
2024-10-02 00:00:00+00:00,557.4090576171875
2024-10-03 00:00:00+00:00,556.3900146484375
2024-10-04 00:00:00+00:00,561.4461059570312
2024-10-07 00:00:00+00:00,556.3703002929688
2024-10-08 00:00:00+00:00,561.6322631835938
2024-10-09 00:00:00+00:00,565.5223388671875
2024-10-10 00:00:00+00:00,564.5327758789062
2024-10-11 00:00:00+00:00,567.913330078125
2024-10-14 00:00:00+00:00,572.557861328125
2024-10-15 00:00:00+00:00,568.1093139648438
2024-10-16 00:00:00+00:00,570.5784912109375
2024-10-17 00:00:00+00:00,570.6275634765625
2024-10-18 00:00:00+00:00,572.8224487304688
2024-10-21 00:00:00+00:00,571.8817749023438
2024-10-22 00:00:00+00:00,571.5780639648438
2024-10-23 00:00:00+00:00,566.355224609375
2024-10-24 00:00:00+00:00,567.5801391601562
2024-10-25 00:00:00+00:00,567.3841552734375
2024-10-28 00:00:00+00:00,569.1381225585938
2024-10-29 00:00:00+00:00,570.0592041015625
2024-10-30 00:00:00+00:00,568.334716796875
2024-10-31 00:00:00+00:00,557.1935424804688
2024-11-01 00:00:00+00:00,559.5451049804688
2024-11-04 00:00:00+00:00,558.33984375
2024-11-05 00:00:00+00:00,565.0911865234375
2024-11-06 00:00:00+00:00,579.1425170898438
2024-11-07 00:00:00+00:00,583.6205444335938
2024-11-08 00:00:00+00:00,586.148681640625
2024-11-11 00:00:00+00:00,586.7072143554688
2024-11-12 00:00:00+00:00,584.8845825195312
2024-11-13 00:00:00+00:00,585.1687622070312
2024-11-14 00:00:00+00:00,581.4061279296875
2024-11-15 00:00:00+00:00,573.9591064453125
2024-11-18 00:00:00+00:00,576.3107299804688
2024-11-19 00:00:00+00:00,578.41748046875
2024-11-20 00:00:00+00:00,578.6134033203125
2024-11-21 00:00:00+00:00,581.7196655273438
2024-11-22 00:00:00+00:00,583.5225830078125
2024-11-25 00:00:00+00:00,585.5020141601562
2024-11-26 00:00:00+00:00,588.5592041015625
2024-11-27 00:00:00+00:00,586.7758178710938
2024-11-29 00:00:00+00:00,590.4208984375
2024-12-02 00:00:00+00:00,591.4791870117188
2024-12-03 00:00:00+00:00,591.7534790039062
2024-12-04 00:00:00+00:00,595.4279174804688
2024-12-05 00:00:00+00:00,594.4481811523438
2024-12-06 00:00:00+00:00,595.5750122070312
2024-12-09 00:00:00+00:00,592.508056640625
2024-12-10 00:00:00+00:00,590.6658935546875
2024-12-11 00:00:00+00:00,595.2320556640625
2024-12-12 00:00:00+00:00,592.1651000976562
2024-12-13 00:00:00+00:00,592.0474853515625
2024-12-16 00:00:00+00:00,594.5755004882812
2024-12-17 00:00:00+00:00,592.1258544921875
2024-12-18 00:00:00+00:00,574.4783935546875
2024-12-19 00:00:00+00:00,574.3019409179688
2024-12-20 00:00:00+00:00,581.199951171875
2024-12-23 00:00:00+00:00,584.6803588867188
2024-12-24 00:00:00+00:00,591.1790161132812
2024-12-26 00:00:00+00:00,591.218505859375
2024-12-27 00:00:00+00:00,584.9949951171875
2024-12-30 00:00:00+00:00,578.3192138671875
2024-12-31 00:00:00+00:00,576.2152099609375
2025-01-02 00:00:00+00:00,574.7994995117188
2025-01-03 00:00:00+00:00,581.9864501953125
2025-01-06 00:00:00+00:00,585.3390502929688
2025-01-07 00:00:00+00:00,578.7222900390625
2025-01-08 00:00:00+00:00,579.56787109375
2025-01-10 00:00:00+00:00,570.7192993164062
2025-01-13 00:00:00+00:00,571.6043090820312
2025-01-14 00:00:00+00:00,572.3907470703125
2025-01-15 00:00:00+00:00,582.8025512695312
2025-01-16 00:00:00+00:00,581.6817016601562
2025-01-17 00:00:00+00:00,587.5217895507812
2025-01-21 00:00:00+00:00,592.8995971679688
2025-01-22 00:00:00+00:00,596.2326049804688
2025-01-23 00:00:00+00:00,599.48681640625
2025-01-24 00:00:00+00:00,597.7367553710938
2025-01-27 00:00:00+00:00,589.2815551757812
2025-01-28 00:00:00+00:00,594.344970703125
2025-01-29 00:00:00+00:00,591.6805419921875
2025-01-30 00:00:00+00:00,594.8560791015625
2025-01-31 00:00:00+00:00,591.6903076171875
2025-02-03 00:00:00+00:00,587.7085571289062
2025-02-04 00:00:00+00:00,591.6510620117188
2025-02-05 00:00:00+00:00,594.0498657226562
2025-02-06 00:00:00+00:00,596.1146240234375
2025-02-07 00:00:00+00:00,590.6580810546875
2025-02-10 00:00:00+00:00,594.6693725585938
2025-02-11 00:00:00+00:00,595.1216430664062
2025-02-12 00:00:00+00:00,593.2044067382812
2025-02-13 00:00:00+00:00,599.4671630859375
2025-02-14 00:00:00+00:00,599.4376831054688
2025-02-18 00:00:00+00:00,601.1975708007812
2025-02-19 00:00:00+00:00,602.6133422851562
2025-02-20 00:00:00+00:00,600.1062622070312
2025-02-21 00:00:00+00:00,589.8419799804688
2025-02-24 00:00:00+00:00,587.157958984375
2025-02-25 00:00:00+00:00,584.2379150390625
2025-02-26 00:00:00+00:00,584.5328369140625
2025-02-27 00:00:00+00:00,575.2025756835938
2025-02-28 00:00:00+00:00,584.1788940429688
2025-03-03 00:00:00+00:00,573.9441528320312
2025-03-04 00:00:00+00:00,567.1504516601562
2025-03-05 00:00:00+00:00,573.24609375
2025-03-06 00:00:00+00:00,563.0702514648438
2025-03-07 00:00:00+00:00,566.2262573242188
2025-03-10 00:00:00+00:00,551.1444702148438
2025-03-11 00:00:00+00:00,546.5629272460938
2025-03-12 00:00:00+00:00,549.4633178710938
2025-03-13 00:00:00+00:00,542.1386108398438
2025-03-14 00:00:00+00:00,553.3369750976562
2025-03-17 00:00:00+00:00,557.6039428710938
2025-03-18 00:00:00+00:00,551.5770874023438
2025-03-19 00:00:00+00:00,557.5842895507812
2025-03-20 00:00:00+00:00,555.9718627929688
2025-03-21 00:00:00+00:00,556.1552734375
2025-03-24 00:00:00+00:00,566.115234375
2025-03-25 00:00:00+00:00,567.4759521484375
2025-03-26 00:00:00+00:00,560.7012939453125
2025-03-27 00:00:00+00:00,559.2122192382812
2025-03-28 00:00:00+00:00,547.9507446289062
2025-03-31 00:00:00+00:00,551.6289672851562
2025-04-01 00:00:00+00:00,553.1870727539062
2025-04-02 00:00:00+00:00,556.6878662109375
2025-04-03 00:00:00+00:00,529.2538452148438
2025-04-04 00:00:00+00:00,498.2696838378906
2025-04-07 00:00:00+00:00,497.3821716308594
2025-04-08 00:00:00+00:00,489.5918273925781
2025-04-09 00:00:00+00:00,541.0084228515625
2025-04-10 00:00:00+00:00,517.3018798828125
2025-04-11 00:00:00+00:00,526.531982421875
2025-04-14 00:00:00+00:00,531.64013671875
2025-04-15 00:00:00+00:00,530.151123046875
2025-04-16 00:00:00+00:00,518.3668212890625
2025-04-17 00:00:00+00:00,519.1065063476562
2025-04-21 00:00:00+00:00,506.7503662109375
2025-04-22 00:00:00+00:00,519.9348754882812
2025-04-23 00:00:00+00:00,527.9915161132812
2025-04-24 00:00:00+00:00,539.105224609375
2025-04-25 00:00:00+00:00,543.0003662109375
2025-04-28 00:00:00+00:00,543.2074584960938
2025-04-29 00:00:00+00:00,546.6292724609375
2025-04-30 00:00:00+00:00,546.84619140625
2025-05-01 00:00:00+00:00,550.7217407226562
2025-05-02 00:00:00+00:00,558.896728515625
2025-05-05 00:00:00+00:00,555.6917724609375
2025-05-06 00:00:00+00:00,551.047119140625
2025-05-07 00:00:00+00:00,553.3645629882812
2025-05-08 00:00:00+00:00,557.2203369140625
2025-05-09 00:00:00+00:00,556.51025390625
2025-05-12 00:00:00+00:00,574.9015502929688
2025-05-13 00:00:00+00:00,578.6981811523438
2025-05-14 00:00:00+00:00,579.4376831054688
2025-05-15 00:00:00+00:00,582.2678833007812
2025-05-16 00:00:00+00:00,585.9559326171875
2025-05-19 00:00:00+00:00,586.596923828125
2025-05-20 00:00:00+00:00,584.624755859375
2025-05-21 00:00:00+00:00,574.7733154296875
2025-05-22 00:00:00+00:00,575.0001831054688
2025-05-23 00:00:00+00:00,571.0752563476562
2025-05-27 00:00:00+00:00,582.9483032226562
2025-05-28 00:00:00+00:00,579.5758056640625
2025-05-29 00:00:00+00:00,581.8635864257812
2025-05-30 00:00:00+00:00,581.2127685546875
2025-06-02 00:00:00+00:00,584.4866333007812
2025-06-03 00:00:00+00:00,587.8197631835938
2025-06-04 00:00:00+00:00,587.6619873046875
2025-06-05 00:00:00+00:00,584.8219604492188
2025-06-06 00:00:00+00:00,590.8274536132812
2025-06-09 00:00:00+00:00,591.3599243164062
2025-06-10 00:00:00+00:00,594.7128295898438
2025-06-11 00:00:00+00:00,593.0166625976562
2025-06-12 00:00:00+00:00,595.3734741210938
2025-06-13 00:00:00+00:00,588.7171630859375
2025-06-16 00:00:00+00:00,594.3182983398438
2025-06-17 00:00:00+00:00,589.2398681640625
2025-06-18 00:00:00+00:00,589.1510009765625
2025-06-20 00:00:00+00:00,587.7674560546875
2025-06-23 00:00:00+00:00,593.572998046875
2025-06-24 00:00:00+00:00,600.13037109375
2025-06-25 00:00:00+00:00,600.4666137695312
2025-06-26 00:00:00+00:00,605.1646728515625
2025-06-27 00:00:00+00:00,608.1713256835938
2025-06-30 00:00:00+00:00,611.0790405273438
2025-07-01 00:00:00+00:00,610.8812866210938
2025-07-02 00:00:00+00:00,613.6505737304688
2025-07-03 00:00:00+00:00,618.487060546875
2025-07-07 00:00:00+00:00,613.8780517578125
2025-07-08 00:00:00+00:00,613.5418090820312
2025-07-09 00:00:00+00:00,617.2210083007812
2025-07-10 00:00:00+00:00,618.961669921875
2025-07-11 00:00:00+00:00,616.7858276367188
2025-07-14 00:00:00+00:00,617.9627685546875
2025-07-15 00:00:00+00:00,615.3220825195312
2025-07-16 00:00:00+00:00,617.3792114257812
2025-07-17 00:00:00+00:00,621.1574096679688
2025-07-18 00:00:00+00:00,620.7024536132812
2025-07-21 00:00:00+00:00,621.87939453125
2025-07-22 00:00:00+00:00,621.9683837890625
2025-07-23 00:00:00+00:00,627.259765625
2025-07-24 00:00:00+00:00,627.4674682617188
2025-07-25 00:00:00+00:00,630.1180419921875
2025-07-28 00:00:00+00:00,629.9598999023438
2025-07-29 00:00:00+00:00,628.2982788085938
2025-07-30 00:00:00+00:00,627.507080078125
2025-07-31 00:00:00+00:00,625.1531372070312
2025-08-01 00:00:00+00:00,614.9066162109375
2025-08-04 00:00:00+00:00,624.2530517578125
2025-08-05 00:00:00+00:00,621.088134765625
2025-08-06 00:00:00+00:00,625.8455200195312
2025-08-07 00:00:00+00:00,625.3212890625
2025-08-08 00:00:00+00:00,630.197265625
2025-08-11 00:00:00+00:00,628.9510498046875
2025-08-12 00:00:00+00:00,635.6468505859375
2025-08-13 00:00:00+00:00,637.82275390625
2025-08-14 00:00:00+00:00,637.8821411132812
2025-08-15 00:00:00+00:00,636.388671875
2025-08-18 00:00:00+00:00,636.2501831054688
2025-08-19 00:00:00+00:00,632.7984008789062
2025-08-20 00:00:00+00:00,631.1170043945312
2025-08-21 00:00:00+00:00,628.5850830078125
2025-08-22 00:00:00+00:00,638.2381591796875
2025-08-25 00:00:00+00:00,635.42919921875
2025-08-26 00:00:00+00:00,638.0897827148438
2025-08-27 00:00:00+00:00,639.5436401367188
2025-08-28 00:00:00+00:00,641.80859375
2025-08-29 00:00:00+00:00,637.98095703125
2025-09-02 00:00:00+00:00,633.2533569335938
2025-09-03 00:00:00+00:00,636.685302734375
2025-09-04 00:00:00+00:00,642.0064697265625
2025-09-05 00:00:00+00:00,640.1469116210938
2025-09-08 00:00:00+00:00,641.7196655273438
2025-09-09 00:00:00+00:00,643.203125
2025-09-10 00:00:00+00:00,645.0625610351562
2025-09-11 00:00:00+00:00,650.423095703125
2025-09-12 00:00:00+00:00,650.2054443359375
2025-09-15 00:00:00+00:00,653.6671752929688
2025-09-16 00:00:00+00:00,652.7671508789062
2025-09-17 00:00:00+00:00,651.9561767578125
2025-09-18 00:00:00+00:00,655.0023803710938
2025-09-19 00:00:00+00:00,658.2465209960938
2025-09-22 00:00:00+00:00,661.3607177734375
2025-09-23 00:00:00+00:00,657.7606201171875
2025-09-24 00:00:00+00:00,655.6678466796875
2025-09-25 00:00:00+00:00,652.6429443359375
2025-09-26 00:00:00+00:00,656.3820190429688
2025-09-29 00:00:00+00:00,658.2266845703125
2025-09-30 00:00:00+00:00,660.7061157226562
2025-10-01 00:00:00+00:00,662.95751953125
2025-10-02 00:00:00+00:00,663.7210693359375
2025-10-03 00:00:00+00:00,663.7112426757812
2025-10-06 00:00:00+00:00,666.0914916992188
2025-10-07 00:00:00+00:00,663.6219482421875
2025-10-08 00:00:00+00:00,667.5791625976562
2025-10-09 00:00:00+00:00,665.6452026367188
2025-10-10 00:00:00+00:00,647.6542358398438
2025-10-13 00:00:00+00:00,657.5919189453125
2025-10-14 00:00:00+00:00,656.78857421875
2025-10-15 00:00:00+00:00,659.7044677734375
2025-10-16 00:00:00+00:00,655.211669921875
2025-10-17 00:00:00+00:00,658.9308471679688
2025-10-20 00:00:00+00:00,665.7840576171875
2025-10-21 00:00:00+00:00,665.7740478515625
2025-10-22 00:00:00+00:00,662.3128051757812
2025-10-23 00:00:00+00:00,666.2402954101562
2025-10-24 00:00:00+00:00,671.6851806640625
2025-10-27 00:00:00+00:00,679.6094970703125
2025-10-28 00:00:00+00:00,681.41455078125
2025-10-29 00:00:00+00:00,681.7418212890625
2025-10-30 00:00:00+00:00,674.2439575195312
2025-10-31 00:00:00+00:00,676.4556274414062
2025-11-03 00:00:00+00:00,677.7251586914062
2025-11-04 00:00:00+00:00,669.6917114257812
2025-11-05 00:00:00+00:00,672.012451171875
2025-11-06 00:00:00+00:00,664.8021850585938
2025-11-07 00:00:00+00:00,665.4567260742188
2025-11-10 00:00:00+00:00,675.8407592773438
2025-11-11 00:00:00+00:00,677.3878784179688
2025-11-12 00:00:00+00:00,677.7647705078125
2025-11-13 00:00:00+00:00,666.5179443359375
2025-11-14 00:00:00+00:00,666.408935546875
2025-11-17 00:00:00+00:00,660.2003173828125
2025-11-18 00:00:00+00:00,654.6563110351562
2025-11-19 00:00:00+00:00,657.1853637695312
2025-11-20 00:00:00+00:00,647.1683349609375
2025-11-21 00:00:00+00:00,653.6149291992188
2025-11-24 00:00:00+00:00,663.235107421875
2025-11-25 00:00:00+00:00,669.4734497070312
2025-11-26 00:00:00+00:00,674.09521484375
2025-11-28 00:00:00+00:00,677.7747192382812
2025-12-01 00:00:00+00:00,674.6803588867188
2025-12-02 00:00:00+00:00,675.9300537109375
2025-12-03 00:00:00+00:00,678.2706298828125
2025-12-04 00:00:00+00:00,678.7664794921875
2025-12-05 00:00:00+00:00,680.0557861328125
2025-12-08 00:00:00+00:00,678.0127563476562
2025-12-09 00:00:00+00:00,677.427490234375
2025-12-10 00:00:00+00:00,681.92041015625
2025-12-11 00:00:00+00:00,683.5072021484375
2025-12-12 00:00:00+00:00,676.1580810546875
2025-12-15 00:00:00+00:00,675.1365356445312
2025-12-16 00:00:00+00:00,673.2918701171875
2025-12-17 00:00:00+00:00,665.8832397460938
2025-12-18 00:00:00+00:00,670.9114990234375
2025-12-19 00:00:00+00:00,676.9923095703125
2025-12-22 00:00:00+00:00,681.2098999023438
2025-12-23 00:00:00+00:00,684.3233032226562
2025-12-24 00:00:00+00:00,686.7305297851562
2025-12-26 00:00:00+00:00,686.660888671875
2025-12-29 00:00:00+00:00,684.2138671875
2025-12-30 00:00:00+00:00,683.3783569335938
2025-12-31 00:00:00+00:00,678.3152465820312
2026-01-02 00:00:00+00:00,679.55859375
2026-01-05 00:00:00+00:00,684.0845336914062
2026-01-06 00:00:00+00:00,688.1529541015625
2026-01-07 00:00:00+00:00,685.9347534179688
2026-01-08 00:00:00+00:00,685.8651123046875
2026-01-09 00:00:00+00:00,690.4010009765625
2026-01-12 00:00:00+00:00,691.4852294921875
2026-01-13 00:00:00+00:00,690.1026000976562
2026-01-14 00:00:00+00:00,686.7106323242188
2026-01-15 00:00:00+00:00,688.5806884765625
2026-01-16 00:00:00+00:00,688.0037231445312
2026-01-20 00:00:00+00:00,673.9981689453125
2026-01-21 00:00:00+00:00,681.77685546875
2026-01-22 00:00:00+00:00,685.3379516601562
2026-01-23 00:00:00+00:00,685.5865478515625
2026-01-26 00:00:00+00:00,689.0680541992188
2026-01-27 00:00:00+00:00,691.8134765625
2026-01-28 00:00:00+00:00,691.7438354492188
2026-01-29 00:00:00+00:00,690.3711547851562
2026-01-30 00:00:00+00:00,688.3120727539062
2026-02-02 00:00:00+00:00,691.7339477539062
2026-02-03 00:00:00+00:00,685.885009765625
2026-02-04 00:00:00+00:00,682.5626831054688
2026-02-05 00:00:00+00:00,674.0379638671875
2026-02-06 00:00:00+00:00,686.96923828125
2026-02-09 00:00:00+00:00,690.2816772460938
2026-02-10 00:00:00+00:00,688.4613037109375
2026-02-11 00:00:00+00:00,688.3021850585938
2026-02-12 00:00:00+00:00,677.668701171875
2026-02-13 00:00:00+00:00,678.1461181640625
2026-02-17 00:00:00+00:00,679.2402954101562
2026-02-18 00:00:00+00:00,682.662109375
2026-02-19 00:00:00+00:00,680.8616333007812
2026-02-20 00:00:00+00:00,685.7855834960938
2026-02-23 00:00:00+00:00,678.7827758789062
2026-02-24 00:00:00+00:00,683.7164916992188
2026-02-25 00:00:00+00:00,689.4859008789062
2026-02-26 00:00:00+00:00,685.6561889648438
2026-02-27 00:00:00+00:00,682.3637084960938
2026-03-02 00:00:00+00:00,682.751708984375
2026-03-03 00:00:00+00:00,676.7337036132812
2026-03-04 00:00:00+00:00,681.5082397460938
2026-03-05 00:00:00+00:00,677.70849609375
2026-03-06 00:00:00+00:00,668.82568359375
2026-03-09 00:00:00+00:00,674.6845703125
2026-03-10 00:00:00+00:00,673.6002807617188
2026-03-11 00:00:00+00:00,672.7548217773438
2026-03-12 00:00:00+00:00,662.5390625
2026-03-13 00:00:00+00:00,658.7890014648438
2026-03-16 00:00:00+00:00,665.493408203125
2026-03-17 00:00:00+00:00,667.2440185546875
2026-03-18 00:00:00+00:00,657.9335327148438
2026-03-19 00:00:00+00:00,656.3121948242188
2026-03-20 00:00:00+00:00,646.9034423828125
2026-03-23 00:00:00+00:00,653.6959228515625
2026-03-24 00:00:00+00:00,651.5015869140625
2026-03-25 00:00:00+00:00,655.1322021484375
2026-03-26 00:00:00+00:00,643.432373046875
2026-03-27 00:00:00+00:00,632.4606323242188
2026-03-30 00:00:00+00:00,630.3460693359375
2026-03-31 00:00:00+00:00,648.6688842773438
2026-04-01 00:00:00+00:00,653.5562744140625
2026-04-02 00:00:00+00:00,654.144775390625
2026-04-06 00:00:00+00:00,657.23681640625
2026-04-07 00:00:00+00:00,657.5260009765625
2026-04-08 00:00:00+00:00,674.27294921875
2026-04-09 00:00:00+00:00,678.162841796875
2026-04-10 00:00:00+00:00,677.7140502929688
2026-04-13 00:00:00+00:00,684.3369750976562
2026-04-14 00:00:00+00:00,692.675537109375
2026-04-15 00:00:00+00:00,698.1414184570312
2026-04-16 00:00:00+00:00,699.8569946289062
2026-04-17 00:00:00+00:00,708.3152465820312
2026-04-20 00:00:00+00:00,706.8988037109375
2026-04-21 00:00:00+00:00,702.2708129882812
2026-04-22 00:00:00+00:00,709.3825073242188
2026-04-23 00:00:00+00:00,706.6295776367188
2026-04-24 00:00:00+00:00,712.10546875
2026-04-27 00:00:00+00:00,713.332275390625
2026-04-28 00:00:00+00:00,709.8612060546875
2026-04-29 00:00:00+00:00,709.7515258789062
2026-04-30 00:00:00+00:00,716.8132934570312
2026-05-01 00:00:00+00:00,718.7982177734375
2026-05-04 00:00:00+00:00,716.1649780273438
2026-05-05 00:00:00+00:00,721.9102172851562
2026-05-06 00:00:00+00:00,731.9443359375
2026-05-07 00:00:00+00:00,729.7001342773438
2026-05-08 00:00:00+00:00,735.724609375
2026-05-11 00:00:00+00:00,737.4002685546875
2026-05-12 00:00:00+00:00,736.2831420898438
2026-05-13 00:00:00+00:00,740.4025268554688
2026-05-14 00:00:00+00:00,746.2474975585938
2026-05-15 00:00:00+00:00,737.2706298828125
2026-05-18 00:00:00+00:00,736.751953125
2026-05-19 00:00:00+00:00,731.8446044921875
2026-05-20 00:00:00+00:00,739.3452758789062
2026-05-21 00:00:00+00:00,740.8114624023438
2026-05-22 00:00:00+00:00,743.7239990234375
2026-05-26 00:00:00+00:00,748.6613159179688
2026-05-27 00:00:00+00:00,748.5316162109375
2026-05-28 00:00:00+00:00,752.6609497070312
2026-05-29 00:00:00+00:00,754.5361328125
2026-06-01 00:00:00+00:00,756.5908203125
2026-06-02 00:00:00+00:00,757.6182250976562
2026-06-03 00:00:00+00:00,752.3018798828125
2026-06-04 00:00:00+00:00,755.1445922851562
2026-06-05 00:00:00+00:00,735.65478515625
2026-06-08 00:00:00+00:00,737.3204345703125
2026-06-09 00:00:00+00:00,735.1560668945312
2026-06-10 00:00:00+00:00,723.56591796875
2026-06-11 00:00:00+00:00,735.8642578125
2026-06-12 00:00:00+00:00,739.843994140625
2026-06-15 00:00:00+00:00,752.890380859375
2026-06-16 00:00:00+00:00,748.4019775390625
2026-06-17 00:00:00+00:00,739.0560302734375
2026-06-18 00:00:00+00:00,746.739990234375
2026-06-22 00:00:00+00:00,744.3900146484375
2026-06-23 00:00:00+00:00,733.5800170898438
2026-06-24 00:00:00+00:00,733.239990234375
2026-06-25 00:00:00+00:00,734.2999877929688
2026-06-26 00:00:00+00:00,728.989990234375
2026-06-29 00:00:00+00:00,741.0
2026-06-30 00:00:00+00:00,746.77001953125
2026-07-01 00:00:00+00:00,745.760009765625
2026-07-02 00:00:00+00:00,744.780029296875
2026-07-06 00:00:00+00:00,751.280029296875
2026-07-07 00:00:00+00:00,747.7100219726562
2026-07-08 00:00:00+00:00,745.4000244140625
2026-07-09 00:00:00+00:00,751.7100219726562
2026-07-10 00:00:00+00:00,754.9500122070312
2026-07-13 00:00:00+00:00,749.1699829101562
2026-07-14 00:00:00+00:00,751.8300170898438
2026-07-15 00:00:00+00:00,754.8099975585938
2026-07-16 00:00:00+00:00,750.719970703125
2026-07-17 00:00:00+00:00,743.2899780273438
2026-07-20 00:00:00+00:00,742.0900268554688
2026-07-21 00:00:00+00:00,748.280029296875
2026-07-22 00:00:00+00:00,747.4099731445312
2026-07-23 00:00:00+00:00,738.1799926757812
2026-07-24 00:00:00+00:00,738.9299926757812
2026-07-27 00:00:00+00:00,739.0900268554688
2026-07-28 00:00:00+00:00,740.8599853515625
2026-07-29 00:00:00+00:00,729.4600219726562
2026-07-30 00:00:00+00:00,741.6900024414062
2026-07-31 00:00:00+00:00,747.030029296875
2026-08-03 00:00:00+00:00,757.6699829101562
2026-08-04 00:00:00+00:00,771.3300170898438
2026-08-05 00:00:00+00:00,769.7899780273438
2026-08-06 00:00:00+00:00,768.5599975585938
2026-08-07 00:00:00+00:00,773.260009765625
2026-08-10 00:00:00+00:00,773.030029296875
2026-08-11 00:00:00+00:00,770.5599975585938
2026-08-12 00:00:00+00:00,772.489990234375
2026-08-13 00:00:00+00:00,777.8800048828125
2026-08-14 00:00:00+00:00,776.3400268554688
2026-08-17 00:00:00+00:00,772.6699829101562
2026-08-18 00:00:00+00:00,767.4500122070312
2026-08-19 00:00:00+00:00,769.0599975585938
2026-08-20 00:00:00+00:00,762.5999755859375
2026-08-21 00:00:00+00:00,765.719970703125
2026-08-24 00:00:00+00:00,763.469970703125
2026-08-25 00:00:00+00:00,765.9099731445312
2026-08-26 00:00:00+00:00,766.0800170898438
2026-08-27 00:00:00+00:00,771.0999755859375
2026-08-28 00:00:00+00:00,769.3499755859375
2026-08-31 00:00:00+00:00,767.0499877929688
2026-09-01 00:00:00+00:00,761.780029296875
2026-09-02 00:00:00+00:00,765.1599731445312
2026-09-03 00:00:00+00:00,773.1699829101562
2026-09-04 00:00:00+00:00,770.1900024414062
2026-09-08 00:00:00+00:00,765.9600219726562
2026-09-09 00:00:00+00:00,762.4000244140625
2026-09-10 00:00:00+00:00,757.8300170898438
2026-09-11 00:00:00+00:00,764.2899780273438
