open_time,adjusted_close
2010-07-23 13:30:00+00:00,20.979894638061523
2010-07-26 13:30:00+00:00,21.350866317749023
2010-07-27 13:30:00+00:00,21.375579833984375
2010-07-28 13:30:00+00:00,21.326129913330078
2010-07-29 13:30:00+00:00,21.260175704956055
2010-07-30 13:30:00+00:00,21.276660919189453
2010-08-02 13:30:00+00:00,21.276660919189453
2010-08-03 13:30:00+00:00,21.350866317749023
2010-08-04 13:30:00+00:00,21.350866317749023
2010-08-05 13:30:00+00:00,21.367341995239258
2010-08-06 13:30:00+00:00,21.43329429626465
2010-08-09 13:30:00+00:00,21.52396011352539
2010-08-10 13:30:00+00:00,21.507476806640625
2010-08-11 13:30:00+00:00,21.235437393188477
2010-08-12 13:30:00+00:00,21.087059020996094
2010-08-13 13:30:00+00:00,21.16950035095215
2010-08-16 13:30:00+00:00,21.22719955444336
2010-08-17 13:30:00+00:00,21.43329429626465
2010-08-18 13:30:00+00:00,21.466270446777344
2010-08-19 13:30:00+00:00,21.441539764404297
2010-08-20 13:30:00+00:00,21.425037384033203
2010-08-23 13:30:00+00:00,21.367341995239258
2010-08-24 13:30:00+00:00,21.408559799194336
2010-08-25 13:30:00+00:00,21.383827209472656
2010-08-26 13:30:00+00:00,21.43329429626465
2010-08-27 13:30:00+00:00,21.449777603149414
2010-08-30 13:30:00+00:00,21.375579833984375
2010-08-31 13:30:00+00:00,21.251914978027344
2010-09-01 13:30:00+00:00,21.49862289428711
2010-09-02 13:30:00+00:00,21.506906509399414
2010-09-03 13:30:00+00:00,21.61450958251953
2010-09-07 13:30:00+00:00,21.564857482910156
2010-09-08 13:30:00+00:00,21.415847778320312
2010-09-09 13:30:00+00:00,21.54828643798828
2010-09-10 13:30:00+00:00,21.639354705810547
2010-09-13 13:30:00+00:00,21.780075073242188
2010-09-14 13:30:00+00:00,21.929086685180664
2010-09-15 13:30:00+00:00,21.838041305541992
2010-09-16 13:30:00+00:00,21.838041305541992
2010-09-17 13:30:00+00:00,21.838041305541992
2010-09-20 13:30:00+00:00,21.929086685180664
2010-09-21 13:30:00+00:00,22.02014923095703
2010-09-22 13:30:00+00:00,22.202280044555664
2010-09-23 13:30:00+00:00,22.09465789794922
2010-09-24 13:30:00+00:00,22.185710906982422
2010-09-27 13:30:00+00:00,22.23537826538086
2010-09-28 13:30:00+00:00,22.326448440551758
2010-09-29 13:30:00+00:00,22.342998504638672
2010-09-30 13:30:00+00:00,22.376123428344727
2010-10-01 13:30:00+00:00,22.533864974975586
2010-10-04 13:30:00+00:00,22.484039306640625
2010-10-05 13:30:00+00:00,22.699939727783203
2010-10-06 13:30:00+00:00,22.766347885131836
2010-10-07 13:30:00+00:00,22.816184997558594
2010-10-08 13:30:00+00:00,22.874292373657227
2010-10-11 13:30:00+00:00,22.791259765625
2010-10-12 13:30:00+00:00,22.849384307861328
2010-10-13 13:30:00+00:00,23.007131576538086
2010-10-14 13:30:00+00:00,23.090167999267578
2010-10-15 13:30:00+00:00,22.973926544189453
2010-10-18 13:30:00+00:00,22.940719604492188
2010-10-19 13:30:00+00:00,22.824462890625
2010-10-20 13:30:00+00:00,22.824462890625
2010-10-21 13:30:00+00:00,22.71654510498047
2010-10-22 13:30:00+00:00,22.691631317138672
2010-10-25 13:30:00+00:00,22.915794372558594
2010-10-26 13:30:00+00:00,22.7580509185791
2010-10-27 13:30:00+00:00,22.57538414001465
2010-10-28 13:30:00+00:00,22.68331527709961
2010-10-29 13:30:00+00:00,22.724822998046875
2010-11-01 13:30:00+00:00,22.791507720947266
2010-11-02 13:30:00+00:00,22.874849319458008
2010-11-03 13:30:00+00:00,23.05816650390625
2010-11-04 13:30:00+00:00,23.299829483032227
2010-11-05 13:30:00+00:00,23.191503524780273
2010-11-08 14:30:00+00:00,23.04150390625
2010-11-09 14:30:00+00:00,22.924837112426758
2010-11-10 14:30:00+00:00,22.874849319458008
2010-11-11 14:30:00+00:00,22.78316879272461
2010-11-12 14:30:00+00:00,22.68317985534668
2010-11-15 14:30:00+00:00,22.191513061523438
2010-11-16 14:30:00+00:00,22.033172607421875
2010-11-17 14:30:00+00:00,22.266498565673828
2010-11-18 14:30:00+00:00,22.424842834472656
2010-11-19 14:30:00+00:00,22.549842834472656
2010-11-22 14:30:00+00:00,22.508176803588867
2010-11-23 14:30:00+00:00,22.149837493896484
2010-11-24 14:30:00+00:00,22.19984245300293
2010-11-26 14:30:00+00:00,21.791522979736328
2010-11-29 14:30:00+00:00,21.73317527770996
2010-11-30 14:30:00+00:00,21.791522979736328
2010-12-01 14:30:00+00:00,21.937925338745117
2010-12-02 14:30:00+00:00,22.12200927734375
2010-12-03 14:30:00+00:00,22.214038848876953
2010-12-06 14:30:00+00:00,22.180561065673828
2010-12-07 14:30:00+00:00,22.214038848876953
2010-12-08 14:30:00+00:00,22.113636016845703
2010-12-09 14:30:00+00:00,22.02996063232422
2010-12-10 14:30:00+00:00,22.130380630493164
2010-12-13 14:30:00+00:00,22.130380630493164
2010-12-14 14:30:00+00:00,22.063430786132812
2010-12-15 14:30:00+00:00,21.921194076538086
2010-12-16 14:30:00+00:00,21.787322998046875
2010-12-17 14:30:00+00:00,21.86261749267578
2010-12-20 14:30:00+00:00,21.82916259765625
2010-12-21 14:30:00+00:00,21.9295597076416
2010-12-22 14:30:00+00:00,22.02996063232422
2010-12-23 14:30:00+00:00,22.09689712524414
2010-12-27 14:30:00+00:00,21.98812484741211
2010-12-28 14:30:00+00:00,22.021589279174805
2010-12-29 14:30:00+00:00,22.17611312866211
2010-12-30 14:30:00+00:00,22.293664932250977
2010-12-31 14:30:00+00:00,22.386009216308594
2011-01-03 14:30:00+00:00,22.310457229614258
2011-01-04 14:30:00+00:00,22.377620697021484
2011-01-05 14:30:00+00:00,22.285261154174805
2011-01-06 14:30:00+00:00,22.23487091064453
2011-01-07 14:30:00+00:00,22.24327278137207
2011-01-10 14:30:00+00:00,22.016563415527344
2011-01-11 14:30:00+00:00,22.13412094116211
2011-01-12 14:30:00+00:00,22.251667022705078
2011-01-13 14:30:00+00:00,22.184484481811523
2011-01-14 14:30:00+00:00,22.226469039916992
2011-01-18 14:30:00+00:00,22.201297760009766
2011-01-19 14:30:00+00:00,22.167688369750977
2011-01-20 14:30:00+00:00,22.08373260498047
2011-01-21 14:30:00+00:00,22.050148010253906
2011-01-24 14:30:00+00:00,22.14251708984375
2011-01-25 14:30:00+00:00,22.075347900390625
2011-01-26 14:30:00+00:00,22.08373260498047
2011-01-27 14:30:00+00:00,22.201297760009766
2011-01-28 14:30:00+00:00,22.041736602783203
2011-01-31 14:30:00+00:00,21.98297691345215
2011-02-01 14:30:00+00:00,22.057161331176758
2011-02-02 14:30:00+00:00,22.057161331176758
2011-02-03 14:30:00+00:00,21.972843170166016
2011-02-04 14:30:00+00:00,22.023435592651367
2011-02-07 14:30:00+00:00,21.837947845458984
2011-02-08 14:30:00+00:00,21.922264099121094
2011-02-09 14:30:00+00:00,21.930700302124023
2011-02-10 14:30:00+00:00,21.804224014282227
2011-02-11 14:30:00+00:00,21.787351608276367
2011-02-14 14:30:00+00:00,21.888534545898438
2011-02-15 14:30:00+00:00,21.804224014282227
2011-02-16 14:30:00+00:00,22.065601348876953
2011-02-17 14:30:00+00:00,22.217382431030273
2011-02-18 14:30:00+00:00,22.386003494262695
2011-02-22 14:30:00+00:00,22.133047103881836
2011-02-23 14:30:00+00:00,22.107755661010742
2011-02-24 14:30:00+00:00,22.133047103881836
2011-02-25 14:30:00+00:00,22.158355712890625
2011-02-28 14:30:00+00:00,22.234230041503906
2011-03-01 14:30:00+00:00,22.202896118164062
2011-03-02 14:30:00+00:00,22.2198543548584
2011-03-03 14:30:00+00:00,22.287586212158203
2011-03-04 14:30:00+00:00,22.321456909179688
2011-03-07 14:30:00+00:00,22.21137237548828
2011-03-08 14:30:00+00:00,22.312997817993164
2011-03-09 14:30:00+00:00,22.389209747314453
2011-03-10 14:30:00+00:00,22.304513931274414
2011-03-11 14:30:00+00:00,22.35531997680664
2011-03-14 13:30:00+00:00,22.36380386352539
2011-03-15 13:30:00+00:00,22.262187957763672
2011-03-16 13:30:00+00:00,22.05048370361328
2011-03-17 13:30:00+00:00,21.974273681640625
2011-03-18 13:30:00+00:00,22.0843563079834
2011-03-21 13:30:00+00:00,22.21137237548828
2011-03-22 13:30:00+00:00,22.36380386352539
2011-03-23 13:30:00+00:00,22.35531997680664
2011-03-24 13:30:00+00:00,22.52467155456543
2011-03-25 13:30:00+00:00,22.550094604492188
2011-03-28 13:30:00+00:00,22.58396339416504
2011-03-29 13:30:00+00:00,22.49928092956543
2011-03-30 13:30:00+00:00,22.660171508789062
2011-03-31 13:30:00+00:00,22.778715133666992
2011-04-01 13:30:00+00:00,22.858713150024414
2011-04-04 13:30:00+00:00,22.858713150024414
2011-04-05 13:30:00+00:00,22.884248733520508
2011-04-06 13:30:00+00:00,23.071470260620117
2011-04-07 13:30:00+00:00,23.105533599853516
2011-04-08 13:30:00+00:00,23.207643508911133
2011-04-11 13:30:00+00:00,23.224660873413086
2011-04-12 13:30:00+00:00,23.148075103759766
2011-04-13 13:30:00+00:00,23.224660873413086
2011-04-14 13:30:00+00:00,23.25019073486328
2011-04-15 13:30:00+00:00,23.28423500061035
2011-04-18 13:30:00+00:00,22.943828582763672
2011-04-19 13:30:00+00:00,23.190610885620117
2011-04-20 13:30:00+00:00,23.326791763305664
2011-04-21 13:30:00+00:00,23.394872665405273
2011-04-25 13:30:00+00:00,23.35232162475586
2011-04-26 13:30:00+00:00,23.471454620361328
2011-04-27 13:30:00+00:00,23.633153915405273
2011-04-28 13:30:00+00:00,23.65017318725586
2011-04-29 13:30:00+00:00,23.752294540405273
2011-05-02 13:30:00+00:00,23.762561798095703
2011-05-03 13:30:00+00:00,23.531766891479492
2011-05-04 13:30:00+00:00,23.514690399169922
2011-05-05 13:30:00+00:00,23.215496063232422
2011-05-06 13:30:00+00:00,23.198413848876953
2011-05-09 13:30:00+00:00,23.369373321533203
2011-05-10 13:30:00+00:00,23.4035701751709
2011-05-11 13:30:00+00:00,23.249706268310547
2011-05-12 13:30:00+00:00,23.292442321777344
2011-05-13 13:30:00+00:00,23.087305068969727
2011-05-16 13:30:00+00:00,23.035991668701172
2011-05-17 13:30:00+00:00,23.078760147094727
2011-05-18 13:30:00+00:00,23.232593536376953
2011-05-19 13:30:00+00:00,23.4035701751709
2011-05-20 13:30:00+00:00,23.386470794677734
2011-05-23 13:30:00+00:00,23.206954956054688
2011-05-24 13:30:00+00:00,23.215496063232422
2011-05-25 13:30:00+00:00,23.10437774658203
2011-05-26 13:30:00+00:00,23.206954956054688
2011-05-27 13:30:00+00:00,23.30953598022461
2011-05-31 13:30:00+00:00,23.506132125854492
2011-06-01 13:30:00+00:00,23.53533363342285
2011-06-02 13:30:00+00:00,23.68994903564453
2011-06-03 13:30:00+00:00,23.715709686279297
2011-06-06 13:30:00+00:00,23.604055404663086
2011-06-07 13:30:00+00:00,23.73288917541504
2011-06-08 13:30:00+00:00,23.69853401184082
2011-06-09 13:30:00+00:00,23.62124252319336
2011-06-10 13:30:00+00:00,23.53533363342285
2011-06-13 13:30:00+00:00,23.57828712463379
2011-06-14 13:30:00+00:00,23.586870193481445
2011-06-15 13:30:00+00:00,23.423669815063477
2011-06-16 13:30:00+00:00,23.217517852783203
2011-06-17 13:30:00+00:00,23.483793258666992
2011-06-20 13:30:00+00:00,23.44084930419922
2011-06-21 13:30:00+00:00,23.526731491088867
2011-06-22 13:30:00+00:00,23.492387771606445
2011-06-23 13:30:00+00:00,23.46660614013672
2011-06-24 13:30:00+00:00,23.32917594909668
2011-06-27 13:30:00+00:00,23.34636116027832
2011-06-28 13:30:00+00:00,23.39790916442871
2011-06-29 13:30:00+00:00,23.43226432800293
2011-06-30 13:30:00+00:00,23.586870193481445
2011-07-01 13:30:00+00:00,23.8456974029541
2011-07-05 13:30:00+00:00,23.733530044555664
2011-07-06 13:30:00+00:00,23.647249221801758
2011-07-07 13:30:00+00:00,23.759414672851562
2011-07-08 13:30:00+00:00,23.78529930114746
2011-07-11 13:30:00+00:00,23.397083282470703
2011-07-12 13:30:00+00:00,23.33668327331543
2011-07-13 13:30:00+00:00,23.517847061157227
2011-07-14 13:30:00+00:00,23.53511619567871
2011-07-15 13:30:00+00:00,23.52647590637207
2011-07-18 13:30:00+00:00,23.45746612548828
2011-07-19 13:30:00+00:00,23.552352905273438
2011-07-20 13:30:00+00:00,23.71628189086914
2011-07-21 13:30:00+00:00,23.8456974029541
2011-07-22 13:30:00+00:00,23.871570587158203
2011-07-25 13:30:00+00:00,23.837064743041992
2011-07-26 13:30:00+00:00,24.000972747802734
2011-07-27 13:30:00+00:00,23.8974552154541
2011-07-28 13:30:00+00:00,23.8456974029541
2011-07-29 13:30:00+00:00,23.93195915222168
2011-08-01 13:30:00+00:00,24.00906753540039
2011-08-02 13:30:00+00:00,23.957101821899414
2011-08-03 13:30:00+00:00,24.04372215270996
2011-08-04 13:30:00+00:00,23.688491821289062
2011-08-05 13:30:00+00:00,23.74046516418457
2011-08-08 13:30:00+00:00,23.151288986206055
2011-08-09 13:30:00+00:00,23.116641998291016
2011-08-10 13:30:00+00:00,23.13396644592285
2011-08-11 13:30:00+00:00,23.229263305664062
2011-08-12 13:30:00+00:00,23.471885681152344
2011-08-15 13:30:00+00:00,23.792463302612305
2011-08-16 13:30:00+00:00,23.671138763427734
2011-08-17 13:30:00+00:00,23.80113410949707
2011-08-18 13:30:00+00:00,23.57584571838379
2011-08-19 13:30:00+00:00,23.653825759887695
2011-08-22 13:30:00+00:00,23.63650894165039
2011-08-23 13:30:00+00:00,23.827129364013672
2011-08-24 13:30:00+00:00,23.610511779785156
2011-08-25 13:30:00+00:00,23.63650894165039
2011-08-26 13:30:00+00:00,23.653825759887695
2011-08-29 13:30:00+00:00,23.74046516418457
2011-08-30 13:30:00+00:00,23.87911033630371
2011-08-31 13:30:00+00:00,24.052383422851562
2011-09-01 13:30:00+00:00,23.89137077331543
2011-09-02 13:30:00+00:00,23.873981475830078
2011-09-06 13:30:00+00:00,23.699886322021484
2011-09-07 13:30:00+00:00,23.83914566040039
2011-09-08 13:30:00+00:00,23.708602905273438
2011-09-09 13:30:00+00:00,23.46490478515625
2011-09-12 13:30:00+00:00,23.1602725982666
2011-09-13 13:30:00+00:00,22.890466690063477
2011-09-14 13:30:00+00:00,22.7598876953125
2011-09-15 13:30:00+00:00,22.88174819946289
2011-09-16 13:30:00+00:00,22.77731704711914
2011-09-19 13:30:00+00:00,22.272506713867188
2011-09-20 13:30:00+00:00,22.22028350830078
2011-09-21 13:30:00+00:00,21.56751251220703
2011-09-22 13:30:00+00:00,20.88863754272461
2011-09-23 13:30:00+00:00,21.384740829467773
2011-09-26 13:30:00+00:00,21.436969757080078
2011-09-27 13:30:00+00:00,21.828617095947266
2011-09-28 13:30:00+00:00,21.558820724487305
2011-09-29 13:30:00+00:00,21.654563903808594
2011-09-30 13:30:00+00:00,21.402145385742188
2011-10-03 13:30:00+00:00,20.99810028076172
2011-10-04 13:30:00+00:00,20.744474411010742
2011-10-05 13:30:00+00:00,21.38290786743164
2011-10-06 13:30:00+00:00,21.6715145111084
2011-10-07 13:30:00+00:00,21.7939510345459
2011-10-10 13:30:00+00:00,22.213748931884766
2011-10-11 13:30:00+00:00,22.26620101928711
2011-10-12 13:30:00+00:00,22.423627853393555
2011-10-13 13:30:00+00:00,22.353673934936523
2011-10-14 13:30:00+00:00,22.511085510253906
2011-10-17 13:30:00+00:00,22.309940338134766
2011-10-18 13:30:00+00:00,22.309940338134766
2011-10-19 13:30:00+00:00,22.22247886657715
2011-10-20 13:30:00+00:00,22.04756736755371
2011-10-21 13:30:00+00:00,22.1875057220459
2011-10-24 13:30:00+00:00,22.441129684448242
2011-10-25 13:30:00+00:00,22.309940338134766
2011-10-26 13:30:00+00:00,22.39739418029785
2011-10-27 13:30:00+00:00,22.91338539123535
2011-10-28 13:30:00+00:00,22.965871810913086
2011-10-31 13:30:00+00:00,22.642282485961914
2011-11-01 13:30:00+00:00,22.335735321044922
2011-11-02 13:30:00+00:00,22.326955795288086
2011-11-03 13:30:00+00:00,22.599246978759766
2011-11-04 13:30:00+00:00,22.502609252929688
2011-11-07 14:30:00+00:00,22.458702087402344
2011-11-08 14:30:00+00:00,22.68707847595215
2011-11-09 14:30:00+00:00,22.142501831054688
2011-11-10 14:30:00+00:00,22.212779998779297
2011-11-11 14:30:00+00:00,22.467477798461914
2011-11-14 14:30:00+00:00,22.168853759765625
2011-11-15 14:30:00+00:00,22.037109375
2011-11-16 14:30:00+00:00,21.94928550720215
2011-11-17 14:30:00+00:00,22.010761260986328
2011-11-18 14:30:00+00:00,22.072229385375977
2011-11-21 14:30:00+00:00,21.808731079101562
2011-11-22 14:30:00+00:00,21.764829635620117
2011-11-23 14:30:00+00:00,21.334442138671875
2011-11-25 14:30:00+00:00,21.158784866333008
2011-11-28 14:30:00+00:00,21.19390296936035
2011-11-29 14:30:00+00:00,21.378372192382812
2011-11-30 14:30:00+00:00,21.835086822509766
2011-12-01 14:30:00+00:00,21.962932586669922
2011-12-02 14:30:00+00:00,21.998207092285156
2011-12-05 14:30:00+00:00,22.112831115722656
2011-12-06 14:30:00+00:00,22.04230308532715
2011-12-07 14:30:00+00:00,22.112831115722656
2011-12-08 14:30:00+00:00,21.883581161499023
2011-12-09 14:30:00+00:00,22.007017135620117
2011-12-12 14:30:00+00:00,21.689626693725586
2011-12-13 14:30:00+00:00,21.5573673248291
2011-12-14 14:30:00+00:00,21.451553344726562
2011-12-15 14:30:00+00:00,21.539724349975586
2011-12-16 14:30:00+00:00,21.583810806274414
2011-12-19 14:30:00+00:00,21.495635986328125
2011-12-20 14:30:00+00:00,21.645532608032227
2011-12-21 14:30:00+00:00,21.671987533569336
2011-12-22 14:30:00+00:00,21.716060638427734
2011-12-23 14:30:00+00:00,21.69843292236328
2011-12-27 14:30:00+00:00,21.83951187133789
2011-12-28 14:30:00+00:00,21.638507843017578
2011-12-29 14:30:00+00:00,21.629667282104492
2011-12-30 14:30:00+00:00,21.700498580932617
2012-01-03 14:30:00+00:00,21.930700302124023
2012-01-04 14:30:00+00:00,21.700498580932617
2012-01-05 14:30:00+00:00,21.665081024169922
2012-01-06 14:30:00+00:00,21.700498580932617
2012-01-09 14:30:00+00:00,21.771324157714844
2012-01-10 14:30:00+00:00,21.90414047241211
2012-01-11 14:30:00+00:00,21.851001739501953
2012-01-12 14:30:00+00:00,21.744749069213867
2012-01-13 14:30:00+00:00,21.851001739501953
2012-01-17 14:30:00+00:00,22.134347915649414
2012-01-18 14:30:00+00:00,22.391094207763672
2012-01-19 14:30:00+00:00,22.559314727783203
2012-01-20 14:30:00+00:00,22.5770206451416
2012-01-23 14:30:00+00:00,22.771793365478516
2012-01-24 14:30:00+00:00,22.789493560791016
2012-01-25 14:30:00+00:00,22.95772361755371
2012-01-26 14:30:00+00:00,23.108230590820312
2012-01-27 14:30:00+00:00,23.33844757080078
2012-01-30 14:30:00+00:00,23.143657684326172
2012-01-31 14:30:00+00:00,23.223346710205078
2012-02-01 14:30:00+00:00,23.445444107055664
2012-02-02 14:30:00+00:00,23.560930252075195
2012-02-03 14:30:00+00:00,23.694194793701172
2012-02-06 14:30:00+00:00,23.552053451538086
2012-02-07 14:30:00+00:00,23.685321807861328
2012-02-08 14:30:00+00:00,23.632028579711914
2012-02-09 14:30:00+00:00,23.774160385131836
2012-02-10 14:30:00+00:00,23.498735427856445
2012-02-13 14:30:00+00:00,23.676427841186523
2012-02-14 14:30:00+00:00,23.58759117126465
2012-02-15 14:30:00+00:00,23.578702926635742
2012-02-16 14:30:00+00:00,23.632028579711914
2012-02-17 14:30:00+00:00,23.685321807861328
2012-02-21 14:30:00+00:00,23.76527214050293
2012-02-22 14:30:00+00:00,23.76527214050293
2012-02-23 14:30:00+00:00,23.66754913330078
2012-02-24 14:30:00+00:00,23.836341857910156
2012-02-27 14:30:00+00:00,23.81857681274414
2012-02-28 14:30:00+00:00,23.907421112060547
2012-02-29 14:30:00+00:00,23.82746124267578
2012-03-01 14:30:00+00:00,23.94608497619629
2012-03-02 14:30:00+00:00,23.812305450439453
2012-03-05 14:30:00+00:00,23.68744468688965
2012-03-06 14:30:00+00:00,23.42882537841797
2012-03-07 14:30:00+00:00,23.526901245117188
2012-03-08 14:30:00+00:00,23.696359634399414
2012-03-09 14:30:00+00:00,23.607160568237305
2012-03-12 13:30:00+00:00,23.58932876586914
2012-03-13 13:30:00+00:00,23.616085052490234
2012-03-14 13:30:00+00:00,23.339622497558594
2012-03-15 13:30:00+00:00,23.482324600219727
2012-03-16 13:30:00+00:00,23.526901245117188
2012-03-19 13:30:00+00:00,23.633943557739258
2012-03-20 13:30:00+00:00,23.455568313598633
2012-03-21 13:30:00+00:00,23.41989517211914
2012-03-22 13:30:00+00:00,23.321781158447266
2012-03-23 13:30:00+00:00,23.41097068786621
2012-03-26 13:30:00+00:00,23.55367660522461
2012-03-27 13:30:00+00:00,23.50016212463379
2012-03-28 13:30:00+00:00,23.482324600219727
2012-03-29 13:30:00+00:00,23.36638069152832
2012-03-30 13:30:00+00:00,23.437728881835938
2012-04-02 13:30:00+00:00,23.61226463317871
2012-04-03 13:30:00+00:00,23.478015899658203
2012-04-04 13:30:00+00:00,23.46010398864746
2012-04-05 13:30:00+00:00,23.379547119140625
2012-04-09 13:30:00+00:00,23.33479118347168
2012-04-10 13:30:00+00:00,23.182636260986328
2012-04-11 13:30:00+00:00,23.25423812866211
2012-04-12 13:30:00+00:00,23.415355682373047
2012-04-13 13:30:00+00:00,23.290040969848633
2012-04-16 13:30:00+00:00,23.272140502929688
2012-04-17 13:30:00+00:00,23.388504028320312
2012-04-18 13:30:00+00:00,23.3705997467041
2012-04-19 13:30:00+00:00,23.379547119140625
2012-04-20 13:30:00+00:00,23.424285888671875
2012-04-23 13:30:00+00:00,23.30792808532715
2012-04-24 13:30:00+00:00,23.379547119140625
2012-04-25 13:30:00+00:00,23.558568954467773
2012-04-26 13:30:00+00:00,23.522762298583984
2012-04-27 13:30:00+00:00,23.657026290893555
2012-04-30 13:30:00+00:00,23.648073196411133
2012-05-01 13:30:00+00:00,23.706459045410156
2012-05-02 13:30:00+00:00,23.688491821289062
2012-05-03 13:30:00+00:00,23.6705379486084
2012-05-04 13:30:00+00:00,23.616641998291016
2012-05-07 13:30:00+00:00,23.580703735351562
2012-05-08 13:30:00+00:00,23.3830623626709
2012-05-09 13:30:00+00:00,23.203405380249023
2012-05-10 13:30:00+00:00,23.248323440551758
2012-05-11 13:30:00+00:00,23.15850830078125
2012-05-14 13:30:00+00:00,22.906965255737305
2012-05-15 13:30:00+00:00,22.664426803588867
2012-05-16 13:30:00+00:00,22.601531982421875
2012-05-17 13:30:00+00:00,22.457809448242188
2012-05-18 13:30:00+00:00,22.287132263183594
2012-05-21 13:30:00+00:00,22.412904739379883
2012-05-22 13:30:00+00:00,22.107463836669922
2012-05-23 13:30:00+00:00,22.035608291625977
2012-05-24 13:30:00+00:00,21.98171043395996
2012-05-25 13:30:00+00:00,22.05358123779297
2012-05-29 13:30:00+00:00,21.92778968811035
2012-05-30 13:30:00+00:00,21.83797836303711
2012-05-31 13:30:00+00:00,21.793058395385742
2012-06-01 13:30:00+00:00,21.85164451599121
2012-06-04 13:30:00+00:00,21.85164451599121
2012-06-05 13:30:00+00:00,21.96884536743164
2012-06-06 13:30:00+00:00,22.41959571838379
2012-06-07 13:30:00+00:00,22.545787811279297
2012-06-08 13:30:00+00:00,22.49169921875
2012-06-11 13:30:00+00:00,22.32042121887207
2012-06-12 13:30:00+00:00,22.34745979309082
2012-06-13 13:30:00+00:00,22.473669052124023
2012-06-14 13:30:00+00:00,22.49169921875
2012-06-15 13:30:00+00:00,22.64495277404785
2012-06-18 13:30:00+00:00,22.680999755859375
2012-06-19 13:30:00+00:00,22.879344940185547
2012-06-20 13:30:00+00:00,22.870319366455078
2012-06-21 13:30:00+00:00,22.662981033325195
2012-06-22 13:30:00+00:00,22.708049774169922
2012-06-25 13:30:00+00:00,22.563817977905273
2012-06-26 13:30:00+00:00,22.708049774169922
2012-06-27 13:30:00+00:00,22.69904327392578
2012-06-28 13:30:00+00:00,22.626924514770508
2012-06-29 13:30:00+00:00,23.041603088378906
2012-07-02 13:30:00+00:00,23.145654678344727
2012-07-03 13:30:00+00:00,23.353761672973633
2012-07-05 13:30:00+00:00,23.181833267211914
2012-07-06 13:30:00+00:00,23.09135627746582
2012-07-09 13:30:00+00:00,23.000879287719727
2012-07-10 13:30:00+00:00,23.118494033813477
2012-07-11 13:30:00+00:00,23.19088363647461
2012-07-12 13:30:00+00:00,23.118494033813477
2012-07-13 13:30:00+00:00,23.272315979003906
2012-07-16 13:30:00+00:00,23.399005889892578
2012-07-17 13:30:00+00:00,23.408039093017578
2012-07-18 13:30:00+00:00,23.561872482299805
2012-07-19 13:30:00+00:00,23.561872482299805
2012-07-20 13:30:00+00:00,23.55282974243164
2012-07-23 13:30:00+00:00,23.272315979003906
2012-07-24 13:30:00+00:00,23.16374969482422
2012-07-25 13:30:00+00:00,23.2904052734375
2012-07-26 13:30:00+00:00,23.516626358032227
2012-07-27 13:30:00+00:00,23.670461654663086
2012-07-30 13:30:00+00:00,23.652339935302734
2012-07-31 13:30:00+00:00,23.616167068481445
2012-08-01 13:30:00+00:00,23.593454360961914
2012-08-02 13:30:00+00:00,23.439071655273438
2012-08-03 13:30:00+00:00,23.938566207885742
2012-08-06 13:30:00+00:00,24.01120948791504
2012-08-07 13:30:00+00:00,23.938566207885742
2012-08-08 13:30:00+00:00,24.01120948791504
2012-08-09 13:30:00+00:00,23.947643280029297
2012-08-10 13:30:00+00:00,23.947643280029297
2012-08-13 13:30:00+00:00,23.82050323486328
2012-08-14 13:30:00+00:00,23.793254852294922
2012-08-15 13:30:00+00:00,23.75693130493164
2012-08-16 13:30:00+00:00,23.76600456237793
2012-08-17 13:30:00+00:00,23.702442169189453
2012-08-20 13:30:00+00:00,23.666109085083008
2012-08-21 13:30:00+00:00,23.73874855041504
2012-08-22 13:30:00+00:00,23.82050323486328
2012-08-23 13:30:00+00:00,23.911304473876953
2012-08-24 13:30:00+00:00,23.775074005126953
2012-08-27 13:30:00+00:00,23.75693130493164
2012-08-28 13:30:00+00:00,23.720603942871094
2012-08-29 13:30:00+00:00,23.593454360961914
2012-08-30 13:30:00+00:00,23.511720657348633
2012-08-31 13:30:00+00:00,23.629783630371094
2012-09-04 13:30:00+00:00,23.679914474487305
2012-09-05 13:30:00+00:00,23.716373443603516
2012-09-06 13:30:00+00:00,23.761953353881836
2012-09-07 13:30:00+00:00,24.03539276123047
2012-09-10 13:30:00+00:00,23.98981475830078
2012-09-11 13:30:00+00:00,24.108306884765625
2012-09-12 13:30:00+00:00,24.044496536254883
2012-09-13 13:30:00+00:00,24.19034767150879
2012-09-14 13:30:00+00:00,24.34527015686035
2012-09-17 13:30:00+00:00,24.272384643554688
2012-09-18 13:30:00+00:00,24.22679328918457
2012-09-19 13:30:00+00:00,24.235925674438477
2012-09-20 13:30:00+00:00,24.144758224487305
2012-09-21 13:30:00+00:00,24.217687606811523
2012-09-24 13:30:00+00:00,24.19034767150879
2012-09-25 13:30:00+00:00,24.22679328918457
2012-09-26 13:30:00+00:00,24.199462890625
2012-09-27 13:30:00+00:00,24.281494140625
2012-09-28 13:30:00+00:00,24.172107696533203
2012-10-01 13:30:00+00:00,24.246200561523438
2012-10-02 13:30:00+00:00,24.209613800048828
2012-10-03 13:30:00+00:00,24.310213088989258
2012-10-04 13:30:00+00:00,24.383398056030273
2012-10-05 13:30:00+00:00,24.27363395690918
2012-10-08 13:30:00+00:00,24.182167053222656
2012-10-09 13:30:00+00:00,24.145586013793945
2012-10-10 13:30:00+00:00,24.154735565185547
2012-10-11 13:30:00+00:00,24.27363395690918
2012-10-12 13:30:00+00:00,24.282773971557617
2012-10-15 13:30:00+00:00,24.301076889038086
2012-10-16 13:30:00+00:00,24.419963836669922
2012-10-17 13:30:00+00:00,24.575450897216797
2012-10-18 13:30:00+00:00,24.502286911010742
2012-10-19 13:30:00+00:00,24.4931583404541
2012-10-22 13:30:00+00:00,24.419963836669922
2012-10-23 13:30:00+00:00,24.40167236328125
2012-10-24 13:30:00+00:00,24.374231338500977
2012-10-25 13:30:00+00:00,24.447412490844727
2012-10-26 13:30:00+00:00,24.438249588012695
2012-10-31 13:30:00+00:00,24.46571159362793
2012-11-01 13:30:00+00:00,24.4390926361084
2012-11-02 13:30:00+00:00,24.42990493774414
2012-11-05 14:30:00+00:00,24.384029388427734
2012-11-06 14:30:00+00:00,24.411569595336914
2012-11-07 14:30:00+00:00,24.3381290435791
2012-11-08 14:30:00+00:00,24.30143165588379
2012-11-09 14:30:00+00:00,24.374845504760742
2012-11-12 14:30:00+00:00,24.3381290435791
2012-11-13 14:30:00+00:00,24.246356964111328
2012-11-14 14:30:00+00:00,24.227998733520508
2012-11-15 14:30:00+00:00,24.237192153930664
2012-11-16 14:30:00+00:00,24.237192153930664
2012-11-19 14:30:00+00:00,24.448265075683594
2012-11-20 14:30:00+00:00,24.42990493774414
2012-11-21 14:30:00+00:00,24.448265075683594
2012-11-23 14:30:00+00:00,24.503314971923828
2012-11-26 14:30:00+00:00,24.530868530273438
2012-11-27 14:30:00+00:00,24.558385848999023
2012-11-28 14:30:00+00:00,24.576763153076172
2012-11-29 14:30:00+00:00,24.604265213012695
2012-11-30 14:30:00+00:00,24.631811141967773
2012-12-03 14:30:00+00:00,24.651142120361328
2012-12-04 14:30:00+00:00,24.76165771484375
2012-12-05 14:30:00+00:00,24.770862579345703
2012-12-06 14:30:00+00:00,24.816911697387695
2012-12-07 14:30:00+00:00,24.853729248046875
2012-12-10 14:30:00+00:00,24.816911697387695
2012-12-11 14:30:00+00:00,24.936599731445312
2012-12-12 14:30:00+00:00,24.982648849487305
2012-12-13 14:30:00+00:00,24.908985137939453
2012-12-14 14:30:00+00:00,25.019485473632812
2012-12-17 14:30:00+00:00,24.96424674987793
2012-12-18 14:30:00+00:00,25.056324005126953
2012-12-19 14:30:00+00:00,25.111568450927734
2012-12-20 14:30:00+00:00,25.148399353027344
2012-12-21 14:30:00+00:00,25.001073837280273
2012-12-24 14:30:00+00:00,25.0286865234375
2012-12-26 14:30:00+00:00,25.065534591674805
2012-12-27 14:30:00+00:00,25.205053329467773
2012-12-28 14:30:00+00:00,25.25124740600586
2012-12-31 14:30:00+00:00,25.362110137939453
2013-01-02 14:30:00+00:00,25.343639373779297
2013-01-03 14:30:00+00:00,25.223526000976562
2013-01-04 14:30:00+00:00,25.269710540771484
2013-01-07 14:30:00+00:00,25.223526000976562
2013-01-08 14:30:00+00:00,25.25124740600586
2013-01-09 14:30:00+00:00,25.269710540771484
2013-01-10 14:30:00+00:00,25.343639373779297
2013-01-11 14:30:00+00:00,25.35287094116211
2013-01-14 14:30:00+00:00,25.362110137939453
2013-01-15 14:30:00+00:00,25.25124740600586
2013-01-16 14:30:00+00:00,25.27895164489746
2013-01-17 14:30:00+00:00,25.454498291015625
2013-01-18 14:30:00+00:00,25.3990535736084
2013-01-22 14:30:00+00:00,25.3713436126709
2013-01-23 14:30:00+00:00,25.334381103515625
2013-01-24 14:30:00+00:00,25.362110137939453
2013-01-25 14:30:00+00:00,25.3713436126709
2013-01-28 14:30:00+00:00,25.288190841674805
2013-01-29 14:30:00+00:00,25.454498291015625
2013-01-30 14:30:00+00:00,25.42677879333496
2013-01-31 14:30:00+00:00,25.436019897460938
2013-02-01 14:30:00+00:00,25.64183235168457
2013-02-04 14:30:00+00:00,25.447158813476562
2013-02-05 14:30:00+00:00,25.567657470703125
2013-02-06 14:30:00+00:00,25.54912567138672
2013-02-07 14:30:00+00:00,25.493499755859375
2013-02-08 14:30:00+00:00,25.52129554748535
2013-02-11 14:30:00+00:00,25.530595779418945
2013-02-12 14:30:00+00:00,25.586217880249023
2013-02-13 14:30:00+00:00,25.6140079498291
2013-02-14 14:30:00+00:00,25.604740142822266
2013-02-15 14:30:00+00:00,25.502761840820312
2013-02-19 14:30:00+00:00,25.567657470703125
2013-02-20 14:30:00+00:00,25.447158813476562
2013-02-21 14:30:00+00:00,25.419334411621094
2013-02-22 14:30:00+00:00,25.437883377075195
2013-02-25 14:30:00+00:00,25.345178604125977
2013-02-26 14:30:00+00:00,25.363718032836914
2013-02-27 14:30:00+00:00,25.419334411621094
2013-02-28 14:30:00+00:00,25.35446548461914
2013-03-01 14:30:00+00:00,25.240022659301758
2013-03-04 14:30:00+00:00,25.258625030517578
2013-03-05 14:30:00+00:00,25.333045959472656
2013-03-06 14:30:00+00:00,25.24930763244629
2013-03-07 14:30:00+00:00,25.34235954284668
2013-03-08 14:30:00+00:00,25.3702449798584
2013-03-11 13:30:00+00:00,25.314449310302734
2013-03-12 13:30:00+00:00,25.3237361907959
2013-03-13 13:30:00+00:00,25.2772216796875
2013-03-14 13:30:00+00:00,25.2772216796875
2013-03-15 13:30:00+00:00,25.267934799194336
2013-03-18 13:30:00+00:00,25.202802658081055
2013-03-19 13:30:00+00:00,25.11907196044922
2013-03-20 13:30:00+00:00,25.137685775756836
2013-03-21 13:30:00+00:00,25.10047721862793
2013-03-22 13:30:00+00:00,25.10975456237793
2013-03-25 13:30:00+00:00,25.091175079345703
2013-03-26 13:30:00+00:00,25.10975456237793
2013-03-27 13:30:00+00:00,25.10047721862793
2013-03-28 13:30:00+00:00,25.156295776367188
2013-04-01 13:30:00+00:00,25.19830894470215
2013-04-02 13:30:00+00:00,25.2076358795166
2013-04-03 13:30:00+00:00,25.1702880859375
2013-04-04 13:30:00+00:00,25.03957748413086
2013-04-05 13:30:00+00:00,25.21698570251465
2013-04-08 13:30:00+00:00,25.413034439086914
2013-04-09 13:30:00+00:00,25.627763748168945
2013-04-10 13:30:00+00:00,25.627763748168945
2013-04-11 13:30:00+00:00,25.721115112304688
2013-04-12 13:30:00+00:00,25.721115112304688
2013-04-15 13:30:00+00:00,25.553054809570312
2013-04-16 13:30:00+00:00,25.702444076538086
2013-04-17 13:30:00+00:00,25.562414169311523
2013-04-18 13:30:00+00:00,25.599761962890625
2013-04-19 13:30:00+00:00,25.646440505981445
2013-04-22 13:30:00+00:00,25.590402603149414
2013-04-23 13:30:00+00:00,25.599761962890625
2013-04-24 13:30:00+00:00,25.68031883239746
2013-04-25 13:30:00+00:00,25.68031883239746
2013-04-26 13:30:00+00:00,25.69906234741211
2013-04-29 13:30:00+00:00,25.802122116088867
2013-04-30 13:30:00+00:00,25.848968505859375
2013-05-01 13:30:00+00:00,25.83023452758789
2013-05-02 13:30:00+00:00,25.905176162719727
2013-05-03 13:30:00+00:00,25.99887466430664
2013-05-06 13:30:00+00:00,25.952024459838867
2013-05-07 13:30:00+00:00,26.02698516845703
2013-05-08 13:30:00+00:00,26.083187103271484
2013-05-09 13:30:00+00:00,26.064453125
2013-05-10 13:30:00+00:00,25.89581871032715
2013-05-13 13:30:00+00:00,25.839599609375
2013-05-14 13:30:00+00:00,25.736553192138672
2013-05-15 13:30:00+00:00,25.68031883239746
2013-05-16 13:30:00+00:00,25.642839431762695
2013-05-17 13:30:00+00:00,25.577268600463867
2013-05-20 13:30:00+00:00,25.586627960205078
2013-05-21 13:30:00+00:00,25.521045684814453
2013-05-22 13:30:00+00:00,25.399276733398438
2013-05-23 13:30:00+00:00,25.324316024780273
2013-05-24 13:30:00+00:00,25.239999771118164
2013-05-28 13:30:00+00:00,25.03386688232422
2013-05-29 13:30:00+00:00,24.762189865112305
2013-05-30 13:30:00+00:00,24.593515396118164
2013-05-31 13:30:00+00:00,24.28434944152832
2013-06-03 13:30:00+00:00,24.15449333190918
2013-06-04 13:30:00+00:00,24.342700958251953
2013-06-05 13:30:00+00:00,24.0886287689209
2013-06-06 13:30:00+00:00,24.192134857177734
2013-06-07 13:30:00+00:00,23.938074111938477
2013-06-10 13:30:00+00:00,23.43935775756836
2013-06-11 13:30:00+00:00,23.2888126373291
2013-06-12 13:30:00+00:00,23.533458709716797
2013-06-13 13:30:00+00:00,24.022750854492188
2013-06-14 13:30:00+00:00,23.938074111938477
2013-06-17 13:30:00+00:00,23.853374481201172
2013-06-18 13:30:00+00:00,23.514629364013672
2013-06-19 13:30:00+00:00,23.21353530883789
2013-06-20 13:30:00+00:00,22.818328857421875
2013-06-21 13:30:00+00:00,22.72422981262207
2013-06-24 13:30:00+00:00,22.310211181640625
2013-06-25 13:30:00+00:00,22.818328857421875
2013-06-26 13:30:00+00:00,22.808923721313477
2013-06-27 13:30:00+00:00,23.241771697998047
2013-06-28 13:30:00+00:00,22.827743530273438
2013-07-01 13:30:00+00:00,23.167879104614258
2013-07-02 13:30:00+00:00,23.054508209228516
2013-07-03 13:30:00+00:00,22.922231674194336
2013-07-05 13:30:00+00:00,22.67656135559082
2013-07-08 13:30:00+00:00,22.931663513183594
2013-07-09 13:30:00+00:00,23.063974380493164
2013-07-10 13:30:00+00:00,23.00727081298828
2013-07-11 13:30:00+00:00,23.073396682739258
2013-07-12 13:30:00+00:00,22.997814178466797
2013-07-15 13:30:00+00:00,23.073396682739258
2013-07-16 13:30:00+00:00,23.177331924438477
2013-07-17 13:30:00+00:00,23.451330184936523
2013-07-18 13:30:00+00:00,23.337968826293945
2013-07-19 13:30:00+00:00,23.432453155517578
2013-07-22 13:30:00+00:00,23.54583740234375
2013-07-23 13:30:00+00:00,23.58363151550293
2013-07-24 13:30:00+00:00,23.366315841674805
2013-07-25 13:30:00+00:00,23.3001708984375
2013-07-26 13:30:00+00:00,23.252944946289062
2013-07-29 13:30:00+00:00,23.196231842041016
2013-07-30 13:30:00+00:00,23.196231842041016
2013-07-31 13:30:00+00:00,23.10175132751465
2013-08-01 13:30:00+00:00,22.9755859375
2013-08-02 13:30:00+00:00,23.16530418395996
2013-08-05 13:30:00+00:00,23.2032527923584
2013-08-06 13:30:00+00:00,23.16530418395996
2013-08-07 13:30:00+00:00,23.108396530151367
2013-08-08 13:30:00+00:00,23.260160446166992
2013-08-09 13:30:00+00:00,23.336069107055664
2013-08-12 13:30:00+00:00,23.222225189208984
2013-08-13 13:30:00+00:00,23.04199981689453
2013-08-14 13:30:00+00:00,23.013517379760742
2013-08-15 13:30:00+00:00,22.909175872802734
2013-08-16 13:30:00+00:00,22.80483627319336
2013-08-19 13:30:00+00:00,22.577171325683594
2013-08-20 13:30:00+00:00,22.548696517944336
2013-08-21 13:30:00+00:00,22.321029663085938
2013-08-22 13:30:00+00:00,22.226173400878906
2013-08-23 13:30:00+00:00,22.615108489990234
2013-08-26 13:30:00+00:00,22.444360733032227
2013-08-27 13:30:00+00:00,22.093360900878906
2013-08-28 13:30:00+00:00,22.06489372253418
2013-08-29 13:30:00+00:00,22.093360900878906
2013-08-30 13:30:00+00:00,22.18820571899414
2013-09-03 13:30:00+00:00,22.090124130249023
2013-09-04 13:30:00+00:00,22.128210067749023
2013-09-05 13:30:00+00:00,22.042478561401367
2013-09-06 13:30:00+00:00,22.271116256713867
2013-09-09 13:30:00+00:00,22.35682487487793
2013-09-10 13:30:00+00:00,22.37589454650879
2013-09-11 13:30:00+00:00,22.661653518676758
2013-09-12 13:30:00+00:00,22.823579788208008
2013-09-13 13:30:00+00:00,22.747385025024414
2013-09-16 13:30:00+00:00,23.02364158630371
2013-09-17 13:30:00+00:00,23.166519165039062
2013-09-18 13:30:00+00:00,23.947620391845703
2013-09-19 13:30:00+00:00,23.880945205688477
2013-09-20 13:30:00+00:00,23.547550201416016
2013-09-23 13:30:00+00:00,23.595178604125977
2013-09-24 13:30:00+00:00,23.547550201416016
2013-09-25 13:30:00+00:00,23.35702896118164
2013-09-26 13:30:00+00:00,23.25226402282715
2013-09-27 13:30:00+00:00,23.118879318237305
2013-09-30 13:30:00+00:00,23.147470474243164
2013-10-01 13:30:00+00:00,23.208696365356445
2013-10-02 13:30:00+00:00,23.380887985229492
2013-10-03 13:30:00+00:00,23.304372787475586
2013-10-04 13:30:00+00:00,23.380887985229492
2013-10-07 13:30:00+00:00,23.352203369140625
2013-10-08 13:30:00+00:00,23.333059310913086
2013-10-09 13:30:00+00:00,23.361759185791016
2013-10-10 13:30:00+00:00,23.44786262512207
2013-10-11 13:30:00+00:00,23.5530948638916
2013-10-14 13:30:00+00:00,23.53396224975586
2013-10-15 13:30:00+00:00,23.409595489501953
2013-10-16 13:30:00+00:00,23.54353904724121
2013-10-17 13:30:00+00:00,23.964448928833008
2013-10-18 13:30:00+00:00,23.916624069213867
2013-10-21 13:30:00+00:00,23.868791580200195
2013-10-22 13:30:00+00:00,24.12710952758789
2013-10-23 13:30:00+00:00,24.06012725830078
2013-10-24 13:30:00+00:00,24.06012725830078
2013-10-25 13:30:00+00:00,24.14621925354004
2013-10-28 13:30:00+00:00,24.155780792236328
2013-10-29 13:30:00+00:00,24.012296676635742
2013-10-30 13:30:00+00:00,23.907060623168945
2013-10-31 13:30:00+00:00,23.68702507019043
2013-11-01 13:30:00+00:00,23.46601676940918
2013-11-04 14:30:00+00:00,23.46601676940918
2013-11-05 14:30:00+00:00,23.254613876342773
2013-11-06 14:30:00+00:00,23.22578239440918
2013-11-07 14:30:00+00:00,23.177736282348633
2013-11-08 14:30:00+00:00,22.95672035217285
2013-11-11 14:30:00+00:00,22.70686912536621
2013-11-12 14:30:00+00:00,22.774145126342773
2013-11-13 14:30:00+00:00,22.899076461791992
2013-11-14 14:30:00+00:00,23.043195724487305
2013-11-15 14:30:00+00:00,23.081640243530273
2013-11-18 14:30:00+00:00,23.110456466674805
2013-11-19 14:30:00+00:00,23.129684448242188
2013-11-20 14:30:00+00:00,22.812585830688477
2013-11-21 14:30:00+00:00,22.774145126342773
2013-11-22 14:30:00+00:00,23.01437759399414
2013-11-25 14:30:00+00:00,22.870216369628906
2013-11-26 14:30:00+00:00,22.995153427124023
2013-11-27 14:30:00+00:00,22.937498092651367
2013-11-29 14:30:00+00:00,22.908658981323242
2013-12-02 14:30:00+00:00,22.841108322143555
2013-12-03 14:30:00+00:00,22.947282791137695
2013-12-04 14:30:00+00:00,22.76385498046875
2013-12-05 14:30:00+00:00,22.90867042541504
2013-12-06 14:30:00+00:00,22.99554443359375
2013-12-09 14:30:00+00:00,23.10175323486328
2013-12-10 14:30:00+00:00,23.13071632385254
2013-12-11 14:30:00+00:00,23.0438232421875
2013-12-12 14:30:00+00:00,23.053476333618164
2013-12-13 14:30:00+00:00,23.16932487487793
2013-12-16 14:30:00+00:00,23.17897605895996
2013-12-17 14:30:00+00:00,23.12105941772461
2013-12-18 14:30:00+00:00,23.111391067504883
2013-12-19 14:30:00+00:00,22.956939697265625
2013-12-20 14:30:00+00:00,22.90867042541504
2013-12-23 14:30:00+00:00,22.956939697265625
2013-12-24 14:30:00+00:00,22.966588973999023
2013-12-26 14:30:00+00:00,22.927980422973633
2013-12-27 14:30:00+00:00,22.898880004882812
2013-12-30 14:30:00+00:00,22.93766212463379
2013-12-31 14:30:00+00:00,22.840686798095703
2014-01-02 14:30:00+00:00,22.714616775512695
2014-01-03 14:30:00+00:00,22.72429847717285
2014-01-06 14:30:00+00:00,22.666109085083008
2014-01-07 14:30:00+00:00,22.685501098632812
2014-01-08 14:30:00+00:00,22.59821319580078
2014-01-09 14:30:00+00:00,22.617610931396484
2014-01-10 14:30:00+00:00,22.77278709411621
2014-01-13 14:30:00+00:00,22.646703720092773
2014-01-14 14:30:00+00:00,22.685501098632812
2014-01-15 14:30:00+00:00,22.588525772094727
2014-01-16 14:30:00+00:00,22.501222610473633
2014-01-17 14:30:00+00:00,22.520626068115234
2014-01-21 14:30:00+00:00,22.404245376586914
2014-01-22 14:30:00+00:00,22.346059799194336
2014-01-23 14:30:00+00:00,22.239368438720703
2014-01-24 14:30:00+00:00,21.95809555053711
2014-01-27 14:30:00+00:00,21.88050651550293
2014-01-28 14:30:00+00:00,22.08418846130371
2014-01-29 14:30:00+00:00,21.832019805908203
2014-01-30 14:30:00+00:00,22.016286849975586
2014-01-31 14:30:00+00:00,21.84171485900879
2014-02-03 14:30:00+00:00,21.68577003479004
2014-02-04 14:30:00+00:00,21.978166580200195
2014-02-05 14:30:00+00:00,22.06587791442871
2014-02-06 14:30:00+00:00,22.260805130004883
2014-02-07 14:30:00+00:00,22.260805130004883
2014-02-10 14:30:00+00:00,22.15358543395996
2014-02-11 14:30:00+00:00,22.192584991455078
2014-02-12 14:30:00+00:00,22.173091888427734
2014-02-13 14:30:00+00:00,22.221820831298828
2014-02-14 14:30:00+00:00,22.270545959472656
2014-02-18 14:30:00+00:00,22.31928062438965
2014-02-19 14:30:00+00:00,22.13410758972168
2014-02-20 14:30:00+00:00,22.231571197509766
2014-02-21 14:30:00+00:00,22.299787521362305
2014-02-24 14:30:00+00:00,22.465476989746094
2014-02-25 14:30:00+00:00,22.397253036499023
2014-02-26 14:30:00+00:00,22.270545959472656
2014-02-27 14:30:00+00:00,22.445999145507812
2014-02-28 14:30:00+00:00,22.494722366333008
2014-03-03 14:30:00+00:00,22.287216186523438
2014-03-04 14:30:00+00:00,22.414464950561523
2014-03-05 14:30:00+00:00,22.590648651123047
2014-03-06 14:30:00+00:00,22.717891693115234
2014-03-07 14:30:00+00:00,22.55150032043457
2014-03-10 13:30:00+00:00,22.512344360351562
2014-03-11 13:30:00+00:00,22.45362091064453
2014-03-12 13:30:00+00:00,22.43402671813965
2014-03-13 13:30:00+00:00,22.355741500854492
2014-03-14 13:30:00+00:00,22.45362091064453
2014-03-17 13:30:00+00:00,22.502553939819336
2014-03-18 13:30:00+00:00,22.571075439453125
2014-03-19 13:30:00+00:00,22.512344360351562
2014-03-20 13:30:00+00:00,22.590648651123047
2014-03-21 13:30:00+00:00,22.473196029663086
2014-03-24 13:30:00+00:00,22.590648651123047
2014-03-25 13:30:00+00:00,22.717891693115234
2014-03-26 13:30:00+00:00,22.737464904785156
2014-03-27 13:30:00+00:00,22.962587356567383
2014-03-28 13:30:00+00:00,22.952795028686523
2014-03-31 13:30:00+00:00,23.060466766357422
2014-04-01 13:30:00+00:00,23.191268920898438
2014-04-02 13:30:00+00:00,23.063419342041016
2014-04-03 13:30:00+00:00,23.063419342041016
2014-04-04 13:30:00+00:00,23.122411727905273
2014-04-07 13:30:00+00:00,23.191268920898438
2014-04-08 13:30:00+00:00,23.446990966796875
2014-04-09 13:30:00+00:00,23.496158599853516
2014-04-10 13:30:00+00:00,23.427318572998047
2014-04-11 13:30:00+00:00,23.40765380859375
2014-04-14 13:30:00+00:00,23.309282302856445
2014-04-15 13:30:00+00:00,23.210939407348633
2014-04-16 13:30:00+00:00,23.24043846130371
2014-04-17 13:30:00+00:00,23.358474731445312
2014-04-21 13:30:00+00:00,23.348642349243164
2014-04-22 13:30:00+00:00,23.26996421813965
2014-04-23 13:30:00+00:00,23.22078514099121
2014-04-24 13:30:00+00:00,23.252399444580078
2014-04-25 13:30:00+00:00,23.24252700805664
2014-04-28 13:30:00+00:00,23.291927337646484
2014-04-29 13:30:00+00:00,23.35123634338379
2014-04-30 13:30:00+00:00,23.370983123779297
2014-05-01 13:30:00+00:00,23.450050354003906
2014-05-02 13:30:00+00:00,23.469804763793945
2014-05-05 13:30:00+00:00,23.529081344604492
2014-05-06 13:30:00+00:00,23.637800216674805
2014-05-07 13:30:00+00:00,23.67732810974121
2014-05-08 13:30:00+00:00,23.894733428955078
2014-05-09 13:30:00+00:00,23.855207443237305
2014-05-12 13:30:00+00:00,23.855207443237305
2014-05-13 13:30:00+00:00,23.884851455688477
2014-05-14 13:30:00+00:00,23.983671188354492
2014-05-15 13:30:00+00:00,24.01331329345703
2014-05-16 13:30:00+00:00,24.023191452026367
2014-05-19 13:30:00+00:00,24.11213493347168
2014-05-20 13:30:00+00:00,23.914491653442383
2014-05-21 13:30:00+00:00,24.023191452026367
2014-05-22 13:30:00+00:00,24.082487106323242
2014-05-23 13:30:00+00:00,24.16155433654785
2014-05-27 13:30:00+00:00,24.003446578979492
2014-05-28 13:30:00+00:00,23.963897705078125
2014-05-29 13:30:00+00:00,24.033077239990234
2014-05-30 13:30:00+00:00,23.874967575073242
2014-06-02 13:30:00+00:00,23.775691986083984
2014-06-03 13:30:00+00:00,23.656570434570312
2014-06-04 13:30:00+00:00,23.686359405517578
2014-06-05 13:30:00+00:00,23.83525848388672
2014-06-06 13:30:00+00:00,24.07351303100586
2014-06-09 13:30:00+00:00,24.103303909301758
2014-06-10 13:30:00+00:00,24.033796310424805
2014-06-11 13:30:00+00:00,23.954395294189453
2014-06-12 13:30:00+00:00,24.013940811157227
2014-06-13 13:30:00+00:00,24.093364715576172
2014-06-16 13:30:00+00:00,23.865049362182617
2014-06-17 13:30:00+00:00,23.76577377319336
2014-06-18 13:30:00+00:00,23.994094848632812
2014-06-19 13:30:00+00:00,23.92460060119629
2014-06-20 13:30:00+00:00,23.9444580078125
2014-06-23 13:30:00+00:00,24.063573837280273
2014-06-24 13:30:00+00:00,24.033796310424805
2014-06-25 13:30:00+00:00,24.033796310424805
2014-06-26 13:30:00+00:00,24.103303909301758
2014-06-27 13:30:00+00:00,24.123157501220703
2014-06-30 13:30:00+00:00,24.123157501220703
2014-07-01 13:30:00+00:00,24.123144149780273
2014-07-02 13:30:00+00:00,24.07328987121582
2014-07-03 13:30:00+00:00,24.0234317779541
2014-07-07 13:30:00+00:00,24.123144149780273
2014-07-08 13:30:00+00:00,24.143085479736328
2014-07-09 13:30:00+00:00,24.322601318359375
2014-07-10 13:30:00+00:00,24.232851028442383
2014-07-11 13:30:00+00:00,24.212913513183594
2014-07-14 13:30:00+00:00,24.252782821655273
2014-07-15 13:30:00+00:00,24.17299461364746
2014-07-16 13:30:00+00:00,24.242813110351562
2014-07-17 13:30:00+00:00,24.222867965698242
2014-07-18 13:30:00+00:00,24.26275634765625
2014-07-21 13:30:00+00:00,24.352506637573242
2014-07-22 13:30:00+00:00,24.412342071533203
2014-07-23 13:30:00+00:00,24.492124557495117
2014-07-24 13:30:00+00:00,24.47218132019043
2014-07-25 13:30:00+00:00,24.442272186279297
2014-07-28 13:30:00+00:00,24.372459411621094
2014-07-29 13:30:00+00:00,24.292686462402344
2014-07-30 13:30:00+00:00,24.192962646484375
2014-07-31 13:30:00+00:00,23.943645477294922
2014-08-01 13:30:00+00:00,23.920608520507812
2014-08-04 13:30:00+00:00,23.9907283782959
2014-08-05 13:30:00+00:00,23.910602569580078
2014-08-06 13:30:00+00:00,23.910602569580078
2014-08-07 13:30:00+00:00,23.76032257080078
2014-08-08 13:30:00+00:00,23.89056396484375
2014-08-11 13:30:00+00:00,23.920608520507812
2014-08-12 13:30:00+00:00,23.940635681152344
2014-08-13 13:30:00+00:00,24.020771026611328
2014-08-14 13:30:00+00:00,24.11090850830078
2014-08-15 13:30:00+00:00,24.11090850830078
2014-08-18 13:30:00+00:00,24.050825119018555
2014-08-19 13:30:00+00:00,24.050825119018555
2014-08-20 13:30:00+00:00,23.920608520507812
2014-08-21 13:30:00+00:00,23.950647354125977
2014-08-22 13:30:00+00:00,23.90058135986328
2014-08-25 13:30:00+00:00,23.870532989501953
2014-08-26 13:30:00+00:00,23.970706939697266
2014-08-27 13:30:00+00:00,24.050825119018555
2014-08-28 13:30:00+00:00,24.010770797729492
2014-08-29 13:30:00+00:00,24.03079605102539
2014-09-02 13:30:00+00:00,23.899972915649414
2014-09-03 13:30:00+00:00,23.970420837402344
2014-09-04 13:30:00+00:00,23.86977767944336
2014-09-05 13:30:00+00:00,24.000600814819336
2014-09-08 13:30:00+00:00,23.879852294921875
2014-09-09 13:30:00+00:00,23.718828201293945
2014-09-10 13:30:00+00:00,23.7490234375
2014-09-11 13:30:00+00:00,23.688631057739258
2014-09-12 13:30:00+00:00,23.557825088500977
2014-09-15 13:30:00+00:00,23.497446060180664
2014-09-16 13:30:00+00:00,23.5880184173584
2014-09-17 13:30:00+00:00,23.497446060180664
2014-09-18 13:30:00+00:00,23.43707275390625
2014-09-19 13:30:00+00:00,23.447128295898438
2014-09-22 13:30:00+00:00,23.346500396728516
2014-09-23 13:30:00+00:00,23.31631851196289
2014-09-24 13:30:00+00:00,23.386760711669922
2014-09-25 13:30:00+00:00,23.205615997314453
2014-09-26 13:30:00+00:00,23.135183334350586
2014-09-29 13:30:00+00:00,22.954030990600586
2014-09-30 13:30:00+00:00,22.94397735595703
2014-10-01 13:30:00+00:00,22.933855056762695
2014-10-02 13:30:00+00:00,23.034944534301758
2014-10-03 13:30:00+00:00,22.842893600463867
2014-10-06 13:30:00+00:00,23.024837493896484
2014-10-07 13:30:00+00:00,22.9439697265625
2014-10-08 13:30:00+00:00,23.206777572631836
2014-10-09 13:30:00+00:00,23.166343688964844
2014-10-10 13:30:00+00:00,23.075363159179688
2014-10-13 13:30:00+00:00,23.166343688964844
2014-10-14 13:30:00+00:00,23.19666862487793
2014-10-15 13:30:00+00:00,23.22698211669922
2014-10-16 13:30:00+00:00,23.15624237060547
2014-10-17 13:30:00+00:00,23.267406463623047
2014-10-20 13:30:00+00:00,23.317955017089844
2014-10-21 13:30:00+00:00,23.32806968688965
2014-10-22 13:30:00+00:00,23.2471923828125
2014-10-23 13:30:00+00:00,23.22698211669922
2014-10-24 13:30:00+00:00,23.237104415893555
2014-10-27 13:30:00+00:00,23.136011123657227
2014-10-28 13:30:00+00:00,23.307836532592773
2014-10-29 13:30:00+00:00,23.17645263671875
2014-10-30 13:30:00+00:00,23.287633895874023
2014-10-31 13:30:00+00:00,23.15624237060547
2014-11-03 14:30:00+00:00,23.014108657836914
2014-11-04 14:30:00+00:00,23.034421920776367
2014-11-05 14:30:00+00:00,22.85167694091797
2014-11-06 14:30:00+00:00,22.658796310424805
2014-11-07 14:30:00+00:00,22.811059951782227
2014-11-10 14:30:00+00:00,22.800907135009766
2014-11-11 14:30:00+00:00,22.790773391723633
2014-11-12 14:30:00+00:00,22.831369400024414
2014-11-13 14:30:00+00:00,22.750165939331055
2014-11-14 14:30:00+00:00,22.770471572875977
2014-11-17 14:30:00+00:00,22.709562301635742
2014-11-18 14:30:00+00:00,22.831369400024414
2014-11-19 14:30:00+00:00,22.8618221282959
2014-11-20 14:30:00+00:00,22.973501205444336
2014-11-21 14:30:00+00:00,23.054718017578125
2014-11-24 14:30:00+00:00,23.014108657836914
2014-11-25 14:30:00+00:00,23.054718017578125
2014-11-26 14:30:00+00:00,23.115623474121094
2014-11-28 14:30:00+00:00,22.841527938842773
2014-12-01 14:30:00+00:00,22.791563034057617
2014-12-02 14:30:00+00:00,22.567216873168945
2014-12-03 14:30:00+00:00,22.557018280029297
2014-12-04 14:30:00+00:00,22.495830535888672
2014-12-05 14:30:00+00:00,22.26128578186035
2014-12-08 14:30:00+00:00,22.098119735717773
2014-12-09 14:30:00+00:00,22.077726364135742
2014-12-10 14:30:00+00:00,22.016544342041016
2014-12-11 14:30:00+00:00,21.822784423828125
2014-12-12 14:30:00+00:00,21.639244079589844
2014-12-15 14:30:00+00:00,21.404691696166992
2014-12-16 14:30:00+00:00,21.149749755859375
2014-12-17 14:30:00+00:00,21.537267684936523
2014-12-18 14:30:00+00:00,21.700429916381836
2014-12-19 14:30:00+00:00,21.863571166992188
2014-12-22 14:30:00+00:00,21.792200088500977
2014-12-23 14:30:00+00:00,21.65963363647461
2014-12-24 14:30:00+00:00,21.731014251708984
2014-12-26 14:30:00+00:00,21.680011749267578
2014-12-29 14:30:00+00:00,21.675918579101562
2014-12-30 14:30:00+00:00,21.788602828979492
2014-12-31 14:30:00+00:00,21.686166763305664
2015-01-02 14:30:00+00:00,21.53250503540039
2015-01-05 14:30:00+00:00,21.399335861206055
2015-01-06 14:30:00+00:00,21.43007469177246
2015-01-07 14:30:00+00:00,21.58373260498047
2015-01-08 14:30:00+00:00,21.675918579101562
2015-01-09 14:30:00+00:00,21.788602828979492
2015-01-12 14:30:00+00:00,21.716899871826172
2015-01-13 14:30:00+00:00,21.634952545166016
2015-01-14 14:30:00+00:00,21.798845291137695
2015-01-15 14:30:00+00:00,21.696409225463867
2015-01-16 14:30:00+00:00,21.788602828979492
2015-01-20 14:30:00+00:00,21.788602828979492
2015-01-21 14:30:00+00:00,21.747631072998047
2015-01-22 14:30:00+00:00,21.88080406188965
2015-01-23 14:30:00+00:00,21.96274757385254
2015-01-26 14:30:00+00:00,21.952518463134766
2015-01-27 14:30:00+00:00,21.99349021911621
2015-01-28 14:30:00+00:00,21.83980941772461
2015-01-29 14:30:00+00:00,21.788602828979492
2015-01-30 14:30:00+00:00,21.696409225463867
2015-02-02 14:30:00+00:00,21.805437088012695
2015-02-03 14:30:00+00:00,21.898019790649414
2015-02-04 14:30:00+00:00,21.640865325927734
2015-02-05 14:30:00+00:00,21.76428985595703
2015-02-06 14:30:00+00:00,21.54830551147461
2015-02-09 14:30:00+00:00,21.476314544677734
2015-02-10 14:30:00+00:00,21.270591735839844
2015-02-11 14:30:00+00:00,21.0443058013916
2015-02-12 14:30:00+00:00,21.25000762939453
2015-02-13 14:30:00+00:00,21.35287857055664
2015-02-17 14:30:00+00:00,21.322017669677734
2015-02-18 14:30:00+00:00,21.373451232910156
2015-02-19 14:30:00+00:00,21.270591735839844
2015-02-20 14:30:00+00:00,21.30145263671875
2015-02-23 14:30:00+00:00,21.21916961669922
2015-02-24 14:30:00+00:00,21.394018173217773
2015-02-25 14:30:00+00:00,21.4043025970459
2015-02-26 14:30:00+00:00,21.363157272338867
2015-02-27 14:30:00+00:00,21.311738967895508
2015-03-02 14:30:00+00:00,21.16498374938965
2015-03-03 14:30:00+00:00,21.154644012451172
2015-03-04 14:30:00+00:00,20.989295959472656
2015-03-05 14:30:00+00:00,20.87563705444336
2015-03-06 14:30:00+00:00,20.4518985748291
2015-03-09 13:30:00+00:00,20.400239944458008
2015-03-10 13:30:00+00:00,20.16254234313965
2015-03-11 13:30:00+00:00,20.25554084777832
2015-03-12 13:30:00+00:00,20.327878952026367
2015-03-13 13:30:00+00:00,20.079866409301758
2015-03-16 13:30:00+00:00,20.16254234313965
2015-03-17 13:30:00+00:00,20.234880447387695
2015-03-18 13:30:00+00:00,20.60691261291504
2015-03-19 13:30:00+00:00,20.493240356445312
2015-03-20 13:30:00+00:00,20.761926651000977
2015-03-23 13:30:00+00:00,21.061635971069336
2015-03-24 13:30:00+00:00,21.14431381225586
2015-03-25 13:30:00+00:00,21.009965896606445
2015-03-26 13:30:00+00:00,20.885961532592773
2015-03-27 13:30:00+00:00,20.79294776916504
2015-03-30 13:30:00+00:00,20.75160789489746
2015-03-31 13:30:00+00:00,20.79294776916504
2015-04-01 13:30:00+00:00,20.9600830078125
2015-04-02 13:30:00+00:00,21.05352020263672
2015-04-06 13:30:00+00:00,21.385725021362305
2015-04-07 13:30:00+00:00,21.261137008666992
2015-04-08 13:30:00+00:00,21.406482696533203
2015-04-09 13:30:00+00:00,21.302671432495117
2015-04-10 13:30:00+00:00,21.209228515625
2015-04-13 13:30:00+00:00,21.032752990722656
2015-04-14 13:30:00+00:00,21.178091049194336
2015-04-15 13:30:00+00:00,21.21961212158203
2015-04-16 13:30:00+00:00,21.31305503845215
2015-04-17 13:30:00+00:00,21.250755310058594
2015-04-20 13:30:00+00:00,21.105424880981445
2015-04-21 13:30:00+00:00,21.084659576416016
2015-04-22 13:30:00+00:00,21.084659576416016
2015-04-23 13:30:00+00:00,21.12618637084961
2015-04-24 13:30:00+00:00,21.167699813842773
2015-04-27 13:30:00+00:00,21.28190040588379
2015-04-28 13:30:00+00:00,21.447999954223633
2015-04-29 13:30:00+00:00,21.489545822143555
2015-04-30 13:30:00+00:00,21.323444366455078
2015-05-01 13:30:00+00:00,21.226425170898438
2015-05-04 13:30:00+00:00,21.184703826904297
2015-05-05 13:30:00+00:00,21.309871673583984
2015-05-06 13:30:00+00:00,21.309871673583984
2015-05-07 13:30:00+00:00,21.23685646057129
2015-05-08 13:30:00+00:00,21.37246322631836
2015-05-11 13:30:00+00:00,21.1116943359375
2015-05-12 13:30:00+00:00,21.142980575561523
2015-05-13 13:30:00+00:00,21.28900909423828
2015-05-14 13:30:00+00:00,21.466341018676758
2015-05-15 13:30:00+00:00,21.560211181640625
2015-05-18 13:30:00+00:00,21.424617767333984
2015-05-19 13:30:00+00:00,21.309871673583984
2015-05-20 13:30:00+00:00,21.299448013305664
2015-05-21 13:30:00+00:00,21.299448013305664
2015-05-22 13:30:00+00:00,21.195138931274414
2015-05-26 13:30:00+00:00,20.89264488220215
2015-05-27 13:30:00+00:00,20.830066680908203
2015-05-28 13:30:00+00:00,20.809202194213867
2015-05-29 13:30:00+00:00,20.819625854492188
2015-06-01 13:30:00+00:00,20.71381378173828
2015-06-02 13:30:00+00:00,20.860490798950195
2015-06-03 13:30:00+00:00,20.77668571472168
2015-06-04 13:30:00+00:00,20.66141700744629
2015-06-05 13:30:00+00:00,20.420440673828125
2015-06-08 13:30:00+00:00,20.420440673828125
2015-06-09 13:30:00+00:00,20.49378204345703
2015-06-10 13:30:00+00:00,20.66141700744629
2015-06-11 13:30:00+00:00,20.69285011291504
2015-06-12 13:30:00+00:00,20.556657791137695
2015-06-15 13:30:00+00:00,20.504262924194336
2015-06-16 13:30:00+00:00,20.535686492919922
2015-06-17 13:30:00+00:00,20.61951446533203
2015-06-18 13:30:00+00:00,20.766189575195312
2015-06-19 13:30:00+00:00,20.71381378173828
2015-06-22 13:30:00+00:00,20.79762840270996
2015-06-23 13:30:00+00:00,20.734764099121094
2015-06-24 13:30:00+00:00,20.766189575195312
2015-06-25 13:30:00+00:00,20.724292755126953
2015-06-26 13:30:00+00:00,20.61951446533203
2015-06-29 13:30:00+00:00,20.430910110473633
2015-06-30 13:30:00+00:00,20.472829818725586
2015-07-01 13:30:00+00:00,20.399147033691406
2015-07-02 13:30:00+00:00,20.557037353515625
2015-07-06 13:30:00+00:00,20.33599281311035
2015-07-07 13:30:00+00:00,20.188623428344727
2015-07-08 13:30:00+00:00,20.16758155822754
2015-07-09 13:30:00+00:00,20.262311935424805
2015-07-10 13:30:00+00:00,20.462305068969727
2015-07-13 13:30:00+00:00,20.462305068969727
2015-07-14 13:30:00+00:00,20.525453567504883
2015-07-15 13:30:00+00:00,20.44125747680664
2015-07-16 13:30:00+00:00,20.462305068969727
2015-07-17 13:30:00+00:00,20.451778411865234
2015-07-20 13:30:00+00:00,20.314939498901367
2015-07-21 13:30:00+00:00,20.378101348876953
2015-07-22 13:30:00+00:00,20.28336524963379
2015-07-23 13:30:00+00:00,20.199155807495117
2015-07-24 13:30:00+00:00,19.97811508178711
2015-07-27 13:30:00+00:00,19.957063674926758
2015-07-28 13:30:00+00:00,20.02021598815918
2015-07-29 13:30:00+00:00,20.030742645263672
2015-07-30 13:30:00+00:00,19.914968490600586
2015-07-31 13:30:00+00:00,19.946537017822266
2015-08-03 13:30:00+00:00,19.795312881469727
2015-08-04 13:30:00+00:00,19.721296310424805
2015-08-05 13:30:00+00:00,19.668434143066406
2015-08-06 13:30:00+00:00,19.60498046875
2015-08-07 13:30:00+00:00,19.668434143066406
2015-08-10 13:30:00+00:00,19.77417755126953
2015-08-11 13:30:00+00:00,19.678998947143555
2015-08-12 13:30:00+00:00,19.689577102661133
2015-08-13 13:30:00+00:00,19.53097152709961
2015-08-14 13:30:00+00:00,19.488670349121094
2015-08-17 13:30:00+00:00,19.46751594543457
2015-08-18 13:30:00+00:00,19.340625762939453
2015-08-19 13:30:00+00:00,19.287744522094727
2015-08-20 13:30:00+00:00,19.21373748779297
2015-08-21 13:30:00+00:00,19.05512237548828
2015-08-24 13:30:00+00:00,18.769603729248047
2015-08-25 13:30:00+00:00,18.864770889282227
2015-08-26 13:30:00+00:00,18.811901092529297
2015-08-27 13:30:00+00:00,18.970518112182617
2015-08-28 13:30:00+00:00,19.118562698364258
2015-08-31 13:30:00+00:00,19.012815475463867
2015-09-01 13:30:00+00:00,18.92778968811035
2015-09-02 13:30:00+00:00,18.853403091430664
2015-09-03 13:30:00+00:00,18.598337173461914
2015-09-04 13:30:00+00:00,18.502683639526367
2015-09-08 13:30:00+00:00,18.56644630432129
2015-09-09 13:30:00+00:00,18.523942947387695
2015-09-10 13:30:00+00:00,18.651473999023438
2015-09-11 13:30:00+00:00,18.672727584838867
2015-09-14 13:30:00+00:00,18.672727584838867
2015-09-15 13:30:00+00:00,18.672727584838867
2015-09-16 13:30:00+00:00,18.853403091430664
2015-09-17 13:30:00+00:00,18.88528823852539
2015-09-18 13:30:00+00:00,18.78963851928711
2015-09-21 13:30:00+00:00,18.715238571166992
2015-09-22 13:30:00+00:00,18.523942947387695
2015-09-23 13:30:00+00:00,18.407039642333984
2015-09-24 13:30:00+00:00,18.39641761779785
2015-09-25 13:30:00+00:00,18.407039642333984
2015-09-28 13:30:00+00:00,18.18386459350586
2015-09-29 13:30:00+00:00,18.17323112487793
2015-09-30 13:30:00+00:00,18.41765785217285
2015-10-01 13:30:00+00:00,18.42300796508789
2015-10-02 13:30:00+00:00,18.604564666748047
2015-10-05 13:30:00+00:00,18.764766693115234
2015-10-06 13:30:00+00:00,18.98905372619629
2015-10-07 13:30:00+00:00,19.138568878173828
2015-10-08 13:30:00+00:00,19.416240692138672
2015-10-09 13:30:00+00:00,19.565780639648438
2015-10-12 13:30:00+00:00,19.55507469177246
2015-10-13 13:30:00+00:00,19.245380401611328
2015-10-14 13:30:00+00:00,19.533729553222656
2015-10-15 13:30:00+00:00,19.587127685546875
2015-10-16 13:30:00+00:00,19.533729553222656
2015-10-19 13:30:00+00:00,19.35218048095703
2015-10-20 13:30:00+00:00,19.298770904541016
2015-10-21 13:30:00+00:00,19.138568878173828
2015-10-22 13:30:00+00:00,19.25604820251465
2015-10-23 13:30:00+00:00,19.2239990234375
2015-10-26 13:30:00+00:00,19.19196319580078
2015-10-27 13:30:00+00:00,19.117206573486328
2015-10-28 13:30:00+00:00,19.106521606445312
2015-10-29 13:30:00+00:00,19.085172653198242
2015-10-30 13:30:00+00:00,19.159931182861328
2015-11-02 14:30:00+00:00,19.229684829711914
2015-11-03 14:30:00+00:00,19.336984634399414
2015-11-04 14:30:00+00:00,19.261865615844727
2015-11-05 14:30:00+00:00,19.21895980834961
2015-11-06 14:30:00+00:00,18.950674057006836
2015-11-09 14:30:00+00:00,18.82190704345703
2015-11-10 14:30:00+00:00,18.929224014282227
2015-11-11 14:30:00+00:00,19.02579116821289
2015-11-12 14:30:00+00:00,18.918481826782227
2015-11-13 14:30:00+00:00,18.897024154663086
2015-11-16 14:30:00+00:00,18.90775489807129
2015-11-17 14:30:00+00:00,18.88629150390625
2015-11-18 14:30:00+00:00,18.972137451171875
2015-11-19 14:30:00+00:00,19.12236976623535
2015-11-20 14:30:00+00:00,19.240400314331055
2015-11-23 14:30:00+00:00,19.111637115478516
2015-11-24 14:30:00+00:00,19.16529083251953
2015-11-25 14:30:00+00:00,19.111637115478516
2015-11-27 14:30:00+00:00,18.939945220947266
2015-11-30 14:30:00+00:00,18.843368530273438
2015-12-01 14:30:00+00:00,18.9641170501709
2015-12-02 14:30:00+00:00,18.920991897583008
2015-12-03 14:30:00+00:00,18.942550659179688
2015-12-04 14:30:00+00:00,18.953336715698242
2015-12-07 14:30:00+00:00,18.759275436401367
2015-12-08 14:30:00+00:00,18.65146827697754
2015-12-09 14:30:00+00:00,18.65146827697754
2015-12-10 14:30:00+00:00,18.414281845092773
2015-12-11 14:30:00+00:00,18.05849838256836
2015-12-14 14:30:00+00:00,18.166305541992188
2015-12-15 14:30:00+00:00,18.349590301513672
2015-12-16 14:30:00+00:00,18.39272689819336
2015-12-17 14:30:00+00:00,18.295679092407227
2015-12-18 14:30:00+00:00,18.39272689819336
2015-12-21 14:30:00+00:00,18.414281845092773
2015-12-22 14:30:00+00:00,18.42505645751953
2015-12-23 14:30:00+00:00,18.522090911865234
2015-12-24 14:30:00+00:00,18.500518798828125
2015-12-28 14:30:00+00:00,18.543651580810547
2015-12-29 14:30:00+00:00,18.537158966064453
2015-12-30 14:30:00+00:00,18.450477600097656
2015-12-31 14:30:00+00:00,18.417978286743164
2016-01-04 14:30:00+00:00,18.25545883178711
2016-01-05 14:30:00+00:00,18.26630210876465
2016-01-06 14:30:00+00:00,18.049623489379883
2016-01-07 14:30:00+00:00,18.027957916259766
2016-01-08 14:30:00+00:00,18.017112731933594
2016-01-11 14:30:00+00:00,17.984615325927734
2016-01-12 14:30:00+00:00,17.984615325927734
2016-01-13 14:30:00+00:00,18.017112731933594
2016-01-14 14:30:00+00:00,18.049623489379883
2016-01-15 14:30:00+00:00,17.887113571166992
2016-01-19 14:30:00+00:00,17.843772888183594
2016-01-20 14:30:00+00:00,17.735424041748047
2016-01-21 14:30:00+00:00,17.75710105895996
2016-01-22 14:30:00+00:00,17.865440368652344
2016-01-25 14:30:00+00:00,17.854602813720703
2016-01-26 14:30:00+00:00,17.995441436767578
2016-01-27 14:30:00+00:00,18.00627899169922
2016-01-28 14:30:00+00:00,18.168794631958008
2016-01-29 14:30:00+00:00,18.396310806274414
2016-02-01 14:30:00+00:00,18.413728713989258
2016-02-02 14:30:00+00:00,18.22861671447754
2016-02-03 14:30:00+00:00,18.468168258666992
2016-02-04 14:30:00+00:00,18.653291702270508
2016-02-05 14:30:00+00:00,18.533512115478516
2016-02-08 14:30:00+00:00,18.37017822265625
2016-02-09 14:30:00+00:00,18.489946365356445
2016-02-10 14:30:00+00:00,18.6097412109375
2016-02-11 14:30:00+00:00,18.446392059326172
2016-02-12 14:30:00+00:00,18.57706642150879
2016-02-16 14:30:00+00:00,18.50084686279297
2016-02-17 14:30:00+00:00,18.740406036376953
2016-02-18 14:30:00+00:00,18.707748413085938
2016-02-19 14:30:00+00:00,18.718639373779297
2016-02-22 14:30:00+00:00,18.81662940979004
2016-02-23 14:30:00+00:00,18.707748413085938
2016-02-24 14:30:00+00:00,18.77307891845703
2016-02-25 14:30:00+00:00,18.75129508972168
2016-02-26 14:30:00+00:00,18.620628356933594
2016-02-29 14:30:00+00:00,18.707748413085938
2016-03-01 14:30:00+00:00,18.962541580200195
2016-03-02 14:30:00+00:00,19.006284713745117
2016-03-03 14:30:00+00:00,19.15938949584961
2016-03-04 14:30:00+00:00,19.356237411499023
2016-03-07 14:30:00+00:00,19.3890438079834
2016-03-08 14:30:00+00:00,19.290616989135742
2016-03-09 14:30:00+00:00,19.498388290405273
2016-03-10 14:30:00+00:00,19.487455368041992
2016-03-11 14:30:00+00:00,19.72803497314453
2016-03-14 13:30:00+00:00,19.607751846313477
2016-03-15 13:30:00+00:00,19.378097534179688
2016-03-16 13:30:00+00:00,19.629621505737305
2016-03-17 13:30:00+00:00,19.990503311157227
2016-03-18 13:30:00+00:00,19.979564666748047
2016-03-21 13:30:00+00:00,20.023303985595703
2016-03-22 13:30:00+00:00,20.023303985595703
2016-03-23 13:30:00+00:00,19.793651580810547
2016-03-24 13:30:00+00:00,19.71711540222168
2016-03-28 13:30:00+00:00,19.837400436401367
2016-03-29 13:30:00+00:00,19.979564666748047
2016-03-30 13:30:00+00:00,20.176408767700195
2016-03-31 13:30:00+00:00,20.329504013061523
2016-04-01 13:30:00+00:00,20.287792205810547
2016-04-04 13:30:00+00:00,20.232900619506836
2016-04-05 13:30:00+00:00,19.958450317382812
2016-04-06 13:30:00+00:00,20.068227767944336
2016-04-07 13:30:00+00:00,19.903547286987305
2016-04-08 13:30:00+00:00,20.090187072753906
2016-04-11 13:30:00+00:00,20.342681884765625
2016-04-12 13:30:00+00:00,20.496374130249023
2016-04-13 13:30:00+00:00,20.507354736328125
2016-04-14 13:30:00+00:00,20.529314041137695
2016-04-15 13:30:00+00:00,20.47441864013672
2016-04-18 13:30:00+00:00,20.47441864013672
2016-04-19 13:30:00+00:00,20.75986099243164
2016-04-20 13:30:00+00:00,20.792789459228516
2016-04-21 13:30:00+00:00,20.58420753479004
2016-04-22 13:30:00+00:00,20.496374130249023
2016-04-25 13:30:00+00:00,20.320728302001953
2016-04-26 13:30:00+00:00,20.485397338867188
2016-04-27 13:30:00+00:00,20.562240600585938
2016-04-28 13:30:00+00:00,20.69399642944336
2016-04-29 13:30:00+00:00,20.803770065307617
2016-05-02 13:30:00+00:00,20.780611038208008
2016-05-03 13:30:00+00:00,20.50484848022461
2016-05-04 13:30:00+00:00,20.207046508789062
2016-05-05 13:30:00+00:00,20.22909927368164
2016-05-06 13:30:00+00:00,20.284255981445312
2016-05-09 13:30:00+00:00,20.12983512878418
2016-05-10 13:30:00+00:00,20.262187957763672
2016-05-11 13:30:00+00:00,20.284255981445312
2016-05-12 13:30:00+00:00,20.27322006225586
2016-05-13 13:30:00+00:00,20.12983512878418
2016-05-16 13:30:00+00:00,20.14086151123047
2016-05-17 13:30:00+00:00,20.085704803466797
2016-05-18 13:30:00+00:00,19.7106990814209
2016-05-19 13:30:00+00:00,19.721721649169922
2016-05-20 13:30:00+00:00,19.820993423461914
2016-05-23 13:30:00+00:00,19.7106990814209
2016-05-24 13:30:00+00:00,19.732744216918945
2016-05-25 13:30:00+00:00,19.721721649169922
2016-05-26 13:30:00+00:00,19.820993423461914
2016-05-27 13:30:00+00:00,19.754806518554688
2016-05-31 13:30:00+00:00,19.7106990814209
2016-06-01 13:30:00+00:00,19.89579963684082
2016-06-02 13:30:00+00:00,19.740619659423828
2016-06-03 13:30:00+00:00,20.206140518188477
2016-06-06 13:30:00+00:00,20.261571884155273
2016-06-07 13:30:00+00:00,20.405656814575195
2016-06-08 13:30:00+00:00,20.649507522583008
2016-06-09 13:30:00+00:00,20.549753189086914
2016-06-10 13:30:00+00:00,20.27265739440918
2016-06-13 13:30:00+00:00,20.16181182861328
2016-06-14 13:30:00+00:00,20.01772117614746
2016-06-15 13:30:00+00:00,20.18397331237793
2016-06-16 13:30:00+00:00,20.084218978881836
2016-06-17 13:30:00+00:00,20.27265739440918
2016-06-20 13:30:00+00:00,20.449996948242188
2016-06-21 13:30:00+00:00,20.449996948242188
2016-06-22 13:30:00+00:00,20.671674728393555
2016-06-23 13:30:00+00:00,20.860111236572266
2016-06-24 13:30:00+00:00,20.17289161682129
2016-06-27 13:30:00+00:00,20.128543853759766
2016-06-28 13:30:00+00:00,20.549753189086914
2016-06-29 13:30:00+00:00,20.837940216064453
2016-06-30 13:30:00+00:00,20.9155216217041
2016-07-01 13:30:00+00:00,20.927762985229492
2016-07-05 13:30:00+00:00,20.716367721557617
2016-07-06 13:30:00+00:00,20.70524024963379
2016-07-07 13:30:00+00:00,20.64961814880371
2016-07-08 13:30:00+00:00,20.961145401000977
2016-07-11 13:30:00+00:00,20.916635513305664
2016-07-12 13:30:00+00:00,21.072391510009766
2016-07-13 13:30:00+00:00,21.050151824951172
2016-07-14 13:30:00+00:00,21.205907821655273
2016-07-15 13:30:00+00:00,21.0612735748291
2016-07-18 13:30:00+00:00,21.0612735748291
2016-07-19 13:30:00+00:00,20.89437484741211
2016-07-20 13:30:00+00:00,20.8387508392334
2016-07-21 13:30:00+00:00,20.861000061035156
2016-07-22 13:30:00+00:00,20.849876403808594
2016-07-25 13:30:00+00:00,20.716367721557617
2016-07-26 13:30:00+00:00,20.72749137878418
2016-07-27 13:30:00+00:00,20.81650161743164
2016-07-28 13:30:00+00:00,20.8387508392334
2016-07-29 13:30:00+00:00,21.0612735748291
2016-08-01 13:30:00+00:00,20.967479705810547
2016-08-02 13:30:00+00:00,20.956310272216797
2016-08-03 13:30:00+00:00,20.98980712890625
2016-08-04 13:30:00+00:00,21.09030532836914
2016-08-05 13:30:00+00:00,21.09030532836914
2016-08-08 13:30:00+00:00,21.280109405517578
2016-08-09 13:30:00+00:00,21.402915954589844
2016-08-10 13:30:00+00:00,21.52572250366211
2016-08-11 13:30:00+00:00,21.514564514160156
2016-08-12 13:30:00+00:00,21.492223739624023
2016-08-15 13:30:00+00:00,21.53689956665039
2016-08-16 13:30:00+00:00,21.57038688659668
2016-08-17 13:30:00+00:00,21.559219360351562
2016-08-18 13:30:00+00:00,21.61504364013672
2016-08-19 13:30:00+00:00,21.53689956665039
2016-08-22 13:30:00+00:00,21.447561264038086
2016-08-23 13:30:00+00:00,21.34710121154785
2016-08-24 13:30:00+00:00,21.201940536499023
2016-08-25 13:30:00+00:00,21.224281311035156
2016-08-26 13:30:00+00:00,21.14612579345703
2016-08-29 13:30:00+00:00,21.079130172729492
2016-08-30 13:30:00+00:00,21.034475326538086
2016-08-31 13:30:00+00:00,20.933992385864258
2016-09-01 13:30:00+00:00,20.99005699157715
2016-09-02 13:30:00+00:00,21.046110153198242
2016-09-06 13:30:00+00:00,21.404924392700195
2016-09-07 13:30:00+00:00,21.46098518371582
2016-09-08 13:30:00+00:00,21.42734718322754
2016-09-09 13:30:00+00:00,21.113391876220703
2016-09-12 13:30:00+00:00,21.169452667236328
2016-09-13 13:30:00+00:00,20.97884178161621
2016-09-14 13:30:00+00:00,20.97884178161621
2016-09-15 13:30:00+00:00,21.06854820251465
2016-09-16 13:30:00+00:00,20.9564208984375
2016-09-19 13:30:00+00:00,21.06854820251465
2016-09-20 13:30:00+00:00,21.090967178344727
2016-09-21 13:30:00+00:00,21.382488250732422
2016-09-22 13:30:00+00:00,21.44977569580078
2016-09-23 13:30:00+00:00,21.304012298583984
2016-09-26 13:30:00+00:00,21.27036476135254
2016-09-27 13:30:00+00:00,21.42734718322754
2016-09-28 13:30:00+00:00,21.44977569580078
2016-09-29 13:30:00+00:00,21.315221786499023
2016-09-30 13:30:00+00:00,21.39371109008789
2016-10-03 13:30:00+00:00,21.429725646972656
2016-10-04 13:30:00+00:00,21.249643325805664
2016-10-05 13:30:00+00:00,21.328432083129883
2016-10-06 13:30:00+00:00,21.305923461914062
2016-10-07 13:30:00+00:00,21.317167282104492
2016-10-10 13:30:00+00:00,21.362192153930664
2016-10-11 13:30:00+00:00,21.103322982788086
2016-10-12 13:30:00+00:00,21.125839233398438
2016-10-13 13:30:00+00:00,21.137094497680664
2016-10-14 13:30:00+00:00,21.06957244873047
2016-10-17 13:30:00+00:00,21.06957244873047
2016-10-18 13:30:00+00:00,21.215890884399414
2016-10-19 13:30:00+00:00,21.339691162109375
2016-10-20 13:30:00+00:00,21.227153778076172
2016-10-21 13:30:00+00:00,21.159595489501953
2016-10-24 13:30:00+00:00,21.215890884399414
2016-10-25 13:30:00+00:00,21.305923461914062
2016-10-26 13:30:00+00:00,21.159595489501953
2016-10-27 13:30:00+00:00,21.125839233398438
2016-10-28 13:30:00+00:00,21.03580093383789
2016-10-31 13:30:00+00:00,21.125839233398438
2016-11-01 13:30:00+00:00,21.060272216796875
2016-11-02 13:30:00+00:00,21.037662506103516
2016-11-03 13:30:00+00:00,21.003751754760742
2016-11-04 13:30:00+00:00,20.981143951416016
2016-11-07 14:30:00+00:00,21.07157325744629
2016-11-08 14:30:00+00:00,21.308977127075195
2016-11-09 14:30:00+00:00,20.7324275970459
2016-11-10 14:30:00+00:00,19.74895668029785
2016-11-11 14:30:00+00:00,19.466333389282227
2016-11-14 14:30:00+00:00,19.5906982421875
2016-11-15 14:30:00+00:00,19.952430725097656
2016-11-16 14:30:00+00:00,19.73764419555664
2016-11-17 14:30:00+00:00,19.647212982177734
2016-11-18 14:30:00+00:00,19.579383850097656
2016-11-21 14:30:00+00:00,19.703739166259766
2016-11-22 14:30:00+00:00,19.74895668029785
2016-11-23 14:30:00+00:00,19.5341739654541
2016-11-25 14:30:00+00:00,19.511558532714844
2016-11-28 14:30:00+00:00,19.68112564086914
2016-11-29 14:30:00+00:00,19.6698055267334
2016-11-30 14:30:00+00:00,19.579383850097656
2016-12-01 14:30:00+00:00,19.5294246673584
2016-12-02 14:30:00+00:00,19.574840545654297
2016-12-05 14:30:00+00:00,19.654314041137695
2016-12-06 14:30:00+00:00,19.92682647705078
2016-12-07 14:30:00+00:00,20.097150802612305
2016-12-08 14:30:00+00:00,20.006315231323242
2016-12-09 14:30:00+00:00,19.92682647705078
2016-12-12 14:30:00+00:00,20.097150802612305
2016-12-13 14:30:00+00:00,20.074434280395508
2016-12-14 14:30:00+00:00,19.779218673706055
2016-12-15 14:30:00+00:00,19.608909606933594
2016-12-16 14:30:00+00:00,19.67702865600586
2016-12-19 14:30:00+00:00,19.76786994934082
2016-12-20 14:30:00+00:00,19.824628829956055
2016-12-21 14:30:00+00:00,19.90411949157715
2016-12-22 14:30:00+00:00,19.90411949157715
2016-12-23 14:30:00+00:00,19.98360252380371
2016-12-27 14:30:00+00:00,19.92682647705078
2016-12-28 14:30:00+00:00,19.950780868530273
2016-12-29 14:30:00+00:00,20.07625961303711
2016-12-30 14:30:00+00:00,20.07625961303711
2017-01-03 14:30:00+00:00,19.927968978881836
2017-01-04 14:30:00+00:00,20.06484031677246
2017-01-05 14:30:00+00:00,20.156103134155273
2017-01-06 14:30:00+00:00,20.121883392333984
2017-01-09 14:30:00+00:00,20.121883392333984
2017-01-10 14:30:00+00:00,20.030630111694336
2017-01-11 14:30:00+00:00,19.973594665527344
2017-01-12 14:30:00+00:00,20.201732635498047
2017-01-13 14:30:00+00:00,20.235946655273438
2017-01-17 14:30:00+00:00,20.32720184326172
2017-01-18 14:30:00+00:00,20.178918838500977
2017-01-19 14:30:00+00:00,20.201732635498047
2017-01-20 14:30:00+00:00,20.350027084350586
2017-01-23 14:30:00+00:00,20.395654678344727
2017-01-24 14:30:00+00:00,20.4184627532959
2017-01-25 14:30:00+00:00,20.486896514892578
2017-01-26 14:30:00+00:00,20.384248733520508
2017-01-27 14:30:00+00:00,20.429872512817383
2017-01-30 14:30:00+00:00,20.475496292114258
2017-01-31 14:30:00+00:00,20.509721755981445
2017-02-01 14:30:00+00:00,20.54409408569336
2017-02-02 14:30:00+00:00,20.658687591552734
2017-02-03 14:30:00+00:00,20.807628631591797
2017-02-06 14:30:00+00:00,20.73888397216797
2017-02-07 14:30:00+00:00,20.647220611572266
2017-02-08 14:30:00+00:00,20.704513549804688
2017-02-09 14:30:00+00:00,20.73888397216797
2017-02-10 14:30:00+00:00,20.830551147460938
2017-02-13 14:30:00+00:00,20.807628631591797
2017-02-14 14:30:00+00:00,20.876373291015625
2017-02-15 14:30:00+00:00,20.94512176513672
2017-02-16 14:30:00+00:00,20.887836456298828
2017-02-17 14:30:00+00:00,20.830551147460938
2017-02-21 14:30:00+00:00,20.864912033081055
2017-02-22 14:30:00+00:00,20.979494094848633
2017-02-23 14:30:00+00:00,21.082611083984375
2017-02-24 14:30:00+00:00,20.979494094848633
2017-02-27 14:30:00+00:00,20.93365478515625
2017-02-28 14:30:00+00:00,20.830551147460938
2017-03-01 14:30:00+00:00,20.906492233276367
2017-03-02 14:30:00+00:00,20.6418399810791
2017-03-03 14:30:00+00:00,20.825942993164062
2017-03-06 14:30:00+00:00,20.814430236816406
2017-03-07 14:30:00+00:00,20.883472442626953
2017-03-08 14:30:00+00:00,20.69937515258789
2017-03-09 14:30:00+00:00,20.572803497314453
2017-03-10 14:30:00+00:00,20.7799072265625
2017-03-13 13:30:00+00:00,20.756906509399414
2017-03-14 13:30:00+00:00,20.72238540649414
2017-03-15 13:30:00+00:00,21.0905818939209
2017-03-16 13:30:00+00:00,21.14811134338379
2017-03-17 13:30:00+00:00,21.286176681518555
2017-03-20 13:30:00+00:00,21.38973617553711
2017-03-21 13:30:00+00:00,21.343719482421875
2017-03-22 13:30:00+00:00,21.424259185791016
2017-03-23 13:30:00+00:00,21.458765029907227
2017-03-24 13:30:00+00:00,21.516313552856445
2017-03-27 13:30:00+00:00,21.470279693603516
2017-03-28 13:30:00+00:00,21.332204818725586
2017-03-29 13:30:00+00:00,21.41274070739746
2017-03-30 13:30:00+00:00,21.41274070739746
2017-03-31 13:30:00+00:00,21.297691345214844
2017-04-03 13:30:00+00:00,21.2861328125
2017-04-04 13:30:00+00:00,21.332345962524414
2017-04-05 13:30:00+00:00,21.320804595947266
2017-04-06 13:30:00+00:00,21.297683715820312
2017-04-07 13:30:00+00:00,21.23990821838379
2017-04-10 13:30:00+00:00,21.228349685668945
2017-04-11 13:30:00+00:00,21.251462936401367
2017-04-12 13:30:00+00:00,21.424806594848633
2017-04-13 13:30:00+00:00,21.39013671875
2017-04-17 13:30:00+00:00,21.52881622314453
2017-04-18 13:30:00+00:00,21.575037002563477
2017-04-19 13:30:00+00:00,21.459468841552734
2017-04-20 13:30:00+00:00,21.551912307739258
2017-04-21 13:30:00+00:00,21.540380477905273
2017-04-24 13:30:00+00:00,21.71370506286621
2017-04-25 13:30:00+00:00,21.65592384338379
2017-04-26 13:30:00+00:00,21.540380477905273
2017-04-27 13:30:00+00:00,21.540380477905273
2017-04-28 13:30:00+00:00,21.575037002563477
2017-05-01 13:30:00+00:00,21.60056495666504
2017-05-02 13:30:00+00:00,21.70503807067871
2017-05-03 13:30:00+00:00,21.60056495666504
2017-05-04 13:30:00+00:00,21.461286544799805
2017-05-05 13:30:00+00:00,21.577346801757812
2017-05-08 13:30:00+00:00,21.42646026611328
2017-05-09 13:30:00+00:00,21.368423461914062
2017-05-10 13:30:00+00:00,21.49610137939453
2017-05-11 13:30:00+00:00,21.554136276245117
2017-05-12 13:30:00+00:00,21.670204162597656
2017-05-15 13:30:00+00:00,21.80948257446289
2017-05-16 13:30:00+00:00,21.97199058532715
2017-05-17 13:30:00+00:00,21.867536544799805
2017-05-18 13:30:00+00:00,21.403257369995117
2017-05-19 13:30:00+00:00,21.681808471679688
2017-05-22 13:30:00+00:00,21.728242874145508
2017-05-23 13:30:00+00:00,21.75146484375
2017-05-24 13:30:00+00:00,21.879135131835938
2017-05-25 13:30:00+00:00,21.832700729370117
2017-05-26 13:30:00+00:00,21.9139461517334
2017-05-30 13:30:00+00:00,21.832700729370117
2017-05-31 13:30:00+00:00,21.9139461517334
2017-06-01 13:30:00+00:00,22.017738342285156
2017-06-02 13:30:00+00:00,22.13435935974121
2017-06-05 13:30:00+00:00,22.111034393310547
2017-06-06 13:30:00+00:00,22.204336166381836
2017-06-07 13:30:00+00:00,22.122711181640625
2017-06-08 13:30:00+00:00,22.157691955566406
2017-06-09 13:30:00+00:00,22.099367141723633
2017-06-12 13:30:00+00:00,22.14602279663086
2017-06-13 13:30:00+00:00,22.192689895629883
2017-06-14 13:30:00+00:00,22.27430534362793
2017-06-15 13:30:00+00:00,22.099367141723633
2017-06-16 13:30:00+00:00,22.18101692199707
2017-06-19 13:30:00+00:00,22.087703704833984
2017-06-20 13:30:00+00:00,21.889469146728516
2017-06-21 13:30:00+00:00,21.819488525390625
2017-06-22 13:30:00+00:00,21.95943832397461
2017-06-23 13:30:00+00:00,22.05274200439453
2017-06-26 13:30:00+00:00,22.169349670410156
2017-06-27 13:30:00+00:00,22.111034393310547
2017-06-28 13:30:00+00:00,22.157691955566406
2017-06-29 13:30:00+00:00,22.029415130615234
2017-06-30 13:30:00+00:00,22.029415130615234
2017-07-03 13:30:00+00:00,21.85839080810547
2017-07-05 13:30:00+00:00,21.8349666595459
2017-07-06 13:30:00+00:00,21.788103103637695
2017-07-07 13:30:00+00:00,21.776382446289062
2017-07-10 13:30:00+00:00,21.788103103637695
2017-07-11 13:30:00+00:00,21.846662521362305
2017-07-12 13:30:00+00:00,22.045799255371094
2017-07-13 13:30:00+00:00,22.069236755371094
2017-07-14 13:30:00+00:00,22.29181480407715
2017-07-17 13:30:00+00:00,22.35038185119629
2017-07-18 13:30:00+00:00,22.4558048248291
2017-07-19 13:30:00+00:00,22.444082260131836
2017-07-20 13:30:00+00:00,22.49094581604004
2017-07-21 13:30:00+00:00,22.4558048248291
2017-07-24 13:30:00+00:00,22.373796463012695
2017-07-25 13:30:00+00:00,22.303525924682617
2017-07-26 13:30:00+00:00,22.49094581604004
2017-07-27 13:30:00+00:00,22.432374954223633
2017-07-28 13:30:00+00:00,22.46751594543457
2017-07-31 13:30:00+00:00,22.52608299255371
2017-08-01 13:30:00+00:00,22.475481033325195
2017-08-02 13:30:00+00:00,22.48725700378418
2017-08-03 13:30:00+00:00,22.52254295349121
2017-08-04 13:30:00+00:00,22.46372413635254
2017-08-07 13:30:00+00:00,22.499025344848633
2017-08-08 13:30:00+00:00,22.404882431030273
2017-08-09 13:30:00+00:00,22.33428382873535
2017-08-10 13:30:00+00:00,22.27544403076172
2017-08-11 13:30:00+00:00,22.369590759277344
2017-08-14 13:30:00+00:00,22.428415298461914
2017-08-15 13:30:00+00:00,22.46372413635254
2017-08-16 13:30:00+00:00,22.581382751464844
2017-08-17 13:30:00+00:00,22.46372413635254
2017-08-18 13:30:00+00:00,22.581382751464844
2017-08-21 13:30:00+00:00,22.52254295349121
2017-08-22 13:30:00+00:00,22.56962776184082
2017-08-23 13:30:00+00:00,22.604921340942383
2017-08-24 13:30:00+00:00,22.628459930419922
2017-08-25 13:30:00+00:00,22.781431198120117
2017-08-28 13:30:00+00:00,22.80496597290039
2017-08-29 13:30:00+00:00,22.79320526123047
2017-08-30 13:30:00+00:00,22.769662857055664
2017-08-31 13:30:00+00:00,22.840259552001953
2017-09-01 13:30:00+00:00,22.881629943847656
2017-09-05 13:30:00+00:00,22.964380264282227
2017-09-06 13:30:00+00:00,23.011653900146484
2017-09-07 13:30:00+00:00,23.188947677612305
2017-09-08 13:30:00+00:00,23.188947677612305
2017-09-11 13:30:00+00:00,23.14166259765625
2017-09-12 13:30:00+00:00,23.07075309753418
2017-09-13 13:30:00+00:00,22.988008499145508
2017-09-14 13:30:00+00:00,23.05891990661621
2017-09-15 13:30:00+00:00,23.094377517700195
2017-09-18 13:30:00+00:00,22.99983024597168
2017-09-19 13:30:00+00:00,23.011653900146484
2017-09-20 13:30:00+00:00,22.964380264282227
2017-09-21 13:30:00+00:00,22.964380264282227
2017-09-22 13:30:00+00:00,23.07075309753418
2017-09-25 13:30:00+00:00,22.940719604492188
2017-09-26 13:30:00+00:00,22.822547912597656
2017-09-27 13:30:00+00:00,22.57433319091797
2017-09-28 13:30:00+00:00,22.586166381835938
2017-09-29 13:30:00+00:00,22.692543029785156
2017-10-02 13:30:00+00:00,22.631973266601562
2017-10-03 13:30:00+00:00,22.620092391967773
2017-10-04 13:30:00+00:00,22.667600631713867
2017-10-05 13:30:00+00:00,22.584482192993164
2017-10-06 13:30:00+00:00,22.536983489990234
2017-10-09 13:30:00+00:00,22.40636444091797
2017-10-10 13:30:00+00:00,22.489482879638672
2017-10-11 13:30:00+00:00,22.548856735229492
2017-10-12 13:30:00+00:00,22.584482192993164
2017-10-13 13:30:00+00:00,22.715089797973633
2017-10-16 13:30:00+00:00,22.64385986328125
2017-10-17 13:30:00+00:00,22.620092391967773
2017-10-18 13:30:00+00:00,22.608230590820312
2017-10-19 13:30:00+00:00,22.620092391967773
2017-10-20 13:30:00+00:00,22.513246536254883
2017-10-23 13:30:00+00:00,22.394489288330078
2017-10-24 13:30:00+00:00,22.287630081176758
2017-10-25 13:30:00+00:00,22.240123748779297
2017-10-26 13:30:00+00:00,21.96702766418457
2017-10-27 13:30:00+00:00,22.12139320373535
2017-10-30 13:30:00+00:00,22.038267135620117
2017-10-31 13:30:00+00:00,22.062026977539062
2017-11-01 13:30:00+00:00,22.07634162902832
2017-11-02 13:30:00+00:00,22.159870147705078
2017-11-03 13:30:00+00:00,21.93313980102539
2017-11-06 14:30:00+00:00,22.11212730407715
2017-11-07 14:30:00+00:00,21.96894645690918
2017-11-08 14:30:00+00:00,22.04054069519043
2017-11-09 14:30:00+00:00,22.05246925354004
2017-11-10 14:30:00+00:00,22.01667594909668
2017-11-13 14:30:00+00:00,21.95701026916504
2017-11-14 14:30:00+00:00,21.9450740814209
2017-11-15 14:30:00+00:00,21.921207427978516
2017-11-16 14:30:00+00:00,22.100208282470703
2017-11-17 14:30:00+00:00,22.20760154724121
2017-11-20 14:30:00+00:00,22.11212730407715
2017-11-21 14:30:00+00:00,22.20760154724121
2017-11-22 14:30:00+00:00,22.386598587036133
2017-11-24 14:30:00+00:00,22.446250915527344
2017-11-27 14:30:00+00:00,22.4940128326416
2017-11-28 14:30:00+00:00,22.50592613220215
2017-11-29 14:30:00+00:00,22.374670028686523
2017-11-30 14:30:00+00:00,22.41046905517578
2017-12-01 14:30:00+00:00,22.476398468017578
2017-12-04 14:30:00+00:00,22.524351119995117
2017-12-05 14:30:00+00:00,22.48838233947754
2017-12-06 14:30:00+00:00,22.476398468017578
2017-12-07 14:30:00+00:00,22.36850929260254
2017-12-08 14:30:00+00:00,22.41646957397461
2017-12-11 14:30:00+00:00,22.39247703552246
2017-12-12 14:30:00+00:00,22.308574676513672
2017-12-13 14:30:00+00:00,22.428442001342773
2017-12-14 14:30:00+00:00,22.40448760986328
2017-12-15 14:30:00+00:00,22.48838233947754
2017-12-18 14:30:00+00:00,22.6202392578125
2017-12-19 14:30:00+00:00,22.656213760375977
2017-12-20 14:30:00+00:00,22.70415687561035
2017-12-21 14:30:00+00:00,22.632238388061523
2017-12-22 14:30:00+00:00,22.656213760375977
2017-12-26 14:30:00+00:00,22.692174911499023
2017-12-27 14:30:00+00:00,22.781272888183594
2017-12-28 14:30:00+00:00,22.805360794067383
2017-12-29 14:30:00+00:00,22.8535099029541
2018-01-02 14:30:00+00:00,23.09434700012207
2018-01-03 14:30:00+00:00,23.17862892150879
2018-01-04 14:30:00+00:00,23.311058044433594
2018-01-05 14:30:00+00:00,23.286996841430664
2018-01-08 14:30:00+00:00,23.20270538330078
2018-01-09 14:30:00+00:00,23.142486572265625
2018-01-10 14:30:00+00:00,23.130462646484375
2018-01-11 14:30:00+00:00,23.27495002746582
2018-01-12 14:30:00+00:00,23.43147850036621
2018-01-16 14:30:00+00:00,23.479633331298828
2018-01-17 14:30:00+00:00,23.46759796142578
2018-01-18 14:30:00+00:00,23.563932418823242
2018-01-19 14:30:00+00:00,23.52781105041504
2018-01-22 14:30:00+00:00,23.55189323425293
2018-01-23 14:30:00+00:00,23.55189323425293
2018-01-24 14:30:00+00:00,23.86495018005371
2018-01-25 14:30:00+00:00,23.852909088134766
2018-01-26 14:30:00+00:00,23.852909088134766
2018-01-29 14:30:00+00:00,23.68433380126953
2018-01-30 14:30:00+00:00,23.575973510742188
2018-01-31 14:30:00+00:00,23.708425521850586
2018-02-01 14:30:00+00:00,23.87409782409668
2018-02-02 14:30:00+00:00,23.583847045898438
2018-02-05 14:30:00+00:00,23.426616668701172
2018-02-06 14:30:00+00:00,23.595943450927734
2018-02-07 14:30:00+00:00,23.426616668701172
2018-02-08 14:30:00+00:00,23.23310661315918
2018-02-09 14:30:00+00:00,23.281490325927734
2018-02-12 14:30:00+00:00,23.354055404663086
2018-02-13 14:30:00+00:00,23.43871307373047
2018-02-14 14:30:00+00:00,23.656410217285156
2018-02-15 14:30:00+00:00,23.825735092163086
2018-02-16 14:30:00+00:00,23.849918365478516
2018-02-20 14:30:00+00:00,23.64432144165039
2018-02-21 14:30:00+00:00,23.571746826171875
2018-02-22 14:30:00+00:00,23.64432144165039
2018-02-23 14:30:00+00:00,23.753156661987305
2018-02-26 14:30:00+00:00,23.777355194091797
2018-02-27 14:30:00+00:00,23.571746826171875
2018-02-28 14:30:00+00:00,23.53546905517578
2018-03-01 14:30:00+00:00,23.48323631286621
2018-03-02 14:30:00+00:00,23.55611801147461
2018-03-05 14:30:00+00:00,23.592565536499023
2018-03-06 14:30:00+00:00,23.665462493896484
2018-03-07 14:30:00+00:00,23.62902069091797
2018-03-08 14:30:00+00:00,23.531824111938477
2018-03-09 14:30:00+00:00,23.568267822265625
2018-03-12 13:30:00+00:00,23.580408096313477
2018-03-13 13:30:00+00:00,23.55611801147461
2018-03-14 13:30:00+00:00,23.616867065429688
2018-03-15 13:30:00+00:00,23.48323631286621
2018-03-16 13:30:00+00:00,23.458940505981445
2018-03-19 13:30:00+00:00,23.38603973388672
2018-03-20 13:30:00+00:00,23.313156127929688
2018-03-21 13:30:00+00:00,23.531824111938477
2018-03-22 13:30:00+00:00,23.48323631286621
2018-03-23 13:30:00+00:00,23.519676208496094
2018-03-26 13:30:00+00:00,23.750499725341797
2018-03-27 13:30:00+00:00,23.677602767944336
2018-03-28 13:30:00+00:00,23.665462493896484
2018-03-29 13:30:00+00:00,23.811246871948242
2018-04-02 13:30:00+00:00,23.716039657592773
2018-04-03 13:30:00+00:00,23.703828811645508
2018-04-04 13:30:00+00:00,23.740455627441406
2018-04-05 13:30:00+00:00,23.63059425354004
2018-04-06 13:30:00+00:00,23.557363510131836
2018-04-09 13:30:00+00:00,23.4719181060791
2018-04-10 13:30:00+00:00,23.41089630126953
2018-04-11 13:30:00+00:00,23.48412322998047
2018-04-12 13:30:00+00:00,23.496326446533203
2018-04-13 13:30:00+00:00,23.545162200927734
2018-04-16 13:30:00+00:00,23.5939884185791
2018-04-17 13:30:00+00:00,23.606184005737305
2018-04-18 13:30:00+00:00,23.716039657592773
2018-04-19 13:30:00+00:00,23.61838150024414
2018-04-20 13:30:00+00:00,23.423093795776367
2018-04-23 13:30:00+00:00,23.154573440551758
2018-04-24 13:30:00+00:00,23.192583084106445
2018-04-25 13:30:00+00:00,23.04541015625
2018-04-26 13:30:00+00:00,23.04541015625
2018-04-27 13:30:00+00:00,23.143531799316406
2018-04-30 13:30:00+00:00,22.97182846069336
2018-05-01 13:30:00+00:00,22.800119400024414
2018-05-02 13:30:00+00:00,22.61614418029785
2018-05-03 13:30:00+00:00,22.59161376953125
2018-05-04 13:30:00+00:00,22.603870391845703
2018-05-07 13:30:00+00:00,22.407638549804688
2018-05-08 13:30:00+00:00,22.12555503845215
2018-05-09 13:30:00+00:00,22.1132869720459
2018-05-10 13:30:00+00:00,22.49349594116211
2018-05-11 13:30:00+00:00,22.407638549804688
2018-05-14 13:30:00+00:00,22.272735595703125
2018-05-15 13:30:00+00:00,22.027433395385742
2018-05-16 13:30:00+00:00,22.1132869720459
2018-05-17 13:30:00+00:00,21.89252281188965
2018-05-18 13:30:00+00:00,21.68402671813965
2018-05-21 13:30:00+00:00,21.745359420776367
2018-05-22 13:30:00+00:00,21.89252281188965
2018-05-23 13:30:00+00:00,21.94157600402832
2018-05-24 13:30:00+00:00,21.89252281188965
2018-05-25 13:30:00+00:00,21.794408798217773
2018-05-29 13:30:00+00:00,21.598175048828125
2018-05-30 13:30:00+00:00,21.80667495727539
2018-05-31 13:30:00+00:00,21.733089447021484
2018-06-01 13:30:00+00:00,21.728153228759766
2018-06-04 13:30:00+00:00,21.802135467529297
2018-06-05 13:30:00+00:00,21.6788272857666
2018-06-06 13:30:00+00:00,21.752830505371094
2018-06-07 13:30:00+00:00,21.543180465698242
2018-06-08 13:30:00+00:00,21.617170333862305
2018-06-11 13:30:00+00:00,21.530851364135742
2018-06-12 13:30:00+00:00,21.419862747192383
2018-06-13 13:30:00+00:00,21.382869720458984
2018-06-14 13:30:00+00:00,21.11157989501953
2018-06-15 13:30:00+00:00,21.13623809814453
2018-06-18 13:30:00+00:00,21.049917221069336
2018-06-19 13:30:00+00:00,21.062252044677734
2018-06-20 13:30:00+00:00,21.074569702148438
2018-06-21 13:30:00+00:00,21.086912155151367
2018-06-22 13:30:00+00:00,21.234888076782227
2018-06-25 13:30:00+00:00,21.123920440673828
2018-06-26 13:30:00+00:00,21.11157989501953
2018-06-27 13:30:00+00:00,20.889604568481445
2018-06-28 13:30:00+00:00,21.000587463378906
2018-06-29 13:30:00+00:00,20.98826026916504
2018-07-02 13:30:00+00:00,20.875455856323242
2018-07-03 13:30:00+00:00,21.01180648803711
2018-07-05 13:30:00+00:00,21.160566329956055
2018-07-06 13:30:00+00:00,21.321735382080078
2018-07-09 13:30:00+00:00,21.383703231811523
2018-07-10 13:30:00+00:00,21.495271682739258
2018-07-11 13:30:00+00:00,21.160566329956055
2018-07-12 13:30:00+00:00,21.272130966186523
2018-07-13 13:30:00+00:00,21.284528732299805
2018-07-16 13:30:00+00:00,21.321735382080078
2018-07-17 13:30:00+00:00,21.334117889404297
2018-07-18 13:30:00+00:00,21.321735382080078
2018-07-19 13:30:00+00:00,21.160566329956055
2018-07-20 13:30:00+00:00,21.321735382080078
2018-07-23 13:30:00+00:00,21.334117889404297
2018-07-24 13:30:00+00:00,21.334117889404297
2018-07-25 13:30:00+00:00,21.619226455688477
2018-07-26 13:30:00+00:00,21.50766944885254
2018-07-27 13:30:00+00:00,21.5820369720459
2018-07-30 13:30:00+00:00,21.644033432006836
2018-07-31 13:30:00+00:00,21.59444236755371
2018-08-01 13:30:00+00:00,21.560791015625
2018-08-02 13:30:00+00:00,21.41124153137207
2018-08-03 13:30:00+00:00,21.448623657226562
2018-08-06 13:30:00+00:00,21.348928451538086
2018-08-07 13:30:00+00:00,21.448623657226562
2018-08-08 13:30:00+00:00,21.386310577392578
2018-08-09 13:30:00+00:00,21.18690299987793
2018-08-10 13:30:00+00:00,20.6385440826416
2018-08-13 13:30:00+00:00,20.401742935180664
2018-08-14 13:30:00+00:00,20.588680267333984
2018-08-15 13:30:00+00:00,20.37681007385254
2018-08-16 13:30:00+00:00,20.45159912109375
2018-08-17 13:30:00+00:00,20.501445770263672
2018-08-20 13:30:00+00:00,20.47652244567871
2018-08-21 13:30:00+00:00,20.55129623413086
2018-08-22 13:30:00+00:00,20.626075744628906
2018-08-23 13:30:00+00:00,20.42667007446289
2018-08-24 13:30:00+00:00,20.613609313964844
2018-08-27 13:30:00+00:00,20.688392639160156
2018-08-28 13:30:00+00:00,20.55129623413086
2018-08-29 13:30:00+00:00,20.42667007446289
2018-08-30 13:30:00+00:00,20.15247344970703
2018-08-31 13:30:00+00:00,20.140018463134766
2018-09-04 13:30:00+00:00,19.809246063232422
2018-09-05 13:30:00+00:00,19.796716690063477
2018-09-06 13:30:00+00:00,19.859357833862305
2018-09-07 13:30:00+00:00,19.896944046020508
2018-09-10 13:30:00+00:00,19.88442611694336
2018-09-11 13:30:00+00:00,19.87188720703125
2018-09-12 13:30:00+00:00,19.984655380249023
2018-09-13 13:30:00+00:00,20.14754295349121
2018-09-14 13:30:00+00:00,20.097423553466797
2018-09-17 13:30:00+00:00,20.10995101928711
2018-09-18 13:30:00+00:00,20.14754295349121
2018-09-19 13:30:00+00:00,20.29789924621582
2018-09-20 13:30:00+00:00,20.523427963256836
2018-09-21 13:30:00+00:00,20.54848861694336
2018-09-24 13:30:00+00:00,20.53595542907715
2018-09-25 13:30:00+00:00,20.473308563232422
2018-09-26 13:30:00+00:00,20.661251068115234
2018-09-27 13:30:00+00:00,20.686311721801758
2018-09-28 13:30:00+00:00,20.62366485595703
2018-10-01 13:30:00+00:00,20.653892517089844
2018-10-02 13:30:00+00:00,20.628707885742188
2018-10-03 13:30:00+00:00,20.490163803100586
2018-10-04 13:30:00+00:00,20.276077270507812
2018-10-05 13:30:00+00:00,20.376819610595703
2018-10-08 13:30:00+00:00,20.414600372314453
2018-10-09 13:30:00+00:00,20.464981079101562
2018-10-10 13:30:00+00:00,20.31385612487793
2018-10-11 13:30:00+00:00,20.427202224731445
2018-10-12 13:30:00+00:00,20.427202224731445
2018-10-15 13:30:00+00:00,20.56573486328125
2018-10-16 13:30:00+00:00,20.817604064941406
2018-10-17 13:30:00+00:00,20.84280014038086
2018-10-18 13:30:00+00:00,20.666481018066406
2018-10-19 13:30:00+00:00,20.74204444885254
2018-10-22 13:30:00+00:00,20.666481018066406
2018-10-23 13:30:00+00:00,20.641294479370117
2018-10-24 13:30:00+00:00,20.402019500732422
2018-10-25 13:30:00+00:00,20.47757911682129
2018-10-26 13:30:00+00:00,20.578327178955078
2018-10-29 13:30:00+00:00,20.402019500732422
2018-10-30 13:30:00+00:00,20.43979263305664
2018-10-31 13:30:00+00:00,20.31385612487793
2018-11-01 13:30:00+00:00,20.54623031616211
2018-11-02 13:30:00+00:00,20.653865814208984
2018-11-05 14:30:00+00:00,20.7235164642334
2018-11-06 14:30:00+00:00,20.761510848999023
2018-11-07 14:30:00+00:00,20.856475830078125
2018-11-08 14:30:00+00:00,20.63487434387207
2018-11-09 14:30:00+00:00,20.57155418395996
2018-11-12 14:30:00+00:00,20.3879337310791
2018-11-13 14:30:00+00:00,20.337284088134766
2018-11-14 14:30:00+00:00,20.495573043823242
2018-11-15 14:30:00+00:00,20.672866821289062
2018-11-16 14:30:00+00:00,20.894468307495117
2018-11-19 14:30:00+00:00,20.793170928955078
2018-11-20 14:30:00+00:00,20.685523986816406
2018-11-21 14:30:00+00:00,20.793170928955078
2018-11-23 14:30:00+00:00,20.748844146728516
2018-11-26 14:30:00+00:00,20.63487434387207
2018-11-27 14:30:00+00:00,20.641199111938477
2018-11-28 14:30:00+00:00,20.805824279785156
2018-11-29 14:30:00+00:00,20.907135009765625
2018-11-30 14:30:00+00:00,20.862812042236328
2018-12-03 14:30:00+00:00,20.94938087463379
2018-12-04 14:30:00+00:00,20.82843780517578
2018-12-06 14:30:00+00:00,20.81570816040039
2018-12-07 14:30:00+00:00,20.796600341796875
2018-12-10 14:30:00+00:00,20.72658920288086
2018-12-11 14:30:00+00:00,20.707483291625977
2018-12-12 14:30:00+00:00,20.847530364990234
2018-12-13 14:30:00+00:00,20.802978515625
2018-12-14 14:30:00+00:00,20.688398361206055
2018-12-17 14:30:00+00:00,20.771146774291992
2018-12-18 14:30:00+00:00,20.85390281677246
2018-12-19 14:30:00+00:00,20.80934715270996
2018-12-20 14:30:00+00:00,20.911191940307617
2018-12-21 14:30:00+00:00,20.841156005859375
2018-12-24 14:30:00+00:00,20.85390281677246
2018-12-26 14:30:00+00:00,20.866628646850586
2018-12-27 14:30:00+00:00,20.995939254760742
2018-12-28 14:30:00+00:00,21.072751998901367
2018-12-31 14:30:00+00:00,21.12395477294922
2019-01-02 14:30:00+00:00,21.15596580505371
2019-01-03 14:30:00+00:00,21.232772827148438
2019-01-04 14:30:00+00:00,21.48242950439453
2019-01-07 14:30:00+00:00,21.629648208618164
2019-01-08 14:30:00+00:00,21.520837783813477
2019-01-09 14:30:00+00:00,21.668066024780273
2019-01-10 14:30:00+00:00,21.700063705444336
2019-01-11 14:30:00+00:00,21.623249053955078
2019-01-14 14:30:00+00:00,21.661659240722656
2019-01-15 14:30:00+00:00,21.68726348876953
2019-01-16 14:30:00+00:00,21.661659240722656
2019-01-17 14:30:00+00:00,21.668066024780273
2019-01-18 14:30:00+00:00,21.623249053955078
2019-01-22 14:30:00+00:00,21.597652435302734
2019-01-23 14:30:00+00:00,21.700063705444336
2019-01-24 14:30:00+00:00,21.661659240722656
2019-01-25 14:30:00+00:00,21.81529426574707
2019-01-28 14:30:00+00:00,21.78327751159668
2019-01-29 14:30:00+00:00,21.84088706970215
2019-01-30 14:30:00+00:00,22.109739303588867
2019-01-31 14:30:00+00:00,22.256975173950195
2019-02-01 14:30:00+00:00,22.240236282348633
2019-02-04 14:30:00+00:00,22.233810424804688
2019-02-05 14:30:00+00:00,22.30459213256836
2019-02-06 14:30:00+00:00,22.150144577026367
2019-02-07 14:30:00+00:00,22.06649398803711
2019-02-08 14:30:00+00:00,22.027877807617188
2019-02-11 14:30:00+00:00,21.860557556152344
2019-02-12 14:30:00+00:00,22.002140045166016
2019-02-13 14:30:00+00:00,21.802642822265625
2019-02-14 14:30:00+00:00,21.847684860229492
2019-02-15 14:30:00+00:00,21.944217681884766
2019-02-19 14:30:00+00:00,21.963520050048828
2019-02-20 14:30:00+00:00,21.976396560668945
2019-02-21 14:30:00+00:00,21.944217681884766
2019-02-22 14:30:00+00:00,22.02143669128418
2019-02-25 14:30:00+00:00,22.072919845581055
2019-02-26 14:30:00+00:00,22.111536026000977
2019-02-27 14:30:00+00:00,22.105091094970703
2019-02-28 14:30:00+00:00,21.963520050048828
2019-03-01 14:30:00+00:00,21.909866333007812
2019-03-04 14:30:00+00:00,21.8452205657959
2019-03-05 14:30:00+00:00,21.896930694580078
2019-03-06 14:30:00+00:00,21.83228874206543
2019-03-07 14:30:00+00:00,21.554290771484375
2019-03-08 14:30:00+00:00,21.651264190673828
2019-03-11 13:30:00+00:00,21.70945167541504
2019-03-12 13:30:00+00:00,21.78702163696289
2019-03-13 13:30:00+00:00,21.83228874206543
2019-03-14 13:30:00+00:00,21.75469207763672
2019-03-15 13:30:00+00:00,21.8452205657959
2019-03-18 13:30:00+00:00,21.955114364624023
2019-03-19 13:30:00+00:00,22.00684928894043
2019-03-20 13:30:00+00:00,22.246044158935547
2019-03-21 13:30:00+00:00,22.161998748779297
2019-03-22 13:30:00+00:00,21.735309600830078
2019-03-25 13:30:00+00:00,21.935718536376953
2019-03-26 13:30:00+00:00,21.896930694580078
2019-03-27 13:30:00+00:00,21.606002807617188
2019-03-28 13:30:00+00:00,21.606002807617188
2019-03-29 13:30:00+00:00,21.567218780517578
2019-04-01 13:30:00+00:00,21.82268714904785
2019-04-02 13:30:00+00:00,21.783689498901367
2019-04-03 13:30:00+00:00,21.881200790405273
2019-04-04 13:30:00+00:00,21.8877010345459
2019-04-05 13:30:00+00:00,21.920215606689453
2019-04-08 13:30:00+00:00,21.926698684692383
2019-04-09 13:30:00+00:00,21.991716384887695
2019-04-10 13:30:00+00:00,22.102218627929688
2019-04-11 13:30:00+00:00,21.939697265625
2019-04-12 13:30:00+00:00,22.00471305847168
2019-04-15 13:30:00+00:00,22.043724060058594
2019-04-16 13:30:00+00:00,21.95271110534668
2019-04-17 13:30:00+00:00,22.030710220336914
2019-04-18 13:30:00+00:00,22.011220932006836
2019-04-22 13:30:00+00:00,21.985206604003906
2019-04-23 13:30:00+00:00,21.907197952270508
2019-04-24 13:30:00+00:00,21.6601505279541
2019-04-25 13:30:00+00:00,21.64706802368164
2019-04-26 13:30:00+00:00,21.5882568359375
2019-04-29 13:30:00+00:00,21.601322174072266
2019-04-30 13:30:00+00:00,21.64706802368164
2019-05-01 13:30:00+00:00,21.575176239013672
2019-05-02 13:30:00+00:00,21.43138885498047
2019-05-03 13:30:00+00:00,21.61438751220703
2019-05-06 13:30:00+00:00,21.522897720336914
2019-05-07 13:30:00+00:00,21.3725643157959
2019-05-08 13:30:00+00:00,21.457530975341797
2019-05-09 13:30:00+00:00,21.36603355407715
2019-05-10 13:30:00+00:00,21.549034118652344
2019-05-13 13:30:00+00:00,21.398706436157227
2019-05-14 13:30:00+00:00,21.483673095703125
2019-05-15 13:30:00+00:00,21.549034118652344
2019-05-16 13:30:00+00:00,21.43138885498047
2019-05-17 13:30:00+00:00,21.26145362854004
2019-05-20 13:30:00+00:00,21.281064987182617
2019-05-21 13:30:00+00:00,21.3594913482666
2019-05-22 13:30:00+00:00,21.346416473388672
2019-05-23 13:30:00+00:00,21.346416473388672
2019-05-24 13:30:00+00:00,21.44445037841797
2019-05-28 13:30:00+00:00,21.3725643157959
2019-05-29 13:30:00+00:00,21.43138885498047
2019-05-30 13:30:00+00:00,21.457530975341797
2019-05-31 13:30:00+00:00,21.568639755249023
2019-06-03 13:30:00+00:00,21.65410614013672
2019-06-04 13:30:00+00:00,21.75927734375
2019-06-05 13:30:00+00:00,21.71326446533203
2019-06-06 13:30:00+00:00,21.785573959350586
2019-06-07 13:30:00+00:00,21.923616409301758
2019-06-10 13:30:00+00:00,22.015661239624023
2019-06-11 13:30:00+00:00,22.127424240112305
2019-06-12 13:30:00+00:00,22.1142635345459
2019-06-13 13:30:00+00:00,22.160274505615234
2019-06-14 13:30:00+00:00,22.087970733642578
2019-06-17 13:30:00+00:00,22.081401824951172
2019-06-18 13:30:00+00:00,22.258893966674805
2019-06-19 13:30:00+00:00,22.534992218017578
2019-06-20 13:30:00+00:00,22.712486267089844
2019-06-21 13:30:00+00:00,22.633588790893555
2019-06-24 13:30:00+00:00,22.69275665283203
2019-06-25 13:30:00+00:00,22.659893035888672
2019-06-26 13:30:00+00:00,22.66645622253418
2019-06-27 13:30:00+00:00,22.771648406982422
2019-06-28 13:30:00+00:00,22.811086654663086
2019-07-01 13:30:00+00:00,22.863950729370117
2019-07-02 13:30:00+00:00,22.88375473022461
2019-07-03 13:30:00+00:00,22.94981575012207
2019-07-05 13:30:00+00:00,22.863950729370117
2019-07-08 13:30:00+00:00,22.89696502685547
2019-07-09 13:30:00+00:00,22.824312210083008
2019-07-10 13:30:00+00:00,22.96303367614746
2019-07-11 13:30:00+00:00,22.9564266204834
2019-07-12 13:30:00+00:00,23.06211280822754
2019-07-15 13:30:00+00:00,23.08194351196289
2019-07-16 13:30:00+00:00,22.92338752746582
2019-07-17 13:30:00+00:00,22.982847213745117
2019-07-18 13:30:00+00:00,23.23387336730957
2019-07-19 13:30:00+00:00,23.167821884155273
2019-07-22 13:30:00+00:00,23.187641143798828
2019-07-23 13:30:00+00:00,23.128183364868164
2019-07-24 13:30:00+00:00,23.148000717163086
2019-07-25 13:30:00+00:00,23.0687313079834
2019-07-26 13:30:00+00:00,23.04230308532715
2019-07-29 13:30:00+00:00,22.96303367614746
2019-07-30 13:30:00+00:00,22.943222045898438
2019-07-31 13:30:00+00:00,22.85733413696289
2019-08-01 13:30:00+00:00,22.652786254882812
2019-08-02 13:30:00+00:00,22.5930118560791
2019-08-05 13:30:00+00:00,22.38050079345703
2019-08-06 13:30:00+00:00,22.480119705200195
2019-08-07 13:30:00+00:00,22.48676300048828
2019-08-08 13:30:00+00:00,22.686002731323242
2019-08-09 13:30:00+00:00,22.639495849609375
2019-08-12 13:30:00+00:00,22.38714027404785
2019-08-13 13:30:00+00:00,22.407060623168945
2019-08-14 13:30:00+00:00,22.021875381469727
2019-08-15 13:30:00+00:00,22.167980194091797
2019-08-16 13:30:00+00:00,22.267602920532227
2019-08-19 13:30:00+00:00,22.05508804321289
2019-08-20 13:30:00+00:00,22.161344528198242
2019-08-21 13:30:00+00:00,22.161344528198242
2019-08-22 13:30:00+00:00,22.021875381469727
2019-08-23 13:30:00+00:00,22.008602142333984
2019-08-26 13:30:00+00:00,21.95547103881836
2019-08-27 13:30:00+00:00,21.902345657348633
2019-08-28 13:30:00+00:00,21.8027286529541
2019-08-29 13:30:00+00:00,21.855852127075195
2019-08-30 13:30:00+00:00,21.89570426940918
2019-09-03 13:30:00+00:00,21.869646072387695
2019-09-04 13:30:00+00:00,22.17024040222168
2019-09-05 13:30:00+00:00,22.183597564697266
2019-09-06 13:30:00+00:00,22.237035751342773
2019-09-09 13:30:00+00:00,22.21700096130371
2019-09-10 13:30:00+00:00,22.15020179748535
2019-09-11 13:30:00+00:00,22.163562774658203
2019-09-12 13:30:00+00:00,22.350589752197266
2019-09-13 13:30:00+00:00,22.250398635864258
2019-09-16 13:30:00+00:00,22.176918029785156
2019-09-17 13:30:00+00:00,22.24371337890625
2019-09-18 13:30:00+00:00,22.15020179748535
2019-09-19 13:30:00+00:00,22.23035430908203
2019-09-20 13:30:00+00:00,22.323871612548828
2019-09-23 13:30:00+00:00,22.290477752685547
2019-09-24 13:30:00+00:00,22.270444869995117
2019-09-25 13:30:00+00:00,22.036640167236328
2019-09-26 13:30:00+00:00,22.090084075927734
2019-09-27 13:30:00+00:00,22.063365936279297
2019-09-30 13:30:00+00:00,22.04332160949707
2019-10-01 13:30:00+00:00,22.019811630249023
2019-10-02 13:30:00+00:00,22.120580673217773
2019-10-03 13:30:00+00:00,22.348968505859375
2019-10-04 13:30:00+00:00,22.49004364013672
2019-10-07 13:30:00+00:00,22.30194664001465
2019-10-08 13:30:00+00:00,22.268362045288086
2019-10-09 13:30:00+00:00,22.436288833618164
2019-10-10 13:30:00+00:00,22.523624420166016
2019-10-11 13:30:00+00:00,22.6310977935791
2019-10-14 13:30:00+00:00,22.584083557128906
2019-10-15 13:30:00+00:00,22.516902923583984
2019-10-16 13:30:00+00:00,22.537057876586914
2019-10-17 13:30:00+00:00,22.577362060546875
2019-10-18 13:30:00+00:00,22.711713790893555
2019-10-21 13:30:00+00:00,22.684846878051758
2019-10-22 13:30:00+00:00,22.731863021850586
2019-10-23 13:30:00+00:00,22.825912475585938
2019-10-24 13:30:00+00:00,22.745304107666016
2019-10-25 13:30:00+00:00,22.89979362487793
2019-10-28 13:30:00+00:00,22.913230895996094
2019-10-29 13:30:00+00:00,22.8729305267334
2019-10-30 13:30:00+00:00,22.75200653076172
2019-10-31 13:30:00+00:00,22.79903793334961
2019-11-01 13:30:00+00:00,22.86725616455078
2019-11-04 14:30:00+00:00,22.89426040649414
2019-11-05 14:30:00+00:00,22.81997299194336
2019-11-06 14:30:00+00:00,22.7727108001709
2019-11-07 14:30:00+00:00,22.725418090820312
2019-11-08 14:30:00+00:00,22.6916561126709
2019-11-11 14:30:00+00:00,22.59710121154785
2019-11-12 14:30:00+00:00,22.46879005432129
2019-11-13 14:30:00+00:00,22.367488861083984
2019-11-14 14:30:00+00:00,22.39450454711914
2019-11-15 14:30:00+00:00,22.529571533203125
2019-11-18 14:30:00+00:00,22.509309768676758
2019-11-19 14:30:00+00:00,22.495803833007812
2019-11-20 14:30:00+00:00,22.42827033996582
2019-11-21 14:30:00+00:00,22.441781997680664
2019-11-22 14:30:00+00:00,22.380998611450195
2019-11-25 14:30:00+00:00,22.29319953918457
2019-11-26 14:30:00+00:00,22.299951553344727
2019-11-27 14:30:00+00:00,22.232421875
2019-11-29 14:30:00+00:00,22.252681732177734
2019-12-02 14:30:00+00:00,22.282548904418945
2019-12-03 14:30:00+00:00,22.3436336517334
2019-12-04 14:30:00+00:00,22.370771408081055
2019-12-05 14:30:00+00:00,22.4454402923584
2019-12-06 14:30:00+00:00,22.499738693237305
2019-12-09 14:30:00+00:00,22.554031372070312
2019-12-10 14:30:00+00:00,22.54724884033203
2019-12-11 14:30:00+00:00,22.716938018798828
2019-12-12 14:30:00+00:00,22.70335578918457
2019-12-13 14:30:00+00:00,22.75765037536621
2019-12-16 14:30:00+00:00,22.85267448425293
2019-12-17 14:30:00+00:00,22.893400192260742
2019-12-18 14:30:00+00:00,22.859468460083008
2019-12-19 14:30:00+00:00,22.893400192260742
2019-12-20 14:30:00+00:00,22.886621475219727
2019-12-23 14:30:00+00:00,22.913755416870117
2019-12-24 14:30:00+00:00,22.96126937866211
2019-12-26 14:30:00+00:00,23.022350311279297
2019-12-27 14:30:00+00:00,23.103803634643555
2019-12-30 14:30:00+00:00,23.10993766784668
2019-12-31 14:30:00+00:00,23.191770553588867
2020-01-02 14:30:00+00:00,23.232685089111328
2020-01-03 14:30:00+00:00,23.09630012512207
2020-01-06 14:30:00+00:00,23.10993766784668
2020-01-07 14:30:00+00:00,23.05538558959961
2020-01-08 14:30:00+00:00,23.164487838745117
2020-01-09 14:30:00+00:00,23.157672882080078
2020-01-10 14:30:00+00:00,23.184951782226562
2020-01-13 14:30:00+00:00,23.13039779663086
2020-01-14 14:30:00+00:00,23.14403533935547
2020-01-15 14:30:00+00:00,23.13039779663086
2020-01-16 14:30:00+00:00,23.103124618530273
2020-01-17 14:30:00+00:00,23.10993766784668
2020-01-21 14:30:00+00:00,23.08266830444336
2020-01-22 14:30:00+00:00,23.191770553588867
2020-01-23 14:30:00+00:00,23.157672882080078
2020-01-24 14:30:00+00:00,23.164487838745117
2020-01-27 14:30:00+00:00,22.96673583984375
2020-01-28 14:30:00+00:00,23.075843811035156
2020-01-29 14:30:00+00:00,23.05538558959961
2020-01-30 14:30:00+00:00,22.946273803710938
2020-01-31 14:30:00+00:00,22.89855194091797
2020-02-03 14:30:00+00:00,22.923908233642578
2020-02-04 14:30:00+00:00,23.06782341003418
2020-02-05 14:30:00+00:00,23.108951568603516
2020-02-06 14:30:00+00:00,23.006141662597656
2020-02-07 14:30:00+00:00,22.855371475219727
2020-02-10 14:30:00+00:00,22.862226486206055
2020-02-11 14:30:00+00:00,22.978723526000977
2020-02-12 14:30:00+00:00,22.985586166381836
2020-02-13 14:30:00+00:00,22.96502113342285
2020-02-14 14:30:00+00:00,23.06096649169922
2020-02-18 14:30:00+00:00,22.985586166381836
2020-02-19 14:30:00+00:00,23.006141662597656
2020-02-20 14:30:00+00:00,22.81424331665039
2020-02-21 14:30:00+00:00,22.827959060668945
2020-02-24 14:30:00+00:00,22.64977264404297
2020-02-25 14:30:00+00:00,22.62921714782715
2020-02-26 14:30:00+00:00,22.601810455322266
2020-02-27 14:30:00+00:00,22.41676902770996
2020-02-28 14:30:00+00:00,22.2111759185791
2020-03-02 14:30:00+00:00,22.374340057373047
2020-03-03 14:30:00+00:00,22.69790267944336
2020-03-04 14:30:00+00:00,22.732324600219727
2020-03-05 14:30:00+00:00,22.51201820373535
2020-03-06 14:30:00+00:00,22.401870727539062
2020-03-09 13:30:00+00:00,21.26594352722168
2020-03-10 13:30:00+00:00,21.754735946655273
2020-03-11 13:30:00+00:00,21.23841094970703
2020-03-12 13:30:00+00:00,19.97856330871582
2020-03-13 13:30:00+00:00,20.391620635986328
2020-03-16 13:30:00+00:00,19.902822494506836
2020-03-17 13:30:00+00:00,19.737607955932617
2020-03-18 13:30:00+00:00,18.615446090698242
2020-03-19 13:30:00+00:00,18.346954345703125
2020-03-20 13:30:00+00:00,18.505294799804688
2020-03-23 13:30:00+00:00,18.670520782470703
2020-03-24 13:30:00+00:00,19.06293487548828
2020-03-25 13:30:00+00:00,19.52419090270996
2020-03-26 13:30:00+00:00,19.944133758544922
2020-03-27 13:30:00+00:00,19.599916458129883
2020-03-30 13:30:00+00:00,19.414043426513672
2020-03-31 13:30:00+00:00,19.599916458129883
2020-04-01 13:30:00+00:00,19.145326614379883
2020-04-02 13:30:00+00:00,19.062297821044922
2020-04-03 13:30:00+00:00,18.868553161621094
2020-04-06 13:30:00+00:00,19.131484985351562
2020-04-07 13:30:00+00:00,19.50511932373047
2020-04-08 13:30:00+00:00,19.6781063079834
2020-04-09 13:30:00+00:00,19.968708038330078
2020-04-13 13:30:00+00:00,19.885684967041016
2020-04-14 13:30:00+00:00,20.030977249145508
2020-04-15 13:30:00+00:00,19.90642738342285
2020-04-16 13:30:00+00:00,19.761131286621094
2020-04-17 13:30:00+00:00,19.954870223999023
2020-04-20 13:30:00+00:00,19.899518966674805
2020-04-21 13:30:00+00:00,19.82339859008789
2020-04-22 13:30:00+00:00,19.712697982788086
2020-04-23 13:30:00+00:00,19.671184539794922
2020-04-24 13:30:00+00:00,19.513437271118164
2020-04-27 13:30:00+00:00,19.645463943481445
2020-04-28 13:30:00+00:00,19.89564323425293
2020-04-29 13:30:00+00:00,20.25005531311035
2020-04-30 13:30:00+00:00,20.076326370239258
2020-05-01 13:30:00+00:00,19.867847442626953
2020-05-04 13:30:00+00:00,19.93038558959961
2020-05-05 13:30:00+00:00,20.083274841308594
2020-05-06 13:30:00+00:00,19.89564323425293
2020-05-07 13:30:00+00:00,19.951234817504883
2020-05-08 13:30:00+00:00,20.111066818237305
2020-05-11 13:30:00+00:00,20.034631729125977
2020-05-12 13:30:00+00:00,20.13886260986328
2020-05-13 13:30:00+00:00,20.1041202545166
2020-05-14 13:30:00+00:00,20.20835304260254
2020-05-15 13:30:00+00:00,20.13886260986328
2020-05-18 13:30:00+00:00,20.53496742248535
2020-05-19 13:30:00+00:00,20.597505569458008
2020-05-20 13:30:00+00:00,20.92412757873535
2020-05-21 13:30:00+00:00,21.09090805053711
2020-05-22 13:30:00+00:00,20.96582794189453
2020-05-26 13:30:00+00:00,21.417524337768555
2020-05-27 13:30:00+00:00,21.27854347229004
2020-05-28 13:30:00+00:00,21.22295379638672
2020-05-29 13:30:00+00:00,21.42447853088379
2020-06-01 13:30:00+00:00,21.63594627380371
2020-06-02 13:30:00+00:00,21.922101974487305
2020-06-03 13:30:00+00:00,22.09657859802246
2020-06-04 13:30:00+00:00,22.01283836364746
2020-06-05 13:30:00+00:00,22.09657859802246
2020-06-08 13:30:00+00:00,22.08262825012207
2020-06-09 13:30:00+00:00,21.95001792907715
2020-06-10 13:30:00+00:00,22.08262825012207
2020-06-11 13:30:00+00:00,21.580114364624023
2020-06-12 13:30:00+00:00,21.775535583496094
2020-06-15 13:30:00+00:00,21.831371307373047
2020-06-16 13:30:00+00:00,21.677825927734375
2020-06-17 13:30:00+00:00,21.538240432739258
2020-06-18 13:30:00+00:00,21.384695053100586
2020-06-19 13:30:00+00:00,21.63594627380371
2020-06-22 13:30:00+00:00,21.642932891845703
2020-06-23 13:30:00+00:00,21.754596710205078
2020-06-24 13:30:00+00:00,21.55917739868164
2020-06-25 13:30:00+00:00,21.67084312438965
2020-06-26 13:30:00+00:00,21.461469650268555
2020-06-29 13:30:00+00:00,21.475418090820312
2020-06-30 13:30:00+00:00,21.454490661621094
2020-07-01 13:30:00+00:00,21.57159996032715
2020-07-02 13:30:00+00:00,21.66977882385254
2020-07-06 13:30:00+00:00,21.66977882385254
2020-07-07 13:30:00+00:00,21.585622787475586
2020-07-08 13:30:00+00:00,21.76796531677246
2020-07-09 13:30:00+00:00,21.781986236572266
2020-07-10 13:30:00+00:00,21.85211181640625
2020-07-13 13:30:00+00:00,21.76095199584961
2020-07-14 13:30:00+00:00,21.873151779174805
2020-07-15 13:30:00+00:00,21.90822410583496
2020-07-16 13:30:00+00:00,21.796010971069336
2020-07-17 13:30:00+00:00,21.817058563232422
2020-07-20 13:30:00+00:00,21.915225982666016
2020-07-21 13:30:00+00:00,22.12562370300293
2020-07-22 13:30:00+00:00,22.223798751831055
2020-07-23 13:30:00+00:00,22.153667449951172
2020-07-24 13:30:00+00:00,22.167692184448242
2020-07-27 13:30:00+00:00,22.36405372619629
2020-07-28 13:30:00+00:00,22.29392433166504
2020-07-29 13:30:00+00:00,22.336002349853516
2020-07-30 13:30:00+00:00,22.29392433166504
2020-07-31 13:30:00+00:00,22.14665412902832
2020-08-03 13:30:00+00:00,22.113540649414062
2020-08-04 13:30:00+00:00,22.162866592407227
2020-08-05 13:30:00+00:00,22.176959991455078
2020-08-06 13:30:00+00:00,22.113540649414062
2020-08-07 13:30:00+00:00,21.951444625854492
2020-08-10 13:30:00+00:00,21.888031005859375
2020-08-11 13:30:00+00:00,21.92327117919922
2020-08-12 13:30:00+00:00,21.965543746948242
2020-08-13 13:30:00+00:00,21.99373435974121
2020-08-14 13:30:00+00:00,22.0360164642334
2020-08-17 13:30:00+00:00,21.951444625854492
2020-08-18 13:30:00+00:00,22.099441528320312
2020-08-19 13:30:00+00:00,22.014881134033203
2020-08-20 13:30:00+00:00,22.064205169677734
2020-08-21 13:30:00+00:00,21.93031120300293
2020-08-24 13:30:00+00:00,21.97964096069336
2020-08-25 13:30:00+00:00,22.028968811035156
2020-08-26 13:30:00+00:00,21.97964096069336
2020-08-27 13:30:00+00:00,21.94440460205078
2020-08-28 13:30:00+00:00,22.28266716003418
2020-08-31 13:30:00+00:00,22.198101043701172
2020-09-01 13:30:00+00:00,22.35728645324707
2020-09-02 13:30:00+00:00,22.22993278503418
2020-09-03 13:30:00+00:00,22.244089126586914
2020-09-04 13:30:00+00:00,22.22286033630371
2020-09-08 13:30:00+00:00,22.060138702392578
2020-09-09 13:30:00+00:00,22.244089126586914
2020-09-10 13:30:00+00:00,22.15210723876953
2020-09-11 13:30:00+00:00,22.23700714111328
2020-09-14 13:30:00+00:00,22.336061477661133
2020-09-15 13:30:00+00:00,22.406808853149414
2020-09-16 13:30:00+00:00,22.42096519470215
2020-09-17 13:30:00+00:00,22.428037643432617
2020-09-18 13:30:00+00:00,22.314838409423828
2020-09-21 13:30:00+00:00,22.03183364868164
2020-09-22 13:30:00+00:00,21.939865112304688
2020-09-23 13:30:00+00:00,21.600252151489258
2020-09-24 13:30:00+00:00,21.741744995117188
2020-09-25 13:30:00+00:00,21.628557205200195
2020-09-28 13:30:00+00:00,21.614402770996094
2020-09-29 13:30:00+00:00,21.671009063720703
2020-09-30 13:30:00+00:00,21.819581985473633
2020-10-01 13:30:00+00:00,21.904788970947266
2020-10-02 13:30:00+00:00,21.819578170776367
2020-10-05 13:30:00+00:00,21.91899299621582
2020-10-06 13:30:00+00:00,21.89058494567871
2020-10-07 13:30:00+00:00,21.911890029907227
2020-10-08 13:30:00+00:00,22.00419044494629
2020-10-09 13:30:00+00:00,22.160402297973633
2020-10-12 13:30:00+00:00,22.132001876831055
2020-10-13 13:30:00+00:00,21.982887268066406
2020-10-14 13:30:00+00:00,22.00419044494629
2020-10-15 13:30:00+00:00,21.88347625732422
2020-10-16 13:30:00+00:00,21.911890029907227
2020-10-19 13:30:00+00:00,21.947391510009766
2020-10-20 13:30:00+00:00,22.018402099609375
2020-10-21 13:30:00+00:00,22.146198272705078
2020-10-22 13:30:00+00:00,22.096494674682617
2020-10-23 13:30:00+00:00,22.160402297973633
2020-10-26 13:30:00+00:00,22.082294464111328
2020-10-27 13:30:00+00:00,22.0751953125
2020-10-28 13:30:00+00:00,21.7769832611084
2020-10-29 13:30:00+00:00,21.805377960205078
2020-10-30 13:30:00+00:00,21.82668113708496
2020-11-02 14:30:00+00:00,21.81313705444336
2020-11-03 14:30:00+00:00,21.962881088256836
2020-11-04 14:30:00+00:00,22.248119354248047
2020-11-05 14:30:00+00:00,22.50482177734375
2020-11-06 14:30:00+00:00,22.71161651611328
2020-11-09 14:30:00+00:00,22.86849021911621
2020-11-10 14:30:00+00:00,22.797182083129883
2020-11-11 14:30:00+00:00,22.861360549926758
2020-11-12 14:30:00+00:00,22.790054321289062
2020-11-13 14:30:00+00:00,22.86849021911621
2020-11-16 14:30:00+00:00,22.939802169799805
2020-11-17 14:30:00+00:00,23.003969192504883
2020-11-18 14:30:00+00:00,23.0111083984375
2020-11-19 14:30:00+00:00,23.096675872802734
2020-11-20 14:30:00+00:00,23.068147659301758
2020-11-23 14:30:00+00:00,22.9255313873291
2020-11-24 14:30:00+00:00,23.068147659301758
2020-11-25 14:30:00+00:00,23.16798210144043
2020-11-27 14:30:00+00:00,23.160850524902344
2020-11-30 14:30:00+00:00,23.068147659301758
2020-12-01 14:30:00+00:00,23.305070877075195
2020-12-02 14:30:00+00:00,23.25496482849121
2020-12-03 14:30:00+00:00,23.433908462524414
2020-12-04 14:30:00+00:00,23.498327255249023
2020-12-07 14:30:00+00:00,23.491174697875977
2020-12-08 14:30:00+00:00,23.562744140625
2020-12-09 14:30:00+00:00,23.498327255249023
2020-12-10 14:30:00+00:00,23.67725944519043
2020-12-11 14:30:00+00:00,23.634319305419922
2020-12-14 14:30:00+00:00,23.612844467163086
2020-12-15 14:30:00+00:00,23.755990982055664
2020-12-16 14:30:00+00:00,23.806095123291016
2020-12-17 14:30:00+00:00,23.970726013183594
2020-12-18 14:30:00+00:00,23.92061996459961
2020-12-21 14:30:00+00:00,23.73452377319336
2020-12-22 14:30:00+00:00,23.612844467163086
2020-12-23 14:30:00+00:00,23.67725944519043
2020-12-24 14:30:00+00:00,23.777462005615234
2020-12-28 14:30:00+00:00,23.78463363647461
2020-12-29 14:30:00+00:00,23.81265640258789
2020-12-30 14:30:00+00:00,23.906064987182617
2020-12-31 14:30:00+00:00,23.906064987182617
2021-01-04 14:30:00+00:00,23.906064987182617
2021-01-05 14:30:00+00:00,23.970727920532227
2021-01-06 14:30:00+00:00,23.906064987182617
2021-01-07 14:30:00+00:00,23.604278564453125
2021-01-08 14:30:00+00:00,23.640201568603516
2021-01-11 14:30:00+00:00,23.388704299926758
2021-01-12 14:30:00+00:00,23.647380828857422
2021-01-13 14:30:00+00:00,23.597091674804688
2021-01-14 14:30:00+00:00,23.72642707824707
2021-01-15 14:30:00+00:00,23.575532913208008
2021-01-19 14:30:00+00:00,23.633020401000977
2021-01-20 14:30:00+00:00,23.75516700744629
2021-01-21 14:30:00+00:00,23.712053298950195
2021-01-22 14:30:00+00:00,23.546798706054688
2021-01-25 14:30:00+00:00,23.4605655670166
2021-01-26 14:30:00+00:00,23.58990478515625
2021-01-27 14:30:00+00:00,23.395891189575195
2021-01-28 14:30:00+00:00,23.47493553161621
2021-01-29 14:30:00+00:00,23.4605655670166
2021-02-01 14:30:00+00:00,23.529083251953125
2021-02-02 14:30:00+00:00,23.615638732910156
2021-02-03 14:30:00+00:00,23.65170669555664
2021-02-04 14:30:00+00:00,23.5074462890625
2021-02-05 14:30:00+00:00,23.63728904724121
2021-02-08 14:30:00+00:00,23.658924102783203
2021-02-09 14:30:00+00:00,23.738262176513672
2021-02-10 14:30:00+00:00,23.795976638793945
2021-02-11 14:30:00+00:00,23.810394287109375
2021-02-12 14:30:00+00:00,23.75269889831543
2021-02-16 14:30:00+00:00,23.594003677368164
2021-02-17 14:30:00+00:00,23.572372436523438
2021-02-18 14:30:00+00:00,23.5074462890625
2021-02-19 14:30:00+00:00,23.406457901000977
2021-02-22 14:30:00+00:00,23.19007110595703
2021-02-23 14:30:00+00:00,23.377609252929688
2021-02-24 14:30:00+00:00,23.442523956298828
2021-02-25 14:30:00+00:00,22.90155029296875
2021-02-26 14:30:00+00:00,22.87990951538086
2021-03-01 14:30:00+00:00,23.001543045043945
2021-03-02 14:30:00+00:00,22.943618774414062
2021-03-03 14:30:00+00:00,22.81329917907715
2021-03-04 14:30:00+00:00,22.625057220458984
2021-03-05 14:30:00+00:00,22.53093910217285
2021-03-08 14:30:00+00:00,22.190658569335938
2021-03-09 14:30:00+00:00,22.43681526184082
2021-03-10 14:30:00+00:00,22.596101760864258
2021-03-11 14:30:00+00:00,22.84950065612793
2021-03-12 14:30:00+00:00,22.661264419555664
2021-03-15 13:30:00+00:00,22.654024124145508
2021-03-16 13:30:00+00:00,22.661264419555664
2021-03-17 13:30:00+00:00,22.75538444519043
2021-03-18 13:30:00+00:00,22.545419692993164
2021-03-19 13:30:00+00:00,22.661264419555664
2021-03-22 13:30:00+00:00,22.509220123291016
2021-03-23 13:30:00+00:00,22.306495666503906
2021-03-24 13:30:00+00:00,22.1689395904541
2021-03-25 13:30:00+00:00,22.147216796875
2021-03-26 13:30:00+00:00,22.190658569335938
2021-03-29 13:30:00+00:00,22.053098678588867
2021-03-30 13:30:00+00:00,22.031381607055664
2021-03-31 13:30:00+00:00,22.212377548217773
2021-04-01 13:30:00+00:00,22.296735763549805
2021-04-05 13:30:00+00:00,22.340370178222656
2021-04-06 13:30:00+00:00,22.493087768554688
2021-04-07 13:30:00+00:00,22.507633209228516
2021-04-08 13:30:00+00:00,22.7039852142334
2021-04-09 13:30:00+00:00,22.543987274169922
2021-04-12 13:30:00+00:00,22.51490592956543
2021-04-13 13:30:00+00:00,22.60944366455078
2021-04-14 13:30:00+00:00,22.689443588256836
2021-04-15 13:30:00+00:00,22.863985061645508
2021-04-16 13:30:00+00:00,22.80579376220703
2021-04-19 13:30:00+00:00,22.84943199157715
2021-04-20 13:30:00+00:00,22.820343017578125
2021-04-21 13:30:00+00:00,22.827611923217773
2021-04-22 13:30:00+00:00,22.783981323242188
2021-04-23 13:30:00+00:00,22.83487892150879
2021-04-26 13:30:00+00:00,22.813711166381836
2021-04-27 13:30:00+00:00,22.755311965942383
2021-04-28 13:30:00+00:00,22.90862464904785
2021-04-29 13:30:00+00:00,22.8867130279541
2021-04-30 13:30:00+00:00,22.71151351928711
2021-05-03 13:30:00+00:00,22.784509658813477
2021-05-04 13:30:00+00:00,22.645801544189453
2021-05-05 13:30:00+00:00,22.718809127807617
2021-05-06 13:30:00+00:00,22.99622344970703
2021-05-07 13:30:00+00:00,23.207935333251953
2021-05-10 13:30:00+00:00,23.156827926635742
2021-05-11 13:30:00+00:00,23.171436309814453
2021-05-12 13:30:00+00:00,22.894014358520508
2021-05-13 13:30:00+00:00,23.018125534057617
2021-05-14 13:30:00+00:00,23.098432540893555
2021-05-17 13:30:00+00:00,23.09113311767578
2021-05-18 13:30:00+00:00,23.156827926635742
2021-05-19 13:30:00+00:00,23.010828018188477
2021-05-20 13:30:00+00:00,23.1495304107666
2021-05-21 13:30:00+00:00,23.069223403930664
2021-05-24 13:30:00+00:00,23.127628326416016
2021-05-25 13:30:00+00:00,23.156827926635742
2021-05-26 13:30:00+00:00,23.156827926635742
2021-05-27 13:30:00+00:00,23.17873191833496
2021-05-28 13:30:00+00:00,23.26633071899414
2021-06-01 13:30:00+00:00,23.36896514892578
2021-06-02 13:30:00+00:00,23.456928253173828
2021-06-03 13:30:00+00:00,23.302993774414062
2021-06-04 13:30:00+00:00,23.552221298217773
2021-06-07 13:30:00+00:00,23.500904083251953
2021-06-08 13:30:00+00:00,23.508235931396484
2021-06-09 13:30:00+00:00,23.515565872192383
2021-06-10 13:30:00+00:00,23.58152961730957
2021-06-11 13:30:00+00:00,23.442256927490234
2021-06-14 13:30:00+00:00,23.40561294555664
2021-06-15 13:30:00+00:00,23.36896514892578
2021-06-16 13:30:00+00:00,23.06108856201172
2021-06-17 13:30:00+00:00,23.017108917236328
2021-06-18 13:30:00+00:00,22.841176986694336
2021-06-21 13:30:00+00:00,22.929149627685547
2021-06-22 13:30:00+00:00,22.98778533935547
2021-06-23 13:30:00+00:00,23.00244903564453
2021-06-24 13:30:00+00:00,23.105072021484375
2021-06-25 13:30:00+00:00,23.090410232543945
2021-06-28 13:30:00+00:00,23.163721084594727
2021-06-29 13:30:00+00:00,23.068418502807617
2021-06-30 13:30:00+00:00,23.00244903564453
2021-07-01 13:30:00+00:00,22.90308952331543
2021-07-02 13:30:00+00:00,23.028202056884766
2021-07-06 13:30:00+00:00,22.8221378326416
2021-07-07 13:30:00+00:00,22.792688369750977
2021-07-08 13:30:00+00:00,22.75589370727539
2021-07-09 13:30:00+00:00,22.881011962890625
2021-07-12 13:30:00+00:00,22.836849212646484
2021-07-13 13:30:00+00:00,22.689668655395508
2021-07-14 13:30:00+00:00,22.90308952331543
2021-07-15 13:30:00+00:00,22.836849212646484
2021-07-16 13:30:00+00:00,22.86629295349121
2021-07-19 13:30:00+00:00,22.697021484375
2021-07-20 13:30:00+00:00,22.741182327270508
2021-07-21 13:30:00+00:00,22.770614624023438
2021-07-22 13:30:00+00:00,22.792688369750977
2021-07-23 13:30:00+00:00,22.748533248901367
2021-07-26 13:30:00+00:00,22.75589370727539
2021-07-27 13:30:00+00:00,22.770614624023438
2021-07-28 13:30:00+00:00,22.873659133911133
2021-07-29 13:30:00+00:00,23.006126403808594
2021-07-30 13:30:00+00:00,22.89573860168457
2021-08-02 13:30:00+00:00,22.937856674194336
2021-08-03 13:30:00+00:00,22.982194900512695
2021-08-04 13:30:00+00:00,22.915687561035156
2021-08-05 13:30:00+00:00,22.863954544067383
2021-08-06 13:30:00+00:00,22.679214477539062
2021-08-09 13:30:00+00:00,22.590538024902344
2021-08-10 13:30:00+00:00,22.590538024902344
2021-08-11 13:30:00+00:00,22.69399642944336
2021-08-12 13:30:00+00:00,22.686607360839844
2021-08-13 13:30:00+00:00,22.775279998779297
2021-08-16 13:30:00+00:00,22.723548889160156
2021-08-17 13:30:00+00:00,22.627479553222656
2021-08-18 13:30:00+00:00,22.590538024902344
2021-08-19 13:30:00+00:00,22.450124740600586
2021-08-20 13:30:00+00:00,22.464900970458984
2021-08-23 13:30:00+00:00,22.546192169189453
2021-08-24 13:30:00+00:00,22.65704345703125
2021-08-25 13:30:00+00:00,22.70137596130371
2021-08-26 13:30:00+00:00,22.6644344329834
2021-08-27 13:30:00+00:00,22.863954544067383
2021-08-30 13:30:00+00:00,22.915687561035156
2021-08-31 13:30:00+00:00,23.033926010131836
2021-09-01 13:30:00+00:00,23.068798065185547
2021-09-02 13:30:00+00:00,23.061376571655273
2021-09-03 13:30:00+00:00,23.068798065185547
2021-09-07 13:30:00+00:00,22.979755401611328
2021-09-08 13:30:00+00:00,22.883291244506836
2021-09-09 13:30:00+00:00,22.94265365600586
2021-09-10 13:30:00+00:00,22.912973403930664
2021-09-13 13:30:00+00:00,22.950077056884766
2021-09-14 13:30:00+00:00,22.920392990112305
2021-09-15 13:30:00+00:00,22.94265365600586
2021-09-16 13:30:00+00:00,22.771991729736328
2021-09-17 13:30:00+00:00,22.660694122314453
2021-09-20 13:30:00+00:00,22.54197120666504
2021-09-21 13:30:00+00:00,22.61617660522461
2021-09-22 13:30:00+00:00,22.60133171081543
2021-09-23 13:30:00+00:00,22.593910217285156
2021-09-24 13:30:00+00:00,22.47519874572754
2021-09-27 13:30:00+00:00,22.44551658630371
2021-09-28 13:30:00+00:00,22.267438888549805
2021-09-29 13:30:00+00:00,22.1932373046875
2021-09-30 13:30:00+00:00,22.23775291442871
2021-10-01 13:30:00+00:00,22.388999938964844
2021-10-04 13:30:00+00:00,22.254892349243164
2021-10-05 13:30:00+00:00,22.202733993530273
2021-10-06 13:30:00+00:00,22.18783187866211
2021-10-07 13:30:00+00:00,22.210182189941406
2021-10-08 13:30:00+00:00,22.158029556274414
2021-10-11 13:30:00+00:00,22.03137969970703
2021-10-12 13:30:00+00:00,22.128232955932617
2021-10-13 13:30:00+00:00,22.269790649414062
2021-10-14 13:30:00+00:00,22.292150497436523
2021-10-15 13:30:00+00:00,22.33684539794922
2021-10-18 13:30:00+00:00,22.2250919342041
2021-10-19 13:30:00+00:00,22.269790649414062
2021-10-20 13:30:00+00:00,22.321943283081055
2021-10-21 13:30:00+00:00,22.08353042602539
2021-10-22 13:30:00+00:00,22.09843635559082
2021-10-25 13:30:00+00:00,22.143125534057617
2021-10-26 13:30:00+00:00,22.12078094482422
2021-10-27 13:30:00+00:00,22.09843635559082
2021-10-28 13:30:00+00:00,22.016468048095703
2021-10-29 13:30:00+00:00,21.93451690673828
2021-11-01 13:30:00+00:00,21.85669708251953
2021-11-02 13:30:00+00:00,21.87166404724121
2021-11-03 13:30:00+00:00,21.946483612060547
2021-11-04 13:30:00+00:00,21.90907859802246
2021-11-05 13:30:00+00:00,22.073694229125977
2021-11-08 14:30:00+00:00,22.126075744628906
2021-11-09 14:30:00+00:00,22.20838165283203
2021-11-10 14:30:00+00:00,21.991384506225586
2021-11-11 14:30:00+00:00,22.02880096435547
2021-11-12 14:30:00+00:00,21.97641372680664
2021-11-15 14:30:00+00:00,21.953968048095703
2021-11-16 14:30:00+00:00,21.804323196411133
2021-11-17 14:30:00+00:00,21.811792373657227
2021-11-18 14:30:00+00:00,21.72201156616211
2021-11-19 14:30:00+00:00,21.609771728515625
2021-11-22 14:30:00+00:00,21.42270851135254
2021-11-23 14:30:00+00:00,21.34039878845215
2021-11-24 14:30:00+00:00,21.280540466308594
2021-11-26 14:30:00+00:00,21.15333366394043
2021-11-29 14:30:00+00:00,21.190746307373047
2021-11-30 14:30:00+00:00,21.325429916381836
2021-12-01 14:30:00+00:00,21.287864685058594
2021-12-02 14:30:00+00:00,21.317913055419922
2021-12-03 14:30:00+00:00,21.302892684936523
2021-12-06 14:30:00+00:00,21.287864685058594
2021-12-07 14:30:00+00:00,21.430631637573242
2021-12-08 14:30:00+00:00,21.580915451049805
2021-12-09 14:30:00+00:00,21.483226776123047
2021-12-10 14:30:00+00:00,21.550859451293945
2021-12-13 14:30:00+00:00,21.453174591064453
2021-12-14 14:30:00+00:00,21.325429916381836
2021-12-15 14:30:00+00:00,21.35548973083496
2021-12-16 14:30:00+00:00,21.378034591674805
2021-12-17 14:30:00+00:00,21.295373916625977
2021-12-20 14:30:00+00:00,21.35548973083496
2021-12-21 14:30:00+00:00,21.453174591064453
2021-12-22 14:30:00+00:00,21.618484497070312
2021-12-23 14:30:00+00:00,21.70865821838379
2021-12-27 14:30:00+00:00,21.70865821838379
2021-12-28 14:30:00+00:00,21.603452682495117
2021-12-29 14:30:00+00:00,21.508371353149414
2021-12-30 14:30:00+00:00,21.5762882232666
2021-12-31 14:30:00+00:00,21.58383560180664
2022-01-03 14:30:00+00:00,21.53101348876953
2022-01-04 14:30:00+00:00,21.41025733947754
2022-01-05 14:30:00+00:00,21.372529983520508
2022-01-06 14:30:00+00:00,21.38007354736328
2022-01-07 14:30:00+00:00,21.4932804107666
2022-01-10 14:30:00+00:00,21.43289566040039
2022-01-11 14:30:00+00:00,21.53855323791504
2022-01-12 14:30:00+00:00,21.73477554321289
2022-01-13 14:30:00+00:00,21.674400329589844
2022-01-14 14:30:00+00:00,21.62912368774414
2022-01-18 14:30:00+00:00,21.387619018554688
2022-01-19 14:30:00+00:00,21.666847229003906
2022-01-20 14:30:00+00:00,21.689495086669922
2022-01-21 14:30:00+00:00,21.73477554321289
2022-01-24 14:30:00+00:00,21.621572494506836
2022-01-25 14:30:00+00:00,21.62912368774414
2022-01-26 14:30:00+00:00,21.44045066833496
2022-01-27 14:30:00+00:00,21.455537796020508
2022-01-28 14:30:00+00:00,21.463090896606445
2022-01-31 14:30:00+00:00,21.659299850463867
2022-02-01 14:30:00+00:00,21.739654541015625
2022-02-02 14:30:00+00:00,21.823036193847656
2022-02-03 14:30:00+00:00,21.838193893432617
2022-02-04 14:30:00+00:00,21.815454483032227
2022-02-07 14:30:00+00:00,21.807872772216797
2022-02-08 14:30:00+00:00,21.860939025878906
2022-02-09 14:30:00+00:00,21.974639892578125
2022-02-10 14:30:00+00:00,21.95948028564453
2022-02-11 14:30:00+00:00,21.815454483032227
2022-02-14 14:30:00+00:00,21.815454483032227
2022-02-15 14:30:00+00:00,21.98980140686035
2022-02-16 14:30:00+00:00,22.080751419067383
2022-02-17 14:30:00+00:00,22.04285430908203
2022-02-18 14:30:00+00:00,22.02011489868164
2022-02-22 14:30:00+00:00,21.921581268310547
2022-02-23 14:30:00+00:00,21.853357315063477
2022-02-24 14:30:00+00:00,21.1635684967041
2022-02-25 14:30:00+00:00,21.663846969604492
2022-02-28 14:30:00+00:00,20.60264015197754
2022-03-01 14:30:00+00:00,20.396394729614258
2022-03-02 14:30:00+00:00,20.168075561523438
2022-03-03 14:30:00+00:00,20.38117790222168
2022-03-04 14:30:00+00:00,20.228961944580078
2022-03-07 14:30:00+00:00,19.71143913269043
2022-03-08 14:30:00+00:00,19.96259307861328
2022-03-09 14:30:00+00:00,20.274633407592773
2022-03-10 14:30:00+00:00,20.130029678344727
2022-03-11 14:30:00+00:00,20.0158634185791
2022-03-14 13:30:00+00:00,19.909313201904297
2022-03-15 13:30:00+00:00,20.023475646972656
2022-03-16 13:30:00+00:00,20.259403228759766
2022-03-17 13:30:00+00:00,20.358341217041016
2022-03-18 13:30:00+00:00,20.53338623046875
2022-03-21 13:30:00+00:00,20.31267547607422
2022-03-22 13:30:00+00:00,20.244184494018555
2022-03-23 13:30:00+00:00,20.267017364501953
2022-03-24 13:30:00+00:00,20.282238006591797
2022-03-25 13:30:00+00:00,20.267017364501953
2022-03-28 13:30:00+00:00,20.289844512939453
2022-03-29 13:30:00+00:00,20.50294303894043
2022-03-30 13:30:00+00:00,20.586660385131836
2022-03-31 13:30:00+00:00,20.540996551513672
2022-04-01 13:30:00+00:00,20.59215545654297
2022-04-04 13:30:00+00:00,20.63033103942871
2022-04-05 13:30:00+00:00,20.37073516845703
2022-04-06 13:30:00+00:00,20.294376373291016
2022-04-07 13:30:00+00:00,20.24093246459961
2022-04-08 13:30:00+00:00,20.225664138793945
2022-04-11 13:30:00+00:00,20.179853439331055
2022-04-12 13:30:00+00:00,20.2867431640625
2022-04-13 13:30:00+00:00,20.27911376953125
2022-04-14 13:30:00+00:00,20.126407623291016
2022-04-18 13:30:00+00:00,20.15694236755371
2022-04-19 13:30:00+00:00,20.00423812866211
2022-04-20 13:30:00+00:00,20.1340389251709
2022-04-21 13:30:00+00:00,20.07296371459961
2022-04-22 13:30:00+00:00,19.8133544921875
2022-04-25 13:30:00+00:00,19.723642349243164
2022-04-26 13:30:00+00:00,19.516586303710938
2022-04-27 13:30:00+00:00,19.48591423034668
2022-04-28 13:30:00+00:00,19.401552200317383
2022-04-29 13:30:00+00:00,19.401552200317383
2022-05-02 13:30:00+00:00,19.240514755249023
2022-05-03 13:30:00+00:00,19.378559112548828
2022-05-04 13:30:00+00:00,19.600942611694336
2022-05-05 13:30:00+00:00,19.209842681884766
2022-05-06 13:30:00+00:00,19.125490188598633
2022-05-09 13:30:00+00:00,18.903095245361328
2022-05-10 13:30:00+00:00,18.910768508911133
2022-05-11 13:30:00+00:00,18.86475944519043
2022-05-12 13:30:00+00:00,18.811077117919922
2022-05-13 13:30:00+00:00,18.872425079345703
2022-05-16 13:30:00+00:00,18.933774948120117
2022-05-17 13:30:00+00:00,19.079479217529297
2022-05-18 13:30:00+00:00,19.01812744140625
2022-05-19 13:30:00+00:00,19.294200897216797
2022-05-20 13:30:00+00:00,19.355546951293945
2022-05-23 13:30:00+00:00,19.508920669555664
2022-05-24 13:30:00+00:00,19.562599182128906
2022-05-25 13:30:00+00:00,19.59327507019043
2022-05-26 13:30:00+00:00,19.715967178344727
2022-05-27 13:30:00+00:00,19.715967178344727
2022-05-31 13:30:00+00:00,19.669960021972656
2022-06-01 13:30:00+00:00,19.55290412902832
2022-06-02 13:30:00+00:00,19.760831832885742
2022-06-03 13:30:00+00:00,19.691518783569336
2022-06-06 13:30:00+00:00,19.583709716796875
2022-06-07 13:30:00+00:00,19.568294525146484
2022-06-08 13:30:00+00:00,19.468198776245117
2022-06-09 13:30:00+00:00,19.30647087097168
2022-06-10 13:30:00+00:00,19.036930084228516
2022-06-13 13:30:00+00:00,18.728897094726562
2022-06-14 13:30:00+00:00,18.644176483154297
2022-06-15 13:30:00+00:00,18.959918975830078
2022-06-16 13:30:00+00:00,18.85980987548828
2022-06-17 13:30:00+00:00,18.82131004333496
2022-06-21 13:30:00+00:00,18.85980987548828
2022-06-22 13:30:00+00:00,18.959918975830078
2022-06-23 13:30:00+00:00,18.93682098388672
2022-06-24 13:30:00+00:00,18.9907283782959
2022-06-27 13:30:00+00:00,18.89061737060547
2022-06-28 13:30:00+00:00,18.852108001708984
2022-06-29 13:30:00+00:00,18.867511749267578
2022-06-30 13:30:00+00:00,18.852108001708984
2022-07-01 13:30:00+00:00,18.876102447509766
2022-07-05 13:30:00+00:00,18.605226516723633
2022-07-06 13:30:00+00:00,18.34209632873535
2022-07-07 13:30:00+00:00,18.450439453125
2022-07-08 13:30:00+00:00,18.434972763061523
2022-07-11 13:30:00+00:00,18.16408920288086
2022-07-12 13:30:00+00:00,18.13313102722168
2022-07-13 13:30:00+00:00,18.202783584594727
2022-07-14 13:30:00+00:00,18.01704978942871
2022-07-15 13:30:00+00:00,18.195043563842773
2022-07-18 13:30:00+00:00,18.202783584594727
2022-07-19 13:30:00+00:00,18.3343563079834
2022-07-20 13:30:00+00:00,18.287919998168945
2022-07-21 13:30:00+00:00,18.326608657836914
2022-07-22 13:30:00+00:00,18.434972763061523
2022-07-25 13:30:00+00:00,18.520090103149414
2022-07-26 13:30:00+00:00,18.427217483520508
2022-07-27 13:30:00+00:00,18.643924713134766
2022-07-28 13:30:00+00:00,18.78322982788086
2022-07-29 13:30:00+00:00,18.8374080657959
2022-08-01 13:30:00+00:00,18.94786262512207
2022-08-02 13:30:00+00:00,18.722293853759766
2022-08-03 13:30:00+00:00,18.91674041748047
2022-08-04 13:30:00+00:00,19.033422470092773
2022-08-05 13:30:00+00:00,18.90896987915039
2022-08-08 13:30:00+00:00,19.041194915771484
2022-08-09 13:30:00+00:00,19.002304077148438
2022-08-10 13:30:00+00:00,19.321212768554688
2022-08-11 13:30:00+00:00,19.328998565673828
2022-08-12 13:30:00+00:00,19.476783752441406
2022-08-15 13:30:00+00:00,19.321212768554688
2022-08-16 13:30:00+00:00,19.2512149810791
2022-08-17 13:30:00+00:00,19.142311096191406
2022-08-18 13:30:00+00:00,18.971189498901367
2022-08-19 13:30:00+00:00,18.8311767578125
2022-08-22 13:30:00+00:00,18.75340461730957
2022-08-23 13:30:00+00:00,18.8311767578125
2022-08-24 13:30:00+00:00,18.807849884033203
2022-08-25 13:30:00+00:00,18.940080642700195
2022-08-26 13:30:00+00:00,18.854516983032227
2022-08-29 13:30:00+00:00,18.84673309326172
2022-08-30 13:30:00+00:00,18.807849884033203
2022-08-31 13:30:00+00:00,18.73784637451172
2022-09-01 13:30:00+00:00,18.64481544494629
2022-09-02 13:30:00+00:00,18.754262924194336
2022-09-06 13:30:00+00:00,18.613540649414062
2022-09-07 13:30:00+00:00,18.808984756469727
2022-09-08 13:30:00+00:00,18.754262924194336
2022-09-09 13:30:00+00:00,18.871522903442383
2022-09-12 13:30:00+00:00,18.9653377532959
2022-09-13 13:30:00+00:00,18.652633666992188
2022-09-14 13:30:00+00:00,18.715177536010742
2022-09-15 13:30:00+00:00,18.597909927368164
2022-09-16 13:30:00+00:00,18.59009552001953
2022-09-19 13:30:00+00:00,18.652633666992188
2022-09-20 13:30:00+00:00,18.543190002441406
2022-09-21 13:30:00+00:00,18.449373245239258
2022-09-22 13:30:00+00:00,18.465015411376953
2022-09-23 13:30:00+00:00,18.199214935302734
2022-09-26 13:30:00+00:00,17.86306381225586
2022-09-27 13:30:00+00:00,17.847427368164062
2022-09-28 13:30:00+00:00,18.07413673400879
2022-09-29 13:30:00+00:00,17.92560577392578
2022-09-30 13:30:00+00:00,17.823972702026367
2022-10-03 13:30:00+00:00,18.10529899597168
2022-10-04 13:30:00+00:00,18.30961036682129
2022-10-05 13:30:00+00:00,18.191740036010742
2022-10-06 13:30:00+00:00,18.04243278503418
2022-10-07 13:30:00+00:00,17.995283126831055
2022-10-10 13:30:00+00:00,17.979562759399414
2022-10-11 13:30:00+00:00,17.853836059570312
2022-10-12 13:30:00+00:00,17.830259323120117
2022-10-13 13:30:00+00:00,17.82239532470703
2022-10-14 13:30:00+00:00,17.70452308654785
2022-10-17 13:30:00+00:00,17.814546585083008
2022-10-18 13:30:00+00:00,17.869552612304688
2022-10-19 13:30:00+00:00,17.70452308654785
2022-10-20 13:30:00+00:00,17.680959701538086
2022-10-21 13:30:00+00:00,17.814546585083008
2022-10-24 13:30:00+00:00,17.649520874023438
2022-10-25 13:30:00+00:00,17.87740707397461
2022-10-26 13:30:00+00:00,17.987430572509766
2022-10-27 13:30:00+00:00,17.932415008544922
2022-10-28 13:30:00+00:00,17.90098762512207
2022-10-31 13:30:00+00:00,17.806692123413086
2022-11-01 13:30:00+00:00,17.876201629638672
2022-11-02 13:30:00+00:00,17.781408309936523
2022-11-03 13:30:00+00:00,17.789308547973633
2022-11-04 13:30:00+00:00,18.081586837768555
2022-11-07 14:30:00+00:00,18.136882781982422
2022-11-08 14:30:00+00:00,18.247468948364258
2022-11-09 14:30:00+00:00,18.16057586669922
2022-11-10 14:30:00+00:00,18.737226486206055
2022-11-11 14:30:00+00:00,18.689828872680664
2022-11-14 14:30:00+00:00,18.721433639526367
2022-11-15 14:30:00+00:00,18.77672004699707
2022-11-16 14:30:00+00:00,18.721433639526367
2022-11-17 14:30:00+00:00,18.587141036987305
2022-11-18 14:30:00+00:00,18.642433166503906
2022-11-21 14:30:00+00:00,18.595043182373047
2022-11-22 14:30:00+00:00,18.729326248168945
2022-11-23 14:30:00+00:00,18.887319564819336
2022-11-25 14:30:00+00:00,18.816232681274414
2022-11-28 14:30:00+00:00,18.839916229248047
2022-11-29 14:30:00+00:00,18.950517654418945
2022-11-30 14:30:00+00:00,19.147991180419922
2022-12-01 14:30:00+00:00,19.276552200317383
2022-12-02 14:30:00+00:00,19.347978591918945
2022-12-05 14:30:00+00:00,19.101972579956055
2022-12-06 14:30:00+00:00,19.125778198242188
2022-12-07 14:30:00+00:00,19.30036163330078
2022-12-08 14:30:00+00:00,19.284486770629883
2022-12-09 14:30:00+00:00,19.181324005126953
2022-12-12 14:30:00+00:00,19.101972579956055
2022-12-13 14:30:00+00:00,19.332111358642578
2022-12-14 14:30:00+00:00,19.332111358642578
2022-12-15 14:30:00+00:00,19.22100067138672
2022-12-16 14:30:00+00:00,19.165447235107422
2022-12-19 14:30:00+00:00,19.22100067138672
2022-12-20 14:30:00+00:00,19.268617630004883
2022-12-21 14:30:00+00:00,19.37972640991211
2022-12-22 14:30:00+00:00,19.347978591918945
2022-12-23 14:30:00+00:00,19.37972640991211
2022-12-27 14:30:00+00:00,19.22100067138672
2022-12-28 14:30:00+00:00,19.205854415893555
2022-12-29 14:30:00+00:00,19.325485229492188
2022-12-30 14:30:00+00:00,19.325485229492188
2023-01-03 14:30:00+00:00,19.253705978393555
2023-01-04 14:30:00+00:00,19.38131332397461
2023-01-05 14:30:00+00:00,19.38131332397461
2023-01-06 14:30:00+00:00,19.764156341552734
2023-01-09 14:30:00+00:00,19.796062469482422
2023-01-10 14:30:00+00:00,19.851892471313477
2023-01-11 14:30:00+00:00,19.94760513305664
2023-01-12 14:30:00+00:00,20.178903579711914
2023-01-13 14:30:00+00:00,20.186878204345703
2023-01-17 14:30:00+00:00,20.075220108032227
2023-01-18 14:30:00+00:00,20.06724739074707
2023-01-19 14:30:00+00:00,20.091176986694336
2023-01-20 14:30:00+00:00,20.17093276977539
2023-01-23 14:30:00+00:00,20.139022827148438
2023-01-24 14:30:00+00:00,20.242706298828125
2023-01-25 14:30:00+00:00,20.3304443359375
2023-01-26 14:30:00+00:00,20.290569305419922
2023-01-27 14:30:00+00:00,20.226764678955078
2023-01-30 14:30:00+00:00,20.123069763183594
2023-01-31 14:30:00+00:00,20.15497589111328
2023-02-01 14:30:00+00:00,20.435462951660156
2023-02-02 14:30:00+00:00,20.443479537963867
2023-02-03 14:30:00+00:00,20.082849502563477
2023-02-06 14:30:00+00:00,19.898536682128906
2023-02-07 14:30:00+00:00,19.954631805419922
2023-02-08 14:30:00+00:00,19.9626407623291
2023-02-09 14:30:00+00:00,19.946613311767578
2023-02-10 14:30:00+00:00,19.842437744140625
2023-02-13 14:30:00+00:00,19.89051628112793
2023-02-14 14:30:00+00:00,19.858463287353516
2023-02-15 14:30:00+00:00,19.730243682861328
2023-02-16 14:30:00+00:00,19.682159423828125
2023-02-17 14:30:00+00:00,19.746265411376953
2023-02-21 14:30:00+00:00,19.529890060424805
2023-02-22 14:30:00+00:00,19.642086029052734
2023-02-23 14:30:00+00:00,19.690166473388672
2023-02-24 14:30:00+00:00,19.545921325683594
2023-02-27 14:30:00+00:00,19.642086029052734
2023-02-28 14:30:00+00:00,19.577978134155273
2023-03-01 14:30:00+00:00,19.75507926940918
2023-03-02 14:30:00+00:00,19.642375946044922
2023-03-03 14:30:00+00:00,19.771183013916016
2023-03-06 14:30:00+00:00,19.80337905883789
2023-03-07 14:30:00+00:00,19.602123260498047
2023-03-08 14:30:00+00:00,19.658479690551758
2023-03-09 14:30:00+00:00,19.650428771972656
2023-03-10 14:30:00+00:00,19.787277221679688
2023-03-13 13:30:00+00:00,19.81948471069336
2023-03-14 13:30:00+00:00,19.80337905883789
2023-03-15 13:30:00+00:00,19.594072341918945
2023-03-16 13:30:00+00:00,19.67457389831543
2023-03-17 13:30:00+00:00,19.722877502441406
2023-03-20 13:30:00+00:00,19.779224395751953
2023-03-21 13:30:00+00:00,19.82752799987793
2023-03-22 13:30:00+00:00,20.117334365844727
2023-03-23 13:30:00+00:00,20.109285354614258
2023-03-24 13:30:00+00:00,20.004642486572266
2023-03-27 13:30:00+00:00,20.020740509033203
2023-03-28 13:30:00+00:00,20.109285354614258
2023-03-29 13:30:00+00:00,20.141483306884766
2023-03-30 13:30:00+00:00,20.286396026611328
2023-03-31 13:30:00+00:00,20.326637268066406
2023-04-03 13:30:00+00:00,20.354955673217773
2023-04-04 13:30:00+00:00,20.38732147216797
2023-04-05 13:30:00+00:00,20.338777542114258
2023-04-06 13:30:00+00:00,20.26596450805664
2023-04-10 13:30:00+00:00,20.168888092041016
2023-04-11 13:30:00+00:00,20.233604431152344
2023-04-12 13:30:00+00:00,20.346860885620117
2023-04-13 13:30:00+00:00,20.468215942382812
2023-04-14 13:30:00+00:00,20.338777542114258
2023-04-17 13:30:00+00:00,20.233604431152344
2023-04-18 13:30:00+00:00,20.241695404052734
2023-04-19 13:30:00+00:00,20.120342254638672
2023-04-20 13:30:00+00:00,20.225513458251953
2023-04-21 13:30:00+00:00,20.20932960510254
2023-04-24 13:30:00+00:00,20.301206588745117
2023-04-25 13:30:00+00:00,20.260557174682617
2023-04-26 13:30:00+00:00,20.293073654174805
2023-04-27 13:30:00+00:00,20.34185028076172
2023-04-28 13:30:00+00:00,20.439416885375977
2023-05-01 13:30:00+00:00,20.1873779296875
2023-05-02 13:30:00+00:00,20.366249084472656
2023-05-03 13:30:00+00:00,20.48006820678711
2023-05-04 13:30:00+00:00,20.49632453918457
2023-05-05 13:30:00+00:00,20.610153198242188
2023-05-08 13:30:00+00:00,20.536983489990234
2023-05-09 13:30:00+00:00,20.520721435546875
2023-05-10 13:30:00+00:00,20.658931732177734
2023-05-11 13:30:00+00:00,20.569501876831055
2023-05-12 13:30:00+00:00,20.48006820678711
2023-05-15 13:30:00+00:00,20.707717895507812
2023-05-16 13:30:00+00:00,20.626413345336914
2023-05-17 13:30:00+00:00,20.602020263671875
2023-05-18 13:30:00+00:00,20.463808059692383
2023-05-19 13:30:00+00:00,20.439416885375977
2023-05-22 13:30:00+00:00,20.406892776489258
2023-05-23 13:30:00+00:00,20.431285858154297
2023-05-24 13:30:00+00:00,20.406892776489258
2023-05-25 13:30:00+00:00,20.26868438720703
2023-05-26 13:30:00+00:00,20.390640258789062
2023-05-30 13:30:00+00:00,20.390640258789062
2023-05-31 13:30:00+00:00,20.325593948364258
2023-06-01 13:30:00+00:00,20.496395111083984
2023-06-02 13:30:00+00:00,20.455535888671875
2023-06-05 13:30:00+00:00,20.53725814819336
2023-06-06 13:30:00+00:00,20.602636337280273
2023-06-07 13:30:00+00:00,20.529090881347656
2023-06-08 13:30:00+00:00,20.692535400390625
2023-06-09 13:30:00+00:00,20.725229263305664
2023-06-12 13:30:00+00:00,20.74156379699707
2023-06-13 13:30:00+00:00,20.717056274414062
2023-06-14 13:30:00+00:00,20.855993270874023
2023-06-15 13:30:00+00:00,20.962223052978516
2023-06-16 13:30:00+00:00,20.905019760131836
2023-06-20 13:30:00+00:00,20.864151000976562
2023-06-21 13:30:00+00:00,21.011259078979492
2023-06-22 13:30:00+00:00,20.888675689697266
2023-06-23 13:30:00+00:00,20.815126419067383
2023-06-26 13:30:00+00:00,20.83146095275879
2023-06-27 13:30:00+00:00,20.913192749023438
2023-06-28 13:30:00+00:00,20.847808837890625
2023-06-29 13:30:00+00:00,20.749746322631836
2023-06-30 13:30:00+00:00,20.888675689697266
2023-07-03 13:30:00+00:00,20.951913833618164
2023-07-05 13:30:00+00:00,20.861570358276367
2023-07-06 13:30:00+00:00,20.606964111328125
2023-07-07 13:30:00+00:00,20.754796981811523
2023-07-10 13:30:00+00:00,20.820507049560547
2023-07-11 13:30:00+00:00,20.927284240722656
2023-07-12 13:30:00+00:00,21.206527709960938
2023-07-13 13:30:00+00:00,21.395435333251953
2023-07-14 13:30:00+00:00,21.321510314941406
2023-07-17 13:30:00+00:00,21.362581253051758
2023-07-18 13:30:00+00:00,21.387222290039062
2023-07-19 13:30:00+00:00,21.329727172851562
2023-07-20 13:30:00+00:00,21.206527709960938
2023-07-21 13:30:00+00:00,21.222949981689453
2023-07-24 13:30:00+00:00,21.231170654296875
2023-07-25 13:30:00+00:00,21.214740753173828
2023-07-26 13:30:00+00:00,21.28044319152832
2023-07-27 13:30:00+00:00,21.091535568237305
2023-07-28 13:30:00+00:00,21.272228240966797
2023-07-31 13:30:00+00:00,21.272228240966797
2023-08-01 13:30:00+00:00,21.045181274414062
2023-08-02 13:30:00+00:00,20.946109771728516
2023-08-03 13:30:00+00:00,20.756214141845703
2023-08-04 13:30:00+00:00,20.913082122802734
2023-08-07 13:30:00+00:00,20.830520629882812
2023-08-08 13:30:00+00:00,20.772729873657227
2023-08-09 13:30:00+00:00,20.805757522583008
2023-08-10 13:30:00+00:00,20.822267532348633
2023-08-11 13:30:00+00:00,20.79749870300293
2023-08-14 13:30:00+00:00,20.665395736694336
2023-08-15 13:30:00+00:00,20.599348068237305
2023-08-16 13:30:00+00:00,20.53329849243164
2023-08-17 13:30:00+00:00,20.500268936157227
2023-08-18 13:30:00+00:00,20.549802780151367
2023-08-21 13:30:00+00:00,20.508527755737305
2023-08-22 13:30:00+00:00,20.525041580200195
2023-08-23 13:30:00+00:00,20.756214141845703
2023-08-24 13:30:00+00:00,20.68190574645996
2023-08-25 13:30:00+00:00,20.70667839050293
2023-08-28 13:30:00+00:00,20.731454849243164
2023-08-29 13:30:00+00:00,20.85529327392578
2023-08-30 13:30:00+00:00,20.830520629882812
2023-08-31 13:30:00+00:00,20.74795913696289
2023-09-01 13:30:00+00:00,20.69732093811035
2023-09-05 13:30:00+00:00,20.423343658447266
2023-09-06 13:30:00+00:00,20.282209396362305
2023-09-07 13:30:00+00:00,20.24069595336914
2023-09-08 13:30:00+00:00,20.232391357421875
2023-09-11 13:30:00+00:00,20.356931686401367
2023-09-12 13:30:00+00:00,20.307109832763672
2023-09-13 13:30:00+00:00,20.381832122802734
2023-09-14 13:30:00+00:00,20.340320587158203
2023-09-15 13:30:00+00:00,20.3486270904541
2023-09-18 13:30:00+00:00,20.365232467651367
2023-09-19 13:30:00+00:00,20.307109832763672
2023-09-20 13:30:00+00:00,20.298809051513672
2023-09-21 13:30:00+00:00,20.132762908935547
2023-09-22 13:30:00+00:00,20.132762908935547
2023-09-25 13:30:00+00:00,19.991628646850586
2023-09-26 13:30:00+00:00,19.817283630371094
2023-09-27 13:30:00+00:00,19.67615509033203
2023-09-28 13:30:00+00:00,19.742570877075195
2023-09-29 13:30:00+00:00,19.817283630371094
2023-10-02 13:30:00+00:00,19.65536880493164
2023-10-03 13:30:00+00:00,19.43836784362793
2023-10-04 13:30:00+00:00,19.46339988708496
2023-10-05 13:30:00+00:00,19.44671058654785
2023-10-06 13:30:00+00:00,19.45506477355957
2023-10-09 13:30:00+00:00,19.513477325439453
2023-10-10 13:30:00+00:00,19.65536880493164
2023-10-11 13:30:00+00:00,19.82229232788086
2023-10-12 13:30:00+00:00,19.697097778320312
2023-10-13 13:30:00+00:00,19.713788986206055
2023-10-16 13:30:00+00:00,19.797252655029297
2023-10-17 13:30:00+00:00,19.722131729125977
2023-10-18 13:30:00+00:00,19.588598251342773
2023-10-19 13:30:00+00:00,19.588598251342773
2023-10-20 13:30:00+00:00,19.571908950805664
2023-10-23 13:30:00+00:00,19.64702796936035
2023-10-24 13:30:00+00:00,19.68875503540039
2023-10-25 13:30:00+00:00,19.571908950805664
2023-10-26 13:30:00+00:00,19.680408477783203
2023-10-27 13:30:00+00:00,19.755525588989258
2023-10-30 13:30:00+00:00,19.788911819458008
2023-10-31 13:30:00+00:00,19.780567169189453
2023-11-01 13:30:00+00:00,19.960956573486328
2023-11-02 13:30:00+00:00,20.179109573364258
2023-11-03 13:30:00+00:00,20.44761085510254
2023-11-06 14:30:00+00:00,20.464385986328125
2023-11-07 14:30:00+00:00,20.481164932250977
2023-11-08 14:30:00+00:00,20.44761085510254
2023-11-09 14:30:00+00:00,20.28818702697754
2023-11-10 14:30:00+00:00,20.34691619873047
2023-11-13 14:30:00+00:00,20.355308532714844
2023-11-14 14:30:00+00:00,20.77483367919922
2023-11-15 14:30:00+00:00,20.758056640625
2023-11-16 14:30:00+00:00,20.825176239013672
2023-11-17 14:30:00+00:00,20.867130279541016
2023-11-20 14:30:00+00:00,21.051725387573242
2023-11-21 14:30:00+00:00,20.9174747467041
2023-11-22 14:30:00+00:00,20.85873794555664
2023-11-24 14:30:00+00:00,20.9174747467041
2023-11-27 14:30:00+00:00,20.934253692626953
2023-11-28 14:30:00+00:00,21.02654457092285
2023-11-29 14:30:00+00:00,20.992984771728516
2023-11-30 14:30:00+00:00,20.8839111328125
2023-12-01 14:30:00+00:00,21.06266212463379
2023-12-04 14:30:00+00:00,20.894025802612305
2023-12-05 14:30:00+00:00,20.88559913635254
2023-12-06 14:30:00+00:00,20.919326782226562
2023-12-07 14:30:00+00:00,20.944618225097656
2023-12-08 14:30:00+00:00,20.818143844604492
2023-12-11 14:30:00+00:00,20.83500099182129
2023-12-12 14:30:00+00:00,20.877166748046875
2023-12-13 14:30:00+00:00,21.16384506225586
2023-12-14 14:30:00+00:00,21.40836524963379
2023-12-15 14:30:00+00:00,21.30718994140625
2023-12-18 14:30:00+00:00,21.357776641845703
2023-12-19 14:30:00+00:00,21.50111961364746
2023-12-20 14:30:00+00:00,21.42523193359375
2023-12-21 14:30:00+00:00,21.517982482910156
2023-12-22 14:30:00+00:00,21.509546279907227
2023-12-26 14:30:00+00:00,21.46739387512207
2023-12-27 14:30:00+00:00,21.536039352416992
2023-12-28 14:30:00+00:00,21.47671127319336
2023-12-29 14:30:00+00:00,21.485191345214844
2024-01-02 14:30:00+00:00,21.315685272216797
2024-01-03 14:30:00+00:00,21.247875213623047
2024-01-04 14:30:00+00:00,21.222454071044922
2024-01-05 14:30:00+00:00,21.264833450317383
2024-01-08 14:30:00+00:00,21.32415771484375
2024-01-09 14:30:00+00:00,21.25634765625
2024-01-10 14:30:00+00:00,21.290260314941406
2024-01-11 14:30:00+00:00,21.400434494018555
2024-01-12 14:30:00+00:00,21.442811965942383
2024-01-16 14:30:00+00:00,21.103792190551758
2024-01-17 14:30:00+00:00,21.103792190551758
2024-01-18 14:30:00+00:00,21.137697219848633
2024-01-19 14:30:00+00:00,21.21397590637207
2024-01-22 14:30:00+00:00,21.163122177124023
2024-01-23 14:30:00+00:00,21.103792190551758
2024-01-24 14:30:00+00:00,21.19702911376953
2024-01-25 14:30:00+00:00,21.19702911376953
2024-01-26 14:30:00+00:00,21.18855094909668
2024-01-29 14:30:00+00:00,21.18855094909668
2024-01-30 14:30:00+00:00,21.25634765625
2024-01-31 14:30:00+00:00,21.163122177124023
2024-02-01 14:30:00+00:00,21.347118377685547
2024-02-02 14:30:00+00:00,21.202306747436523
2024-02-05 14:30:00+00:00,21.023422241210938
2024-02-06 14:30:00+00:00,21.108606338500977
2024-02-07 14:30:00+00:00,21.10009002685547
2024-02-08 14:30:00+00:00,21.074539184570312
2024-02-09 14:30:00+00:00,21.10009002685547
2024-02-12 14:30:00+00:00,21.108606338500977
2024-02-13 14:30:00+00:00,20.90416717529297
2024-02-14 14:30:00+00:00,20.997867584228516
2024-02-15 14:30:00+00:00,21.134166717529297
2024-02-16 14:30:00+00:00,21.074539184570312
2024-02-20 14:30:00+00:00,21.091569900512695
2024-02-21 14:30:00+00:00,21.125640869140625
2024-02-22 14:30:00+00:00,21.108606338500977
2024-02-23 14:30:00+00:00,21.08305549621582
2024-02-26 14:30:00+00:00,21.125640869140625
2024-02-27 14:30:00+00:00,21.168235778808594
2024-02-28 14:30:00+00:00,21.108606338500977
2024-02-29 14:30:00+00:00,21.117122650146484
2024-03-01 14:30:00+00:00,21.156494140625
2024-03-04 14:30:00+00:00,21.173616409301758
2024-03-05 14:30:00+00:00,21.165058135986328
2024-03-06 14:30:00+00:00,21.12225914001465
2024-03-07 14:30:00+00:00,21.19928741455078
2024-03-08 14:30:00+00:00,21.327661514282227
2024-03-11 13:30:00+00:00,21.310543060302734
2024-03-12 13:30:00+00:00,21.267751693725586
2024-03-13 13:30:00+00:00,21.336223602294922
2024-03-14 13:30:00+00:00,21.216402053833008
2024-03-15 13:30:00+00:00,21.233524322509766
2024-03-18 13:30:00+00:00,21.01955795288086
2024-03-19 13:30:00+00:00,20.993885040283203
2024-03-20 13:30:00+00:00,21.113698959350586
2024-03-21 13:30:00+00:00,21.079465866088867
2024-03-22 13:30:00+00:00,20.96820640563965
2024-03-25 13:30:00+00:00,21.053789138793945
2024-03-26 13:30:00+00:00,21.00244903564453
2024-03-27 13:30:00+00:00,21.01955795288086
2024-03-28 13:30:00+00:00,20.97676658630371
2024-04-01 13:30:00+00:00,20.86923599243164
2024-04-02 13:30:00+00:00,20.95526123046875
2024-04-03 13:30:00+00:00,21.03268051147461
2024-04-04 13:30:00+00:00,21.075695037841797
2024-04-05 13:30:00+00:00,21.110103607177734
2024-04-08 13:30:00+00:00,21.08429527282715
2024-04-09 13:30:00+00:00,21.127307891845703
2024-04-10 13:30:00+00:00,20.852031707763672
2024-04-11 13:30:00+00:00,20.87784194946289
2024-04-12 13:30:00+00:00,20.69719123840332
2024-04-15 13:30:00+00:00,20.56815528869629
2024-04-16 13:30:00+00:00,20.35310173034668
2024-04-17 13:30:00+00:00,20.482128143310547
2024-04-18 13:30:00+00:00,20.464929580688477
2024-04-19 13:30:00+00:00,20.499338150024414
2024-04-22 13:30:00+00:00,20.55095100402832
2024-04-23 13:30:00+00:00,20.660783767700195
2024-04-24 13:30:00+00:00,20.557008743286133
2024-04-25 13:30:00+00:00,20.565654754638672
2024-04-26 13:30:00+00:00,20.608898162841797
2024-04-29 13:30:00+00:00,20.712671279907227
2024-04-30 13:30:00+00:00,20.505115509033203
2024-05-01 13:30:00+00:00,20.626192092895508
2024-05-02 13:30:00+00:00,20.833755493164062
2024-05-03 13:30:00+00:00,20.97212028503418
2024-05-06 13:30:00+00:00,20.980770111083984
2024-05-07 13:30:00+00:00,20.998064041137695
2024-05-08 13:30:00+00:00,20.954824447631836
2024-05-09 13:30:00+00:00,21.015363693237305
2024-05-10 13:30:00+00:00,20.963476181030273
2024-05-13 13:30:00+00:00,20.998064041137695
2024-05-14 13:30:00+00:00,21.084550857543945
2024-05-15 13:30:00+00:00,21.240219116210938
2024-05-16 13:30:00+00:00,21.257518768310547
2024-05-17 13:30:00+00:00,21.29210662841797
2024-05-20 13:30:00+00:00,21.29210662841797
2024-05-21 13:30:00+00:00,21.26616668701172
2024-05-22 13:30:00+00:00,21.171037673950195
2024-05-23 13:30:00+00:00,21.093198776245117
2024-05-24 13:30:00+00:00,21.119144439697266
2024-05-28 13:30:00+00:00,21.162385940551758
2024-05-29 13:30:00+00:00,20.93752670288086
2024-05-30 13:30:00+00:00,20.954824447631836
2024-05-31 13:30:00+00:00,20.97212028503418
2024-06-03 13:30:00+00:00,20.986034393310547
2024-06-04 13:30:00+00:00,20.933870315551758
2024-06-05 13:30:00+00:00,20.90778923034668
2024-06-06 13:30:00+00:00,20.951261520385742
2024-06-07 13:30:00+00:00,20.725231170654297
2024-06-10 13:30:00+00:00,20.716535568237305
2024-06-11 13:30:00+00:00,20.699146270751953
2024-06-12 13:30:00+00:00,20.716535568237305
2024-06-13 13:30:00+00:00,20.699146270751953
2024-06-14 13:30:00+00:00,20.568750381469727
2024-06-17 13:30:00+00:00,20.594829559326172
2024-06-18 13:30:00+00:00,20.716535568237305
2024-06-20 13:30:00+00:00,20.673072814941406
2024-06-21 13:30:00+00:00,20.725231170654297
2024-06-24 13:30:00+00:00,20.829547882080078
2024-06-25 13:30:00+00:00,20.777387619018555
2024-06-26 13:30:00+00:00,20.664379119873047
2024-06-27 13:30:00+00:00,20.620906829833984
2024-06-28 13:30:00+00:00,20.673072814941406
2024-07-01 13:30:00+00:00,20.601425170898438
2024-07-02 13:30:00+00:00,20.65384292602539
2024-07-03 13:30:00+00:00,20.84606170654297
2024-07-05 13:30:00+00:00,20.97711181640625
2024-07-08 13:30:00+00:00,21.00331687927246
2024-07-09 13:30:00+00:00,21.0470027923584
2024-07-10 13:30:00+00:00,21.099424362182617
2024-07-11 13:30:00+00:00,21.23921012878418
2024-07-12 13:30:00+00:00,21.361526489257812
2024-07-15 13:30:00+00:00,21.291635513305664
2024-07-16 13:30:00+00:00,21.344053268432617
2024-07-17 13:30:00+00:00,21.317846298217773
2024-07-18 13:30:00+00:00,21.143108367919922
2024-07-19 13:30:00+00:00,21.099424362182617
2024-07-22 13:30:00+00:00,21.15184211730957
2024-07-23 13:30:00+00:00,21.108165740966797
2024-07-24 13:30:00+00:00,20.994585037231445
2024-07-25 13:30:00+00:00,21.020793914794922
2024-07-26 13:30:00+00:00,21.09069061279297
2024-07-29 13:30:00+00:00,21.02953338623047
2024-07-30 13:30:00+00:00,21.0470027923584
2024-07-31 13:30:00+00:00,21.15184211730957
2024-08-01 13:30:00+00:00,21.116710662841797
2024-08-02 13:30:00+00:00,21.345096588134766
2024-08-05 13:30:00+00:00,21.26603889465332
2024-08-06 13:30:00+00:00,21.239683151245117
2024-08-07 13:30:00+00:00,21.24846839904785
2024-08-08 13:30:00+00:00,21.380224227905273
2024-08-09 13:30:00+00:00,21.503202438354492
2024-08-12 13:30:00+00:00,21.485633850097656
2024-08-13 13:30:00+00:00,21.67009735107422
2024-08-14 13:30:00+00:00,21.740373611450195
2024-08-15 13:30:00+00:00,21.678882598876953
2024-08-16 13:30:00+00:00,21.757936477661133
2024-08-19 13:30:00+00:00,21.89848518371582
2024-08-20 13:30:00+00:00,21.933618545532227
2024-08-21 13:30:00+00:00,21.889698028564453
2024-08-22 13:30:00+00:00,21.69645118713379
2024-08-23 13:30:00+00:00,22.03023910522461
2024-08-26 13:30:00+00:00,21.9863224029541
2024-08-27 13:30:00+00:00,21.959978103637695
2024-08-28 13:30:00+00:00,21.854557037353516
2024-08-29 13:30:00+00:00,21.810646057128906
2024-08-30 13:30:00+00:00,21.757936477661133
2024-09-03 13:30:00+00:00,21.680227279663086
2024-09-04 13:30:00+00:00,21.786195755004883
2024-09-05 13:30:00+00:00,21.9010066986084
2024-09-06 13:30:00+00:00,21.87450408935547
2024-09-09 13:30:00+00:00,21.848018646240234
2024-09-10 13:30:00+00:00,21.79503059387207
2024-09-11 13:30:00+00:00,21.87450408935547
2024-09-12 13:30:00+00:00,21.98048210144043
2024-09-13 13:30:00+00:00,22.095285415649414
2024-09-16 13:30:00+00:00,22.1571044921875
2024-09-17 13:30:00+00:00,22.192426681518555
2024-09-18 13:30:00+00:00,22.201257705688477
2024-09-19 13:30:00+00:00,22.33371925354004
2024-09-20 13:30:00+00:00,22.33371925354004
2024-09-23 13:30:00+00:00,22.289567947387695
2024-09-24 13:30:00+00:00,22.46619415283203
2024-09-25 13:30:00+00:00,22.35138702392578
2024-09-26 13:30:00+00:00,22.519174575805664
2024-09-27 13:30:00+00:00,22.519174575805664
2024-09-30 13:30:00+00:00,22.430862426757812
2024-10-01 13:30:00+00:00,22.33591651916504
2024-10-02 13:30:00+00:00,22.309295654296875
2024-10-03 13:30:00+00:00,22.13181495666504
2024-10-04 13:30:00+00:00,21.972078323364258
2024-10-07 13:30:00+00:00,21.936580657958984
2024-10-08 13:30:00+00:00,21.918834686279297
2024-10-09 13:30:00+00:00,21.856714248657227
2024-10-10 13:30:00+00:00,21.892213821411133
2024-10-11 13:30:00+00:00,21.954330444335938
2024-10-14 13:30:00+00:00,21.874460220336914
2024-10-15 13:30:00+00:00,21.794593811035156
2024-10-16 13:30:00+00:00,21.75910186767578
2024-10-17 13:30:00+00:00,21.72360610961914
2024-10-18 13:30:00+00:00,21.705856323242188
2024-10-21 13:30:00+00:00,21.617122650146484
2024-10-22 13:30:00+00:00,21.581623077392578
2024-10-23 13:30:00+00:00,21.46626091003418
2024-10-24 13:30:00+00:00,21.537256240844727
2024-10-25 13:30:00+00:00,21.501750946044922
2024-10-28 13:30:00+00:00,21.46626091003418
2024-10-29 13:30:00+00:00,21.430763244628906
2024-10-30 13:30:00+00:00,21.41301727294922
2024-10-31 13:30:00+00:00,21.430763244628906
2024-11-01 13:30:00+00:00,21.27281951904297
2024-11-04 14:30:00+00:00,21.451290130615234
2024-11-05 14:30:00+00:00,21.558364868164062
2024-11-06 14:30:00+00:00,21.308513641357422
2024-11-07 14:30:00+00:00,21.665441513061523
2024-11-08 14:30:00+00:00,21.451290130615234
2024-11-11 14:30:00+00:00,21.299591064453125
2024-11-12 14:30:00+00:00,21.130054473876953
2024-11-13 14:30:00+00:00,21.10328483581543
2024-11-14 14:30:00+00:00,21.067590713500977
2024-11-15 14:30:00+00:00,21.121129989624023
2024-11-18 14:30:00+00:00,21.263898849487305
2024-11-19 14:30:00+00:00,21.263898849487305
2024-11-20 14:30:00+00:00,21.201438903808594
2024-11-21 14:30:00+00:00,21.165742874145508
2024-11-22 14:30:00+00:00,21.130054473876953
2024-11-25 14:30:00+00:00,21.281749725341797
2024-11-26 14:30:00+00:00,21.192514419555664
2024-11-27 14:30:00+00:00,21.27281951904297
2024-11-29 14:30:00+00:00,21.32636070251465
2024-12-02 14:30:00+00:00,21.24382972717285
2024-12-03 14:30:00+00:00,21.23485565185547
2024-12-04 14:30:00+00:00,21.252796173095703
2024-12-05 14:30:00+00:00,21.36045265197754
2024-12-06 14:30:00+00:00,21.333538055419922
2024-12-09 14:30:00+00:00,21.378395080566406
2024-12-10 14:30:00+00:00,21.378395080566406
2024-12-11 14:30:00+00:00,21.378395080566406
2024-12-12 14:30:00+00:00,21.297657012939453
2024-12-13 14:30:00+00:00,21.27073860168457
2024-12-16 14:30:00+00:00,21.2169132232666
2024-12-17 14:30:00+00:00,21.17205810546875
2024-12-18 14:30:00+00:00,20.867036819458008
2024-12-19 14:30:00+00:00,20.893951416015625
2024-12-20 14:30:00+00:00,21.055429458618164
2024-12-23 14:30:00+00:00,20.938804626464844
2024-12-24 14:30:00+00:00,20.974693298339844
2024-12-26 14:30:00+00:00,20.947778701782227
2024-12-27 14:30:00+00:00,20.975744247436523
2024-12-30 14:30:00+00:00,20.9125919342041
2024-12-31 14:30:00+00:00,20.84943962097168
2025-01-02 14:30:00+00:00,20.885528564453125
2025-01-03 14:30:00+00:00,20.885528564453125
2025-01-06 14:30:00+00:00,20.984769821166992
2025-01-07 14:30:00+00:00,20.975744247436523
2025-01-08 14:30:00+00:00,20.93965721130371
2025-01-10 14:30:00+00:00,20.777263641357422
2025-01-13 14:30:00+00:00,20.732154846191406
2025-01-14 14:30:00+00:00,20.84943962097168
2025-01-15 14:30:00+00:00,20.9125919342041
2025-01-16 14:30:00+00:00,20.84041976928711
2025-01-17 14:30:00+00:00,20.867481231689453
2025-01-21 14:30:00+00:00,21.147159576416016
2025-01-22 14:30:00+00:00,21.282489776611328
2025-01-23 14:30:00+00:00,21.318571090698242
2025-01-24 14:30:00+00:00,21.480966567993164
2025-01-27 14:30:00+00:00,21.390745162963867
2025-01-28 14:30:00+00:00,21.345638275146484
2025-01-29 14:30:00+00:00,21.35466194152832
2025-01-30 14:30:00+00:00,21.426834106445312
2025-01-31 14:30:00+00:00,21.25541877746582
2025-02-03 14:30:00+00:00,21.274463653564453
2025-02-04 14:30:00+00:00,21.419559478759766
2025-02-05 14:30:00+00:00,21.44676399230957
2025-02-06 14:30:00+00:00,21.48303985595703
2025-02-07 14:30:00+00:00,21.39235496520996
2025-02-10 14:30:00+00:00,21.39235496520996
2025-02-11 14:30:00+00:00,21.401418685913086
2025-02-12 14:30:00+00:00,21.337940216064453
2025-02-13 14:30:00+00:00,21.537446975708008
2025-02-14 14:30:00+00:00,21.637203216552734
2025-02-18 14:30:00+00:00,21.600929260253906
2025-02-19 14:30:00+00:00,21.537446975708008
2025-02-20 14:30:00+00:00,21.664403915405273
2025-02-21 14:30:00+00:00,21.628137588500977
2025-02-24 14:30:00+00:00,21.637203216552734
2025-02-25 14:30:00+00:00,21.682540893554688
2025-02-26 14:30:00+00:00,21.673471450805664
2025-02-27 14:30:00+00:00,21.52838134765625
2025-02-28 14:30:00+00:00,21.455833435058594
2025-03-03 14:30:00+00:00,21.542404174804688
2025-03-04 14:30:00+00:00,21.669979095458984
2025-03-05 14:30:00+00:00,21.906909942626953
2025-03-06 14:30:00+00:00,21.888689041137695
2025-03-07 14:30:00+00:00,21.89780044555664
2025-03-10 13:30:00+00:00,21.742883682250977
2025-03-11 13:30:00+00:00,21.870464324951172
2025-03-12 13:30:00+00:00,21.852231979370117
2025-03-13 13:30:00+00:00,21.87957191467285
2025-03-14 13:30:00+00:00,21.925138473510742
2025-03-17 13:30:00+00:00,21.988924026489258
2025-03-18 13:30:00+00:00,21.979816436767578
2025-03-19 13:30:00+00:00,21.906909942626953
2025-03-20 13:30:00+00:00,21.852231979370117
2025-03-21 13:30:00+00:00,21.79755973815918
2025-03-24 13:30:00+00:00,21.742883682250977
2025-03-25 13:30:00+00:00,21.824899673461914
2025-03-26 13:30:00+00:00,21.73377227783203
2025-03-27 13:30:00+00:00,21.724655151367188
2025-03-28 13:30:00+00:00,21.697317123413086
2025-03-31 13:30:00+00:00,21.742883682250977
2025-04-01 13:30:00+00:00,21.749296188354492
2025-04-02 13:30:00+00:00,21.76761817932129
2025-04-03 13:30:00+00:00,21.960006713867188
2025-04-04 13:30:00+00:00,21.54774284362793
2025-04-07 13:30:00+00:00,21.24541664123535
2025-04-08 13:30:00+00:00,21.30954933166504
2025-04-09 13:30:00+00:00,21.666841506958008
2025-04-10 13:30:00+00:00,21.694326400756836
2025-04-11 13:30:00+00:00,21.914199829101562
2025-04-14 13:30:00+00:00,21.932525634765625
2025-04-15 13:30:00+00:00,21.87755584716797
2025-04-16 13:30:00+00:00,22.005817413330078
2025-04-17 13:30:00+00:00,22.115753173828125
2025-04-21 13:30:00+00:00,22.207366943359375
2025-04-22 13:30:00+00:00,22.198204040527344
2025-04-23 13:30:00+00:00,22.15239906311035
2025-04-24 13:30:00+00:00,22.308147430419922
2025-04-25 13:30:00+00:00,22.344789505004883
2025-04-28 13:30:00+00:00,22.408916473388672
2025-04-29 13:30:00+00:00,22.445566177368164
2025-04-30 13:30:00+00:00,22.41808319091797
2025-05-01 13:30:00+00:00,22.41531753540039
2025-05-02 13:30:00+00:00,22.498199462890625
2025-05-05 13:30:00+00:00,22.544248580932617
2025-05-06 13:30:00+00:00,22.544248580932617
2025-05-07 13:30:00+00:00,22.46136474609375
2025-05-08 13:30:00+00:00,22.378482818603516
2025-05-09 13:30:00+00:00,22.46136474609375
2025-05-12 13:30:00+00:00,22.304807662963867
2025-05-13 13:30:00+00:00,22.452157974243164
2025-05-14 13:30:00+00:00,22.378482818603516
2025-05-15 13:30:00+00:00,22.46136474609375
2025-05-16 13:30:00+00:00,22.452157974243164
2025-05-19 13:30:00+00:00,22.581087112426758
2025-05-20 13:30:00+00:00,22.599502563476562
2025-05-21 13:30:00+00:00,22.62712860107422
2025-05-22 13:30:00+00:00,22.581087112426758
2025-05-23 13:30:00+00:00,22.774478912353516
2025-05-27 13:30:00+00:00,22.765270233154297
2025-05-28 13:30:00+00:00,22.691598892211914
2025-05-29 13:30:00+00:00,22.829734802246094
2025-05-30 13:30:00+00:00,22.72842788696289
2025-06-02 13:30:00+00:00,22.869104385375977
2025-06-03 13:30:00+00:00,22.822834014892578
2025-06-04 13:30:00+00:00,22.91538429260254
2025-06-05 13:30:00+00:00,22.94314956665039
2025-06-06 13:30:00+00:00,22.906129837036133
2025-06-09 13:30:00+00:00,22.924640655517578
2025-06-10 13:30:00+00:00,22.91538429260254
2025-06-11 13:30:00+00:00,22.99867820739746
2025-06-12 13:30:00+00:00,23.091230392456055
2025-06-13 13:30:00+00:00,22.99867820739746
2025-06-16 13:30:00+00:00,23.03569984436035
2025-06-17 13:30:00+00:00,22.952404022216797
2025-06-18 13:30:00+00:00,22.98016929626465
2025-06-20 13:30:00+00:00,22.98016929626465
2025-06-23 13:30:00+00:00,23.01719093322754
2025-06-24 13:30:00+00:00,23.202289581298828
2025-06-25 13:30:00+00:00,23.211538314819336
2025-06-26 13:30:00+00:00,23.313352584838867
2025-06-27 13:30:00+00:00,23.30409812927246
2025-06-30 13:30:00+00:00,23.461429595947266
2025-07-01 13:30:00+00:00,23.46514892578125
2025-07-02 13:30:00+00:00,23.53955078125
2025-07-03 13:30:00+00:00,23.530254364013672
2025-07-07 13:30:00+00:00,23.38144874572754
2025-07-08 13:30:00+00:00,23.42795181274414
2025-07-09 13:30:00+00:00,23.44654655456543
2025-07-10 13:30:00+00:00,23.42795181274414
2025-07-11 13:30:00+00:00,23.38144874572754
2025-07-14 13:30:00+00:00,23.353546142578125
2025-07-15 13:30:00+00:00,23.297739028930664
2025-07-16 13:30:00+00:00,23.38144874572754
2025-07-17 13:30:00+00:00,23.353546142578125
2025-07-18 13:30:00+00:00,23.38144874572754
2025-07-21 13:30:00+00:00,23.474449157714844
2025-07-22 13:30:00+00:00,23.530254364013672
2025-07-23 13:30:00+00:00,23.576753616333008
2025-07-24 13:30:00+00:00,23.55815315246582
2025-07-25 13:30:00+00:00,23.474449157714844
2025-07-28 13:30:00+00:00,23.30704116821289
2025-07-29 13:30:00+00:00,23.334941864013672
2025-07-30 13:30:00+00:00,23.14893341064453
2025-07-31 13:30:00+00:00,23.130334854125977
2025-08-01 13:30:00+00:00,23.34914207458496
2025-08-04 13:30:00+00:00,23.377195358276367
2025-08-05 13:30:00+00:00,23.414596557617188
2025-08-06 13:30:00+00:00,23.50811195373535
2025-08-07 13:30:00+00:00,23.536161422729492
2025-08-08 13:30:00+00:00,23.57356071472168
2025-08-11 13:30:00+00:00,23.52680778503418
2025-08-12 13:30:00+00:00,23.648372650146484
2025-08-13 13:30:00+00:00,23.7044734954834
2025-08-14 13:30:00+00:00,23.6109676361084
2025-08-15 13:30:00+00:00,23.685771942138672
2025-08-18 13:30:00+00:00,23.620317459106445
2025-08-19 13:30:00+00:00,23.58291244506836
2025-08-20 13:30:00+00:00,23.620317459106445
2025-08-21 13:30:00+00:00,23.54551124572754
2025-08-22 13:30:00+00:00,23.7512264251709
2025-08-25 13:30:00+00:00,23.629669189453125
2025-08-26 13:30:00+00:00,23.685771942138672
2025-08-27 13:30:00+00:00,23.639020919799805
2025-08-28 13:30:00+00:00,23.723182678222656
2025-08-29 13:30:00+00:00,23.713825225830078
2025-09-02 13:30:00+00:00,23.623580932617188
2025-09-03 13:30:00+00:00,23.661184310913086
2025-09-04 13:30:00+00:00,23.661184310913086
2025-09-05 13:30:00+00:00,23.81159019470215
2025-09-08 13:30:00+00:00,23.84919548034668
2025-09-09 13:30:00+00:00,23.82099151611328
2025-09-10 13:30:00+00:00,23.85858917236328
2025-09-11 13:30:00+00:00,23.980804443359375
2025-09-12 13:30:00+00:00,23.971403121948242
2025-09-15 13:30:00+00:00,24.065406799316406
2025-09-16 13:30:00+00:00,24.150012969970703
2025-09-17 13:30:00+00:00,24.131210327148438
2025-09-18 13:30:00+00:00,24.065406799316406
2025-09-19 13:30:00+00:00,24.074810028076172
2025-09-22 13:30:00+00:00,24.103010177612305
2025-09-23 13:30:00+00:00,24.103010177612305
2025-09-24 13:30:00+00:00,23.999601364135742
2025-09-25 13:30:00+00:00,23.87739372253418
2025-09-26 13:30:00+00:00,23.952598571777344
2025-09-29 13:30:00+00:00,23.980804443359375
2025-09-30 13:30:00+00:00,23.980804443359375
2025-10-01 13:30:00+00:00,24.024259567260742
2025-10-02 13:30:00+00:00,23.995914459228516
2025-10-03 13:30:00+00:00,24.043153762817383
2025-10-06 13:30:00+00:00,24.043153762817383
2025-10-07 13:30:00+00:00,23.977020263671875
2025-10-08 13:30:00+00:00,24.024259567260742
2025-10-09 13:30:00+00:00,23.977020263671875
2025-10-10 13:30:00+00:00,23.863656997680664
2025-10-13 13:30:00+00:00,23.939233779907227
2025-10-14 13:30:00+00:00,23.948678970336914
2025-10-15 13:30:00+00:00,24.024259567260742
2025-10-16 13:30:00+00:00,24.09984016418457
2025-10-17 13:30:00+00:00,24.109283447265625
2025-10-20 13:30:00+00:00,24.156518936157227
2025-10-21 13:30:00+00:00,24.05259895324707
2025-10-22 13:30:00+00:00,24.062047958374023
2025-10-23 13:30:00+00:00,24.09039306640625
2025-10-24 13:30:00+00:00,24.118730545043945
2025-10-27 13:30:00+00:00,24.165964126586914
2025-10-28 13:30:00+00:00,24.232097625732422
2025-10-29 13:30:00+00:00,24.12818145751953
2025-10-30 13:30:00+00:00,24.071495056152344
2025-10-31 13:30:00+00:00,24.08094024658203
2025-11-03 14:30:00+00:00,24.089488983154297
2025-11-04 14:30:00+00:00,23.975543975830078
2025-11-05 14:30:00+00:00,24.079994201660156
2025-11-06 14:30:00+00:00,24.136966705322266
2025-11-07 14:30:00+00:00,24.184436798095703
2025-11-10 14:30:00+00:00,24.25090789794922
2025-11-11 14:30:00+00:00,24.288888931274414
2025-11-12 14:30:00+00:00,24.307878494262695
2025-11-13 14:30:00+00:00,24.32686996459961
2025-11-14 14:30:00+00:00,24.288888931274414
2025-11-17 14:30:00+00:00,24.2698974609375
2025-11-18 14:30:00+00:00,24.279390335083008
2025-11-19 14:30:00+00:00,24.260404586791992
2025-11-20 14:30:00+00:00,24.222421646118164
2025-11-21 14:30:00+00:00,24.165451049804688
2025-11-24 14:30:00+00:00,24.222421646118164
2025-11-25 14:30:00+00:00,24.33636474609375
2025-11-26 14:30:00+00:00,24.402833938598633
2025-11-28 14:30:00+00:00,24.429553985595703
2025-12-01 14:30:00+00:00,24.37229347229004
2025-12-02 14:30:00+00:00,24.429553985595703
2025-12-03 14:30:00+00:00,24.52497673034668
2025-12-04 14:30:00+00:00,24.515439987182617
2025-12-05 14:30:00+00:00,24.448638916015625
2025-12-08 14:30:00+00:00,24.40091896057129
2025-12-09 14:30:00+00:00,24.3818359375
2025-12-10 14:30:00+00:00,24.448638916015625
2025-12-11 14:30:00+00:00,24.534521102905273
2025-12-12 14:30:00+00:00,24.505895614624023
2025-12-15 14:30:00+00:00,24.515439987182617
2025-12-16 14:30:00+00:00,24.57269287109375
2025-12-17 14:30:00+00:00,24.505895614624023
2025-12-18 14:30:00+00:00,24.57269287109375
2025-12-19 14:30:00+00:00,24.620405197143555
2025-12-22 14:30:00+00:00,24.649036407470703
2025-12-23 14:30:00+00:00,24.725378036499023
2025-12-24 14:30:00+00:00,24.792177200317383
2025-12-26 14:30:00+00:00,24.801721572875977
2025-12-29 14:30:00+00:00,24.69522476196289
2025-12-30 14:30:00+00:00,24.7719783782959
2025-12-31 14:30:00+00:00,24.7719783782959
2026-01-02 14:30:00+00:00,24.82954216003418
2026-01-05 14:30:00+00:00,24.858325958251953
2026-01-06 14:30:00+00:00,24.92548370361328
2026-01-07 14:30:00+00:00,24.87751579284668
2026-01-08 14:30:00+00:00,24.819950103759766
2026-01-09 14:30:00+00:00,24.81035614013672
2026-01-12 14:30:00+00:00,24.906293869018555
2026-01-13 14:30:00+00:00,24.896703720092773
2026-01-14 14:30:00+00:00,24.906293869018555
2026-01-15 14:30:00+00:00,24.93507957458496
2026-01-16 14:30:00+00:00,24.87751579284668
2026-01-20 14:30:00+00:00,24.92548370361328
2026-01-21 14:30:00+00:00,24.992643356323242
2026-01-22 14:30:00+00:00,25.13655662536621
2026-01-23 14:30:00+00:00,25.232494354248047
2026-01-26 14:30:00+00:00,25.280466079711914
2026-01-27 14:30:00+00:00,25.49153709411621
2026-01-28 14:30:00+00:00,25.44356918334961
2026-01-29 14:30:00+00:00,25.44356918334961
2026-01-30 14:30:00+00:00,25.232494354248047
2026-02-02 14:30:00+00:00,25.262372970581055
2026-02-03 14:30:00+00:00,25.339481353759766
2026-02-04 14:30:00+00:00,25.320207595825195
2026-02-05 14:30:00+00:00,25.223819732666016
2026-02-06 14:30:00+00:00,25.37803840637207
2026-02-09 14:30:00+00:00,25.51297378540039
2026-02-10 14:30:00+00:00,25.503337860107422
2026-02-11 14:30:00+00:00,25.532249450683594
2026-02-12 14:30:00+00:00,25.54189109802246
2026-02-13 14:30:00+00:00,25.522611618041992
2026-02-17 14:30:00+00:00,25.561166763305664
2026-02-18 14:30:00+00:00,25.484060287475586
2026-02-19 14:30:00+00:00,25.426227569580078
2026-02-20 14:30:00+00:00,25.51297378540039
2026-02-23 14:30:00+00:00,25.522611618041992
2026-02-24 14:30:00+00:00,25.532249450683594
2026-02-25 14:30:00+00:00,25.628639221191406
2026-02-26 14:30:00+00:00,25.618995666503906
2026-02-27 14:30:00+00:00,25.628639221191406
2026-03-02 14:30:00+00:00,25.33816909790039
2026-03-03 14:30:00+00:00,24.892791748046875
2026-03-04 14:30:00+00:00,25.04770851135254
2026-03-05 14:30:00+00:00,24.85406494140625
2026-03-06 14:30:00+00:00,24.7766056060791
2026-03-09 13:30:00+00:00,24.747562408447266
2026-03-10 13:30:00+00:00,24.941205978393555
2026-03-11 13:30:00+00:00,24.834699630737305
2026-03-12 13:30:00+00:00,24.524869918823242
2026-03-13 13:30:00+00:00,24.321544647216797
2026-03-16 13:30:00+00:00,24.524869918823242
2026-03-17 13:30:00+00:00,24.582962036132812
2026-03-18 13:30:00+00:00,24.340911865234375
2026-03-19 13:30:00+00:00,24.495824813842773
2026-03-20 13:30:00+00:00,24.137588500976562
2026-03-23 13:30:00+00:00,24.45709800720215
2026-03-24 13:30:00+00:00,24.25377082824707
2026-03-25 13:30:00+00:00,24.360273361206055
2026-03-26 13:30:00+00:00,24.166629791259766
2026-03-27 13:30:00+00:00,24.09885597229004
2026-03-30 13:30:00+00:00,24.04076385498047
2026-03-31 13:30:00+00:00,24.311864852905273
2026-04-01 13:30:00+00:00,24.449153900146484
2026-04-02 13:30:00+00:00,24.42967987060547
2026-04-06 13:30:00+00:00,24.449153900146484
2026-04-07 13:30:00+00:00,24.49783706665039
2026-04-08 13:30:00+00:00,25.01388931274414
2026-04-09 13:30:00+00:00,25.072307586669922
2026-04-10 13:30:00+00:00,25.1307315826416
2026-04-13 13:30:00+00:00,25.228097915649414
2026-04-14 13:30:00+00:00,25.305992126464844
2026-04-15 13:30:00+00:00,25.305992126464844
2026-04-16 13:30:00+00:00,25.237834930419922
2026-04-17 13:30:00+00:00,25.403362274169922
2026-04-20 13:30:00+00:00,25.383888244628906
2026-04-21 13:30:00+00:00,25.179414749145508
2026-04-22 13:30:00+00:00,25.169679641723633
2026-04-23 13:30:00+00:00,25.004154205322266
2026-04-24 13:30:00+00:00,25.06257438659668
2026-04-27 13:30:00+00:00,25.004154205322266
2026-04-28 13:30:00+00:00,24.9652042388916
2026-04-29 13:30:00+00:00,24.741256713867188
2026-04-30 13:30:00+00:00,24.887311935424805
2026-05-01 13:30:00+00:00,24.884374618530273
2026-05-04 13:30:00+00:00,24.73753547668457
2026-05-05 13:30:00+00:00,24.825637817382812
2026-05-06 13:30:00+00:00,25.089946746826172
2026-05-07 13:30:00+00:00,25.089946746826172
2026-05-08 13:30:00+00:00,25.168262481689453
2026-05-11 13:30:00+00:00,25.080162048339844
2026-05-12 13:30:00+00:00,24.982267379760742
2026-05-13 13:30:00+00:00,24.97247886657715
2026-05-14 13:30:00+00:00,24.933320999145508
2026-05-15 13:30:00+00:00,24.67879867553711
2026-05-18 13:30:00+00:00,24.727745056152344
2026-05-19 13:30:00+00:00,24.551538467407227
2026-05-20 13:30:00+00:00,24.74732208251953
2026-05-21 13:30:00+00:00,24.7962703704834
2026-05-22 13:30:00+00:00,24.806058883666992
2026-05-26 13:30:00+00:00,24.933320999145508
2026-05-27 13:30:00+00:00,24.933320999145508
2026-05-28 13:30:00+00:00,25.02142333984375
2026-05-29 13:30:00+00:00,25.080162048339844
2026-06-01 13:30:00+00:00,25.10870361328125
2026-06-02 13:30:00+00:00,25.13823127746582
2026-06-03 13:30:00+00:00,25.00043487548828
2026-06-04 13:30:00+00:00,25.02996253967285
2026-06-05 13:30:00+00:00,24.754365921020508
2026-06-08 13:30:00+00:00,24.714996337890625
2026-06-09 13:30:00+00:00,24.823265075683594
2026-06-10 13:30:00+00:00,24.793739318847656
2026-06-11 13:30:00+00:00,25.04964828491211
2026-06-12 13:30:00+00:00,25.118547439575195
2026-06-15 13:30:00+00:00,25.344928741455078
2026-06-16 13:30:00+00:00,25.40398406982422
2026-06-17 13:30:00+00:00,25.18744468688965
2026-06-18 13:30:00+00:00,25.177600860595703
2026-06-22 13:30:00+00:00,25.157917022705078
2026-06-23 13:30:00+00:00,25.01027488708496
2026-06-24 13:30:00+00:00,24.970905303955078
2026-06-25 13:30:00+00:00,25.04964828491211
2026-06-26 13:30:00+00:00,25.128389358520508
2026-06-29 13:30:00+00:00,25.18744468688965
2026-06-30 13:30:00+00:00,25.157917022705078
2026-07-01 13:30:00+00:00,25.092588424682617
2026-07-02 13:30:00+00:00,25.20146942138672
2026-07-06 13:30:00+00:00,25.330150604248047
2026-07-07 13:30:00+00:00,25.221267700195312
2026-07-08 13:30:00+00:00,25.13218116760254
2026-07-09 13:30:00+00:00,25.18167495727539
2026-07-10 13:30:00+00:00,25.290555953979492
2026-07-13 13:30:00+00:00,25.13218116760254
2026-07-14 13:30:00+00:00,25.221267700195312
2026-07-15 13:30:00+00:00,25.280658721923828
2026-07-16 13:30:00+00:00,25.191574096679688
2026-07-17 13:30:00+00:00,25.102487564086914
2026-07-20 13:30:00+00:00,25.112384796142578
2026-07-21 13:30:00+00:00,25.112384796142578
2026-07-22 13:30:00+00:00,25.092588424682617
2026-07-23 13:30:00+00:00,24.894617080688477
2026-07-24 13:30:00+00:00,24.954008102416992
2026-07-27 13:30:00+00:00,25.0331974029541
2026-07-28 13:30:00+00:00,25.102487564086914
2026-07-29 13:30:00+00:00,25.052993774414062
2026-07-30 13:30:00+00:00,25.25096321105957
2026-07-31 13:30:00+00:00,25.211368560791016
2026-08-03 13:30:00+00:00,25.25116539001465
2026-08-04 13:30:00+00:00,25.390457153320312
2026-08-05 13:30:00+00:00,25.460100173950195
2026-08-06 13:30:00+00:00,25.420303344726562
2026-08-07 13:30:00+00:00,25.589439392089844
2026-08-10 13:30:00+00:00,25.48995018005371
2026-08-11 13:30:00+00:00,25.460100173950195
2026-08-12 13:30:00+00:00,25.460100173950195
2026-08-13 13:30:00+00:00,25.51979637145996
2026-08-14 13:30:00+00:00,25.509845733642578
2026-08-17 13:30:00+00:00,25.499897003173828
2026-08-18 13:30:00+00:00,25.460100173950195
2026-08-19 13:30:00+00:00,25.678983688354492
2026-08-20 13:30:00+00:00,25.589439392089844
2026-08-21 13:30:00+00:00,25.718780517578125
2026-08-24 13:30:00+00:00,25.688932418823242
2026-08-25 13:30:00+00:00,25.77847671508789
2026-08-26 13:30:00+00:00,25.698883056640625
2026-08-27 13:30:00+00:00,25.63918685913086
2026-08-28 13:30:00+00:00,25.440202713012695
2026-08-31 13:30:00+00:00,25.479999542236328
2026-09-01 13:30:00+00:00,25.43000030517578
2026-09-02 13:30:00+00:00,25.510000228881836
2026-09-03 13:30:00+00:00,25.6299991607666
2026-09-04 13:30:00+00:00,25.6299991607666
2026-09-08 13:30:00+00:00,25.610000610351562
2026-09-09 13:30:00+00:00,25.59000015258789
2026-09-10 13:30:00+00:00,25.459999084472656
2026-09-11 13:30:00+00:00,25.440000534057617
