open_time,adjusted_close
2007-01-03 14:30:00+00:00,115.62105560302734
2007-01-04 14:30:00+00:00,115.75469207763672
2007-01-05 14:30:00+00:00,114.44988250732422
2007-01-08 14:30:00+00:00,114.4655990600586
2007-01-09 14:30:00+00:00,115.11799621582031
2007-01-10 14:30:00+00:00,115.91191864013672
2007-01-11 14:30:00+00:00,116.55644226074219
2007-01-12 14:30:00+00:00,117.7984390258789
2007-01-16 14:30:00+00:00,116.9337387084961
2007-01-17 14:30:00+00:00,117.22462463378906
2007-01-18 14:30:00+00:00,116.1556167602539
2007-01-19 14:30:00+00:00,116.72943878173828
2007-01-22 14:30:00+00:00,116.3991928100586
2007-01-23 14:30:00+00:00,117.02812194824219
2007-01-24 14:30:00+00:00,118.26220703125
2007-01-25 14:30:00+00:00,117.19318389892578
2007-01-26 14:30:00+00:00,117.31898498535156
2007-01-29 14:30:00+00:00,118.01851654052734
2007-01-30 14:30:00+00:00,118.4823226928711
2007-01-31 14:30:00+00:00,119.10325622558594
2007-02-01 14:30:00+00:00,120.3924331665039
2007-02-02 14:30:00+00:00,120.50244903564453
2007-02-05 14:30:00+00:00,120.91910552978516
2007-02-06 14:30:00+00:00,121.33570098876953
2007-02-07 14:30:00+00:00,121.99600219726562
2007-02-08 14:30:00+00:00,121.90167236328125
2007-02-09 14:30:00+00:00,121.3749771118164
2007-02-12 14:30:00+00:00,120.73040771484375
2007-02-13 14:30:00+00:00,121.82306671142578
2007-02-14 14:30:00+00:00,122.68769836425781
2007-02-15 14:30:00+00:00,122.71126556396484
2007-02-16 14:30:00+00:00,122.94711303710938
2007-02-20 14:30:00+00:00,123.76460266113281
2007-02-21 14:30:00+00:00,124.10260772705078
2007-02-22 14:30:00+00:00,124.68428802490234
2007-02-23 14:30:00+00:00,124.21263885498047
2007-02-26 14:30:00+00:00,124.11834716796875
2007-02-27 14:30:00+00:00,119.59068298339844
2007-02-28 14:30:00+00:00,120.41600799560547
2007-03-01 14:30:00+00:00,119.92078399658203
2007-03-02 14:30:00+00:00,117.7984390258789
2007-03-05 14:30:00+00:00,115.40095520019531
2007-03-06 14:30:00+00:00,117.47615051269531
2007-03-07 14:30:00+00:00,118.13642120361328
2007-03-08 14:30:00+00:00,119.29977416992188
2007-03-09 14:30:00+00:00,119.5198974609375
2007-03-12 13:30:00+00:00,119.88147735595703
2007-03-13 13:30:00+00:00,117.7433853149414
2007-03-14 13:30:00+00:00,118.2464370727539
2007-03-15 13:30:00+00:00,118.76532745361328
2007-03-16 13:30:00+00:00,118.17571258544922
2007-03-19 13:30:00+00:00,119.49378967285156
2007-03-20 13:30:00+00:00,120.35409545898438
2007-03-21 13:30:00+00:00,122.07466125488281
2007-03-22 13:30:00+00:00,122.47712707519531
2007-03-23 13:30:00+00:00,122.80868530273438
2007-03-26 13:30:00+00:00,122.39824676513672
2007-03-27 13:30:00+00:00,122.32718658447266
2007-03-28 13:30:00+00:00,121.7825927734375
2007-03-29 13:30:00+00:00,121.40376281738281
2007-03-30 13:30:00+00:00,121.9957275390625
2007-04-02 13:30:00+00:00,122.21670532226562
2007-04-03 13:30:00+00:00,123.21905517578125
2007-04-04 13:30:00+00:00,123.36113739013672
2007-04-05 13:30:00+00:00,123.32166290283203
2007-04-09 13:30:00+00:00,123.87413787841797
2007-04-10 13:30:00+00:00,124.18986511230469
2007-04-11 13:30:00+00:00,123.44795989990234
2007-04-12 13:30:00+00:00,124.3082046508789
2007-04-13 13:30:00+00:00,124.66339874267578
2007-04-16 13:30:00+00:00,125.8473129272461
2007-04-17 13:30:00+00:00,125.83940124511719
2007-04-18 13:30:00+00:00,125.49214935302734
2007-04-19 13:30:00+00:00,125.22384643554688
2007-04-20 13:30:00+00:00,126.51026153564453
2007-04-23 13:30:00+00:00,126.53401184082031
2007-04-24 13:30:00+00:00,126.60498809814453
2007-04-25 13:30:00+00:00,127.22062683105469
2007-04-26 13:30:00+00:00,127.93879699707031
2007-04-27 13:30:00+00:00,127.20487213134766
2007-04-30 13:30:00+00:00,125.37374877929688
2007-05-01 13:30:00+00:00,125.70521545410156
2007-05-02 13:30:00+00:00,127.1574478149414
2007-05-03 13:30:00+00:00,127.3705825805664
2007-05-04 13:30:00+00:00,128.23873901367188
2007-05-07 13:30:00+00:00,127.99407958984375
2007-05-08 13:30:00+00:00,127.88365173339844
2007-05-09 13:30:00+00:00,128.8622589111328
2007-05-10 13:30:00+00:00,127.57583618164062
2007-05-11 13:30:00+00:00,128.27027893066406
2007-05-14 13:30:00+00:00,127.99407958984375
2007-05-15 13:30:00+00:00,127.52052307128906
2007-05-16 13:30:00+00:00,127.97827911376953
2007-05-17 13:30:00+00:00,128.03353881835938
2007-05-18 13:30:00+00:00,129.05165100097656
2007-05-21 13:30:00+00:00,130.0067138671875
2007-05-22 13:30:00+00:00,130.15667724609375
2007-05-23 13:30:00+00:00,130.14874267578125
2007-05-24 13:30:00+00:00,127.95467376708984
2007-05-25 13:30:00+00:00,128.88595581054688
2007-05-29 13:30:00+00:00,129.6357421875
2007-05-30 13:30:00+00:00,130.95379638671875
2007-05-31 13:30:00+00:00,131.8061981201172
2007-06-01 13:30:00+00:00,132.31919860839844
2007-06-04 13:30:00+00:00,132.85595703125
2007-06-05 13:30:00+00:00,132.44552612304688
2007-06-06 13:30:00+00:00,130.425048828125
2007-06-07 13:30:00+00:00,127.50477600097656
2007-06-08 13:30:00+00:00,129.16220092773438
2007-06-11 13:30:00+00:00,129.3279266357422
2007-06-12 13:30:00+00:00,127.75732421875
2007-06-13 13:30:00+00:00,129.3042449951172
2007-06-14 13:30:00+00:00,130.3539581298828
2007-06-15 13:30:00+00:00,131.16421508789062
2007-06-18 13:30:00+00:00,130.64199829101562
2007-06-19 13:30:00+00:00,130.61036682128906
2007-06-20 13:30:00+00:00,129.05946350097656
2007-06-21 13:30:00+00:00,130.3650665283203
2007-06-22 13:30:00+00:00,129.39971923828125
2007-06-25 13:30:00+00:00,128.03863525390625
2007-06-26 13:30:00+00:00,126.994140625
2007-06-27 13:30:00+00:00,128.901123046875
2007-06-28 13:30:00+00:00,129.0673370361328
2007-06-29 13:30:00+00:00,128.94068908691406
2007-07-02 13:30:00+00:00,130.5391082763672
2007-07-03 13:30:00+00:00,131.0454864501953
2007-07-05 13:30:00+00:00,130.9268341064453
2007-07-06 13:30:00+00:00,131.67066955566406
2007-07-09 13:30:00+00:00,131.74977111816406
2007-07-10 13:30:00+00:00,129.88232421875
2007-07-11 13:30:00+00:00,131.01394653320312
2007-07-12 13:30:00+00:00,132.54905700683594
2007-07-13 13:30:00+00:00,133.00794982910156
2007-07-16 13:30:00+00:00,132.37489318847656
2007-07-17 13:30:00+00:00,132.65182495117188
2007-07-18 13:30:00+00:00,132.33534240722656
2007-07-19 13:30:00+00:00,132.65980529785156
2007-07-20 13:30:00+00:00,131.51243591308594
2007-07-23 13:30:00+00:00,130.91891479492188
2007-07-24 13:30:00+00:00,128.46597290039062
2007-07-25 13:30:00+00:00,127.75382995605469
2007-07-26 13:30:00+00:00,124.97634887695312
2007-07-27 13:30:00+00:00,122.84781646728516
2007-07-30 13:30:00+00:00,124.31169891357422
2007-07-31 13:30:00+00:00,122.88727569580078
2007-08-01 13:30:00+00:00,123.5599365234375
2007-08-02 13:30:00+00:00,124.6835708618164
2007-08-03 13:30:00+00:00,121.30477905273438
2007-08-06 13:30:00+00:00,122.0485610961914
2007-08-07 13:30:00+00:00,123.44131469726562
2007-08-08 13:30:00+00:00,125.32451629638672
2007-08-09 13:30:00+00:00,121.67671966552734
2007-08-10 13:30:00+00:00,122.21479797363281
2007-08-13 13:30:00+00:00,122.76863098144531
2007-08-14 13:30:00+00:00,120.79045867919922
2007-08-15 13:30:00+00:00,118.62228393554688
2007-08-16 13:30:00+00:00,118.41655731201172
2007-08-17 13:30:00+00:00,120.83792114257812
2007-08-20 13:30:00+00:00,121.06743621826172
2007-08-21 13:30:00+00:00,121.5580825805664
2007-08-22 13:30:00+00:00,123.05354309082031
2007-08-23 13:30:00+00:00,122.61041259765625
2007-08-24 13:30:00+00:00,124.64400482177734
2007-08-27 13:30:00+00:00,122.82405090332031
2007-08-28 13:30:00+00:00,120.55303955078125
2007-08-29 13:30:00+00:00,123.05354309082031
2007-08-30 13:30:00+00:00,122.45210266113281
2007-08-31 13:30:00+00:00,124.27210235595703
2007-09-04 13:30:00+00:00,125.49866485595703
2007-09-05 13:30:00+00:00,124.88934326171875
2007-09-06 13:30:00+00:00,125.2691650390625
2007-09-07 13:30:00+00:00,123.32254791259766
2007-09-10 13:30:00+00:00,122.12769317626953
2007-09-11 13:30:00+00:00,123.59945678710938
2007-09-12 13:30:00+00:00,124.23260498046875
2007-09-13 13:30:00+00:00,123.74198913574219
2007-09-14 13:30:00+00:00,124.31169891357422
2007-09-17 13:30:00+00:00,123.52831268310547
2007-09-18 13:30:00+00:00,126.92286682128906
2007-09-19 13:30:00+00:00,127.57182312011719
2007-09-20 13:30:00+00:00,126.80421447753906
2007-09-21 13:30:00+00:00,126.80497741699219
2007-09-24 13:30:00+00:00,126.40852355957031
2007-09-25 13:30:00+00:00,126.10716247558594
2007-09-26 13:30:00+00:00,126.83670806884766
2007-09-27 13:30:00+00:00,128.0262908935547
2007-09-28 13:30:00+00:00,127.55841827392578
2007-10-01 13:30:00+00:00,129.12063598632812
2007-10-02 13:30:00+00:00,129.48548889160156
2007-10-03 13:30:00+00:00,129.92953491210938
2007-10-04 13:30:00+00:00,129.49339294433594
2007-10-05 13:30:00+00:00,131.78524780273438
2007-10-08 13:30:00+00:00,130.90501403808594
2007-10-09 13:30:00+00:00,132.2372589111328
2007-10-10 13:30:00+00:00,131.96759033203125
2007-10-11 13:30:00+00:00,131.31739807128906
2007-10-12 13:30:00+00:00,131.5631866455078
2007-10-15 13:30:00+00:00,130.9684295654297
2007-10-16 13:30:00+00:00,129.2792205810547
2007-10-17 13:30:00+00:00,129.65200805664062
2007-10-18 13:30:00+00:00,129.9137420654297
2007-10-19 13:30:00+00:00,126.03575897216797
2007-10-22 13:30:00+00:00,127.28876495361328
2007-10-23 13:30:00+00:00,128.09762573242188
2007-10-24 13:30:00+00:00,128.19281005859375
2007-10-25 13:30:00+00:00,128.1531524658203
2007-10-26 13:30:00+00:00,129.23170471191406
2007-10-29 13:30:00+00:00,129.58067321777344
2007-10-30 13:30:00+00:00,128.57342529296875
2007-10-31 13:30:00+00:00,130.84156799316406
2007-11-01 13:30:00+00:00,127.82001495361328
2007-11-02 13:30:00+00:00,127.87560272216797
2007-11-05 14:30:00+00:00,126.42438507080078
2007-11-06 14:30:00+00:00,128.33558654785156
2007-11-07 14:30:00+00:00,125.86138153076172
2007-11-08 14:30:00+00:00,125.70272827148438
2007-11-09 14:30:00+00:00,123.97395324707031
2007-11-12 14:30:00+00:00,121.81688690185547
2007-11-13 14:30:00+00:00,124.91761016845703
2007-11-14 14:30:00+00:00,124.98893737792969
2007-11-15 14:30:00+00:00,122.98265075683594
2007-11-16 14:30:00+00:00,122.50678253173828
2007-11-19 14:30:00+00:00,120.6352310180664
2007-11-20 14:30:00+00:00,120.93669128417969
2007-11-21 14:30:00+00:00,118.60513305664062
2007-11-23 14:30:00+00:00,120.33389282226562
2007-11-26 14:30:00+00:00,118.27996063232422
2007-11-27 14:30:00+00:00,119.51712799072266
2007-11-28 14:30:00+00:00,123.10954284667969
2007-11-29 14:30:00+00:00,122.93507385253906
2007-11-30 14:30:00+00:00,124.39427185058594
2007-12-03 14:30:00+00:00,123.75190734863281
2007-12-04 14:30:00+00:00,123.2760238647461
2007-12-05 14:30:00+00:00,125.17146301269531
2007-12-06 14:30:00+00:00,127.39186096191406
2007-12-07 14:30:00+00:00,127.83596801757812
2007-12-10 14:30:00+00:00,128.94618225097656
2007-12-11 14:30:00+00:00,125.0128173828125
2007-12-12 14:30:00+00:00,125.7106704711914
2007-12-13 14:30:00+00:00,125.33797454833984
2007-12-14 14:30:00+00:00,123.20472717285156
2007-12-17 14:30:00+00:00,121.51557922363281
2007-12-18 14:30:00+00:00,121.96755981445312
2007-12-19 14:30:00+00:00,122.36416625976562
2007-12-20 14:30:00+00:00,124.20384216308594
2007-12-21 14:30:00+00:00,125.5694580078125
2007-12-24 14:30:00+00:00,126.7862548828125
2007-12-26 14:30:00+00:00,126.70671844482422
2007-12-27 14:30:00+00:00,124.71846008300781
2007-12-28 14:30:00+00:00,124.471923828125
2007-12-31 14:30:00+00:00,123.3505630493164
2008-01-02 14:30:00+00:00,122.51554870605469
2008-01-03 14:30:00+00:00,121.61683654785156
2008-01-04 14:30:00+00:00,118.220947265625
2008-01-07 14:30:00+00:00,117.49723052978516
2008-01-08 14:30:00+00:00,114.75337982177734
2008-01-09 14:30:00+00:00,115.39756774902344
2008-01-10 14:30:00+00:00,116.2724380493164
2008-01-11 14:30:00+00:00,114.94428253173828
2008-01-14 14:30:00+00:00,116.04180908203125
2008-01-15 14:30:00+00:00,113.40935516357422
2008-01-16 14:30:00+00:00,112.91625213623047
2008-01-17 14:30:00+00:00,109.64759063720703
2008-01-18 14:30:00+00:00,108.71707153320312
2008-01-22 14:30:00+00:00,108.46260833740234
2008-01-23 14:30:00+00:00,111.30975341796875
2008-01-24 14:30:00+00:00,112.18463134765625
2008-01-25 14:30:00+00:00,111.3177261352539
2008-01-28 14:30:00+00:00,114.11715698242188
2008-01-29 14:30:00+00:00,114.84884643554688
2008-01-30 14:30:00+00:00,113.10704803466797
2008-01-31 14:30:00+00:00,115.94635772705078
2008-02-01 14:30:00+00:00,119.0321044921875
2008-02-04 14:30:00+00:00,117.74371337890625
2008-02-05 14:30:00+00:00,115.1192626953125
2008-02-06 14:30:00+00:00,113.78318786621094
2008-02-07 14:30:00+00:00,115.03174591064453
2008-02-08 14:30:00+00:00,114.6341323852539
2008-02-11 14:30:00+00:00,115.31807708740234
2008-02-12 14:30:00+00:00,115.81905364990234
2008-02-13 14:30:00+00:00,116.92459869384766
2008-02-14 14:30:00+00:00,115.07948303222656
2008-02-15 14:30:00+00:00,114.96814727783203
2008-02-19 14:30:00+00:00,115.73957061767578
2008-02-20 14:30:00+00:00,116.77342224121094
2008-02-21 14:30:00+00:00,115.43733978271484
2008-02-22 14:30:00+00:00,115.6759033203125
2008-02-25 14:30:00+00:00,118.44357299804688
2008-02-26 14:30:00+00:00,119.20704650878906
2008-02-27 14:30:00+00:00,118.76171875
2008-02-28 14:30:00+00:00,117.40967559814453
2008-02-29 14:30:00+00:00,114.72160339355469
2008-03-03 14:30:00+00:00,114.16486358642578
2008-03-04 14:30:00+00:00,113.48883819580078
2008-03-05 14:30:00+00:00,114.36373901367188
2008-03-06 14:30:00+00:00,111.22227478027344
2008-03-07 14:30:00+00:00,110.06907653808594
2008-03-10 13:30:00+00:00,108.27171325683594
2008-03-11 13:30:00+00:00,111.69944763183594
2008-03-12 13:30:00+00:00,111.02351379394531
2008-03-13 13:30:00+00:00,112.18463134765625
2008-03-14 13:30:00+00:00,110.54627227783203
2008-03-17 13:30:00+00:00,107.82637023925781
2008-03-18 13:30:00+00:00,112.3277587890625
2008-03-19 13:30:00+00:00,109.03523254394531
2008-03-20 13:30:00+00:00,110.84011840820312
2008-03-24 13:30:00+00:00,114.19798278808594
2008-03-25 13:30:00+00:00,114.87590789794922
2008-03-26 13:30:00+00:00,113.49613189697266
2008-03-27 13:30:00+00:00,112.75434875488281
2008-03-28 13:30:00+00:00,112.25182342529297
2008-03-31 13:30:00+00:00,112.58684539794922
2008-04-01 13:30:00+00:00,116.5747299194336
2008-04-02 13:30:00+00:00,117.10111999511719
2008-04-03 13:30:00+00:00,117.76322174072266
2008-04-04 13:30:00+00:00,117.97853088378906
2008-04-07 13:30:00+00:00,118.12215423583984
2008-04-08 13:30:00+00:00,118.68037414550781
2008-04-09 13:30:00+00:00,116.75819396972656
2008-04-10 13:30:00+00:00,117.97058868408203
2008-04-11 13:30:00+00:00,115.88880920410156
2008-04-14 13:30:00+00:00,115.7691879272461
2008-04-15 13:30:00+00:00,116.17601013183594
2008-04-16 13:30:00+00:00,119.81295776367188
2008-04-17 13:30:00+00:00,119.31047058105469
2008-04-18 13:30:00+00:00,120.1957778930664
2008-04-21 13:30:00+00:00,120.90564727783203
2008-04-22 13:30:00+00:00,119.6374740600586
2008-04-23 13:30:00+00:00,119.38231658935547
2008-04-24 13:30:00+00:00,119.87677001953125
2008-04-25 13:30:00+00:00,122.34125518798828
2008-04-28 13:30:00+00:00,122.49284362792969
2008-04-29 13:30:00+00:00,121.79891204833984
2008-04-30 13:30:00+00:00,121.50381469726562
2008-05-01 13:30:00+00:00,123.2106704711914
2008-05-02 13:30:00+00:00,123.42598724365234
2008-05-05 13:30:00+00:00,123.06716918945312
2008-05-06 13:30:00+00:00,124.33526611328125
2008-05-07 13:30:00+00:00,123.14688873291016
2008-05-08 13:30:00+00:00,123.12290954589844
2008-05-09 13:30:00+00:00,123.64134216308594
2008-05-12 13:30:00+00:00,125.08495330810547
2008-05-13 13:30:00+00:00,126.13780212402344
2008-05-14 13:30:00+00:00,126.22545623779297
2008-05-15 13:30:00+00:00,127.90043640136719
2008-05-16 13:30:00+00:00,128.0998992919922
2008-05-19 13:30:00+00:00,128.17160034179688
2008-05-20 13:30:00+00:00,127.97224426269531
2008-05-21 13:30:00+00:00,125.91448974609375
2008-05-22 13:30:00+00:00,125.93840789794922
2008-05-23 13:30:00+00:00,124.23950958251953
2008-05-27 13:30:00+00:00,125.26044464111328
2008-05-28 13:30:00+00:00,126.80781555175781
2008-05-29 13:30:00+00:00,126.87954711914062
2008-05-30 13:30:00+00:00,128.10780334472656
2008-06-02 13:30:00+00:00,126.83165740966797
2008-06-03 13:30:00+00:00,127.13469696044922
2008-06-04 13:30:00+00:00,127.25439453125
2008-06-05 13:30:00+00:00,130.26930236816406
2008-06-06 13:30:00+00:00,126.54454803466797
2008-06-09 13:30:00+00:00,126.61634063720703
2008-06-10 13:30:00+00:00,125.6193618774414
2008-06-11 13:30:00+00:00,123.68132019042969
2008-06-12 13:30:00+00:00,123.98432159423828
2008-06-13 13:30:00+00:00,125.69913482666016
2008-06-16 13:30:00+00:00,126.32124328613281
2008-06-17 13:30:00+00:00,126.73600006103516
2008-06-18 13:30:00+00:00,125.6432876586914
2008-06-19 13:30:00+00:00,126.09789276123047
2008-06-20 13:30:00+00:00,124.08650970458984
2008-06-23 13:30:00+00:00,123.65460968017578
2008-06-24 13:30:00+00:00,122.3669204711914
2008-06-25 13:30:00+00:00,123.01475524902344
2008-06-26 13:30:00+00:00,119.96757507324219
2008-06-27 13:30:00+00:00,119.27178955078125
2008-06-30 13:30:00+00:00,119.00782775878906
2008-07-01 13:30:00+00:00,118.96788024902344
2008-07-02 13:30:00+00:00,115.40882110595703
2008-07-03 13:30:00+00:00,114.28910064697266
2008-07-07 13:30:00+00:00,113.30535888671875
2008-07-08 13:30:00+00:00,115.96865844726562
2008-07-09 13:30:00+00:00,114.48907470703125
2008-07-10 13:30:00+00:00,115.13688659667969
2008-07-11 13:30:00+00:00,114.0571517944336
2008-07-14 13:30:00+00:00,113.12940979003906
2008-07-15 13:30:00+00:00,112.0896987915039
2008-07-16 13:30:00+00:00,114.72901153564453
2008-07-17 13:30:00+00:00,115.92862701416016
2008-07-18 13:30:00+00:00,115.8886489868164
2008-07-21 13:30:00+00:00,117.16829681396484
2008-07-22 13:30:00+00:00,118.3600082397461
2008-07-23 13:30:00+00:00,118.80789184570312
2008-07-24 13:30:00+00:00,115.40882110595703
2008-07-25 13:30:00+00:00,115.41675567626953
2008-07-28 13:30:00+00:00,114.36911010742188
2008-07-29 13:30:00+00:00,116.73643493652344
2008-07-30 13:30:00+00:00,118.58393096923828
2008-07-31 13:30:00+00:00,116.84040069580078
2008-08-01 13:30:00+00:00,116.47248077392578
2008-08-04 13:30:00+00:00,114.28910064697266
2008-08-05 13:30:00+00:00,116.69647979736328
2008-08-06 13:30:00+00:00,117.68016052246094
2008-08-07 13:30:00+00:00,116.00065612792969
2008-08-08 13:30:00+00:00,118.16803741455078
2008-08-11 13:30:00+00:00,119.5276870727539
2008-08-12 13:30:00+00:00,118.56794738769531
2008-08-13 13:30:00+00:00,118.6878662109375
2008-08-14 13:30:00+00:00,119.59968566894531
2008-08-15 13:30:00+00:00,119.88758850097656
2008-08-18 13:30:00+00:00,118.2480239868164
2008-08-19 13:30:00+00:00,117.0242919921875
2008-08-20 13:30:00+00:00,117.48820495605469
2008-08-21 13:30:00+00:00,117.19229125976562
2008-08-22 13:30:00+00:00,118.44804382324219
2008-08-25 13:30:00+00:00,116.31256866455078
2008-08-26 13:30:00+00:00,116.99234771728516
2008-08-27 13:30:00+00:00,118.1280746459961
2008-08-28 13:30:00+00:00,119.7516098022461
2008-08-29 13:30:00+00:00,118.52801513671875
2008-09-02 13:30:00+00:00,117.43222045898438
2008-09-03 13:30:00+00:00,116.75247192382812
2008-09-04 13:30:00+00:00,113.88916778564453
2008-09-05 13:30:00+00:00,113.88916778564453
2008-09-08 13:30:00+00:00,115.86463165283203
2008-09-09 13:30:00+00:00,111.60977172851562
2008-09-10 13:30:00+00:00,113.12940979003906
2008-09-11 13:30:00+00:00,113.88916778564453
2008-09-12 13:30:00+00:00,115.78469848632812
2008-09-15 13:30:00+00:00,110.17020416259766
2008-09-16 13:30:00+00:00,112.87348175048828
2008-09-17 13:30:00+00:00,107.67489624023438
2008-09-18 13:30:00+00:00,112.52957153320312
2008-09-19 13:30:00+00:00,116.3299789428711
2008-09-22 13:30:00+00:00,112.7597885131836
2008-09-23 13:30:00+00:00,110.35301208496094
2008-09-24 13:30:00+00:00,109.67106628417969
2008-09-25 13:30:00+00:00,110.5455093383789
2008-09-26 13:30:00+00:00,109.67106628417969
2008-09-29 13:30:00+00:00,101.88902282714844
2008-09-30 13:30:00+00:00,105.73993682861328
2008-10-01 13:30:00+00:00,105.77999877929688
2008-10-02 13:30:00+00:00,99.48213195800781
2008-10-03 13:30:00+00:00,96.22494506835938
2008-10-06 13:30:00+00:00,91.86053466796875
2008-10-07 13:30:00+00:00,86.9666519165039
2008-10-08 13:30:00+00:00,86.24463653564453
2008-10-09 13:30:00+00:00,78.90377044677734
2008-10-10 13:30:00+00:00,80.2275390625
2008-10-13 13:30:00+00:00,89.85485076904297
2008-10-14 13:30:00+00:00,87.20736694335938
2008-10-15 13:30:00+00:00,77.04251861572266
2008-10-16 13:30:00+00:00,81.5673599243164
2008-10-17 13:30:00+00:00,80.33185577392578
2008-10-20 13:30:00+00:00,84.43951416015625
2008-10-21 13:30:00+00:00,82.35356140136719
2008-10-22 13:30:00+00:00,78.72730255126953
2008-10-23 13:30:00+00:00,74.91649627685547
2008-10-24 13:30:00+00:00,71.64322662353516
2008-10-27 13:30:00+00:00,69.05988311767578
2008-10-28 13:30:00+00:00,76.3766098022461
2008-10-29 13:30:00+00:00,76.53706359863281
2008-10-30 13:30:00+00:00,81.73583984375
2008-10-31 13:30:00+00:00,82.95527648925781
2008-11-03 14:30:00+00:00,83.26818084716797
2008-11-04 14:30:00+00:00,84.72029113769531
2008-11-05 14:30:00+00:00,80.94959259033203
2008-11-06 14:30:00+00:00,76.73766326904297
2008-11-07 14:30:00+00:00,79.98686218261719
2008-11-10 14:30:00+00:00,77.09870910644531
2008-11-11 14:30:00+00:00,74.27468872070312
2008-11-12 14:30:00+00:00,70.96127319335938
2008-11-13 14:30:00+00:00,77.53192138671875
2008-11-14 14:30:00+00:00,71.65120697021484
2008-11-17 14:30:00+00:00,71.64322662353516
2008-11-18 14:30:00+00:00,73.0070571899414
2008-11-19 14:30:00+00:00,66.38829040527344
2008-11-20 14:30:00+00:00,61.13338088989258
2008-11-21 14:30:00+00:00,63.78092575073242
2008-11-24 14:30:00+00:00,68.99569702148438
2008-11-25 14:30:00+00:00,69.74180603027344
2008-11-26 14:30:00+00:00,74.2104721069336
2008-11-28 14:30:00+00:00,75.08495330810547
2008-12-01 14:30:00+00:00,67.3830795288086
2008-12-02 14:30:00+00:00,70.35955810546875
2008-12-03 14:30:00+00:00,71.72343444824219
2008-12-04 14:30:00+00:00,69.7658920288086
2008-12-05 14:30:00+00:00,72.63802337646484
2008-12-08 14:30:00+00:00,76.119873046875
2008-12-09 14:30:00+00:00,73.87353515625
2008-12-10 14:30:00+00:00,75.79898834228516
2008-12-11 14:30:00+00:00,72.24493408203125
2008-12-12 14:30:00+00:00,74.36292266845703
2008-12-15 14:30:00+00:00,72.42139434814453
2008-12-16 14:30:00+00:00,76.98636627197266
2008-12-17 14:30:00+00:00,77.49981689453125
2008-12-18 14:30:00+00:00,76.63335418701172
2008-12-19 14:30:00+00:00,76.5082778930664
2008-12-22 14:30:00+00:00,75.12030029296875
2008-12-23 14:30:00+00:00,73.95020294189453
2008-12-24 14:30:00+00:00,74.45858764648438
2008-12-26 14:30:00+00:00,75.37044525146484
2008-12-29 14:30:00+00:00,74.53120422363281
2008-12-30 14:30:00+00:00,76.92789459228516
2008-12-31 14:30:00+00:00,78.40465545654297
2009-01-02 14:30:00+00:00,80.52698516845703
2009-01-05 14:30:00+00:00,80.85784149169922
2009-01-06 14:30:00+00:00,81.93916320800781
2009-01-07 14:30:00+00:00,79.42948150634766
2009-01-08 14:30:00+00:00,79.82489776611328
2009-01-09 14:30:00+00:00,77.6702880859375
2009-01-12 14:30:00+00:00,75.58027648925781
2009-01-13 14:30:00+00:00,76.3872299194336
2009-01-14 14:30:00+00:00,73.45793914794922
2009-01-15 14:30:00+00:00,74.47473907470703
2009-01-16 14:30:00+00:00,75.73358917236328
2009-01-20 14:30:00+00:00,71.19039916992188
2009-01-21 14:30:00+00:00,74.48277282714844
2009-01-22 14:30:00+00:00,72.62677764892578
2009-01-23 14:30:00+00:00,73.44183349609375
2009-01-26 14:30:00+00:00,73.89366912841797
2009-01-27 14:30:00+00:00,74.96695709228516
2009-01-28 14:30:00+00:00,77.86398315429688
2009-01-29 14:30:00+00:00,75.27361297607422
2009-01-30 14:30:00+00:00,73.18360900878906
2009-02-02 14:30:00+00:00,73.26431274414062
2009-02-03 14:30:00+00:00,73.97442626953125
2009-02-04 14:30:00+00:00,73.95020294189453
2009-02-05 14:30:00+00:00,74.91854858398438
2009-02-06 14:30:00+00:00,77.90433502197266
2009-02-09 14:30:00+00:00,77.62187194824219
2009-02-10 14:30:00+00:00,74.39402770996094
2009-02-11 14:30:00+00:00,74.3375473022461
2009-02-12 14:30:00+00:00,74.95085144042969
2009-02-13 14:30:00+00:00,74.17613983154297
2009-02-17 14:30:00+00:00,70.92407989501953
2009-02-18 14:30:00+00:00,70.20587921142578
2009-02-19 14:30:00+00:00,69.1083984375
2009-02-20 14:30:00+00:00,68.51934051513672
2009-02-23 14:30:00+00:00,65.77568817138672
2009-02-24 14:30:00+00:00,68.5516128540039
2009-02-25 14:30:00+00:00,67.76079559326172
2009-02-26 14:30:00+00:00,66.77629852294922
2009-02-27 14:30:00+00:00,66.26790618896484
2009-03-02 14:30:00+00:00,62.14429473876953
2009-03-03 14:30:00+00:00,61.660133361816406
2009-03-04 14:30:00+00:00,63.419342041015625
2009-03-05 14:30:00+00:00,60.47389221191406
2009-03-06 14:30:00+00:00,60.06236267089844
2009-03-09 13:30:00+00:00,59.41675567626953
2009-03-10 13:30:00+00:00,63.54034423828125
2009-03-11 13:30:00+00:00,63.8470344543457
2009-03-12 13:30:00+00:00,66.71173095703125
2009-03-13 13:30:00+00:00,67.09101104736328
2009-03-16 13:30:00+00:00,66.18720245361328
2009-03-17 13:30:00+00:00,68.61619567871094
2009-03-18 13:30:00+00:00,70.86761474609375
2009-03-19 13:30:00+00:00,70.3027572631836
2009-03-20 13:30:00+00:00,68.250732421875
2009-03-23 13:30:00+00:00,73.39484405517578
2009-03-24 13:30:00+00:00,71.90428924560547
2009-03-25 13:30:00+00:00,72.39034271240234
2009-03-26 13:30:00+00:00,75.26618194580078
2009-03-27 13:30:00+00:00,73.42726135253906
2009-03-30 13:30:00+00:00,71.01319122314453
2009-03-31 13:30:00+00:00,71.76658630371094
2009-04-01 13:30:00+00:00,72.74681854248047
2009-04-02 13:30:00+00:00,75.8332748413086
2009-04-03 13:30:00+00:00,77.18610382080078
2009-04-06 13:30:00+00:00,76.27069854736328
2009-04-07 13:30:00+00:00,73.79182434082031
2009-04-08 13:30:00+00:00,74.94216918945312
2009-04-09 13:30:00+00:00,78.88733673095703
2009-04-13 13:30:00+00:00,78.82256317138672
2009-04-14 13:30:00+00:00,76.90257263183594
2009-04-15 13:30:00+00:00,77.80181884765625
2009-04-16 13:30:00+00:00,79.88375854492188
2009-04-17 13:30:00+00:00,80.85588836669922
2009-04-20 13:30:00+00:00,76.86205291748047
2009-04-21 13:30:00+00:00,78.85491180419922
2009-04-22 13:30:00+00:00,79.0655517578125
2009-04-23 13:30:00+00:00,78.91165161132812
2009-04-24 13:30:00+00:00,80.81536102294922
2009-04-27 13:30:00+00:00,80.13488006591797
2009-04-28 13:30:00+00:00,80.3860092163086
2009-04-29 13:30:00+00:00,82.53276824951172
2009-04-30 13:30:00+00:00,82.37076568603516
2009-05-01 13:30:00+00:00,82.2735595703125
2009-05-04 13:30:00+00:00,85.65972900390625
2009-05-05 13:30:00+00:00,85.08460235595703
2009-05-06 13:30:00+00:00,85.7326889038086
2009-05-07 13:30:00+00:00,83.62640380859375
2009-05-08 13:30:00+00:00,86.20252227783203
2009-05-11 13:30:00+00:00,84.53370666503906
2009-05-12 13:30:00+00:00,83.59397888183594
2009-05-13 13:30:00+00:00,80.07006072998047
2009-05-14 13:30:00+00:00,81.16370391845703
2009-05-15 13:30:00+00:00,80.5399169921875
2009-05-18 13:30:00+00:00,83.40769958496094
2009-05-19 13:30:00+00:00,83.76412200927734
2009-05-20 13:30:00+00:00,83.09175872802734
2009-05-21 13:30:00+00:00,81.87660217285156
2009-05-22 13:30:00+00:00,81.17182159423828
2009-05-26 13:30:00+00:00,84.33929443359375
2009-05-27 13:30:00+00:00,83.04312133789062
2009-05-28 13:30:00+00:00,83.42390441894531
2009-05-29 13:30:00+00:00,84.79293060302734
2009-06-01 13:30:00+00:00,87.96849822998047
2009-06-02 13:30:00+00:00,88.42218780517578
2009-06-03 13:30:00+00:00,86.94778442382812
2009-06-04 13:30:00+00:00,88.1467514038086
2009-06-05 13:30:00+00:00,87.95230102539062
2009-06-08 13:30:00+00:00,87.35285949707031
2009-06-09 13:30:00+00:00,88.12245178222656
2009-06-10 13:30:00+00:00,87.91991424560547
2009-06-11 13:30:00+00:00,88.1467514038086
2009-06-12 13:30:00+00:00,88.08194732666016
2009-06-15 13:30:00+00:00,85.95951080322266
2009-06-16 13:30:00+00:00,84.4688949584961
2009-06-17 13:30:00+00:00,84.41220092773438
2009-06-18 13:30:00+00:00,85.01166534423828
2009-06-19 13:30:00+00:00,85.11247253417969
2009-06-22 13:30:00+00:00,82.2014389038086
2009-06-23 13:30:00+00:00,81.84364318847656
2009-06-24 13:30:00+00:00,82.94139862060547
2009-06-25 13:30:00+00:00,85.0636978149414
2009-06-26 13:30:00+00:00,85.0636978149414
2009-06-29 13:30:00+00:00,85.86058044433594
2009-06-30 13:30:00+00:00,85.54344940185547
2009-07-01 13:30:00+00:00,86.2508773803711
2009-07-02 13:30:00+00:00,83.80331420898438
2009-07-06 13:30:00+00:00,83.06339263916016
2009-07-07 13:30:00+00:00,81.05485534667969
2009-07-08 13:30:00+00:00,80.81907653808594
2009-07-09 13:30:00+00:00,80.92475128173828
2009-07-10 13:30:00+00:00,80.81907653808594
2009-07-13 13:30:00+00:00,82.81940460205078
2009-07-14 13:30:00+00:00,83.42926025390625
2009-07-15 13:30:00+00:00,85.9825668334961
2009-07-16 13:30:00+00:00,87.22667694091797
2009-07-17 13:30:00+00:00,86.92581939697266
2009-07-20 13:30:00+00:00,88.21871948242188
2009-07-21 13:30:00+00:00,88.38948822021484
2009-07-22 13:30:00+00:00,88.82859802246094
2009-07-23 13:30:00+00:00,91.20301818847656
2009-07-24 13:30:00+00:00,91.89417266845703
2009-07-27 13:30:00+00:00,92.28446197509766
2009-07-28 13:30:00+00:00,92.12187957763672
2009-07-29 13:30:00+00:00,91.46324157714844
2009-07-30 13:30:00+00:00,92.65855407714844
2009-07-31 13:30:00+00:00,92.66668701171875
2009-08-03 13:30:00+00:00,94.7157974243164
2009-08-04 13:30:00+00:00,95.54521942138672
2009-08-05 13:30:00+00:00,95.15491485595703
2009-08-06 13:30:00+00:00,94.38240051269531
2009-08-07 13:30:00+00:00,96.68363189697266
2009-08-10 13:30:00+00:00,96.28517150878906
2009-08-11 13:30:00+00:00,94.9109878540039
2009-08-12 13:30:00+00:00,96.17137145996094
2009-08-13 13:30:00+00:00,97.02513885498047
2009-08-14 13:30:00+00:00,95.55335235595703
2009-08-17 13:30:00+00:00,92.78865814208984
2009-08-18 13:30:00+00:00,94.02464294433594
2009-08-19 13:30:00+00:00,94.6751708984375
2009-08-20 13:30:00+00:00,95.70785522460938
2009-08-21 13:30:00+00:00,97.53744506835938
2009-08-24 13:30:00+00:00,97.2772445678711
2009-08-25 13:30:00+00:00,97.69195556640625
2009-08-26 13:30:00+00:00,97.6187744140625
2009-08-27 13:30:00+00:00,97.93590545654297
2009-08-28 13:30:00+00:00,98.04158782958984
2009-08-31 13:30:00+00:00,96.70802307128906
2009-09-01 13:30:00+00:00,94.69140625
2009-09-02 13:30:00+00:00,94.21979522705078
2009-09-03 13:30:00+00:00,95.46392059326172
2009-09-04 13:30:00+00:00,96.74053955078125
2009-09-08 13:30:00+00:00,98.04158782958984
2009-09-09 13:30:00+00:00,99.25320434570312
2009-09-10 13:30:00+00:00,100.29402160644531
2009-09-11 13:30:00+00:00,100.51358795166016
2009-09-14 13:30:00+00:00,101.70077514648438
2009-09-15 13:30:00+00:00,102.57897186279297
2009-09-16 13:30:00+00:00,104.50615692138672
2009-09-17 13:30:00+00:00,104.01826477050781
2009-09-18 13:30:00+00:00,103.83799743652344
2009-09-21 13:30:00+00:00,103.59333038330078
2009-09-22 13:30:00+00:00,104.13162994384766
2009-09-23 13:30:00+00:00,102.89186096191406
2009-09-24 13:30:00+00:00,101.11380767822266
2009-09-25 13:30:00+00:00,100.51839447021484
2009-09-28 13:30:00+00:00,102.49219512939453
2009-09-29 13:30:00+00:00,102.83476257324219
2009-09-30 13:30:00+00:00,102.17411804199219
2009-10-01 13:30:00+00:00,99.24601745605469
2009-10-02 13:30:00+00:00,98.17755889892578
2009-10-05 13:30:00+00:00,100.32262420654297
2009-10-06 13:30:00+00:00,101.70106506347656
2009-10-07 13:30:00+00:00,101.68474578857422
2009-10-08 13:30:00+00:00,103.0713119506836
2009-10-09 13:30:00+00:00,103.96035766601562
2009-10-12 13:30:00+00:00,104.12345886230469
2009-10-13 13:30:00+00:00,103.6177749633789
2009-10-14 13:30:00+00:00,105.51006317138672
2009-10-15 13:30:00+00:00,105.84447479248047
2009-10-16 13:30:00+00:00,104.80045318603516
2009-10-19 13:30:00+00:00,105.94235229492188
2009-10-20 13:30:00+00:00,105.01251220703125
2009-10-21 13:30:00+00:00,103.96849060058594
2009-10-22 13:30:00+00:00,105.22457122802734
2009-10-23 13:30:00+00:00,103.8951187133789
2009-10-26 13:30:00+00:00,102.86740112304688
2009-10-27 13:30:00+00:00,101.652099609375
2009-10-28 13:30:00+00:00,98.41407775878906
2009-10-29 13:30:00+00:00,100.43681335449219
2009-10-30 13:30:00+00:00,97.56583404541016
2009-11-02 14:30:00+00:00,98.07965850830078
2009-11-03 14:30:00+00:00,99.2704849243164
2009-11-04 14:30:00+00:00,98.72400665283203
2009-11-05 14:30:00+00:00,101.15457916259766
2009-11-06 14:30:00+00:00,100.9343490600586
2009-11-09 14:30:00+00:00,103.4465103149414
2009-11-10 14:30:00+00:00,103.32412719726562
2009-11-11 14:30:00+00:00,104.05828094482422
2009-11-12 14:30:00+00:00,102.56559753417969
2009-11-13 14:30:00+00:00,103.6177749633789
2009-11-16 14:30:00+00:00,105.208251953125
2009-11-17 14:30:00+00:00,105.19194793701172
2009-11-18 14:30:00+00:00,104.74337005615234
2009-11-19 14:30:00+00:00,102.64716339111328
2009-11-20 14:30:00+00:00,102.02729034423828
2009-11-23 14:30:00+00:00,103.0142593383789
2009-11-24 14:30:00+00:00,102.79399108886719
2009-11-25 14:30:00+00:00,103.49543762207031
2009-11-27 14:30:00+00:00,101.3748550415039
2009-11-30 14:30:00+00:00,101.6602554321289
2009-12-01 14:30:00+00:00,103.16918182373047
2009-12-02 14:30:00+00:00,103.82171630859375
2009-12-03 14:30:00+00:00,102.68795776367188
2009-12-04 14:30:00+00:00,104.13980102539062
2009-12-07 14:30:00+00:00,104.0663833618164
2009-12-08 14:30:00+00:00,103.21812438964844
2009-12-09 14:30:00+00:00,103.2996597290039
2009-12-10 14:30:00+00:00,103.96849060058594
2009-12-11 14:30:00+00:00,104.87384033203125
2009-12-14 14:30:00+00:00,106.26861572265625
2009-12-15 14:30:00+00:00,106.18704986572266
2009-12-16 14:30:00+00:00,106.76608276367188
2009-12-17 14:30:00+00:00,105.93417358398438
2009-12-18 14:30:00+00:00,106.27637481689453
2009-12-21 14:30:00+00:00,107.46350860595703
2009-12-22 14:30:00+00:00,108.52786254882812
2009-12-23 14:30:00+00:00,109.32197570800781
2009-12-24 14:30:00+00:00,109.8705062866211
2009-12-28 14:30:00+00:00,109.81319427490234
2009-12-29 14:30:00+00:00,109.6330795288086
2009-12-30 14:30:00+00:00,109.22376251220703
2009-12-31 14:30:00+00:00,107.85647583007812
2010-01-04 14:30:00+00:00,109.66586303710938
2010-01-05 14:30:00+00:00,109.9442138671875
2010-01-06 14:30:00+00:00,110.54181671142578
2010-01-07 14:30:00+00:00,111.0658187866211
2010-01-08 14:30:00+00:00,111.76173400878906
2010-01-11 14:30:00+00:00,111.5406723022461
2010-01-12 14:30:00+00:00,110.27169036865234
2010-01-13 14:30:00+00:00,111.67987060546875
2010-01-14 14:30:00+00:00,111.89273071289062
2010-01-15 14:30:00+00:00,110.3944320678711
2010-01-19 14:30:00+00:00,111.80271911621094
2010-01-20 14:30:00+00:00,110.92668914794922
2010-01-21 14:30:00+00:00,109.4857406616211
2010-01-22 14:30:00+00:00,107.18518829345703
2010-01-25 14:30:00+00:00,107.51264953613281
2010-01-26 14:30:00+00:00,107.10330200195312
2010-01-27 14:30:00+00:00,107.25885772705078
2010-01-28 14:30:00+00:00,105.91614532470703
2010-01-29 14:30:00+00:00,104.38519287109375
2010-02-01 14:30:00+00:00,105.94072723388672
2010-02-02 14:30:00+00:00,107.43077850341797
2010-02-03 14:30:00+00:00,106.93138885498047
2010-02-04 14:30:00+00:00,103.42728424072266
2010-02-05 14:30:00+00:00,103.7138442993164
2010-02-08 14:30:00+00:00,102.96062469482422
2010-02-09 14:30:00+00:00,104.26239013671875
2010-02-10 14:30:00+00:00,104.23780822753906
2010-02-11 14:30:00+00:00,105.67874145507812
2010-02-12 14:30:00+00:00,106.34188842773438
2010-02-16 14:30:00+00:00,108.15126037597656
2010-02-17 14:30:00+00:00,108.9207992553711
2010-02-18 14:30:00+00:00,109.72317504882812
2010-02-19 14:30:00+00:00,109.91963958740234
2010-02-22 14:30:00+00:00,110.0751953125
2010-02-23 14:30:00+00:00,108.58515930175781
2010-02-24 14:30:00+00:00,109.56766510009766
2010-02-25 14:30:00+00:00,109.8213882446289
2010-02-26 14:30:00+00:00,109.66586303710938
2010-03-01 14:30:00+00:00,111.68802642822266
2010-03-02 14:30:00+00:00,112.44949340820312
2010-03-03 14:30:00+00:00,112.97339630126953
2010-03-04 14:30:00+00:00,113.00617980957031
2010-03-05 14:30:00+00:00,114.61087036132812
2010-03-08 14:30:00+00:00,114.83190155029297
2010-03-09 14:30:00+00:00,114.86465454101562
2010-03-10 14:30:00+00:00,115.79796600341797
2010-03-11 14:30:00+00:00,116.31370544433594
2010-03-12 14:30:00+00:00,116.64939880371094
2010-03-15 13:30:00+00:00,116.3629150390625
2010-03-16 13:30:00+00:00,117.71378326416016
2010-03-17 13:30:00+00:00,118.54878997802734
2010-03-18 13:30:00+00:00,117.99212646484375
2010-03-19 13:30:00+00:00,116.72455596923828
2010-03-22 13:30:00+00:00,118.16121673583984
2010-03-23 13:30:00+00:00,119.22027587890625
2010-03-24 13:30:00+00:00,118.12841796875
2010-03-25 13:30:00+00:00,117.34024810791016
2010-03-26 13:30:00+00:00,117.11038208007812
2010-03-29 13:30:00+00:00,118.14478302001953
2010-03-30 13:30:00+00:00,118.34183502197266
2010-03-31 13:30:00+00:00,117.52904510498047
2010-04-01 13:30:00+00:00,118.78514099121094
2010-04-05 13:30:00+00:00,120.63229370117188
2010-04-06 13:30:00+00:00,121.22343444824219
2010-04-07 13:30:00+00:00,120.37782287597656
2010-04-08 13:30:00+00:00,120.15614318847656
2010-04-09 13:30:00+00:00,121.37944793701172
2010-04-12 13:30:00+00:00,121.53536224365234
2010-04-13 13:30:00+00:00,121.97053527832031
2010-04-14 13:30:00+00:00,123.76020050048828
2010-04-15 13:30:00+00:00,123.73552703857422
2010-04-16 13:30:00+00:00,122.20856475830078
2010-04-19 13:30:00+00:00,121.83097076416016
2010-04-20 13:30:00+00:00,123.43182373046875
2010-04-21 13:30:00+00:00,123.81763458251953
2010-04-22 13:30:00+00:00,125.29541015625
2010-04-23 13:30:00+00:00,126.45295715332031
2010-04-26 13:30:00+00:00,126.1163101196289
2010-04-27 13:30:00+00:00,122.94739532470703
2010-04-28 13:30:00+00:00,123.30042266845703
2010-04-29 13:30:00+00:00,125.15583801269531
2010-04-30 13:30:00+00:00,122.43021392822266
2010-05-03 13:30:00+00:00,124.523681640625
2010-05-04 13:30:00+00:00,120.98534393310547
2010-05-05 13:30:00+00:00,119.7374496459961
2010-05-06 13:30:00+00:00,115.75579071044922
2010-05-07 13:30:00+00:00,112.80033111572266
2010-05-10 13:30:00+00:00,118.62914276123047
2010-05-11 13:30:00+00:00,118.99858856201172
2010-05-12 13:30:00+00:00,121.70779418945312
2010-05-13 13:30:00+00:00,120.59124755859375
2010-05-14 13:30:00+00:00,117.76715850830078
2010-05-17 13:30:00+00:00,117.89848327636719
2010-05-18 13:30:00+00:00,116.28947448730469
2010-05-19 13:30:00+00:00,115.0743408203125
2010-05-20 13:30:00+00:00,110.20608520507812
2010-05-21 13:30:00+00:00,111.89730072021484
2010-05-24 13:30:00+00:00,110.80535888671875
2010-05-25 13:30:00+00:00,110.63298797607422
2010-05-26 13:30:00+00:00,110.89569854736328
2010-05-27 13:30:00+00:00,115.1318130493164
2010-05-28 13:30:00+00:00,113.79368591308594
2010-06-01 13:30:00+00:00,110.91210174560547
2010-06-02 13:30:00+00:00,113.74444580078125
2010-06-03 13:30:00+00:00,114.58998107910156
2010-06-04 13:30:00+00:00,109.91056060791016
2010-06-07 13:30:00+00:00,107.73497772216797
2010-06-08 13:30:00+00:00,108.19474029541016
2010-06-09 13:30:00+00:00,108.53951263427734
2010-06-10 13:30:00+00:00,112.06147003173828
2010-06-11 13:30:00+00:00,113.09584045410156
2010-06-14 13:30:00+00:00,113.7690658569336
2010-06-15 13:30:00+00:00,116.2647705078125
2010-06-16 13:30:00+00:00,115.98564147949219
2010-06-17 13:30:00+00:00,115.71475219726562
2010-06-18 13:30:00+00:00,115.1212387084961
2010-06-21 13:30:00+00:00,114.71797943115234
2010-06-22 13:30:00+00:00,112.3309097290039
2010-06-23 13:30:00+00:00,112.00987243652344
2010-06-24 13:30:00+00:00,110.07557678222656
2010-06-25 13:30:00+00:00,111.3266830444336
2010-06-28 13:30:00+00:00,110.99746704101562
2010-06-29 13:30:00+00:00,107.16171264648438
2010-06-30 13:30:00+00:00,106.31391143798828
2010-07-01 13:30:00+00:00,105.66365051269531
2010-07-02 13:30:00+00:00,104.8816909790039
2010-07-06 13:30:00+00:00,104.49482727050781
2010-07-07 13:30:00+00:00,108.25646209716797
2010-07-08 13:30:00+00:00,109.36766052246094
2010-07-09 13:30:00+00:00,110.56122589111328
2010-07-12 13:30:00+00:00,109.96033477783203
2010-07-13 13:30:00+00:00,112.60253143310547
2010-07-14 13:30:00+00:00,112.3967514038086
2010-07-15 13:30:00+00:00,112.27330017089844
2010-07-16 13:30:00+00:00,108.6021957397461
2010-07-19 13:30:00+00:00,109.2853775024414
2010-07-20 13:30:00+00:00,110.89044189453125
2010-07-21 13:30:00+00:00,109.22774505615234
2010-07-22 13:30:00+00:00,112.41325378417969
2010-07-23 13:30:00+00:00,114.01006317138672
2010-07-26 13:30:00+00:00,116.15837860107422
2010-07-27 13:30:00+00:00,115.40936279296875
2010-07-28 13:30:00+00:00,113.90306091308594
2010-07-29 13:30:00+00:00,113.34330749511719
2010-07-30 13:30:00+00:00,113.54911804199219
2010-08-02 13:30:00+00:00,115.76331329345703
2010-08-03 13:30:00+00:00,114.9566879272461
2010-08-04 13:30:00+00:00,116.26541137695312
2010-08-05 13:30:00+00:00,115.6645278930664
2010-08-06 13:30:00+00:00,115.3188705444336
2010-08-09 13:30:00+00:00,116.43828582763672
2010-08-10 13:30:00+00:00,115.06365966796875
2010-08-11 13:30:00+00:00,111.0880355834961
2010-08-12 13:30:00+00:00,110.4212875366211
2010-08-13 13:30:00+00:00,109.95205688476562
2010-08-16 13:30:00+00:00,110.00968170166016
2010-08-17 13:30:00+00:00,111.85352325439453
2010-08-18 13:30:00+00:00,112.13335418701172
2010-08-19 13:30:00+00:00,110.24018859863281
2010-08-20 13:30:00+00:00,110.24842834472656
2010-08-23 13:30:00+00:00,109.10430908203125
2010-08-24 13:30:00+00:00,107.40042877197266
2010-08-25 13:30:00+00:00,108.25646209716797
2010-08-26 13:30:00+00:00,107.54032135009766
2010-08-27 13:30:00+00:00,109.87801361083984
2010-08-30 13:30:00+00:00,108.02604675292969
2010-08-31 13:30:00+00:00,107.91902160644531
2010-09-01 13:30:00+00:00,111.60655212402344
2010-09-02 13:30:00+00:00,113.0634994506836
2010-09-03 13:30:00+00:00,114.60270690917969
2010-09-07 13:30:00+00:00,113.03877258300781
2010-09-08 13:30:00+00:00,113.7631607055664
2010-09-09 13:30:00+00:00,114.0759048461914
2010-09-10 13:30:00+00:00,114.36400604248047
2010-09-13 13:30:00+00:00,116.41355895996094
2010-09-14 13:30:00+00:00,116.388916015625
2010-09-15 13:30:00+00:00,116.9732894897461
2010-09-16 13:30:00+00:00,116.60293579101562
2010-09-17 13:30:00+00:00,116.86104583740234
2010-09-20 13:30:00+00:00,118.79094696044922
2010-09-21 13:30:00+00:00,118.13941192626953
2010-09-22 13:30:00+00:00,117.1744613647461
2010-09-23 13:30:00+00:00,116.35794067382812
2010-09-24 13:30:00+00:00,119.11263275146484
2010-09-27 13:30:00+00:00,119.11263275146484
2010-09-28 13:30:00+00:00,119.87971496582031
2010-09-29 13:30:00+00:00,119.95392608642578
2010-09-30 13:30:00+00:00,120.07759857177734
2010-10-01 13:30:00+00:00,120.39106750488281
2010-10-04 13:30:00+00:00,119.14568328857422
2010-10-05 13:30:00+00:00,121.57874298095703
2010-10-06 13:30:00+00:00,120.69619750976562
2010-10-07 13:30:00+00:00,120.64674377441406
2010-10-08 13:30:00+00:00,121.49622344970703
2010-10-11 13:30:00+00:00,121.70246887207031
2010-10-12 13:30:00+00:00,122.11483764648438
2010-10-13 13:30:00+00:00,123.26939392089844
2010-10-14 13:30:00+00:00,122.79936218261719
2010-10-15 13:30:00+00:00,122.79936218261719
2010-10-18 13:30:00+00:00,123.03033447265625
2010-10-19 13:30:00+00:00,121.3642807006836
2010-10-20 13:30:00+00:00,122.84880828857422
2010-10-21 13:30:00+00:00,122.64269256591797
2010-10-22 13:30:00+00:00,123.49213409423828
2010-10-25 13:30:00+00:00,124.2674560546875
2010-10-26 13:30:00+00:00,124.08599853515625
2010-10-27 13:30:00+00:00,124.02825164794922
2010-10-28 13:30:00+00:00,123.86328887939453
2010-10-29 13:30:00+00:00,124.15198516845703
2010-11-01 13:30:00+00:00,124.11894989013672
2010-11-02 13:30:00+00:00,125.43861389160156
2010-11-03 13:30:00+00:00,125.83452606201172
2010-11-04 13:30:00+00:00,128.16030883789062
2010-11-05 13:30:00+00:00,129.04278564453125
2010-11-08 14:30:00+00:00,129.0098114013672
2010-11-09 14:30:00+00:00,127.62422943115234
2010-11-10 14:30:00+00:00,128.71290588378906
2010-11-11 14:30:00+00:00,128.40771484375
2010-11-12 14:30:00+00:00,126.403564453125
2010-11-15 14:30:00+00:00,126.708740234375
2010-11-16 14:30:00+00:00,124.56434631347656
2010-11-17 14:30:00+00:00,125.28185272216797
2010-11-18 14:30:00+00:00,127.046875
2010-11-19 14:30:00+00:00,127.44277954101562
2010-11-22 14:30:00+00:00,128.47377014160156
2010-11-23 14:30:00+00:00,126.98917388916016
2010-11-24 14:30:00+00:00,129.53768920898438
2010-11-26 14:30:00+00:00,128.63047790527344
2010-11-29 14:30:00+00:00,128.55613708496094
2010-11-30 14:30:00+00:00,127.83037567138672
2010-12-01 14:30:00+00:00,130.51913452148438
2010-12-02 14:30:00+00:00,132.1934356689453
2010-12-03 14:30:00+00:00,132.9851531982422
2010-12-06 14:30:00+00:00,133.04293823242188
2010-12-07 14:30:00+00:00,133.19139099121094
2010-12-08 14:30:00+00:00,133.03475952148438
2010-12-09 14:30:00+00:00,133.44705200195312
2010-12-10 14:30:00+00:00,134.8574676513672
2010-12-13 14:30:00+00:00,134.44503784179688
2010-12-14 14:30:00+00:00,134.35430908203125
2010-12-15 14:30:00+00:00,133.82644653320312
2010-12-16 14:30:00+00:00,135.15432739257812
2010-12-17 14:30:00+00:00,135.47361755371094
2010-12-20 14:30:00+00:00,135.5811004638672
2010-12-21 14:30:00+00:00,136.63975524902344
2010-12-22 14:30:00+00:00,137.003662109375
2010-12-23 14:30:00+00:00,136.7720489501953
2010-12-27 14:30:00+00:00,136.8134002685547
2010-12-28 14:30:00+00:00,136.5240020751953
2010-12-29 14:30:00+00:00,137.05328369140625
2010-12-30 14:30:00+00:00,137.011962890625
2010-12-31 14:30:00+00:00,136.20144653320312
2011-01-03 14:30:00+00:00,137.87208557128906
2011-01-04 14:30:00+00:00,136.50747680664062
2011-01-05 14:30:00+00:00,137.37588500976562
2011-01-06 14:30:00+00:00,137.02020263671875
2011-01-07 14:30:00+00:00,136.68112182617188
2011-01-10 14:30:00+00:00,137.40890502929688
2011-01-11 14:30:00+00:00,137.97952270507812
2011-01-12 14:30:00+00:00,138.8893585205078
2011-01-13 14:30:00+00:00,138.77359008789062
2011-01-14 14:30:00+00:00,139.7826385498047
2011-01-18 14:30:00+00:00,140.85772705078125
2011-01-19 14:30:00+00:00,138.7818603515625
2011-01-20 14:30:00+00:00,137.73973083496094
2011-01-21 14:30:00+00:00,137.2765350341797
2011-01-24 14:30:00+00:00,138.40968322753906
2011-01-25 14:30:00+00:00,138.6329803466797
2011-01-26 14:30:00+00:00,139.81568908691406
2011-01-27 14:30:00+00:00,140.36155700683594
2011-01-28 14:30:00+00:00,137.74806213378906
2011-01-31 14:30:00+00:00,138.8232421875
2011-02-01 14:30:00+00:00,140.95704650878906
2011-02-02 14:30:00+00:00,140.70074462890625
2011-02-03 14:30:00+00:00,141.15554809570312
2011-02-04 14:30:00+00:00,141.9329071044922
2011-02-07 14:30:00+00:00,143.09915161132812
2011-02-08 14:30:00+00:00,143.80213928222656
2011-02-09 14:30:00+00:00,143.5540771484375
2011-02-10 14:30:00+00:00,144.25704956054688
2011-02-11 14:30:00+00:00,145.76229858398438
2011-02-14 14:30:00+00:00,146.29168701171875
2011-02-15 14:30:00+00:00,145.77890014648438
2011-02-16 14:30:00+00:00,146.8292694091797
2011-02-17 14:30:00+00:00,147.44956970214844
2011-02-18 14:30:00+00:00,147.57354736328125
2011-02-22 14:30:00+00:00,144.0833740234375
2011-02-23 14:30:00+00:00,142.06532287597656
2011-02-24 14:30:00+00:00,142.0570831298828
2011-02-25 14:30:00+00:00,145.0014190673828
2011-02-28 14:30:00+00:00,145.12548828125
2011-03-01 14:30:00+00:00,142.79315185546875
2011-03-02 14:30:00+00:00,143.46307373046875
2011-03-03 14:30:00+00:00,146.50672912597656
2011-03-04 14:30:00+00:00,145.61349487304688
2011-03-07 14:30:00+00:00,143.57058715820312
2011-03-08 14:30:00+00:00,145.36532592773438
2011-03-09 14:30:00+00:00,144.93524169921875
2011-03-10 14:30:00+00:00,142.35482788085938
2011-03-11 14:30:00+00:00,143.28936767578125
2011-03-14 13:30:00+00:00,142.65252685546875
2011-03-15 13:30:00+00:00,141.70968627929688
2011-03-16 13:30:00+00:00,140.229248046875
2011-03-17 13:30:00+00:00,141.03977966308594
2011-03-18 13:30:00+00:00,141.7893829345703
2011-03-21 13:30:00+00:00,144.6336212158203
2011-03-22 13:30:00+00:00,143.68829345703125
2011-03-23 13:30:00+00:00,143.42298889160156
2011-03-24 13:30:00+00:00,144.89068603515625
2011-03-25 13:30:00+00:00,145.9603729248047
2011-03-28 13:30:00+00:00,145.42141723632812
2011-03-29 13:30:00+00:00,146.6155242919922
2011-03-30 13:30:00+00:00,148.0500030517578
2011-03-31 13:30:00+00:00,148.88751220703125
2011-04-01 13:30:00+00:00,149.932373046875
2011-04-04 13:30:00+00:00,150.00701904296875
2011-04-05 13:30:00+00:00,150.48794555664062
2011-04-06 13:30:00+00:00,150.64552307128906
2011-04-07 13:30:00+00:00,149.76649475097656
2011-04-08 13:30:00+00:00,148.62217712402344
2011-04-11 13:30:00+00:00,147.58575439453125
2011-04-12 13:30:00+00:00,146.1759490966797
2011-04-13 13:30:00+00:00,146.58233642578125
2011-04-14 13:30:00+00:00,146.69009399414062
2011-04-15 13:30:00+00:00,147.99197387695312
2011-04-18 13:30:00+00:00,145.4545440673828
2011-04-19 13:30:00+00:00,146.22576904296875
2011-04-20 13:30:00+00:00,148.87098693847656
2011-04-21 13:30:00+00:00,149.70013427734375
2011-04-25 13:30:00+00:00,149.7084503173828
2011-04-26 13:30:00+00:00,151.12649536132812
2011-04-27 13:30:00+00:00,152.22105407714844
2011-04-28 13:30:00+00:00,152.29571533203125
2011-04-29 13:30:00+00:00,152.80145263671875
2011-05-02 13:30:00+00:00,151.72349548339844
2011-05-03 13:30:00+00:00,150.41329956054688
2011-05-04 13:30:00+00:00,149.09486389160156
2011-05-05 13:30:00+00:00,148.50611877441406
2011-05-06 13:30:00+00:00,148.8627166748047
2011-05-09 13:30:00+00:00,150.4049835205078
2011-05-10 13:30:00+00:00,151.97230529785156
2011-05-11 13:30:00+00:00,150.3054656982422
2011-05-12 13:30:00+00:00,151.20938110351562
2011-05-13 13:30:00+00:00,149.74998474121094
2011-05-16 13:30:00+00:00,148.38998413085938
2011-05-17 13:30:00+00:00,147.35350036621094
2011-05-18 13:30:00+00:00,149.60897827148438
2011-05-19 13:30:00+00:00,149.80801391601562
2011-05-20 13:30:00+00:00,148.66363525390625
2011-05-23 13:30:00+00:00,146.29202270507812
2011-05-24 13:30:00+00:00,145.9189453125
2011-05-25 13:30:00+00:00,146.98028564453125
2011-05-26 13:30:00+00:00,148.31536865234375
2011-05-27 13:30:00+00:00,149.16952514648438
2011-05-31 13:30:00+00:00,151.40011596679688
2011-06-01 13:30:00+00:00,147.04664611816406
2011-06-02 13:30:00+00:00,146.9637908935547
2011-06-03 13:30:00+00:00,144.8823699951172
2011-06-06 13:30:00+00:00,142.86734008789062
2011-06-07 13:30:00+00:00,143.3151397705078
2011-06-08 13:30:00+00:00,142.0546875
2011-06-09 13:30:00+00:00,142.63511657714844
2011-06-10 13:30:00+00:00,140.42112731933594
2011-06-13 13:30:00+00:00,140.14752197265625
2011-06-14 13:30:00+00:00,142.7098388671875
2011-06-15 13:30:00+00:00,140.5704345703125
2011-06-16 13:30:00+00:00,140.3713836669922
2011-06-17 13:30:00+00:00,140.65335083007812
2011-06-20 13:30:00+00:00,141.79248046875
2011-06-21 13:30:00+00:00,144.52821350097656
2011-06-22 13:30:00+00:00,143.91290283203125
2011-06-23 13:30:00+00:00,143.83804321289062
2011-06-24 13:30:00+00:00,142.78201293945312
2011-06-27 13:30:00+00:00,143.38067626953125
2011-06-28 13:30:00+00:00,145.6092529296875
2011-06-29 13:30:00+00:00,146.77340698242188
2011-06-30 13:30:00+00:00,147.55502319335938
2011-07-01 13:30:00+00:00,150.13275146484375
2011-07-05 13:30:00+00:00,150.24916076660156
2011-07-06 13:30:00+00:00,151.13052368164062
2011-07-07 13:30:00+00:00,152.76034545898438
2011-07-08 13:30:00+00:00,151.57957458496094
2011-07-11 13:30:00+00:00,148.47802734375
2011-07-12 13:30:00+00:00,147.84603881835938
2011-07-13 13:30:00+00:00,148.34495544433594
2011-07-14 13:30:00+00:00,146.3741912841797
2011-07-15 13:30:00+00:00,147.2971649169922
2011-07-18 13:30:00+00:00,145.33480834960938
2011-07-19 13:30:00+00:00,148.20359802246094
2011-07-20 13:30:00+00:00,147.96250915527344
2011-07-21 13:30:00+00:00,149.34275817871094
2011-07-22 13:30:00+00:00,149.65867614746094
2011-07-25 13:30:00+00:00,148.5694580078125
2011-07-26 13:30:00+00:00,147.48013305664062
2011-07-27 13:30:00+00:00,143.43893432617188
2011-07-28 13:30:00+00:00,142.79861450195312
2011-07-29 13:30:00+00:00,142.4493865966797
2011-08-01 13:30:00+00:00,141.6178741455078
2011-08-02 13:30:00+00:00,137.37705993652344
2011-08-03 13:30:00+00:00,137.94252014160156
2011-08-04 13:30:00+00:00,129.63543701171875
2011-08-05 13:30:00+00:00,127.5151596069336
2011-08-08 13:30:00+00:00,117.22907257080078
2011-08-09 13:30:00+00:00,124.55484771728516
2011-08-10 13:30:00+00:00,120.43879699707031
2011-08-11 13:30:00+00:00,126.8000259399414
2011-08-12 13:30:00+00:00,127.4652328491211
2011-08-15 13:30:00+00:00,130.79962158203125
2011-08-16 13:30:00+00:00,129.0534210205078
2011-08-17 13:30:00+00:00,128.47970581054688
2011-08-18 13:30:00+00:00,121.34514617919922
2011-08-19 13:30:00+00:00,119.19984436035156
2011-08-22 13:30:00+00:00,119.35784149169922
2011-08-23 13:30:00+00:00,123.99772644042969
2011-08-24 13:30:00+00:00,125.7772445678711
2011-08-25 13:30:00+00:00,123.14957427978516
2011-08-26 13:30:00+00:00,126.3094253540039
2011-08-29 13:30:00+00:00,131.24868774414062
2011-08-30 13:30:00+00:00,131.82235717773438
2011-08-31 13:30:00+00:00,132.2465057373047
2011-09-01 13:30:00+00:00,130.22592163085938
2011-09-02 13:30:00+00:00,126.00174713134766
2011-09-06 13:30:00+00:00,125.22843170166016
2011-09-07 13:30:00+00:00,129.77687072753906
2011-09-08 13:30:00+00:00,128.08883666992188
2011-09-09 13:30:00+00:00,124.60474395751953
2011-09-12 13:30:00+00:00,125.26167297363281
2011-09-13 13:30:00+00:00,126.98290252685547
2011-09-14 13:30:00+00:00,129.32786560058594
2011-09-15 13:30:00+00:00,131.032470703125
2011-09-16 13:30:00+00:00,130.8759002685547
2011-09-19 13:30:00+00:00,129.25990295410156
2011-09-20 13:30:00+00:00,127.68567657470703
2011-09-21 13:30:00+00:00,123.17094421386719
2011-09-22 13:30:00+00:00,118.73119354248047
2011-09-23 13:30:00+00:00,120.23890686035156
2011-09-26 13:30:00+00:00,122.51286315917969
2011-09-27 13:30:00+00:00,124.7201919555664
2011-09-28 13:30:00+00:00,120.78865814208984
2011-09-29 13:30:00+00:00,121.70487976074219
2011-09-30 13:30:00+00:00,118.38975524902344
2011-10-03 13:30:00+00:00,112.77549743652344
2011-10-04 13:30:00+00:00,117.46509552001953
2011-10-05 13:30:00+00:00,119.95570373535156
2011-10-06 13:30:00+00:00,122.82943725585938
2011-10-07 13:30:00+00:00,120.980224609375
2011-10-10 13:30:00+00:00,125.39497375488281
2011-10-11 13:30:00+00:00,125.5699234008789
2011-10-12 13:30:00+00:00,127.0109634399414
2011-10-13 13:30:00+00:00,127.25247955322266
2011-10-14 13:30:00+00:00,129.50982666015625
2011-10-17 13:30:00+00:00,125.80311584472656
2011-10-18 13:30:00+00:00,129.1766357421875
2011-10-19 13:30:00+00:00,127.08589172363281
2011-10-20 13:30:00+00:00,127.66061401367188
2011-10-21 13:30:00+00:00,130.35116577148438
2011-10-24 13:30:00+00:00,134.08285522460938
2011-10-25 13:30:00+00:00,130.90078735351562
2011-10-26 13:30:00+00:00,132.55848693847656
2011-10-27 13:30:00+00:00,138.3225555419922
2011-10-28 13:30:00+00:00,137.78118896484375
2011-10-31 13:30:00+00:00,134.4409942626953
2011-11-01 13:30:00+00:00,130.20950317382812
2011-11-02 13:30:00+00:00,132.80006408691406
2011-11-03 13:30:00+00:00,135.89039611816406
2011-11-04 13:30:00+00:00,136.24017333984375
2011-11-07 14:30:00+00:00,135.99029541015625
2011-11-08 14:30:00+00:00,137.50634765625
2011-11-09 14:30:00+00:00,131.43399047851562
2011-11-10 14:30:00+00:00,132.092041015625
2011-11-11 14:30:00+00:00,135.10736083984375
2011-11-14 14:30:00+00:00,133.7246551513672
2011-11-15 14:30:00+00:00,135.0906982421875
2011-11-16 14:30:00+00:00,133.26646423339844
2011-11-17 14:30:00+00:00,130.75930786132812
2011-11-18 14:30:00+00:00,130.45938110351562
2011-11-21 14:30:00+00:00,127.85221099853516
2011-11-22 14:30:00+00:00,127.22748565673828
2011-11-23 14:30:00+00:00,123.70404052734375
2011-11-25 14:30:00+00:00,123.12090301513672
2011-11-28 14:30:00+00:00,127.57738494873047
2011-11-29 14:30:00+00:00,127.67728424072266
2011-11-30 14:30:00+00:00,134.11610412597656
2011-12-01 14:30:00+00:00,133.19989013671875
2011-12-02 14:30:00+00:00,133.53302001953125
2011-12-05 14:30:00+00:00,135.47386169433594
2011-12-06 14:30:00+00:00,135.15731811523438
2011-12-07 14:30:00+00:00,134.7408905029297
2011-12-08 14:30:00+00:00,131.21739196777344
2011-12-09 14:30:00+00:00,134.34103393554688
2011-12-12 14:30:00+00:00,132.08377075195312
2011-12-13 14:30:00+00:00,129.55142211914062
2011-12-14 14:30:00+00:00,127.62733459472656
2011-12-15 14:30:00+00:00,128.49362182617188
2011-12-16 14:30:00+00:00,129.73818969726562
2011-12-19 14:30:00+00:00,127.59844970703125
2011-12-20 14:30:00+00:00,131.98658752441406
2011-12-21 14:30:00+00:00,132.2289581298828
2011-12-22 14:30:00+00:00,133.5662841796875
2011-12-23 14:30:00+00:00,134.36866760253906
2011-12-27 14:30:00+00:00,134.58604431152344
2011-12-28 14:30:00+00:00,132.3961181640625
2011-12-29 14:30:00+00:00,134.10951232910156
2011-12-30 14:30:00+00:00,133.30714416503906
2012-01-03 14:30:00+00:00,134.80332946777344
2012-01-04 14:30:00+00:00,134.43557739257812
2012-01-05 14:30:00+00:00,135.47203063964844
2012-01-06 14:30:00+00:00,135.3466033935547
2012-01-09 14:30:00+00:00,136.098876953125
2012-01-10 14:30:00+00:00,137.9627685546875
2012-01-11 14:30:00+00:00,138.2469940185547
2012-01-12 14:30:00+00:00,138.514404296875
2012-01-13 14:30:00+00:00,137.87078857421875
2012-01-17 14:30:00+00:00,138.0296630859375
2012-01-18 14:30:00+00:00,140.3365020751953
2012-01-19 14:30:00+00:00,141.4649200439453
2012-01-20 14:30:00+00:00,141.36465454101562
2012-01-23 14:30:00+00:00,141.37298583984375
2012-01-24 14:30:00+00:00,141.90789794921875
2012-01-25 14:30:00+00:00,143.37060546875
2012-01-26 14:30:00+00:00,142.42616271972656
2012-01-27 14:30:00+00:00,143.29541015625
2012-01-30 14:30:00+00:00,142.44281005859375
2012-01-31 14:30:00+00:00,142.09178161621094
2012-02-01 14:30:00+00:00,145.02554321289062
2012-02-02 14:30:00+00:00,145.35153198242188
2012-02-03 14:30:00+00:00,147.63330078125
2012-02-06 14:30:00+00:00,147.49964904785156
2012-02-07 14:30:00+00:00,147.65841674804688
2012-02-08 14:30:00+00:00,147.9760284423828
2012-02-09 14:30:00+00:00,148.16827392578125
2012-02-10 14:30:00+00:00,146.5467529296875
2012-02-13 14:30:00+00:00,148.1181640625
2012-02-14 14:30:00+00:00,148.05123901367188
2012-02-15 14:30:00+00:00,147.591552734375
2012-02-16 14:30:00+00:00,149.89845275878906
2012-02-17 14:30:00+00:00,149.78982543945312
2012-02-21 14:30:00+00:00,149.12948608398438
2012-02-22 14:30:00+00:00,148.5528564453125
2012-02-23 14:30:00+00:00,149.7479705810547
2012-02-24 14:30:00+00:00,149.78982543945312
2012-02-27 14:30:00+00:00,149.81488037109375
2012-02-28 14:30:00+00:00,149.6310577392578
2012-02-29 14:30:00+00:00,148.5026397705078
2012-03-01 14:30:00+00:00,149.90687561035156
2012-03-02 14:30:00+00:00,148.65310668945312
2012-03-05 14:30:00+00:00,148.1181640625
2012-03-06 14:30:00+00:00,145.26791381835938
2012-03-07 14:30:00+00:00,146.7139892578125
2012-03-08 14:30:00+00:00,148.39395141601562
2012-03-09 14:30:00+00:00,149.83160400390625
2012-03-12 13:30:00+00:00,149.28834533691406
2012-03-13 13:30:00+00:00,152.20538330078125
2012-03-14 13:30:00+00:00,151.04359436035156
2012-03-15 13:30:00+00:00,152.439453125
2012-03-16 13:30:00+00:00,152.22412109375
2012-03-19 13:30:00+00:00,152.73507690429688
2012-03-20 13:30:00+00:00,151.61270141601562
2012-03-21 13:30:00+00:00,151.44522094726562
2012-03-22 13:30:00+00:00,149.90402221679688
2012-03-23 13:30:00+00:00,150.88397216796875
2012-03-26 13:30:00+00:00,153.14549255371094
2012-03-27 13:30:00+00:00,152.5172882080078
2012-03-28 13:30:00+00:00,151.71319580078125
2012-03-29 13:30:00+00:00,151.487060546875
2012-03-30 13:30:00+00:00,151.3614501953125
2012-04-02 13:30:00+00:00,152.24920654296875
2012-04-03 13:30:00+00:00,152.59274291992188
2012-04-04 13:30:00+00:00,150.53221130371094
2012-04-05 13:30:00+00:00,149.92076110839844
2012-04-09 13:30:00+00:00,148.08648681640625
2012-04-10 13:30:00+00:00,144.60206604003906
2012-04-11 13:30:00+00:00,146.26048278808594
2012-04-12 13:30:00+00:00,148.87374877929688
2012-04-13 13:30:00+00:00,147.0310821533203
2012-04-16 13:30:00+00:00,147.09800720214844
2012-04-17 13:30:00+00:00,149.4433135986328
2012-04-18 13:30:00+00:00,149.03294372558594
2012-04-19 13:30:00+00:00,148.46328735351562
2012-04-20 13:30:00+00:00,148.656005859375
2012-04-23 13:30:00+00:00,147.21533203125
2012-04-24 13:30:00+00:00,147.58387756347656
2012-04-25 13:30:00+00:00,150.13015747070312
2012-04-26 13:30:00+00:00,151.59593200683594
2012-04-27 13:30:00+00:00,152.2325439453125
2012-04-30 13:30:00+00:00,150.93431091308594
2012-05-01 13:30:00+00:00,151.72154235839844
2012-05-02 13:30:00+00:00,151.99803161621094
2012-05-03 13:30:00+00:00,149.50193786621094
2012-05-04 13:30:00+00:00,147.16513061523438
2012-05-07 13:30:00+00:00,147.73460388183594
2012-05-08 13:30:00+00:00,147.45826721191406
2012-05-09 13:30:00+00:00,146.88865661621094
2012-05-10 13:30:00+00:00,147.02273559570312
2012-05-11 13:30:00+00:00,147.06463623046875
2012-05-14 13:30:00+00:00,145.41452026367188
2012-05-15 13:30:00+00:00,144.85333251953125
2012-05-16 13:30:00+00:00,143.57179260253906
2012-05-17 13:30:00+00:00,139.70217895507812
2012-05-18 13:30:00+00:00,137.95999145507812
2012-05-21 13:30:00+00:00,141.1595458984375
2012-05-22 13:30:00+00:00,141.58668518066406
2012-05-23 13:30:00+00:00,142.39918518066406
2012-05-24 13:30:00+00:00,142.9269256591797
2012-05-25 13:30:00+00:00,142.6337127685547
2012-05-29 13:30:00+00:00,144.44290161132812
2012-05-30 13:30:00+00:00,141.5615997314453
2012-05-31 13:30:00+00:00,141.19305419921875
2012-06-01 13:30:00+00:00,136.8124237060547
2012-06-04 13:30:00+00:00,136.11720275878906
2012-06-05 13:30:00+00:00,137.83433532714844
2012-06-06 13:30:00+00:00,140.7993621826172
2012-06-07 13:30:00+00:00,140.15447998046875
2012-06-08 13:30:00+00:00,141.31861877441406
2012-06-11 13:30:00+00:00,138.66351318359375
2012-06-12 13:30:00+00:00,140.06227111816406
2012-06-13 13:30:00+00:00,138.18603515625
2012-06-14 13:30:00+00:00,139.08229064941406
2012-06-15 13:30:00+00:00,140.5189666748047
2012-06-18 13:30:00+00:00,141.66163635253906
2012-06-19 13:30:00+00:00,143.14035034179688
2012-06-20 13:30:00+00:00,143.0396270751953
2012-06-21 13:30:00+00:00,139.2923126220703
2012-06-22 13:30:00+00:00,139.9225311279297
2012-06-25 13:30:00+00:00,137.4103546142578
2012-06-26 13:30:00+00:00,138.33448791503906
2012-06-27 13:30:00+00:00,139.7124786376953
2012-06-28 13:30:00+00:00,140.13253784179688
2012-06-29 13:30:00+00:00,143.92173767089844
2012-07-02 13:30:00+00:00,144.92149353027344
2012-07-03 13:30:00+00:00,146.58505249023438
2012-07-05 13:30:00+00:00,146.61029052734375
2012-07-06 13:30:00+00:00,144.92149353027344
2012-07-09 13:30:00+00:00,144.4090118408203
2012-07-10 13:30:00+00:00,142.79586791992188
2012-07-11 13:30:00+00:00,142.36740112304688
2012-07-12 13:30:00+00:00,141.85491943359375
2012-07-13 13:30:00+00:00,144.09814453125
2012-07-16 13:30:00+00:00,143.21600341796875
2012-07-17 13:30:00+00:00,144.08135986328125
2012-07-18 13:30:00+00:00,145.05599975585938
2012-07-19 13:30:00+00:00,145.13153076171875
2012-07-20 13:30:00+00:00,143.78729248046875
2012-07-23 13:30:00+00:00,141.86328125
2012-07-24 13:30:00+00:00,139.77969360351562
2012-07-25 13:30:00+00:00,140.0736846923828
2012-07-26 13:30:00+00:00,142.15740966796875
2012-07-27 13:30:00+00:00,145.1147918701172
2012-07-30 13:30:00+00:00,144.74508666992188
2012-07-31 13:30:00+00:00,143.8881072998047
2012-08-01 13:30:00+00:00,142.37579345703125
2012-08-02 13:30:00+00:00,141.6952362060547
2012-08-03 13:30:00+00:00,144.43426513671875
2012-08-06 13:30:00+00:00,145.19033813476562
2012-08-07 13:30:00+00:00,146.68588256835938
2012-08-08 13:30:00+00:00,146.8035430908203
2012-08-09 13:30:00+00:00,147.0807647705078
2012-08-10 13:30:00+00:00,147.10592651367188
2012-08-13 13:30:00+00:00,146.88748168945312
2012-08-14 13:30:00+00:00,146.66067504882812
2012-08-15 13:30:00+00:00,147.69407653808594
2012-08-16 13:30:00+00:00,148.9879150390625
2012-08-17 13:30:00+00:00,149.63491821289062
2012-08-20 13:30:00+00:00,149.18959045410156
2012-08-21 13:30:00+00:00,149.3660430908203
2012-08-22 13:30:00+00:00,149.05517578125
2012-08-23 13:30:00+00:00,148.0721435546875
2012-08-24 13:30:00+00:00,148.4586639404297
2012-08-27 13:30:00+00:00,148.41664123535156
2012-08-28 13:30:00+00:00,149.04673767089844
2012-08-29 13:30:00+00:00,149.14759826660156
2012-08-30 13:30:00+00:00,148.05540466308594
2012-08-31 13:30:00+00:00,148.9879150390625
2012-09-04 13:30:00+00:00,150.39100646972656
2012-09-05 13:30:00+00:00,150.14744567871094
2012-09-06 13:30:00+00:00,153.08799743652344
2012-09-07 13:30:00+00:00,153.88616943359375
2012-09-10 13:30:00+00:00,153.264404296875
2012-09-11 13:30:00+00:00,153.36526489257812
2012-09-12 13:30:00+00:00,154.1634063720703
2012-09-13 13:30:00+00:00,155.69252014160156
2012-09-14 13:30:00+00:00,157.40647888183594
2012-09-17 13:30:00+00:00,155.85214233398438
2012-09-18 13:30:00+00:00,154.77670288085938
2012-09-19 13:30:00+00:00,155.15481567382812
2012-09-20 13:30:00+00:00,154.08779907226562
2012-09-21 13:30:00+00:00,153.87814331054688
2012-09-24 13:30:00+00:00,153.8697052001953
2012-09-25 13:30:00+00:00,151.52035522460938
2012-09-26 13:30:00+00:00,150.3667449951172
2012-09-27 13:30:00+00:00,152.1434783935547
2012-09-28 13:30:00+00:00,151.50355529785156
2012-10-01 13:30:00+00:00,150.7035675048828
2012-10-02 13:30:00+00:00,151.48667907714844
2012-10-03 13:30:00+00:00,151.45297241210938
2012-10-04 13:30:00+00:00,152.8592529296875
2012-10-05 13:30:00+00:00,152.8592529296875
2012-10-08 13:30:00+00:00,152.1687469482422
2012-10-09 13:30:00+00:00,150.82150268554688
2012-10-10 13:30:00+00:00,150.08045959472656
2012-10-11 13:30:00+00:00,150.8383026123047
2012-10-12 13:30:00+00:00,149.60047912597656
2012-10-15 13:30:00+00:00,150.998291015625
2012-10-16 13:30:00+00:00,152.5561065673828
2012-10-17 13:30:00+00:00,153.68447875976562
2012-10-18 13:30:00+00:00,153.56658935546875
2012-10-19 13:30:00+00:00,151.22564697265625
2012-10-22 13:30:00+00:00,151.13307189941406
2012-10-23 13:30:00+00:00,150.03839111328125
2012-10-24 13:30:00+00:00,149.61729431152344
2012-10-25 13:30:00+00:00,149.9456787109375
2012-10-26 13:30:00+00:00,149.51626586914062
2012-10-31 13:30:00+00:00,150.0972900390625
2012-11-01 13:30:00+00:00,153.82765197753906
2012-11-02 13:30:00+00:00,151.56253051757812
2012-11-05 14:30:00+00:00,152.49720764160156
2012-11-06 14:30:00+00:00,153.83599853515625
2012-11-07 14:30:00+00:00,150.64463806152344
2012-11-08 14:30:00+00:00,148.51417541503906
2012-11-09 14:30:00+00:00,148.87635803222656
2012-11-12 14:30:00+00:00,148.65737915039062
2012-11-13 14:30:00+00:00,148.61532592773438
2012-11-14 14:30:00+00:00,145.84490966796875
2012-11-15 14:30:00+00:00,145.2722930908203
2012-11-16 14:30:00+00:00,146.3164520263672
2012-11-19 14:30:00+00:00,149.28892517089844
2012-11-20 14:30:00+00:00,149.7941436767578
2012-11-21 14:30:00+00:00,150.2236328125
2012-11-23 14:30:00+00:00,152.03399658203125
2012-11-26 14:30:00+00:00,151.91616821289062
2012-11-27 14:30:00+00:00,151.57931518554688
2012-11-28 14:30:00+00:00,152.56451416015625
2012-11-29 14:30:00+00:00,153.60865783691406
2012-11-30 14:30:00+00:00,153.54974365234375
2012-12-03 14:30:00+00:00,153.28028869628906
2012-12-04 14:30:00+00:00,153.17926025390625
2012-12-05 14:30:00+00:00,153.50770568847656
2012-12-06 14:30:00+00:00,153.81922912597656
2012-12-07 14:30:00+00:00,154.02134704589844
2012-12-10 14:30:00+00:00,154.9812469482422
2012-12-11 14:30:00+00:00,155.6464385986328
2012-12-12 14:30:00+00:00,155.40223693847656
2012-12-13 14:30:00+00:00,154.4086151123047
2012-12-14 14:30:00+00:00,154.09703063964844
2012-12-17 14:30:00+00:00,155.494873046875
2012-12-18 14:30:00+00:00,157.63375854492188
2012-12-19 14:30:00+00:00,157.37265014648438
2012-12-20 14:30:00+00:00,158.34947204589844
2012-12-21 14:30:00+00:00,157.72023010253906
2012-12-24 14:30:00+00:00,156.8322296142578
2012-12-26 14:30:00+00:00,155.63137817382812
2012-12-27 14:30:00+00:00,155.4875030517578
2012-12-28 14:30:00+00:00,154.540283203125
2012-12-31 14:30:00+00:00,157.06063842773438
2013-01-02 14:30:00+00:00,161.4160614013672
2013-01-03 14:30:00+00:00,161.29769897460938
2013-01-04 14:30:00+00:00,162.42250061035156
2013-01-07 14:30:00+00:00,161.97433471679688
2013-01-08 14:30:00+00:00,161.5429229736328
2013-01-09 14:30:00+00:00,162.53248596191406
2013-01-10 14:30:00+00:00,162.8707733154297
2013-01-11 14:30:00+00:00,162.61703491210938
2013-01-14 14:30:00+00:00,162.92994689941406
2013-01-15 14:30:00+00:00,163.7249755859375
2013-01-16 14:30:00+00:00,163.32752990722656
2013-01-17 14:30:00+00:00,164.7313690185547
2013-01-18 14:30:00+00:00,165.07810974121094
2013-01-22 14:30:00+00:00,166.45663452148438
2013-01-23 14:30:00+00:00,166.439697265625
2013-01-24 14:30:00+00:00,167.2515869140625
2013-01-25 14:30:00+00:00,168.84156799316406
2013-01-28 14:30:00+00:00,168.58792114257812
2013-01-29 14:30:00+00:00,168.50331115722656
2013-01-30 14:30:00+00:00,167.47154235839844
2013-01-31 14:30:00+00:00,168.18191528320312
2013-02-01 14:30:00+00:00,169.5520477294922
2013-02-04 14:30:00+00:00,168.01278686523438
2013-02-05 14:30:00+00:00,169.02767944335938
2013-02-06 14:30:00+00:00,169.96646118164062
2013-02-07 14:30:00+00:00,169.68734741210938
2013-02-08 14:30:00+00:00,170.7529296875
2013-02-11 14:30:00+00:00,170.330078125
2013-02-12 14:30:00+00:00,171.1504364013672
2013-02-13 14:30:00+00:00,171.5986785888672
2013-02-14 14:30:00+00:00,172.04690551757812
2013-02-15 14:30:00+00:00,171.79322814941406
2013-02-19 14:30:00+00:00,172.90110778808594
2013-02-20 14:30:00+00:00,169.80572509765625
2013-02-21 14:30:00+00:00,168.31729125976562
2013-02-22 14:30:00+00:00,170.397705078125
2013-02-25 14:30:00+00:00,166.50746154785156
2013-02-26 14:30:00+00:00,167.5561065673828
2013-02-27 14:30:00+00:00,169.9918212890625
2013-02-28 14:30:00+00:00,169.577392578125
2013-03-01 14:30:00+00:00,169.34060668945312
2013-03-04 14:30:00+00:00,169.7803497314453
2013-03-05 14:30:00+00:00,172.03842163085938
2013-03-06 14:30:00+00:00,172.34291076660156
2013-03-07 14:30:00+00:00,172.77426147460938
2013-03-08 14:30:00+00:00,174.3135223388672
2013-03-11 13:30:00+00:00,174.49110412597656
2013-03-12 13:30:00+00:00,174.43190002441406
2013-03-13 13:30:00+00:00,174.97317504882812
2013-03-14 13:30:00+00:00,176.3263397216797
2013-03-15 13:30:00+00:00,176.02713012695312
2013-03-18 13:30:00+00:00,175.17930603027344
2013-03-19 13:30:00+00:00,174.94200134277344
2013-03-20 13:30:00+00:00,176.7561492919922
2013-03-21 13:30:00+00:00,175.21322631835938
2013-03-22 13:30:00+00:00,175.79815673828125
2013-03-25 13:30:00+00:00,175.2980194091797
2013-03-26 13:30:00+00:00,176.46792602539062
2013-03-27 13:30:00+00:00,176.7985076904297
2013-03-28 13:30:00+00:00,177.79039001464844
2013-04-01 13:30:00+00:00,176.02713012695312
2013-04-02 13:30:00+00:00,175.2980194091797
2013-04-03 13:30:00+00:00,172.51739501953125
2013-04-04 13:30:00+00:00,173.53468322753906
2013-04-05 13:30:00+00:00,173.4075469970703
2013-04-08 13:30:00+00:00,174.7300567626953
2013-04-09 13:30:00+00:00,174.7808380126953
2013-04-10 13:30:00+00:00,177.19700622558594
2013-04-11 13:30:00+00:00,177.8751983642578
2013-04-12 13:30:00+00:00,177.13763427734375
2013-04-15 13:30:00+00:00,171.58485412597656
2013-04-16 13:30:00+00:00,174.21292114257812
2013-04-17 13:30:00+00:00,171.54251098632812
2013-04-18 13:30:00+00:00,170.3979949951172
2013-04-19 13:30:00+00:00,173.20411682128906
2013-04-22 13:30:00+00:00,173.5854949951172
2013-04-23 13:30:00+00:00,175.34043884277344
2013-04-24 13:30:00+00:00,176.0695037841797
2013-04-25 13:30:00+00:00,176.78155517578125
2013-04-26 13:30:00+00:00,176.0609893798828
2013-04-29 13:30:00+00:00,177.3411102294922
2013-04-30 13:30:00+00:00,178.8501434326172
2013-05-01 13:30:00+00:00,175.68800354003906
2013-05-02 13:30:00+00:00,177.5530242919922
2013-05-03 13:30:00+00:00,179.67242431640625
2013-05-06 13:30:00+00:00,180.72360229492188
2013-05-07 13:30:00+00:00,182.14784240722656
2013-05-08 13:30:00+00:00,183.34312438964844
2013-05-09 13:30:00+00:00,182.4530029296875
2013-05-10 13:30:00+00:00,183.69920349121094
2013-05-13 13:30:00+00:00,183.26687622070312
2013-05-14 13:30:00+00:00,185.41168212890625
2013-05-15 13:30:00+00:00,186.1153106689453
2013-05-16 13:30:00+00:00,185.12342834472656
2013-05-17 13:30:00+00:00,187.11566162109375
2013-05-20 13:30:00+00:00,187.28521728515625
2013-05-21 13:30:00+00:00,187.48019409179688
2013-05-22 13:30:00+00:00,184.30117797851562
2013-05-23 13:30:00+00:00,184.09768676757812
2013-05-24 13:30:00+00:00,183.5550994873047
2013-05-28 13:30:00+00:00,184.716552734375
2013-05-29 13:30:00+00:00,183.13973999023438
2013-05-30 13:30:00+00:00,184.7673797607422
2013-05-31 13:30:00+00:00,182.94471740722656
2013-06-03 13:30:00+00:00,182.32591247558594
2013-06-04 13:30:00+00:00,181.13900756835938
2013-06-05 13:30:00+00:00,178.5194854736328
2013-06-06 13:30:00+00:00,180.85073852539062
2013-06-07 13:30:00+00:00,182.50390625
2013-06-10 13:30:00+00:00,182.64801025390625
2013-06-11 13:30:00+00:00,180.2658233642578
2013-06-12 13:30:00+00:00,178.7313995361328
2013-06-13 13:30:00+00:00,182.0037078857422
2013-06-14 13:30:00+00:00,181.26622009277344
2013-06-17 13:30:00+00:00,182.37677001953125
2013-06-18 13:30:00+00:00,183.99591064453125
2013-06-19 13:30:00+00:00,180.93545532226562
2013-06-20 13:30:00+00:00,176.08642578125
2013-06-21 13:30:00+00:00,175.98092651367188
2013-06-24 13:30:00+00:00,173.9986114501953
2013-06-25 13:30:00+00:00,176.1851043701172
2013-06-26 13:30:00+00:00,177.28260803222656
2013-06-27 13:30:00+00:00,179.8349151611328
2013-06-28 13:30:00+00:00,178.7458953857422
2013-07-01 13:30:00+00:00,181.36622619628906
2013-07-02 13:30:00+00:00,181.1365203857422
2013-07-03 13:30:00+00:00,181.19607543945312
2013-07-05 13:30:00+00:00,183.61227416992188
2013-07-08 13:30:00+00:00,183.91006469726562
2013-07-09 13:30:00+00:00,185.87530517578125
2013-07-10 13:30:00+00:00,185.96888732910156
2013-07-11 13:30:00+00:00,188.3681182861328
2013-07-12 13:30:00+00:00,188.68284606933594
2013-07-15 13:30:00+00:00,189.7208251953125
2013-07-16 13:30:00+00:00,188.2149658203125
2013-07-17 13:30:00+00:00,189.0912322998047
2013-07-18 13:30:00+00:00,190.78427124023438
2013-07-19 13:30:00+00:00,191.04794311523438
2013-07-22 13:30:00+00:00,191.69459533691406
2013-07-23 13:30:00+00:00,191.71156311035156
2013-07-24 13:30:00+00:00,190.25682067871094
2013-07-25 13:30:00+00:00,191.00546264648438
2013-07-26 13:30:00+00:00,189.96749877929688
2013-07-29 13:30:00+00:00,189.4399871826172
2013-07-30 13:30:00+00:00,189.83139038085938
2013-07-31 13:30:00+00:00,190.6651611328125
2013-08-01 13:30:00+00:00,194.6552276611328
2013-08-02 13:30:00+00:00,193.94911193847656
2013-08-05 13:30:00+00:00,193.99159240722656
2013-08-06 13:30:00+00:00,191.91578674316406
2013-08-07 13:30:00+00:00,190.5205078125
2013-08-08 13:30:00+00:00,191.30323791503906
2013-08-09 13:30:00+00:00,191.53292846679688
2013-08-12 13:30:00+00:00,192.17953491210938
2013-08-13 13:30:00+00:00,191.96681213378906
2013-08-14 13:30:00+00:00,190.57151794433594
2013-08-15 13:30:00+00:00,187.11746215820312
2013-08-16 13:30:00+00:00,186.75157165527344
2013-08-19 13:30:00+00:00,185.35633850097656
2013-08-20 13:30:00+00:00,187.951171875
2013-08-21 13:30:00+00:00,186.3092498779297
2013-08-22 13:30:00+00:00,188.37657165527344
2013-08-23 13:30:00+00:00,188.68284606933594
2013-08-26 13:30:00+00:00,188.86155700683594
2013-08-27 13:30:00+00:00,184.8628692626953
2013-08-28 13:30:00+00:00,185.38185119628906
2013-08-29 13:30:00+00:00,186.24964904785156
2013-08-30 13:30:00+00:00,183.2974853515625
2013-09-03 13:30:00+00:00,182.999755859375
2013-09-04 13:30:00+00:00,185.13514709472656
2013-09-05 13:30:00+00:00,185.4244384765625
2013-09-06 13:30:00+00:00,185.94337463378906
2013-09-09 13:30:00+00:00,188.6658477783203
2013-09-10 13:30:00+00:00,190.6566619873047
2013-09-11 13:30:00+00:00,190.84381103515625
2013-09-12 13:30:00+00:00,190.2823028564453
2013-09-13 13:30:00+00:00,190.63113403320312
2013-09-16 13:30:00+00:00,191.7030792236328
2013-09-17 13:30:00+00:00,193.21739196777344
2013-09-18 13:30:00+00:00,194.97845458984375
2013-09-19 13:30:00+00:00,194.5191192626953
2013-09-20 13:30:00+00:00,193.07028198242188
2013-09-23 13:30:00+00:00,192.25119018554688
2013-09-24 13:30:00+00:00,192.52420043945312
2013-09-25 13:30:00+00:00,192.63511657714844
2013-09-26 13:30:00+00:00,193.76998901367188
2013-09-27 13:30:00+00:00,193.0019989013672
2013-09-30 13:30:00+00:00,193.11300659179688
2013-10-01 13:30:00+00:00,195.75799560546875
2013-10-02 13:30:00+00:00,195.36553955078125
2013-10-03 13:30:00+00:00,193.80410766601562
2013-10-04 13:30:00+00:00,194.93040466308594
2013-10-07 13:30:00+00:00,192.68637084960938
2013-10-08 13:30:00+00:00,190.42529296875
2013-10-09 13:30:00+00:00,189.7597198486328
2013-10-10 13:30:00+00:00,193.9832763671875
2013-10-11 13:30:00+00:00,195.85186767578125
2013-10-14 13:30:00+00:00,196.5941619873047
2013-10-15 13:30:00+00:00,194.52078247070312
2013-10-16 13:30:00+00:00,197.0634307861328
2013-10-17 13:30:00+00:00,198.49693298339844
2013-10-18 13:30:00+00:00,200.16921997070312
2013-10-21 13:30:00+00:00,200.35691833496094
2013-10-22 13:30:00+00:00,201.35519409179688
2013-10-23 13:30:00+00:00,200.03269958496094
2013-10-24 13:30:00+00:00,200.3996124267578
2013-10-25 13:30:00+00:00,201.0395050048828
2013-10-28 13:30:00+00:00,200.78359985351562
2013-10-29 13:30:00+00:00,201.78187561035156
2013-10-30 13:30:00+00:00,200.2801513671875
2013-10-31 13:30:00+00:00,200.10093688964844
2013-11-01 13:30:00+00:00,200.2801513671875
2013-11-04 14:30:00+00:00,201.77328491210938
2013-11-05 14:30:00+00:00,200.4934844970703
2013-11-06 14:30:00+00:00,200.2971954345703
2013-11-07 14:30:00+00:00,196.7562713623047
2013-11-08 14:30:00+00:00,199.8023223876953
2013-11-11 14:30:00+00:00,200.52757263183594
2013-11-12 14:30:00+00:00,200.24603271484375
2013-11-13 14:30:00+00:00,202.2510986328125
2013-11-14 14:30:00+00:00,203.09584045410156
2013-11-15 14:30:00+00:00,203.74427795410156
2013-11-18 14:30:00+00:00,202.25967407226562
2013-11-19 14:30:00+00:00,200.87741088867188
2013-11-20 14:30:00+00:00,200.41665649414062
2013-11-21 14:30:00+00:00,202.8910369873047
2013-11-22 14:30:00+00:00,203.24085998535156
2013-11-25 14:30:00+00:00,202.95938110351562
2013-11-26 14:30:00+00:00,202.95079040527344
2013-11-27 14:30:00+00:00,203.4712371826172
2013-11-29 14:30:00+00:00,202.58384704589844
2013-12-02 14:30:00+00:00,202.65216064453125
2013-12-03 14:30:00+00:00,201.9525146484375
2013-12-04 14:30:00+00:00,201.61122131347656
2013-12-05 14:30:00+00:00,202.02928161621094
2013-12-06 14:30:00+00:00,203.5395050048828
2013-12-09 14:30:00+00:00,203.8295440673828
2013-12-10 14:30:00+00:00,203.1641387939453
2013-12-11 14:30:00+00:00,199.83651733398438
2013-12-12 14:30:00+00:00,200.04122924804688
2013-12-13 14:30:00+00:00,200.65553283691406
2013-12-16 14:30:00+00:00,202.08050537109375
2013-12-17 14:30:00+00:00,201.98663330078125
2013-12-18 14:30:00+00:00,204.50367736816406
2013-12-19 14:30:00+00:00,202.8228759765625
2013-12-20 14:30:00+00:00,205.1077880859375
2013-12-23 14:30:00+00:00,206.73374938964844
2013-12-24 14:30:00+00:00,207.70077514648438
2013-12-26 14:30:00+00:00,207.76925659179688
2013-12-27 14:30:00+00:00,207.9404296875
2013-12-30 14:30:00+00:00,208.17149353027344
2013-12-31 14:30:00+00:00,208.98451232910156
2014-01-02 14:30:00+00:00,206.58831787109375
2014-01-03 14:30:00+00:00,207.4954376220703
2014-01-06 14:30:00+00:00,206.18597412109375
2014-01-07 14:30:00+00:00,207.89764404296875
2014-01-08 14:30:00+00:00,208.29983520507812
2014-01-09 14:30:00+00:00,208.50526428222656
2014-01-10 14:30:00+00:00,210.0457305908203
2014-01-13 14:30:00+00:00,207.0675048828125
2014-01-14 14:30:00+00:00,209.48941040039062
2014-01-15 14:30:00+00:00,210.69606018066406
2014-01-16 14:30:00+00:00,210.4136962890625
2014-01-17 14:30:00+00:00,209.78897094726562
2014-01-21 14:30:00+00:00,210.55914306640625
2014-01-22 14:30:00+00:00,211.58609008789062
2014-01-23 14:30:00+00:00,209.9173126220703
2014-01-24 14:30:00+00:00,204.4488067626953
2014-01-27 14:30:00+00:00,202.5232696533203
2014-01-28 14:30:00+00:00,204.5942840576172
2014-01-29 14:30:00+00:00,202.34356689453125
2014-01-30 14:30:00+00:00,205.1847686767578
2014-01-31 14:30:00+00:00,204.34613037109375
2014-02-03 14:30:00+00:00,197.0889892578125
2014-02-04 14:30:00+00:00,199.64779663085938
2014-02-05 14:30:00+00:00,198.76629638671875
2014-02-06 14:30:00+00:00,201.81297302246094
2014-02-07 14:30:00+00:00,203.66148376464844
2014-02-10 14:30:00+00:00,204.2006378173828
2014-02-11 14:30:00+00:00,206.14324951171875
2014-02-12 14:30:00+00:00,207.40121459960938
2014-02-13 14:30:00+00:00,208.8048553466797
2014-02-14 14:30:00+00:00,209.8402862548828
2014-02-18 14:30:00+00:00,210.9699249267578
2014-02-19 14:30:00+00:00,209.6006622314453
2014-02-20 14:30:00+00:00,210.85012817382812
2014-02-21 14:30:00+00:00,211.36361694335938
2014-02-24 14:30:00+00:00,212.1337890625
2014-02-25 14:30:00+00:00,212.1509552001953
2014-02-26 14:30:00+00:00,213.01528930664062
2014-02-27 14:30:00+00:00,214.01658630371094
2014-02-28 14:30:00+00:00,214.2818603515625
2014-03-03 14:30:00+00:00,213.0238800048828
2014-03-04 14:30:00+00:00,216.50692749023438
2014-03-05 14:30:00+00:00,215.9934539794922
2014-03-06 14:30:00+00:00,216.09609985351562
2014-03-07 14:30:00+00:00,216.51547241210938
2014-03-10 13:30:00+00:00,215.33447265625
2014-03-11 13:30:00+00:00,214.1363525390625
2014-03-12 13:30:00+00:00,214.3760223388672
2014-03-13 13:30:00+00:00,212.0568084716797
2014-03-14 13:30:00+00:00,212.8099365234375
2014-03-17 13:30:00+00:00,214.3075408935547
2014-03-18 13:30:00+00:00,216.21595764160156
2014-03-19 13:30:00+00:00,214.78677368164062
2014-03-20 13:30:00+00:00,215.41151428222656
2014-03-21 13:30:00+00:00,215.13258361816406
2014-03-24 13:30:00+00:00,213.49363708496094
2014-03-25 13:30:00+00:00,214.0685577392578
2014-03-26 13:30:00+00:00,211.28817749023438
2014-03-27 13:30:00+00:00,210.75621032714844
2014-03-28 13:30:00+00:00,211.84597778320312
2014-03-31 13:30:00+00:00,215.0210723876953
2014-04-01 13:30:00+00:00,216.98614501953125
2014-04-02 13:30:00+00:00,217.64694213867188
2014-04-03 13:30:00+00:00,216.61717224121094
2014-04-04 13:30:00+00:00,213.3048553466797
2014-04-07 13:30:00+00:00,209.66635131835938
2014-04-08 13:30:00+00:00,210.89346313476562
2014-04-09 13:30:00+00:00,212.94432067871094
2014-04-10 13:30:00+00:00,208.30197143554688
2014-04-11 13:30:00+00:00,205.75326538085938
2014-04-14 13:30:00+00:00,206.6715087890625
2014-04-15 13:30:00+00:00,208.04454040527344
2014-04-16 13:30:00+00:00,210.45584106445312
2014-04-17 13:30:00+00:00,210.8763427734375
2014-04-21 13:30:00+00:00,211.47703552246094
2014-04-22 13:30:00+00:00,213.00448608398438
2014-04-23 13:30:00+00:00,212.72987365722656
2014-04-24 13:30:00+00:00,212.9100799560547
2014-04-25 13:30:00+00:00,210.37857055664062
2014-04-28 13:30:00+00:00,209.66635131835938
2014-04-29 13:30:00+00:00,210.39569091796875
2014-04-30 13:30:00+00:00,211.82022094726562
2014-05-01 13:30:00+00:00,212.02622985839844
2014-05-02 13:30:00+00:00,212.412353515625
2014-05-05 13:30:00+00:00,212.55819702148438
2014-05-06 13:30:00+00:00,210.98788452148438
2014-05-07 13:30:00+00:00,212.00048828125
2014-05-08 13:30:00+00:00,210.92776489257812
2014-05-09 13:30:00+00:00,211.55419921875
2014-05-12 13:30:00+00:00,214.729248046875
2014-05-13 13:30:00+00:00,213.6737823486328
2014-05-14 13:30:00+00:00,211.96612548828125
2014-05-15 13:30:00+00:00,210.1812286376953
2014-05-16 13:30:00+00:00,211.30538940429688
2014-05-19 13:30:00+00:00,212.36087036132812
2014-05-20 13:30:00+00:00,210.12973022460938
2014-05-21 13:30:00+00:00,211.28817749023438
2014-05-22 13:30:00+00:00,212.58395385742188
2014-05-23 13:30:00+00:00,214.00843811035156
2014-05-27 13:30:00+00:00,215.43295288085938
2014-05-28 13:30:00+00:00,214.62628173828125
2014-05-29 13:30:00+00:00,215.8448486328125
2014-05-30 13:30:00+00:00,215.28709411621094
2014-06-02 13:30:00+00:00,215.99075317382812
2014-06-03 13:30:00+00:00,216.05934143066406
2014-06-04 13:30:00+00:00,217.05482482910156
2014-06-05 13:30:00+00:00,219.24305725097656
2014-06-06 13:30:00+00:00,220.47874450683594
2014-06-09 13:30:00+00:00,221.19956970214844
2014-06-10 13:30:00+00:00,220.57313537597656
2014-06-11 13:30:00+00:00,219.85232543945312
2014-06-12 13:30:00+00:00,218.7281494140625
2014-06-13 13:30:00+00:00,219.29454040527344
2014-06-16 13:30:00+00:00,219.3460693359375
2014-06-17 13:30:00+00:00,221.1652069091797
2014-06-18 13:30:00+00:00,222.272216796875
2014-06-19 13:30:00+00:00,222.3494873046875
2014-06-20 13:30:00+00:00,223.07162475585938
2014-06-23 13:30:00+00:00,222.83058166503906
2014-06-24 13:30:00+00:00,221.04891967773438
2014-06-25 13:30:00+00:00,222.5380096435547
2014-06-26 13:30:00+00:00,222.06455993652344
2014-06-27 13:30:00+00:00,223.31268310546875
2014-06-30 13:30:00+00:00,224.26800537109375
2014-07-01 13:30:00+00:00,226.02386474609375
2014-07-02 13:30:00+00:00,224.93930053710938
2014-07-03 13:30:00+00:00,225.62796020507812
2014-07-07 13:30:00+00:00,223.90652465820312
2014-07-08 13:30:00+00:00,222.17649841308594
2014-07-09 13:30:00+00:00,222.7359161376953
2014-07-10 13:30:00+00:00,221.1608123779297
2014-07-11 13:30:00+00:00,220.9284210205078
2014-07-14 13:30:00+00:00,221.85801696777344
2014-07-15 13:30:00+00:00,221.09194946289062
2014-07-16 13:30:00+00:00,220.79930114746094
2014-07-17 13:30:00+00:00,218.466796875
2014-07-18 13:30:00+00:00,221.12637329101562
2014-07-21 13:30:00+00:00,220.39479064941406
2014-07-22 13:30:00+00:00,221.31573486328125
2014-07-23 13:30:00+00:00,221.1780242919922
2014-07-24 13:30:00+00:00,221.3932342529297
2014-07-25 13:30:00+00:00,219.94725036621094
2014-07-28 13:30:00+00:00,219.5598602294922
2014-07-29 13:30:00+00:00,218.57008361816406
2014-07-30 13:30:00+00:00,218.96600341796875
2014-07-31 13:30:00+00:00,214.43006896972656
2014-08-01 13:30:00+00:00,214.19760131835938
2014-08-04 13:30:00+00:00,215.3079376220703
2014-08-05 13:30:00+00:00,214.28369140625
2014-08-06 13:30:00+00:00,214.55050659179688
2014-08-07 13:30:00+00:00,213.7414093017578
2014-08-08 13:30:00+00:00,215.98788452148438
2014-08-11 13:30:00+00:00,216.94329833984375
2014-08-12 13:30:00+00:00,216.17726135253906
2014-08-13 13:30:00+00:00,218.0192413330078
2014-08-14 13:30:00+00:00,219.1897430419922
2014-08-15 13:30:00+00:00,218.68197631835938
2014-08-18 13:30:00+00:00,221.2985076904297
2014-08-19 13:30:00+00:00,222.62399291992188
2014-08-20 13:30:00+00:00,223.16629028320312
2014-08-21 13:30:00+00:00,223.53634643554688
2014-08-22 13:30:00+00:00,223.33843994140625
2014-08-25 13:30:00+00:00,224.12171936035156
2014-08-26 13:30:00+00:00,224.87049865722656
2014-08-27 13:30:00+00:00,224.5606689453125
2014-08-28 13:30:00+00:00,224.2852020263672
2014-08-29 13:30:00+00:00,225.2836456298828
2014-09-02 13:30:00+00:00,225.9377899169922
2014-09-03 13:30:00+00:00,225.60208129882812
2014-09-04 13:30:00+00:00,224.96517944335938
2014-09-05 13:30:00+00:00,225.80010986328125
2014-09-08 13:30:00+00:00,225.57627868652344
2014-09-09 13:30:00+00:00,223.76882934570312
2014-09-10 13:30:00+00:00,224.0872344970703
2014-09-11 13:30:00+00:00,225.15455627441406
2014-09-12 13:30:00+00:00,223.00277709960938
2014-09-15 13:30:00+00:00,222.11624145507812
2014-09-16 13:30:00+00:00,223.35568237304688
2014-09-17 13:30:00+00:00,223.1490936279297
2014-09-18 13:30:00+00:00,223.9237060546875
2014-09-19 13:30:00+00:00,222.55218505859375
2014-09-22 13:30:00+00:00,219.5332489013672
2014-09-23 13:30:00+00:00,217.77354431152344
2014-09-24 13:30:00+00:00,218.8862762451172
2014-09-25 13:30:00+00:00,215.8155975341797
2014-09-26 13:30:00+00:00,217.5061492919922
2014-09-29 13:30:00+00:00,216.97999572753906
2014-09-30 13:30:00+00:00,215.0565185546875
2014-10-01 13:30:00+00:00,212.16685485839844
2014-10-02 13:30:00+00:00,212.64129638671875
2014-10-03 13:30:00+00:00,214.055908203125
2014-10-06 13:30:00+00:00,213.46072387695312
2014-10-07 13:30:00+00:00,210.3381805419922
2014-10-08 13:30:00+00:00,213.40037536621094
2014-10-09 13:30:00+00:00,208.3370361328125
2014-10-10 13:30:00+00:00,204.67105102539062
2014-10-13 13:30:00+00:00,202.16964721679688
2014-10-14 13:30:00+00:00,204.05007934570312
2014-10-15 13:30:00+00:00,203.8516845703125
2014-10-16 13:30:00+00:00,206.03396606445312
2014-10-17 13:30:00+00:00,207.5434112548828
2014-10-20 13:30:00+00:00,209.66542053222656
2014-10-21 13:30:00+00:00,214.57345581054688
2014-10-22 13:30:00+00:00,212.33074951171875
2014-10-23 13:30:00+00:00,215.47052001953125
2014-10-24 13:30:00+00:00,216.2985382080078
2014-10-27 13:30:00+00:00,216.0570831298828
2014-10-28 13:30:00+00:00,219.74021911621094
2014-10-29 13:30:00+00:00,219.4900665283203
2014-10-30 13:30:00+00:00,220.11976623535156
2014-10-31 13:30:00+00:00,222.6470947265625
2014-11-03 14:30:00+00:00,223.07846069335938
2014-11-04 14:30:00+00:00,222.12957763671875
2014-11-05 14:30:00+00:00,223.0093231201172
2014-11-06 14:30:00+00:00,224.57064819335938
2014-11-07 14:30:00+00:00,224.70004272460938
2014-11-10 14:30:00+00:00,225.3555908203125
2014-11-11 14:30:00+00:00,225.42457580566406
2014-11-12 14:30:00+00:00,225.87310791015625
2014-11-13 14:30:00+00:00,224.86390686035156
2014-11-14 14:30:00+00:00,224.7431182861328
2014-11-17 14:30:00+00:00,224.38088989257812
2014-11-18 14:30:00+00:00,225.58848571777344
2014-11-19 14:30:00+00:00,224.82937622070312
2014-11-20 14:30:00+00:00,225.9249267578125
2014-11-21 14:30:00+00:00,227.0030975341797
2014-11-24 14:30:00+00:00,228.5298614501953
2014-11-25 14:30:00+00:00,228.5902557373047
2014-11-26 14:30:00+00:00,228.56434631347656
2014-11-28 14:30:00+00:00,226.7356414794922
2014-12-01 14:30:00+00:00,223.87200927734375
2014-12-02 14:30:00+00:00,225.24342346191406
2014-12-03 14:30:00+00:00,227.1497344970703
2014-12-04 14:30:00+00:00,226.79605102539062
2014-12-05 14:30:00+00:00,227.14109802246094
2014-12-08 14:30:00+00:00,225.52806091308594
2014-12-09 14:30:00+00:00,226.78749084472656
2014-12-10 14:30:00+00:00,222.3969268798828
2014-12-11 14:30:00+00:00,223.6563262939453
2014-12-12 14:30:00+00:00,220.56829833984375
2014-12-15 14:30:00+00:00,218.99842834472656
2014-12-16 14:30:00+00:00,218.53265380859375
2014-12-17 14:30:00+00:00,223.54415893554688
2014-12-18 14:30:00+00:00,227.40853881835938
2014-12-19 14:30:00+00:00,228.04425048828125
2014-12-22 14:30:00+00:00,228.9796600341797
2014-12-23 14:30:00+00:00,229.78504943847656
2014-12-24 14:30:00+00:00,230.29603576660156
2014-12-26 14:30:00+00:00,230.87640380859375
2014-12-29 14:30:00+00:00,231.95034790039062
2014-12-30 14:30:00+00:00,231.01492309570312
2014-12-31 14:30:00+00:00,228.62449645996094
2015-01-02 14:30:00+00:00,228.26071166992188
2015-01-05 14:30:00+00:00,224.88296508789062
2015-01-06 14:30:00+00:00,222.25
2015-01-07 14:30:00+00:00,225.25531005859375
2015-01-08 14:30:00+00:00,228.74575805664062
2015-01-09 14:30:00+00:00,226.81434631347656
2015-01-12 14:30:00+00:00,225.60177612304688
2015-01-13 14:30:00+00:00,225.49789428710938
2015-01-14 14:30:00+00:00,224.57118225097656
2015-01-15 14:30:00+00:00,222.0767822265625
2015-01-16 14:30:00+00:00,225.16880798339844
2015-01-20 14:30:00+00:00,224.744384765625
2015-01-21 14:30:00+00:00,226.09547424316406
2015-01-22 14:30:00+00:00,230.3134765625
2015-01-23 14:30:00+00:00,229.1354522705078
2015-01-26 14:30:00+00:00,231.84645080566406
2015-01-27 14:30:00+00:00,230.27879333496094
2015-01-28 14:30:00+00:00,227.47262573242188
2015-01-29 14:30:00+00:00,229.170166015625
2015-01-30 14:30:00+00:00,226.11280822753906
2015-02-02 14:30:00+00:00,227.83628845214844
2015-02-03 14:30:00+00:00,232.0196075439453
2015-02-04 14:30:00+00:00,231.06689453125
2015-02-05 14:30:00+00:00,233.4746551513672
2015-02-06 14:30:00+00:00,232.5999755859375
2015-02-09 14:30:00+00:00,231.36141967773438
2015-02-10 14:30:00+00:00,233.30140686035156
2015-02-11 14:30:00+00:00,233.16282653808594
2015-02-12 14:30:00+00:00,235.3540496826172
2015-02-13 14:30:00+00:00,236.87843322753906
2015-02-17 14:30:00+00:00,236.83522033691406
2015-02-18 14:30:00+00:00,237.5713348388672
2015-02-19 14:30:00+00:00,237.32020568847656
2015-02-20 14:30:00+00:00,239.01780700683594
2015-02-23 14:30:00+00:00,239.0350341796875
2015-02-24 14:30:00+00:00,239.3381805419922
2015-02-25 14:30:00+00:00,239.0696563720703
2015-02-26 14:30:00+00:00,238.42874145507812
2015-02-27 14:30:00+00:00,237.48472595214844
2015-03-02 14:30:00+00:00,239.30360412597656
2015-03-03 14:30:00+00:00,237.987060546875
2015-03-04 14:30:00+00:00,237.08627319335938
2015-03-05 14:30:00+00:00,237.44142150878906
2015-03-06 14:30:00+00:00,234.47073364257812
2015-03-09 13:30:00+00:00,235.31077575683594
2015-03-10 13:30:00+00:00,232.3487548828125
2015-03-11 13:30:00+00:00,234.05491638183594
2015-03-12 13:30:00+00:00,236.6359405517578
2015-03-13 13:30:00+00:00,235.22421264648438
2015-03-16 13:30:00+00:00,238.03030395507812
2015-03-17 13:30:00+00:00,238.4720458984375
2015-03-18 13:30:00+00:00,240.8451385498047
2015-03-19 13:30:00+00:00,240.17831420898438
2015-03-20 13:30:00+00:00,242.75975036621094
2015-03-23 13:30:00+00:00,242.62091064453125
2015-03-24 13:30:00+00:00,241.57916259765625
2015-03-25 13:30:00+00:00,237.46485900878906
2015-03-26 13:30:00+00:00,237.0048370361328
2015-03-27 13:30:00+00:00,238.08985900878906
2015-03-30 13:30:00+00:00,241.48385620117188
2015-03-31 13:30:00+00:00,240.6504669189453
2015-04-01 13:30:00+00:00,239.74777221679688
2015-04-02 13:30:00+00:00,240.6071319580078
2015-04-06 13:30:00+00:00,242.62962341308594
2015-04-07 13:30:00+00:00,240.63311767578125
2015-04-08 13:30:00+00:00,241.900390625
2015-04-09 13:30:00+00:00,241.83970642089844
2015-04-10 13:30:00+00:00,242.37791442871094
2015-04-13 13:30:00+00:00,241.54457092285156
2015-04-14 13:30:00+00:00,241.78759765625
2015-04-15 13:30:00+00:00,242.8465576171875
2015-04-16 13:30:00+00:00,242.20420837402344
2015-04-17 13:30:00+00:00,239.3658447265625
2015-04-20 13:30:00+00:00,241.4578094482422
2015-04-21 13:30:00+00:00,241.3883514404297
2015-04-22 13:30:00+00:00,242.09141540527344
2015-04-23 13:30:00+00:00,243.28060913085938
2015-04-24 13:30:00+00:00,242.27371215820312
2015-04-27 13:30:00+00:00,240.2859649658203
2015-04-28 13:30:00+00:00,241.258056640625
2015-04-29 13:30:00+00:00,239.76515197753906
2015-04-30 13:30:00+00:00,237.1002655029297
2015-05-01 13:30:00+00:00,238.94049072265625
2015-05-04 13:30:00+00:00,239.96473693847656
2015-05-05 13:30:00+00:00,236.8138885498047
2015-05-06 13:30:00+00:00,236.92677307128906
2015-05-07 13:30:00+00:00,237.8120880126953
2015-05-08 13:30:00+00:00,239.85194396972656
2015-05-11 13:30:00+00:00,239.86056518554688
2015-05-12 13:30:00+00:00,239.30508422851562
2015-05-13 13:30:00+00:00,239.58285522460938
2015-05-14 13:30:00+00:00,242.15216064453125
2015-05-15 13:30:00+00:00,241.96995544433594
2015-05-18 13:30:00+00:00,243.89697265625
2015-05-19 13:30:00+00:00,243.6190948486328
2015-05-20 13:30:00+00:00,243.6711883544922
2015-05-21 13:30:00+00:00,243.93162536621094
2015-05-22 13:30:00+00:00,243.73190307617188
2015-05-26 13:30:00+00:00,240.98895263671875
2015-05-27 13:30:00+00:00,243.176513671875
2015-05-28 13:30:00+00:00,242.71644592285156
2015-05-29 13:30:00+00:00,241.04107666015625
2015-06-01 13:30:00+00:00,241.53590393066406
2015-06-02 13:30:00+00:00,241.70941162109375
2015-06-03 13:30:00+00:00,242.96812438964844
2015-06-04 13:30:00+00:00,240.74598693847656
2015-06-05 13:30:00+00:00,241.44033813476562
2015-06-08 13:30:00+00:00,239.9473876953125
2015-06-09 13:30:00+00:00,239.23561096191406
2015-06-10 13:30:00+00:00,241.97853088378906
2015-06-11 13:30:00+00:00,243.42816162109375
2015-06-12 13:30:00+00:00,242.32577514648438
2015-06-15 13:30:00+00:00,240.9195098876953
2015-06-16 13:30:00+00:00,242.51675415039062
2015-06-17 13:30:00+00:00,242.36912536621094
2015-06-18 13:30:00+00:00,244.4871826171875
2015-06-19 13:30:00+00:00,243.71560668945312
2015-06-22 13:30:00+00:00,245.0305633544922
2015-06-23 13:30:00+00:00,245.1785888671875
2015-06-24 13:30:00+00:00,242.86209106445312
2015-06-25 13:30:00+00:00,242.0695343017578
2015-06-26 13:30:00+00:00,242.44400024414062
2015-06-29 13:30:00+00:00,237.42782592773438
2015-06-30 13:30:00+00:00,237.92428588867188
2015-07-01 13:30:00+00:00,238.8560333251953
2015-07-02 13:30:00+00:00,238.42922973632812
2015-07-06 13:30:00+00:00,237.6367645263672
2015-07-07 13:30:00+00:00,238.79510498046875
2015-07-08 13:30:00+00:00,235.45962524414062
2015-07-09 13:30:00+00:00,235.5380401611328
2015-07-10 13:30:00+00:00,237.9590301513672
2015-07-13 13:30:00+00:00,240.14495849609375
2015-07-14 13:30:00+00:00,241.06809997558594
2015-07-15 13:30:00+00:00,239.81399536132812
2015-07-16 13:30:00+00:00,240.63262939453125
2015-07-17 13:30:00+00:00,238.79510498046875
2015-07-20 13:30:00+00:00,238.7428741455078
2015-07-21 13:30:00+00:00,236.9661865234375
2015-07-22 13:30:00+00:00,237.7152099609375
2015-07-23 13:30:00+00:00,236.03440856933594
2015-07-24 13:30:00+00:00,233.8485107421875
2015-07-27 13:30:00+00:00,232.12417602539062
2015-07-28 13:30:00+00:00,234.5713348388672
2015-07-29 13:30:00+00:00,237.27101135253906
2015-07-30 13:30:00+00:00,237.7936248779297
2015-07-31 13:30:00+00:00,238.17666625976562
2015-08-03 13:30:00+00:00,237.45396423339844
2015-08-04 13:30:00+00:00,237.2362518310547
2015-08-05 13:30:00+00:00,238.49893188476562
2015-08-06 13:30:00+00:00,236.19114685058594
2015-08-07 13:30:00+00:00,235.91244506835938
2015-08-10 13:30:00+00:00,239.4831085205078
2015-08-11 13:30:00+00:00,237.1055908203125
2015-08-12 13:30:00+00:00,236.52210998535156
2015-08-13 13:30:00+00:00,236.478515625
2015-08-14 13:30:00+00:00,238.0025634765625
2015-08-17 13:30:00+00:00,240.26687622070312
2015-08-18 13:30:00+00:00,238.9518280029297
2015-08-19 13:30:00+00:00,236.36526489257812
2015-08-20 13:30:00+00:00,231.09646606445312
2015-08-21 13:30:00+00:00,225.57510375976562
2015-08-24 13:30:00+00:00,216.23060607910156
2015-08-25 13:30:00+00:00,214.419189453125
2015-08-26 13:30:00+00:00,219.91444396972656
2015-08-27 13:30:00+00:00,225.35740661621094
2015-08-28 13:30:00+00:00,226.32412719726562
2015-08-31 13:30:00+00:00,224.6868438720703
2015-09-01 13:30:00+00:00,218.32943725585938
2015-09-02 13:30:00+00:00,221.6562042236328
2015-09-03 13:30:00+00:00,222.64028930664062
2015-09-04 13:30:00+00:00,219.9580078125
2015-09-08 13:30:00+00:00,225.33132934570312
2015-09-09 13:30:00+00:00,222.94512939453125
2015-09-10 13:30:00+00:00,223.28475952148438
2015-09-11 13:30:00+00:00,224.6868438720703
2015-09-14 13:30:00+00:00,223.54595947265625
2015-09-15 13:30:00+00:00,226.1760711669922
2015-09-16 13:30:00+00:00,228.32711791992188
2015-09-17 13:30:00+00:00,228.187744140625
2015-09-18 13:30:00+00:00,224.27366638183594
2015-09-21 13:30:00+00:00,225.62818908691406
2015-09-22 13:30:00+00:00,222.43850708007812
2015-09-23 13:30:00+00:00,221.87916564941406
2015-09-24 13:30:00+00:00,220.83053588867188
2015-09-25 13:30:00+00:00,220.4810028076172
2015-09-28 13:30:00+00:00,215.00173950195312
2015-09-29 13:30:00+00:00,214.64341735839844
2015-09-30 13:30:00+00:00,217.5010528564453
2015-10-01 13:30:00+00:00,217.0291748046875
2015-10-02 13:30:00+00:00,220.3149871826172
2015-10-05 13:30:00+00:00,224.47467041015625
2015-10-06 13:30:00+00:00,223.58331298828125
2015-10-07 13:30:00+00:00,226.51953125
2015-10-08 13:30:00+00:00,228.8615264892578
2015-10-09 13:30:00+00:00,229.3159637451172
2015-10-12 13:30:00+00:00,229.14120483398438
2015-10-13 13:30:00+00:00,226.93894958496094
2015-10-14 13:30:00+00:00,225.29615783691406
2015-10-15 13:30:00+00:00,227.92649841308594
2015-10-16 13:30:00+00:00,227.90029907226562
2015-10-19 13:30:00+00:00,228.69549560546875
2015-10-20 13:30:00+00:00,228.686767578125
2015-10-21 13:30:00+00:00,226.15248107910156
2015-10-22 13:30:00+00:00,227.79539489746094
2015-10-23 13:30:00+00:00,228.94021606445312
2015-10-26 13:30:00+00:00,228.3721160888672
2015-10-27 13:30:00+00:00,226.563232421875
2015-10-28 13:30:00+00:00,231.22108459472656
2015-10-29 13:30:00+00:00,229.8927001953125
2015-10-30 13:30:00+00:00,229.57810974121094
2015-11-02 14:30:00+00:00,233.0386962890625
2015-11-03 14:30:00+00:00,233.26596069335938
2015-11-04 14:30:00+00:00,233.01248168945312
2015-11-05 14:30:00+00:00,233.06494140625
2015-11-06 14:30:00+00:00,232.7940673828125
2015-11-09 14:30:00+00:00,230.8278350830078
2015-11-10 14:30:00+00:00,231.98130798339844
2015-11-11 14:30:00+00:00,230.59173583984375
2015-11-12 14:30:00+00:00,225.74183654785156
2015-11-13 14:30:00+00:00,223.5570831298828
2015-11-16 14:30:00+00:00,226.5545196533203
2015-11-17 14:30:00+00:00,225.6194305419922
2015-11-18 14:30:00+00:00,229.7529296875
2015-11-19 14:30:00+00:00,229.368408203125
2015-11-20 14:30:00+00:00,230.48692321777344
2015-11-23 14:30:00+00:00,230.9763641357422
2015-11-24 14:30:00+00:00,232.39198303222656
2015-11-25 14:30:00+00:00,233.09986877441406
2015-11-27 14:30:00+00:00,233.93885803222656
2015-11-30 14:30:00+00:00,232.6455078125
2015-12-01 14:30:00+00:00,234.6291961669922
2015-12-02 14:30:00+00:00,231.920166015625
2015-12-03 14:30:00+00:00,227.98773193359375
2015-12-04 14:30:00+00:00,230.76663208007812
2015-12-07 14:30:00+00:00,228.61683654785156
2015-12-08 14:30:00+00:00,227.03512573242188
2015-12-09 14:30:00+00:00,224.2998809814453
2015-12-10 14:30:00+00:00,224.78924560546875
2015-12-11 14:30:00+00:00,221.41603088378906
2015-12-14 14:30:00+00:00,220.3149871826172
2015-12-15 14:30:00+00:00,222.58700561523438
2015-12-16 14:30:00+00:00,224.89413452148438
2015-12-17 14:30:00+00:00,222.18502807617188
2015-12-18 14:30:00+00:00,219.11700439453125
2015-12-21 14:30:00+00:00,220.67864990234375
2015-12-22 14:30:00+00:00,222.7579345703125
2015-12-23 14:30:00+00:00,225.7058563232422
2015-12-24 14:30:00+00:00,225.67076110839844
2015-12-28 14:30:00+00:00,225.3899688720703
2015-12-29 14:30:00+00:00,227.1973114013672
2015-12-30 14:30:00+00:00,225.24085998535156
2015-12-31 14:30:00+00:00,222.8808135986328
2016-01-04 14:30:00+00:00,220.05577087402344
2016-01-05 14:30:00+00:00,220.1259765625
2016-01-06 14:30:00+00:00,217.0201873779297
2016-01-07 14:30:00+00:00,211.47528076171875
2016-01-08 14:30:00+00:00,208.6502685546875
2016-01-11 14:30:00+00:00,208.01856994628906
2016-01-12 14:30:00+00:00,208.87835693359375
2016-01-13 14:30:00+00:00,203.24581909179688
2016-01-14 14:30:00+00:00,205.6497344970703
2016-01-15 14:30:00+00:00,202.6930694580078
2016-01-19 14:30:00+00:00,201.57887268066406
2016-01-20 14:30:00+00:00,200.2716064453125
2016-01-21 14:30:00+00:00,200.5786590576172
2016-01-22 14:30:00+00:00,205.5971221923828
2016-01-25 14:30:00+00:00,201.3332061767578
2016-01-26 14:30:00+00:00,205.84274291992188
2016-01-27 14:30:00+00:00,203.76344299316406
2016-01-28 14:30:00+00:00,203.84243774414062
2016-01-29 14:30:00+00:00,210.53659057617188
2016-02-01 14:30:00+00:00,210.220703125
2016-02-02 14:30:00+00:00,205.74624633789062
2016-02-03 14:30:00+00:00,207.1763153076172
2016-02-04 14:30:00+00:00,208.71163940429688
2016-02-05 14:30:00+00:00,204.2722625732422
2016-02-08 14:30:00+00:00,200.78048706054688
2016-02-09 14:30:00+00:00,200.22776794433594
2016-02-10 14:30:00+00:00,200.70152282714844
2016-02-11 14:30:00+00:00,197.91156005859375
2016-02-12 14:30:00+00:00,201.561279296875
2016-02-16 14:30:00+00:00,205.8866424560547
2016-02-17 14:30:00+00:00,209.12400817871094
2016-02-18 14:30:00+00:00,208.6151580810547
2016-02-19 14:30:00+00:00,208.72047424316406
2016-02-22 14:30:00+00:00,211.37879943847656
2016-02-23 14:30:00+00:00,209.51011657714844
2016-02-24 14:30:00+00:00,210.80850219726562
2016-02-25 14:30:00+00:00,213.2212677001953
2016-02-26 14:30:00+00:00,214.23019409179688
2016-02-29 14:30:00+00:00,213.1422576904297
2016-03-01 14:30:00+00:00,218.0203399658203
2016-03-02 14:30:00+00:00,219.91534423828125
2016-03-03 14:30:00+00:00,222.26663208007812
2016-03-04 14:30:00+00:00,223.80201721191406
2016-03-07 14:30:00+00:00,224.83729553222656
2016-03-08 14:30:00+00:00,220.51199340820312
2016-03-09 14:30:00+00:00,221.49459838867188
2016-03-10 14:30:00+00:00,220.792724609375
2016-03-11 14:30:00+00:00,225.08297729492188
2016-03-14 13:30:00+00:00,224.27578735351562
2016-03-15 13:30:00+00:00,222.77554321289062
2016-03-16 13:30:00+00:00,225.17066955566406
2016-03-17 13:30:00+00:00,227.46055603027344
2016-03-18 13:30:00+00:00,228.5659637451172
2016-03-21 13:30:00+00:00,228.68038940429688
2016-03-22 13:30:00+00:00,228.6627960205078
2016-03-23 13:30:00+00:00,225.92564392089844
2016-03-24 13:30:00+00:00,226.11044311523438
2016-03-28 13:30:00+00:00,226.96414184570312
2016-03-29 13:30:00+00:00,231.16229248046875
2016-03-30 13:30:00+00:00,231.1095428466797
2016-03-31 13:30:00+00:00,231.22393798828125
2016-04-01 13:30:00+00:00,232.51766967773438
2016-04-04 13:30:00+00:00,230.0885467529297
2016-04-05 13:30:00+00:00,227.7562713623047
2016-04-06 13:30:00+00:00,230.03573608398438
2016-04-07 13:30:00+00:00,227.03456115722656
2016-04-08 13:30:00+00:00,228.4515838623047
2016-04-11 13:30:00+00:00,228.03787231445312
2016-04-12 13:30:00+00:00,230.5726776123047
2016-04-13 13:30:00+00:00,234.40994262695312
2016-04-14 13:30:00+00:00,233.48580932617188
2016-04-15 13:30:00+00:00,234.50680541992188
2016-04-18 13:30:00+00:00,235.5364532470703
2016-04-19 13:30:00+00:00,236.40780639648438
2016-04-20 13:30:00+00:00,236.53982543945312
2016-04-21 13:30:00+00:00,234.47157287597656
2016-04-22 13:30:00+00:00,236.4870147705078
2016-04-25 13:30:00+00:00,235.22837829589844
2016-04-26 13:30:00+00:00,237.20870971679688
2016-04-27 13:30:00+00:00,238.41441345214844
2016-04-28 13:30:00+00:00,235.298828125
2016-04-29 13:30:00+00:00,233.9787139892578
2016-05-02 13:30:00+00:00,236.1349639892578
2016-05-03 13:30:00+00:00,232.81690979003906
2016-05-04 13:30:00+00:00,231.83114624023438
2016-05-05 13:30:00+00:00,231.68154907226562
2016-05-06 13:30:00+00:00,232.75537109375
2016-05-09 13:30:00+00:00,232.7025146484375
2016-05-10 13:30:00+00:00,235.45729064941406
2016-05-11 13:30:00+00:00,233.142578125
2016-05-12 13:30:00+00:00,233.06336975097656
2016-05-13 13:30:00+00:00,230.7486572265625
2016-05-16 13:30:00+00:00,233.1689910888672
2016-05-17 13:30:00+00:00,230.64303588867188
2016-05-18 13:30:00+00:00,230.10623168945312
2016-05-19 13:30:00+00:00,229.32286071777344
2016-05-20 13:30:00+00:00,232.51766967773438
2016-05-23 13:30:00+00:00,232.02481079101562
2016-05-24 13:30:00+00:00,235.8709259033203
2016-05-25 13:30:00+00:00,237.3319549560547
2016-05-26 13:30:00+00:00,237.4375
2016-05-27 13:30:00+00:00,239.37384033203125
2016-05-31 13:30:00+00:00,239.23289489746094
2016-06-01 13:30:00+00:00,240.35076904296875
2016-06-02 13:30:00+00:00,241.93496704101562
2016-06-03 13:30:00+00:00,240.60592651367188
2016-06-06 13:30:00+00:00,242.74465942382812
2016-06-07 13:30:00+00:00,243.51919555664062
2016-06-08 13:30:00+00:00,244.6632843017578
2016-06-09 13:30:00+00:00,244.03842163085938
2016-06-10 13:30:00+00:00,240.60592651367188
2016-06-13 13:30:00+00:00,238.01840209960938
2016-06-14 13:30:00+00:00,237.15586853027344
2016-06-15 13:30:00+00:00,237.595947265625
2016-06-16 13:30:00+00:00,237.4287567138672
2016-06-17 13:30:00+00:00,237.435791015625
2016-06-20 13:30:00+00:00,239.93438720703125
2016-06-21 13:30:00+00:00,240.1196746826172
2016-06-22 13:30:00+00:00,239.33407592773438
2016-06-23 13:30:00+00:00,243.76614379882812
2016-06-24 13:30:00+00:00,233.9042205810547
2016-06-27 13:30:00+00:00,227.31788635253906
2016-06-28 13:30:00+00:00,231.68814086914062
2016-06-29 13:30:00+00:00,236.12911987304688
2016-06-30 13:30:00+00:00,240.34925842285156
2016-07-01 13:30:00+00:00,240.8348846435547
2016-07-05 13:30:00+00:00,238.07147216796875
2016-07-06 13:30:00+00:00,239.30751037597656
2016-07-07 13:30:00+00:00,239.7224884033203
2016-07-08 13:30:00+00:00,244.2693328857422
2016-07-11 13:30:00+00:00,245.63778686523438
2016-07-12 13:30:00+00:00,248.0922088623047
2016-07-13 13:30:00+00:00,247.4213104248047
2016-07-14 13:30:00+00:00,247.98635864257812
2016-07-15 13:30:00+00:00,247.97743225097656
2016-07-18 13:30:00+00:00,248.30413818359375
2016-07-19 13:30:00+00:00,247.84506225585938
2016-07-20 13:30:00+00:00,248.88690185546875
2016-07-21 13:30:00+00:00,247.43003845214844
2016-07-22 13:30:00+00:00,249.42539978027344
2016-07-25 13:30:00+00:00,248.50721740722656
2016-07-26 13:30:00+00:00,249.91102600097656
2016-07-27 13:30:00+00:00,248.8692169189453
2016-07-28 13:30:00+00:00,249.69024658203125
2016-07-29 13:30:00+00:00,250.54664611816406
2016-08-01 13:30:00+00:00,249.8756561279297
2016-08-02 13:30:00+00:00,247.03285217285156
2016-08-03 13:30:00+00:00,248.62203979492188
2016-08-04 13:30:00+00:00,248.65736389160156
2016-08-05 13:30:00+00:00,251.05873107910156
2016-08-08 13:30:00+00:00,251.1117401123047
2016-08-09 13:30:00+00:00,251.0234375
2016-08-10 13:30:00+00:00,250.2729949951172
2016-08-11 13:30:00+00:00,250.85580444335938
2016-08-12 13:30:00+00:00,250.41433715820312
2016-08-15 13:30:00+00:00,252.29493713378906
2016-08-16 13:30:00+00:00,249.8756561279297
2016-08-17 13:30:00+00:00,249.42539978027344
2016-08-18 13:30:00+00:00,251.13821411132812
2016-08-19 13:30:00+00:00,251.20887756347656
2016-08-22 13:30:00+00:00,251.44737243652344
2016-08-23 13:30:00+00:00,252.6920928955078
2016-08-24 13:30:00+00:00,251.42967224121094
2016-08-25 13:30:00+00:00,251.7739715576172
2016-08-26 13:30:00+00:00,250.80276489257812
2016-08-29 13:30:00+00:00,252.74514770507812
2016-08-30 13:30:00+00:00,252.67449951171875
2016-08-31 13:30:00+00:00,251.69439697265625
2016-09-01 13:30:00+00:00,251.5796356201172
2016-09-02 13:30:00+00:00,254.1754608154297
2016-09-06 13:30:00+00:00,253.6279754638672
2016-09-07 13:30:00+00:00,254.5816192626953
2016-09-08 13:30:00+00:00,253.38963317871094
2016-09-09 13:30:00+00:00,245.92916870117188
2016-09-12 13:30:00+00:00,248.88690185546875
2016-09-13 13:30:00+00:00,244.366455078125
2016-09-14 13:30:00+00:00,243.6778564453125
2016-09-15 13:30:00+00:00,246.2028350830078
2016-09-16 13:30:00+00:00,244.98223876953125
2016-09-19 13:30:00+00:00,246.79949951171875
2016-09-20 13:30:00+00:00,245.58506774902344
2016-09-21 13:30:00+00:00,248.8649139404297
2016-09-22 13:30:00+00:00,251.79898071289062
2016-09-23 13:30:00+00:00,249.80433654785156
2016-09-26 13:30:00+00:00,248.50146484375
2016-09-27 13:30:00+00:00,248.74964904785156
2016-09-28 13:30:00+00:00,250.8504638671875
2016-09-29 13:30:00+00:00,248.05816650390625
2016-09-30 13:30:00+00:00,250.21224975585938
2016-10-03 13:30:00+00:00,248.38616943359375
2016-10-04 13:30:00+00:00,247.1983642578125
2016-10-05 13:30:00+00:00,248.4393768310547
2016-10-06 13:30:00+00:00,248.96234130859375
2016-10-07 13:30:00+00:00,247.1363067626953
2016-10-10 13:30:00+00:00,249.2105712890625
2016-10-11 13:30:00+00:00,245.09751892089844
2016-10-12 13:30:00+00:00,246.05494689941406
2016-10-13 13:30:00+00:00,245.079833984375
2016-10-14 13:30:00+00:00,244.9557647705078
2016-10-17 13:30:00+00:00,244.8404998779297
2016-10-18 13:30:00+00:00,246.17897033691406
2016-10-19 13:30:00+00:00,247.3135528564453
2016-10-20 13:30:00+00:00,246.34735107421875
2016-10-21 13:30:00+00:00,246.21446228027344
2016-10-24 13:30:00+00:00,247.3489990234375
2016-10-25 13:30:00+00:00,245.58506774902344
2016-10-26 13:30:00+00:00,244.2643280029297
2016-10-27 13:30:00+00:00,242.3052978515625
2016-10-28 13:30:00+00:00,241.81776428222656
2016-10-31 13:30:00+00:00,243.5640106201172
2016-11-01 13:30:00+00:00,240.88697814941406
2016-11-02 13:30:00+00:00,238.5467529296875
2016-11-03 13:30:00+00:00,238.1212921142578
2016-11-04 13:30:00+00:00,238.51141357421875
2016-11-07 14:30:00+00:00,243.54637145996094
2016-11-08 14:30:00+00:00,244.14903259277344
2016-11-09 14:30:00+00:00,248.59002685546875
2016-11-10 14:30:00+00:00,249.6981201171875
2016-11-11 14:30:00+00:00,252.16236877441406
2016-11-14 14:30:00+00:00,256.1778869628906
2016-11-15 14:30:00+00:00,257.4366455078125
2016-11-16 14:30:00+00:00,257.48974609375
2016-11-17 14:30:00+00:00,259.1562805175781
2016-11-18 14:30:00+00:00,259.2093811035156
2016-11-21 14:30:00+00:00,260.9912109375
2016-11-22 14:30:00+00:00,262.8438415527344
2016-11-23 14:30:00+00:00,264.00506591796875
2016-11-25 14:30:00+00:00,264.7674255371094
2016-11-28 14:30:00+00:00,262.8438415527344
2016-11-29 14:30:00+00:00,263.46435546875
2016-11-30 14:30:00+00:00,262.76409912109375
2016-12-01 14:30:00+00:00,262.1612548828125
2016-12-02 14:30:00+00:00,262.3739929199219
2016-12-05 14:30:00+00:00,265.26373291015625
2016-12-06 14:30:00+00:00,267.9142761230469
2016-12-07 14:30:00+00:00,270.981201171875
2016-12-08 14:30:00+00:00,273.98626708984375
2016-12-09 14:30:00+00:00,273.3657531738281
2016-12-12 14:30:00+00:00,271.8145446777344
2016-12-13 14:30:00+00:00,272.32861328125
2016-12-14 14:30:00+00:00,268.8891906738281
2016-12-15 14:30:00+00:00,270.0770263671875
2016-12-16 14:30:00+00:00,269.5564270019531
2016-12-19 14:30:00+00:00,271.09588623046875
2016-12-20 14:30:00+00:00,272.6888122558594
2016-12-21 14:30:00+00:00,271.451904296875
2016-12-22 14:30:00+00:00,269.8324279785156
2016-12-23 14:30:00+00:00,270.4375
2016-12-27 14:30:00+00:00,271.5052185058594
2016-12-28 14:30:00+00:00,268.746826171875
2016-12-29 14:30:00+00:00,269.5386962890625
2016-12-30 14:30:00+00:00,268.4887390136719
2017-01-03 14:30:00+00:00,269.9390869140625
2017-01-04 14:30:00+00:00,274.21038818359375
2017-01-05 14:30:00+00:00,272.05694580078125
2017-01-06 14:30:00+00:00,271.79901123046875
2017-01-09 14:30:00+00:00,270.0904541015625
2017-01-10 14:30:00+00:00,271.8434143066406
2017-01-11 14:30:00+00:00,272.9379577636719
2017-01-12 14:30:00+00:00,271.36279296875
2017-01-13 14:30:00+00:00,272.8667297363281
2017-01-17 14:30:00+00:00,270.4463806152344
2017-01-18 14:30:00+00:00,271.5586853027344
2017-01-19 14:30:00+00:00,269.64556884765625
2017-01-20 14:30:00+00:00,271.0247497558594
2017-01-23 14:30:00+00:00,270.339599609375
2017-01-24 14:30:00+00:00,274.38824462890625
2017-01-25 14:30:00+00:00,276.7108459472656
2017-01-26 14:30:00+00:00,275.7853088378906
2017-01-27 14:30:00+00:00,274.3528137207031
2017-01-30 14:30:00+00:00,271.9947509765625
2017-01-31 14:30:00+00:00,272.91119384765625
2017-02-01 14:30:00+00:00,272.11920166015625
2017-02-02 14:30:00+00:00,272.4307556152344
2017-02-03 14:30:00+00:00,276.0167541503906
2017-02-06 14:30:00+00:00,274.8331298828125
2017-02-07 14:30:00+00:00,274.0679626464844
2017-02-08 14:30:00+00:00,274.2992858886719
2017-02-09 14:30:00+00:00,276.8709411621094
2017-02-10 14:30:00+00:00,278.3392333984375
2017-02-13 14:30:00+00:00,279.1488952636719
2017-02-14 14:30:00+00:00,279.9408264160156
2017-02-15 14:30:00+00:00,280.81292724609375
2017-02-16 14:30:00+00:00,280.50140380859375
2017-02-17 14:30:00+00:00,280.83087158203125
2017-02-21 14:30:00+00:00,283.0909118652344
2017-02-22 14:30:00+00:00,282.09429931640625
2017-02-23 14:30:00+00:00,280.81292724609375
2017-02-24 14:30:00+00:00,281.239990234375
2017-02-27 14:30:00+00:00,283.0107727050781
2017-02-28 14:30:00+00:00,279.9942932128906
2017-03-01 14:30:00+00:00,284.6748046875
2017-03-02 14:30:00+00:00,281.38238525390625
2017-03-03 14:30:00+00:00,281.6583251953125
2017-03-06 14:30:00+00:00,279.8164367675781
2017-03-07 14:30:00+00:00,278.38360595703125
2017-03-08 14:30:00+00:00,276.9154052734375
2017-03-09 14:30:00+00:00,275.86541748046875
2017-03-10 14:30:00+00:00,277.2267761230469
2017-03-13 13:30:00+00:00,277.6895751953125
2017-03-14 13:30:00+00:00,276.6307373046875
2017-03-15 13:30:00+00:00,280.3324279785156
2017-03-16 13:30:00+00:00,280.1455078125
2017-03-17 13:30:00+00:00,280.3355407714844
2017-03-20 13:30:00+00:00,279.3630676269531
2017-03-21 13:30:00+00:00,273.59979248046875
2017-03-22 13:30:00+00:00,274.21533203125
2017-03-23 13:30:00+00:00,274.857666015625
2017-03-24 13:30:00+00:00,274.5899963378906
2017-03-27 13:30:00+00:00,274.1796569824219
2017-03-28 13:30:00+00:00,276.24053955078125
2017-03-29 13:30:00+00:00,277.17724609375
2017-03-30 13:30:00+00:00,278.6404113769531
2017-03-31 13:30:00+00:00,278.7297668457031
2017-04-03 13:30:00+00:00,277.22186279296875
2017-04-04 13:30:00+00:00,276.8115234375
2017-04-05 13:30:00+00:00,274.6882019042969
2017-04-06 13:30:00+00:00,277.0434265136719
2017-04-07 13:30:00+00:00,276.64202880859375
2017-04-10 13:30:00+00:00,277.37359619140625
2017-04-11 13:30:00+00:00,279.01519775390625
2017-04-12 13:30:00+00:00,275.5892333984375
2017-04-13 13:30:00+00:00,272.51129150390625
2017-04-17 13:30:00+00:00,275.8747863769531
2017-04-18 13:30:00+00:00,275.8302001953125
2017-04-19 13:30:00+00:00,276.3654479980469
2017-04-20 13:30:00+00:00,279.1043395996094
2017-04-21 13:30:00+00:00,278.3995666503906
2017-04-24 13:30:00+00:00,281.77191162109375
2017-04-25 13:30:00+00:00,283.48486328125
2017-04-26 13:30:00+00:00,283.5027160644531
2017-04-27 13:30:00+00:00,283.7704772949219
2017-04-28 13:30:00+00:00,280.8976135253906
2017-05-01 13:30:00+00:00,281.77191162109375
2017-05-02 13:30:00+00:00,281.3348388671875
2017-05-03 13:30:00+00:00,280.1571044921875
2017-05-04 13:30:00+00:00,279.7734680175781
2017-05-05 13:30:00+00:00,282.1645202636719
2017-05-08 13:30:00+00:00,280.96014404296875
2017-05-09 13:30:00+00:00,280.3175964355469
2017-05-10 13:30:00+00:00,282.1020812988281
2017-05-11 13:30:00+00:00,280.3623046875
2017-05-12 13:30:00+00:00,279.2293395996094
2017-05-15 13:30:00+00:00,280.9778747558594
2017-05-16 13:30:00+00:00,280.6031799316406
2017-05-17 13:30:00+00:00,274.9290771484375
2017-05-18 13:30:00+00:00,275.16107177734375
2017-05-19 13:30:00+00:00,277.99810791015625
2017-05-22 13:30:00+00:00,279.3988342285156
2017-05-23 13:30:00+00:00,279.9073181152344
2017-05-24 13:30:00+00:00,280.69244384765625
2017-05-25 13:30:00+00:00,281.12957763671875
2017-05-26 13:30:00+00:00,280.4159240722656
2017-05-30 13:30:00+00:00,279.523681640625
2017-05-31 13:30:00+00:00,279.57720947265625
2017-06-01 13:30:00+00:00,283.9844665527344
2017-06-02 13:30:00+00:00,284.3681945800781
2017-06-05 13:30:00+00:00,283.2082824707031
2017-06-06 13:30:00+00:00,282.1645202636719
2017-06-07 13:30:00+00:00,282.02166748046875
2017-06-08 13:30:00+00:00,284.5019836425781
2017-06-09 13:30:00+00:00,285.5279541015625
2017-06-12 13:30:00+00:00,285.83123779296875
2017-06-13 13:30:00+00:00,287.6780700683594
2017-06-14 13:30:00+00:00,286.41107177734375
2017-06-15 13:30:00+00:00,285.05511474609375
2017-06-16 13:30:00+00:00,285.05865478515625
2017-06-19 13:30:00+00:00,286.77447509765625
2017-06-20 13:30:00+00:00,283.6019287109375
2017-06-21 13:30:00+00:00,281.9577941894531
2017-06-22 13:30:00+00:00,282.3420104980469
2017-06-23 13:30:00+00:00,283.5215759277344
2017-06-26 13:30:00+00:00,284.6296691894531
2017-06-27 13:30:00+00:00,282.28839111328125
2017-06-28 13:30:00+00:00,285.5054626464844
2017-06-29 13:30:00+00:00,283.646728515625
2017-06-30 13:30:00+00:00,283.83441162109375
2017-07-03 13:30:00+00:00,285.99700927734375
2017-07-05 13:30:00+00:00,284.8977966308594
2017-07-06 13:30:00+00:00,281.4126892089844
2017-07-07 13:30:00+00:00,284.2008361816406
2017-07-10 13:30:00+00:00,283.5663146972656
2017-07-11 13:30:00+00:00,284.048828125
2017-07-12 13:30:00+00:00,285.8361511230469
2017-07-13 13:30:00+00:00,286.13995361328125
2017-07-14 13:30:00+00:00,287.02459716796875
2017-07-17 13:30:00+00:00,287.6770324707031
2017-07-18 13:30:00+00:00,286.7207946777344
2017-07-19 13:30:00+00:00,289.6697082519531
2017-07-20 13:30:00+00:00,289.3570861816406
2017-07-21 13:30:00+00:00,288.59747314453125
2017-07-24 13:30:00+00:00,289.1069030761719
2017-07-25 13:30:00+00:00,291.6893615722656
2017-07-26 13:30:00+00:00,288.97271728515625
2017-07-27 13:30:00+00:00,288.1148681640625
2017-07-28 13:30:00+00:00,286.7476806640625
2017-07-31 13:30:00+00:00,286.4080505371094
2017-08-01 13:30:00+00:00,287.14080810546875
2017-08-02 13:30:00+00:00,285.01397705078125
2017-08-03 13:30:00+00:00,284.22760009765625
2017-08-04 13:30:00+00:00,285.0408020019531
2017-08-07 13:30:00+00:00,285.1212463378906
2017-08-08 13:30:00+00:00,284.39739990234375
2017-08-09 13:30:00+00:00,282.4403076171875
2017-08-10 13:30:00+00:00,277.9989929199219
2017-08-11 13:30:00+00:00,278.5620422363281
2017-08-14 13:30:00+00:00,281.75225830078125
2017-08-15 13:30:00+00:00,280.268798828125
2017-08-16 13:30:00+00:00,280.97479248046875
2017-08-17 13:30:00+00:00,276.13134765625
2017-08-18 13:30:00+00:00,275.57733154296875
2017-08-21 13:30:00+00:00,275.5504150390625
2017-08-22 13:30:00+00:00,278.1151123046875
2017-08-23 13:30:00+00:00,277.4538879394531
2017-08-24 13:30:00+00:00,277.15008544921875
2017-08-25 13:30:00+00:00,278.4725646972656
2017-08-28 13:30:00+00:00,278.32965087890625
2017-08-29 13:30:00+00:00,278.07049560546875
2017-08-30 13:30:00+00:00,279.7594909667969
2017-08-31 13:30:00+00:00,282.0114440917969
2017-09-01 13:30:00+00:00,283.1015930175781
2017-09-05 13:30:00+00:00,280.0007629394531
2017-09-06 13:30:00+00:00,280.331298828125
2017-09-07 13:30:00+00:00,279.4020080566406
2017-09-08 13:30:00+00:00,280.0989685058594
2017-09-11 13:30:00+00:00,283.4322814941406
2017-09-12 13:30:00+00:00,285.40728759765625
2017-09-13 13:30:00+00:00,285.08551025390625
2017-09-14 13:30:00+00:00,285.00494384765625
2017-09-15 13:30:00+00:00,286.0149841308594
2017-09-18 13:30:00+00:00,287.37060546875
2017-09-19 13:30:00+00:00,287.343505859375
2017-09-20 13:30:00+00:00,288.18731689453125
2017-09-21 13:30:00+00:00,287.5589904785156
2017-09-22 13:30:00+00:00,288.3579406738281
2017-09-25 13:30:00+00:00,289.0132141113281
2017-09-26 13:30:00+00:00,289.2556457519531
2017-09-27 13:30:00+00:00,291.96673583984375
2017-09-28 13:30:00+00:00,292.613037109375
2017-09-29 13:30:00+00:00,292.9451599121094
2017-10-02 13:30:00+00:00,295.52154541015625
2017-10-03 13:30:00+00:00,296.27569580078125
2017-10-04 13:30:00+00:00,296.0960388183594
2017-10-05 13:30:00+00:00,297.056640625
2017-10-06 13:30:00+00:00,296.7694396972656
2017-10-09 13:30:00+00:00,295.9076232910156
2017-10-10 13:30:00+00:00,296.8052978515625
2017-10-11 13:30:00+00:00,297.01177978515625
2017-10-12 13:30:00+00:00,297.0835266113281
2017-10-13 13:30:00+00:00,296.89508056640625
2017-10-16 13:30:00+00:00,296.8502502441406
2017-10-17 13:30:00+00:00,296.4461669921875
2017-10-18 13:30:00+00:00,297.37982177734375
2017-10-19 13:30:00+00:00,297.6670837402344
2017-10-20 13:30:00+00:00,299.4444885253906
2017-10-23 13:30:00+00:00,297.8555603027344
2017-10-24 13:30:00+00:00,299.04052734375
2017-10-25 13:30:00+00:00,297.20025634765625
2017-10-26 13:30:00+00:00,298.4840393066406
2017-10-27 13:30:00+00:00,300.054931640625
2017-10-30 13:30:00+00:00,297.9005126953125
2017-10-31 13:30:00+00:00,299.4893798828125
2017-11-01 13:30:00+00:00,298.6993713378906
2017-11-02 13:30:00+00:00,298.95074462890625
2017-11-03 13:30:00+00:00,299.70489501953125
2017-11-06 14:30:00+00:00,300.8988342285156
2017-11-07 14:30:00+00:00,299.0046691894531
2017-11-08 14:30:00+00:00,299.7407531738281
2017-11-09 14:30:00+00:00,298.259521484375
2017-11-10 14:30:00+00:00,298.2326354980469
2017-11-13 14:30:00+00:00,298.8070373535156
2017-11-14 14:30:00+00:00,298.4031066894531
2017-11-15 14:30:00+00:00,297.0205993652344
2017-11-16 14:30:00+00:00,299.97412109375
2017-11-17 14:30:00+00:00,300.7911376953125
2017-11-20 14:30:00+00:00,301.859375
2017-11-21 14:30:00+00:00,303.7893371582031
2017-11-22 14:30:00+00:00,303.5918884277344
2017-11-24 14:30:00+00:00,303.7264404296875
2017-11-27 14:30:00+00:00,303.15203857421875
2017-11-28 14:30:00+00:00,307.3442077636719
2017-11-29 14:30:00+00:00,308.74462890625
2017-11-30 14:30:00+00:00,310.5220642089844
2017-12-01 14:30:00+00:00,309.72314453125
2017-12-04 14:30:00+00:00,309.6333312988281
2017-12-05 14:30:00+00:00,307.2274169921875
2017-12-06 14:30:00+00:00,305.9797058105469
2017-12-07 14:30:00+00:00,307.9726867675781
2017-12-08 14:30:00+00:00,309.1217041015625
2017-12-11 14:30:00+00:00,308.9151611328125
2017-12-12 14:30:00+00:00,308.10723876953125
2017-12-13 14:30:00+00:00,308.14312744140625
2017-12-14 14:30:00+00:00,305.557861328125
2017-12-15 14:30:00+00:00,308.6116943359375
2017-12-18 14:30:00+00:00,311.81982421875
2017-12-19 14:30:00+00:00,310.53118896484375
2017-12-20 14:30:00+00:00,311.0357666015625
2017-12-21 14:30:00+00:00,311.7295837402344
2017-12-22 14:30:00+00:00,311.73858642578125
2017-12-26 14:30:00+00:00,311.8918762207031
2017-12-27 14:30:00+00:00,311.7746887207031
2017-12-28 14:30:00+00:00,312.9281921386719
2017-12-29 14:30:00+00:00,311.2611083984375
2018-01-02 14:30:00+00:00,314.225830078125
2018-01-03 14:30:00+00:00,314.7394104003906
2018-01-04 14:30:00+00:00,315.6766662597656
2018-01-05 14:30:00+00:00,316.7669982910156
2018-01-08 14:30:00+00:00,318.5061950683594
2018-01-09 14:30:00+00:00,318.0105285644531
2018-01-10 14:30:00+00:00,316.5506591796875
2018-01-11 14:30:00+00:00,321.074462890625
2018-01-12 14:30:00+00:00,321.8854675292969
2018-01-16 14:30:00+00:00,319.4794006347656
2018-01-17 14:30:00+00:00,321.8133239746094
2018-01-18 14:30:00+00:00,320.7139892578125
2018-01-19 14:30:00+00:00,324.0482177734375
2018-01-22 14:30:00+00:00,325.71533203125
2018-01-23 14:30:00+00:00,326.3009948730469
2018-01-24 14:30:00+00:00,325.4720458984375
2018-01-25 14:30:00+00:00,325.2466735839844
2018-01-26 14:30:00+00:00,326.67047119140625
2018-01-29 14:30:00+00:00,323.8949890136719
2018-01-30 14:30:00+00:00,320.5337829589844
2018-01-31 14:30:00+00:00,319.903076171875
2018-02-01 14:30:00+00:00,320.38958740234375
2018-02-02 14:30:00+00:00,313.9375
2018-02-05 14:30:00+00:00,302.348876953125
2018-02-06 14:30:00+00:00,305.4307861328125
2018-02-07 14:30:00+00:00,305.0522766113281
2018-02-08 14:30:00+00:00,295.0316162109375
2018-02-09 14:30:00+00:00,298.3027648925781
2018-02-12 14:30:00+00:00,301.2044372558594
2018-02-13 14:30:00+00:00,302.0965881347656
2018-02-14 14:30:00+00:00,307.6294860839844
2018-02-15 14:30:00+00:00,310.99072265625
2018-02-16 14:30:00+00:00,311.63055419921875
2018-02-20 14:30:00+00:00,309.4588317871094
2018-02-21 14:30:00+00:00,308.8009948730469
2018-02-22 14:30:00+00:00,308.3954772949219
2018-02-23 14:30:00+00:00,312.1531677246094
2018-02-26 14:30:00+00:00,313.9554748535156
2018-02-27 14:30:00+00:00,309.3778076171875
2018-02-28 14:30:00+00:00,305.7191467285156
2018-03-01 14:30:00+00:00,304.8179931640625
2018-03-02 14:30:00+00:00,307.9899597167969
2018-03-05 14:30:00+00:00,311.2250671386719
2018-03-06 14:30:00+00:00,314.5322265625
2018-03-07 14:30:00+00:00,315.19000244140625
2018-03-08 14:30:00+00:00,314.61322021484375
2018-03-09 14:30:00+00:00,319.8218688964844
2018-03-12 13:30:00+00:00,320.1283264160156
2018-03-13 13:30:00+00:00,318.3890686035156
2018-03-14 13:30:00+00:00,316.74908447265625
2018-03-15 13:30:00+00:00,315.51434326171875
2018-03-16 13:30:00+00:00,317.59307861328125
2018-03-19 13:30:00+00:00,314.67523193359375
2018-03-20 13:30:00+00:00,314.937255859375
2018-03-21 13:30:00+00:00,315.8405456542969
2018-03-22 13:30:00+00:00,307.9180603027344
2018-03-23 13:30:00+00:00,301.8746643066406
2018-03-26 13:30:00+00:00,308.4962463378906
2018-03-27 13:30:00+00:00,303.87115478515625
2018-03-28 13:30:00+00:00,304.5034484863281
2018-03-29 13:30:00+00:00,308.7041015625
2018-04-02 13:30:00+00:00,301.3958435058594
2018-04-03 13:30:00+00:00,305.53326416015625
2018-04-04 13:30:00+00:00,308.16204833984375
2018-04-05 13:30:00+00:00,310.52880859375
2018-04-06 13:30:00+00:00,304.4582824707031
2018-04-09 13:30:00+00:00,304.62091064453125
2018-04-10 13:30:00+00:00,309.43572998046875
2018-04-11 13:30:00+00:00,309.0834655761719
2018-04-12 13:30:00+00:00,310.31201171875
2018-04-13 13:30:00+00:00,309.3815002441406
2018-04-16 13:30:00+00:00,312.470947265625
2018-04-17 13:30:00+00:00,314.8829650878906
2018-04-18 13:30:00+00:00,315.9489440917969
2018-04-19 13:30:00+00:00,314.3049011230469
2018-04-20 13:30:00+00:00,312.4077453613281
2018-04-23 13:30:00+00:00,312.3807373046875
2018-04-24 13:30:00+00:00,310.0409851074219
2018-04-25 13:30:00+00:00,310.1584777832031
2018-04-26 13:30:00+00:00,311.34185791015625
2018-04-27 13:30:00+00:00,310.84503173828125
2018-04-30 13:30:00+00:00,307.6019287109375
2018-05-01 13:30:00+00:00,308.6859436035156
2018-05-02 13:30:00+00:00,308.1168518066406
2018-05-03 13:30:00+00:00,307.6742858886719
2018-05-04 13:30:00+00:00,311.8297424316406
2018-05-07 13:30:00+00:00,313.52801513671875
2018-05-08 13:30:00+00:00,314.57598876953125
2018-05-09 13:30:00+00:00,316.1296081542969
2018-05-10 13:30:00+00:00,318.4783935546875
2018-05-11 13:30:00+00:00,318.75836181640625
2018-05-14 13:30:00+00:00,318.2164306640625
2018-05-15 13:30:00+00:00,317.44854736328125
2018-05-16 13:30:00+00:00,319.6527099609375
2018-05-17 13:30:00+00:00,320.31219482421875
2018-05-18 13:30:00+00:00,319.6707763671875
2018-05-21 13:30:00+00:00,322.8054504394531
2018-05-22 13:30:00+00:00,320.5831604003906
2018-05-23 13:30:00+00:00,320.8270568847656
2018-05-24 13:30:00+00:00,321.0258483886719
2018-05-25 13:30:00+00:00,320.167724609375
2018-05-29 13:30:00+00:00,319.04742431640625
2018-05-30 13:30:00+00:00,323.93463134765625
2018-05-31 13:30:00+00:00,320.2760009765625
2018-06-01 13:30:00+00:00,322.082763671875
2018-06-04 13:30:00+00:00,323.99786376953125
2018-06-05 13:30:00+00:00,324.74755859375
2018-06-06 13:30:00+00:00,327.4396057128906
2018-06-07 13:30:00+00:00,327.5661315917969
2018-06-08 13:30:00+00:00,329.42706298828125
2018-06-11 13:30:00+00:00,329.3819580078125
2018-06-12 13:30:00+00:00,329.8516540527344
2018-06-13 13:30:00+00:00,327.8191223144531
2018-06-14 13:30:00+00:00,328.68634033203125
2018-06-15 13:30:00+00:00,327.9162292480469
2018-06-18 13:30:00+00:00,328.523193359375
2018-06-19 13:30:00+00:00,328.0521240234375
2018-06-20 13:30:00+00:00,329.6646423339844
2018-06-21 13:30:00+00:00,327.35467529296875
2018-06-22 13:30:00+00:00,327.63555908203125
2018-06-25 13:30:00+00:00,322.9611511230469
2018-06-26 13:30:00+00:00,323.45941162109375
2018-06-27 13:30:00+00:00,319.9264831542969
2018-06-28 13:30:00+00:00,321.2219543457031
2018-06-29 13:30:00+00:00,321.6023254394531
2018-07-02 13:30:00+00:00,321.6385803222656
2018-07-03 13:30:00+00:00,322.4810485839844
2018-07-05 13:30:00+00:00,325.3617248535156
2018-07-06 13:30:00+00:00,327.71697998046875
2018-07-09 13:30:00+00:00,330.9962463378906
2018-07-10 13:30:00+00:00,330.9509582519531
2018-07-11 13:30:00+00:00,328.0250244140625
2018-07-12 13:30:00+00:00,329.02142333984375
2018-07-13 13:30:00+00:00,328.9036560058594
2018-07-16 13:30:00+00:00,327.1734924316406
2018-07-17 13:30:00+00:00,328.66815185546875
2018-07-18 13:30:00+00:00,329.782470703125
2018-07-19 13:30:00+00:00,331.20465087890625
2018-07-20 13:30:00+00:00,329.19354248046875
2018-07-23 13:30:00+00:00,329.2207946777344
2018-07-24 13:30:00+00:00,326.7749328613281
2018-07-25 13:30:00+00:00,327.8347473144531
2018-07-26 13:30:00+00:00,329.2117004394531
2018-07-27 13:30:00+00:00,325.57012939453125
2018-07-30 13:30:00+00:00,324.0845031738281
2018-07-31 13:30:00+00:00,327.0829162597656
2018-08-01 13:30:00+00:00,326.0412292480469
2018-08-02 13:30:00+00:00,328.7678527832031
2018-08-03 13:30:00+00:00,329.700927734375
2018-08-06 13:30:00+00:00,331.3223876953125
2018-08-07 13:30:00+00:00,332.1737976074219
2018-08-08 13:30:00+00:00,331.2589416503906
2018-08-09 13:30:00+00:00,330.9781188964844
2018-08-10 13:30:00+00:00,329.1029968261719
2018-08-13 13:30:00+00:00,327.4271545410156
2018-08-14 13:30:00+00:00,330.45281982421875
2018-08-15 13:30:00+00:00,327.36376953125
2018-08-16 13:30:00+00:00,330.0721740722656
2018-08-17 13:30:00+00:00,331.748046875
2018-08-20 13:30:00+00:00,332.9892272949219
2018-08-21 13:30:00+00:00,335.6614074707031
2018-08-22 13:30:00+00:00,335.6162414550781
2018-08-23 13:30:00+00:00,334.44769287109375
2018-08-24 13:30:00+00:00,335.6886901855469
2018-08-27 13:30:00+00:00,337.3101806640625
2018-08-28 13:30:00+00:00,337.364501953125
2018-08-29 13:30:00+00:00,338.3609924316406
2018-08-30 13:30:00+00:00,336.6761169433594
2018-08-31 13:30:00+00:00,337.4279479980469
2018-09-04 13:30:00+00:00,336.6761169433594
2018-09-05 13:30:00+00:00,336.5129699707031
2018-09-06 13:30:00+00:00,335.4260559082031
2018-09-07 13:30:00+00:00,334.68316650390625
2018-09-10 13:30:00+00:00,335.4260559082031
2018-09-11 13:30:00+00:00,335.98760986328125
2018-09-12 13:30:00+00:00,336.2140197753906
2018-09-13 13:30:00+00:00,336.9205627441406
2018-09-14 13:30:00+00:00,338.2613525390625
2018-09-17 13:30:00+00:00,335.0273742675781
2018-09-18 13:30:00+00:00,336.4858703613281
2018-09-19 13:30:00+00:00,335.4078674316406
2018-09-20 13:30:00+00:00,337.93536376953125
2018-09-21 13:30:00+00:00,336.9867858886719
2018-09-24 13:30:00+00:00,335.778564453125
2018-09-25 13:30:00+00:00,335.4697570800781
2018-09-26 13:30:00+00:00,332.3810119628906
2018-09-27 13:30:00+00:00,332.6170959472656
2018-09-28 13:30:00+00:00,333.8163757324219
2018-10-01 13:30:00+00:00,331.1454772949219
2018-10-02 13:30:00+00:00,329.8919372558594
2018-10-03 13:30:00+00:00,331.17279052734375
2018-10-04 13:30:00+00:00,327.55718994140625
2018-10-05 13:30:00+00:00,325.1044006347656
2018-10-08 13:30:00+00:00,325.1952819824219
2018-10-09 13:30:00+00:00,323.4056701660156
2018-10-10 13:30:00+00:00,315.0387878417969
2018-10-11 13:30:00+00:00,308.4162902832031
2018-10-12 13:30:00+00:00,309.0794982910156
2018-10-15 13:30:00+00:00,310.4966125488281
2018-10-16 13:30:00+00:00,317.1100769042969
2018-10-17 13:30:00+00:00,316.1199645996094
2018-10-18 13:30:00+00:00,311.568603515625
2018-10-19 13:30:00+00:00,309.5972595214844
2018-10-22 13:30:00+00:00,307.96209716796875
2018-10-23 13:30:00+00:00,304.8460998535156
2018-10-24 13:30:00+00:00,295.6709289550781
2018-10-25 13:30:00+00:00,300.0677185058594
2018-10-26 13:30:00+00:00,296.7247314453125
2018-10-29 13:30:00+00:00,295.498291015625
2018-10-30 13:30:00+00:00,300.7036437988281
2018-10-31 13:30:00+00:00,301.7392578125
2018-11-01 13:30:00+00:00,307.7077331542969
2018-11-02 13:30:00+00:00,308.0347595214844
2018-11-05 14:30:00+00:00,309.5609130859375
2018-11-06 14:30:00+00:00,311.34149169921875
2018-11-07 14:30:00+00:00,316.00189208984375
2018-11-08 14:30:00+00:00,314.784423828125
2018-11-09 14:30:00+00:00,311.4687194824219
2018-11-12 14:30:00+00:00,306.5721435546875
2018-11-13 14:30:00+00:00,306.581298828125
2018-11-14 14:30:00+00:00,304.7280578613281
2018-11-15 14:30:00+00:00,308.4707946777344
2018-11-16 14:30:00+00:00,308.6615905761719
2018-11-19 14:30:00+00:00,304.42816162109375
2018-11-20 14:30:00+00:00,299.2137451171875
2018-11-21 14:30:00+00:00,302.51129150390625
2018-11-23 14:30:00+00:00,302.0390930175781
2018-11-26 14:30:00+00:00,305.9362487792969
2018-11-27 14:30:00+00:00,303.4471130371094
2018-11-28 14:30:00+00:00,309.4791564941406
2018-11-29 14:30:00+00:00,309.21575927734375
2018-11-30 14:30:00+00:00,311.3596496582031
2018-12-03 14:30:00+00:00,313.6489562988281
2018-12-04 14:30:00+00:00,302.55682373046875
2018-12-06 14:30:00+00:00,301.1396484375
2018-12-07 14:30:00+00:00,294.82598876953125
2018-12-10 14:30:00+00:00,293.08184814453125
2018-12-11 14:30:00+00:00,292.1825256347656
2018-12-12 14:30:00+00:00,294.389892578125
2018-12-13 14:30:00+00:00,291.30126953125
2018-12-14 14:30:00+00:00,287.313232421875
2018-12-17 14:30:00+00:00,281.07220458984375
2018-12-18 14:30:00+00:00,281.02667236328125
2018-12-19 14:30:00+00:00,276.275634765625
2018-12-20 14:30:00+00:00,272.7144775390625
2018-12-21 14:30:00+00:00,267.19329833984375
2018-12-24 14:30:00+00:00,259.96783447265625
2018-12-26 14:30:00+00:00,271.8916931152344
2018-12-27 14:30:00+00:00,273.4881591796875
2018-12-28 14:30:00+00:00,273.10498046875
2018-12-31 14:30:00+00:00,276.1246337890625
2019-01-02 14:30:00+00:00,275.139404296875
2019-01-03 14:30:00+00:00,270.6143798828125
2019-01-04 14:30:00+00:00,279.48193359375
2019-01-07 14:30:00+00:00,282.5929260253906
2019-01-08 14:30:00+00:00,287.3276062011719
2019-01-09 14:30:00+00:00,290.1648864746094
2019-01-10 14:30:00+00:00,292.5003967285156
2019-01-11 14:30:00+00:00,292.62811279296875
2019-01-14 14:30:00+00:00,291.0042419433594
2019-01-15 14:30:00+00:00,292.80145263671875
2019-01-16 14:30:00+00:00,294.81756591796875
2019-01-17 14:30:00+00:00,297.77349853515625
2019-01-18 14:30:00+00:00,301.77838134765625
2019-01-22 14:30:00+00:00,297.11663818359375
2019-01-23 14:30:00+00:00,296.6421813964844
2019-01-24 14:30:00+00:00,298.59454345703125
2019-01-25 14:30:00+00:00,301.9608459472656
2019-01-28 14:30:00+00:00,301.4866027832031
2019-01-29 14:30:00+00:00,301.50469970703125
2019-01-30 14:30:00+00:00,303.4023742675781
2019-01-31 14:30:00+00:00,304.51531982421875
2019-02-01 14:30:00+00:00,305.48236083984375
2019-02-04 14:30:00+00:00,308.5021667480469
2019-02-05 14:30:00+00:00,309.75189208984375
2019-02-06 14:30:00+00:00,309.43255615234375
2019-02-07 14:30:00+00:00,308.0458679199219
2019-02-08 14:30:00+00:00,307.81781005859375
2019-02-11 14:30:00+00:00,309.72454833984375
2019-02-12 14:30:00+00:00,312.87188720703125
2019-02-13 14:30:00+00:00,314.5870666503906
2019-02-14 14:30:00+00:00,314.3954162597656
2019-02-15 14:30:00+00:00,318.2911071777344
2019-02-19 14:30:00+00:00,318.5465087890625
2019-02-20 14:30:00+00:00,320.02435302734375
2019-02-21 14:30:00+00:00,318.9478454589844
2019-02-22 14:30:00+00:00,321.3654479980469
2019-02-25 14:30:00+00:00,321.33807373046875
2019-02-26 14:30:00+00:00,318.6285400390625
2019-02-27 14:30:00+00:00,318.9752197265625
2019-02-28 14:30:00+00:00,317.6798400878906
2019-03-01 14:30:00+00:00,320.07904052734375
2019-03-04 14:30:00+00:00,318.5920104980469
2019-03-05 14:30:00+00:00,317.2509460449219
2019-03-06 14:30:00+00:00,312.9814453125
2019-03-07 14:30:00+00:00,310.35406494140625
2019-03-08 14:30:00+00:00,309.4691467285156
2019-03-11 13:30:00+00:00,313.56524658203125
2019-03-12 13:30:00+00:00,314.0123596191406
2019-03-13 13:30:00+00:00,315.4172058105469
2019-03-14 13:30:00+00:00,315.0342102050781
2019-03-15 13:30:00+00:00,315.3211975097656
2019-03-18 13:30:00+00:00,317.7176208496094
2019-03-19 13:30:00+00:00,316.0987548828125
2019-03-20 13:30:00+00:00,313.4554443359375
2019-03-21 13:30:00+00:00,317.7633972167969
2019-03-22 13:30:00+00:00,308.54388427734375
2019-03-25 13:30:00+00:00,309.2755432128906
2019-03-26 13:30:00+00:00,312.3304748535156
2019-03-27 13:30:00+00:00,312.1109619140625
2019-03-28 13:30:00+00:00,314.7267761230469
2019-03-29 13:30:00+00:00,315.9158630371094
2019-04-01 13:30:00+00:00,320.12310791015625
2019-04-02 13:30:00+00:00,318.8335266113281
2019-04-03 13:30:00+00:00,320.5346984863281
2019-04-04 13:30:00+00:00,322.19024658203125
2019-04-05 13:30:00+00:00,324.6871643066406
2019-04-08 13:30:00+00:00,324.66888427734375
2019-04-09 13:30:00+00:00,321.0834655761719
2019-04-10 13:30:00+00:00,324.0104064941406
2019-04-11 13:30:00+00:00,324.9706726074219
2019-04-12 13:30:00+00:00,327.39453125
2019-04-15 13:30:00+00:00,326.92803955078125
2019-04-16 13:30:00+00:00,327.1750183105469
2019-04-17 13:30:00+00:00,324.7420349121094
2019-04-18 13:30:00+00:00,325.3731994628906
2019-04-22 13:30:00+00:00,324.3304748535156
2019-04-23 13:30:00+00:00,328.3092041015625
2019-04-24 13:30:00+00:00,329.4615173339844
2019-04-25 13:30:00+00:00,325.6109619140625
2019-04-26 13:30:00+00:00,328.7024230957031
2019-04-29 13:30:00+00:00,329.0500183105469
2019-04-30 13:30:00+00:00,328.4463195800781
2019-05-01 13:30:00+00:00,324.6506042480469
2019-05-02 13:30:00+00:00,325.4554748535156
2019-05-03 13:30:00+00:00,330.202392578125
2019-05-06 13:30:00+00:00,329.54388427734375
2019-05-07 13:30:00+00:00,323.0591125488281
2019-05-08 13:30:00+00:00,322.0621337890625
2019-05-09 13:30:00+00:00,321.193359375
2019-05-10 13:30:00+00:00,322.3548278808594
2019-05-13 13:30:00+00:00,312.8883361816406
2019-05-14 13:30:00+00:00,315.9432678222656
2019-05-15 13:30:00+00:00,316.93109130859375
2019-05-16 13:30:00+00:00,318.91583251953125
2019-05-17 13:30:00+00:00,315.01031494140625
2019-05-20 13:30:00+00:00,312.7968444824219
2019-05-21 13:30:00+00:00,316.9127502441406
2019-05-22 13:30:00+00:00,314.24200439453125
2019-05-23 13:30:00+00:00,309.2024230957031
2019-05-24 13:30:00+00:00,310.9309997558594
2019-05-28 13:30:00+00:00,307.4280090332031
2019-05-29 13:30:00+00:00,305.7174987792969
2019-05-30 13:30:00+00:00,305.04071044921875
2019-05-31 13:30:00+00:00,301.9493103027344
2019-06-03 13:30:00+00:00,304.1809997558594
2019-06-04 13:30:00+00:00,311.9096984863281
2019-06-05 13:30:00+00:00,312.8609619140625
2019-06-06 13:30:00+00:00,314.1871643066406
2019-06-07 13:30:00+00:00,315.69622802734375
2019-06-10 13:30:00+00:00,317.52557373046875
2019-06-11 13:30:00+00:00,317.7541809082031
2019-06-12 13:30:00+00:00,317.4249572753906
2019-06-13 13:30:00+00:00,319.4554138183594
2019-06-14 13:30:00+00:00,317.2695007324219
2019-06-17 13:30:00+00:00,317.3426818847656
2019-06-18 13:30:00+00:00,320.9737548828125
2019-06-19 13:30:00+00:00,321.9250183105469
2019-06-20 13:30:00+00:00,324.06524658203125
2019-06-21 13:30:00+00:00,321.9875793457031
2019-06-24 13:30:00+00:00,319.4168701171875
2019-06-25 13:30:00+00:00,317.6816711425781
2019-06-26 13:30:00+00:00,317.1216125488281
2019-06-27 13:30:00+00:00,321.2622375488281
2019-06-28 13:30:00+00:00,325.54974365234375
2019-07-01 13:30:00+00:00,326.1832580566406
2019-07-02 13:30:00+00:00,325.3386535644531
2019-07-03 13:30:00+00:00,328.2857666015625
2019-07-05 13:30:00+00:00,328.57952880859375
2019-07-08 13:30:00+00:00,325.4671630859375
2019-07-09 13:30:00+00:00,325.5314636230469
2019-07-10 13:30:00+00:00,325.1917724609375
2019-07-11 13:30:00+00:00,324.45721435546875
2019-07-12 13:30:00+00:00,327.8357849121094
2019-07-15 13:30:00+00:00,326.14654541015625
2019-07-16 13:30:00+00:00,326.3485412597656
2019-07-17 13:30:00+00:00,323.8421936035156
2019-07-18 13:30:00+00:00,324.879638671875
2019-07-19 13:30:00+00:00,323.86968994140625
2019-07-22 13:30:00+00:00,323.6768798828125
2019-07-23 13:30:00+00:00,327.19317626953125
2019-07-24 13:30:00+00:00,331.8663024902344
2019-07-25 13:30:00+00:00,328.56109619140625
2019-07-26 13:30:00+00:00,331.7745361328125
2019-07-29 13:30:00+00:00,330.1770935058594
2019-07-30 13:30:00+00:00,332.36212158203125
2019-07-31 13:30:00+00:00,328.60711669921875
2019-08-01 13:30:00+00:00,323.53912353515625
2019-08-02 13:30:00+00:00,320.1788024902344
2019-08-05 13:30:00+00:00,311.1080322265625
2019-08-06 13:30:00+00:00,315.03753662109375
2019-08-07 13:30:00+00:00,315.62506103515625
2019-08-08 13:30:00+00:00,322.4190673828125
2019-08-09 13:30:00+00:00,318.0489501953125
2019-08-12 13:30:00+00:00,313.357421875
2019-08-13 13:30:00+00:00,317.0848388671875
2019-08-14 13:30:00+00:00,307.5641784667969
2019-08-15 13:30:00+00:00,307.1143798828125
2019-08-16 13:30:00+00:00,313.69708251953125
2019-08-19 13:30:00+00:00,316.6167297363281
2019-08-20 13:30:00+00:00,314.12860107421875
2019-08-21 13:30:00+00:00,315.9096984863281
2019-08-22 13:30:00+00:00,316.1575927734375
2019-08-23 13:30:00+00:00,307.54583740234375
2019-08-26 13:30:00+00:00,310.32763671875
2019-08-27 13:30:00+00:00,306.7654113769531
2019-08-28 13:30:00+00:00,309.6941223144531
2019-08-29 13:30:00+00:00,314.449951171875
2019-08-30 13:30:00+00:00,315.03753662109375
2019-09-03 13:30:00+00:00,311.2641906738281
2019-09-04 13:30:00+00:00,315.0650939941406
2019-09-05 13:30:00+00:00,320.5094299316406
2019-09-06 13:30:00+00:00,320.2522888183594
2019-09-09 13:30:00+00:00,322.8872985839844
2019-09-10 13:30:00+00:00,324.778564453125
2019-09-11 13:30:00+00:00,329.1212463378906
2019-09-12 13:30:00+00:00,328.94671630859375
2019-09-13 13:30:00+00:00,329.1487731933594
2019-09-16 13:30:00+00:00,329.525146484375
2019-09-17 13:30:00+00:00,328.3408203125
2019-09-18 13:30:00+00:00,327.56048583984375
2019-09-19 13:30:00+00:00,326.9452819824219
2019-09-20 13:30:00+00:00,325.8327941894531
2019-09-23 13:30:00+00:00,326.6346435546875
2019-09-24 13:30:00+00:00,322.9111633300781
2019-09-25 13:30:00+00:00,326.68072509765625
2019-09-26 13:30:00+00:00,324.72686767578125
2019-09-27 13:30:00+00:00,322.5057373046875
2019-09-30 13:30:00+00:00,324.85595703125
2019-10-01 13:30:00+00:00,318.662353515625
2019-10-02 13:30:00+00:00,314.49652099609375
2019-10-03 13:30:00+00:00,316.36749267578125
2019-10-04 13:30:00+00:00,319.37213134765625
2019-10-07 13:30:00+00:00,317.851318359375
2019-10-08 13:30:00+00:00,312.1923522949219
2019-10-09 13:30:00+00:00,314.3030090332031
2019-10-10 13:30:00+00:00,316.2568359375
2019-10-11 13:30:00+00:00,321.6854248046875
2019-10-14 13:30:00+00:00,320.3397216796875
2019-10-15 13:30:00+00:00,322.8650817871094
2019-10-16 13:30:00+00:00,322.58868408203125
2019-10-17 13:30:00+00:00,325.2521667480469
2019-10-18 13:30:00+00:00,324.9941101074219
2019-10-21 13:30:00+00:00,326.7820739746094
2019-10-22 13:30:00+00:00,326.71759033203125
2019-10-23 13:30:00+00:00,327.0586853027344
2019-10-24 13:30:00+00:00,327.1324157714844
2019-10-25 13:30:00+00:00,328.8006286621094
2019-10-28 13:30:00+00:00,330.763671875
2019-10-29 13:30:00+00:00,331.6392822265625
2019-10-30 13:30:00+00:00,330.6807556152344
2019-10-31 13:30:00+00:00,328.3213195800781
2019-11-01 13:30:00+00:00,333.04022216796875
2019-11-04 14:30:00+00:00,334.8836669921875
2019-11-05 14:30:00+00:00,335.6946105957031
2019-11-06 14:30:00+00:00,334.28448486328125
2019-11-07 14:30:00+00:00,334.71759033203125
2019-11-08 14:30:00+00:00,335.6853332519531
2019-11-11 14:30:00+00:00,335.0033264160156
2019-11-12 14:30:00+00:00,334.4227600097656
2019-11-13 14:30:00+00:00,333.75909423828125
2019-11-14 14:30:00+00:00,334.5517578125
2019-11-15 14:30:00+00:00,336.2290954589844
2019-11-18 14:30:00+00:00,335.6576843261719
2019-11-19 14:30:00+00:00,336.3765869140625
2019-11-20 14:30:00+00:00,335.31671142578125
2019-11-21 14:30:00+00:00,332.9296875
2019-11-22 14:30:00+00:00,333.7406921386719
2019-11-25 14:30:00+00:00,337.8881530761719
2019-11-26 14:30:00+00:00,339.1507568359375
2019-11-27 14:30:00+00:00,341.4825439453125
2019-11-29 14:30:00+00:00,337.9158020019531
2019-12-02 14:30:00+00:00,335.6208801269531
2019-12-03 14:30:00+00:00,333.72222900390625
2019-12-04 14:30:00+00:00,336.47796630859375
2019-12-05 14:30:00+00:00,336.9664001464844
2019-12-06 14:30:00+00:00,340.284423828125
2019-12-09 14:30:00+00:00,338.7176208496094
2019-12-10 14:30:00+00:00,338.5240478515625
2019-12-11 14:30:00+00:00,339.07696533203125
2019-12-12 14:30:00+00:00,342.726806640625
2019-12-13 14:30:00+00:00,340.8650817871094
2019-12-16 14:30:00+00:00,342.9386901855469
2019-12-17 14:30:00+00:00,344.1277770996094
2019-12-18 14:30:00+00:00,344.2844543457031
2019-12-19 14:30:00+00:00,345.7958984375
2019-12-20 14:30:00+00:00,347.4789123535156
2019-12-23 14:30:00+00:00,347.182861328125
2019-12-24 14:30:00+00:00,347.20135498046875
2019-12-26 14:30:00+00:00,347.9692687988281
2019-12-27 14:30:00+00:00,347.2938232421875
2019-12-30 14:30:00+00:00,346.97003173828125
2019-12-31 14:30:00+00:00,347.3123779296875
2020-01-02 14:30:00+00:00,347.8211975097656
2020-01-03 14:30:00+00:00,346.00775146484375
2020-01-06 14:30:00+00:00,345.99853515625
2020-01-07 14:30:00+00:00,345.0456237792969
2020-01-08 14:30:00+00:00,345.6654968261719
2020-01-09 14:30:00+00:00,346.66461181640625
2020-01-10 14:30:00+00:00,345.6006774902344
2020-01-13 14:30:00+00:00,348.2838134765625
2020-01-14 14:30:00+00:00,349.2923889160156
2020-01-15 14:30:00+00:00,349.7642517089844
2020-01-16 14:30:00+00:00,353.659423828125
2020-01-17 14:30:00+00:00,352.928466796875
2020-01-21 14:30:00+00:00,350.9762878417969
2020-01-22 14:30:00+00:00,350.7264099121094
2020-01-23 14:30:00+00:00,351.51287841796875
2020-01-24 14:30:00+00:00,347.7934265136719
2020-01-27 14:30:00+00:00,343.0285949707031
2020-01-28 14:30:00+00:00,346.39642333984375
2020-01-29 14:30:00+00:00,344.75872802734375
2020-01-30 14:30:00+00:00,345.11029052734375
2020-01-31 14:30:00+00:00,338.1341247558594
2020-02-03 14:30:00+00:00,341.9830322265625
2020-02-04 14:30:00+00:00,346.54443359375
2020-02-05 14:30:00+00:00,350.5136413574219
2020-02-06 14:30:00+00:00,348.7557373046875
2020-02-07 14:30:00+00:00,345.545166015625
2020-02-10 14:30:00+00:00,347.4233093261719
2020-02-11 14:30:00+00:00,350.1435546875
2020-02-12 14:30:00+00:00,352.4844055175781
2020-02-13 14:30:00+00:00,353.6779479980469
2020-02-14 14:30:00+00:00,353.51141357421875
2020-02-18 14:30:00+00:00,352.4566345214844
2020-02-19 14:30:00+00:00,353.8722229003906
2020-02-20 14:30:00+00:00,355.3063659667969
2020-02-21 14:30:00+00:00,351.5313720703125
2020-02-24 14:30:00+00:00,341.03936767578125
2020-02-25 14:30:00+00:00,329.1039123535156
2020-02-26 14:30:00+00:00,324.283447265625
2020-02-27 14:30:00+00:00,312.4034423828125
2020-02-28 14:30:00+00:00,306.333984375
2020-03-02 14:30:00+00:00,316.5762634277344
2020-03-03 14:30:00+00:00,309.6277770996094
2020-03-04 14:30:00+00:00,320.3974609375
2020-03-05 14:30:00+00:00,308.8228454589844
2020-03-06 14:30:00+00:00,303.71563720703125
2020-03-09 13:30:00+00:00,275.0797119140625
2020-03-10 13:30:00+00:00,286.2009582519531
2020-03-11 13:30:00+00:00,267.307861328125
2020-03-12 13:30:00+00:00,238.74603271484375
2020-03-13 13:30:00+00:00,260.9792785644531
2020-03-16 13:30:00+00:00,225.35797119140625
2020-03-17 13:30:00+00:00,237.5154571533203
2020-03-18 13:30:00+00:00,213.75558471679688
2020-03-19 13:30:00+00:00,221.8050994873047
2020-03-20 13:30:00+00:00,213.0953369140625
2020-03-23 13:30:00+00:00,205.2872772216797
2020-03-24 13:30:00+00:00,228.00506591796875
2020-03-25 13:30:00+00:00,235.0044708251953
2020-03-26 13:30:00+00:00,248.57568359375
2020-03-27 13:30:00+00:00,240.6931915283203
2020-03-30 13:30:00+00:00,247.03265380859375
2020-03-31 13:30:00+00:00,244.3555145263672
2020-04-01 13:30:00+00:00,229.59457397460938
2020-04-02 13:30:00+00:00,232.19723510742188
2020-04-03 13:30:00+00:00,225.9600830078125
2020-04-06 13:30:00+00:00,244.30905151367188
2020-04-07 13:30:00+00:00,247.15341186523438
2020-04-08 13:30:00+00:00,259.77642822265625
2020-04-09 13:30:00+00:00,268.6070556640625
2020-04-13 13:30:00+00:00,260.24114990234375
2020-04-14 13:30:00+00:00,265.7254638671875
2020-04-15 13:30:00+00:00,255.28684997558594
2020-04-16 13:30:00+00:00,255.06382751464844
2020-04-17 13:30:00+00:00,264.0709533691406
2020-04-20 13:30:00+00:00,259.0793151855469
2020-04-21 13:30:00+00:00,252.21011352539062
2020-04-22 13:30:00+00:00,255.6679229736328
2020-04-23 13:30:00+00:00,258.828369140625
2020-04-24 13:30:00+00:00,262.2211608886719
2020-04-27 13:30:00+00:00,273.1431884765625
2020-04-28 13:30:00+00:00,276.024658203125
2020-04-29 13:30:00+00:00,287.625244140625
2020-04-30 13:30:00+00:00,278.6832275390625
2020-05-01 13:30:00+00:00,269.1183166503906
2020-05-04 13:30:00+00:00,269.4529724121094
2020-05-05 13:30:00+00:00,272.0370178222656
2020-05-06 13:30:00+00:00,269.94561767578125
2020-05-07 13:30:00+00:00,274.3980712890625
2020-05-08 13:30:00+00:00,284.2231140136719
2020-05-11 13:30:00+00:00,282.2433166503906
2020-05-12 13:30:00+00:00,271.8418273925781
2020-05-13 13:30:00+00:00,262.6022644042969
2020-05-14 13:30:00+00:00,265.5581970214844
2020-05-15 13:30:00+00:00,267.72406005859375
2020-05-18 13:30:00+00:00,283.9443664550781
2020-05-19 13:30:00+00:00,280.0310363769531
2020-05-20 13:30:00+00:00,286.1100769042969
2020-05-21 13:30:00+00:00,287.51373291015625
2020-05-22 13:30:00+00:00,287.2535400390625
2020-05-26 13:30:00+00:00,297.31097412109375
2020-05-27 13:30:00+00:00,305.03546142578125
2020-05-28 13:30:00+00:00,300.564453125
2020-05-29 13:30:00+00:00,298.8726501464844
2020-06-01 13:30:00+00:00,302.73016357421875
2020-06-02 13:30:00+00:00,305.4351501464844
2020-06-03 13:30:00+00:00,313.8845520019531
2020-06-04 13:30:00+00:00,313.9775085449219
2020-06-05 13:30:00+00:00,323.9141845703125
2020-06-08 13:30:00+00:00,330.1792907714844
2020-06-09 13:30:00+00:00,323.2635498046875
2020-06-10 13:30:00+00:00,315.22314453125
2020-06-11 13:30:00+00:00,292.654052734375
2020-06-12 13:30:00+00:00,298.5194091796875
2020-06-15 13:30:00+00:00,303.3157653808594
2020-06-16 13:30:00+00:00,309.46002197265625
2020-06-17 13:30:00+00:00,305.1377258300781
2020-06-18 13:30:00+00:00,304.3104248046875
2020-06-19 13:30:00+00:00,303.07171630859375
2020-06-22 13:30:00+00:00,303.85528564453125
2020-06-23 13:30:00+00:00,304.3309631347656
2020-06-24 13:30:00+00:00,293.9403076171875
2020-06-25 13:30:00+00:00,297.8484802246094
2020-06-26 13:30:00+00:00,291.8324279785156
2020-06-29 13:30:00+00:00,298.9398193359375
2020-06-30 13:30:00+00:00,302.6613464355469
2020-07-01 13:30:00+00:00,300.69329833984375
2020-07-02 13:30:00+00:00,302.12969970703125
2020-07-06 13:30:00+00:00,305.31964111328125
2020-07-07 13:30:00+00:00,299.5179748535156
2020-07-08 13:30:00+00:00,301.5327453613281
2020-07-09 13:30:00+00:00,297.03692626953125
2020-07-10 13:30:00+00:00,301.28094482421875
2020-07-13 13:30:00+00:00,298.14697265625
2020-07-14 13:30:00+00:00,303.0064392089844
2020-07-15 13:30:00+00:00,312.1004943847656
2020-07-16 13:30:00+00:00,310.8693542480469
2020-07-17 13:30:00+00:00,312.0819396972656
2020-07-20 13:30:00+00:00,310.2630920410156
2020-07-21 13:30:00+00:00,314.245849609375
2020-07-22 13:30:00+00:00,316.49371337890625
2020-07-23 13:30:00+00:00,316.88543701171875
2020-07-24 13:30:00+00:00,314.534912109375
2020-07-27 13:30:00+00:00,317.2864990234375
2020-07-28 13:30:00+00:00,314.1246032714844
2020-07-29 13:30:00+00:00,321.1108093261719
2020-07-30 13:30:00+00:00,318.95611572265625
2020-07-31 13:30:00+00:00,316.7735290527344
2020-08-03 13:30:00+00:00,320.51373291015625
2020-08-04 13:30:00+00:00,322.13671875
2020-08-05 13:30:00+00:00,326.6324462890625
2020-08-06 13:30:00+00:00,325.5877990722656
2020-08-07 13:30:00+00:00,329.50531005859375
2020-08-10 13:30:00+00:00,331.2681579589844
2020-08-11 13:30:00+00:00,330.7830810546875
2020-08-12 13:30:00+00:00,332.9097900390625
2020-08-13 13:30:00+00:00,332.3127746582031
2020-08-14 13:30:00+00:00,331.5666809082031
2020-08-17 13:30:00+00:00,332.48065185546875
2020-08-18 13:30:00+00:00,329.4306640625
2020-08-19 13:30:00+00:00,328.0595703125
2020-08-20 13:30:00+00:00,325.85833740234375
2020-08-21 13:30:00+00:00,325.0841369628906
2020-08-24 13:30:00+00:00,329.9903564453125
2020-08-25 13:30:00+00:00,329.3652648925781
2020-08-26 13:30:00+00:00,328.19012451171875
2020-08-27 13:30:00+00:00,329.46795654296875
2020-08-28 13:30:00+00:00,331.3055419921875
2020-08-31 13:30:00+00:00,327.76104736328125
2020-09-01 13:30:00+00:00,330.2794494628906
2020-09-02 13:30:00+00:00,334.5420227050781
2020-09-03 13:30:00+00:00,324.3566589355469
2020-09-04 13:30:00+00:00,322.7803039550781
2020-09-08 13:30:00+00:00,315.6822204589844
2020-09-09 13:30:00+00:00,319.9728088378906
2020-09-10 13:30:00+00:00,316.064697265625
2020-09-11 13:30:00+00:00,315.86883544921875
2020-09-14 13:30:00+00:00,322.0994873046875
2020-09-15 13:30:00+00:00,322.4911804199219
2020-09-16 13:30:00+00:00,323.48919677734375
2020-09-17 13:30:00+00:00,321.52105712890625
2020-09-18 13:30:00+00:00,318.0531005859375
2020-09-21 13:30:00+00:00,310.1105041503906
2020-09-22 13:30:00+00:00,312.1966857910156
2020-09-23 13:30:00+00:00,305.1334228515625
2020-09-24 13:30:00+00:00,305.1615295410156
2020-09-25 13:30:00+00:00,309.427490234375
2020-09-28 13:30:00+00:00,316.8555603027344
2020-09-29 13:30:00+00:00,314.9564208984375
2020-09-30 13:30:00+00:00,316.9866027832031
2020-10-01 13:30:00+00:00,321.3648986816406
2020-10-02 13:30:00+00:00,324.18084716796875
2020-10-05 13:30:00+00:00,331.8148193359375
2020-10-06 13:30:00+00:00,330.1776428222656
2020-10-07 13:30:00+00:00,335.9405517578125
2020-10-08 13:30:00+00:00,339.48614501953125
2020-10-09 13:30:00+00:00,340.3749084472656
2020-10-12 13:30:00+00:00,342.5266418457031
2020-10-13 13:30:00+00:00,339.8697509765625
2020-10-14 13:30:00+00:00,338.1764221191406
2020-10-15 13:30:00+00:00,341.4227294921875
2020-10-16 13:30:00+00:00,340.5432434082031
2020-10-19 13:30:00+00:00,336.6235046386719
2020-10-20 13:30:00+00:00,338.1951599121094
2020-10-21 13:30:00+00:00,335.9873352050781
2020-10-22 13:30:00+00:00,341.65667724609375
2020-10-23 13:30:00+00:00,343.7989196777344
2020-10-26 13:30:00+00:00,336.548583984375
2020-10-27 13:30:00+00:00,331.98321533203125
2020-10-28 13:30:00+00:00,323.1611328125
2020-10-29 13:30:00+00:00,326.22967529296875
2020-10-30 13:30:00+00:00,323.94696044921875
2020-11-02 14:30:00+00:00,330.30865478515625
2020-11-03 14:30:00+00:00,337.6899719238281
2020-11-04 14:30:00+00:00,337.96136474609375
2020-11-05 14:30:00+00:00,347.38201904296875
2020-11-06 14:30:00+00:00,345.78228759765625
2020-11-09 14:30:00+00:00,355.59600830078125
2020-11-10 14:30:00+00:00,359.815185546875
2020-11-11 14:30:00+00:00,359.4036560058594
2020-11-12 14:30:00+00:00,353.13555908203125
2020-11-13 14:30:00+00:00,360.7601623535156
2020-11-16 14:30:00+00:00,367.9917907714844
2020-11-17 14:30:00+00:00,368.8244934082031
2020-11-18 14:30:00+00:00,363.5856018066406
2020-11-19 14:30:00+00:00,366.83172607421875
2020-11-20 14:30:00+00:00,366.5792236328125
2020-11-23 14:30:00+00:00,372.2765197753906
2020-11-24 14:30:00+00:00,378.5727233886719
2020-11-25 14:30:00+00:00,375.9440002441406
2020-11-27 14:30:00+00:00,376.7015380859375
2020-11-30 14:30:00+00:00,370.2652893066406
2020-12-01 14:30:00+00:00,374.970947265625
2020-12-02 14:30:00+00:00,374.1757507324219
2020-12-03 14:30:00+00:00,376.30877685546875
2020-12-04 14:30:00+00:00,383.3626403808594
2020-12-07 14:30:00+00:00,382.071533203125
2020-12-08 14:30:00+00:00,383.95208740234375
2020-12-09 14:30:00+00:00,382.3710021972656
2020-12-10 14:30:00+00:00,383.5123291015625
2020-12-11 14:30:00+00:00,382.6329650878906
2020-12-14 14:30:00+00:00,381.7535095214844
2020-12-15 14:30:00+00:00,390.7627258300781
2020-12-16 14:30:00+00:00,389.42498779296875
2020-12-17 14:30:00+00:00,392.62445068359375
2020-12-18 14:30:00+00:00,390.5478515625
2020-12-21 14:30:00+00:00,389.7030029296875
2020-12-22 14:30:00+00:00,391.4866638183594
2020-12-23 14:30:00+00:00,395.00701904296875
2020-12-24 14:30:00+00:00,395.9270935058594
2020-12-28 14:30:00+00:00,394.5751647949219
2020-12-29 14:30:00+00:00,390.26617431640625
2020-12-30 14:30:00+00:00,393.7491455078125
2020-12-31 14:30:00+00:00,394.2091064453125
2021-01-04 14:30:00+00:00,388.0320129394531
2021-01-05 14:30:00+00:00,393.767822265625
2021-01-06 14:30:00+00:00,409.36083984375
2021-01-07 14:30:00+00:00,413.7918395996094
2021-01-08 14:30:00+00:00,413.1347351074219
2021-01-11 14:30:00+00:00,413.82940673828125
2021-01-12 14:30:00+00:00,418.6640319824219
2021-01-13 14:30:00+00:00,414.68365478515625
2021-01-14 14:30:00+00:00,418.7016906738281
2021-01-15 14:30:00+00:00,414.2237243652344
2021-01-19 14:30:00+00:00,417.969482421875
2021-01-20 14:30:00+00:00,422.25018310546875
2021-01-21 14:30:00+00:00,419.4620361328125
2021-01-22 14:30:00+00:00,421.02044677734375
2021-01-25 14:30:00+00:00,419.3775329589844
2021-01-26 14:30:00+00:00,415.1812744140625
2021-01-27 14:30:00+00:00,404.7138977050781
2021-01-28 14:30:00+00:00,407.77435302734375
2021-01-29 14:30:00+00:00,399.8792419433594
2021-02-01 14:30:00+00:00,408.2718811035156
2021-02-02 14:30:00+00:00,413.2662048339844
2021-02-03 14:30:00+00:00,413.3505554199219
2021-02-04 14:30:00+00:00,419.1991882324219
2021-02-05 14:30:00+00:00,423.6865539550781
2021-02-08 14:30:00+00:00,430.3141784667969
2021-02-09 14:30:00+00:00,431.6003112792969
2021-02-10 14:30:00+00:00,431.2342834472656
2021-02-11 14:30:00+00:00,433.8910217285156
2021-02-12 14:30:00+00:00,435.19586181640625
2021-02-16 14:30:00+00:00,434.4542236328125
2021-02-17 14:30:00+00:00,432.09796142578125
2021-02-18 14:30:00+00:00,427.4697570800781
2021-02-19 14:30:00+00:00,433.60931396484375
2021-02-22 14:30:00+00:00,432.25750732421875
2021-02-23 14:30:00+00:00,433.09295654296875
2021-02-24 14:30:00+00:00,441.0257263183594
2021-02-25 14:30:00+00:00,427.4510192871094
2021-02-26 14:30:00+00:00,427.0003967285156
2021-03-01 14:30:00+00:00,438.9979248046875
2021-03-02 14:30:00+00:00,432.87713623046875
2021-03-03 14:30:00+00:00,429.10321044921875
2021-03-04 14:30:00+00:00,420.02532958984375
2021-03-05 14:30:00+00:00,429.81671142578125
2021-03-08 14:30:00+00:00,433.0553894042969
2021-03-09 14:30:00+00:00,436.209716796875
2021-03-10 14:30:00+00:00,442.15216064453125
2021-03-11 14:30:00+00:00,448.8361511230469
2021-03-12 14:30:00+00:00,452.985595703125
2021-03-15 13:30:00+00:00,459.3317565917969
2021-03-16 13:30:00+00:00,453.361083984375
2021-03-17 13:30:00+00:00,456.4027099609375
2021-03-18 13:30:00+00:00,447.38116455078125
2021-03-19 13:30:00+00:00,447.45068359375
2021-03-22 13:30:00+00:00,445.0243225097656
2021-03-23 13:30:00+00:00,433.31536865234375
2021-03-24 13:30:00+00:00,430.59735107421875
2021-03-25 13:30:00+00:00,439.7200012207031
2021-03-26 13:30:00+00:00,449.9053649902344
2021-03-29 13:30:00+00:00,441.7702331542969
2021-03-30 13:30:00+00:00,447.2626647949219
2021-03-31 13:30:00+00:00,447.7140808105469
2021-04-01 13:30:00+00:00,453.5919494628906
2021-04-05 13:30:00+00:00,456.7896423339844
2021-04-06 13:30:00+00:00,457.2222900390625
2021-04-07 13:30:00+00:00,453.5919494628906
2021-04-08 13:30:00+00:00,455.614013671875
2021-04-09 13:30:00+00:00,457.55145263671875
2021-04-12 13:30:00+00:00,459.0091552734375
2021-04-13 13:30:00+00:00,457.1564025878906
2021-04-14 13:30:00+00:00,459.6863708496094
2021-04-15 13:30:00+00:00,463.034423828125
2021-04-16 13:30:00+00:00,466.42022705078125
2021-04-19 13:30:00+00:00,463.89019775390625
2021-04-20 13:30:00+00:00,457.07183837890625
2021-04-21 13:30:00+00:00,464.9530334472656
2021-04-22 13:30:00+00:00,462.6393737792969
2021-04-23 13:30:00+00:00,470.4077453613281
2021-04-26 13:30:00+00:00,472.7495422363281
2021-04-27 13:30:00+00:00,473.3890380859375
2021-04-28 13:30:00+00:00,473.4642639160156
2021-04-29 13:30:00+00:00,473.4642639160156
2021-04-30 13:30:00+00:00,467.0220642089844
2021-05-03 13:30:00+00:00,469.8058166503906
2021-05-04 13:30:00+00:00,468.0753173828125
2021-05-05 13:30:00+00:00,467.38885498046875
2021-05-06 13:30:00+00:00,469.8058166503906
2021-05-07 13:30:00+00:00,474.7621765136719
2021-05-10 13:30:00+00:00,469.03466796875
2021-05-11 13:30:00+00:00,464.8025207519531
2021-05-12 13:30:00+00:00,450.37567138671875
2021-05-13 13:30:00+00:00,459.2443542480469
2021-05-14 13:30:00+00:00,466.7304992675781
2021-05-17 13:30:00+00:00,466.2132263183594
2021-05-18 13:30:00+00:00,461.34161376953125
2021-05-19 13:30:00+00:00,458.3978576660156
2021-05-20 13:30:00+00:00,460.5045166015625
2021-05-21 13:30:00+00:00,461.2569885253906
2021-05-24 13:30:00+00:00,463.66448974609375
2021-05-25 13:30:00+00:00,460.2224426269531
2021-05-26 13:30:00+00:00,464.71795654296875
2021-05-27 13:30:00+00:00,467.69915771484375
2021-05-28 13:30:00+00:00,468.1318664550781
2021-06-01 13:30:00+00:00,470.7181701660156
2021-06-02 13:30:00+00:00,468.0377502441406
2021-06-03 13:30:00+00:00,465.4608459472656
2021-06-04 13:30:00+00:00,468.3011169433594
2021-06-07 13:30:00+00:00,467.55816650390625
2021-06-08 13:30:00+00:00,471.9878234863281
2021-06-09 13:30:00+00:00,468.85601806640625
2021-06-10 13:30:00+00:00,468.7901916503906
2021-06-11 13:30:00+00:00,472.35455322265625
2021-06-14 13:30:00+00:00,468.11297607421875
2021-06-15 13:30:00+00:00,467.7462463378906
2021-06-16 13:30:00+00:00,464.5391540527344
2021-06-17 13:30:00+00:00,457.2505187988281
2021-06-18 13:30:00+00:00,446.83001708984375
2021-06-21 13:30:00+00:00,457.5043640136719
2021-06-22 13:30:00+00:00,458.0687255859375
2021-06-23 13:30:00+00:00,458.3695983886719
2021-06-24 13:30:00+00:00,462.87457275390625
2021-06-25 13:30:00+00:00,466.8434143066406
2021-06-28 13:30:00+00:00,462.15972900390625
2021-06-29 13:30:00+00:00,461.71783447265625
2021-06-30 13:30:00+00:00,461.7835693359375
2021-07-01 13:30:00+00:00,465.7994079589844
2021-07-02 13:30:00+00:00,464.3228759765625
2021-07-06 13:30:00+00:00,458.9904479980469
2021-07-07 13:30:00+00:00,459.6863708496094
2021-07-08 13:30:00+00:00,454.15631103515625
2021-07-09 13:30:00+00:00,463.6551513671875
2021-07-12 13:30:00+00:00,464.9905700683594
2021-07-13 13:30:00+00:00,457.84307861328125
2021-07-14 13:30:00+00:00,455.3037109375
2021-07-15 13:30:00+00:00,453.85540771484375
2021-07-16 13:30:00+00:00,448.2501220703125
2021-07-19 13:30:00+00:00,440.4818420410156
2021-07-20 13:30:00+00:00,452.8773193359375
2021-07-21 13:30:00+00:00,458.8023376464844
2021-07-22 13:30:00+00:00,453.9776611328125
2021-07-23 13:30:00+00:00,457.82415771484375
2021-07-26 13:30:00+00:00,458.6048583984375
2021-07-27 13:30:00+00:00,455.7738952636719
2021-07-28 13:30:00+00:00,459.2819519042969
2021-07-29 13:30:00+00:00,463.9654541015625
2021-07-30 13:30:00+00:00,463.0908203125
2021-08-02 13:30:00+00:00,461.4732360839844
2021-08-03 13:30:00+00:00,464.1347961425781
2021-08-04 13:30:00+00:00,459.4324035644531
2021-08-05 13:30:00+00:00,463.7773132324219
2021-08-06 13:30:00+00:00,465.9686584472656
2021-08-09 13:30:00+00:00,464.5955810546875
2021-08-10 13:30:00+00:00,466.2508850097656
2021-08-11 13:30:00+00:00,470.13507080078125
2021-08-12 13:30:00+00:00,469.34503173828125
2021-08-13 13:30:00+00:00,468.4609680175781
2021-08-16 13:30:00+00:00,467.3512268066406
2021-08-17 13:30:00+00:00,461.6518859863281
2021-08-18 13:30:00+00:00,457.25994873046875
2021-08-19 13:30:00+00:00,453.498046875
2021-08-20 13:30:00+00:00,459.0091552734375
2021-08-23 13:30:00+00:00,463.10968017578125
2021-08-24 13:30:00+00:00,467.50164794921875
2021-08-25 13:30:00+00:00,470.1162109375
2021-08-26 13:30:00+00:00,465.7994079589844
2021-08-27 13:30:00+00:00,474.9032287597656
2021-08-30 13:30:00+00:00,473.65240478515625
2021-08-31 13:30:00+00:00,472.38275146484375
2021-09-01 13:30:00+00:00,473.68060302734375
2021-09-02 13:30:00+00:00,475.9189147949219
2021-09-03 13:30:00+00:00,473.5301208496094
2021-09-07 13:30:00+00:00,468.0753173828125
2021-09-08 13:30:00+00:00,466.5329895019531
2021-09-09 13:30:00+00:00,465.4797058105469
2021-09-10 13:30:00+00:00,460.9183044433594
2021-09-13 13:30:00+00:00,463.9090576171875
2021-09-14 13:30:00+00:00,458.924560546875
2021-09-15 13:30:00+00:00,463.9372253417969
2021-09-16 13:30:00+00:00,463.18487548828125
2021-09-17 13:30:00+00:00,459.1960144042969
2021-09-20 13:30:00+00:00,452.161376953125
2021-09-21 13:30:00+00:00,451.59564208984375
2021-09-22 13:30:00+00:00,457.9230651855469
2021-09-23 13:30:00+00:00,464.3919677734375
2021-09-24 13:30:00+00:00,463.2226257324219
2021-09-27 13:30:00+00:00,467.5791931152344
2021-09-28 13:30:00+00:00,460.29937744140625
2021-09-29 13:30:00+00:00,460.4974060058594
2021-09-30 13:30:00+00:00,453.4627685546875
2021-10-01 13:30:00+00:00,460.79925537109375
2021-10-04 13:30:00+00:00,458.3002624511719
2021-10-05 13:30:00+00:00,458.8283386230469
2021-10-06 13:30:00+00:00,458.00787353515625
2021-10-07 13:30:00+00:00,464.75030517578125
2021-10-08 13:30:00+00:00,461.96844482421875
2021-10-11 13:30:00+00:00,459.50726318359375
2021-10-12 13:30:00+00:00,462.2513122558594
2021-10-13 13:30:00+00:00,463.995849609375
2021-10-14 13:30:00+00:00,471.91693115234375
2021-10-15 13:30:00+00:00,472.36016845703125
2021-10-18 13:30:00+00:00,473.369140625
2021-10-19 13:30:00+00:00,474.67987060546875
2021-10-20 13:30:00+00:00,478.36700439453125
2021-10-21 13:30:00+00:00,479.7908935546875
2021-10-22 13:30:00+00:00,480.46044921875
2021-10-25 13:30:00+00:00,482.9875793457031
2021-10-26 13:30:00+00:00,479.8758239746094
2021-10-27 13:30:00+00:00,472.39794921875
2021-10-28 13:30:00+00:00,479.85687255859375
2021-10-29 13:30:00+00:00,480.1115417480469
2021-11-01 13:30:00+00:00,490.1449890136719
2021-11-02 13:30:00+00:00,491.0784606933594
2021-11-03 13:30:00+00:00,496.58538818359375
2021-11-04 13:30:00+00:00,494.9728698730469
2021-11-05 13:30:00+00:00,499.3672180175781
2021-11-08 14:30:00+00:00,499.6407165527344
2021-11-09 14:30:00+00:00,498.99951171875
2021-11-10 14:30:00+00:00,494.5487060546875
2021-11-11 14:30:00+00:00,497.1700439453125
2021-11-12 14:30:00+00:00,498.97113037109375
2021-11-15 14:30:00+00:00,499.8671569824219
2021-11-16 14:30:00+00:00,500.7533264160156
2021-11-17 14:30:00+00:00,496.5383605957031
2021-11-18 14:30:00+00:00,495.92535400390625
2021-11-19 14:30:00+00:00,493.728271484375
2021-11-22 14:30:00+00:00,494.31298828125
2021-11-23 14:30:00+00:00,493.9261474609375
2021-11-24 14:30:00+00:00,493.7753601074219
2021-11-26 14:30:00+00:00,477.4805603027344
2021-11-29 14:30:00+00:00,478.1312561035156
2021-11-30 14:30:00+00:00,465.6461181640625
2021-12-01 14:30:00+00:00,458.1492919921875
2021-12-02 14:30:00+00:00,471.49261474609375
2021-12-03 14:30:00+00:00,464.49560546875
2021-12-06 14:30:00+00:00,474.3027038574219
2021-12-07 14:30:00+00:00,482.4689636230469
2021-12-08 14:30:00+00:00,484.9678649902344
2021-12-09 14:30:00+00:00,477.82940673828125
2021-12-10 14:30:00+00:00,478.4046325683594
2021-12-13 14:30:00+00:00,473.50115966796875
2021-12-14 14:30:00+00:00,471.62469482421875
2021-12-15 14:30:00+00:00,476.4621276855469
2021-12-16 14:30:00+00:00,470.1629943847656
2021-12-17 14:30:00+00:00,469.24371337890625
2021-12-20 14:30:00+00:00,461.3650817871094
2021-12-21 14:30:00+00:00,473.68902587890625
2021-12-22 14:30:00+00:00,478.2667236328125
2021-12-23 14:30:00+00:00,481.4256591796875
2021-12-27 14:30:00+00:00,487.904541015625
2021-12-28 14:30:00+00:00,487.791015625
2021-12-29 14:30:00+00:00,490.4391784667969
2021-12-30 14:30:00+00:00,489.0678405761719
2021-12-31 14:30:00+00:00,489.6258850097656
2022-01-03 14:30:00+00:00,491.05401611328125
2022-01-04 14:30:00+00:00,493.42803955078125
2022-01-05 14:30:00+00:00,482.2012634277344
2022-01-06 14:30:00+00:00,484.69818115234375
2022-01-07 14:30:00+00:00,480.9621887207031
2022-01-10 14:30:00+00:00,479.080078125
2022-01-11 14:30:00+00:00,483.6483459472656
2022-01-12 14:30:00+00:00,482.1256103515625
2022-01-13 14:30:00+00:00,480.7825622558594
2022-01-14 14:30:00+00:00,479.2502746582031
2022-01-18 14:30:00+00:00,469.0072326660156
2022-01-19 14:30:00+00:00,462.73651123046875
2022-01-20 14:30:00+00:00,454.5552673339844
2022-01-21 14:30:00+00:00,446.7051086425781
2022-01-24 14:30:00+00:00,455.236328125
2022-01-25 14:30:00+00:00,447.177978515625
2022-01-26 14:30:00+00:00,442.4583435058594
2022-01-27 14:30:00+00:00,435.6485900878906
2022-01-28 14:30:00+00:00,444.3216552734375
2022-01-31 14:30:00+00:00,454.0256652832031
2022-02-01 14:30:00+00:00,458.65057373046875
2022-02-02 14:30:00+00:00,458.6695556640625
2022-02-03 14:30:00+00:00,451.2260437011719
2022-02-04 14:30:00+00:00,452.0960998535156
2022-02-07 14:30:00+00:00,452.0866394042969
2022-02-08 14:30:00+00:00,460.74090576171875
2022-02-09 14:30:00+00:00,468.9599304199219
2022-02-10 14:30:00+00:00,462.2919616699219
2022-02-11 14:30:00+00:00,456.2955322265625
2022-02-14 14:30:00+00:00,454.8106384277344
2022-02-15 14:30:00+00:00,464.6754150390625
2022-02-16 14:30:00+00:00,466.05633544921875
2022-02-17 14:30:00+00:00,455.888916015625
2022-02-18 14:30:00+00:00,454.1012268066406
2022-02-22 14:30:00+00:00,447.7359924316406
2022-02-23 14:30:00+00:00,440.2073974609375
2022-02-24 14:30:00+00:00,446.72406005859375
2022-02-25 14:30:00+00:00,459.3505554199219
2022-02-28 14:30:00+00:00,459.13299560546875
2022-03-01 14:30:00+00:00,450.3653259277344
2022-03-02 14:30:00+00:00,462.3109130859375
2022-03-03 14:30:00+00:00,458.3857727050781
2022-03-04 14:30:00+00:00,451.3300476074219
2022-03-07 14:30:00+00:00,434.3528747558594
2022-03-08 14:30:00+00:00,435.73370361328125
2022-03-09 14:30:00+00:00,448.13323974609375
2022-03-10 14:30:00+00:00,448.20892333984375
2022-03-11 14:30:00+00:00,443.54608154296875
2022-03-14 13:30:00+00:00,439.8573913574219
2022-03-15 13:30:00+00:00,446.4496765136719
2022-03-16 13:30:00+00:00,459.1424865722656
2022-03-17 13:30:00+00:00,463.6066589355469
2022-03-18 13:30:00+00:00,466.9834899902344
2022-03-21 13:30:00+00:00,465.732177734375
2022-03-22 13:30:00+00:00,468.6236877441406
2022-03-23 13:30:00+00:00,459.91119384765625
2022-03-24 13:30:00+00:00,465.2202453613281
2022-03-25 13:30:00+00:00,468.5194091796875
2022-03-28 13:30:00+00:00,469.23040771484375
2022-03-29 13:30:00+00:00,479.2511291503906
2022-03-30 13:30:00+00:00,471.9228515625
2022-03-31 13:30:00+00:00,464.9642639160156
2022-04-01 13:30:00+00:00,468.102294921875
2022-04-04 13:30:00+00:00,467.24908447265625
2022-04-05 13:30:00+00:00,458.7167053222656
2022-04-06 13:30:00+00:00,453.35076904296875
2022-04-07 13:30:00+00:00,452.21319580078125
2022-04-08 13:30:00+00:00,452.2416076660156
2022-04-11 13:30:00+00:00,450.1085205078125
2022-04-12 13:30:00+00:00,449.49237060546875
2022-04-13 13:30:00+00:00,456.80169677734375
2022-04-14 13:30:00+00:00,454.1187438964844
2022-04-18 13:30:00+00:00,453.2370300292969
2022-04-19 13:30:00+00:00,463.49481201171875
2022-04-20 13:30:00+00:00,467.04046630859375
2022-04-21 13:30:00+00:00,458.5840148925781
2022-04-22 13:30:00+00:00,446.259521484375
2022-04-25 13:30:00+00:00,448.9139709472656
2022-04-26 13:30:00+00:00,435.5846252441406
2022-04-27 13:30:00+00:00,436.1060485839844
2022-04-28 13:30:00+00:00,444.39190673828125
2022-04-29 13:30:00+00:00,432.1432189941406
2022-05-02 13:30:00+00:00,434.83563232421875
2022-05-03 13:30:00+00:00,439.01641845703125
2022-05-04 13:30:00+00:00,451.39788818359375
2022-05-05 13:30:00+00:00,434.6365661621094
2022-05-06 13:30:00+00:00,428.8346252441406
2022-05-09 13:30:00+00:00,414.50030517578125
2022-05-10 13:30:00+00:00,413.1351318359375
2022-05-11 13:30:00+00:00,405.9964904785156
2022-05-12 13:30:00+00:00,409.8834228515625
2022-05-13 13:30:00+00:00,420.6530456542969
2022-05-16 13:30:00+00:00,418.23553466796875
2022-05-17 13:30:00+00:00,430.4082946777344
2022-05-18 13:30:00+00:00,414.4244384765625
2022-05-19 13:30:00+00:00,413.9314880371094
2022-05-20 13:30:00+00:00,412.73687744140625
2022-05-23 13:30:00+00:00,417.2495422363281
2022-05-24 13:30:00+00:00,412.1111755371094
2022-05-25 13:30:00+00:00,420.01788330078125
2022-05-26 13:30:00+00:00,429.81109619140625
2022-05-27 13:30:00+00:00,439.74652099609375
2022-05-31 13:30:00+00:00,435.3665466308594
2022-06-01 13:30:00+00:00,431.7450866699219
2022-06-02 13:30:00+00:00,441.56671142578125
2022-06-03 13:30:00+00:00,436.4663391113281
2022-06-06 13:30:00+00:00,439.0069885253906
2022-06-07 13:30:00+00:00,444.7521667480469
2022-06-08 13:30:00+00:00,436.4947204589844
2022-06-09 13:30:00+00:00,427.5168762207031
2022-06-10 13:30:00+00:00,416.23516845703125
2022-06-13 13:30:00+00:00,397.5872802734375
2022-06-14 13:30:00+00:00,395.9093017578125
2022-06-15 13:30:00+00:00,400.6495056152344
2022-06-16 13:30:00+00:00,381.65081787109375
2022-06-17 13:30:00+00:00,385.1346740722656
2022-06-21 13:30:00+00:00,390.0056457519531
2022-06-22 13:30:00+00:00,388.7117614746094
2022-06-23 13:30:00+00:00,391.07110595703125
2022-06-24 13:30:00+00:00,404.74200439453125
2022-06-27 13:30:00+00:00,406.2071228027344
2022-06-28 13:30:00+00:00,400.3847961425781
2022-06-29 13:30:00+00:00,397.3880920410156
2022-06-30 13:30:00+00:00,393.37335205078125
2022-07-01 13:30:00+00:00,398.4725646972656
2022-07-05 13:30:00+00:00,397.9778747558594
2022-07-06 13:30:00+00:00,395.58050537109375
2022-07-07 13:30:00+00:00,404.0094299316406
2022-07-08 13:30:00+00:00,402.7536926269531
2022-07-11 13:30:00+00:00,397.9683532714844
2022-07-12 13:30:00+00:00,397.29290771484375
2022-07-13 13:30:00+00:00,396.27496337890625
2022-07-14 13:30:00+00:00,392.26983642578125
2022-07-15 13:30:00+00:00,399.87109375
2022-07-18 13:30:00+00:00,398.98638916015625
2022-07-19 13:30:00+00:00,412.04833984375
2022-07-20 13:30:00+00:00,416.3009033203125
2022-07-21 13:30:00+00:00,419.7543029785156
2022-07-22 13:30:00+00:00,415.89178466796875
2022-07-25 13:30:00+00:00,418.5080261230469
2022-07-26 13:30:00+00:00,416.1106262207031
2022-07-27 13:30:00+00:00,423.9117126464844
2022-07-28 13:30:00+00:00,430.55206298828125
2022-07-29 13:30:00+00:00,436.3172912597656
2022-08-01 13:30:00+00:00,436.0318908691406
2022-08-02 13:30:00+00:00,431.82696533203125
2022-08-03 13:30:00+00:00,435.6703796386719
2022-08-04 13:30:00+00:00,432.359619140625
2022-08-05 13:30:00+00:00,434.7380065917969
2022-08-08 13:30:00+00:00,437.6682434082031
2022-08-09 13:30:00+00:00,433.91986083984375
2022-08-10 13:30:00+00:00,444.61309814453125
2022-08-11 13:30:00+00:00,447.1531677246094
2022-08-12 13:30:00+00:00,454.1741027832031
2022-08-15 13:30:00+00:00,454.7924499511719
2022-08-16 13:30:00+00:00,457.66558837890625
2022-08-17 13:30:00+00:00,451.519775390625
2022-08-18 13:30:00+00:00,455.1634826660156
2022-08-19 13:30:00+00:00,447.5716552734375
2022-08-22 13:30:00+00:00,438.0392150878906
2022-08-23 13:30:00+00:00,438.0296630859375
2022-08-24 13:30:00+00:00,440.23681640625
2022-08-25 13:30:00+00:00,447.6763916015625
2022-08-26 13:30:00+00:00,434.19573974609375
2022-08-29 13:30:00+00:00,431.3416748046875
2022-08-30 13:30:00+00:00,425.490966796875
2022-08-31 13:30:00+00:00,422.4846496582031
2022-09-01 13:30:00+00:00,419.2120056152344
2022-09-02 13:30:00+00:00,416.1201171875
2022-09-06 13:30:00+00:00,413.4563293457031
2022-09-07 13:30:00+00:00,422.93182373046875
2022-09-08 13:30:00+00:00,426.81329345703125
2022-09-09 13:30:00+00:00,434.45257568359375
2022-09-12 13:30:00+00:00,438.6481018066406
2022-09-13 13:30:00+00:00,422.32293701171875
2022-09-14 13:30:00+00:00,422.4275817871094
2022-09-15 13:30:00+00:00,419.8399353027344
2022-09-16 13:30:00+00:00,413.86737060546875
2022-09-19 13:30:00+00:00,419.3030700683594
2022-09-20 13:30:00+00:00,412.3675231933594
2022-09-21 13:30:00+00:00,406.9414367675781
2022-09-22 13:30:00+00:00,397.9805908203125
2022-09-23 13:30:00+00:00,389.6407775878906
2022-09-26 13:30:00+00:00,383.63189697265625
2022-09-27 13:30:00+00:00,384.0426940917969
2022-09-28 13:30:00+00:00,394.45556640625
2022-09-29 13:30:00+00:00,386.40228271484375
2022-09-30 13:30:00+00:00,383.70831298828125
2022-10-03 13:30:00+00:00,394.7994079589844
2022-10-04 13:30:00+00:00,410.47601318359375
2022-10-05 13:30:00+00:00,408.05914306640625
2022-10-06 13:30:00+00:00,404.94482421875
2022-10-07 13:30:00+00:00,394.684814453125
2022-10-10 13:30:00+00:00,393.9587707519531
2022-10-11 13:30:00+00:00,394.4841613769531
2022-10-12 13:30:00+00:00,392.4875793457031
2022-10-13 13:30:00+00:00,401.0089111328125
2022-10-14 13:30:00+00:00,391.1883544921875
2022-10-17 13:30:00+00:00,401.9737243652344
2022-10-18 13:30:00+00:00,407.81072998046875
2022-10-19 13:30:00+00:00,400.741455078125
2022-10-20 13:30:00+00:00,394.6083984375
2022-10-21 13:30:00+00:00,402.75714111328125
2022-10-24 13:30:00+00:00,405.4032897949219
2022-10-25 13:30:00+00:00,415.5868835449219
2022-10-26 13:30:00+00:00,416.6377258300781
2022-10-27 13:30:00+00:00,416.6186218261719
2022-10-28 13:30:00+00:00,424.2037048339844
2022-10-31 13:30:00+00:00,423.9362487792969
2022-11-01 13:30:00+00:00,425.6749572753906
2022-11-02 13:30:00+00:00,413.3228454589844
2022-11-03 13:30:00+00:00,412.3006896972656
2022-11-04 13:30:00+00:00,419.3125305175781
2022-11-07 14:30:00+00:00,423.03826904296875
2022-11-08 14:30:00+00:00,423.76434326171875
2022-11-09 14:30:00+00:00,414.8035583496094
2022-11-10 14:30:00+00:00,438.8486328125
2022-11-11 14:30:00+00:00,441.37066650390625
2022-11-14 14:30:00+00:00,437.0621643066406
2022-11-15 14:30:00+00:00,443.8830261230469
2022-11-16 14:30:00+00:00,437.3583984375
2022-11-17 14:30:00+00:00,434.93182373046875
2022-11-18 14:30:00+00:00,437.7882080078125
2022-11-21 14:30:00+00:00,436.89019775390625
2022-11-22 14:30:00+00:00,444.0168151855469
2022-11-23 14:30:00+00:00,444.3129577636719
2022-11-25 14:30:00+00:00,446.60565185546875
2022-11-28 14:30:00+00:00,437.9219970703125
2022-11-29 14:30:00+00:00,439.3550109863281
2022-11-30 14:30:00+00:00,449.45257568359375
2022-12-01 14:30:00+00:00,448.6595764160156
2022-12-02 14:30:00+00:00,449.0894470214844
2022-12-05 14:30:00+00:00,437.9506530761719
2022-12-06 14:30:00+00:00,432.8206787109375
2022-12-07 14:30:00+00:00,432.3046875
2022-12-08 14:30:00+00:00,435.7151184082031
2022-12-09 14:30:00+00:00,430.9673156738281
2022-12-12 14:30:00+00:00,435.64837646484375
2022-12-13 14:30:00+00:00,438.1990051269531
2022-12-14 14:30:00+00:00,436.1546325683594
2022-12-15 14:30:00+00:00,426.24810791015625
2022-12-16 14:30:00+00:00,421.9388427734375
2022-12-19 14:30:00+00:00,417.03900146484375
2022-12-20 14:30:00+00:00,419.21563720703125
2022-12-21 14:30:00+00:00,427.1647644042969
2022-12-22 14:30:00+00:00,422.1498107910156
2022-12-23 14:30:00+00:00,425.3716125488281
2022-12-27 14:30:00+00:00,425.5730895996094
2022-12-28 14:30:00+00:00,418.3814392089844
2022-12-29 14:30:00+00:00,426.4934997558594
2022-12-30 14:30:00+00:00,424.5853576660156
2023-01-03 14:30:00+00:00,422.6005554199219
2023-01-04 14:30:00+00:00,429.0538024902344
2023-01-05 14:30:00+00:00,424.6429748535156
2023-01-06 14:30:00+00:00,435.4591979980469
2023-01-09 14:30:00+00:00,435.3441162109375
2023-01-10 14:30:00+00:00,439.59197998046875
2023-01-11 14:30:00+00:00,445.0384216308594
2023-01-12 14:30:00+00:00,449.10406494140625
2023-01-13 14:30:00+00:00,451.2999572753906
2023-01-17 14:30:00+00:00,450.33148193359375
2023-01-18 14:30:00+00:00,444.4248352050781
2023-01-19 14:30:00+00:00,439.8605041503906
2023-01-20 14:30:00+00:00,447.032958984375
2023-01-23 14:30:00+00:00,452.7862548828125
2023-01-24 14:30:00+00:00,451.3095397949219
2023-01-25 14:30:00+00:00,452.4506530761719
2023-01-26 14:30:00+00:00,456.2669982910156
2023-01-27 14:30:00+00:00,458.01214599609375
2023-01-30 14:30:00+00:00,452.94927978515625
2023-01-31 14:30:00+00:00,463.8613586425781
2023-02-01 14:30:00+00:00,471.29278564453125
2023-02-02 14:30:00+00:00,476.6816711425781
2023-02-03 14:30:00+00:00,473.6133117675781
2023-02-06 14:30:00+00:00,468.1571960449219
2023-02-07 14:30:00+00:00,471.6954345703125
2023-02-08 14:30:00+00:00,466.076416015625
2023-02-09 14:30:00+00:00,460.4573669433594
2023-02-10 14:30:00+00:00,461.5312805175781
2023-02-13 14:30:00+00:00,467.0831604003906
2023-02-14 14:30:00+00:00,467.31341552734375
2023-02-15 14:30:00+00:00,470.420166015625
2023-02-16 14:30:00+00:00,467.0352783203125
2023-02-17 14:30:00+00:00,466.421630859375
2023-02-21 14:30:00+00:00,455.135498046875
2023-02-22 14:30:00+00:00,455.70123291015625
2023-02-23 14:30:00+00:00,457.8970642089844
2023-02-24 14:30:00+00:00,455.0779724121094
2023-02-27 14:30:00+00:00,456.22869873046875
2023-02-28 14:30:00+00:00,455.23138427734375
2023-03-01 14:30:00+00:00,456.31494140625
2023-03-02 14:30:00+00:00,458.9997863769531
2023-03-03 14:30:00+00:00,463.66009521484375
2023-03-06 14:30:00+00:00,457.9642333984375
2023-03-07 14:30:00+00:00,452.5081787109375
2023-03-08 14:30:00+00:00,452.9684143066406
2023-03-09 14:30:00+00:00,442.05633544921875
2023-03-10 14:30:00+00:00,429.53326416015625
2023-03-13 13:30:00+00:00,421.7087707519531
2023-03-14 13:30:00+00:00,429.734619140625
2023-03-15 13:30:00+00:00,420.33758544921875
2023-03-16 13:30:00+00:00,426.1291809082031
2023-03-17 13:30:00+00:00,416.41168212890625
2023-03-20 13:30:00+00:00,423.30535888671875
2023-03-21 13:30:00+00:00,431.0066833496094
2023-03-22 13:30:00+00:00,420.04595947265625
2023-03-23 13:30:00+00:00,418.1230773925781
2023-03-24 13:30:00+00:00,421.5747375488281
2023-03-27 13:30:00+00:00,425.7955322265625
2023-03-28 13:30:00+00:00,426.5551452636719
2023-03-29 13:30:00+00:00,431.8047180175781
2023-03-30 13:30:00+00:00,433.0642395019531
2023-03-31 13:30:00+00:00,440.7464294433594
2023-04-03 13:30:00+00:00,440.38104248046875
2023-04-04 13:30:00+00:00,433.1700134277344
2023-04-05 13:30:00+00:00,429.99725341796875
2023-04-06 13:30:00+00:00,429.41070556640625
2023-04-10 13:30:00+00:00,434.66998291015625
2023-04-11 13:30:00+00:00,438.6888427734375
2023-04-12 13:30:00+00:00,436.1794128417969
2023-04-13 13:30:00+00:00,439.2945251464844
2023-04-14 13:30:00+00:00,436.8716735839844
2023-04-17 13:30:00+00:00,440.188720703125
2023-04-18 13:30:00+00:00,439.5157165527344
2023-04-19 13:30:00+00:00,440.2848205566406
2023-04-20 13:30:00+00:00,438.80426025390625
2023-04-21 13:30:00+00:00,438.573486328125
2023-04-24 13:30:00+00:00,438.6023864746094
2023-04-25 13:30:00+00:00,430.179931640625
2023-04-26 13:30:00+00:00,426.3436584472656
2023-04-27 13:30:00+00:00,433.0931091308594
2023-04-28 13:30:00+00:00,437.2274169921875
2023-05-01 13:30:00+00:00,436.92938232421875
2023-05-02 13:30:00+00:00,430.689453125
2023-05-03 13:30:00+00:00,430.57403564453125
2023-05-04 13:30:00+00:00,422.99774169921875
2023-05-05 13:30:00+00:00,432.1797180175781
2023-05-08 13:30:00+00:00,430.8240661621094
2023-05-09 13:30:00+00:00,429.3626403808594
2023-05-10 13:30:00+00:00,430.1318054199219
2023-05-11 13:30:00+00:00,427.3050537109375
2023-05-12 13:30:00+00:00,427.2666320800781
2023-05-15 13:30:00+00:00,430.6798400878906
2023-05-16 13:30:00+00:00,424.4111633300781
2023-05-17 13:30:00+00:00,431.9778137207031
2023-05-18 13:30:00+00:00,435.4391174316406
2023-05-19 13:30:00+00:00,431.5066833496094
2023-05-22 13:30:00+00:00,433.8623352050781
2023-05-23 13:30:00+00:00,429.42999267578125
2023-05-24 13:30:00+00:00,425.3629150390625
2023-05-25 13:30:00+00:00,425.2187194824219
2023-05-26 13:30:00+00:00,429.5644836425781
2023-05-30 13:30:00+00:00,428.98760986328125
2023-05-31 13:30:00+00:00,423.19000244140625
2023-06-01 13:30:00+00:00,426.86285400390625
2023-06-02 13:30:00+00:00,440.6502990722656
2023-06-05 13:30:00+00:00,435.929443359375
2023-06-06 13:30:00+00:00,445.01531982421875
2023-06-07 13:30:00+00:00,451.68792724609375
2023-06-08 13:30:00+00:00,449.73614501953125
2023-06-09 13:30:00+00:00,446.9382019042969
2023-06-12 13:30:00+00:00,449.4188232421875
2023-06-13 13:30:00+00:00,454.2261657714844
2023-06-14 13:30:00+00:00,451.5244140625
2023-06-15 13:30:00+00:00,455.95684814453125
2023-06-16 13:30:00+00:00,453.85699462890625
2023-06-20 13:30:00+00:00,450.5003967285156
2023-06-21 13:30:00+00:00,449.9795227050781
2023-06-22 13:30:00+00:00,447.6163635253906
2023-06-23 13:30:00+00:00,442.3692626953125
2023-06-26 13:30:00+00:00,446.1310119628906
2023-06-27 13:30:00+00:00,453.1625671386719
2023-06-28 13:30:00+00:00,453.2590026855469
2023-06-29 13:30:00+00:00,458.7665710449219
2023-06-30 13:30:00+00:00,461.9302978515625
2023-07-03 13:30:00+00:00,462.5957946777344
2023-07-05 13:30:00+00:00,458.9884033203125
2023-07-06 13:30:00+00:00,453.828125
2023-07-07 13:30:00+00:00,458.3517761230469
2023-07-10 13:30:00+00:00,464.19696044921875
2023-07-11 13:30:00+00:00,469.241455078125
2023-07-12 13:30:00+00:00,472.77178955078125
2023-07-13 13:30:00+00:00,475.2024230957031
2023-07-14 13:30:00+00:00,470.59185791015625
2023-07-17 13:30:00+00:00,473.7459411621094
2023-07-18 13:30:00+00:00,478.4239807128906
2023-07-19 13:30:00+00:00,480.0251159667969
2023-07-20 13:30:00+00:00,477.3340148925781
2023-07-21 13:30:00+00:00,476.3309326171875
2023-07-24 13:30:00+00:00,477.0446472167969
2023-07-25 13:30:00+00:00,477.87420654296875
2023-07-26 13:30:00+00:00,480.3819885253906
2023-07-27 13:30:00+00:00,474.459716796875
2023-07-28 13:30:00+00:00,478.30816650390625
2023-07-31 13:30:00+00:00,480.6617736816406
2023-08-01 13:30:00+00:00,479.3402404785156
2023-08-02 13:30:00+00:00,473.8038330078125
2023-08-03 13:30:00+00:00,472.3280334472656
2023-08-04 13:30:00+00:00,472.5209655761719
2023-08-07 13:30:00+00:00,475.9450988769531
2023-08-08 13:30:00+00:00,471.92291259765625
2023-08-09 13:30:00+00:00,469.6080322265625
2023-08-10 13:30:00+00:00,468.9906921386719
2023-08-11 13:30:00+00:00,468.8846130371094
2023-08-14 13:30:00+00:00,469.675537109375
2023-08-15 13:30:00+00:00,463.3577880859375
2023-08-16 13:30:00+00:00,459.0558776855469
2023-08-17 13:30:00+00:00,453.0950622558594
2023-08-18 13:30:00+00:00,454.6575622558594
2023-08-21 13:30:00+00:00,455.03375244140625
2023-08-22 13:30:00+00:00,452.940673828125
2023-08-23 13:30:00+00:00,458.03350830078125
2023-08-24 13:30:00+00:00,453.07574462890625
2023-08-25 13:30:00+00:00,454.95660400390625
2023-08-28 13:30:00+00:00,458.9402160644531
2023-08-29 13:30:00+00:00,465.3061828613281
2023-08-30 13:30:00+00:00,466.09710693359375
2023-08-31 13:30:00+00:00,466.4250793457031
2023-09-01 13:30:00+00:00,471.1030578613281
2023-09-05 13:30:00+00:00,460.1651611328125
2023-09-06 13:30:00+00:00,458.6990051269531
2023-09-07 13:30:00+00:00,454.7637023925781
2023-09-08 13:30:00+00:00,454.3875427246094
2023-09-11 13:30:00+00:00,454.8312072753906
2023-09-12 13:30:00+00:00,454.95660400390625
2023-09-13 13:30:00+00:00,452.21728515625
2023-09-14 13:30:00+00:00,458.1878356933594
2023-09-15 13:30:00+00:00,453.4122009277344
2023-09-18 13:30:00+00:00,452.6573486328125
2023-09-19 13:30:00+00:00,451.7476806640625
2023-09-20 13:30:00+00:00,449.19293212890625
2023-09-21 13:30:00+00:00,441.0641174316406
2023-09-22 13:30:00+00:00,440.5415344238281
2023-09-25 13:30:00+00:00,443.40606689453125
2023-09-26 13:30:00+00:00,436.33203125
2023-09-27 13:30:00+00:00,439.0319519042969
2023-09-28 13:30:00+00:00,443.6866149902344
2023-09-29 13:30:00+00:00,441.8963928222656
2023-10-02 13:30:00+00:00,436.06109619140625
2023-10-03 13:30:00+00:00,429.093505859375
2023-10-04 13:30:00+00:00,431.1644287109375
2023-10-05 13:30:00+00:00,430.4193115234375
2023-10-06 13:30:00+00:00,434.10626220703125
2023-10-09 13:30:00+00:00,437.2998352050781
2023-10-10 13:30:00+00:00,441.27703857421875
2023-10-11 13:30:00+00:00,442.61248779296875
2023-10-12 13:30:00+00:00,434.10626220703125
2023-10-13 13:30:00+00:00,431.68701171875
2023-10-16 13:30:00+00:00,438.8287353515625
2023-10-17 13:30:00+00:00,443.9866638183594
2023-10-18 13:30:00+00:00,434.09661865234375
2023-10-19 13:30:00+00:00,427.5645751953125
2023-10-20 13:30:00+00:00,423.0453186035156
2023-10-23 13:30:00+00:00,419.0873718261719
2023-10-24 13:30:00+00:00,421.4195861816406
2023-10-25 13:30:00+00:00,414.945556640625
2023-10-26 13:30:00+00:00,416.871337890625
2023-10-27 13:30:00+00:00,411.3553161621094
2023-10-30 13:30:00+00:00,414.74237060546875
2023-10-31 13:30:00+00:00,418.5551452636719
2023-11-01 13:30:00+00:00,420.9551086425781
2023-11-02 13:30:00+00:00,430.0032043457031
2023-11-03 13:30:00+00:00,438.3835754394531
2023-11-06 14:30:00+00:00,434.03851318359375
2023-11-07 14:30:00+00:00,432.9353942871094
2023-11-08 14:30:00+00:00,430.8741760253906
2023-11-09 14:30:00+00:00,426.32586669921875
2023-11-10 14:30:00+00:00,431.56121826171875
2023-11-13 14:30:00+00:00,430.88385009765625
2023-11-14 14:30:00+00:00,447.7123107910156
2023-11-15 14:30:00+00:00,449.6961364746094
2023-11-16 14:30:00+00:00,444.9059753417969
2023-11-17 14:30:00+00:00,448.7574462890625
2023-11-20 14:30:00+00:00,450.780029296875
2023-11-21 14:30:00+00:00,448.534912109375
2023-11-22 14:30:00+00:00,451.147705078125
2023-11-24 14:30:00+00:00,453.17022705078125
2023-11-27 14:30:00+00:00,452.3863525390625
2023-11-28 14:30:00+00:00,449.4928894042969
2023-11-29 14:30:00+00:00,451.19610595703125
2023-11-30 14:30:00+00:00,453.69281005859375
2023-12-01 14:30:00+00:00,464.6860656738281
2023-12-04 14:30:00+00:00,468.30523681640625
2023-12-05 14:30:00+00:00,462.2763977050781
2023-12-06 14:30:00+00:00,461.3570556640625
2023-12-07 14:30:00+00:00,463.94085693359375
2023-12-08 14:30:00+00:00,466.0020751953125
2023-12-11 14:30:00+00:00,468.42138671875
2023-12-12 14:30:00+00:00,467.6762390136719
2023-12-13 14:30:00+00:00,479.43402099609375
2023-12-14 14:30:00+00:00,490.920654296875
2023-12-15 14:30:00+00:00,486.2301025390625
2023-12-18 14:30:00+00:00,486.8032531738281
2023-12-19 14:30:00+00:00,493.2237548828125
2023-12-20 14:30:00+00:00,485.317138671875
2023-12-21 14:30:00+00:00,492.06787109375
2023-12-22 14:30:00+00:00,493.91339111328125
2023-12-26 14:30:00+00:00,497.6141662597656
2023-12-27 14:30:00+00:00,497.9055480957031
2023-12-28 14:30:00+00:00,497.6141662597656
2023-12-29 14:30:00+00:00,492.835205078125
2024-01-02 14:30:00+00:00,491.2421875
2024-01-03 14:30:00+00:00,480.1593017578125
2024-01-04 14:30:00+00:00,479.2074279785156
2024-01-05 14:30:00+00:00,480.91693115234375
2024-01-08 14:30:00+00:00,487.2209167480469
2024-01-09 14:30:00+00:00,483.82122802734375
2024-01-10 14:30:00+00:00,485.28790283203125
2024-01-11 14:30:00+00:00,483.9572448730469
2024-01-12 14:30:00+00:00,483.8115234375
2024-01-16 14:30:00+00:00,480.6546936035156
2024-01-17 14:30:00+00:00,477.2647399902344
2024-01-18 14:30:00+00:00,481.05291748046875
2024-01-19 14:30:00+00:00,485.85125732421875
2024-01-22 14:30:00+00:00,491.5045166015625
2024-01-23 14:30:00+00:00,489.4549560546875
2024-01-24 14:30:00+00:00,486.4535217285156
2024-01-25 14:30:00+00:00,489.5423278808594
2024-01-26 14:30:00+00:00,490.01837158203125
2024-01-29 14:30:00+00:00,494.6418151855469
2024-01-30 14:30:00+00:00,493.3208923339844
2024-01-31 14:30:00+00:00,484.2680358886719
2024-02-01 14:30:00+00:00,490.9605712890625
2024-02-02 14:30:00+00:00,490.5331726074219
2024-02-05 14:30:00+00:00,484.947998046875
2024-02-06 14:30:00+00:00,487.259765625
2024-02-07 14:30:00+00:00,490.0669250488281
2024-02-08 14:30:00+00:00,494.5155944824219
2024-02-09 14:30:00+00:00,498.2066650390625
2024-02-12 14:30:00+00:00,502.9176330566406
2024-02-13 14:30:00+00:00,490.51373291015625
2024-02-14 14:30:00+00:00,497.419921875
2024-02-15 14:30:00+00:00,506.56988525390625
2024-02-16 14:30:00+00:00,501.7229309082031
2024-02-20 14:30:00+00:00,498.002685546875
2024-02-21 14:30:00+00:00,499.2557373046875
2024-02-22 14:30:00+00:00,506.802978515625
2024-02-23 14:30:00+00:00,506.6474914550781
2024-02-26 14:30:00+00:00,506.48248291015625
2024-02-27 14:30:00+00:00,508.5902404785156
2024-02-28 14:30:00+00:00,508.8912658691406
2024-02-29 14:30:00+00:00,512.8641357421875
2024-03-01 14:30:00+00:00,516.37060546875
2024-03-04 14:30:00+00:00,520.1588134765625
2024-03-05 14:30:00+00:00,518.72119140625
2024-03-06 14:30:00+00:00,522.08203125
2024-03-07 14:30:00+00:00,526.7638549804688
2024-03-08 14:30:00+00:00,523.9373168945312
2024-03-11 13:30:00+00:00,521.7129516601562
2024-03-12 13:30:00+00:00,524.3258056640625
2024-03-13 13:30:00+00:00,526.36572265625
2024-03-14 13:30:00+00:00,520.3724975585938
2024-03-15 13:30:00+00:00,519.7730102539062
2024-03-18 13:30:00+00:00,518.5274047851562
2024-03-19 13:30:00+00:00,522.3908081054688
2024-03-20 13:30:00+00:00,529.4074096679688
2024-03-21 13:30:00+00:00,535.4021606445312
2024-03-22 13:30:00+00:00,530.954833984375
2024-03-25 13:30:00+00:00,531.1300659179688
2024-03-26 13:30:00+00:00,530.4293212890625
2024-03-27 13:30:00+00:00,539.5381469726562
2024-03-28 13:30:00+00:00,541.474853515625
2024-04-01 13:30:00+00:00,537.5626220703125
2024-04-02 13:30:00+00:00,530.682373046875
2024-04-03 13:30:00+00:00,532.8038940429688
2024-04-04 13:30:00+00:00,527.159423828125
2024-04-05 13:30:00+00:00,531.227294921875
2024-04-08 13:30:00+00:00,533.9036254882812
2024-04-09 13:30:00+00:00,534.4095458984375
2024-04-10 13:30:00+00:00,523.1791381835938
2024-04-11 13:30:00+00:00,523.646240234375
2024-04-12 13:30:00+00:00,515.724609375
2024-04-15 13:30:00+00:00,510.0412902832031
2024-04-16 13:30:00+00:00,507.6374816894531
2024-04-17 13:30:00+00:00,503.375
2024-04-18 13:30:00+00:00,502.69384765625
2024-04-19 13:30:00+00:00,504.37744140625
2024-04-22 13:30:00+00:00,509.4573669433594
2024-04-23 13:30:00+00:00,515.5884399414062
2024-04-24 13:30:00+00:00,515.5884399414062
2024-04-25 13:30:00+00:00,513.7003784179688
2024-04-26 13:30:00+00:00,515.1796264648438
2024-04-29 13:30:00+00:00,518.0018920898438
2024-04-30 13:30:00+00:00,508.7372741699219
2024-05-01 13:30:00+00:00,509.17523193359375
2024-05-02 13:30:00+00:00,515.8413696289062
2024-05-03 13:30:00+00:00,521.0479125976562
2024-05-06 13:30:00+00:00,528.2299194335938
2024-05-07 13:30:00+00:00,530.0691528320312
2024-05-08 13:30:00+00:00,527.7531127929688
2024-05-09 13:30:00+00:00,533.2709350585938
2024-05-10 13:30:00+00:00,532.4146118164062
2024-05-13 13:30:00+00:00,532.6091918945312
2024-05-14 13:30:00+00:00,536.988525390625
2024-05-15 13:30:00+00:00,541.2510986328125
2024-05-16 13:30:00+00:00,536.3267211914062
2024-05-17 13:30:00+00:00,536.8912963867188
2024-05-20 13:30:00+00:00,536.90087890625
2024-05-21 13:30:00+00:00,536.3754272460938
2024-05-22 13:30:00+00:00,532.16162109375
2024-05-23 13:30:00+00:00,525.4077758789062
2024-05-24 13:30:00+00:00,530.0010986328125
2024-05-28 13:30:00+00:00,526.7117309570312
2024-05-29 13:30:00+00:00,519.7827758789062
2024-05-30 13:30:00+00:00,524.61962890625
2024-05-31 13:30:00+00:00,531.5289916992188
2024-06-03 13:30:00+00:00,527.0523681640625
2024-06-04 13:30:00+00:00,519.9093017578125
2024-06-05 13:30:00+00:00,525.7969360351562
2024-06-06 13:30:00+00:00,524.1619873046875
2024-06-07 13:30:00+00:00,520.3277587890625
2024-06-10 13:30:00+00:00,521.252197265625
2024-06-11 13:30:00+00:00,518.9846801757812
2024-06-12 13:30:00+00:00,525.9623413085938
2024-06-13 13:30:00+00:00,522.7022705078125
2024-06-14 13:30:00+00:00,516.1235961914062
2024-06-17 13:30:00+00:00,520.8921508789062
2024-06-18 13:30:00+00:00,522.2643432617188
2024-06-20 13:30:00+00:00,520.9019775390625
2024-06-21 13:30:00+00:00,522.9404296875
2024-06-24 13:30:00+00:00,525.8513793945312
2024-06-25 13:30:00+00:00,520.92822265625
2024-06-26 13:30:00+00:00,519.2286376953125
2024-06-27 13:30:00+00:00,521.2018432617188
2024-06-28 13:30:00+00:00,522.6768188476562
2024-07-01 13:30:00+00:00,517.3727416992188
2024-07-02 13:30:00+00:00,519.4240112304688
2024-07-03 13:30:00+00:00,520.5474243164062
2024-07-05 13:30:00+00:00,516.5619506835938
2024-07-08 13:30:00+00:00,518.6132202148438
2024-07-09 13:30:00+00:00,515.3018188476562
2024-07-10 13:30:00+00:00,521.5436401367188
2024-07-11 13:30:00+00:00,534.1153564453125
2024-07-12 13:30:00+00:00,539.41943359375
2024-07-15 13:30:00+00:00,542.3598022460938
2024-07-16 13:30:00+00:00,555.7322998046875
2024-07-17 13:30:00+00:00,547.6051635742188
2024-07-18 13:30:00+00:00,541.5294189453125
2024-07-19 13:30:00+00:00,537.8956298828125
2024-07-22 13:30:00+00:00,544.3621215820312
2024-07-23 13:30:00+00:00,545.3486938476562
2024-07-24 13:30:00+00:00,534.8773193359375
2024-07-25 13:30:00+00:00,539.38037109375
2024-07-26 13:30:00+00:00,548.6405639648438
2024-07-29 13:30:00+00:00,547.517333984375
2024-07-30 13:30:00+00:00,549.8324584960938
2024-07-31 13:30:00+00:00,552.968017578125
2024-08-01 13:30:00+00:00,540.6209716796875
2024-08-02 13:30:00+00:00,525.3435668945312
2024-08-05 13:30:00+00:00,511.6973876953125
2024-08-06 13:30:00+00:00,516.8549194335938
2024-08-07 13:30:00+00:00,513.16259765625
2024-08-08 13:30:00+00:00,524.3862915039062
2024-08-09 13:30:00+00:00,523.682861328125
2024-08-12 13:30:00+00:00,520.5474243164062
2024-08-13 13:30:00+00:00,527.6195068359375
2024-08-14 13:30:00+00:00,527.072509765625
2024-08-15 13:30:00+00:00,537.3974609375
2024-08-16 13:30:00+00:00,537.7197265625
2024-08-19 13:30:00+00:00,542.6624145507812
2024-08-20 13:30:00+00:00,538.061767578125
2024-08-21 13:30:00+00:00,544.5184936523438
2024-08-22 13:30:00+00:00,541.3145141601562
2024-08-23 13:30:00+00:00,553.0460815429688
2024-08-26 13:30:00+00:00,551.1412353515625
2024-08-27 13:30:00+00:00,549.1681518554688
2024-08-28 13:30:00+00:00,546.3646240234375
2024-08-29 13:30:00+00:00,548.1815795898438
2024-08-30 13:30:00+00:00,552.1962890625
2024-09-03 13:30:00+00:00,537.8760986328125
2024-09-04 13:30:00+00:00,536.264404296875
2024-09-05 13:30:00+00:00,532.611083984375
2024-09-06 13:30:00+00:00,525.4801635742188
2024-09-09 13:30:00+00:00,527.8343505859375
2024-09-10 13:30:00+00:00,526.6817016601562
2024-09-11 13:30:00+00:00,528.713623046875
2024-09-12 13:30:00+00:00,533.2557373046875
2024-09-13 13:30:00+00:00,542.5550537109375
2024-09-16 13:30:00+00:00,546.2767944335938
2024-09-17 13:30:00+00:00,549.1193237304688
2024-09-18 13:30:00+00:00,549.402587890625
2024-09-19 13:30:00+00:00,558.7996826171875
2024-09-20 13:30:00+00:00,554.9888305664062
2024-09-23 13:30:00+00:00,557.859130859375
2024-09-24 13:30:00+00:00,557.7120971679688
2024-09-25 13:30:00+00:00,552.17724609375
2024-09-26 13:30:00+00:00,556.761962890625
2024-09-27 13:30:00+00:00,557.5946655273438
2024-09-30 13:30:00+00:00,558.0647583007812
2024-10-01 13:30:00+00:00,553.4899291992188
2024-10-02 13:30:00+00:00,553.960205078125
2024-10-03 13:30:00+00:00,552.50048828125
2024-10-04 13:30:00+00:00,557.6828002929688
2024-10-07 13:30:00+00:00,553.8718872070312
2024-10-08 13:30:00+00:00,554.0482788085938
2024-10-09 13:30:00+00:00,557.8004150390625
2024-10-10 13:30:00+00:00,554.9593505859375
2024-10-11 13:30:00+00:00,564.2855834960938
2024-10-14 13:30:00+00:00,567.6751098632812
2024-10-15 13:30:00+00:00,566.1860961914062
2024-10-16 13:30:00+00:00,571.348876953125
2024-10-17 13:30:00+00:00,571.8975219726562
2024-10-18 13:30:00+00:00,572.08349609375
2024-10-21 13:30:00+00:00,565.4807739257812
2024-10-22 13:30:00+00:00,561.82666015625
2024-10-23 13:30:00+00:00,558.39794921875
2024-10-24 13:30:00+00:00,559.4755859375
2024-10-25 13:30:00+00:00,556.1153564453125
2024-10-28 13:30:00+00:00,561.7482299804688
2024-10-29 13:30:00+00:00,562.3067016601562
2024-10-30 13:30:00+00:00,561.50341796875
2024-10-31 13:30:00+00:00,554.0875244140625
2024-11-01 13:30:00+00:00,555.2532348632812
2024-11-04 14:30:00+00:00,556.8794555664062
2024-11-05 14:30:00+00:00,564.9517211914062
2024-11-06 14:30:00+00:00,588.2085571289062
2024-11-07 14:30:00+00:00,587.2092895507812
2024-11-08 14:30:00+00:00,590.0601196289062
2024-11-11 14:30:00+00:00,595.2717895507812
2024-11-12 14:30:00+00:00,589.0119018554688
2024-11-13 14:30:00+00:00,585.71044921875
2024-11-14 14:30:00+00:00,580.5966796875
2024-11-15 14:30:00+00:00,574.19970703125
2024-11-18 14:30:00+00:00,575.6397094726562
2024-11-19 14:30:00+00:00,575.9139404296875
2024-11-20 14:30:00+00:00,579.1272583007812
2024-11-21 14:30:00+00:00,588.433837890625
2024-11-22 14:30:00+00:00,598.279296875
2024-11-25 14:30:00+00:00,607.497802734375
2024-11-26 14:30:00+00:00,604.3433837890625
2024-11-27 14:30:00+00:00,602.5015869140625
2024-11-29 14:30:00+00:00,603.3245239257812
2024-12-02 14:30:00+00:00,601.3553466796875
2024-12-03 14:30:00+00:00,599.5332641601562
2024-12-04 14:30:00+00:00,601.19873046875
2024-12-05 14:30:00+00:00,596.329833984375
2024-12-06 14:30:00+00:00,596.408203125
2024-12-09 14:30:00+00:00,593.8709716796875
2024-12-10 14:30:00+00:00,589.8348388671875
2024-12-11 14:30:00+00:00,593.4986572265625
2024-12-12 14:30:00+00:00,590.0797119140625
2024-12-13 14:30:00+00:00,587.4445190429688
2024-12-16 14:30:00+00:00,587.072265625
2024-12-17 14:30:00+00:00,580.185302734375
2024-12-18 14:30:00+00:00,557.6828002929688
2024-12-19 14:30:00+00:00,556.6542358398438
2024-12-20 14:30:00+00:00,560.6766967773438
2024-12-23 14:30:00+00:00,562.023681640625
2024-12-24 14:30:00+00:00,565.986083984375
2024-12-26 14:30:00+00:00,568.2083129882812
2024-12-27 14:30:00+00:00,562.64306640625
2024-12-30 14:30:00+00:00,558.75927734375
2024-12-31 14:30:00+00:00,560.0374755859375
2025-01-02 14:30:00+00:00,558.75927734375
2025-01-03 14:30:00+00:00,565.474853515625
2025-01-06 14:30:00+00:00,566.3696899414062
2025-01-07 14:30:00+00:00,562.64306640625
2025-01-08 14:30:00+00:00,564.1180419921875
2025-01-10 14:30:00+00:00,556.1339721679688
2025-01-13 14:30:00+00:00,560.6471557617188
2025-01-14 14:30:00+00:00,567.0283203125
2025-01-15 14:30:00+00:00,574.4518432617188
2025-01-16 14:30:00+00:00,578.73876953125
2025-01-17 14:30:00+00:00,581.206787109375
2025-01-21 14:30:00+00:00,591.108154296875
2025-01-22 14:30:00+00:00,588.531982421875
2025-01-23 14:30:00+00:00,588.5025024414062
2025-01-24 14:30:00+00:00,587.47998046875
2025-01-27 14:30:00+00:00,581.3935546875
2025-01-28 14:30:00+00:00,582.1113891601562
2025-01-29 14:30:00+00:00,579.8007202148438
2025-01-30 14:30:00+00:00,586.4180297851562
2025-01-31 14:30:00+00:00,580.7839965820312
2025-02-03 14:30:00+00:00,574.2945556640625
2025-02-04 14:30:00+00:00,577.6473999023438
2025-02-05 14:30:00+00:00,583.1044921875
2025-02-06 14:30:00+00:00,582.8291625976562
2025-02-07 14:30:00+00:00,575.5629272460938
2025-02-10 14:30:00+00:00,576.1528930664062
2025-02-11 14:30:00+00:00,573.3506469726562
2025-02-12 14:30:00+00:00,569.4078369140625
2025-02-13 14:30:00+00:00,574.5305786132812
2025-02-14 14:30:00+00:00,574.2061157226562
2025-02-18 14:30:00+00:00,579.3681030273438
2025-02-19 14:30:00+00:00,576.2021484375
2025-02-20 14:30:00+00:00,570.5680541992188
2025-02-21 14:30:00+00:00,557.0092163085938
2025-02-24 14:30:00+00:00,556.2815551757812
2025-02-25 14:30:00+00:00,556.0750122070312
2025-02-26 14:30:00+00:00,557.343505859375
2025-02-27 14:30:00+00:00,550.2836303710938
2025-02-28 14:30:00+00:00,556.32080078125
2025-03-03 14:30:00+00:00,543.6467895507812
2025-03-04 14:30:00+00:00,535.239990234375
2025-03-05 14:30:00+00:00,541.8474731445312
2025-03-06 14:30:00+00:00,533.263671875
2025-03-07 14:30:00+00:00,537.0491943359375
2025-03-10 13:30:00+00:00,525.673095703125
2025-03-11 13:30:00+00:00,522.7233276367188
2025-03-12 13:30:00+00:00,522.4284057617188
2025-03-13 13:30:00+00:00,514.1986083984375
2025-03-14 13:30:00+00:00,526.764404296875
2025-03-17 13:30:00+00:00,534.6204833984375
2025-03-18 13:30:00+00:00,530.1959228515625
2025-03-19 13:30:00+00:00,536.8230590820312
2025-03-20 13:30:00+00:00,533.0375366210938
2025-03-21 13:30:00+00:00,530.1575927734375
2025-03-24 13:30:00+00:00,543.1480712890625
2025-03-25 13:30:00+00:00,541.5612182617188
2025-03-26 13:30:00+00:00,538.170654296875
2025-03-27 13:30:00+00:00,534.267578125
2025-03-28 13:30:00+00:00,524.5789794921875
2025-03-31 13:30:00+00:00,525.8109130859375
2025-04-01 13:30:00+00:00,528.659423828125
2025-04-02 13:30:00+00:00,537.0274047851562
2025-04-03 13:30:00+00:00,501.1900634765625
2025-04-04 13:30:00+00:00,476.7860107421875
2025-04-07 13:30:00+00:00,471.7100524902344
2025-04-08 13:30:00+00:00,461.4891357421875
2025-04-09 13:30:00+00:00,504.65948486328125
2025-04-10 13:30:00+00:00,483.56707763671875
2025-04-11 13:30:00+00:00,490.318603515625
2025-04-14 13:30:00+00:00,496.5181884765625
2025-04-15 13:30:00+00:00,495.7494201660156
2025-04-16 13:30:00+00:00,490.2200927734375
2025-04-17 13:30:00+00:00,494.566650390625
2025-04-21 13:30:00+00:00,483.2418212890625
2025-04-22 13:30:00+00:00,495.3847351074219
2025-04-23 13:30:00+00:00,501.71246337890625
2025-04-24 13:30:00+00:00,512.4163818359375
2025-04-25 13:30:00+00:00,510.07049560546875
2025-04-28 13:30:00+00:00,511.9432373046875
2025-04-29 13:30:00+00:00,514.3778076171875
2025-04-30 13:30:00+00:00,513.3132934570312
2025-05-01 13:30:00+00:00,516.132080078125
2025-05-02 13:30:00+00:00,528.2750854492188
2025-05-05 13:30:00+00:00,527.2697143554688
2025-05-06 13:30:00+00:00,523.435546875
2025-05-07 13:30:00+00:00,524.9830932617188
2025-05-08 13:30:00+00:00,531.4882202148438
2025-05-09 13:30:00+00:00,530.8475341796875
2025-05-12 13:30:00+00:00,549.5349731445312
2025-05-13 13:30:00+00:00,551.2499389648438
2025-05-14 13:30:00+00:00,549.4954833984375
2025-05-15 13:30:00+00:00,550.806396484375
2025-05-16 13:30:00+00:00,556.8088989257812
2025-05-19 13:30:00+00:00,554.6700439453125
2025-05-20 13:30:00+00:00,553.1424560546875
2025-05-21 13:30:00+00:00,538.3480834960938
2025-05-22 13:30:00+00:00,537.71728515625
2025-05-23 13:30:00+00:00,536.8302001953125
2025-05-27 13:30:00+00:00,548.6972045898438
2025-05-28 13:30:00+00:00,541.5218505859375
2025-05-29 13:30:00+00:00,543.0494995117188
2025-05-30 13:30:00+00:00,540.8318481445312
2025-06-02 13:30:00+00:00,540.3587036132812
2025-06-03 13:30:00+00:00,547.0314331054688
2025-06-04 13:30:00+00:00,545.7896118164062
2025-06-05 13:30:00+00:00,544.9517822265625
2025-06-06 13:30:00+00:00,550.3333129882812
2025-06-09 13:30:00+00:00,551.8018798828125
2025-06-10 13:30:00+00:00,553.5562744140625
2025-06-11 13:30:00+00:00,550.66845703125
2025-06-12 13:30:00+00:00,551.1513671875
2025-06-13 13:30:00+00:00,542.6552734375
2025-06-16 13:30:00+00:00,548.8253173828125
2025-06-17 13:30:00+00:00,544.0746459960938
2025-06-18 13:30:00+00:00,546.1542358398438
2025-06-20 13:30:00+00:00,545.9495239257812
2025-06-23 13:30:00+00:00,550.8740234375
2025-06-24 13:30:00+00:00,555.94677734375
2025-06-25 13:30:00+00:00,551.447509765625
2025-06-26 13:30:00+00:00,558.93310546875
2025-06-27 13:30:00+00:00,560.1888427734375
2025-06-30 13:30:00+00:00,560.1591186523438
2025-07-01 13:30:00+00:00,567.2591552734375
2025-07-02 13:30:00+00:00,572.8757934570312
2025-07-03 13:30:00+00:00,575.9312744140625
2025-07-07 13:30:00+00:00,570.3839111328125
2025-07-08 13:30:00+00:00,572.7867431640625
2025-07-09 13:30:00+00:00,575.1697387695312
2025-07-10 13:30:00+00:00,577.8792724609375
2025-07-11 13:30:00+00:00,572.7669067382812
2025-07-14 13:30:00+00:00,574.705078125
2025-07-15 13:30:00+00:00,564.6585693359375
2025-07-16 13:30:00+00:00,567.318359375
2025-07-17 13:30:00+00:00,573.48876953125
2025-07-18 13:30:00+00:00,572.954833984375
2025-07-21 13:30:00+00:00,569.3851318359375
2025-07-22 13:30:00+00:00,576.7520141601562
2025-07-23 13:30:00+00:00,581.4688110351562
2025-07-24 13:30:00+00:00,575.9906005859375
2025-07-25 13:30:00+00:00,581.211669921875
2025-07-28 13:30:00+00:00,579.9261474609375
2025-07-29 13:30:00+00:00,579.14501953125
2025-07-30 13:30:00+00:00,575.6641845703125
2025-07-31 13:30:00+00:00,569.197265625
2025-08-01 13:30:00+00:00,560.762451171875
2025-08-04 13:30:00+00:00,567.9810180664062
2025-08-05 13:30:00+00:00,567.6941528320312
2025-08-06 13:30:00+00:00,566.0626831054688
2025-08-07 13:30:00+00:00,564.8364868164062
2025-08-08 13:30:00+00:00,564.7474975585938
2025-08-11 13:30:00+00:00,562.55224609375
2025-08-12 13:30:00+00:00,575.4566650390625
2025-08-13 13:30:00+00:00,584.3363647460938
2025-08-14 13:30:00+00:00,576.534423828125
2025-08-15 13:30:00+00:00,573.577880859375
2025-08-18 13:30:00+00:00,575.1500854492188
2025-08-19 13:30:00+00:00,576.1983032226562
2025-08-20 13:30:00+00:00,573.7557983398438
2025-08-21 13:30:00+00:00,573.0635986328125
2025-08-22 13:30:00+00:00,588.914794921875
2025-08-25 13:30:00+00:00,584.09912109375
2025-08-26 13:30:00+00:00,586.8382568359375
2025-08-27 13:30:00+00:00,590.605712890625
2025-08-28 13:30:00+00:00,591.3671264648438
2025-08-29 13:30:00+00:00,588.5191040039062
2025-09-02 13:30:00+00:00,585.8987426757812
2025-09-03 13:30:00+00:00,584.9099731445312
2025-09-04 13:30:00+00:00,593.3744506835938
2025-09-05 13:30:00+00:00,596.1630249023438
2025-09-08 13:30:00+00:00,596.311279296875
2025-09-09 13:30:00+00:00,590.8726196289062
2025-09-10 13:30:00+00:00,590.6253662109375
2025-09-11 13:30:00+00:00,600.5929565429688
2025-09-12 13:30:00+00:00,593.9182739257812
2025-09-15 13:30:00+00:00,593.7601318359375
2025-09-16 13:30:00+00:00,592.1284790039062
2025-09-17 13:30:00+00:00,591.6143188476562
2025-09-18 13:30:00+00:00,598.8624877929688
2025-09-19 13:30:00+00:00,594.3204345703125
2025-09-22 13:30:00+00:00,593.8345947265625
2025-09-23 13:30:00+00:00,593.5272827148438
2025-09-24 13:30:00+00:00,588.976318359375
2025-09-25 13:30:00+00:00,585.6845703125
2025-09-26 13:30:00+00:00,591.603759765625
2025-09-29 13:30:00+00:00,590.2752075195312
2025-09-30 13:30:00+00:00,590.9593505859375
2025-10-01 13:30:00+00:00,592.8827514648438
2025-10-02 13:30:00+00:00,593.6561279296875
2025-10-03 13:30:00+00:00,595.5697631835938
2025-10-06 13:30:00+00:00,596.4521484375
2025-10-07 13:30:00+00:00,590.0074462890625
2025-10-08 13:30:00+00:00,595.8572387695312
2025-10-09 13:30:00+00:00,589.3729248046875
2025-10-10 13:30:00+00:00,572.8546752929688
2025-10-13 13:30:00+00:00,583.9097900390625
2025-10-14 13:30:00+00:00,589.3233642578125
2025-10-15 13:30:00+00:00,589.8587036132812
2025-10-16 13:30:00+00:00,582.6109008789062
2025-10-17 13:30:00+00:00,583.850341796875
2025-10-20 13:30:00+00:00,590.8799438476562
2025-10-21 13:30:00+00:00,592.9620971679688
2025-10-22 13:30:00+00:00,586.2299194335938
2025-10-23 13:30:00+00:00,594.1915283203125
2025-10-24 13:30:00+00:00,597.344482421875
2025-10-27 13:30:00+00:00,599.6348876953125
2025-10-28 13:30:00+00:00,594.3699951171875
2025-10-29 13:30:00+00:00,590.5924072265625
2025-10-30 13:30:00+00:00,584.3757934570312
2025-10-31 13:30:00+00:00,587.9352416992188
2025-11-03 14:30:00+00:00,587.6575927734375
2025-11-04 14:30:00+00:00,582.5911254882812
2025-11-05 14:30:00+00:00,586.3984375
2025-11-06 14:30:00+00:00,581.0245361328125
2025-11-07 14:30:00+00:00,587.7369384765625
2025-11-10 14:30:00+00:00,591.48486328125
2025-11-11 14:30:00+00:00,591.4649658203125
2025-11-12 14:30:00+00:00,593.5371704101562
2025-11-13 14:30:00+00:00,582.3828735351562
2025-11-14 14:30:00+00:00,581.1732177734375
2025-11-17 14:30:00+00:00,570.4057006835938
2025-11-18 14:30:00+00:00,572.2796020507812
2025-11-19 14:30:00+00:00,572.9736328125
2025-11-20 14:30:00+00:00,563.7924194335938
2025-11-21 14:30:00+00:00,577.3659057617188
2025-11-24 14:30:00+00:00,582.8092041015625
2025-11-25 14:30:00+00:00,593.7850341796875
2025-11-26 14:30:00+00:00,597.374267578125
2025-11-28 14:30:00+00:00,600.3289184570312
2025-12-01 14:30:00+00:00,597.0767822265625
2025-12-02 14:30:00+00:00,594.9153442382812
2025-12-03 14:30:00+00:00,599.0498657226562
2025-12-04 14:30:00+00:00,601.9847412109375
2025-12-05 14:30:00+00:00,602.2127685546875
2025-12-08 14:30:00+00:00,599.1986083984375
2025-12-09 14:30:00+00:00,598.7623901367188
2025-12-10 14:30:00+00:00,610.134765625
2025-12-11 14:30:00+00:00,615.954833984375
2025-12-12 14:30:00+00:00,607.8939819335938
2025-12-15 14:30:00+00:00,606.7339477539062
2025-12-16 14:30:00+00:00,602.9761962890625
2025-12-17 14:30:00+00:00,600.2496337890625
2025-12-18 14:30:00+00:00,602.8969116210938
2025-12-19 14:30:00+00:00,608.5528564453125
2025-12-22 14:30:00+00:00,613.050537109375
2025-12-23 14:30:00+00:00,611.2593994140625
2025-12-24 14:30:00+00:00,612.1549682617188
2025-12-26 14:30:00+00:00,612.2943115234375
2025-12-29 14:30:00+00:00,608.5328979492188
2025-12-30 14:30:00+00:00,606.4432983398438
2025-12-31 14:30:00+00:00,600.3037719726562
2026-01-02 14:30:00+00:00,608.2941284179688
2026-01-05 14:30:00+00:00,616.304443359375
2026-01-06 14:30:00+00:00,625.1704711914062
2026-01-07 14:30:00+00:00,620.65283203125
2026-01-08 14:30:00+00:00,622.951416015625
2026-01-09 14:30:00+00:00,628.26513671875
2026-01-12 14:30:00+00:00,629.2005004882812
2026-01-13 14:30:00+00:00,630.5537109375
2026-01-14 14:30:00+00:00,631.1806640625
2026-01-15 14:30:00+00:00,638.6138305664062
2026-01-16 14:30:00+00:00,636.6932983398438
2026-01-20 14:30:00+00:00,628.0560913085938
2026-01-21 14:30:00+00:00,639.280517578125
2026-01-22 14:30:00+00:00,639.439697265625
2026-01-23 14:30:00+00:00,633.0115966796875
2026-01-26 14:30:00+00:00,632.6931762695312
2026-01-27 14:30:00+00:00,632.6334838867188
2026-01-28 14:30:00+00:00,631.1906127929688
2026-01-29 14:30:00+00:00,630.0264282226562
2026-01-30 14:30:00+00:00,624.4739379882812
2026-02-02 14:30:00+00:00,629.5686645507812
2026-02-03 14:30:00+00:00,630.7527465820312
2026-02-04 14:30:00+00:00,635.1708984375
2026-02-05 14:30:00+00:00,631.8075561523438
2026-02-06 14:30:00+00:00,652.0870361328125
2026-02-09 14:30:00+00:00,652.4352416992188
2026-02-10 14:30:00+00:00,652.1268310546875
2026-02-11 14:30:00+00:00,650.4849853515625
2026-02-12 14:30:00+00:00,641.3203735351562
2026-02-13 14:30:00+00:00,647.449951171875
2026-02-17 14:30:00+00:00,648.5445556640625
2026-02-18 14:30:00+00:00,651.4004516601562
2026-02-19 14:30:00+00:00,651.2710571289062
2026-02-20 14:30:00+00:00,655.3607788085938
2026-02-23 14:30:00+00:00,643.927490234375
2026-02-24 14:30:00+00:00,649.9973754882812
2026-02-25 14:30:00+00:00,652.4053955078125
2026-02-26 14:30:00+00:00,654.8931274414062
2026-02-27 14:30:00+00:00,649.599365234375
2026-03-02 14:30:00+00:00,655.1119995117188
2026-03-03 14:30:00+00:00,643.8179931640625
2026-03-04 14:30:00+00:00,643.7483520507812
2026-03-05 14:30:00+00:00,634.8325805664062
2026-03-06 14:30:00+00:00,620.0060424804688
2026-03-09 13:30:00+00:00,626.1356811523438
2026-03-10 13:30:00+00:00,623.3494873046875
2026-03-11 13:30:00+00:00,621.4489135742188
2026-03-12 13:30:00+00:00,608.7518920898438
2026-03-13 13:30:00+00:00,607.99560546875
2026-03-16 13:30:00+00:00,612.364013671875
2026-03-17 13:30:00+00:00,617.9363403320312
2026-03-18 13:30:00+00:00,612.1947631835938
2026-03-19 13:30:00+00:00,613.7172241210938
2026-03-20 13:30:00+00:00,599.9774169921875
2026-03-23 13:30:00+00:00,611.149658203125
2026-03-24 13:30:00+00:00,616.2568969726562
2026-03-25 13:30:00+00:00,621.4540405273438
2026-03-26 13:30:00+00:00,612.2469482421875
2026-03-27 13:30:00+00:00,602.3016357421875
2026-03-30 13:30:00+00:00,597.5435180664062
2026-03-31 13:30:00+00:00,615.2294921875
2026-04-01 13:30:00+00:00,620.2470092773438
2026-04-02 13:30:00+00:00,620.8555297851562
2026-04-06 13:30:00+00:00,623.6485595703125
2026-04-07 13:30:00+00:00,624.3368530273438
2026-04-08 13:30:00+00:00,642.0827026367188
2026-04-09 13:30:00+00:00,643.5590209960938
2026-04-10 13:30:00+00:00,641.5040893554688
2026-04-13 13:30:00+00:00,648.476806640625
2026-04-14 13:30:00+00:00,651.7686157226562
2026-04-15 13:30:00+00:00,649.7835693359375
2026-04-16 13:30:00+00:00,651.09033203125
2026-04-17 13:30:00+00:00,663.7786865234375
2026-04-20 13:30:00+00:00,667.91845703125
2026-04-21 13:30:00+00:00,663.96826171875
2026-04-22 13:30:00+00:00,661.444580078125
2026-04-23 13:30:00+00:00,661.36474609375
2026-04-24 13:30:00+00:00,662.821044921875
2026-04-27 13:30:00+00:00,663.1502685546875
2026-04-28 13:30:00+00:00,656.5068359375
2026-04-29 13:30:00+00:00,651.6987915039062
2026-04-30 13:30:00+00:00,662.5218505859375
2026-05-01 13:30:00+00:00,662.7013549804688
2026-05-04 13:30:00+00:00,658.681396484375
2026-05-05 13:30:00+00:00,667.1702880859375
2026-05-06 13:30:00+00:00,679.2103271484375
2026-05-07 13:30:00+00:00,670.7014770507812
2026-05-08 13:30:00+00:00,673.5643920898438
2026-05-11 13:30:00+00:00,671.9583740234375
2026-05-12 13:30:00+00:00,667.3897094726562
2026-05-13 13:30:00+00:00,665.7637939453125
2026-05-14 13:30:00+00:00,668.5269165039062
2026-05-15 13:30:00+00:00,657.6539306640625
2026-05-18 13:30:00+00:00,656.7462158203125
2026-05-19 13:30:00+00:00,650.5017700195312
2026-05-20 13:30:00+00:00,662.7811889648438
2026-05-21 13:30:00+00:00,663.5991821289062
2026-05-22 13:30:00+00:00,668.9857788085938
2026-05-26 13:30:00+00:00,679.3799438476562
2026-05-27 13:30:00+00:00,676.8761596679688
2026-05-28 13:30:00+00:00,677.564453125
2026-05-29 13:30:00+00:00,678.9210205078125
2026-06-01 13:30:00+00:00,678.33251953125
2026-06-02 13:30:00+00:00,684.4473266601562
2026-06-03 13:30:00+00:00,683.7988891601562
2026-06-04 13:30:00+00:00,686.2727661132812
2026-06-05 13:30:00+00:00,672.916015625
2026-06-08 13:30:00+00:00,674.5718994140625
2026-06-09 13:30:00+00:00,679.9884033203125
2026-06-10 13:30:00+00:00,670.1728515625
2026-06-11 13:30:00+00:00,687.1405639648438
2026-06-12 13:30:00+00:00,692.0184326171875
2026-06-15 13:30:00+00:00,694.6818237304688
2026-06-16 13:30:00+00:00,692.5970458984375
2026-06-17 13:30:00+00:00,684.16796875
2026-06-18 13:30:00+00:00,691.0
2026-06-22 13:30:00+00:00,693.8300170898438
2026-06-23 13:30:00+00:00,686.8200073242188
2026-06-24 13:30:00+00:00,691.0499877929688
2026-06-25 13:30:00+00:00,697.3800048828125
2026-06-26 13:30:00+00:00,695.2899780273438
2026-06-29 13:30:00+00:00,697.9199829101562
2026-06-30 13:30:00+00:00,703.3400268554688
2026-07-01 13:30:00+00:00,697.0700073242188
2026-07-02 13:30:00+00:00,693.7000122070312
2026-07-06 13:30:00+00:00,696.6599731445312
2026-07-07 13:30:00+00:00,688.1199951171875
2026-07-08 13:30:00+00:00,681.469970703125
2026-07-09 13:30:00+00:00,690.219970703125
2026-07-10 13:30:00+00:00,689.8200073242188
2026-07-13 13:30:00+00:00,685.97998046875
2026-07-14 13:30:00+00:00,689.1900024414062
2026-07-15 13:30:00+00:00,689.489990234375
2026-07-16 13:30:00+00:00,692.989990234375
2026-07-17 13:30:00+00:00,688.75
2026-07-20 13:30:00+00:00,683.3400268554688
2026-07-21 13:30:00+00:00,690.4299926757812
2026-07-22 13:30:00+00:00,690.1300048828125
2026-07-23 13:30:00+00:00,687.9299926757812
2026-07-24 13:30:00+00:00,690.7100219726562
2026-07-27 13:30:00+00:00,692.8499755859375
2026-07-28 13:30:00+00:00,692.969970703125
2026-07-29 13:30:00+00:00,681.1599731445312
2026-07-30 13:30:00+00:00,687.1900024414062
2026-07-31 13:30:00+00:00,686.3200073242188
2026-08-03 13:30:00+00:00,694.0900268554688
2026-08-04 13:30:00+00:00,706.47998046875
2026-08-05 13:30:00+00:00,701.97998046875
2026-08-06 13:30:00+00:00,699.5700073242188
2026-08-07 13:30:00+00:00,709.1599731445312
2026-08-10 13:30:00+00:00,706.97998046875
2026-08-11 13:30:00+00:00,709.0499877929688
2026-08-12 13:30:00+00:00,711.719970703125
2026-08-13 13:30:00+00:00,714.5999755859375
2026-08-14 13:30:00+00:00,716.9099731445312
2026-08-17 13:30:00+00:00,715.3499755859375
2026-08-18 13:30:00+00:00,704.1799926757812
2026-08-19 13:30:00+00:00,702.510009765625
2026-08-20 13:30:00+00:00,696.27001953125
2026-08-21 13:30:00+00:00,699.5999755859375
2026-08-24 13:30:00+00:00,694.4500122070312
2026-08-25 13:30:00+00:00,694.0
2026-08-26 13:30:00+00:00,698.4000244140625
2026-08-27 13:30:00+00:00,698.6099853515625
2026-08-28 13:30:00+00:00,690.5499877929688
2026-08-31 13:30:00+00:00,687.1300048828125
2026-09-01 13:30:00+00:00,679.9500122070312
2026-09-02 13:30:00+00:00,684.9299926757812
2026-09-03 13:30:00+00:00,690.6400146484375
2026-09-04 13:30:00+00:00,691.52001953125
2026-09-08 13:30:00+00:00,686.9600219726562
2026-09-09 13:30:00+00:00,679.6500244140625
2026-09-10 13:30:00+00:00,673.25
2026-09-11 13:30:00+00:00,678.6799926757812
2026-09-14 13:30:00+00:00,672.6199951171875
